year,total_pr,scenario,model
1950,31.87,ssp126,ACCESS-CM2
1951,31.01,ssp126,ACCESS-CM2
1952,33.86,ssp126,ACCESS-CM2
1953,29.9,ssp126,ACCESS-CM2
1954,30.36,ssp126,ACCESS-CM2
1955,31.92,ssp126,ACCESS-CM2
1956,27.28,ssp126,ACCESS-CM2
1957,30.86,ssp126,ACCESS-CM2
1958,31.59,ssp126,ACCESS-CM2
1959,28.74,ssp126,ACCESS-CM2
1960,30.03,ssp126,ACCESS-CM2
1961,28.37,ssp126,ACCESS-CM2
1962,29.69,ssp126,ACCESS-CM2
1963,30.45,ssp126,ACCESS-CM2
1964,31.57,ssp126,ACCESS-CM2
1965,29.64,ssp126,ACCESS-CM2
1966,31.97,ssp126,ACCESS-CM2
1967,28.53,ssp126,ACCESS-CM2
1968,31.13,ssp126,ACCESS-CM2
1969,25.53,ssp126,ACCESS-CM2
1970,28.78,ssp126,ACCESS-CM2
1971,28.5,ssp126,ACCESS-CM2
1972,33.08,ssp126,ACCESS-CM2
1973,31.15,ssp126,ACCESS-CM2
1974,31.69,ssp126,ACCESS-CM2
1975,34.28,ssp126,ACCESS-CM2
1976,35.55,ssp126,ACCESS-CM2
1977,27.92,ssp126,ACCESS-CM2
1978,28.29,ssp126,ACCESS-CM2
1979,28.69,ssp126,ACCESS-CM2
1980,29.04,ssp126,ACCESS-CM2
1981,27.02,ssp126,ACCESS-CM2
1982,31.15,ssp126,ACCESS-CM2
1983,30.09,ssp126,ACCESS-CM2
1984,29.27,ssp126,ACCESS-CM2
1985,33.58,ssp126,ACCESS-CM2
1986,30.45,ssp126,ACCESS-CM2
1987,31.94,ssp126,ACCESS-CM2
1988,31.45,ssp126,ACCESS-CM2
1989,29.37,ssp126,ACCESS-CM2
1990,30.9,ssp126,ACCESS-CM2
1991,32.12,ssp126,ACCESS-CM2
1992,30.12,ssp126,ACCESS-CM2
1993,31.28,ssp126,ACCESS-CM2
1994,29.55,ssp126,ACCESS-CM2
1995,29.37,ssp126,ACCESS-CM2
1996,29.64,ssp126,ACCESS-CM2
1997,27.79,ssp126,ACCESS-CM2
1998,29.61,ssp126,ACCESS-CM2
1999,31.08,ssp126,ACCESS-CM2
2000,27.82,ssp126,ACCESS-CM2
2001,26.74,ssp126,ACCESS-CM2
2002,30.06,ssp126,ACCESS-CM2
2003,33.94,ssp126,ACCESS-CM2
2004,32.0,ssp126,ACCESS-CM2
2005,33.62,ssp126,ACCESS-CM2
2006,30.69,ssp126,ACCESS-CM2
2007,30.04,ssp126,ACCESS-CM2
2008,28.33,ssp126,ACCESS-CM2
2009,28.15,ssp126,ACCESS-CM2
2010,32.81,ssp126,ACCESS-CM2
2011,33.58,ssp126,ACCESS-CM2
2012,30.82,ssp126,ACCESS-CM2
2013,24.95,ssp126,ACCESS-CM2
2014,30.12,ssp126,ACCESS-CM2
2015,34.26,ssp126,ACCESS-CM2
2016,30.68,ssp126,ACCESS-CM2
2017,30.79,ssp126,ACCESS-CM2
2018,31.39,ssp126,ACCESS-CM2
2019,29.78,ssp126,ACCESS-CM2
2020,30.72,ssp126,ACCESS-CM2
2021,33.04,ssp126,ACCESS-CM2
2022,33.08,ssp126,ACCESS-CM2
2023,35.64,ssp126,ACCESS-CM2
2024,33.81,ssp126,ACCESS-CM2
2025,33.22,ssp126,ACCESS-CM2
2026,27.55,ssp126,ACCESS-CM2
2027,29.4,ssp126,ACCESS-CM2
2028,30.15,ssp126,ACCESS-CM2
2029,30.76,ssp126,ACCESS-CM2
2030,32.44,ssp126,ACCESS-CM2
2031,35.7,ssp126,ACCESS-CM2
2032,33.17,ssp126,ACCESS-CM2
2033,33.45,ssp126,ACCESS-CM2
2034,31.21,ssp126,ACCESS-CM2
2035,34.9,ssp126,ACCESS-CM2
2036,36.05,ssp126,ACCESS-CM2
2037,39.42,ssp126,ACCESS-CM2
2038,33.29,ssp126,ACCESS-CM2
2039,34.4,ssp126,ACCESS-CM2
2040,36.46,ssp126,ACCESS-CM2
2041,32.69,ssp126,ACCESS-CM2
2042,30.55,ssp126,ACCESS-CM2
2043,34.17,ssp126,ACCESS-CM2
2044,28.01,ssp126,ACCESS-CM2
2045,32.03,ssp126,ACCESS-CM2
2046,29.62,ssp126,ACCESS-CM2
2047,34.2,ssp126,ACCESS-CM2
2048,33.74,ssp126,ACCESS-CM2
2049,29.77,ssp126,ACCESS-CM2
2050,34.07,ssp126,ACCESS-CM2
2051,33.99,ssp126,ACCESS-CM2
2052,37.65,ssp126,ACCESS-CM2
2053,30.58,ssp126,ACCESS-CM2
2054,28.49,ssp126,ACCESS-CM2
2055,37.09,ssp126,ACCESS-CM2
2056,30.33,ssp126,ACCESS-CM2
2057,35.71,ssp126,ACCESS-CM2
2058,35.42,ssp126,ACCESS-CM2
2059,29.57,ssp126,ACCESS-CM2
2060,32.61,ssp126,ACCESS-CM2
2061,31.8,ssp126,ACCESS-CM2
2062,34.4,ssp126,ACCESS-CM2
2063,30.14,ssp126,ACCESS-CM2
2064,32.23,ssp126,ACCESS-CM2
2065,36.0,ssp126,ACCESS-CM2
2066,32.28,ssp126,ACCESS-CM2
2067,37.56,ssp126,ACCESS-CM2
2068,32.98,ssp126,ACCESS-CM2
2069,31.13,ssp126,ACCESS-CM2
2070,35.86,ssp126,ACCESS-CM2
2071,31.38,ssp126,ACCESS-CM2
2072,30.72,ssp126,ACCESS-CM2
2073,29.26,ssp126,ACCESS-CM2
2074,35.96,ssp126,ACCESS-CM2
2075,32.56,ssp126,ACCESS-CM2
2076,35.21,ssp126,ACCESS-CM2
2077,30.38,ssp126,ACCESS-CM2
2078,33.28,ssp126,ACCESS-CM2
2079,33.43,ssp126,ACCESS-CM2
2080,31.5,ssp126,ACCESS-CM2
2081,32.1,ssp126,ACCESS-CM2
2082,36.42,ssp126,ACCESS-CM2
2083,30.2,ssp126,ACCESS-CM2
2084,31.1,ssp126,ACCESS-CM2
2085,33.14,ssp126,ACCESS-CM2
2086,36.21,ssp126,ACCESS-CM2
2087,35.05,ssp126,ACCESS-CM2
2088,34.21,ssp126,ACCESS-CM2
2089,35.42,ssp126,ACCESS-CM2
2090,36.85,ssp126,ACCESS-CM2
2091,31.32,ssp126,ACCESS-CM2
2092,33.98,ssp126,ACCESS-CM2
2093,32.91,ssp126,ACCESS-CM2
2094,31.66,ssp126,ACCESS-CM2
2095,34.76,ssp126,ACCESS-CM2
2096,31.54,ssp126,ACCESS-CM2
2097,32.1,ssp126,ACCESS-CM2
2098,34.38,ssp126,ACCESS-CM2
2099,35.6,ssp126,ACCESS-CM2
2100,33.01,ssp126,ACCESS-CM2
1950,31.31,ssp126,ACCESS-ESM1-5
1951,31.64,ssp126,ACCESS-ESM1-5
1952,33.29,ssp126,ACCESS-ESM1-5
1953,28.37,ssp126,ACCESS-ESM1-5
1954,29.24,ssp126,ACCESS-ESM1-5
1955,29.77,ssp126,ACCESS-ESM1-5
1956,26.84,ssp126,ACCESS-ESM1-5
1957,33.23,ssp126,ACCESS-ESM1-5
1958,30.84,ssp126,ACCESS-ESM1-5
1959,34.68,ssp126,ACCESS-ESM1-5
1960,27.68,ssp126,ACCESS-ESM1-5
1961,31.11,ssp126,ACCESS-ESM1-5
1962,33.79,ssp126,ACCESS-ESM1-5
1963,34.52,ssp126,ACCESS-ESM1-5
1964,28.56,ssp126,ACCESS-ESM1-5
1965,32.58,ssp126,ACCESS-ESM1-5
1966,32.12,ssp126,ACCESS-ESM1-5
1967,24.23,ssp126,ACCESS-ESM1-5
1968,30.62,ssp126,ACCESS-ESM1-5
1969,34.92,ssp126,ACCESS-ESM1-5
1970,34.01,ssp126,ACCESS-ESM1-5
1971,25.57,ssp126,ACCESS-ESM1-5
1972,26.67,ssp126,ACCESS-ESM1-5
1973,35.14,ssp126,ACCESS-ESM1-5
1974,32.79,ssp126,ACCESS-ESM1-5
1975,27.38,ssp126,ACCESS-ESM1-5
1976,29.07,ssp126,ACCESS-ESM1-5
1977,33.26,ssp126,ACCESS-ESM1-5
1978,26.76,ssp126,ACCESS-ESM1-5
1979,26.64,ssp126,ACCESS-ESM1-5
1980,32.35,ssp126,ACCESS-ESM1-5
1981,29.92,ssp126,ACCESS-ESM1-5
1982,28.28,ssp126,ACCESS-ESM1-5
1983,25.9,ssp126,ACCESS-ESM1-5
1984,27.91,ssp126,ACCESS-ESM1-5
1985,26.08,ssp126,ACCESS-ESM1-5
1986,32.58,ssp126,ACCESS-ESM1-5
1987,34.39,ssp126,ACCESS-ESM1-5
1988,30.56,ssp126,ACCESS-ESM1-5
1989,28.68,ssp126,ACCESS-ESM1-5
1990,28.48,ssp126,ACCESS-ESM1-5
1991,26.6,ssp126,ACCESS-ESM1-5
1992,28.86,ssp126,ACCESS-ESM1-5
1993,30.46,ssp126,ACCESS-ESM1-5
1994,26.12,ssp126,ACCESS-ESM1-5
1995,29.87,ssp126,ACCESS-ESM1-5
1996,36.83,ssp126,ACCESS-ESM1-5
1997,31.3,ssp126,ACCESS-ESM1-5
1998,30.67,ssp126,ACCESS-ESM1-5
1999,31.09,ssp126,ACCESS-ESM1-5
2000,30.21,ssp126,ACCESS-ESM1-5
2001,31.06,ssp126,ACCESS-ESM1-5
2002,36.68,ssp126,ACCESS-ESM1-5
2003,30.14,ssp126,ACCESS-ESM1-5
2004,29.0,ssp126,ACCESS-ESM1-5
2005,30.07,ssp126,ACCESS-ESM1-5
2006,26.56,ssp126,ACCESS-ESM1-5
2007,31.25,ssp126,ACCESS-ESM1-5
2008,31.78,ssp126,ACCESS-ESM1-5
2009,27.45,ssp126,ACCESS-ESM1-5
2010,31.26,ssp126,ACCESS-ESM1-5
2011,33.42,ssp126,ACCESS-ESM1-5
2012,33.3,ssp126,ACCESS-ESM1-5
2013,35.21,ssp126,ACCESS-ESM1-5
2014,29.34,ssp126,ACCESS-ESM1-5
2015,28.97,ssp126,ACCESS-ESM1-5
2016,29.1,ssp126,ACCESS-ESM1-5
2017,29.27,ssp126,ACCESS-ESM1-5
2018,32.4,ssp126,ACCESS-ESM1-5
2019,29.7,ssp126,ACCESS-ESM1-5
2020,35.84,ssp126,ACCESS-ESM1-5
2021,33.09,ssp126,ACCESS-ESM1-5
2022,28.92,ssp126,ACCESS-ESM1-5
2023,31.32,ssp126,ACCESS-ESM1-5
2024,31.23,ssp126,ACCESS-ESM1-5
2025,35.93,ssp126,ACCESS-ESM1-5
2026,30.01,ssp126,ACCESS-ESM1-5
2027,33.47,ssp126,ACCESS-ESM1-5
2028,33.26,ssp126,ACCESS-ESM1-5
2029,30.98,ssp126,ACCESS-ESM1-5
2030,35.01,ssp126,ACCESS-ESM1-5
2031,29.59,ssp126,ACCESS-ESM1-5
2032,31.86,ssp126,ACCESS-ESM1-5
2033,33.88,ssp126,ACCESS-ESM1-5
2034,32.31,ssp126,ACCESS-ESM1-5
2035,29.58,ssp126,ACCESS-ESM1-5
2036,36.48,ssp126,ACCESS-ESM1-5
2037,33.99,ssp126,ACCESS-ESM1-5
2038,38.02,ssp126,ACCESS-ESM1-5
2039,34.07,ssp126,ACCESS-ESM1-5
2040,33.72,ssp126,ACCESS-ESM1-5
2041,30.62,ssp126,ACCESS-ESM1-5
2042,33.12,ssp126,ACCESS-ESM1-5
2043,38.19,ssp126,ACCESS-ESM1-5
2044,34.16,ssp126,ACCESS-ESM1-5
2045,30.45,ssp126,ACCESS-ESM1-5
2046,32.21,ssp126,ACCESS-ESM1-5
2047,28.42,ssp126,ACCESS-ESM1-5
2048,33.39,ssp126,ACCESS-ESM1-5
2049,33.57,ssp126,ACCESS-ESM1-5
2050,36.72,ssp126,ACCESS-ESM1-5
2051,30.76,ssp126,ACCESS-ESM1-5
2052,31.02,ssp126,ACCESS-ESM1-5
2053,32.28,ssp126,ACCESS-ESM1-5
2054,32.76,ssp126,ACCESS-ESM1-5
2055,30.15,ssp126,ACCESS-ESM1-5
2056,32.39,ssp126,ACCESS-ESM1-5
2057,34.9,ssp126,ACCESS-ESM1-5
2058,39.66,ssp126,ACCESS-ESM1-5
2059,35.32,ssp126,ACCESS-ESM1-5
2060,29.82,ssp126,ACCESS-ESM1-5
2061,36.36,ssp126,ACCESS-ESM1-5
2062,35.91,ssp126,ACCESS-ESM1-5
2063,34.96,ssp126,ACCESS-ESM1-5
2064,35.89,ssp126,ACCESS-ESM1-5
2065,27.56,ssp126,ACCESS-ESM1-5
2066,35.97,ssp126,ACCESS-ESM1-5
2067,32.39,ssp126,ACCESS-ESM1-5
2068,32.63,ssp126,ACCESS-ESM1-5
2069,36.5,ssp126,ACCESS-ESM1-5
2070,35.96,ssp126,ACCESS-ESM1-5
2071,33.5,ssp126,ACCESS-ESM1-5
2072,30.04,ssp126,ACCESS-ESM1-5
2073,34.76,ssp126,ACCESS-ESM1-5
2074,39.14,ssp126,ACCESS-ESM1-5
2075,31.21,ssp126,ACCESS-ESM1-5
2076,33.9,ssp126,ACCESS-ESM1-5
2077,30.09,ssp126,ACCESS-ESM1-5
2078,35.9,ssp126,ACCESS-ESM1-5
2079,31.19,ssp126,ACCESS-ESM1-5
2080,34.51,ssp126,ACCESS-ESM1-5
2081,34.45,ssp126,ACCESS-ESM1-5
2082,32.2,ssp126,ACCESS-ESM1-5
2083,33.43,ssp126,ACCESS-ESM1-5
2084,39.05,ssp126,ACCESS-ESM1-5
2085,31.83,ssp126,ACCESS-ESM1-5
2086,38.78,ssp126,ACCESS-ESM1-5
2087,32.03,ssp126,ACCESS-ESM1-5
2088,30.04,ssp126,ACCESS-ESM1-5
2089,32.96,ssp126,ACCESS-ESM1-5
2090,33.33,ssp126,ACCESS-ESM1-5
2091,33.64,ssp126,ACCESS-ESM1-5
2092,34.73,ssp126,ACCESS-ESM1-5
2093,27.51,ssp126,ACCESS-ESM1-5
2094,34.43,ssp126,ACCESS-ESM1-5
2095,37.95,ssp126,ACCESS-ESM1-5
2096,34.41,ssp126,ACCESS-ESM1-5
2097,30.95,ssp126,ACCESS-ESM1-5
2098,28.43,ssp126,ACCESS-ESM1-5
2099,30.4,ssp126,ACCESS-ESM1-5
2100,35.3,ssp126,ACCESS-ESM1-5
1950,30.35,ssp126,BCC-CSM2-MR
1951,28.45,ssp126,BCC-CSM2-MR
1952,29.39,ssp126,BCC-CSM2-MR
1953,27.11,ssp126,BCC-CSM2-MR
1954,33.71,ssp126,BCC-CSM2-MR
1955,29.68,ssp126,BCC-CSM2-MR
1956,28.94,ssp126,BCC-CSM2-MR
1957,34.2,ssp126,BCC-CSM2-MR
1958,29.53,ssp126,BCC-CSM2-MR
1959,28.53,ssp126,BCC-CSM2-MR
1960,30.82,ssp126,BCC-CSM2-MR
1961,31.02,ssp126,BCC-CSM2-MR
1962,31.83,ssp126,BCC-CSM2-MR
1963,27.87,ssp126,BCC-CSM2-MR
1964,31.99,ssp126,BCC-CSM2-MR
1965,23.51,ssp126,BCC-CSM2-MR
1966,35.37,ssp126,BCC-CSM2-MR
1967,31.39,ssp126,BCC-CSM2-MR
1968,30.32,ssp126,BCC-CSM2-MR
1969,29.11,ssp126,BCC-CSM2-MR
1970,28.33,ssp126,BCC-CSM2-MR
1971,27.51,ssp126,BCC-CSM2-MR
1972,29.11,ssp126,BCC-CSM2-MR
1973,27.57,ssp126,BCC-CSM2-MR
1974,32.23,ssp126,BCC-CSM2-MR
1975,32.92,ssp126,BCC-CSM2-MR
1976,32.65,ssp126,BCC-CSM2-MR
1977,28.75,ssp126,BCC-CSM2-MR
1978,30.97,ssp126,BCC-CSM2-MR
1979,30.56,ssp126,BCC-CSM2-MR
1980,31.32,ssp126,BCC-CSM2-MR
1981,32.69,ssp126,BCC-CSM2-MR
1982,31.57,ssp126,BCC-CSM2-MR
1983,33.07,ssp126,BCC-CSM2-MR
1984,31.46,ssp126,BCC-CSM2-MR
1985,29.6,ssp126,BCC-CSM2-MR
1986,25.77,ssp126,BCC-CSM2-MR
1987,32.08,ssp126,BCC-CSM2-MR
1988,30.09,ssp126,BCC-CSM2-MR
1989,30.69,ssp126,BCC-CSM2-MR
1990,28.49,ssp126,BCC-CSM2-MR
1991,26.0,ssp126,BCC-CSM2-MR
1992,32.51,ssp126,BCC-CSM2-MR
1993,31.52,ssp126,BCC-CSM2-MR
1994,32.35,ssp126,BCC-CSM2-MR
1995,33.02,ssp126,BCC-CSM2-MR
1996,31.16,ssp126,BCC-CSM2-MR
1997,34.54,ssp126,BCC-CSM2-MR
1998,29.31,ssp126,BCC-CSM2-MR
1999,27.59,ssp126,BCC-CSM2-MR
2000,30.35,ssp126,BCC-CSM2-MR
2001,30.32,ssp126,BCC-CSM2-MR
2002,35.01,ssp126,BCC-CSM2-MR
2003,32.34,ssp126,BCC-CSM2-MR
2004,29.5,ssp126,BCC-CSM2-MR
2005,32.75,ssp126,BCC-CSM2-MR
2006,29.4,ssp126,BCC-CSM2-MR
2007,34.54,ssp126,BCC-CSM2-MR
2008,27.54,ssp126,BCC-CSM2-MR
2009,30.79,ssp126,BCC-CSM2-MR
2010,27.63,ssp126,BCC-CSM2-MR
2011,33.69,ssp126,BCC-CSM2-MR
2012,31.15,ssp126,BCC-CSM2-MR
2013,32.72,ssp126,BCC-CSM2-MR
2014,33.78,ssp126,BCC-CSM2-MR
2015,30.39,ssp126,BCC-CSM2-MR
2016,35.46,ssp126,BCC-CSM2-MR
2017,34.9,ssp126,BCC-CSM2-MR
2018,30.66,ssp126,BCC-CSM2-MR
2019,30.67,ssp126,BCC-CSM2-MR
2020,33.63,ssp126,BCC-CSM2-MR
2021,36.4,ssp126,BCC-CSM2-MR
2022,28.86,ssp126,BCC-CSM2-MR
2023,32.29,ssp126,BCC-CSM2-MR
2024,31.79,ssp126,BCC-CSM2-MR
2025,33.73,ssp126,BCC-CSM2-MR
2026,28.73,ssp126,BCC-CSM2-MR
2027,34.99,ssp126,BCC-CSM2-MR
2028,31.93,ssp126,BCC-CSM2-MR
2029,26.97,ssp126,BCC-CSM2-MR
2030,28.71,ssp126,BCC-CSM2-MR
2031,36.71,ssp126,BCC-CSM2-MR
2032,33.09,ssp126,BCC-CSM2-MR
2033,37.03,ssp126,BCC-CSM2-MR
2034,30.57,ssp126,BCC-CSM2-MR
2035,35.79,ssp126,BCC-CSM2-MR
2036,33.31,ssp126,BCC-CSM2-MR
2037,29.06,ssp126,BCC-CSM2-MR
2038,31.01,ssp126,BCC-CSM2-MR
2039,26.5,ssp126,BCC-CSM2-MR
2040,28.72,ssp126,BCC-CSM2-MR
2041,32.07,ssp126,BCC-CSM2-MR
2042,35.15,ssp126,BCC-CSM2-MR
2043,31.09,ssp126,BCC-CSM2-MR
2044,27.38,ssp126,BCC-CSM2-MR
2045,32.91,ssp126,BCC-CSM2-MR
2046,30.66,ssp126,BCC-CSM2-MR
2047,31.15,ssp126,BCC-CSM2-MR
2048,31.45,ssp126,BCC-CSM2-MR
2049,34.64,ssp126,BCC-CSM2-MR
2050,35.33,ssp126,BCC-CSM2-MR
2051,30.81,ssp126,BCC-CSM2-MR
2052,39.25,ssp126,BCC-CSM2-MR
2053,32.52,ssp126,BCC-CSM2-MR
2054,29.98,ssp126,BCC-CSM2-MR
2055,30.98,ssp126,BCC-CSM2-MR
2056,33.57,ssp126,BCC-CSM2-MR
2057,31.51,ssp126,BCC-CSM2-MR
2058,31.4,ssp126,BCC-CSM2-MR
2059,34.14,ssp126,BCC-CSM2-MR
2060,30.68,ssp126,BCC-CSM2-MR
2061,27.37,ssp126,BCC-CSM2-MR
2062,29.97,ssp126,BCC-CSM2-MR
2063,30.88,ssp126,BCC-CSM2-MR
2064,33.44,ssp126,BCC-CSM2-MR
2065,30.63,ssp126,BCC-CSM2-MR
2066,32.66,ssp126,BCC-CSM2-MR
2067,31.88,ssp126,BCC-CSM2-MR
2068,32.06,ssp126,BCC-CSM2-MR
2069,35.71,ssp126,BCC-CSM2-MR
2070,30.54,ssp126,BCC-CSM2-MR
2071,32.72,ssp126,BCC-CSM2-MR
2072,36.55,ssp126,BCC-CSM2-MR
2073,27.86,ssp126,BCC-CSM2-MR
2074,34.87,ssp126,BCC-CSM2-MR
2075,30.23,ssp126,BCC-CSM2-MR
2076,36.64,ssp126,BCC-CSM2-MR
2077,24.26,ssp126,BCC-CSM2-MR
2078,26.37,ssp126,BCC-CSM2-MR
2079,33.32,ssp126,BCC-CSM2-MR
2080,35.36,ssp126,BCC-CSM2-MR
2081,31.48,ssp126,BCC-CSM2-MR
2082,33.77,ssp126,BCC-CSM2-MR
2083,35.72,ssp126,BCC-CSM2-MR
2084,32.84,ssp126,BCC-CSM2-MR
2085,31.56,ssp126,BCC-CSM2-MR
2086,35.97,ssp126,BCC-CSM2-MR
2087,38.08,ssp126,BCC-CSM2-MR
2088,33.18,ssp126,BCC-CSM2-MR
2089,30.62,ssp126,BCC-CSM2-MR
2090,31.48,ssp126,BCC-CSM2-MR
2091,35.68,ssp126,BCC-CSM2-MR
2092,29.14,ssp126,BCC-CSM2-MR
2093,34.25,ssp126,BCC-CSM2-MR
2094,29.47,ssp126,BCC-CSM2-MR
2095,31.75,ssp126,BCC-CSM2-MR
2096,34.05,ssp126,BCC-CSM2-MR
2097,34.06,ssp126,BCC-CSM2-MR
2098,33.89,ssp126,BCC-CSM2-MR
2099,35.39,ssp126,BCC-CSM2-MR
2100,33.1,ssp126,BCC-CSM2-MR
1950,30.45,ssp126,CanESM5
1951,27.65,ssp126,CanESM5
1952,32.4,ssp126,CanESM5
1953,22.9,ssp126,CanESM5
1954,27.27,ssp126,CanESM5
1955,27.5,ssp126,CanESM5
1956,32.15,ssp126,CanESM5
1957,28.71,ssp126,CanESM5
1958,26.5,ssp126,CanESM5
1959,31.12,ssp126,CanESM5
1960,34.43,ssp126,CanESM5
1961,36.13,ssp126,CanESM5
1962,26.28,ssp126,CanESM5
1963,27.91,ssp126,CanESM5
1964,33.37,ssp126,CanESM5
1965,27.59,ssp126,CanESM5
1966,32.63,ssp126,CanESM5
1967,31.73,ssp126,CanESM5
1968,29.04,ssp126,CanESM5
1969,28.17,ssp126,CanESM5
1970,27.68,ssp126,CanESM5
1971,31.8,ssp126,CanESM5
1972,31.67,ssp126,CanESM5
1973,32.21,ssp126,CanESM5
1974,30.26,ssp126,CanESM5
1975,26.87,ssp126,CanESM5
1976,29.25,ssp126,CanESM5
1977,30.71,ssp126,CanESM5
1978,29.94,ssp126,CanESM5
1979,24.39,ssp126,CanESM5
1980,30.8,ssp126,CanESM5
1981,33.01,ssp126,CanESM5
1982,32.27,ssp126,CanESM5
1983,29.29,ssp126,CanESM5
1984,34.17,ssp126,CanESM5
1985,30.38,ssp126,CanESM5
1986,27.96,ssp126,CanESM5
1987,28.35,ssp126,CanESM5
1988,29.26,ssp126,CanESM5
1989,34.09,ssp126,CanESM5
1990,30.19,ssp126,CanESM5
1991,32.07,ssp126,CanESM5
1992,32.87,ssp126,CanESM5
1993,28.87,ssp126,CanESM5
1994,28.39,ssp126,CanESM5
1995,27.62,ssp126,CanESM5
1996,32.14,ssp126,CanESM5
1997,29.44,ssp126,CanESM5
1998,32.43,ssp126,CanESM5
1999,31.72,ssp126,CanESM5
2000,32.73,ssp126,CanESM5
2001,33.14,ssp126,CanESM5
2002,30.33,ssp126,CanESM5
2003,38.21,ssp126,CanESM5
2004,30.47,ssp126,CanESM5
2005,31.82,ssp126,CanESM5
2006,30.8,ssp126,CanESM5
2007,29.35,ssp126,CanESM5
2008,29.01,ssp126,CanESM5
2009,34.94,ssp126,CanESM5
2010,37.54,ssp126,CanESM5
2011,32.77,ssp126,CanESM5
2012,32.68,ssp126,CanESM5
2013,37.09,ssp126,CanESM5
2014,35.31,ssp126,CanESM5
2015,28.55,ssp126,CanESM5
2016,31.74,ssp126,CanESM5
2017,30.84,ssp126,CanESM5
2018,29.05,ssp126,CanESM5
2019,28.41,ssp126,CanESM5
2020,25.55,ssp126,CanESM5
2021,34.45,ssp126,CanESM5
2022,27.12,ssp126,CanESM5
2023,32.23,ssp126,CanESM5
2024,32.1,ssp126,CanESM5
2025,31.03,ssp126,CanESM5
2026,34.97,ssp126,CanESM5
2027,32.05,ssp126,CanESM5
2028,29.77,ssp126,CanESM5
2029,31.22,ssp126,CanESM5
2030,32.14,ssp126,CanESM5
2031,29.27,ssp126,CanESM5
2032,32.0,ssp126,CanESM5
2033,33.51,ssp126,CanESM5
2034,32.6,ssp126,CanESM5
2035,28.83,ssp126,CanESM5
2036,31.91,ssp126,CanESM5
2037,32.04,ssp126,CanESM5
2038,33.88,ssp126,CanESM5
2039,30.72,ssp126,CanESM5
2040,32.32,ssp126,CanESM5
2041,36.5,ssp126,CanESM5
2042,37.87,ssp126,CanESM5
2043,31.98,ssp126,CanESM5
2044,34.55,ssp126,CanESM5
2045,34.08,ssp126,CanESM5
2046,35.15,ssp126,CanESM5
2047,27.96,ssp126,CanESM5
2048,29.63,ssp126,CanESM5
2049,30.43,ssp126,CanESM5
2050,27.1,ssp126,CanESM5
2051,33.23,ssp126,CanESM5
2052,30.64,ssp126,CanESM5
2053,32.35,ssp126,CanESM5
2054,34.23,ssp126,CanESM5
2055,33.91,ssp126,CanESM5
2056,31.05,ssp126,CanESM5
2057,35.32,ssp126,CanESM5
2058,29.67,ssp126,CanESM5
2059,33.91,ssp126,CanESM5
2060,34.6,ssp126,CanESM5
2061,29.58,ssp126,CanESM5
2062,30.48,ssp126,CanESM5
2063,33.36,ssp126,CanESM5
2064,33.28,ssp126,CanESM5
2065,30.36,ssp126,CanESM5
2066,34.45,ssp126,CanESM5
2067,29.49,ssp126,CanESM5
2068,30.75,ssp126,CanESM5
2069,34.24,ssp126,CanESM5
2070,32.06,ssp126,CanESM5
2071,32.65,ssp126,CanESM5
2072,32.25,ssp126,CanESM5
2073,35.1,ssp126,CanESM5
2074,39.17,ssp126,CanESM5
2075,33.3,ssp126,CanESM5
2076,27.0,ssp126,CanESM5
2077,34.92,ssp126,CanESM5
2078,29.4,ssp126,CanESM5
2079,33.91,ssp126,CanESM5
2080,33.69,ssp126,CanESM5
2081,39.14,ssp126,CanESM5
2082,35.92,ssp126,CanESM5
2083,35.18,ssp126,CanESM5
2084,31.1,ssp126,CanESM5
2085,36.64,ssp126,CanESM5
2086,38.18,ssp126,CanESM5
2087,29.26,ssp126,CanESM5
2088,28.84,ssp126,CanESM5
2089,32.65,ssp126,CanESM5
2090,33.26,ssp126,CanESM5
2091,32.42,ssp126,CanESM5
2092,29.27,ssp126,CanESM5
2093,36.45,ssp126,CanESM5
2094,31.55,ssp126,CanESM5
2095,33.75,ssp126,CanESM5
2096,37.67,ssp126,CanESM5
2097,30.26,ssp126,CanESM5
2098,34.34,ssp126,CanESM5
2099,40.84,ssp126,CanESM5
2100,36.58,ssp126,CanESM5
1950,27.45,ssp126,EC-Earth3
1951,26.86,ssp126,EC-Earth3
1952,29.56,ssp126,EC-Earth3
1953,32.06,ssp126,EC-Earth3
1954,31.37,ssp126,EC-Earth3
1955,26.83,ssp126,EC-Earth3
1956,28.91,ssp126,EC-Earth3
1957,29.81,ssp126,EC-Earth3
1958,29.21,ssp126,EC-Earth3
1959,26.84,ssp126,EC-Earth3
1960,32.33,ssp126,EC-Earth3
1961,26.58,ssp126,EC-Earth3
1962,30.03,ssp126,EC-Earth3
1963,29.51,ssp126,EC-Earth3
1964,32.19,ssp126,EC-Earth3
1965,30.02,ssp126,EC-Earth3
1966,26.76,ssp126,EC-Earth3
1967,29.35,ssp126,EC-Earth3
1968,30.0,ssp126,EC-Earth3
1969,29.48,ssp126,EC-Earth3
1970,28.53,ssp126,EC-Earth3
1971,28.57,ssp126,EC-Earth3
1972,25.91,ssp126,EC-Earth3
1973,26.14,ssp126,EC-Earth3
1974,31.44,ssp126,EC-Earth3
1975,31.64,ssp126,EC-Earth3
1976,30.31,ssp126,EC-Earth3
1977,32.97,ssp126,EC-Earth3
1978,29.03,ssp126,EC-Earth3
1979,32.44,ssp126,EC-Earth3
1980,30.55,ssp126,EC-Earth3
1981,33.78,ssp126,EC-Earth3
1982,28.78,ssp126,EC-Earth3
1983,31.04,ssp126,EC-Earth3
1984,30.22,ssp126,EC-Earth3
1985,29.23,ssp126,EC-Earth3
1986,31.42,ssp126,EC-Earth3
1987,32.38,ssp126,EC-Earth3
1988,28.97,ssp126,EC-Earth3
1989,31.2,ssp126,EC-Earth3
1990,29.1,ssp126,EC-Earth3
1991,35.86,ssp126,EC-Earth3
1992,31.2,ssp126,EC-Earth3
1993,33.62,ssp126,EC-Earth3
1994,33.23,ssp126,EC-Earth3
1995,30.35,ssp126,EC-Earth3
1996,29.74,ssp126,EC-Earth3
1997,30.8,ssp126,EC-Earth3
1998,29.69,ssp126,EC-Earth3
1999,28.53,ssp126,EC-Earth3
2000,30.73,ssp126,EC-Earth3
2001,33.61,ssp126,EC-Earth3
2002,30.45,ssp126,EC-Earth3
2003,28.05,ssp126,EC-Earth3
2004,29.74,ssp126,EC-Earth3
2005,28.89,ssp126,EC-Earth3
2006,29.57,ssp126,EC-Earth3
2007,32.94,ssp126,EC-Earth3
2008,29.31,ssp126,EC-Earth3
2009,33.34,ssp126,EC-Earth3
2010,30.37,ssp126,EC-Earth3
2011,32.91,ssp126,EC-Earth3
2012,33.07,ssp126,EC-Earth3
2013,28.54,ssp126,EC-Earth3
2014,27.64,ssp126,EC-Earth3
2015,32.34,ssp126,EC-Earth3
2016,33.54,ssp126,EC-Earth3
2017,31.34,ssp126,EC-Earth3
2018,30.89,ssp126,EC-Earth3
2019,30.16,ssp126,EC-Earth3
2020,32.08,ssp126,EC-Earth3
2021,31.21,ssp126,EC-Earth3
2022,28.51,ssp126,EC-Earth3
2023,32.18,ssp126,EC-Earth3
2024,32.26,ssp126,EC-Earth3
2025,28.59,ssp126,EC-Earth3
2026,33.12,ssp126,EC-Earth3
2027,29.39,ssp126,EC-Earth3
2028,33.02,ssp126,EC-Earth3
2029,30.79,ssp126,EC-Earth3
2030,28.99,ssp126,EC-Earth3
2031,33.43,ssp126,EC-Earth3
2032,34.29,ssp126,EC-Earth3
2033,33.08,ssp126,EC-Earth3
2034,31.33,ssp126,EC-Earth3
2035,30.0,ssp126,EC-Earth3
2036,31.52,ssp126,EC-Earth3
2037,30.6,ssp126,EC-Earth3
2038,25.75,ssp126,EC-Earth3
2039,31.59,ssp126,EC-Earth3
2040,31.64,ssp126,EC-Earth3
2041,28.11,ssp126,EC-Earth3
2042,29.15,ssp126,EC-Earth3
2043,38.51,ssp126,EC-Earth3
2044,35.15,ssp126,EC-Earth3
2045,31.49,ssp126,EC-Earth3
2046,31.72,ssp126,EC-Earth3
2047,37.41,ssp126,EC-Earth3
2048,27.9,ssp126,EC-Earth3
2049,33.77,ssp126,EC-Earth3
2050,38.05,ssp126,EC-Earth3
2051,32.72,ssp126,EC-Earth3
2052,31.06,ssp126,EC-Earth3
2053,32.61,ssp126,EC-Earth3
2054,30.95,ssp126,EC-Earth3
2055,29.06,ssp126,EC-Earth3
2056,31.81,ssp126,EC-Earth3
2057,33.18,ssp126,EC-Earth3
2058,28.94,ssp126,EC-Earth3
2059,37.04,ssp126,EC-Earth3
2060,32.1,ssp126,EC-Earth3
2061,31.18,ssp126,EC-Earth3
2062,35.97,ssp126,EC-Earth3
2063,31.54,ssp126,EC-Earth3
2064,35.54,ssp126,EC-Earth3
2065,32.56,ssp126,EC-Earth3
2066,34.16,ssp126,EC-Earth3
2067,34.98,ssp126,EC-Earth3
2068,31.18,ssp126,EC-Earth3
2069,31.56,ssp126,EC-Earth3
2070,34.9,ssp126,EC-Earth3
2071,33.55,ssp126,EC-Earth3
2072,29.57,ssp126,EC-Earth3
2073,34.12,ssp126,EC-Earth3
2074,31.65,ssp126,EC-Earth3
2075,31.69,ssp126,EC-Earth3
2076,32.36,ssp126,EC-Earth3
2077,31.53,ssp126,EC-Earth3
2078,30.76,ssp126,EC-Earth3
2079,31.66,ssp126,EC-Earth3
2080,32.67,ssp126,EC-Earth3
2081,30.81,ssp126,EC-Earth3
2082,28.0,ssp126,EC-Earth3
2083,30.68,ssp126,EC-Earth3
2084,25.98,ssp126,EC-Earth3
2085,29.84,ssp126,EC-Earth3
2086,32.57,ssp126,EC-Earth3
2087,31.04,ssp126,EC-Earth3
2088,32.65,ssp126,EC-Earth3
2089,30.79,ssp126,EC-Earth3
2090,31.92,ssp126,EC-Earth3
2091,36.29,ssp126,EC-Earth3
2092,34.49,ssp126,EC-Earth3
2093,31.36,ssp126,EC-Earth3
2094,32.37,ssp126,EC-Earth3
2095,35.47,ssp126,EC-Earth3
2096,32.16,ssp126,EC-Earth3
2097,34.87,ssp126,EC-Earth3
2098,34.1,ssp126,EC-Earth3
2099,31.22,ssp126,EC-Earth3
2100,33.11,ssp126,EC-Earth3
1950,33.14,ssp126,FGOALS-g3
1951,32.09,ssp126,FGOALS-g3
1952,26.51,ssp126,FGOALS-g3
1953,28.12,ssp126,FGOALS-g3
1954,30.27,ssp126,FGOALS-g3
1955,28.07,ssp126,FGOALS-g3
1956,33.1,ssp126,FGOALS-g3
1957,31.07,ssp126,FGOALS-g3
1958,32.45,ssp126,FGOALS-g3
1959,26.59,ssp126,FGOALS-g3
1960,29.38,ssp126,FGOALS-g3
1961,29.76,ssp126,FGOALS-g3
1962,33.64,ssp126,FGOALS-g3
1963,28.97,ssp126,FGOALS-g3
1964,25.49,ssp126,FGOALS-g3
1965,35.26,ssp126,FGOALS-g3
1966,32.62,ssp126,FGOALS-g3
1967,27.83,ssp126,FGOALS-g3
1968,30.44,ssp126,FGOALS-g3
1969,29.08,ssp126,FGOALS-g3
1970,27.57,ssp126,FGOALS-g3
1971,30.93,ssp126,FGOALS-g3
1972,30.74,ssp126,FGOALS-g3
1973,32.23,ssp126,FGOALS-g3
1974,29.5,ssp126,FGOALS-g3
1975,26.92,ssp126,FGOALS-g3
1976,30.73,ssp126,FGOALS-g3
1977,31.17,ssp126,FGOALS-g3
1978,30.25,ssp126,FGOALS-g3
1979,32.63,ssp126,FGOALS-g3
1980,30.02,ssp126,FGOALS-g3
1981,26.26,ssp126,FGOALS-g3
1982,27.46,ssp126,FGOALS-g3
1983,30.36,ssp126,FGOALS-g3
1984,30.67,ssp126,FGOALS-g3
1985,33.41,ssp126,FGOALS-g3
1986,28.47,ssp126,FGOALS-g3
1987,36.71,ssp126,FGOALS-g3
1988,31.46,ssp126,FGOALS-g3
1989,27.19,ssp126,FGOALS-g3
1990,29.81,ssp126,FGOALS-g3
1991,34.73,ssp126,FGOALS-g3
1992,25.45,ssp126,FGOALS-g3
1993,31.76,ssp126,FGOALS-g3
1994,29.0,ssp126,FGOALS-g3
1995,33.29,ssp126,FGOALS-g3
1996,32.7,ssp126,FGOALS-g3
1997,29.95,ssp126,FGOALS-g3
1998,26.89,ssp126,FGOALS-g3
1999,30.77,ssp126,FGOALS-g3
2000,29.65,ssp126,FGOALS-g3
2001,35.18,ssp126,FGOALS-g3
2002,33.13,ssp126,FGOALS-g3
2003,33.32,ssp126,FGOALS-g3
2004,31.42,ssp126,FGOALS-g3
2005,28.53,ssp126,FGOALS-g3
2006,32.34,ssp126,FGOALS-g3
2007,29.71,ssp126,FGOALS-g3
2008,30.27,ssp126,FGOALS-g3
2009,32.38,ssp126,FGOALS-g3
2010,29.11,ssp126,FGOALS-g3
2011,33.37,ssp126,FGOALS-g3
2012,32.7,ssp126,FGOALS-g3
2013,31.32,ssp126,FGOALS-g3
2014,31.13,ssp126,FGOALS-g3
2015,33.45,ssp126,FGOALS-g3
2016,33.42,ssp126,FGOALS-g3
2017,31.63,ssp126,FGOALS-g3
2018,34.02,ssp126,FGOALS-g3
2019,26.73,ssp126,FGOALS-g3
2020,28.44,ssp126,FGOALS-g3
2021,33.07,ssp126,FGOALS-g3
2022,31.24,ssp126,FGOALS-g3
2023,29.8,ssp126,FGOALS-g3
2024,30.18,ssp126,FGOALS-g3
2025,33.69,ssp126,FGOALS-g3
2026,29.99,ssp126,FGOALS-g3
2027,33.3,ssp126,FGOALS-g3
2028,32.23,ssp126,FGOALS-g3
2029,30.81,ssp126,FGOALS-g3
2030,32.58,ssp126,FGOALS-g3
2031,28.38,ssp126,FGOALS-g3
2032,33.11,ssp126,FGOALS-g3
2033,36.27,ssp126,FGOALS-g3
2034,30.59,ssp126,FGOALS-g3
2035,29.66,ssp126,FGOALS-g3
2036,32.34,ssp126,FGOALS-g3
2037,31.1,ssp126,FGOALS-g3
2038,31.91,ssp126,FGOALS-g3
2039,33.64,ssp126,FGOALS-g3
2040,29.4,ssp126,FGOALS-g3
2041,30.13,ssp126,FGOALS-g3
2042,34.25,ssp126,FGOALS-g3
2043,30.06,ssp126,FGOALS-g3
2044,37.9,ssp126,FGOALS-g3
2045,30.69,ssp126,FGOALS-g3
2046,34.02,ssp126,FGOALS-g3
2047,29.87,ssp126,FGOALS-g3
2048,29.09,ssp126,FGOALS-g3
2049,29.89,ssp126,FGOALS-g3
2050,32.7,ssp126,FGOALS-g3
2051,34.17,ssp126,FGOALS-g3
2052,32.5,ssp126,FGOALS-g3
2053,37.58,ssp126,FGOALS-g3
2054,30.1,ssp126,FGOALS-g3
2055,26.75,ssp126,FGOALS-g3
2056,31.83,ssp126,FGOALS-g3
2057,27.94,ssp126,FGOALS-g3
2058,37.2,ssp126,FGOALS-g3
2059,31.99,ssp126,FGOALS-g3
2060,32.05,ssp126,FGOALS-g3
2061,34.54,ssp126,FGOALS-g3
2062,36.44,ssp126,FGOALS-g3
2063,34.81,ssp126,FGOALS-g3
2064,30.8,ssp126,FGOALS-g3
2065,26.85,ssp126,FGOALS-g3
2066,31.97,ssp126,FGOALS-g3
2067,30.01,ssp126,FGOALS-g3
2068,28.14,ssp126,FGOALS-g3
2069,31.42,ssp126,FGOALS-g3
2070,28.51,ssp126,FGOALS-g3
2071,33.15,ssp126,FGOALS-g3
2072,31.54,ssp126,FGOALS-g3
2073,35.13,ssp126,FGOALS-g3
2074,30.89,ssp126,FGOALS-g3
2075,33.53,ssp126,FGOALS-g3
2076,37.35,ssp126,FGOALS-g3
2077,35.3,ssp126,FGOALS-g3
2078,30.77,ssp126,FGOALS-g3
2079,29.46,ssp126,FGOALS-g3
2080,35.07,ssp126,FGOALS-g3
2081,31.93,ssp126,FGOALS-g3
2082,28.37,ssp126,FGOALS-g3
2083,32.88,ssp126,FGOALS-g3
2084,35.96,ssp126,FGOALS-g3
2085,35.16,ssp126,FGOALS-g3
2086,32.11,ssp126,FGOALS-g3
2087,30.76,ssp126,FGOALS-g3
2088,29.45,ssp126,FGOALS-g3
2089,27.79,ssp126,FGOALS-g3
2090,34.31,ssp126,FGOALS-g3
2091,36.92,ssp126,FGOALS-g3
2092,28.65,ssp126,FGOALS-g3
2093,30.68,ssp126,FGOALS-g3
2094,33.65,ssp126,FGOALS-g3
2095,31.6,ssp126,FGOALS-g3
2096,35.02,ssp126,FGOALS-g3
2097,30.9,ssp126,FGOALS-g3
2098,35.67,ssp126,FGOALS-g3
2099,32.99,ssp126,FGOALS-g3
2100,34.36,ssp126,FGOALS-g3
1950,30.68,ssp126,GFDL-ESM4
1951,25.94,ssp126,GFDL-ESM4
1952,28.34,ssp126,GFDL-ESM4
1953,34.63,ssp126,GFDL-ESM4
1954,30.13,ssp126,GFDL-ESM4
1955,25.5,ssp126,GFDL-ESM4
1956,29.19,ssp126,GFDL-ESM4
1957,23.42,ssp126,GFDL-ESM4
1958,31.36,ssp126,GFDL-ESM4
1959,34.63,ssp126,GFDL-ESM4
1960,30.48,ssp126,GFDL-ESM4
1961,33.94,ssp126,GFDL-ESM4
1962,33.16,ssp126,GFDL-ESM4
1963,29.23,ssp126,GFDL-ESM4
1964,30.01,ssp126,GFDL-ESM4
1965,27.56,ssp126,GFDL-ESM4
1966,29.54,ssp126,GFDL-ESM4
1967,31.87,ssp126,GFDL-ESM4
1968,32.67,ssp126,GFDL-ESM4
1969,29.78,ssp126,GFDL-ESM4
1970,31.92,ssp126,GFDL-ESM4
1971,27.36,ssp126,GFDL-ESM4
1972,32.43,ssp126,GFDL-ESM4
1973,28.08,ssp126,GFDL-ESM4
1974,28.23,ssp126,GFDL-ESM4
1975,29.94,ssp126,GFDL-ESM4
1976,28.65,ssp126,GFDL-ESM4
1977,34.85,ssp126,GFDL-ESM4
1978,34.77,ssp126,GFDL-ESM4
1979,30.99,ssp126,GFDL-ESM4
1980,25.74,ssp126,GFDL-ESM4
1981,32.29,ssp126,GFDL-ESM4
1982,29.03,ssp126,GFDL-ESM4
1983,30.73,ssp126,GFDL-ESM4
1984,29.8,ssp126,GFDL-ESM4
1985,29.95,ssp126,GFDL-ESM4
1986,29.89,ssp126,GFDL-ESM4
1987,31.69,ssp126,GFDL-ESM4
1988,30.42,ssp126,GFDL-ESM4
1989,30.8,ssp126,GFDL-ESM4
1990,29.53,ssp126,GFDL-ESM4
1991,30.17,ssp126,GFDL-ESM4
1992,29.77,ssp126,GFDL-ESM4
1993,30.27,ssp126,GFDL-ESM4
1994,32.12,ssp126,GFDL-ESM4
1995,28.05,ssp126,GFDL-ESM4
1996,30.79,ssp126,GFDL-ESM4
1997,29.38,ssp126,GFDL-ESM4
1998,29.84,ssp126,GFDL-ESM4
1999,28.8,ssp126,GFDL-ESM4
2000,30.67,ssp126,GFDL-ESM4
2001,33.66,ssp126,GFDL-ESM4
2002,32.29,ssp126,GFDL-ESM4
2003,29.96,ssp126,GFDL-ESM4
2004,25.43,ssp126,GFDL-ESM4
2005,33.96,ssp126,GFDL-ESM4
2006,30.19,ssp126,GFDL-ESM4
2007,28.3,ssp126,GFDL-ESM4
2008,29.53,ssp126,GFDL-ESM4
2009,31.4,ssp126,GFDL-ESM4
2010,28.76,ssp126,GFDL-ESM4
2011,33.61,ssp126,GFDL-ESM4
2012,33.06,ssp126,GFDL-ESM4
2013,27.94,ssp126,GFDL-ESM4
2014,25.89,ssp126,GFDL-ESM4
2015,27.54,ssp126,GFDL-ESM4
2016,30.78,ssp126,GFDL-ESM4
2017,34.72,ssp126,GFDL-ESM4
2018,31.36,ssp126,GFDL-ESM4
2019,32.18,ssp126,GFDL-ESM4
2020,36.32,ssp126,GFDL-ESM4
2021,27.32,ssp126,GFDL-ESM4
2022,30.03,ssp126,GFDL-ESM4
2023,31.18,ssp126,GFDL-ESM4
2024,25.84,ssp126,GFDL-ESM4
2025,25.24,ssp126,GFDL-ESM4
2026,31.67,ssp126,GFDL-ESM4
2027,29.45,ssp126,GFDL-ESM4
2028,33.1,ssp126,GFDL-ESM4
2029,29.07,ssp126,GFDL-ESM4
2030,33.78,ssp126,GFDL-ESM4
2031,30.86,ssp126,GFDL-ESM4
2032,30.72,ssp126,GFDL-ESM4
2033,32.06,ssp126,GFDL-ESM4
2034,36.71,ssp126,GFDL-ESM4
2035,34.0,ssp126,GFDL-ESM4
2036,34.62,ssp126,GFDL-ESM4
2037,34.25,ssp126,GFDL-ESM4
2038,34.47,ssp126,GFDL-ESM4
2039,31.01,ssp126,GFDL-ESM4
2040,29.81,ssp126,GFDL-ESM4
2041,34.37,ssp126,GFDL-ESM4
2042,33.95,ssp126,GFDL-ESM4
2043,31.91,ssp126,GFDL-ESM4
2044,28.78,ssp126,GFDL-ESM4
2045,31.25,ssp126,GFDL-ESM4
2046,29.88,ssp126,GFDL-ESM4
2047,33.44,ssp126,GFDL-ESM4
2048,30.4,ssp126,GFDL-ESM4
2049,35.25,ssp126,GFDL-ESM4
2050,29.71,ssp126,GFDL-ESM4
2051,33.11,ssp126,GFDL-ESM4
2052,30.79,ssp126,GFDL-ESM4
2053,30.99,ssp126,GFDL-ESM4
2054,31.36,ssp126,GFDL-ESM4
2055,32.46,ssp126,GFDL-ESM4
2056,33.75,ssp126,GFDL-ESM4
2057,32.64,ssp126,GFDL-ESM4
2058,28.12,ssp126,GFDL-ESM4
2059,30.64,ssp126,GFDL-ESM4
2060,34.98,ssp126,GFDL-ESM4
2061,31.9,ssp126,GFDL-ESM4
2062,35.21,ssp126,GFDL-ESM4
2063,32.12,ssp126,GFDL-ESM4
2064,30.86,ssp126,GFDL-ESM4
2065,33.18,ssp126,GFDL-ESM4
2066,32.18,ssp126,GFDL-ESM4
2067,30.94,ssp126,GFDL-ESM4
2068,33.3,ssp126,GFDL-ESM4
2069,34.04,ssp126,GFDL-ESM4
2070,33.27,ssp126,GFDL-ESM4
2071,32.5,ssp126,GFDL-ESM4
2072,32.18,ssp126,GFDL-ESM4
2073,29.77,ssp126,GFDL-ESM4
2074,30.73,ssp126,GFDL-ESM4
2075,32.06,ssp126,GFDL-ESM4
2076,33.52,ssp126,GFDL-ESM4
2077,32.68,ssp126,GFDL-ESM4
2078,34.17,ssp126,GFDL-ESM4
2079,32.15,ssp126,GFDL-ESM4
2080,31.37,ssp126,GFDL-ESM4
2081,31.93,ssp126,GFDL-ESM4
2082,35.87,ssp126,GFDL-ESM4
2083,28.67,ssp126,GFDL-ESM4
2084,30.25,ssp126,GFDL-ESM4
2085,29.4,ssp126,GFDL-ESM4
2086,31.36,ssp126,GFDL-ESM4
2087,34.08,ssp126,GFDL-ESM4
2088,34.67,ssp126,GFDL-ESM4
2089,33.39,ssp126,GFDL-ESM4
2090,29.59,ssp126,GFDL-ESM4
2091,30.5,ssp126,GFDL-ESM4
2092,35.31,ssp126,GFDL-ESM4
2093,35.62,ssp126,GFDL-ESM4
2094,31.15,ssp126,GFDL-ESM4
2095,33.2,ssp126,GFDL-ESM4
2096,32.56,ssp126,GFDL-ESM4
2097,34.44,ssp126,GFDL-ESM4
2098,31.8,ssp126,GFDL-ESM4
2099,33.0,ssp126,GFDL-ESM4
2100,35.65,ssp126,GFDL-ESM4
1950,30.09,ssp126,INM-CM4-8
1951,32.11,ssp126,INM-CM4-8
1952,30.93,ssp126,INM-CM4-8
1953,29.67,ssp126,INM-CM4-8
1954,32.26,ssp126,INM-CM4-8
1955,29.62,ssp126,INM-CM4-8
1956,27.83,ssp126,INM-CM4-8
1957,31.3,ssp126,INM-CM4-8
1958,28.85,ssp126,INM-CM4-8
1959,31.5,ssp126,INM-CM4-8
1960,32.85,ssp126,INM-CM4-8
1961,29.35,ssp126,INM-CM4-8
1962,30.96,ssp126,INM-CM4-8
1963,34.28,ssp126,INM-CM4-8
1964,28.87,ssp126,INM-CM4-8
1965,28.59,ssp126,INM-CM4-8
1966,31.09,ssp126,INM-CM4-8
1967,29.24,ssp126,INM-CM4-8
1968,34.07,ssp126,INM-CM4-8
1969,30.94,ssp126,INM-CM4-8
1970,26.17,ssp126,INM-CM4-8
1971,30.38,ssp126,INM-CM4-8
1972,29.5,ssp126,INM-CM4-8
1973,30.41,ssp126,INM-CM4-8
1974,32.88,ssp126,INM-CM4-8
1975,26.87,ssp126,INM-CM4-8
1976,30.65,ssp126,INM-CM4-8
1977,28.65,ssp126,INM-CM4-8
1978,32.27,ssp126,INM-CM4-8
1979,32.55,ssp126,INM-CM4-8
1980,29.93,ssp126,INM-CM4-8
1981,28.19,ssp126,INM-CM4-8
1982,26.75,ssp126,INM-CM4-8
1983,26.64,ssp126,INM-CM4-8
1984,30.24,ssp126,INM-CM4-8
1985,29.86,ssp126,INM-CM4-8
1986,29.8,ssp126,INM-CM4-8
1987,30.23,ssp126,INM-CM4-8
1988,29.91,ssp126,INM-CM4-8
1989,28.51,ssp126,INM-CM4-8
1990,32.91,ssp126,INM-CM4-8
1991,27.26,ssp126,INM-CM4-8
1992,31.66,ssp126,INM-CM4-8
1993,29.29,ssp126,INM-CM4-8
1994,30.2,ssp126,INM-CM4-8
1995,26.62,ssp126,INM-CM4-8
1996,28.29,ssp126,INM-CM4-8
1997,32.51,ssp126,INM-CM4-8
1998,33.64,ssp126,INM-CM4-8
1999,35.19,ssp126,INM-CM4-8
2000,27.4,ssp126,INM-CM4-8
2001,31.67,ssp126,INM-CM4-8
2002,32.15,ssp126,INM-CM4-8
2003,26.1,ssp126,INM-CM4-8
2004,28.53,ssp126,INM-CM4-8
2005,28.27,ssp126,INM-CM4-8
2006,32.96,ssp126,INM-CM4-8
2007,27.54,ssp126,INM-CM4-8
2008,33.14,ssp126,INM-CM4-8
2009,33.94,ssp126,INM-CM4-8
2010,33.7,ssp126,INM-CM4-8
2011,32.23,ssp126,INM-CM4-8
2012,29.1,ssp126,INM-CM4-8
2013,31.81,ssp126,INM-CM4-8
2014,29.53,ssp126,INM-CM4-8
2015,28.86,ssp126,INM-CM4-8
2016,29.36,ssp126,INM-CM4-8
2017,32.69,ssp126,INM-CM4-8
2018,28.4,ssp126,INM-CM4-8
2019,32.04,ssp126,INM-CM4-8
2020,25.46,ssp126,INM-CM4-8
2021,33.59,ssp126,INM-CM4-8
2022,31.67,ssp126,INM-CM4-8
2023,35.61,ssp126,INM-CM4-8
2024,29.75,ssp126,INM-CM4-8
2025,27.16,ssp126,INM-CM4-8
2026,30.05,ssp126,INM-CM4-8
2027,30.85,ssp126,INM-CM4-8
2028,27.25,ssp126,INM-CM4-8
2029,27.24,ssp126,INM-CM4-8
2030,33.57,ssp126,INM-CM4-8
2031,32.38,ssp126,INM-CM4-8
2032,32.38,ssp126,INM-CM4-8
2033,32.25,ssp126,INM-CM4-8
2034,30.59,ssp126,INM-CM4-8
2035,28.9,ssp126,INM-CM4-8
2036,31.93,ssp126,INM-CM4-8
2037,35.57,ssp126,INM-CM4-8
2038,31.68,ssp126,INM-CM4-8
2039,31.82,ssp126,INM-CM4-8
2040,29.68,ssp126,INM-CM4-8
2041,30.75,ssp126,INM-CM4-8
2042,30.97,ssp126,INM-CM4-8
2043,27.55,ssp126,INM-CM4-8
2044,30.32,ssp126,INM-CM4-8
2045,32.91,ssp126,INM-CM4-8
2046,35.81,ssp126,INM-CM4-8
2047,32.94,ssp126,INM-CM4-8
2048,33.08,ssp126,INM-CM4-8
2049,31.32,ssp126,INM-CM4-8
2050,33.09,ssp126,INM-CM4-8
2051,32.52,ssp126,INM-CM4-8
2052,26.54,ssp126,INM-CM4-8
2053,29.89,ssp126,INM-CM4-8
2054,33.83,ssp126,INM-CM4-8
2055,28.55,ssp126,INM-CM4-8
2056,28.52,ssp126,INM-CM4-8
2057,30.19,ssp126,INM-CM4-8
2058,32.52,ssp126,INM-CM4-8
2059,32.61,ssp126,INM-CM4-8
2060,24.43,ssp126,INM-CM4-8
2061,30.48,ssp126,INM-CM4-8
2062,28.88,ssp126,INM-CM4-8
2063,34.58,ssp126,INM-CM4-8
2064,25.67,ssp126,INM-CM4-8
2065,31.59,ssp126,INM-CM4-8
2066,27.06,ssp126,INM-CM4-8
2067,32.74,ssp126,INM-CM4-8
2068,35.19,ssp126,INM-CM4-8
2069,29.91,ssp126,INM-CM4-8
2070,27.92,ssp126,INM-CM4-8
2071,26.24,ssp126,INM-CM4-8
2072,27.93,ssp126,INM-CM4-8
2073,32.52,ssp126,INM-CM4-8
2074,34.24,ssp126,INM-CM4-8
2075,32.17,ssp126,INM-CM4-8
2076,29.32,ssp126,INM-CM4-8
2077,30.63,ssp126,INM-CM4-8
2078,32.93,ssp126,INM-CM4-8
2079,27.82,ssp126,INM-CM4-8
2080,27.7,ssp126,INM-CM4-8
2081,33.17,ssp126,INM-CM4-8
2082,32.53,ssp126,INM-CM4-8
2083,34.29,ssp126,INM-CM4-8
2084,32.36,ssp126,INM-CM4-8
2085,30.85,ssp126,INM-CM4-8
2086,32.25,ssp126,INM-CM4-8
2087,37.0,ssp126,INM-CM4-8
2088,35.43,ssp126,INM-CM4-8
2089,31.85,ssp126,INM-CM4-8
2090,32.46,ssp126,INM-CM4-8
2091,33.93,ssp126,INM-CM4-8
2092,31.8,ssp126,INM-CM4-8
2093,34.49,ssp126,INM-CM4-8
2094,27.16,ssp126,INM-CM4-8
2095,30.46,ssp126,INM-CM4-8
2096,33.37,ssp126,INM-CM4-8
2097,29.5,ssp126,INM-CM4-8
2098,29.69,ssp126,INM-CM4-8
2099,25.48,ssp126,INM-CM4-8
2100,29.22,ssp126,INM-CM4-8
1950,31.22,ssp126,INM-CM5-0
1951,32.7,ssp126,INM-CM5-0
1952,31.28,ssp126,INM-CM5-0
1953,24.51,ssp126,INM-CM5-0
1954,29.23,ssp126,INM-CM5-0
1955,29.06,ssp126,INM-CM5-0
1956,35.32,ssp126,INM-CM5-0
1957,34.78,ssp126,INM-CM5-0
1958,33.67,ssp126,INM-CM5-0
1959,29.5,ssp126,INM-CM5-0
1960,25.06,ssp126,INM-CM5-0
1961,33.3,ssp126,INM-CM5-0
1962,29.15,ssp126,INM-CM5-0
1963,27.06,ssp126,INM-CM5-0
1964,28.96,ssp126,INM-CM5-0
1965,29.26,ssp126,INM-CM5-0
1966,30.55,ssp126,INM-CM5-0
1967,28.9,ssp126,INM-CM5-0
1968,31.87,ssp126,INM-CM5-0
1969,29.1,ssp126,INM-CM5-0
1970,29.19,ssp126,INM-CM5-0
1971,30.04,ssp126,INM-CM5-0
1972,29.55,ssp126,INM-CM5-0
1973,31.04,ssp126,INM-CM5-0
1974,26.59,ssp126,INM-CM5-0
1975,27.02,ssp126,INM-CM5-0
1976,35.21,ssp126,INM-CM5-0
1977,29.83,ssp126,INM-CM5-0
1978,30.23,ssp126,INM-CM5-0
1979,30.35,ssp126,INM-CM5-0
1980,31.79,ssp126,INM-CM5-0
1981,30.35,ssp126,INM-CM5-0
1982,33.1,ssp126,INM-CM5-0
1983,31.65,ssp126,INM-CM5-0
1984,28.41,ssp126,INM-CM5-0
1985,29.21,ssp126,INM-CM5-0
1986,29.98,ssp126,INM-CM5-0
1987,30.08,ssp126,INM-CM5-0
1988,31.37,ssp126,INM-CM5-0
1989,27.44,ssp126,INM-CM5-0
1990,32.09,ssp126,INM-CM5-0
1991,32.27,ssp126,INM-CM5-0
1992,32.78,ssp126,INM-CM5-0
1993,30.87,ssp126,INM-CM5-0
1994,26.56,ssp126,INM-CM5-0
1995,29.88,ssp126,INM-CM5-0
1996,30.17,ssp126,INM-CM5-0
1997,28.58,ssp126,INM-CM5-0
1998,31.87,ssp126,INM-CM5-0
1999,30.02,ssp126,INM-CM5-0
2000,30.26,ssp126,INM-CM5-0
2001,30.83,ssp126,INM-CM5-0
2002,28.93,ssp126,INM-CM5-0
2003,34.64,ssp126,INM-CM5-0
2004,32.49,ssp126,INM-CM5-0
2005,32.65,ssp126,INM-CM5-0
2006,33.46,ssp126,INM-CM5-0
2007,30.69,ssp126,INM-CM5-0
2008,28.47,ssp126,INM-CM5-0
2009,29.5,ssp126,INM-CM5-0
2010,28.56,ssp126,INM-CM5-0
2011,30.49,ssp126,INM-CM5-0
2012,33.22,ssp126,INM-CM5-0
2013,32.23,ssp126,INM-CM5-0
2014,30.01,ssp126,INM-CM5-0
2015,27.99,ssp126,INM-CM5-0
2016,30.09,ssp126,INM-CM5-0
2017,28.98,ssp126,INM-CM5-0
2018,29.82,ssp126,INM-CM5-0
2019,32.33,ssp126,INM-CM5-0
2020,32.68,ssp126,INM-CM5-0
2021,27.8,ssp126,INM-CM5-0
2022,29.76,ssp126,INM-CM5-0
2023,34.68,ssp126,INM-CM5-0
2024,29.75,ssp126,INM-CM5-0
2025,30.06,ssp126,INM-CM5-0
2026,26.82,ssp126,INM-CM5-0
2027,33.76,ssp126,INM-CM5-0
2028,29.12,ssp126,INM-CM5-0
2029,32.04,ssp126,INM-CM5-0
2030,27.64,ssp126,INM-CM5-0
2031,32.23,ssp126,INM-CM5-0
2032,29.64,ssp126,INM-CM5-0
2033,34.2,ssp126,INM-CM5-0
2034,40.11,ssp126,INM-CM5-0
2035,36.75,ssp126,INM-CM5-0
2036,31.74,ssp126,INM-CM5-0
2037,31.54,ssp126,INM-CM5-0
2038,30.26,ssp126,INM-CM5-0
2039,32.22,ssp126,INM-CM5-0
2040,34.27,ssp126,INM-CM5-0
2041,25.62,ssp126,INM-CM5-0
2042,31.56,ssp126,INM-CM5-0
2043,29.45,ssp126,INM-CM5-0
2044,33.29,ssp126,INM-CM5-0
2045,31.59,ssp126,INM-CM5-0
2046,34.63,ssp126,INM-CM5-0
2047,36.51,ssp126,INM-CM5-0
2048,32.75,ssp126,INM-CM5-0
2049,30.04,ssp126,INM-CM5-0
2050,27.99,ssp126,INM-CM5-0
2051,33.38,ssp126,INM-CM5-0
2052,28.83,ssp126,INM-CM5-0
2053,27.53,ssp126,INM-CM5-0
2054,31.22,ssp126,INM-CM5-0
2055,32.06,ssp126,INM-CM5-0
2056,27.45,ssp126,INM-CM5-0
2057,29.66,ssp126,INM-CM5-0
2058,31.19,ssp126,INM-CM5-0
2059,32.19,ssp126,INM-CM5-0
2060,28.6,ssp126,INM-CM5-0
2061,27.29,ssp126,INM-CM5-0
2062,35.52,ssp126,INM-CM5-0
2063,26.84,ssp126,INM-CM5-0
2064,25.15,ssp126,INM-CM5-0
2065,29.9,ssp126,INM-CM5-0
2066,31.62,ssp126,INM-CM5-0
2067,34.62,ssp126,INM-CM5-0
2068,36.51,ssp126,INM-CM5-0
2069,27.44,ssp126,INM-CM5-0
2070,34.3,ssp126,INM-CM5-0
2071,30.18,ssp126,INM-CM5-0
2072,32.45,ssp126,INM-CM5-0
2073,28.31,ssp126,INM-CM5-0
2074,26.8,ssp126,INM-CM5-0
2075,30.89,ssp126,INM-CM5-0
2076,38.96,ssp126,INM-CM5-0
2077,32.75,ssp126,INM-CM5-0
2078,28.58,ssp126,INM-CM5-0
2079,38.48,ssp126,INM-CM5-0
2080,28.26,ssp126,INM-CM5-0
2081,31.27,ssp126,INM-CM5-0
2082,34.57,ssp126,INM-CM5-0
2083,29.78,ssp126,INM-CM5-0
2084,34.89,ssp126,INM-CM5-0
2085,32.27,ssp126,INM-CM5-0
2086,32.85,ssp126,INM-CM5-0
2087,34.06,ssp126,INM-CM5-0
2088,29.53,ssp126,INM-CM5-0
2089,33.05,ssp126,INM-CM5-0
2090,31.68,ssp126,INM-CM5-0
2091,31.75,ssp126,INM-CM5-0
2092,28.96,ssp126,INM-CM5-0
2093,31.43,ssp126,INM-CM5-0
2094,33.02,ssp126,INM-CM5-0
2095,32.76,ssp126,INM-CM5-0
2096,29.81,ssp126,INM-CM5-0
2097,26.71,ssp126,INM-CM5-0
2098,29.21,ssp126,INM-CM5-0
2099,30.17,ssp126,INM-CM5-0
2100,34.88,ssp126,INM-CM5-0
1950,28.96,ssp126,IPSL-CM6A-LR
1951,32.32,ssp126,IPSL-CM6A-LR
1952,31.64,ssp126,IPSL-CM6A-LR
1953,29.56,ssp126,IPSL-CM6A-LR
1954,28.07,ssp126,IPSL-CM6A-LR
1955,31.44,ssp126,IPSL-CM6A-LR
1956,29.69,ssp126,IPSL-CM6A-LR
1957,28.13,ssp126,IPSL-CM6A-LR
1958,30.82,ssp126,IPSL-CM6A-LR
1959,26.38,ssp126,IPSL-CM6A-LR
1960,30.97,ssp126,IPSL-CM6A-LR
1961,30.95,ssp126,IPSL-CM6A-LR
1962,30.18,ssp126,IPSL-CM6A-LR
1963,30.91,ssp126,IPSL-CM6A-LR
1964,30.29,ssp126,IPSL-CM6A-LR
1965,31.55,ssp126,IPSL-CM6A-LR
1966,29.81,ssp126,IPSL-CM6A-LR
1967,27.3,ssp126,IPSL-CM6A-LR
1968,34.86,ssp126,IPSL-CM6A-LR
1969,29.86,ssp126,IPSL-CM6A-LR
1970,27.59,ssp126,IPSL-CM6A-LR
1971,31.81,ssp126,IPSL-CM6A-LR
1972,32.91,ssp126,IPSL-CM6A-LR
1973,29.8,ssp126,IPSL-CM6A-LR
1974,30.39,ssp126,IPSL-CM6A-LR
1975,28.15,ssp126,IPSL-CM6A-LR
1976,28.66,ssp126,IPSL-CM6A-LR
1977,25.93,ssp126,IPSL-CM6A-LR
1978,29.23,ssp126,IPSL-CM6A-LR
1979,33.43,ssp126,IPSL-CM6A-LR
1980,36.16,ssp126,IPSL-CM6A-LR
1981,32.7,ssp126,IPSL-CM6A-LR
1982,28.67,ssp126,IPSL-CM6A-LR
1983,31.13,ssp126,IPSL-CM6A-LR
1984,26.41,ssp126,IPSL-CM6A-LR
1985,26.49,ssp126,IPSL-CM6A-LR
1986,27.92,ssp126,IPSL-CM6A-LR
1987,31.27,ssp126,IPSL-CM6A-LR
1988,32.27,ssp126,IPSL-CM6A-LR
1989,31.99,ssp126,IPSL-CM6A-LR
1990,27.21,ssp126,IPSL-CM6A-LR
1991,32.29,ssp126,IPSL-CM6A-LR
1992,28.98,ssp126,IPSL-CM6A-LR
1993,32.17,ssp126,IPSL-CM6A-LR
1994,29.99,ssp126,IPSL-CM6A-LR
1995,27.8,ssp126,IPSL-CM6A-LR
1996,30.87,ssp126,IPSL-CM6A-LR
1997,28.97,ssp126,IPSL-CM6A-LR
1998,30.21,ssp126,IPSL-CM6A-LR
1999,30.61,ssp126,IPSL-CM6A-LR
2000,33.71,ssp126,IPSL-CM6A-LR
2001,30.93,ssp126,IPSL-CM6A-LR
2002,32.82,ssp126,IPSL-CM6A-LR
2003,27.31,ssp126,IPSL-CM6A-LR
2004,27.75,ssp126,IPSL-CM6A-LR
2005,31.45,ssp126,IPSL-CM6A-LR
2006,33.3,ssp126,IPSL-CM6A-LR
2007,25.04,ssp126,IPSL-CM6A-LR
2008,28.6,ssp126,IPSL-CM6A-LR
2009,34.95,ssp126,IPSL-CM6A-LR
2010,30.18,ssp126,IPSL-CM6A-LR
2011,33.17,ssp126,IPSL-CM6A-LR
2012,31.66,ssp126,IPSL-CM6A-LR
2013,28.91,ssp126,IPSL-CM6A-LR
2014,30.2,ssp126,IPSL-CM6A-LR
2015,30.33,ssp126,IPSL-CM6A-LR
2016,29.97,ssp126,IPSL-CM6A-LR
2017,29.41,ssp126,IPSL-CM6A-LR
2018,33.94,ssp126,IPSL-CM6A-LR
2019,28.7,ssp126,IPSL-CM6A-LR
2020,33.23,ssp126,IPSL-CM6A-LR
2021,34.49,ssp126,IPSL-CM6A-LR
2022,30.45,ssp126,IPSL-CM6A-LR
2023,30.84,ssp126,IPSL-CM6A-LR
2024,32.15,ssp126,IPSL-CM6A-LR
2025,30.3,ssp126,IPSL-CM6A-LR
2026,30.52,ssp126,IPSL-CM6A-LR
2027,29.29,ssp126,IPSL-CM6A-LR
2028,33.78,ssp126,IPSL-CM6A-LR
2029,31.53,ssp126,IPSL-CM6A-LR
2030,32.25,ssp126,IPSL-CM6A-LR
2031,34.29,ssp126,IPSL-CM6A-LR
2032,34.95,ssp126,IPSL-CM6A-LR
2033,36.39,ssp126,IPSL-CM6A-LR
2034,31.82,ssp126,IPSL-CM6A-LR
2035,33.17,ssp126,IPSL-CM6A-LR
2036,30.21,ssp126,IPSL-CM6A-LR
2037,33.52,ssp126,IPSL-CM6A-LR
2038,31.76,ssp126,IPSL-CM6A-LR
2039,33.96,ssp126,IPSL-CM6A-LR
2040,27.62,ssp126,IPSL-CM6A-LR
2041,33.49,ssp126,IPSL-CM6A-LR
2042,32.53,ssp126,IPSL-CM6A-LR
2043,24.35,ssp126,IPSL-CM6A-LR
2044,30.09,ssp126,IPSL-CM6A-LR
2045,31.1,ssp126,IPSL-CM6A-LR
2046,30.61,ssp126,IPSL-CM6A-LR
2047,32.46,ssp126,IPSL-CM6A-LR
2048,33.87,ssp126,IPSL-CM6A-LR
2049,30.85,ssp126,IPSL-CM6A-LR
2050,38.76,ssp126,IPSL-CM6A-LR
2051,27.2,ssp126,IPSL-CM6A-LR
2052,28.69,ssp126,IPSL-CM6A-LR
2053,30.65,ssp126,IPSL-CM6A-LR
2054,32.24,ssp126,IPSL-CM6A-LR
2055,34.19,ssp126,IPSL-CM6A-LR
2056,34.04,ssp126,IPSL-CM6A-LR
2057,33.67,ssp126,IPSL-CM6A-LR
2058,34.64,ssp126,IPSL-CM6A-LR
2059,30.77,ssp126,IPSL-CM6A-LR
2060,26.73,ssp126,IPSL-CM6A-LR
2061,34.84,ssp126,IPSL-CM6A-LR
2062,32.1,ssp126,IPSL-CM6A-LR
2063,37.0,ssp126,IPSL-CM6A-LR
2064,32.1,ssp126,IPSL-CM6A-LR
2065,35.14,ssp126,IPSL-CM6A-LR
2066,29.15,ssp126,IPSL-CM6A-LR
2067,29.07,ssp126,IPSL-CM6A-LR
2068,32.0,ssp126,IPSL-CM6A-LR
2069,33.39,ssp126,IPSL-CM6A-LR
2070,31.37,ssp126,IPSL-CM6A-LR
2071,29.92,ssp126,IPSL-CM6A-LR
2072,30.06,ssp126,IPSL-CM6A-LR
2073,32.9,ssp126,IPSL-CM6A-LR
2074,31.3,ssp126,IPSL-CM6A-LR
2075,33.49,ssp126,IPSL-CM6A-LR
2076,38.41,ssp126,IPSL-CM6A-LR
2077,33.93,ssp126,IPSL-CM6A-LR
2078,31.72,ssp126,IPSL-CM6A-LR
2079,36.86,ssp126,IPSL-CM6A-LR
2080,39.15,ssp126,IPSL-CM6A-LR
2081,37.93,ssp126,IPSL-CM6A-LR
2082,36.84,ssp126,IPSL-CM6A-LR
2083,33.07,ssp126,IPSL-CM6A-LR
2084,34.16,ssp126,IPSL-CM6A-LR
2085,28.3,ssp126,IPSL-CM6A-LR
2086,32.15,ssp126,IPSL-CM6A-LR
2087,34.26,ssp126,IPSL-CM6A-LR
2088,32.24,ssp126,IPSL-CM6A-LR
2089,30.16,ssp126,IPSL-CM6A-LR
2090,32.52,ssp126,IPSL-CM6A-LR
2091,32.29,ssp126,IPSL-CM6A-LR
2092,29.34,ssp126,IPSL-CM6A-LR
2093,34.15,ssp126,IPSL-CM6A-LR
2094,32.61,ssp126,IPSL-CM6A-LR
2095,31.88,ssp126,IPSL-CM6A-LR
2096,30.36,ssp126,IPSL-CM6A-LR
2097,31.55,ssp126,IPSL-CM6A-LR
2098,33.18,ssp126,IPSL-CM6A-LR
2099,33.1,ssp126,IPSL-CM6A-LR
2100,35.1,ssp126,IPSL-CM6A-LR
1950,27.06,ssp126,MIROC6
1951,33.16,ssp126,MIROC6
1952,30.91,ssp126,MIROC6
1953,28.42,ssp126,MIROC6
1954,30.53,ssp126,MIROC6
1955,32.72,ssp126,MIROC6
1956,33.09,ssp126,MIROC6
1957,31.69,ssp126,MIROC6
1958,32.64,ssp126,MIROC6
1959,26.83,ssp126,MIROC6
1960,31.71,ssp126,MIROC6
1961,32.65,ssp126,MIROC6
1962,30.8,ssp126,MIROC6
1963,27.77,ssp126,MIROC6
1964,27.89,ssp126,MIROC6
1965,23.91,ssp126,MIROC6
1966,28.72,ssp126,MIROC6
1967,31.12,ssp126,MIROC6
1968,31.09,ssp126,MIROC6
1969,29.93,ssp126,MIROC6
1970,31.32,ssp126,MIROC6
1971,29.41,ssp126,MIROC6
1972,29.75,ssp126,MIROC6
1973,30.27,ssp126,MIROC6
1974,31.49,ssp126,MIROC6
1975,30.54,ssp126,MIROC6
1976,31.69,ssp126,MIROC6
1977,27.86,ssp126,MIROC6
1978,30.45,ssp126,MIROC6
1979,27.24,ssp126,MIROC6
1980,28.32,ssp126,MIROC6
1981,27.66,ssp126,MIROC6
1982,29.68,ssp126,MIROC6
1983,32.76,ssp126,MIROC6
1984,31.75,ssp126,MIROC6
1985,30.32,ssp126,MIROC6
1986,26.72,ssp126,MIROC6
1987,32.2,ssp126,MIROC6
1988,34.07,ssp126,MIROC6
1989,29.55,ssp126,MIROC6
1990,30.98,ssp126,MIROC6
1991,30.81,ssp126,MIROC6
1992,29.52,ssp126,MIROC6
1993,34.42,ssp126,MIROC6
1994,31.12,ssp126,MIROC6
1995,25.55,ssp126,MIROC6
1996,24.79,ssp126,MIROC6
1997,32.17,ssp126,MIROC6
1998,35.28,ssp126,MIROC6
1999,33.48,ssp126,MIROC6
2000,28.1,ssp126,MIROC6
2001,26.54,ssp126,MIROC6
2002,25.66,ssp126,MIROC6
2003,36.06,ssp126,MIROC6
2004,32.34,ssp126,MIROC6
2005,28.49,ssp126,MIROC6
2006,27.63,ssp126,MIROC6
2007,32.01,ssp126,MIROC6
2008,34.64,ssp126,MIROC6
2009,32.44,ssp126,MIROC6
2010,31.17,ssp126,MIROC6
2011,28.38,ssp126,MIROC6
2012,27.87,ssp126,MIROC6
2013,31.47,ssp126,MIROC6
2014,29.25,ssp126,MIROC6
2015,28.44,ssp126,MIROC6
2016,27.52,ssp126,MIROC6
2017,29.39,ssp126,MIROC6
2018,29.95,ssp126,MIROC6
2019,32.5,ssp126,MIROC6
2020,27.04,ssp126,MIROC6
2021,27.25,ssp126,MIROC6
2022,29.83,ssp126,MIROC6
2023,33.05,ssp126,MIROC6
2024,34.91,ssp126,MIROC6
2025,32.84,ssp126,MIROC6
2026,28.93,ssp126,MIROC6
2027,29.48,ssp126,MIROC6
2028,31.21,ssp126,MIROC6
2029,30.73,ssp126,MIROC6
2030,38.09,ssp126,MIROC6
2031,31.94,ssp126,MIROC6
2032,26.91,ssp126,MIROC6
2033,26.76,ssp126,MIROC6
2034,32.95,ssp126,MIROC6
2035,34.83,ssp126,MIROC6
2036,33.54,ssp126,MIROC6
2037,33.6,ssp126,MIROC6
2038,27.36,ssp126,MIROC6
2039,30.53,ssp126,MIROC6
2040,31.66,ssp126,MIROC6
2041,34.28,ssp126,MIROC6
2042,32.57,ssp126,MIROC6
2043,33.13,ssp126,MIROC6
2044,27.11,ssp126,MIROC6
2045,34.22,ssp126,MIROC6
2046,30.15,ssp126,MIROC6
2047,30.9,ssp126,MIROC6
2048,30.44,ssp126,MIROC6
2049,31.5,ssp126,MIROC6
2050,33.62,ssp126,MIROC6
2051,31.56,ssp126,MIROC6
2052,30.88,ssp126,MIROC6
2053,27.77,ssp126,MIROC6
2054,29.76,ssp126,MIROC6
2055,33.9,ssp126,MIROC6
2056,37.59,ssp126,MIROC6
2057,29.54,ssp126,MIROC6
2058,28.42,ssp126,MIROC6
2059,31.3,ssp126,MIROC6
2060,36.03,ssp126,MIROC6
2061,37.22,ssp126,MIROC6
2062,34.92,ssp126,MIROC6
2063,30.13,ssp126,MIROC6
2064,28.4,ssp126,MIROC6
2065,28.81,ssp126,MIROC6
2066,32.18,ssp126,MIROC6
2067,33.42,ssp126,MIROC6
2068,28.33,ssp126,MIROC6
2069,30.42,ssp126,MIROC6
2070,31.95,ssp126,MIROC6
2071,34.69,ssp126,MIROC6
2072,39.41,ssp126,MIROC6
2073,31.39,ssp126,MIROC6
2074,34.3,ssp126,MIROC6
2075,33.72,ssp126,MIROC6
2076,34.49,ssp126,MIROC6
2077,31.05,ssp126,MIROC6
2078,32.11,ssp126,MIROC6
2079,31.39,ssp126,MIROC6
2080,30.39,ssp126,MIROC6
2081,32.82,ssp126,MIROC6
2082,30.92,ssp126,MIROC6
2083,33.88,ssp126,MIROC6
2084,32.3,ssp126,MIROC6
2085,31.54,ssp126,MIROC6
2086,37.47,ssp126,MIROC6
2087,27.53,ssp126,MIROC6
2088,30.35,ssp126,MIROC6
2089,32.38,ssp126,MIROC6
2090,29.02,ssp126,MIROC6
2091,29.56,ssp126,MIROC6
2092,28.39,ssp126,MIROC6
2093,28.2,ssp126,MIROC6
2094,27.54,ssp126,MIROC6
2095,26.01,ssp126,MIROC6
2096,28.39,ssp126,MIROC6
2097,30.77,ssp126,MIROC6
2098,36.34,ssp126,MIROC6
2099,33.61,ssp126,MIROC6
2100,24.81,ssp126,MIROC6
1950,30.02,ssp126,MPI-ESM1-2-HR
1951,31.07,ssp126,MPI-ESM1-2-HR
1952,28.27,ssp126,MPI-ESM1-2-HR
1953,30.99,ssp126,MPI-ESM1-2-HR
1954,26.26,ssp126,MPI-ESM1-2-HR
1955,29.06,ssp126,MPI-ESM1-2-HR
1956,28.79,ssp126,MPI-ESM1-2-HR
1957,26.33,ssp126,MPI-ESM1-2-HR
1958,29.41,ssp126,MPI-ESM1-2-HR
1959,30.66,ssp126,MPI-ESM1-2-HR
1960,27.81,ssp126,MPI-ESM1-2-HR
1961,28.21,ssp126,MPI-ESM1-2-HR
1962,33.79,ssp126,MPI-ESM1-2-HR
1963,29.56,ssp126,MPI-ESM1-2-HR
1964,31.03,ssp126,MPI-ESM1-2-HR
1965,31.38,ssp126,MPI-ESM1-2-HR
1966,26.89,ssp126,MPI-ESM1-2-HR
1967,25.59,ssp126,MPI-ESM1-2-HR
1968,27.14,ssp126,MPI-ESM1-2-HR
1969,28.12,ssp126,MPI-ESM1-2-HR
1970,32.03,ssp126,MPI-ESM1-2-HR
1971,27.05,ssp126,MPI-ESM1-2-HR
1972,29.48,ssp126,MPI-ESM1-2-HR
1973,27.81,ssp126,MPI-ESM1-2-HR
1974,29.03,ssp126,MPI-ESM1-2-HR
1975,28.25,ssp126,MPI-ESM1-2-HR
1976,34.34,ssp126,MPI-ESM1-2-HR
1977,30.68,ssp126,MPI-ESM1-2-HR
1978,30.59,ssp126,MPI-ESM1-2-HR
1979,33.87,ssp126,MPI-ESM1-2-HR
1980,29.08,ssp126,MPI-ESM1-2-HR
1981,31.1,ssp126,MPI-ESM1-2-HR
1982,31.43,ssp126,MPI-ESM1-2-HR
1983,29.44,ssp126,MPI-ESM1-2-HR
1984,32.29,ssp126,MPI-ESM1-2-HR
1985,33.15,ssp126,MPI-ESM1-2-HR
1986,32.99,ssp126,MPI-ESM1-2-HR
1987,31.55,ssp126,MPI-ESM1-2-HR
1988,31.65,ssp126,MPI-ESM1-2-HR
1989,29.04,ssp126,MPI-ESM1-2-HR
1990,27.62,ssp126,MPI-ESM1-2-HR
1991,31.06,ssp126,MPI-ESM1-2-HR
1992,29.99,ssp126,MPI-ESM1-2-HR
1993,30.94,ssp126,MPI-ESM1-2-HR
1994,34.92,ssp126,MPI-ESM1-2-HR
1995,31.02,ssp126,MPI-ESM1-2-HR
1996,26.47,ssp126,MPI-ESM1-2-HR
1997,27.34,ssp126,MPI-ESM1-2-HR
1998,29.11,ssp126,MPI-ESM1-2-HR
1999,34.13,ssp126,MPI-ESM1-2-HR
2000,33.91,ssp126,MPI-ESM1-2-HR
2001,32.84,ssp126,MPI-ESM1-2-HR
2002,29.44,ssp126,MPI-ESM1-2-HR
2003,29.3,ssp126,MPI-ESM1-2-HR
2004,29.32,ssp126,MPI-ESM1-2-HR
2005,30.51,ssp126,MPI-ESM1-2-HR
2006,28.36,ssp126,MPI-ESM1-2-HR
2007,30.6,ssp126,MPI-ESM1-2-HR
2008,28.55,ssp126,MPI-ESM1-2-HR
2009,28.01,ssp126,MPI-ESM1-2-HR
2010,30.45,ssp126,MPI-ESM1-2-HR
2011,35.35,ssp126,MPI-ESM1-2-HR
2012,31.76,ssp126,MPI-ESM1-2-HR
2013,32.43,ssp126,MPI-ESM1-2-HR
2014,29.02,ssp126,MPI-ESM1-2-HR
2015,28.33,ssp126,MPI-ESM1-2-HR
2016,32.26,ssp126,MPI-ESM1-2-HR
2017,28.41,ssp126,MPI-ESM1-2-HR
2018,32.53,ssp126,MPI-ESM1-2-HR
2019,29.82,ssp126,MPI-ESM1-2-HR
2020,33.31,ssp126,MPI-ESM1-2-HR
2021,24.85,ssp126,MPI-ESM1-2-HR
2022,33.31,ssp126,MPI-ESM1-2-HR
2023,30.19,ssp126,MPI-ESM1-2-HR
2024,30.83,ssp126,MPI-ESM1-2-HR
2025,27.83,ssp126,MPI-ESM1-2-HR
2026,28.48,ssp126,MPI-ESM1-2-HR
2027,29.26,ssp126,MPI-ESM1-2-HR
2028,31.15,ssp126,MPI-ESM1-2-HR
2029,28.76,ssp126,MPI-ESM1-2-HR
2030,27.39,ssp126,MPI-ESM1-2-HR
2031,26.86,ssp126,MPI-ESM1-2-HR
2032,28.54,ssp126,MPI-ESM1-2-HR
2033,30.84,ssp126,MPI-ESM1-2-HR
2034,31.39,ssp126,MPI-ESM1-2-HR
2035,27.19,ssp126,MPI-ESM1-2-HR
2036,33.74,ssp126,MPI-ESM1-2-HR
2037,27.38,ssp126,MPI-ESM1-2-HR
2038,29.3,ssp126,MPI-ESM1-2-HR
2039,32.46,ssp126,MPI-ESM1-2-HR
2040,33.77,ssp126,MPI-ESM1-2-HR
2041,35.61,ssp126,MPI-ESM1-2-HR
2042,29.97,ssp126,MPI-ESM1-2-HR
2043,28.41,ssp126,MPI-ESM1-2-HR
2044,32.17,ssp126,MPI-ESM1-2-HR
2045,27.56,ssp126,MPI-ESM1-2-HR
2046,31.19,ssp126,MPI-ESM1-2-HR
2047,28.94,ssp126,MPI-ESM1-2-HR
2048,30.73,ssp126,MPI-ESM1-2-HR
2049,28.46,ssp126,MPI-ESM1-2-HR
2050,31.06,ssp126,MPI-ESM1-2-HR
2051,27.26,ssp126,MPI-ESM1-2-HR
2052,32.43,ssp126,MPI-ESM1-2-HR
2053,32.77,ssp126,MPI-ESM1-2-HR
2054,29.89,ssp126,MPI-ESM1-2-HR
2055,30.82,ssp126,MPI-ESM1-2-HR
2056,29.72,ssp126,MPI-ESM1-2-HR
2057,29.44,ssp126,MPI-ESM1-2-HR
2058,33.95,ssp126,MPI-ESM1-2-HR
2059,31.55,ssp126,MPI-ESM1-2-HR
2060,31.25,ssp126,MPI-ESM1-2-HR
2061,29.04,ssp126,MPI-ESM1-2-HR
2062,29.51,ssp126,MPI-ESM1-2-HR
2063,28.09,ssp126,MPI-ESM1-2-HR
2064,34.98,ssp126,MPI-ESM1-2-HR
2065,33.6,ssp126,MPI-ESM1-2-HR
2066,32.7,ssp126,MPI-ESM1-2-HR
2067,30.06,ssp126,MPI-ESM1-2-HR
2068,31.29,ssp126,MPI-ESM1-2-HR
2069,31.34,ssp126,MPI-ESM1-2-HR
2070,34.92,ssp126,MPI-ESM1-2-HR
2071,31.87,ssp126,MPI-ESM1-2-HR
2072,29.92,ssp126,MPI-ESM1-2-HR
2073,28.16,ssp126,MPI-ESM1-2-HR
2074,29.74,ssp126,MPI-ESM1-2-HR
2075,31.99,ssp126,MPI-ESM1-2-HR
2076,34.58,ssp126,MPI-ESM1-2-HR
2077,29.83,ssp126,MPI-ESM1-2-HR
2078,31.76,ssp126,MPI-ESM1-2-HR
2079,28.31,ssp126,MPI-ESM1-2-HR
2080,34.69,ssp126,MPI-ESM1-2-HR
2081,33.3,ssp126,MPI-ESM1-2-HR
2082,30.72,ssp126,MPI-ESM1-2-HR
2083,29.23,ssp126,MPI-ESM1-2-HR
2084,35.29,ssp126,MPI-ESM1-2-HR
2085,32.65,ssp126,MPI-ESM1-2-HR
2086,30.92,ssp126,MPI-ESM1-2-HR
2087,27.15,ssp126,MPI-ESM1-2-HR
2088,27.76,ssp126,MPI-ESM1-2-HR
2089,30.16,ssp126,MPI-ESM1-2-HR
2090,28.91,ssp126,MPI-ESM1-2-HR
2091,31.49,ssp126,MPI-ESM1-2-HR
2092,26.96,ssp126,MPI-ESM1-2-HR
2093,29.12,ssp126,MPI-ESM1-2-HR
2094,32.46,ssp126,MPI-ESM1-2-HR
2095,31.82,ssp126,MPI-ESM1-2-HR
2096,28.87,ssp126,MPI-ESM1-2-HR
2097,28.73,ssp126,MPI-ESM1-2-HR
2098,30.43,ssp126,MPI-ESM1-2-HR
2099,32.95,ssp126,MPI-ESM1-2-HR
2100,26.22,ssp126,MPI-ESM1-2-HR
1950,32.63,ssp126,MPI-ESM1-2-LR
1951,32.42,ssp126,MPI-ESM1-2-LR
1952,32.63,ssp126,MPI-ESM1-2-LR
1953,34.12,ssp126,MPI-ESM1-2-LR
1954,30.35,ssp126,MPI-ESM1-2-LR
1955,27.09,ssp126,MPI-ESM1-2-LR
1956,27.07,ssp126,MPI-ESM1-2-LR
1957,27.84,ssp126,MPI-ESM1-2-LR
1958,24.79,ssp126,MPI-ESM1-2-LR
1959,29.45,ssp126,MPI-ESM1-2-LR
1960,34.73,ssp126,MPI-ESM1-2-LR
1961,35.28,ssp126,MPI-ESM1-2-LR
1962,30.32,ssp126,MPI-ESM1-2-LR
1963,29.76,ssp126,MPI-ESM1-2-LR
1964,30.72,ssp126,MPI-ESM1-2-LR
1965,28.75,ssp126,MPI-ESM1-2-LR
1966,36.27,ssp126,MPI-ESM1-2-LR
1967,26.86,ssp126,MPI-ESM1-2-LR
1968,31.08,ssp126,MPI-ESM1-2-LR
1969,34.15,ssp126,MPI-ESM1-2-LR
1970,29.77,ssp126,MPI-ESM1-2-LR
1971,26.87,ssp126,MPI-ESM1-2-LR
1972,35.94,ssp126,MPI-ESM1-2-LR
1973,33.08,ssp126,MPI-ESM1-2-LR
1974,31.95,ssp126,MPI-ESM1-2-LR
1975,28.77,ssp126,MPI-ESM1-2-LR
1976,28.7,ssp126,MPI-ESM1-2-LR
1977,24.69,ssp126,MPI-ESM1-2-LR
1978,25.22,ssp126,MPI-ESM1-2-LR
1979,26.93,ssp126,MPI-ESM1-2-LR
1980,28.96,ssp126,MPI-ESM1-2-LR
1981,28.26,ssp126,MPI-ESM1-2-LR
1982,29.69,ssp126,MPI-ESM1-2-LR
1983,33.44,ssp126,MPI-ESM1-2-LR
1984,30.77,ssp126,MPI-ESM1-2-LR
1985,28.22,ssp126,MPI-ESM1-2-LR
1986,32.89,ssp126,MPI-ESM1-2-LR
1987,22.59,ssp126,MPI-ESM1-2-LR
1988,32.35,ssp126,MPI-ESM1-2-LR
1989,24.25,ssp126,MPI-ESM1-2-LR
1990,30.91,ssp126,MPI-ESM1-2-LR
1991,30.7,ssp126,MPI-ESM1-2-LR
1992,32.1,ssp126,MPI-ESM1-2-LR
1993,30.92,ssp126,MPI-ESM1-2-LR
1994,24.92,ssp126,MPI-ESM1-2-LR
1995,30.21,ssp126,MPI-ESM1-2-LR
1996,30.48,ssp126,MPI-ESM1-2-LR
1997,34.59,ssp126,MPI-ESM1-2-LR
1998,33.79,ssp126,MPI-ESM1-2-LR
1999,32.25,ssp126,MPI-ESM1-2-LR
2000,28.26,ssp126,MPI-ESM1-2-LR
2001,27.44,ssp126,MPI-ESM1-2-LR
2002,30.07,ssp126,MPI-ESM1-2-LR
2003,34.08,ssp126,MPI-ESM1-2-LR
2004,28.7,ssp126,MPI-ESM1-2-LR
2005,25.67,ssp126,MPI-ESM1-2-LR
2006,28.36,ssp126,MPI-ESM1-2-LR
2007,28.63,ssp126,MPI-ESM1-2-LR
2008,28.2,ssp126,MPI-ESM1-2-LR
2009,32.9,ssp126,MPI-ESM1-2-LR
2010,28.3,ssp126,MPI-ESM1-2-LR
2011,30.96,ssp126,MPI-ESM1-2-LR
2012,35.59,ssp126,MPI-ESM1-2-LR
2013,34.31,ssp126,MPI-ESM1-2-LR
2014,28.85,ssp126,MPI-ESM1-2-LR
2015,34.13,ssp126,MPI-ESM1-2-LR
2016,35.34,ssp126,MPI-ESM1-2-LR
2017,35.64,ssp126,MPI-ESM1-2-LR
2018,35.63,ssp126,MPI-ESM1-2-LR
2019,34.02,ssp126,MPI-ESM1-2-LR
2020,36.69,ssp126,MPI-ESM1-2-LR
2021,33.34,ssp126,MPI-ESM1-2-LR
2022,33.98,ssp126,MPI-ESM1-2-LR
2023,29.3,ssp126,MPI-ESM1-2-LR
2024,26.42,ssp126,MPI-ESM1-2-LR
2025,30.69,ssp126,MPI-ESM1-2-LR
2026,30.32,ssp126,MPI-ESM1-2-LR
2027,31.38,ssp126,MPI-ESM1-2-LR
2028,31.89,ssp126,MPI-ESM1-2-LR
2029,30.96,ssp126,MPI-ESM1-2-LR
2030,32.67,ssp126,MPI-ESM1-2-LR
2031,36.21,ssp126,MPI-ESM1-2-LR
2032,33.2,ssp126,MPI-ESM1-2-LR
2033,31.97,ssp126,MPI-ESM1-2-LR
2034,33.94,ssp126,MPI-ESM1-2-LR
2035,35.63,ssp126,MPI-ESM1-2-LR
2036,36.42,ssp126,MPI-ESM1-2-LR
2037,30.2,ssp126,MPI-ESM1-2-LR
2038,31.8,ssp126,MPI-ESM1-2-LR
2039,32.7,ssp126,MPI-ESM1-2-LR
2040,32.37,ssp126,MPI-ESM1-2-LR
2041,32.47,ssp126,MPI-ESM1-2-LR
2042,28.24,ssp126,MPI-ESM1-2-LR
2043,35.09,ssp126,MPI-ESM1-2-LR
2044,31.81,ssp126,MPI-ESM1-2-LR
2045,32.62,ssp126,MPI-ESM1-2-LR
2046,30.38,ssp126,MPI-ESM1-2-LR
2047,31.68,ssp126,MPI-ESM1-2-LR
2048,30.64,ssp126,MPI-ESM1-2-LR
2049,28.81,ssp126,MPI-ESM1-2-LR
2050,31.53,ssp126,MPI-ESM1-2-LR
2051,33.14,ssp126,MPI-ESM1-2-LR
2052,31.45,ssp126,MPI-ESM1-2-LR
2053,27.21,ssp126,MPI-ESM1-2-LR
2054,28.45,ssp126,MPI-ESM1-2-LR
2055,33.32,ssp126,MPI-ESM1-2-LR
2056,31.54,ssp126,MPI-ESM1-2-LR
2057,30.66,ssp126,MPI-ESM1-2-LR
2058,33.81,ssp126,MPI-ESM1-2-LR
2059,34.18,ssp126,MPI-ESM1-2-LR
2060,37.68,ssp126,MPI-ESM1-2-LR
2061,28.57,ssp126,MPI-ESM1-2-LR
2062,30.0,ssp126,MPI-ESM1-2-LR
2063,26.13,ssp126,MPI-ESM1-2-LR
2064,29.74,ssp126,MPI-ESM1-2-LR
2065,32.39,ssp126,MPI-ESM1-2-LR
2066,33.51,ssp126,MPI-ESM1-2-LR
2067,33.37,ssp126,MPI-ESM1-2-LR
2068,34.4,ssp126,MPI-ESM1-2-LR
2069,29.52,ssp126,MPI-ESM1-2-LR
2070,32.51,ssp126,MPI-ESM1-2-LR
2071,31.68,ssp126,MPI-ESM1-2-LR
2072,31.23,ssp126,MPI-ESM1-2-LR
2073,31.69,ssp126,MPI-ESM1-2-LR
2074,30.59,ssp126,MPI-ESM1-2-LR
2075,30.34,ssp126,MPI-ESM1-2-LR
2076,34.05,ssp126,MPI-ESM1-2-LR
2077,27.3,ssp126,MPI-ESM1-2-LR
2078,28.87,ssp126,MPI-ESM1-2-LR
2079,30.17,ssp126,MPI-ESM1-2-LR
2080,30.45,ssp126,MPI-ESM1-2-LR
2081,33.9,ssp126,MPI-ESM1-2-LR
2082,31.57,ssp126,MPI-ESM1-2-LR
2083,33.79,ssp126,MPI-ESM1-2-LR
2084,33.26,ssp126,MPI-ESM1-2-LR
2085,29.89,ssp126,MPI-ESM1-2-LR
2086,33.17,ssp126,MPI-ESM1-2-LR
2087,30.53,ssp126,MPI-ESM1-2-LR
2088,32.94,ssp126,MPI-ESM1-2-LR
2089,31.38,ssp126,MPI-ESM1-2-LR
2090,31.42,ssp126,MPI-ESM1-2-LR
2091,32.15,ssp126,MPI-ESM1-2-LR
2092,32.17,ssp126,MPI-ESM1-2-LR
2093,32.1,ssp126,MPI-ESM1-2-LR
2094,34.01,ssp126,MPI-ESM1-2-LR
2095,30.14,ssp126,MPI-ESM1-2-LR
2096,26.44,ssp126,MPI-ESM1-2-LR
2097,38.16,ssp126,MPI-ESM1-2-LR
2098,31.73,ssp126,MPI-ESM1-2-LR
2099,27.3,ssp126,MPI-ESM1-2-LR
2100,31.45,ssp126,MPI-ESM1-2-LR
1950,32.57,ssp126,MRI-ESM2-0
1951,31.39,ssp126,MRI-ESM2-0
1952,27.36,ssp126,MRI-ESM2-0
1953,23.02,ssp126,MRI-ESM2-0
1954,31.74,ssp126,MRI-ESM2-0
1955,34.15,ssp126,MRI-ESM2-0
1956,26.76,ssp126,MRI-ESM2-0
1957,26.14,ssp126,MRI-ESM2-0
1958,29.79,ssp126,MRI-ESM2-0
1959,29.05,ssp126,MRI-ESM2-0
1960,29.45,ssp126,MRI-ESM2-0
1961,27.28,ssp126,MRI-ESM2-0
1962,32.31,ssp126,MRI-ESM2-0
1963,30.32,ssp126,MRI-ESM2-0
1964,31.58,ssp126,MRI-ESM2-0
1965,29.91,ssp126,MRI-ESM2-0
1966,30.87,ssp126,MRI-ESM2-0
1967,31.21,ssp126,MRI-ESM2-0
1968,27.24,ssp126,MRI-ESM2-0
1969,27.72,ssp126,MRI-ESM2-0
1970,31.17,ssp126,MRI-ESM2-0
1971,31.01,ssp126,MRI-ESM2-0
1972,29.27,ssp126,MRI-ESM2-0
1973,31.12,ssp126,MRI-ESM2-0
1974,35.9,ssp126,MRI-ESM2-0
1975,32.04,ssp126,MRI-ESM2-0
1976,25.94,ssp126,MRI-ESM2-0
1977,25.3,ssp126,MRI-ESM2-0
1978,32.98,ssp126,MRI-ESM2-0
1979,29.44,ssp126,MRI-ESM2-0
1980,31.35,ssp126,MRI-ESM2-0
1981,29.29,ssp126,MRI-ESM2-0
1982,32.3,ssp126,MRI-ESM2-0
1983,29.68,ssp126,MRI-ESM2-0
1984,29.37,ssp126,MRI-ESM2-0
1985,31.44,ssp126,MRI-ESM2-0
1986,31.92,ssp126,MRI-ESM2-0
1987,27.89,ssp126,MRI-ESM2-0
1988,35.04,ssp126,MRI-ESM2-0
1989,28.76,ssp126,MRI-ESM2-0
1990,31.29,ssp126,MRI-ESM2-0
1991,31.44,ssp126,MRI-ESM2-0
1992,28.67,ssp126,MRI-ESM2-0
1993,30.6,ssp126,MRI-ESM2-0
1994,30.61,ssp126,MRI-ESM2-0
1995,31.22,ssp126,MRI-ESM2-0
1996,28.16,ssp126,MRI-ESM2-0
1997,33.67,ssp126,MRI-ESM2-0
1998,30.6,ssp126,MRI-ESM2-0
1999,31.47,ssp126,MRI-ESM2-0
2000,29.71,ssp126,MRI-ESM2-0
2001,31.31,ssp126,MRI-ESM2-0
2002,27.07,ssp126,MRI-ESM2-0
2003,29.26,ssp126,MRI-ESM2-0
2004,31.93,ssp126,MRI-ESM2-0
2005,35.56,ssp126,MRI-ESM2-0
2006,32.2,ssp126,MRI-ESM2-0
2007,30.96,ssp126,MRI-ESM2-0
2008,33.74,ssp126,MRI-ESM2-0
2009,30.14,ssp126,MRI-ESM2-0
2010,25.16,ssp126,MRI-ESM2-0
2011,29.17,ssp126,MRI-ESM2-0
2012,31.54,ssp126,MRI-ESM2-0
2013,30.95,ssp126,MRI-ESM2-0
2014,30.34,ssp126,MRI-ESM2-0
2015,34.6,ssp126,MRI-ESM2-0
2016,31.12,ssp126,MRI-ESM2-0
2017,30.0,ssp126,MRI-ESM2-0
2018,32.13,ssp126,MRI-ESM2-0
2019,33.55,ssp126,MRI-ESM2-0
2020,30.97,ssp126,MRI-ESM2-0
2021,34.68,ssp126,MRI-ESM2-0
2022,28.99,ssp126,MRI-ESM2-0
2023,31.79,ssp126,MRI-ESM2-0
2024,35.12,ssp126,MRI-ESM2-0
2025,31.8,ssp126,MRI-ESM2-0
2026,35.66,ssp126,MRI-ESM2-0
2027,29.22,ssp126,MRI-ESM2-0
2028,31.74,ssp126,MRI-ESM2-0
2029,32.23,ssp126,MRI-ESM2-0
2030,33.82,ssp126,MRI-ESM2-0
2031,31.95,ssp126,MRI-ESM2-0
2032,34.12,ssp126,MRI-ESM2-0
2033,29.0,ssp126,MRI-ESM2-0
2034,34.76,ssp126,MRI-ESM2-0
2035,31.37,ssp126,MRI-ESM2-0
2036,33.48,ssp126,MRI-ESM2-0
2037,29.53,ssp126,MRI-ESM2-0
2038,33.76,ssp126,MRI-ESM2-0
2039,36.78,ssp126,MRI-ESM2-0
2040,31.67,ssp126,MRI-ESM2-0
2041,32.67,ssp126,MRI-ESM2-0
2042,31.73,ssp126,MRI-ESM2-0
2043,32.53,ssp126,MRI-ESM2-0
2044,35.41,ssp126,MRI-ESM2-0
2045,34.11,ssp126,MRI-ESM2-0
2046,28.41,ssp126,MRI-ESM2-0
2047,32.29,ssp126,MRI-ESM2-0
2048,36.48,ssp126,MRI-ESM2-0
2049,29.64,ssp126,MRI-ESM2-0
2050,36.32,ssp126,MRI-ESM2-0
2051,36.98,ssp126,MRI-ESM2-0
2052,35.32,ssp126,MRI-ESM2-0
2053,33.22,ssp126,MRI-ESM2-0
2054,35.65,ssp126,MRI-ESM2-0
2055,35.01,ssp126,MRI-ESM2-0
2056,32.63,ssp126,MRI-ESM2-0
2057,28.65,ssp126,MRI-ESM2-0
2058,31.34,ssp126,MRI-ESM2-0
2059,31.71,ssp126,MRI-ESM2-0
2060,32.14,ssp126,MRI-ESM2-0
2061,31.74,ssp126,MRI-ESM2-0
2062,32.41,ssp126,MRI-ESM2-0
2063,30.72,ssp126,MRI-ESM2-0
2064,35.37,ssp126,MRI-ESM2-0
2065,38.05,ssp126,MRI-ESM2-0
2066,35.31,ssp126,MRI-ESM2-0
2067,34.54,ssp126,MRI-ESM2-0
2068,33.39,ssp126,MRI-ESM2-0
2069,32.59,ssp126,MRI-ESM2-0
2070,33.43,ssp126,MRI-ESM2-0
2071,29.19,ssp126,MRI-ESM2-0
2072,29.11,ssp126,MRI-ESM2-0
2073,30.15,ssp126,MRI-ESM2-0
2074,36.81,ssp126,MRI-ESM2-0
2075,36.82,ssp126,MRI-ESM2-0
2076,34.43,ssp126,MRI-ESM2-0
2077,30.88,ssp126,MRI-ESM2-0
2078,33.44,ssp126,MRI-ESM2-0
2079,31.1,ssp126,MRI-ESM2-0
2080,34.66,ssp126,MRI-ESM2-0
2081,28.75,ssp126,MRI-ESM2-0
2082,30.09,ssp126,MRI-ESM2-0
2083,29.31,ssp126,MRI-ESM2-0
2084,35.01,ssp126,MRI-ESM2-0
2085,35.09,ssp126,MRI-ESM2-0
2086,31.18,ssp126,MRI-ESM2-0
2087,34.71,ssp126,MRI-ESM2-0
2088,33.42,ssp126,MRI-ESM2-0
2089,34.7,ssp126,MRI-ESM2-0
2090,36.37,ssp126,MRI-ESM2-0
2091,34.89,ssp126,MRI-ESM2-0
2092,33.88,ssp126,MRI-ESM2-0
2093,31.08,ssp126,MRI-ESM2-0
2094,34.43,ssp126,MRI-ESM2-0
2095,30.1,ssp126,MRI-ESM2-0
2096,29.18,ssp126,MRI-ESM2-0
2097,35.31,ssp126,MRI-ESM2-0
2098,34.54,ssp126,MRI-ESM2-0
2099,38.83,ssp126,MRI-ESM2-0
2100,35.93,ssp126,MRI-ESM2-0
1950,29.56,ssp126,NorESM2-LM
1951,33.2,ssp126,NorESM2-LM
1952,27.61,ssp126,NorESM2-LM
1953,24.97,ssp126,NorESM2-LM
1954,33.02,ssp126,NorESM2-LM
1955,30.34,ssp126,NorESM2-LM
1956,25.57,ssp126,NorESM2-LM
1957,29.3,ssp126,NorESM2-LM
1958,31.26,ssp126,NorESM2-LM
1959,28.63,ssp126,NorESM2-LM
1960,27.93,ssp126,NorESM2-LM
1961,25.58,ssp126,NorESM2-LM
1962,33.88,ssp126,NorESM2-LM
1963,28.31,ssp126,NorESM2-LM
1964,30.89,ssp126,NorESM2-LM
1965,32.96,ssp126,NorESM2-LM
1966,35.36,ssp126,NorESM2-LM
1967,25.97,ssp126,NorESM2-LM
1968,26.3,ssp126,NorESM2-LM
1969,29.38,ssp126,NorESM2-LM
1970,34.38,ssp126,NorESM2-LM
1971,29.21,ssp126,NorESM2-LM
1972,31.33,ssp126,NorESM2-LM
1973,29.29,ssp126,NorESM2-LM
1974,27.91,ssp126,NorESM2-LM
1975,27.36,ssp126,NorESM2-LM
1976,32.04,ssp126,NorESM2-LM
1977,32.6,ssp126,NorESM2-LM
1978,26.26,ssp126,NorESM2-LM
1979,31.36,ssp126,NorESM2-LM
1980,32.17,ssp126,NorESM2-LM
1981,32.91,ssp126,NorESM2-LM
1982,33.35,ssp126,NorESM2-LM
1983,29.55,ssp126,NorESM2-LM
1984,28.68,ssp126,NorESM2-LM
1985,27.27,ssp126,NorESM2-LM
1986,33.34,ssp126,NorESM2-LM
1987,27.3,ssp126,NorESM2-LM
1988,32.41,ssp126,NorESM2-LM
1989,32.96,ssp126,NorESM2-LM
1990,30.49,ssp126,NorESM2-LM
1991,33.07,ssp126,NorESM2-LM
1992,28.07,ssp126,NorESM2-LM
1993,24.34,ssp126,NorESM2-LM
1994,27.74,ssp126,NorESM2-LM
1995,30.31,ssp126,NorESM2-LM
1996,30.42,ssp126,NorESM2-LM
1997,32.46,ssp126,NorESM2-LM
1998,32.02,ssp126,NorESM2-LM
1999,31.34,ssp126,NorESM2-LM
2000,33.8,ssp126,NorESM2-LM
2001,30.44,ssp126,NorESM2-LM
2002,27.43,ssp126,NorESM2-LM
2003,29.04,ssp126,NorESM2-LM
2004,33.9,ssp126,NorESM2-LM
2005,26.75,ssp126,NorESM2-LM
2006,27.18,ssp126,NorESM2-LM
2007,34.58,ssp126,NorESM2-LM
2008,30.42,ssp126,NorESM2-LM
2009,34.86,ssp126,NorESM2-LM
2010,32.51,ssp126,NorESM2-LM
2011,31.59,ssp126,NorESM2-LM
2012,27.65,ssp126,NorESM2-LM
2013,35.71,ssp126,NorESM2-LM
2014,32.53,ssp126,NorESM2-LM
2015,30.95,ssp126,NorESM2-LM
2016,30.87,ssp126,NorESM2-LM
2017,28.87,ssp126,NorESM2-LM
2018,33.4,ssp126,NorESM2-LM
2019,29.18,ssp126,NorESM2-LM
2020,29.85,ssp126,NorESM2-LM
2021,30.7,ssp126,NorESM2-LM
2022,32.74,ssp126,NorESM2-LM
2023,26.4,ssp126,NorESM2-LM
2024,27.49,ssp126,NorESM2-LM
2025,26.65,ssp126,NorESM2-LM
2026,30.73,ssp126,NorESM2-LM
2027,32.67,ssp126,NorESM2-LM
2028,33.17,ssp126,NorESM2-LM
2029,35.34,ssp126,NorESM2-LM
2030,30.99,ssp126,NorESM2-LM
2031,29.36,ssp126,NorESM2-LM
2032,35.69,ssp126,NorESM2-LM
2033,24.76,ssp126,NorESM2-LM
2034,30.51,ssp126,NorESM2-LM
2035,34.51,ssp126,NorESM2-LM
2036,31.87,ssp126,NorESM2-LM
2037,35.83,ssp126,NorESM2-LM
2038,30.14,ssp126,NorESM2-LM
2039,28.96,ssp126,NorESM2-LM
2040,30.99,ssp126,NorESM2-LM
2041,30.06,ssp126,NorESM2-LM
2042,42.66,ssp126,NorESM2-LM
2043,34.72,ssp126,NorESM2-LM
2044,27.65,ssp126,NorESM2-LM
2045,27.2,ssp126,NorESM2-LM
2046,29.11,ssp126,NorESM2-LM
2047,31.4,ssp126,NorESM2-LM
2048,38.27,ssp126,NorESM2-LM
2049,33.9,ssp126,NorESM2-LM
2050,28.05,ssp126,NorESM2-LM
2051,25.55,ssp126,NorESM2-LM
2052,27.37,ssp126,NorESM2-LM
2053,31.16,ssp126,NorESM2-LM
2054,28.96,ssp126,NorESM2-LM
2055,28.16,ssp126,NorESM2-LM
2056,32.31,ssp126,NorESM2-LM
2057,34.75,ssp126,NorESM2-LM
2058,30.28,ssp126,NorESM2-LM
2059,39.19,ssp126,NorESM2-LM
2060,32.93,ssp126,NorESM2-LM
2061,30.49,ssp126,NorESM2-LM
2062,32.62,ssp126,NorESM2-LM
2063,34.99,ssp126,NorESM2-LM
2064,29.03,ssp126,NorESM2-LM
2065,29.38,ssp126,NorESM2-LM
2066,29.65,ssp126,NorESM2-LM
2067,31.27,ssp126,NorESM2-LM
2068,27.3,ssp126,NorESM2-LM
2069,37.43,ssp126,NorESM2-LM
2070,31.54,ssp126,NorESM2-LM
2071,25.61,ssp126,NorESM2-LM
2072,28.49,ssp126,NorESM2-LM
2073,34.27,ssp126,NorESM2-LM
2074,32.65,ssp126,NorESM2-LM
2075,28.97,ssp126,NorESM2-LM
2076,29.88,ssp126,NorESM2-LM
2077,36.11,ssp126,NorESM2-LM
2078,28.77,ssp126,NorESM2-LM
2079,29.77,ssp126,NorESM2-LM
2080,28.17,ssp126,NorESM2-LM
2081,36.57,ssp126,NorESM2-LM
2082,33.52,ssp126,NorESM2-LM
2083,32.89,ssp126,NorESM2-LM
2084,35.23,ssp126,NorESM2-LM
2085,25.43,ssp126,NorESM2-LM
2086,26.03,ssp126,NorESM2-LM
2087,28.73,ssp126,NorESM2-LM
2088,28.15,ssp126,NorESM2-LM
2089,34.33,ssp126,NorESM2-LM
2090,32.07,ssp126,NorESM2-LM
2091,32.65,ssp126,NorESM2-LM
2092,27.15,ssp126,NorESM2-LM
2093,31.83,ssp126,NorESM2-LM
2094,39.02,ssp126,NorESM2-LM
2095,29.92,ssp126,NorESM2-LM
2096,33.71,ssp126,NorESM2-LM
2097,31.76,ssp126,NorESM2-LM
2098,31.01,ssp126,NorESM2-LM
2099,28.6,ssp126,NorESM2-LM
2100,33.08,ssp126,NorESM2-LM
1950,32.72,ssp126,NorESM2-MM
1951,33.26,ssp126,NorESM2-MM
1952,29.15,ssp126,NorESM2-MM
1953,32.43,ssp126,NorESM2-MM
1954,31.16,ssp126,NorESM2-MM
1955,29.2,ssp126,NorESM2-MM
1956,29.13,ssp126,NorESM2-MM
1957,27.45,ssp126,NorESM2-MM
1958,32.47,ssp126,NorESM2-MM
1959,32.88,ssp126,NorESM2-MM
1960,32.46,ssp126,NorESM2-MM
1961,32.75,ssp126,NorESM2-MM
1962,33.77,ssp126,NorESM2-MM
1963,31.12,ssp126,NorESM2-MM
1964,28.92,ssp126,NorESM2-MM
1965,31.89,ssp126,NorESM2-MM
1966,28.52,ssp126,NorESM2-MM
1967,28.07,ssp126,NorESM2-MM
1968,26.19,ssp126,NorESM2-MM
1969,29.15,ssp126,NorESM2-MM
1970,29.43,ssp126,NorESM2-MM
1971,27.9,ssp126,NorESM2-MM
1972,32.05,ssp126,NorESM2-MM
1973,28.49,ssp126,NorESM2-MM
1974,31.28,ssp126,NorESM2-MM
1975,34.58,ssp126,NorESM2-MM
1976,30.19,ssp126,NorESM2-MM
1977,36.4,ssp126,NorESM2-MM
1978,28.5,ssp126,NorESM2-MM
1979,34.51,ssp126,NorESM2-MM
1980,27.87,ssp126,NorESM2-MM
1981,26.44,ssp126,NorESM2-MM
1982,32.64,ssp126,NorESM2-MM
1983,26.18,ssp126,NorESM2-MM
1984,31.59,ssp126,NorESM2-MM
1985,27.62,ssp126,NorESM2-MM
1986,28.09,ssp126,NorESM2-MM
1987,27.37,ssp126,NorESM2-MM
1988,26.63,ssp126,NorESM2-MM
1989,30.0,ssp126,NorESM2-MM
1990,36.06,ssp126,NorESM2-MM
1991,31.82,ssp126,NorESM2-MM
1992,24.92,ssp126,NorESM2-MM
1993,27.39,ssp126,NorESM2-MM
1994,35.82,ssp126,NorESM2-MM
1995,35.11,ssp126,NorESM2-MM
1996,36.97,ssp126,NorESM2-MM
1997,29.91,ssp126,NorESM2-MM
1998,26.03,ssp126,NorESM2-MM
1999,27.46,ssp126,NorESM2-MM
2000,23.64,ssp126,NorESM2-MM
2001,28.94,ssp126,NorESM2-MM
2002,29.06,ssp126,NorESM2-MM
2003,32.99,ssp126,NorESM2-MM
2004,38.61,ssp126,NorESM2-MM
2005,34.5,ssp126,NorESM2-MM
2006,33.64,ssp126,NorESM2-MM
2007,27.95,ssp126,NorESM2-MM
2008,27.74,ssp126,NorESM2-MM
2009,28.14,ssp126,NorESM2-MM
2010,29.81,ssp126,NorESM2-MM
2011,28.82,ssp126,NorESM2-MM
2012,26.41,ssp126,NorESM2-MM
2013,31.01,ssp126,NorESM2-MM
2014,36.29,ssp126,NorESM2-MM
2015,34.96,ssp126,NorESM2-MM
2016,33.94,ssp126,NorESM2-MM
2017,32.38,ssp126,NorESM2-MM
2018,34.46,ssp126,NorESM2-MM
2019,34.91,ssp126,NorESM2-MM
2020,35.49,ssp126,NorESM2-MM
2021,30.78,ssp126,NorESM2-MM
2022,29.6,ssp126,NorESM2-MM
2023,29.88,ssp126,NorESM2-MM
2024,27.67,ssp126,NorESM2-MM
2025,29.45,ssp126,NorESM2-MM
2026,31.05,ssp126,NorESM2-MM
2027,34.52,ssp126,NorESM2-MM
2028,34.46,ssp126,NorESM2-MM
2029,27.89,ssp126,NorESM2-MM
2030,32.81,ssp126,NorESM2-MM
2031,36.36,ssp126,NorESM2-MM
2032,34.1,ssp126,NorESM2-MM
2033,32.08,ssp126,NorESM2-MM
2034,30.18,ssp126,NorESM2-MM
2035,28.58,ssp126,NorESM2-MM
2036,27.22,ssp126,NorESM2-MM
2037,38.1,ssp126,NorESM2-MM
2038,35.59,ssp126,NorESM2-MM
2039,33.53,ssp126,NorESM2-MM
2040,36.61,ssp126,NorESM2-MM
2041,33.59,ssp126,NorESM2-MM
2042,31.84,ssp126,NorESM2-MM
2043,34.56,ssp126,NorESM2-MM
2044,38.6,ssp126,NorESM2-MM
2045,31.07,ssp126,NorESM2-MM
2046,32.65,ssp126,NorESM2-MM
2047,38.27,ssp126,NorESM2-MM
2048,29.26,ssp126,NorESM2-MM
2049,31.12,ssp126,NorESM2-MM
2050,32.67,ssp126,NorESM2-MM
2051,32.32,ssp126,NorESM2-MM
2052,34.11,ssp126,NorESM2-MM
2053,32.99,ssp126,NorESM2-MM
2054,31.26,ssp126,NorESM2-MM
2055,29.83,ssp126,NorESM2-MM
2056,30.05,ssp126,NorESM2-MM
2057,32.32,ssp126,NorESM2-MM
2058,36.56,ssp126,NorESM2-MM
2059,27.51,ssp126,NorESM2-MM
2060,29.03,ssp126,NorESM2-MM
2061,33.21,ssp126,NorESM2-MM
2062,34.83,ssp126,NorESM2-MM
2063,39.12,ssp126,NorESM2-MM
2064,33.94,ssp126,NorESM2-MM
2065,30.65,ssp126,NorESM2-MM
2066,28.84,ssp126,NorESM2-MM
2067,31.54,ssp126,NorESM2-MM
2068,29.4,ssp126,NorESM2-MM
2069,29.27,ssp126,NorESM2-MM
2070,35.93,ssp126,NorESM2-MM
2071,31.78,ssp126,NorESM2-MM
2072,33.3,ssp126,NorESM2-MM
2073,32.31,ssp126,NorESM2-MM
2074,28.42,ssp126,NorESM2-MM
2075,30.9,ssp126,NorESM2-MM
2076,30.6,ssp126,NorESM2-MM
2077,35.0,ssp126,NorESM2-MM
2078,30.26,ssp126,NorESM2-MM
2079,34.07,ssp126,NorESM2-MM
2080,32.09,ssp126,NorESM2-MM
2081,33.99,ssp126,NorESM2-MM
2082,31.64,ssp126,NorESM2-MM
2083,32.49,ssp126,NorESM2-MM
2084,34.64,ssp126,NorESM2-MM
2085,32.8,ssp126,NorESM2-MM
2086,36.22,ssp126,NorESM2-MM
2087,30.13,ssp126,NorESM2-MM
2088,33.68,ssp126,NorESM2-MM
2089,33.29,ssp126,NorESM2-MM
2090,36.37,ssp126,NorESM2-MM
2091,30.58,ssp126,NorESM2-MM
2092,29.01,ssp126,NorESM2-MM
2093,31.68,ssp126,NorESM2-MM
2094,30.51,ssp126,NorESM2-MM
2095,31.59,ssp126,NorESM2-MM
2096,35.18,ssp126,NorESM2-MM
2097,34.54,ssp126,NorESM2-MM
2098,35.17,ssp126,NorESM2-MM
2099,32.58,ssp126,NorESM2-MM
2100,29.81,ssp126,NorESM2-MM
1950,31.87,ssp245,ACCESS-CM2
1951,31.01,ssp245,ACCESS-CM2
1952,33.86,ssp245,ACCESS-CM2
1953,29.9,ssp245,ACCESS-CM2
1954,30.36,ssp245,ACCESS-CM2
1955,31.92,ssp245,ACCESS-CM2
1956,27.28,ssp245,ACCESS-CM2
1957,30.86,ssp245,ACCESS-CM2
1958,31.59,ssp245,ACCESS-CM2
1959,28.74,ssp245,ACCESS-CM2
1960,30.03,ssp245,ACCESS-CM2
1961,28.37,ssp245,ACCESS-CM2
1962,29.7,ssp245,ACCESS-CM2
1963,30.45,ssp245,ACCESS-CM2
1964,31.57,ssp245,ACCESS-CM2
1965,29.64,ssp245,ACCESS-CM2
1966,31.97,ssp245,ACCESS-CM2
1967,28.53,ssp245,ACCESS-CM2
1968,31.13,ssp245,ACCESS-CM2
1969,25.53,ssp245,ACCESS-CM2
1970,28.78,ssp245,ACCESS-CM2
1971,28.5,ssp245,ACCESS-CM2
1972,33.08,ssp245,ACCESS-CM2
1973,31.15,ssp245,ACCESS-CM2
1974,31.7,ssp245,ACCESS-CM2
1975,34.28,ssp245,ACCESS-CM2
1976,35.55,ssp245,ACCESS-CM2
1977,27.92,ssp245,ACCESS-CM2
1978,28.29,ssp245,ACCESS-CM2
1979,28.69,ssp245,ACCESS-CM2
1980,29.04,ssp245,ACCESS-CM2
1981,27.02,ssp245,ACCESS-CM2
1982,31.15,ssp245,ACCESS-CM2
1983,30.09,ssp245,ACCESS-CM2
1984,29.27,ssp245,ACCESS-CM2
1985,33.58,ssp245,ACCESS-CM2
1986,30.45,ssp245,ACCESS-CM2
1987,31.94,ssp245,ACCESS-CM2
1988,31.45,ssp245,ACCESS-CM2
1989,29.37,ssp245,ACCESS-CM2
1990,30.9,ssp245,ACCESS-CM2
1991,32.12,ssp245,ACCESS-CM2
1992,30.12,ssp245,ACCESS-CM2
1993,31.28,ssp245,ACCESS-CM2
1994,29.55,ssp245,ACCESS-CM2
1995,29.37,ssp245,ACCESS-CM2
1996,29.64,ssp245,ACCESS-CM2
1997,27.8,ssp245,ACCESS-CM2
1998,29.61,ssp245,ACCESS-CM2
1999,31.08,ssp245,ACCESS-CM2
2000,27.83,ssp245,ACCESS-CM2
2001,26.75,ssp245,ACCESS-CM2
2002,30.08,ssp245,ACCESS-CM2
2003,33.95,ssp245,ACCESS-CM2
2004,32.0,ssp245,ACCESS-CM2
2005,33.65,ssp245,ACCESS-CM2
2006,30.7,ssp245,ACCESS-CM2
2007,30.05,ssp245,ACCESS-CM2
2008,28.34,ssp245,ACCESS-CM2
2009,28.17,ssp245,ACCESS-CM2
2010,32.79,ssp245,ACCESS-CM2
2011,33.59,ssp245,ACCESS-CM2
2012,30.8,ssp245,ACCESS-CM2
2013,24.95,ssp245,ACCESS-CM2
2014,30.13,ssp245,ACCESS-CM2
2015,30.86,ssp245,ACCESS-CM2
2016,28.1,ssp245,ACCESS-CM2
2017,32.28,ssp245,ACCESS-CM2
2018,32.43,ssp245,ACCESS-CM2
2019,33.26,ssp245,ACCESS-CM2
2020,29.5,ssp245,ACCESS-CM2
2021,27.17,ssp245,ACCESS-CM2
2022,31.47,ssp245,ACCESS-CM2
2023,35.2,ssp245,ACCESS-CM2
2024,31.2,ssp245,ACCESS-CM2
2025,36.16,ssp245,ACCESS-CM2
2026,34.31,ssp245,ACCESS-CM2
2027,29.06,ssp245,ACCESS-CM2
2028,33.87,ssp245,ACCESS-CM2
2029,29.46,ssp245,ACCESS-CM2
2030,34.46,ssp245,ACCESS-CM2
2031,35.43,ssp245,ACCESS-CM2
2032,29.65,ssp245,ACCESS-CM2
2033,34.37,ssp245,ACCESS-CM2
2034,42.61,ssp245,ACCESS-CM2
2035,35.24,ssp245,ACCESS-CM2
2036,32.38,ssp245,ACCESS-CM2
2037,32.29,ssp245,ACCESS-CM2
2038,33.1,ssp245,ACCESS-CM2
2039,32.15,ssp245,ACCESS-CM2
2040,28.82,ssp245,ACCESS-CM2
2041,31.52,ssp245,ACCESS-CM2
2042,34.13,ssp245,ACCESS-CM2
2043,33.77,ssp245,ACCESS-CM2
2044,30.3,ssp245,ACCESS-CM2
2045,33.15,ssp245,ACCESS-CM2
2046,34.68,ssp245,ACCESS-CM2
2047,31.9,ssp245,ACCESS-CM2
2048,32.99,ssp245,ACCESS-CM2
2049,30.92,ssp245,ACCESS-CM2
2050,32.6,ssp245,ACCESS-CM2
2051,30.22,ssp245,ACCESS-CM2
2052,32.9,ssp245,ACCESS-CM2
2053,30.91,ssp245,ACCESS-CM2
2054,30.66,ssp245,ACCESS-CM2
2055,31.85,ssp245,ACCESS-CM2
2056,29.93,ssp245,ACCESS-CM2
2057,32.94,ssp245,ACCESS-CM2
2058,38.05,ssp245,ACCESS-CM2
2059,33.0,ssp245,ACCESS-CM2
2060,30.79,ssp245,ACCESS-CM2
2061,36.95,ssp245,ACCESS-CM2
2062,33.75,ssp245,ACCESS-CM2
2063,33.74,ssp245,ACCESS-CM2
2064,34.31,ssp245,ACCESS-CM2
2065,36.08,ssp245,ACCESS-CM2
2066,28.47,ssp245,ACCESS-CM2
2067,31.65,ssp245,ACCESS-CM2
2068,37.97,ssp245,ACCESS-CM2
2069,36.37,ssp245,ACCESS-CM2
2070,35.27,ssp245,ACCESS-CM2
2071,33.85,ssp245,ACCESS-CM2
2072,32.7,ssp245,ACCESS-CM2
2073,32.3,ssp245,ACCESS-CM2
2074,33.75,ssp245,ACCESS-CM2
2075,28.95,ssp245,ACCESS-CM2
2076,31.32,ssp245,ACCESS-CM2
2077,31.37,ssp245,ACCESS-CM2
2078,29.71,ssp245,ACCESS-CM2
2079,36.55,ssp245,ACCESS-CM2
2080,34.84,ssp245,ACCESS-CM2
2081,30.5,ssp245,ACCESS-CM2
2082,40.09,ssp245,ACCESS-CM2
2083,33.62,ssp245,ACCESS-CM2
2084,32.5,ssp245,ACCESS-CM2
2085,34.42,ssp245,ACCESS-CM2
2086,31.63,ssp245,ACCESS-CM2
2087,33.69,ssp245,ACCESS-CM2
2088,31.03,ssp245,ACCESS-CM2
2089,29.96,ssp245,ACCESS-CM2
2090,33.36,ssp245,ACCESS-CM2
2091,33.86,ssp245,ACCESS-CM2
2092,33.46,ssp245,ACCESS-CM2
2093,37.14,ssp245,ACCESS-CM2
2094,31.14,ssp245,ACCESS-CM2
2095,32.97,ssp245,ACCESS-CM2
2096,27.95,ssp245,ACCESS-CM2
2097,34.51,ssp245,ACCESS-CM2
2098,35.6,ssp245,ACCESS-CM2
2099,32.29,ssp245,ACCESS-CM2
2100,30.18,ssp245,ACCESS-CM2
1950,31.31,ssp245,ACCESS-ESM1-5
1951,31.64,ssp245,ACCESS-ESM1-5
1952,33.29,ssp245,ACCESS-ESM1-5
1953,28.37,ssp245,ACCESS-ESM1-5
1954,29.24,ssp245,ACCESS-ESM1-5
1955,29.77,ssp245,ACCESS-ESM1-5
1956,26.84,ssp245,ACCESS-ESM1-5
1957,33.23,ssp245,ACCESS-ESM1-5
1958,30.84,ssp245,ACCESS-ESM1-5
1959,34.68,ssp245,ACCESS-ESM1-5
1960,27.68,ssp245,ACCESS-ESM1-5
1961,31.12,ssp245,ACCESS-ESM1-5
1962,33.79,ssp245,ACCESS-ESM1-5
1963,34.52,ssp245,ACCESS-ESM1-5
1964,28.56,ssp245,ACCESS-ESM1-5
1965,32.59,ssp245,ACCESS-ESM1-5
1966,32.12,ssp245,ACCESS-ESM1-5
1967,24.23,ssp245,ACCESS-ESM1-5
1968,30.62,ssp245,ACCESS-ESM1-5
1969,34.92,ssp245,ACCESS-ESM1-5
1970,34.01,ssp245,ACCESS-ESM1-5
1971,25.57,ssp245,ACCESS-ESM1-5
1972,26.68,ssp245,ACCESS-ESM1-5
1973,35.14,ssp245,ACCESS-ESM1-5
1974,32.79,ssp245,ACCESS-ESM1-5
1975,27.39,ssp245,ACCESS-ESM1-5
1976,29.07,ssp245,ACCESS-ESM1-5
1977,33.26,ssp245,ACCESS-ESM1-5
1978,26.76,ssp245,ACCESS-ESM1-5
1979,26.64,ssp245,ACCESS-ESM1-5
1980,32.35,ssp245,ACCESS-ESM1-5
1981,29.92,ssp245,ACCESS-ESM1-5
1982,28.29,ssp245,ACCESS-ESM1-5
1983,25.9,ssp245,ACCESS-ESM1-5
1984,27.91,ssp245,ACCESS-ESM1-5
1985,26.08,ssp245,ACCESS-ESM1-5
1986,32.58,ssp245,ACCESS-ESM1-5
1987,34.39,ssp245,ACCESS-ESM1-5
1988,30.56,ssp245,ACCESS-ESM1-5
1989,28.68,ssp245,ACCESS-ESM1-5
1990,28.48,ssp245,ACCESS-ESM1-5
1991,26.61,ssp245,ACCESS-ESM1-5
1992,28.86,ssp245,ACCESS-ESM1-5
1993,30.46,ssp245,ACCESS-ESM1-5
1994,26.12,ssp245,ACCESS-ESM1-5
1995,29.87,ssp245,ACCESS-ESM1-5
1996,36.83,ssp245,ACCESS-ESM1-5
1997,31.3,ssp245,ACCESS-ESM1-5
1998,30.67,ssp245,ACCESS-ESM1-5
1999,31.09,ssp245,ACCESS-ESM1-5
2000,30.22,ssp245,ACCESS-ESM1-5
2001,31.07,ssp245,ACCESS-ESM1-5
2002,36.69,ssp245,ACCESS-ESM1-5
2003,30.14,ssp245,ACCESS-ESM1-5
2004,29.0,ssp245,ACCESS-ESM1-5
2005,30.07,ssp245,ACCESS-ESM1-5
2006,26.57,ssp245,ACCESS-ESM1-5
2007,31.26,ssp245,ACCESS-ESM1-5
2008,31.79,ssp245,ACCESS-ESM1-5
2009,27.46,ssp245,ACCESS-ESM1-5
2010,31.24,ssp245,ACCESS-ESM1-5
2011,33.4,ssp245,ACCESS-ESM1-5
2012,33.27,ssp245,ACCESS-ESM1-5
2013,35.19,ssp245,ACCESS-ESM1-5
2014,29.32,ssp245,ACCESS-ESM1-5
2015,26.11,ssp245,ACCESS-ESM1-5
2016,30.23,ssp245,ACCESS-ESM1-5
2017,32.88,ssp245,ACCESS-ESM1-5
2018,29.2,ssp245,ACCESS-ESM1-5
2019,28.59,ssp245,ACCESS-ESM1-5
2020,29.6,ssp245,ACCESS-ESM1-5
2021,27.71,ssp245,ACCESS-ESM1-5
2022,31.99,ssp245,ACCESS-ESM1-5
2023,28.59,ssp245,ACCESS-ESM1-5
2024,28.43,ssp245,ACCESS-ESM1-5
2025,27.76,ssp245,ACCESS-ESM1-5
2026,32.04,ssp245,ACCESS-ESM1-5
2027,30.54,ssp245,ACCESS-ESM1-5
2028,33.62,ssp245,ACCESS-ESM1-5
2029,30.72,ssp245,ACCESS-ESM1-5
2030,29.0,ssp245,ACCESS-ESM1-5
2031,33.16,ssp245,ACCESS-ESM1-5
2032,35.2,ssp245,ACCESS-ESM1-5
2033,33.49,ssp245,ACCESS-ESM1-5
2034,34.22,ssp245,ACCESS-ESM1-5
2035,33.53,ssp245,ACCESS-ESM1-5
2036,29.09,ssp245,ACCESS-ESM1-5
2037,31.64,ssp245,ACCESS-ESM1-5
2038,35.34,ssp245,ACCESS-ESM1-5
2039,37.23,ssp245,ACCESS-ESM1-5
2040,36.21,ssp245,ACCESS-ESM1-5
2041,31.3,ssp245,ACCESS-ESM1-5
2042,31.44,ssp245,ACCESS-ESM1-5
2043,31.34,ssp245,ACCESS-ESM1-5
2044,28.51,ssp245,ACCESS-ESM1-5
2045,32.4,ssp245,ACCESS-ESM1-5
2046,32.57,ssp245,ACCESS-ESM1-5
2047,34.04,ssp245,ACCESS-ESM1-5
2048,37.82,ssp245,ACCESS-ESM1-5
2049,32.71,ssp245,ACCESS-ESM1-5
2050,29.89,ssp245,ACCESS-ESM1-5
2051,26.06,ssp245,ACCESS-ESM1-5
2052,31.8,ssp245,ACCESS-ESM1-5
2053,30.05,ssp245,ACCESS-ESM1-5
2054,31.34,ssp245,ACCESS-ESM1-5
2055,32.16,ssp245,ACCESS-ESM1-5
2056,33.62,ssp245,ACCESS-ESM1-5
2057,33.97,ssp245,ACCESS-ESM1-5
2058,28.57,ssp245,ACCESS-ESM1-5
2059,33.02,ssp245,ACCESS-ESM1-5
2060,27.78,ssp245,ACCESS-ESM1-5
2061,28.62,ssp245,ACCESS-ESM1-5
2062,29.13,ssp245,ACCESS-ESM1-5
2063,36.7,ssp245,ACCESS-ESM1-5
2064,30.48,ssp245,ACCESS-ESM1-5
2065,37.34,ssp245,ACCESS-ESM1-5
2066,33.15,ssp245,ACCESS-ESM1-5
2067,30.53,ssp245,ACCESS-ESM1-5
2068,30.28,ssp245,ACCESS-ESM1-5
2069,35.07,ssp245,ACCESS-ESM1-5
2070,37.77,ssp245,ACCESS-ESM1-5
2071,33.08,ssp245,ACCESS-ESM1-5
2072,28.43,ssp245,ACCESS-ESM1-5
2073,33.88,ssp245,ACCESS-ESM1-5
2074,32.21,ssp245,ACCESS-ESM1-5
2075,25.08,ssp245,ACCESS-ESM1-5
2076,34.1,ssp245,ACCESS-ESM1-5
2077,32.71,ssp245,ACCESS-ESM1-5
2078,33.8,ssp245,ACCESS-ESM1-5
2079,32.56,ssp245,ACCESS-ESM1-5
2080,35.08,ssp245,ACCESS-ESM1-5
2081,31.87,ssp245,ACCESS-ESM1-5
2082,30.89,ssp245,ACCESS-ESM1-5
2083,32.04,ssp245,ACCESS-ESM1-5
2084,33.43,ssp245,ACCESS-ESM1-5
2085,34.76,ssp245,ACCESS-ESM1-5
2086,38.76,ssp245,ACCESS-ESM1-5
2087,28.64,ssp245,ACCESS-ESM1-5
2088,34.02,ssp245,ACCESS-ESM1-5
2089,27.68,ssp245,ACCESS-ESM1-5
2090,35.89,ssp245,ACCESS-ESM1-5
2091,31.92,ssp245,ACCESS-ESM1-5
2092,31.78,ssp245,ACCESS-ESM1-5
2093,39.39,ssp245,ACCESS-ESM1-5
2094,31.98,ssp245,ACCESS-ESM1-5
2095,34.37,ssp245,ACCESS-ESM1-5
2096,35.84,ssp245,ACCESS-ESM1-5
2097,36.77,ssp245,ACCESS-ESM1-5
2098,29.31,ssp245,ACCESS-ESM1-5
2099,32.93,ssp245,ACCESS-ESM1-5
2100,35.16,ssp245,ACCESS-ESM1-5
1950,30.36,ssp245,BCC-CSM2-MR
1951,28.45,ssp245,BCC-CSM2-MR
1952,29.39,ssp245,BCC-CSM2-MR
1953,27.12,ssp245,BCC-CSM2-MR
1954,33.72,ssp245,BCC-CSM2-MR
1955,29.69,ssp245,BCC-CSM2-MR
1956,28.94,ssp245,BCC-CSM2-MR
1957,34.21,ssp245,BCC-CSM2-MR
1958,29.53,ssp245,BCC-CSM2-MR
1959,28.54,ssp245,BCC-CSM2-MR
1960,30.83,ssp245,BCC-CSM2-MR
1961,31.03,ssp245,BCC-CSM2-MR
1962,31.84,ssp245,BCC-CSM2-MR
1963,27.87,ssp245,BCC-CSM2-MR
1964,31.99,ssp245,BCC-CSM2-MR
1965,23.52,ssp245,BCC-CSM2-MR
1966,35.37,ssp245,BCC-CSM2-MR
1967,31.39,ssp245,BCC-CSM2-MR
1968,30.32,ssp245,BCC-CSM2-MR
1969,29.11,ssp245,BCC-CSM2-MR
1970,28.33,ssp245,BCC-CSM2-MR
1971,27.52,ssp245,BCC-CSM2-MR
1972,29.12,ssp245,BCC-CSM2-MR
1973,27.57,ssp245,BCC-CSM2-MR
1974,32.23,ssp245,BCC-CSM2-MR
1975,32.93,ssp245,BCC-CSM2-MR
1976,32.66,ssp245,BCC-CSM2-MR
1977,28.75,ssp245,BCC-CSM2-MR
1978,30.98,ssp245,BCC-CSM2-MR
1979,30.57,ssp245,BCC-CSM2-MR
1980,31.33,ssp245,BCC-CSM2-MR
1981,32.7,ssp245,BCC-CSM2-MR
1982,31.58,ssp245,BCC-CSM2-MR
1983,33.08,ssp245,BCC-CSM2-MR
1984,31.47,ssp245,BCC-CSM2-MR
1985,29.6,ssp245,BCC-CSM2-MR
1986,25.78,ssp245,BCC-CSM2-MR
1987,32.08,ssp245,BCC-CSM2-MR
1988,30.09,ssp245,BCC-CSM2-MR
1989,30.69,ssp245,BCC-CSM2-MR
1990,28.49,ssp245,BCC-CSM2-MR
1991,26.01,ssp245,BCC-CSM2-MR
1992,32.52,ssp245,BCC-CSM2-MR
1993,31.53,ssp245,BCC-CSM2-MR
1994,32.35,ssp245,BCC-CSM2-MR
1995,33.02,ssp245,BCC-CSM2-MR
1996,31.17,ssp245,BCC-CSM2-MR
1997,34.55,ssp245,BCC-CSM2-MR
1998,29.31,ssp245,BCC-CSM2-MR
1999,27.6,ssp245,BCC-CSM2-MR
2000,30.35,ssp245,BCC-CSM2-MR
2001,30.31,ssp245,BCC-CSM2-MR
2002,35.02,ssp245,BCC-CSM2-MR
2003,32.36,ssp245,BCC-CSM2-MR
2004,29.52,ssp245,BCC-CSM2-MR
2005,32.76,ssp245,BCC-CSM2-MR
2006,29.42,ssp245,BCC-CSM2-MR
2007,34.56,ssp245,BCC-CSM2-MR
2008,27.56,ssp245,BCC-CSM2-MR
2009,30.78,ssp245,BCC-CSM2-MR
2010,27.62,ssp245,BCC-CSM2-MR
2011,33.69,ssp245,BCC-CSM2-MR
2012,31.16,ssp245,BCC-CSM2-MR
2013,32.73,ssp245,BCC-CSM2-MR
2014,33.79,ssp245,BCC-CSM2-MR
2015,30.7,ssp245,BCC-CSM2-MR
2016,36.43,ssp245,BCC-CSM2-MR
2017,29.27,ssp245,BCC-CSM2-MR
2018,35.14,ssp245,BCC-CSM2-MR
2019,31.26,ssp245,BCC-CSM2-MR
2020,32.49,ssp245,BCC-CSM2-MR
2021,25.45,ssp245,BCC-CSM2-MR
2022,31.54,ssp245,BCC-CSM2-MR
2023,30.35,ssp245,BCC-CSM2-MR
2024,26.46,ssp245,BCC-CSM2-MR
2025,34.38,ssp245,BCC-CSM2-MR
2026,35.01,ssp245,BCC-CSM2-MR
2027,34.56,ssp245,BCC-CSM2-MR
2028,39.64,ssp245,BCC-CSM2-MR
2029,32.2,ssp245,BCC-CSM2-MR
2030,31.83,ssp245,BCC-CSM2-MR
2031,28.52,ssp245,BCC-CSM2-MR
2032,32.13,ssp245,BCC-CSM2-MR
2033,31.66,ssp245,BCC-CSM2-MR
2034,27.53,ssp245,BCC-CSM2-MR
2035,30.57,ssp245,BCC-CSM2-MR
2036,29.2,ssp245,BCC-CSM2-MR
2037,34.49,ssp245,BCC-CSM2-MR
2038,40.81,ssp245,BCC-CSM2-MR
2039,35.84,ssp245,BCC-CSM2-MR
2040,38.17,ssp245,BCC-CSM2-MR
2041,31.71,ssp245,BCC-CSM2-MR
2042,39.41,ssp245,BCC-CSM2-MR
2043,35.34,ssp245,BCC-CSM2-MR
2044,35.73,ssp245,BCC-CSM2-MR
2045,32.76,ssp245,BCC-CSM2-MR
2046,31.6,ssp245,BCC-CSM2-MR
2047,30.8,ssp245,BCC-CSM2-MR
2048,32.69,ssp245,BCC-CSM2-MR
2049,28.14,ssp245,BCC-CSM2-MR
2050,32.05,ssp245,BCC-CSM2-MR
2051,31.77,ssp245,BCC-CSM2-MR
2052,34.41,ssp245,BCC-CSM2-MR
2053,31.56,ssp245,BCC-CSM2-MR
2054,29.46,ssp245,BCC-CSM2-MR
2055,29.89,ssp245,BCC-CSM2-MR
2056,37.22,ssp245,BCC-CSM2-MR
2057,36.15,ssp245,BCC-CSM2-MR
2058,29.37,ssp245,BCC-CSM2-MR
2059,31.76,ssp245,BCC-CSM2-MR
2060,31.75,ssp245,BCC-CSM2-MR
2061,33.09,ssp245,BCC-CSM2-MR
2062,32.4,ssp245,BCC-CSM2-MR
2063,29.5,ssp245,BCC-CSM2-MR
2064,37.76,ssp245,BCC-CSM2-MR
2065,32.3,ssp245,BCC-CSM2-MR
2066,28.92,ssp245,BCC-CSM2-MR
2067,27.69,ssp245,BCC-CSM2-MR
2068,35.98,ssp245,BCC-CSM2-MR
2069,35.72,ssp245,BCC-CSM2-MR
2070,26.07,ssp245,BCC-CSM2-MR
2071,34.74,ssp245,BCC-CSM2-MR
2072,28.97,ssp245,BCC-CSM2-MR
2073,38.03,ssp245,BCC-CSM2-MR
2074,34.42,ssp245,BCC-CSM2-MR
2075,30.75,ssp245,BCC-CSM2-MR
2076,33.85,ssp245,BCC-CSM2-MR
2077,32.12,ssp245,BCC-CSM2-MR
2078,37.44,ssp245,BCC-CSM2-MR
2079,36.13,ssp245,BCC-CSM2-MR
2080,28.49,ssp245,BCC-CSM2-MR
2081,27.71,ssp245,BCC-CSM2-MR
2082,29.02,ssp245,BCC-CSM2-MR
2083,32.37,ssp245,BCC-CSM2-MR
2084,29.53,ssp245,BCC-CSM2-MR
2085,30.64,ssp245,BCC-CSM2-MR
2086,27.85,ssp245,BCC-CSM2-MR
2087,29.37,ssp245,BCC-CSM2-MR
2088,34.77,ssp245,BCC-CSM2-MR
2089,27.87,ssp245,BCC-CSM2-MR
2090,29.78,ssp245,BCC-CSM2-MR
2091,34.63,ssp245,BCC-CSM2-MR
2092,33.21,ssp245,BCC-CSM2-MR
2093,30.62,ssp245,BCC-CSM2-MR
2094,33.51,ssp245,BCC-CSM2-MR
2095,25.64,ssp245,BCC-CSM2-MR
2096,33.07,ssp245,BCC-CSM2-MR
2097,30.56,ssp245,BCC-CSM2-MR
2098,31.95,ssp245,BCC-CSM2-MR
2099,27.25,ssp245,BCC-CSM2-MR
2100,35.1,ssp245,BCC-CSM2-MR
1950,30.45,ssp245,CanESM5
1951,27.65,ssp245,CanESM5
1952,32.4,ssp245,CanESM5
1953,22.9,ssp245,CanESM5
1954,27.27,ssp245,CanESM5
1955,27.5,ssp245,CanESM5
1956,32.14,ssp245,CanESM5
1957,28.71,ssp245,CanESM5
1958,26.5,ssp245,CanESM5
1959,31.12,ssp245,CanESM5
1960,34.43,ssp245,CanESM5
1961,36.13,ssp245,CanESM5
1962,26.28,ssp245,CanESM5
1963,27.91,ssp245,CanESM5
1964,33.37,ssp245,CanESM5
1965,27.59,ssp245,CanESM5
1966,32.63,ssp245,CanESM5
1967,31.73,ssp245,CanESM5
1968,29.03,ssp245,CanESM5
1969,28.16,ssp245,CanESM5
1970,27.68,ssp245,CanESM5
1971,31.79,ssp245,CanESM5
1972,31.67,ssp245,CanESM5
1973,32.21,ssp245,CanESM5
1974,30.26,ssp245,CanESM5
1975,26.87,ssp245,CanESM5
1976,29.24,ssp245,CanESM5
1977,30.71,ssp245,CanESM5
1978,29.94,ssp245,CanESM5
1979,24.38,ssp245,CanESM5
1980,30.8,ssp245,CanESM5
1981,33.01,ssp245,CanESM5
1982,32.27,ssp245,CanESM5
1983,29.29,ssp245,CanESM5
1984,34.17,ssp245,CanESM5
1985,30.38,ssp245,CanESM5
1986,27.95,ssp245,CanESM5
1987,28.35,ssp245,CanESM5
1988,29.25,ssp245,CanESM5
1989,34.09,ssp245,CanESM5
1990,30.19,ssp245,CanESM5
1991,32.07,ssp245,CanESM5
1992,32.87,ssp245,CanESM5
1993,28.86,ssp245,CanESM5
1994,28.39,ssp245,CanESM5
1995,27.62,ssp245,CanESM5
1996,32.14,ssp245,CanESM5
1997,29.43,ssp245,CanESM5
1998,32.43,ssp245,CanESM5
1999,31.72,ssp245,CanESM5
2000,32.71,ssp245,CanESM5
2001,33.11,ssp245,CanESM5
2002,30.32,ssp245,CanESM5
2003,38.2,ssp245,CanESM5
2004,30.45,ssp245,CanESM5
2005,31.81,ssp245,CanESM5
2006,30.78,ssp245,CanESM5
2007,29.34,ssp245,CanESM5
2008,28.99,ssp245,CanESM5
2009,34.93,ssp245,CanESM5
2010,37.54,ssp245,CanESM5
2011,32.74,ssp245,CanESM5
2012,32.65,ssp245,CanESM5
2013,37.09,ssp245,CanESM5
2014,35.29,ssp245,CanESM5
2015,27.5,ssp245,CanESM5
2016,30.99,ssp245,CanESM5
2017,29.74,ssp245,CanESM5
2018,23.2,ssp245,CanESM5
2019,27.58,ssp245,CanESM5
2020,33.56,ssp245,CanESM5
2021,28.55,ssp245,CanESM5
2022,30.75,ssp245,CanESM5
2023,30.44,ssp245,CanESM5
2024,36.79,ssp245,CanESM5
2025,36.26,ssp245,CanESM5
2026,31.9,ssp245,CanESM5
2027,32.64,ssp245,CanESM5
2028,29.49,ssp245,CanESM5
2029,32.71,ssp245,CanESM5
2030,29.41,ssp245,CanESM5
2031,33.7,ssp245,CanESM5
2032,35.82,ssp245,CanESM5
2033,33.26,ssp245,CanESM5
2034,33.03,ssp245,CanESM5
2035,34.77,ssp245,CanESM5
2036,30.81,ssp245,CanESM5
2037,34.95,ssp245,CanESM5
2038,29.36,ssp245,CanESM5
2039,32.4,ssp245,CanESM5
2040,32.73,ssp245,CanESM5
2041,28.49,ssp245,CanESM5
2042,32.15,ssp245,CanESM5
2043,27.24,ssp245,CanESM5
2044,32.65,ssp245,CanESM5
2045,35.9,ssp245,CanESM5
2046,28.55,ssp245,CanESM5
2047,29.5,ssp245,CanESM5
2048,27.85,ssp245,CanESM5
2049,31.44,ssp245,CanESM5
2050,28.84,ssp245,CanESM5
2051,34.0,ssp245,CanESM5
2052,36.26,ssp245,CanESM5
2053,30.63,ssp245,CanESM5
2054,28.06,ssp245,CanESM5
2055,33.21,ssp245,CanESM5
2056,39.98,ssp245,CanESM5
2057,31.46,ssp245,CanESM5
2058,27.58,ssp245,CanESM5
2059,37.59,ssp245,CanESM5
2060,30.75,ssp245,CanESM5
2061,28.16,ssp245,CanESM5
2062,29.37,ssp245,CanESM5
2063,31.08,ssp245,CanESM5
2064,31.31,ssp245,CanESM5
2065,35.9,ssp245,CanESM5
2066,36.61,ssp245,CanESM5
2067,33.34,ssp245,CanESM5
2068,35.92,ssp245,CanESM5
2069,34.35,ssp245,CanESM5
2070,39.38,ssp245,CanESM5
2071,31.62,ssp245,CanESM5
2072,33.3,ssp245,CanESM5
2073,33.47,ssp245,CanESM5
2074,30.5,ssp245,CanESM5
2075,32.74,ssp245,CanESM5
2076,34.76,ssp245,CanESM5
2077,36.86,ssp245,CanESM5
2078,35.83,ssp245,CanESM5
2079,41.06,ssp245,CanESM5
2080,35.35,ssp245,CanESM5
2081,30.95,ssp245,CanESM5
2082,34.63,ssp245,CanESM5
2083,36.26,ssp245,CanESM5
2084,34.82,ssp245,CanESM5
2085,36.3,ssp245,CanESM5
2086,30.06,ssp245,CanESM5
2087,32.95,ssp245,CanESM5
2088,34.34,ssp245,CanESM5
2089,35.92,ssp245,CanESM5
2090,33.9,ssp245,CanESM5
2091,31.05,ssp245,CanESM5
2092,32.15,ssp245,CanESM5
2093,34.92,ssp245,CanESM5
2094,37.79,ssp245,CanESM5
2095,37.01,ssp245,CanESM5
2096,25.37,ssp245,CanESM5
2097,28.66,ssp245,CanESM5
2098,36.87,ssp245,CanESM5
2099,35.08,ssp245,CanESM5
2100,33.34,ssp245,CanESM5
1950,27.45,ssp245,EC-Earth3
1951,26.86,ssp245,EC-Earth3
1952,29.56,ssp245,EC-Earth3
1953,32.06,ssp245,EC-Earth3
1954,31.37,ssp245,EC-Earth3
1955,26.83,ssp245,EC-Earth3
1956,28.91,ssp245,EC-Earth3
1957,29.81,ssp245,EC-Earth3
1958,29.22,ssp245,EC-Earth3
1959,26.84,ssp245,EC-Earth3
1960,32.33,ssp245,EC-Earth3
1961,26.58,ssp245,EC-Earth3
1962,30.03,ssp245,EC-Earth3
1963,29.51,ssp245,EC-Earth3
1964,32.19,ssp245,EC-Earth3
1965,30.02,ssp245,EC-Earth3
1966,26.76,ssp245,EC-Earth3
1967,29.35,ssp245,EC-Earth3
1968,30.0,ssp245,EC-Earth3
1969,29.48,ssp245,EC-Earth3
1970,28.53,ssp245,EC-Earth3
1971,28.57,ssp245,EC-Earth3
1972,25.92,ssp245,EC-Earth3
1973,26.14,ssp245,EC-Earth3
1974,31.44,ssp245,EC-Earth3
1975,31.64,ssp245,EC-Earth3
1976,30.31,ssp245,EC-Earth3
1977,32.97,ssp245,EC-Earth3
1978,29.03,ssp245,EC-Earth3
1979,32.44,ssp245,EC-Earth3
1980,30.55,ssp245,EC-Earth3
1981,33.78,ssp245,EC-Earth3
1982,28.79,ssp245,EC-Earth3
1983,31.04,ssp245,EC-Earth3
1984,30.23,ssp245,EC-Earth3
1985,29.23,ssp245,EC-Earth3
1986,31.42,ssp245,EC-Earth3
1987,32.38,ssp245,EC-Earth3
1988,28.98,ssp245,EC-Earth3
1989,31.2,ssp245,EC-Earth3
1990,29.1,ssp245,EC-Earth3
1991,35.86,ssp245,EC-Earth3
1992,31.2,ssp245,EC-Earth3
1993,33.62,ssp245,EC-Earth3
1994,33.23,ssp245,EC-Earth3
1995,30.35,ssp245,EC-Earth3
1996,29.74,ssp245,EC-Earth3
1997,30.81,ssp245,EC-Earth3
1998,29.69,ssp245,EC-Earth3
1999,28.53,ssp245,EC-Earth3
2000,30.72,ssp245,EC-Earth3
2001,33.6,ssp245,EC-Earth3
2002,30.44,ssp245,EC-Earth3
2003,28.05,ssp245,EC-Earth3
2004,29.74,ssp245,EC-Earth3
2005,28.88,ssp245,EC-Earth3
2006,29.57,ssp245,EC-Earth3
2007,32.93,ssp245,EC-Earth3
2008,29.3,ssp245,EC-Earth3
2009,33.33,ssp245,EC-Earth3
2010,30.36,ssp245,EC-Earth3
2011,32.9,ssp245,EC-Earth3
2012,33.05,ssp245,EC-Earth3
2013,28.53,ssp245,EC-Earth3
2014,27.63,ssp245,EC-Earth3
2015,36.37,ssp245,EC-Earth3
2016,30.02,ssp245,EC-Earth3
2017,29.11,ssp245,EC-Earth3
2018,33.94,ssp245,EC-Earth3
2019,33.84,ssp245,EC-Earth3
2020,31.59,ssp245,EC-Earth3
2021,31.5,ssp245,EC-Earth3
2022,30.85,ssp245,EC-Earth3
2023,31.13,ssp245,EC-Earth3
2024,37.22,ssp245,EC-Earth3
2025,32.58,ssp245,EC-Earth3
2026,31.37,ssp245,EC-Earth3
2027,24.52,ssp245,EC-Earth3
2028,31.36,ssp245,EC-Earth3
2029,30.29,ssp245,EC-Earth3
2030,28.76,ssp245,EC-Earth3
2031,30.7,ssp245,EC-Earth3
2032,34.6,ssp245,EC-Earth3
2033,33.9,ssp245,EC-Earth3
2034,37.82,ssp245,EC-Earth3
2035,31.71,ssp245,EC-Earth3
2036,33.38,ssp245,EC-Earth3
2037,32.13,ssp245,EC-Earth3
2038,33.14,ssp245,EC-Earth3
2039,31.74,ssp245,EC-Earth3
2040,32.11,ssp245,EC-Earth3
2041,32.73,ssp245,EC-Earth3
2042,33.46,ssp245,EC-Earth3
2043,31.84,ssp245,EC-Earth3
2044,33.54,ssp245,EC-Earth3
2045,32.58,ssp245,EC-Earth3
2046,32.35,ssp245,EC-Earth3
2047,35.81,ssp245,EC-Earth3
2048,34.04,ssp245,EC-Earth3
2049,35.27,ssp245,EC-Earth3
2050,30.68,ssp245,EC-Earth3
2051,31.16,ssp245,EC-Earth3
2052,32.16,ssp245,EC-Earth3
2053,32.92,ssp245,EC-Earth3
2054,35.26,ssp245,EC-Earth3
2055,32.99,ssp245,EC-Earth3
2056,35.45,ssp245,EC-Earth3
2057,30.64,ssp245,EC-Earth3
2058,31.04,ssp245,EC-Earth3
2059,33.53,ssp245,EC-Earth3
2060,37.11,ssp245,EC-Earth3
2061,32.6,ssp245,EC-Earth3
2062,32.24,ssp245,EC-Earth3
2063,32.8,ssp245,EC-Earth3
2064,36.05,ssp245,EC-Earth3
2065,31.84,ssp245,EC-Earth3
2066,36.23,ssp245,EC-Earth3
2067,31.16,ssp245,EC-Earth3
2068,32.73,ssp245,EC-Earth3
2069,34.42,ssp245,EC-Earth3
2070,32.36,ssp245,EC-Earth3
2071,32.35,ssp245,EC-Earth3
2072,31.89,ssp245,EC-Earth3
2073,35.99,ssp245,EC-Earth3
2074,38.56,ssp245,EC-Earth3
2075,30.36,ssp245,EC-Earth3
2076,33.55,ssp245,EC-Earth3
2077,30.99,ssp245,EC-Earth3
2078,33.73,ssp245,EC-Earth3
2079,35.09,ssp245,EC-Earth3
2080,39.1,ssp245,EC-Earth3
2081,30.33,ssp245,EC-Earth3
2082,32.58,ssp245,EC-Earth3
2083,29.04,ssp245,EC-Earth3
2084,29.52,ssp245,EC-Earth3
2085,37.97,ssp245,EC-Earth3
2086,36.4,ssp245,EC-Earth3
2087,28.75,ssp245,EC-Earth3
2088,36.0,ssp245,EC-Earth3
2089,32.24,ssp245,EC-Earth3
2090,34.38,ssp245,EC-Earth3
2091,33.8,ssp245,EC-Earth3
2092,28.88,ssp245,EC-Earth3
2093,32.64,ssp245,EC-Earth3
2094,29.68,ssp245,EC-Earth3
2095,32.97,ssp245,EC-Earth3
2096,33.43,ssp245,EC-Earth3
2097,29.94,ssp245,EC-Earth3
2098,33.1,ssp245,EC-Earth3
2099,35.91,ssp245,EC-Earth3
2100,28.39,ssp245,EC-Earth3
1950,33.14,ssp245,FGOALS-g3
1951,32.1,ssp245,FGOALS-g3
1952,26.52,ssp245,FGOALS-g3
1953,28.12,ssp245,FGOALS-g3
1954,30.27,ssp245,FGOALS-g3
1955,28.07,ssp245,FGOALS-g3
1956,33.1,ssp245,FGOALS-g3
1957,31.07,ssp245,FGOALS-g3
1958,32.45,ssp245,FGOALS-g3
1959,26.59,ssp245,FGOALS-g3
1960,29.38,ssp245,FGOALS-g3
1961,29.76,ssp245,FGOALS-g3
1962,33.65,ssp245,FGOALS-g3
1963,28.97,ssp245,FGOALS-g3
1964,25.49,ssp245,FGOALS-g3
1965,35.26,ssp245,FGOALS-g3
1966,32.62,ssp245,FGOALS-g3
1967,27.83,ssp245,FGOALS-g3
1968,30.44,ssp245,FGOALS-g3
1969,29.08,ssp245,FGOALS-g3
1970,27.57,ssp245,FGOALS-g3
1971,30.93,ssp245,FGOALS-g3
1972,30.75,ssp245,FGOALS-g3
1973,32.24,ssp245,FGOALS-g3
1974,29.5,ssp245,FGOALS-g3
1975,26.92,ssp245,FGOALS-g3
1976,30.73,ssp245,FGOALS-g3
1977,31.18,ssp245,FGOALS-g3
1978,30.25,ssp245,FGOALS-g3
1979,32.63,ssp245,FGOALS-g3
1980,30.03,ssp245,FGOALS-g3
1981,26.26,ssp245,FGOALS-g3
1982,27.46,ssp245,FGOALS-g3
1983,30.36,ssp245,FGOALS-g3
1984,30.67,ssp245,FGOALS-g3
1985,33.42,ssp245,FGOALS-g3
1986,28.47,ssp245,FGOALS-g3
1987,36.72,ssp245,FGOALS-g3
1988,31.46,ssp245,FGOALS-g3
1989,27.2,ssp245,FGOALS-g3
1990,29.81,ssp245,FGOALS-g3
1991,34.73,ssp245,FGOALS-g3
1992,25.45,ssp245,FGOALS-g3
1993,31.76,ssp245,FGOALS-g3
1994,29.01,ssp245,FGOALS-g3
1995,33.3,ssp245,FGOALS-g3
1996,32.7,ssp245,FGOALS-g3
1997,29.95,ssp245,FGOALS-g3
1998,26.89,ssp245,FGOALS-g3
1999,30.78,ssp245,FGOALS-g3
2000,29.66,ssp245,FGOALS-g3
2001,35.19,ssp245,FGOALS-g3
2002,33.15,ssp245,FGOALS-g3
2003,33.33,ssp245,FGOALS-g3
2004,31.44,ssp245,FGOALS-g3
2005,28.54,ssp245,FGOALS-g3
2006,32.34,ssp245,FGOALS-g3
2007,29.72,ssp245,FGOALS-g3
2008,30.28,ssp245,FGOALS-g3
2009,32.39,ssp245,FGOALS-g3
2010,29.12,ssp245,FGOALS-g3
2011,33.36,ssp245,FGOALS-g3
2012,32.69,ssp245,FGOALS-g3
2013,31.32,ssp245,FGOALS-g3
2014,31.13,ssp245,FGOALS-g3
2015,31.87,ssp245,FGOALS-g3
2016,37.62,ssp245,FGOALS-g3
2017,32.68,ssp245,FGOALS-g3
2018,32.65,ssp245,FGOALS-g3
2019,32.11,ssp245,FGOALS-g3
2020,28.85,ssp245,FGOALS-g3
2021,32.54,ssp245,FGOALS-g3
2022,24.28,ssp245,FGOALS-g3
2023,31.2,ssp245,FGOALS-g3
2024,32.63,ssp245,FGOALS-g3
2025,32.1,ssp245,FGOALS-g3
2026,33.24,ssp245,FGOALS-g3
2027,31.95,ssp245,FGOALS-g3
2028,32.34,ssp245,FGOALS-g3
2029,28.76,ssp245,FGOALS-g3
2030,26.16,ssp245,FGOALS-g3
2031,32.65,ssp245,FGOALS-g3
2032,35.74,ssp245,FGOALS-g3
2033,33.25,ssp245,FGOALS-g3
2034,36.7,ssp245,FGOALS-g3
2035,34.56,ssp245,FGOALS-g3
2036,30.88,ssp245,FGOALS-g3
2037,30.68,ssp245,FGOALS-g3
2038,31.15,ssp245,FGOALS-g3
2039,33.42,ssp245,FGOALS-g3
2040,30.23,ssp245,FGOALS-g3
2041,34.2,ssp245,FGOALS-g3
2042,36.6,ssp245,FGOALS-g3
2043,27.99,ssp245,FGOALS-g3
2044,37.15,ssp245,FGOALS-g3
2045,33.74,ssp245,FGOALS-g3
2046,35.47,ssp245,FGOALS-g3
2047,34.2,ssp245,FGOALS-g3
2048,34.49,ssp245,FGOALS-g3
2049,33.36,ssp245,FGOALS-g3
2050,32.0,ssp245,FGOALS-g3
2051,33.06,ssp245,FGOALS-g3
2052,34.67,ssp245,FGOALS-g3
2053,25.96,ssp245,FGOALS-g3
2054,34.04,ssp245,FGOALS-g3
2055,32.67,ssp245,FGOALS-g3
2056,31.57,ssp245,FGOALS-g3
2057,33.32,ssp245,FGOALS-g3
2058,34.03,ssp245,FGOALS-g3
2059,33.58,ssp245,FGOALS-g3
2060,36.74,ssp245,FGOALS-g3
2061,30.89,ssp245,FGOALS-g3
2062,32.01,ssp245,FGOALS-g3
2063,32.72,ssp245,FGOALS-g3
2064,29.76,ssp245,FGOALS-g3
2065,37.42,ssp245,FGOALS-g3
2066,33.6,ssp245,FGOALS-g3
2067,31.09,ssp245,FGOALS-g3
2068,37.49,ssp245,FGOALS-g3
2069,36.88,ssp245,FGOALS-g3
2070,32.24,ssp245,FGOALS-g3
2071,26.31,ssp245,FGOALS-g3
2072,32.55,ssp245,FGOALS-g3
2073,31.39,ssp245,FGOALS-g3
2074,31.51,ssp245,FGOALS-g3
2075,30.49,ssp245,FGOALS-g3
2076,36.74,ssp245,FGOALS-g3
2077,30.73,ssp245,FGOALS-g3
2078,28.45,ssp245,FGOALS-g3
2079,36.33,ssp245,FGOALS-g3
2080,36.14,ssp245,FGOALS-g3
2081,38.27,ssp245,FGOALS-g3
2082,33.71,ssp245,FGOALS-g3
2083,35.73,ssp245,FGOALS-g3
2084,29.73,ssp245,FGOALS-g3
2085,34.48,ssp245,FGOALS-g3
2086,34.33,ssp245,FGOALS-g3
2087,31.62,ssp245,FGOALS-g3
2088,34.02,ssp245,FGOALS-g3
2089,31.62,ssp245,FGOALS-g3
2090,28.7,ssp245,FGOALS-g3
2091,30.34,ssp245,FGOALS-g3
2092,30.85,ssp245,FGOALS-g3
2093,31.64,ssp245,FGOALS-g3
2094,34.02,ssp245,FGOALS-g3
2095,35.37,ssp245,FGOALS-g3
2096,29.93,ssp245,FGOALS-g3
2097,35.48,ssp245,FGOALS-g3
2098,38.19,ssp245,FGOALS-g3
2099,26.25,ssp245,FGOALS-g3
2100,28.13,ssp245,FGOALS-g3
1950,30.68,ssp245,GFDL-ESM4
1951,25.95,ssp245,GFDL-ESM4
1952,28.34,ssp245,GFDL-ESM4
1953,34.63,ssp245,GFDL-ESM4
1954,30.13,ssp245,GFDL-ESM4
1955,25.5,ssp245,GFDL-ESM4
1956,29.2,ssp245,GFDL-ESM4
1957,23.43,ssp245,GFDL-ESM4
1958,31.37,ssp245,GFDL-ESM4
1959,34.64,ssp245,GFDL-ESM4
1960,30.49,ssp245,GFDL-ESM4
1961,33.94,ssp245,GFDL-ESM4
1962,33.17,ssp245,GFDL-ESM4
1963,29.23,ssp245,GFDL-ESM4
1964,30.01,ssp245,GFDL-ESM4
1965,27.56,ssp245,GFDL-ESM4
1966,29.55,ssp245,GFDL-ESM4
1967,31.87,ssp245,GFDL-ESM4
1968,32.67,ssp245,GFDL-ESM4
1969,29.79,ssp245,GFDL-ESM4
1970,31.92,ssp245,GFDL-ESM4
1971,27.37,ssp245,GFDL-ESM4
1972,32.43,ssp245,GFDL-ESM4
1973,28.08,ssp245,GFDL-ESM4
1974,28.23,ssp245,GFDL-ESM4
1975,29.94,ssp245,GFDL-ESM4
1976,28.65,ssp245,GFDL-ESM4
1977,34.85,ssp245,GFDL-ESM4
1978,34.77,ssp245,GFDL-ESM4
1979,30.99,ssp245,GFDL-ESM4
1980,25.75,ssp245,GFDL-ESM4
1981,32.29,ssp245,GFDL-ESM4
1982,29.03,ssp245,GFDL-ESM4
1983,30.73,ssp245,GFDL-ESM4
1984,29.8,ssp245,GFDL-ESM4
1985,29.95,ssp245,GFDL-ESM4
1986,29.89,ssp245,GFDL-ESM4
1987,31.69,ssp245,GFDL-ESM4
1988,30.42,ssp245,GFDL-ESM4
1989,30.8,ssp245,GFDL-ESM4
1990,29.53,ssp245,GFDL-ESM4
1991,30.17,ssp245,GFDL-ESM4
1992,29.78,ssp245,GFDL-ESM4
1993,30.27,ssp245,GFDL-ESM4
1994,32.13,ssp245,GFDL-ESM4
1995,28.05,ssp245,GFDL-ESM4
1996,30.79,ssp245,GFDL-ESM4
1997,29.38,ssp245,GFDL-ESM4
1998,29.84,ssp245,GFDL-ESM4
1999,28.8,ssp245,GFDL-ESM4
2000,30.64,ssp245,GFDL-ESM4
2001,33.63,ssp245,GFDL-ESM4
2002,32.26,ssp245,GFDL-ESM4
2003,29.93,ssp245,GFDL-ESM4
2004,25.41,ssp245,GFDL-ESM4
2005,33.94,ssp245,GFDL-ESM4
2006,30.17,ssp245,GFDL-ESM4
2007,28.28,ssp245,GFDL-ESM4
2008,29.51,ssp245,GFDL-ESM4
2009,31.37,ssp245,GFDL-ESM4
2010,28.73,ssp245,GFDL-ESM4
2011,33.59,ssp245,GFDL-ESM4
2012,33.05,ssp245,GFDL-ESM4
2013,27.91,ssp245,GFDL-ESM4
2014,25.87,ssp245,GFDL-ESM4
2015,27.97,ssp245,GFDL-ESM4
2016,30.24,ssp245,GFDL-ESM4
2017,28.96,ssp245,GFDL-ESM4
2018,36.54,ssp245,GFDL-ESM4
2019,33.57,ssp245,GFDL-ESM4
2020,28.39,ssp245,GFDL-ESM4
2021,25.56,ssp245,GFDL-ESM4
2022,34.81,ssp245,GFDL-ESM4
2023,32.12,ssp245,GFDL-ESM4
2024,31.2,ssp245,GFDL-ESM4
2025,30.35,ssp245,GFDL-ESM4
2026,32.46,ssp245,GFDL-ESM4
2027,29.85,ssp245,GFDL-ESM4
2028,28.19,ssp245,GFDL-ESM4
2029,28.97,ssp245,GFDL-ESM4
2030,32.03,ssp245,GFDL-ESM4
2031,28.78,ssp245,GFDL-ESM4
2032,31.62,ssp245,GFDL-ESM4
2033,25.98,ssp245,GFDL-ESM4
2034,31.53,ssp245,GFDL-ESM4
2035,31.14,ssp245,GFDL-ESM4
2036,29.03,ssp245,GFDL-ESM4
2037,30.64,ssp245,GFDL-ESM4
2038,30.79,ssp245,GFDL-ESM4
2039,29.85,ssp245,GFDL-ESM4
2040,30.55,ssp245,GFDL-ESM4
2041,31.86,ssp245,GFDL-ESM4
2042,27.87,ssp245,GFDL-ESM4
2043,32.23,ssp245,GFDL-ESM4
2044,29.97,ssp245,GFDL-ESM4
2045,31.46,ssp245,GFDL-ESM4
2046,30.23,ssp245,GFDL-ESM4
2047,33.7,ssp245,GFDL-ESM4
2048,33.49,ssp245,GFDL-ESM4
2049,32.17,ssp245,GFDL-ESM4
2050,31.31,ssp245,GFDL-ESM4
2051,28.95,ssp245,GFDL-ESM4
2052,32.1,ssp245,GFDL-ESM4
2053,38.13,ssp245,GFDL-ESM4
2054,34.16,ssp245,GFDL-ESM4
2055,34.32,ssp245,GFDL-ESM4
2056,33.5,ssp245,GFDL-ESM4
2057,32.88,ssp245,GFDL-ESM4
2058,29.03,ssp245,GFDL-ESM4
2059,26.55,ssp245,GFDL-ESM4
2060,37.76,ssp245,GFDL-ESM4
2061,32.89,ssp245,GFDL-ESM4
2062,30.7,ssp245,GFDL-ESM4
2063,32.92,ssp245,GFDL-ESM4
2064,35.38,ssp245,GFDL-ESM4
2065,34.22,ssp245,GFDL-ESM4
2066,32.55,ssp245,GFDL-ESM4
2067,30.62,ssp245,GFDL-ESM4
2068,36.76,ssp245,GFDL-ESM4
2069,35.54,ssp245,GFDL-ESM4
2070,31.17,ssp245,GFDL-ESM4
2071,33.95,ssp245,GFDL-ESM4
2072,34.54,ssp245,GFDL-ESM4
2073,32.79,ssp245,GFDL-ESM4
2074,30.9,ssp245,GFDL-ESM4
2075,34.59,ssp245,GFDL-ESM4
2076,31.79,ssp245,GFDL-ESM4
2077,36.29,ssp245,GFDL-ESM4
2078,27.69,ssp245,GFDL-ESM4
2079,30.71,ssp245,GFDL-ESM4
2080,31.6,ssp245,GFDL-ESM4
2081,30.33,ssp245,GFDL-ESM4
2082,38.42,ssp245,GFDL-ESM4
2083,35.44,ssp245,GFDL-ESM4
2084,31.24,ssp245,GFDL-ESM4
2085,36.07,ssp245,GFDL-ESM4
2086,31.8,ssp245,GFDL-ESM4
2087,28.77,ssp245,GFDL-ESM4
2088,31.79,ssp245,GFDL-ESM4
2089,33.12,ssp245,GFDL-ESM4
2090,31.14,ssp245,GFDL-ESM4
2091,29.97,ssp245,GFDL-ESM4
2092,37.68,ssp245,GFDL-ESM4
2093,30.46,ssp245,GFDL-ESM4
2094,31.8,ssp245,GFDL-ESM4
2095,37.25,ssp245,GFDL-ESM4
2096,30.53,ssp245,GFDL-ESM4
2097,35.22,ssp245,GFDL-ESM4
2098,38.3,ssp245,GFDL-ESM4
2099,28.22,ssp245,GFDL-ESM4
2100,32.3,ssp245,GFDL-ESM4
1950,30.09,ssp245,INM-CM4-8
1951,32.11,ssp245,INM-CM4-8
1952,30.93,ssp245,INM-CM4-8
1953,29.67,ssp245,INM-CM4-8
1954,32.26,ssp245,INM-CM4-8
1955,29.62,ssp245,INM-CM4-8
1956,27.83,ssp245,INM-CM4-8
1957,31.3,ssp245,INM-CM4-8
1958,28.85,ssp245,INM-CM4-8
1959,31.5,ssp245,INM-CM4-8
1960,32.85,ssp245,INM-CM4-8
1961,29.35,ssp245,INM-CM4-8
1962,30.96,ssp245,INM-CM4-8
1963,34.28,ssp245,INM-CM4-8
1964,28.87,ssp245,INM-CM4-8
1965,28.59,ssp245,INM-CM4-8
1966,31.09,ssp245,INM-CM4-8
1967,29.24,ssp245,INM-CM4-8
1968,34.07,ssp245,INM-CM4-8
1969,30.94,ssp245,INM-CM4-8
1970,26.17,ssp245,INM-CM4-8
1971,30.38,ssp245,INM-CM4-8
1972,29.5,ssp245,INM-CM4-8
1973,30.41,ssp245,INM-CM4-8
1974,32.88,ssp245,INM-CM4-8
1975,26.87,ssp245,INM-CM4-8
1976,30.65,ssp245,INM-CM4-8
1977,28.65,ssp245,INM-CM4-8
1978,32.27,ssp245,INM-CM4-8
1979,32.55,ssp245,INM-CM4-8
1980,29.93,ssp245,INM-CM4-8
1981,28.19,ssp245,INM-CM4-8
1982,26.75,ssp245,INM-CM4-8
1983,26.64,ssp245,INM-CM4-8
1984,30.24,ssp245,INM-CM4-8
1985,29.86,ssp245,INM-CM4-8
1986,29.8,ssp245,INM-CM4-8
1987,30.23,ssp245,INM-CM4-8
1988,29.91,ssp245,INM-CM4-8
1989,28.51,ssp245,INM-CM4-8
1990,32.91,ssp245,INM-CM4-8
1991,27.26,ssp245,INM-CM4-8
1992,31.66,ssp245,INM-CM4-8
1993,29.29,ssp245,INM-CM4-8
1994,30.2,ssp245,INM-CM4-8
1995,26.62,ssp245,INM-CM4-8
1996,28.29,ssp245,INM-CM4-8
1997,32.51,ssp245,INM-CM4-8
1998,33.64,ssp245,INM-CM4-8
1999,35.19,ssp245,INM-CM4-8
2000,27.39,ssp245,INM-CM4-8
2001,31.66,ssp245,INM-CM4-8
2002,32.14,ssp245,INM-CM4-8
2003,26.09,ssp245,INM-CM4-8
2004,28.52,ssp245,INM-CM4-8
2005,28.27,ssp245,INM-CM4-8
2006,32.95,ssp245,INM-CM4-8
2007,27.54,ssp245,INM-CM4-8
2008,33.12,ssp245,INM-CM4-8
2009,33.94,ssp245,INM-CM4-8
2010,33.69,ssp245,INM-CM4-8
2011,32.22,ssp245,INM-CM4-8
2012,29.08,ssp245,INM-CM4-8
2013,31.8,ssp245,INM-CM4-8
2014,29.53,ssp245,INM-CM4-8
2015,30.61,ssp245,INM-CM4-8
2016,30.11,ssp245,INM-CM4-8
2017,28.53,ssp245,INM-CM4-8
2018,31.9,ssp245,INM-CM4-8
2019,30.27,ssp245,INM-CM4-8
2020,35.21,ssp245,INM-CM4-8
2021,29.87,ssp245,INM-CM4-8
2022,27.21,ssp245,INM-CM4-8
2023,34.24,ssp245,INM-CM4-8
2024,28.91,ssp245,INM-CM4-8
2025,34.07,ssp245,INM-CM4-8
2026,32.29,ssp245,INM-CM4-8
2027,32.5,ssp245,INM-CM4-8
2028,31.43,ssp245,INM-CM4-8
2029,32.02,ssp245,INM-CM4-8
2030,29.48,ssp245,INM-CM4-8
2031,31.76,ssp245,INM-CM4-8
2032,33.82,ssp245,INM-CM4-8
2033,28.94,ssp245,INM-CM4-8
2034,27.06,ssp245,INM-CM4-8
2035,33.77,ssp245,INM-CM4-8
2036,30.34,ssp245,INM-CM4-8
2037,33.82,ssp245,INM-CM4-8
2038,29.13,ssp245,INM-CM4-8
2039,27.75,ssp245,INM-CM4-8
2040,26.24,ssp245,INM-CM4-8
2041,29.08,ssp245,INM-CM4-8
2042,26.46,ssp245,INM-CM4-8
2043,33.58,ssp245,INM-CM4-8
2044,35.71,ssp245,INM-CM4-8
2045,30.22,ssp245,INM-CM4-8
2046,31.59,ssp245,INM-CM4-8
2047,25.47,ssp245,INM-CM4-8
2048,28.53,ssp245,INM-CM4-8
2049,29.02,ssp245,INM-CM4-8
2050,32.56,ssp245,INM-CM4-8
2051,30.99,ssp245,INM-CM4-8
2052,36.32,ssp245,INM-CM4-8
2053,31.36,ssp245,INM-CM4-8
2054,31.07,ssp245,INM-CM4-8
2055,33.11,ssp245,INM-CM4-8
2056,31.24,ssp245,INM-CM4-8
2057,31.92,ssp245,INM-CM4-8
2058,29.74,ssp245,INM-CM4-8
2059,30.05,ssp245,INM-CM4-8
2060,29.46,ssp245,INM-CM4-8
2061,30.25,ssp245,INM-CM4-8
2062,32.53,ssp245,INM-CM4-8
2063,29.11,ssp245,INM-CM4-8
2064,27.76,ssp245,INM-CM4-8
2065,29.98,ssp245,INM-CM4-8
2066,29.45,ssp245,INM-CM4-8
2067,33.81,ssp245,INM-CM4-8
2068,32.73,ssp245,INM-CM4-8
2069,34.25,ssp245,INM-CM4-8
2070,34.18,ssp245,INM-CM4-8
2071,29.86,ssp245,INM-CM4-8
2072,26.64,ssp245,INM-CM4-8
2073,32.44,ssp245,INM-CM4-8
2074,29.99,ssp245,INM-CM4-8
2075,32.12,ssp245,INM-CM4-8
2076,31.46,ssp245,INM-CM4-8
2077,31.79,ssp245,INM-CM4-8
2078,33.21,ssp245,INM-CM4-8
2079,30.01,ssp245,INM-CM4-8
2080,30.63,ssp245,INM-CM4-8
2081,31.51,ssp245,INM-CM4-8
2082,28.32,ssp245,INM-CM4-8
2083,30.78,ssp245,INM-CM4-8
2084,28.64,ssp245,INM-CM4-8
2085,34.71,ssp245,INM-CM4-8
2086,33.09,ssp245,INM-CM4-8
2087,28.39,ssp245,INM-CM4-8
2088,29.44,ssp245,INM-CM4-8
2089,33.59,ssp245,INM-CM4-8
2090,35.84,ssp245,INM-CM4-8
2091,34.09,ssp245,INM-CM4-8
2092,37.42,ssp245,INM-CM4-8
2093,31.46,ssp245,INM-CM4-8
2094,31.23,ssp245,INM-CM4-8
2095,28.19,ssp245,INM-CM4-8
2096,30.05,ssp245,INM-CM4-8
2097,32.3,ssp245,INM-CM4-8
2098,31.44,ssp245,INM-CM4-8
2099,31.43,ssp245,INM-CM4-8
2100,32.53,ssp245,INM-CM4-8
1950,31.23,ssp245,INM-CM5-0
1951,32.7,ssp245,INM-CM5-0
1952,31.28,ssp245,INM-CM5-0
1953,24.51,ssp245,INM-CM5-0
1954,29.23,ssp245,INM-CM5-0
1955,29.07,ssp245,INM-CM5-0
1956,35.32,ssp245,INM-CM5-0
1957,34.78,ssp245,INM-CM5-0
1958,33.68,ssp245,INM-CM5-0
1959,29.5,ssp245,INM-CM5-0
1960,25.06,ssp245,INM-CM5-0
1961,33.3,ssp245,INM-CM5-0
1962,29.15,ssp245,INM-CM5-0
1963,27.06,ssp245,INM-CM5-0
1964,28.96,ssp245,INM-CM5-0
1965,29.26,ssp245,INM-CM5-0
1966,30.55,ssp245,INM-CM5-0
1967,28.9,ssp245,INM-CM5-0
1968,31.87,ssp245,INM-CM5-0
1969,29.1,ssp245,INM-CM5-0
1970,29.2,ssp245,INM-CM5-0
1971,30.04,ssp245,INM-CM5-0
1972,29.55,ssp245,INM-CM5-0
1973,31.05,ssp245,INM-CM5-0
1974,26.59,ssp245,INM-CM5-0
1975,27.02,ssp245,INM-CM5-0
1976,35.21,ssp245,INM-CM5-0
1977,29.83,ssp245,INM-CM5-0
1978,30.24,ssp245,INM-CM5-0
1979,30.35,ssp245,INM-CM5-0
1980,31.79,ssp245,INM-CM5-0
1981,30.35,ssp245,INM-CM5-0
1982,33.1,ssp245,INM-CM5-0
1983,31.65,ssp245,INM-CM5-0
1984,28.42,ssp245,INM-CM5-0
1985,29.21,ssp245,INM-CM5-0
1986,29.99,ssp245,INM-CM5-0
1987,30.08,ssp245,INM-CM5-0
1988,31.37,ssp245,INM-CM5-0
1989,27.44,ssp245,INM-CM5-0
1990,32.09,ssp245,INM-CM5-0
1991,32.27,ssp245,INM-CM5-0
1992,32.79,ssp245,INM-CM5-0
1993,30.87,ssp245,INM-CM5-0
1994,26.56,ssp245,INM-CM5-0
1995,29.88,ssp245,INM-CM5-0
1996,30.17,ssp245,INM-CM5-0
1997,28.58,ssp245,INM-CM5-0
1998,31.87,ssp245,INM-CM5-0
1999,30.02,ssp245,INM-CM5-0
2000,30.26,ssp245,INM-CM5-0
2001,30.83,ssp245,INM-CM5-0
2002,28.93,ssp245,INM-CM5-0
2003,34.63,ssp245,INM-CM5-0
2004,32.49,ssp245,INM-CM5-0
2005,32.65,ssp245,INM-CM5-0
2006,33.46,ssp245,INM-CM5-0
2007,30.69,ssp245,INM-CM5-0
2008,28.47,ssp245,INM-CM5-0
2009,29.49,ssp245,INM-CM5-0
2010,28.57,ssp245,INM-CM5-0
2011,30.49,ssp245,INM-CM5-0
2012,33.22,ssp245,INM-CM5-0
2013,32.23,ssp245,INM-CM5-0
2014,30.01,ssp245,INM-CM5-0
2015,32.13,ssp245,INM-CM5-0
2016,31.55,ssp245,INM-CM5-0
2017,31.53,ssp245,INM-CM5-0
2018,29.82,ssp245,INM-CM5-0
2019,29.92,ssp245,INM-CM5-0
2020,30.95,ssp245,INM-CM5-0
2021,28.44,ssp245,INM-CM5-0
2022,32.38,ssp245,INM-CM5-0
2023,29.1,ssp245,INM-CM5-0
2024,32.79,ssp245,INM-CM5-0
2025,29.38,ssp245,INM-CM5-0
2026,29.91,ssp245,INM-CM5-0
2027,32.19,ssp245,INM-CM5-0
2028,29.34,ssp245,INM-CM5-0
2029,30.97,ssp245,INM-CM5-0
2030,32.42,ssp245,INM-CM5-0
2031,30.19,ssp245,INM-CM5-0
2032,30.09,ssp245,INM-CM5-0
2033,30.2,ssp245,INM-CM5-0
2034,30.77,ssp245,INM-CM5-0
2035,30.25,ssp245,INM-CM5-0
2036,26.4,ssp245,INM-CM5-0
2037,31.6,ssp245,INM-CM5-0
2038,31.75,ssp245,INM-CM5-0
2039,29.0,ssp245,INM-CM5-0
2040,33.39,ssp245,INM-CM5-0
2041,30.46,ssp245,INM-CM5-0
2042,31.7,ssp245,INM-CM5-0
2043,32.27,ssp245,INM-CM5-0
2044,28.54,ssp245,INM-CM5-0
2045,37.93,ssp245,INM-CM5-0
2046,34.85,ssp245,INM-CM5-0
2047,29.37,ssp245,INM-CM5-0
2048,31.29,ssp245,INM-CM5-0
2049,31.16,ssp245,INM-CM5-0
2050,29.8,ssp245,INM-CM5-0
2051,31.52,ssp245,INM-CM5-0
2052,31.61,ssp245,INM-CM5-0
2053,30.89,ssp245,INM-CM5-0
2054,32.39,ssp245,INM-CM5-0
2055,30.22,ssp245,INM-CM5-0
2056,33.93,ssp245,INM-CM5-0
2057,33.47,ssp245,INM-CM5-0
2058,26.51,ssp245,INM-CM5-0
2059,36.09,ssp245,INM-CM5-0
2060,34.07,ssp245,INM-CM5-0
2061,31.72,ssp245,INM-CM5-0
2062,29.91,ssp245,INM-CM5-0
2063,27.82,ssp245,INM-CM5-0
2064,30.02,ssp245,INM-CM5-0
2065,34.76,ssp245,INM-CM5-0
2066,34.95,ssp245,INM-CM5-0
2067,28.86,ssp245,INM-CM5-0
2068,32.39,ssp245,INM-CM5-0
2069,30.46,ssp245,INM-CM5-0
2070,30.2,ssp245,INM-CM5-0
2071,32.83,ssp245,INM-CM5-0
2072,31.17,ssp245,INM-CM5-0
2073,37.04,ssp245,INM-CM5-0
2074,28.45,ssp245,INM-CM5-0
2075,36.78,ssp245,INM-CM5-0
2076,31.69,ssp245,INM-CM5-0
2077,27.2,ssp245,INM-CM5-0
2078,31.61,ssp245,INM-CM5-0
2079,32.34,ssp245,INM-CM5-0
2080,25.79,ssp245,INM-CM5-0
2081,31.1,ssp245,INM-CM5-0
2082,35.47,ssp245,INM-CM5-0
2083,29.97,ssp245,INM-CM5-0
2084,34.05,ssp245,INM-CM5-0
2085,35.12,ssp245,INM-CM5-0
2086,30.96,ssp245,INM-CM5-0
2087,30.5,ssp245,INM-CM5-0
2088,31.48,ssp245,INM-CM5-0
2089,30.39,ssp245,INM-CM5-0
2090,28.68,ssp245,INM-CM5-0
2091,28.36,ssp245,INM-CM5-0
2092,35.9,ssp245,INM-CM5-0
2093,31.73,ssp245,INM-CM5-0
2094,28.0,ssp245,INM-CM5-0
2095,29.65,ssp245,INM-CM5-0
2096,34.8,ssp245,INM-CM5-0
2097,33.58,ssp245,INM-CM5-0
2098,35.87,ssp245,INM-CM5-0
2099,29.55,ssp245,INM-CM5-0
2100,32.27,ssp245,INM-CM5-0
1950,28.96,ssp245,IPSL-CM6A-LR
1951,32.32,ssp245,IPSL-CM6A-LR
1952,31.64,ssp245,IPSL-CM6A-LR
1953,29.56,ssp245,IPSL-CM6A-LR
1954,28.07,ssp245,IPSL-CM6A-LR
1955,31.44,ssp245,IPSL-CM6A-LR
1956,29.7,ssp245,IPSL-CM6A-LR
1957,28.13,ssp245,IPSL-CM6A-LR
1958,30.82,ssp245,IPSL-CM6A-LR
1959,26.38,ssp245,IPSL-CM6A-LR
1960,30.97,ssp245,IPSL-CM6A-LR
1961,30.96,ssp245,IPSL-CM6A-LR
1962,30.18,ssp245,IPSL-CM6A-LR
1963,30.91,ssp245,IPSL-CM6A-LR
1964,30.29,ssp245,IPSL-CM6A-LR
1965,31.55,ssp245,IPSL-CM6A-LR
1966,29.81,ssp245,IPSL-CM6A-LR
1967,27.31,ssp245,IPSL-CM6A-LR
1968,34.86,ssp245,IPSL-CM6A-LR
1969,29.86,ssp245,IPSL-CM6A-LR
1970,27.59,ssp245,IPSL-CM6A-LR
1971,31.81,ssp245,IPSL-CM6A-LR
1972,32.91,ssp245,IPSL-CM6A-LR
1973,29.8,ssp245,IPSL-CM6A-LR
1974,30.39,ssp245,IPSL-CM6A-LR
1975,28.15,ssp245,IPSL-CM6A-LR
1976,28.66,ssp245,IPSL-CM6A-LR
1977,25.93,ssp245,IPSL-CM6A-LR
1978,29.23,ssp245,IPSL-CM6A-LR
1979,33.43,ssp245,IPSL-CM6A-LR
1980,36.17,ssp245,IPSL-CM6A-LR
1981,32.71,ssp245,IPSL-CM6A-LR
1982,28.67,ssp245,IPSL-CM6A-LR
1983,31.14,ssp245,IPSL-CM6A-LR
1984,26.41,ssp245,IPSL-CM6A-LR
1985,26.49,ssp245,IPSL-CM6A-LR
1986,27.92,ssp245,IPSL-CM6A-LR
1987,31.27,ssp245,IPSL-CM6A-LR
1988,32.27,ssp245,IPSL-CM6A-LR
1989,32.0,ssp245,IPSL-CM6A-LR
1990,27.21,ssp245,IPSL-CM6A-LR
1991,32.3,ssp245,IPSL-CM6A-LR
1992,28.98,ssp245,IPSL-CM6A-LR
1993,32.17,ssp245,IPSL-CM6A-LR
1994,29.99,ssp245,IPSL-CM6A-LR
1995,27.8,ssp245,IPSL-CM6A-LR
1996,30.87,ssp245,IPSL-CM6A-LR
1997,28.97,ssp245,IPSL-CM6A-LR
1998,30.21,ssp245,IPSL-CM6A-LR
1999,30.61,ssp245,IPSL-CM6A-LR
2000,33.7,ssp245,IPSL-CM6A-LR
2001,30.93,ssp245,IPSL-CM6A-LR
2002,32.8,ssp245,IPSL-CM6A-LR
2003,27.3,ssp245,IPSL-CM6A-LR
2004,27.74,ssp245,IPSL-CM6A-LR
2005,31.44,ssp245,IPSL-CM6A-LR
2006,33.3,ssp245,IPSL-CM6A-LR
2007,25.03,ssp245,IPSL-CM6A-LR
2008,28.59,ssp245,IPSL-CM6A-LR
2009,34.95,ssp245,IPSL-CM6A-LR
2010,30.16,ssp245,IPSL-CM6A-LR
2011,33.15,ssp245,IPSL-CM6A-LR
2012,31.64,ssp245,IPSL-CM6A-LR
2013,28.89,ssp245,IPSL-CM6A-LR
2014,30.18,ssp245,IPSL-CM6A-LR
2015,29.39,ssp245,IPSL-CM6A-LR
2016,29.72,ssp245,IPSL-CM6A-LR
2017,33.52,ssp245,IPSL-CM6A-LR
2018,30.81,ssp245,IPSL-CM6A-LR
2019,30.5,ssp245,IPSL-CM6A-LR
2020,33.28,ssp245,IPSL-CM6A-LR
2021,32.39,ssp245,IPSL-CM6A-LR
2022,28.98,ssp245,IPSL-CM6A-LR
2023,31.78,ssp245,IPSL-CM6A-LR
2024,29.59,ssp245,IPSL-CM6A-LR
2025,35.5,ssp245,IPSL-CM6A-LR
2026,36.41,ssp245,IPSL-CM6A-LR
2027,28.61,ssp245,IPSL-CM6A-LR
2028,31.17,ssp245,IPSL-CM6A-LR
2029,29.1,ssp245,IPSL-CM6A-LR
2030,29.73,ssp245,IPSL-CM6A-LR
2031,32.76,ssp245,IPSL-CM6A-LR
2032,35.52,ssp245,IPSL-CM6A-LR
2033,32.59,ssp245,IPSL-CM6A-LR
2034,31.53,ssp245,IPSL-CM6A-LR
2035,28.98,ssp245,IPSL-CM6A-LR
2036,33.0,ssp245,IPSL-CM6A-LR
2037,34.84,ssp245,IPSL-CM6A-LR
2038,30.42,ssp245,IPSL-CM6A-LR
2039,31.77,ssp245,IPSL-CM6A-LR
2040,34.6,ssp245,IPSL-CM6A-LR
2041,29.83,ssp245,IPSL-CM6A-LR
2042,31.33,ssp245,IPSL-CM6A-LR
2043,34.52,ssp245,IPSL-CM6A-LR
2044,30.23,ssp245,IPSL-CM6A-LR
2045,34.17,ssp245,IPSL-CM6A-LR
2046,32.1,ssp245,IPSL-CM6A-LR
2047,28.53,ssp245,IPSL-CM6A-LR
2048,34.06,ssp245,IPSL-CM6A-LR
2049,33.57,ssp245,IPSL-CM6A-LR
2050,33.54,ssp245,IPSL-CM6A-LR
2051,27.52,ssp245,IPSL-CM6A-LR
2052,33.02,ssp245,IPSL-CM6A-LR
2053,36.07,ssp245,IPSL-CM6A-LR
2054,38.69,ssp245,IPSL-CM6A-LR
2055,33.61,ssp245,IPSL-CM6A-LR
2056,29.56,ssp245,IPSL-CM6A-LR
2057,33.62,ssp245,IPSL-CM6A-LR
2058,30.47,ssp245,IPSL-CM6A-LR
2059,34.61,ssp245,IPSL-CM6A-LR
2060,35.65,ssp245,IPSL-CM6A-LR
2061,34.57,ssp245,IPSL-CM6A-LR
2062,32.25,ssp245,IPSL-CM6A-LR
2063,32.94,ssp245,IPSL-CM6A-LR
2064,27.93,ssp245,IPSL-CM6A-LR
2065,30.89,ssp245,IPSL-CM6A-LR
2066,33.56,ssp245,IPSL-CM6A-LR
2067,34.81,ssp245,IPSL-CM6A-LR
2068,37.17,ssp245,IPSL-CM6A-LR
2069,28.54,ssp245,IPSL-CM6A-LR
2070,28.72,ssp245,IPSL-CM6A-LR
2071,32.16,ssp245,IPSL-CM6A-LR
2072,37.02,ssp245,IPSL-CM6A-LR
2073,36.25,ssp245,IPSL-CM6A-LR
2074,33.5,ssp245,IPSL-CM6A-LR
2075,32.35,ssp245,IPSL-CM6A-LR
2076,34.26,ssp245,IPSL-CM6A-LR
2077,34.64,ssp245,IPSL-CM6A-LR
2078,32.16,ssp245,IPSL-CM6A-LR
2079,33.25,ssp245,IPSL-CM6A-LR
2080,31.13,ssp245,IPSL-CM6A-LR
2081,34.43,ssp245,IPSL-CM6A-LR
2082,32.6,ssp245,IPSL-CM6A-LR
2083,32.38,ssp245,IPSL-CM6A-LR
2084,37.6,ssp245,IPSL-CM6A-LR
2085,37.19,ssp245,IPSL-CM6A-LR
2086,33.59,ssp245,IPSL-CM6A-LR
2087,29.17,ssp245,IPSL-CM6A-LR
2088,30.68,ssp245,IPSL-CM6A-LR
2089,30.87,ssp245,IPSL-CM6A-LR
2090,38.07,ssp245,IPSL-CM6A-LR
2091,37.5,ssp245,IPSL-CM6A-LR
2092,34.03,ssp245,IPSL-CM6A-LR
2093,31.42,ssp245,IPSL-CM6A-LR
2094,30.72,ssp245,IPSL-CM6A-LR
2095,30.91,ssp245,IPSL-CM6A-LR
2096,35.27,ssp245,IPSL-CM6A-LR
2097,34.69,ssp245,IPSL-CM6A-LR
2098,27.12,ssp245,IPSL-CM6A-LR
2099,35.8,ssp245,IPSL-CM6A-LR
2100,34.46,ssp245,IPSL-CM6A-LR
1950,27.06,ssp245,MIROC6
1951,33.16,ssp245,MIROC6
1952,30.91,ssp245,MIROC6
1953,28.42,ssp245,MIROC6
1954,30.53,ssp245,MIROC6
1955,32.73,ssp245,MIROC6
1956,33.09,ssp245,MIROC6
1957,31.69,ssp245,MIROC6
1958,32.64,ssp245,MIROC6
1959,26.84,ssp245,MIROC6
1960,31.71,ssp245,MIROC6
1961,32.66,ssp245,MIROC6
1962,30.8,ssp245,MIROC6
1963,27.77,ssp245,MIROC6
1964,27.89,ssp245,MIROC6
1965,23.91,ssp245,MIROC6
1966,28.72,ssp245,MIROC6
1967,31.13,ssp245,MIROC6
1968,31.09,ssp245,MIROC6
1969,29.93,ssp245,MIROC6
1970,31.32,ssp245,MIROC6
1971,29.41,ssp245,MIROC6
1972,29.75,ssp245,MIROC6
1973,30.27,ssp245,MIROC6
1974,31.5,ssp245,MIROC6
1975,30.54,ssp245,MIROC6
1976,31.69,ssp245,MIROC6
1977,27.86,ssp245,MIROC6
1978,30.45,ssp245,MIROC6
1979,27.24,ssp245,MIROC6
1980,28.32,ssp245,MIROC6
1981,27.67,ssp245,MIROC6
1982,29.68,ssp245,MIROC6
1983,32.76,ssp245,MIROC6
1984,31.76,ssp245,MIROC6
1985,30.32,ssp245,MIROC6
1986,26.72,ssp245,MIROC6
1987,32.21,ssp245,MIROC6
1988,34.07,ssp245,MIROC6
1989,29.55,ssp245,MIROC6
1990,30.98,ssp245,MIROC6
1991,30.82,ssp245,MIROC6
1992,29.53,ssp245,MIROC6
1993,34.43,ssp245,MIROC6
1994,31.13,ssp245,MIROC6
1995,25.55,ssp245,MIROC6
1996,24.8,ssp245,MIROC6
1997,32.17,ssp245,MIROC6
1998,35.28,ssp245,MIROC6
1999,33.48,ssp245,MIROC6
2000,28.11,ssp245,MIROC6
2001,26.55,ssp245,MIROC6
2002,25.66,ssp245,MIROC6
2003,36.06,ssp245,MIROC6
2004,32.35,ssp245,MIROC6
2005,28.49,ssp245,MIROC6
2006,27.64,ssp245,MIROC6
2007,32.01,ssp245,MIROC6
2008,34.65,ssp245,MIROC6
2009,32.44,ssp245,MIROC6
2010,31.17,ssp245,MIROC6
2011,28.39,ssp245,MIROC6
2012,27.87,ssp245,MIROC6
2013,31.47,ssp245,MIROC6
2014,29.26,ssp245,MIROC6
2015,26.88,ssp245,MIROC6
2016,28.26,ssp245,MIROC6
2017,35.58,ssp245,MIROC6
2018,33.91,ssp245,MIROC6
2019,28.54,ssp245,MIROC6
2020,30.6,ssp245,MIROC6
2021,31.68,ssp245,MIROC6
2022,30.04,ssp245,MIROC6
2023,35.57,ssp245,MIROC6
2024,29.19,ssp245,MIROC6
2025,27.31,ssp245,MIROC6
2026,29.27,ssp245,MIROC6
2027,29.89,ssp245,MIROC6
2028,40.43,ssp245,MIROC6
2029,27.24,ssp245,MIROC6
2030,26.1,ssp245,MIROC6
2031,27.45,ssp245,MIROC6
2032,30.33,ssp245,MIROC6
2033,35.04,ssp245,MIROC6
2034,30.27,ssp245,MIROC6
2035,30.56,ssp245,MIROC6
2036,28.44,ssp245,MIROC6
2037,32.38,ssp245,MIROC6
2038,35.82,ssp245,MIROC6
2039,34.7,ssp245,MIROC6
2040,30.21,ssp245,MIROC6
2041,27.04,ssp245,MIROC6
2042,34.48,ssp245,MIROC6
2043,33.18,ssp245,MIROC6
2044,32.75,ssp245,MIROC6
2045,25.06,ssp245,MIROC6
2046,28.58,ssp245,MIROC6
2047,28.14,ssp245,MIROC6
2048,35.56,ssp245,MIROC6
2049,30.3,ssp245,MIROC6
2050,26.97,ssp245,MIROC6
2051,26.88,ssp245,MIROC6
2052,32.24,ssp245,MIROC6
2053,32.24,ssp245,MIROC6
2054,29.06,ssp245,MIROC6
2055,30.54,ssp245,MIROC6
2056,30.28,ssp245,MIROC6
2057,32.86,ssp245,MIROC6
2058,30.99,ssp245,MIROC6
2059,31.57,ssp245,MIROC6
2060,39.67,ssp245,MIROC6
2061,30.78,ssp245,MIROC6
2062,31.1,ssp245,MIROC6
2063,30.28,ssp245,MIROC6
2064,31.69,ssp245,MIROC6
2065,31.4,ssp245,MIROC6
2066,29.15,ssp245,MIROC6
2067,30.12,ssp245,MIROC6
2068,30.7,ssp245,MIROC6
2069,28.32,ssp245,MIROC6
2070,27.79,ssp245,MIROC6
2071,30.21,ssp245,MIROC6
2072,35.08,ssp245,MIROC6
2073,34.19,ssp245,MIROC6
2074,30.18,ssp245,MIROC6
2075,29.0,ssp245,MIROC6
2076,33.23,ssp245,MIROC6
2077,30.17,ssp245,MIROC6
2078,30.68,ssp245,MIROC6
2079,29.16,ssp245,MIROC6
2080,30.33,ssp245,MIROC6
2081,31.96,ssp245,MIROC6
2082,33.55,ssp245,MIROC6
2083,32.5,ssp245,MIROC6
2084,30.62,ssp245,MIROC6
2085,30.51,ssp245,MIROC6
2086,31.0,ssp245,MIROC6
2087,34.52,ssp245,MIROC6
2088,31.53,ssp245,MIROC6
2089,31.32,ssp245,MIROC6
2090,28.67,ssp245,MIROC6
2091,29.52,ssp245,MIROC6
2092,30.07,ssp245,MIROC6
2093,31.15,ssp245,MIROC6
2094,29.24,ssp245,MIROC6
2095,28.4,ssp245,MIROC6
2096,30.23,ssp245,MIROC6
2097,32.93,ssp245,MIROC6
2098,35.74,ssp245,MIROC6
2099,37.25,ssp245,MIROC6
2100,33.25,ssp245,MIROC6
1950,30.02,ssp245,MPI-ESM1-2-HR
1951,31.07,ssp245,MPI-ESM1-2-HR
1952,28.27,ssp245,MPI-ESM1-2-HR
1953,30.99,ssp245,MPI-ESM1-2-HR
1954,26.26,ssp245,MPI-ESM1-2-HR
1955,29.06,ssp245,MPI-ESM1-2-HR
1956,28.79,ssp245,MPI-ESM1-2-HR
1957,26.33,ssp245,MPI-ESM1-2-HR
1958,29.41,ssp245,MPI-ESM1-2-HR
1959,30.66,ssp245,MPI-ESM1-2-HR
1960,27.81,ssp245,MPI-ESM1-2-HR
1961,28.21,ssp245,MPI-ESM1-2-HR
1962,33.79,ssp245,MPI-ESM1-2-HR
1963,29.56,ssp245,MPI-ESM1-2-HR
1964,31.03,ssp245,MPI-ESM1-2-HR
1965,31.38,ssp245,MPI-ESM1-2-HR
1966,26.9,ssp245,MPI-ESM1-2-HR
1967,25.6,ssp245,MPI-ESM1-2-HR
1968,27.14,ssp245,MPI-ESM1-2-HR
1969,28.12,ssp245,MPI-ESM1-2-HR
1970,32.03,ssp245,MPI-ESM1-2-HR
1971,27.06,ssp245,MPI-ESM1-2-HR
1972,29.48,ssp245,MPI-ESM1-2-HR
1973,27.81,ssp245,MPI-ESM1-2-HR
1974,29.03,ssp245,MPI-ESM1-2-HR
1975,28.25,ssp245,MPI-ESM1-2-HR
1976,34.35,ssp245,MPI-ESM1-2-HR
1977,30.69,ssp245,MPI-ESM1-2-HR
1978,30.59,ssp245,MPI-ESM1-2-HR
1979,33.88,ssp245,MPI-ESM1-2-HR
1980,29.08,ssp245,MPI-ESM1-2-HR
1981,31.1,ssp245,MPI-ESM1-2-HR
1982,31.44,ssp245,MPI-ESM1-2-HR
1983,29.45,ssp245,MPI-ESM1-2-HR
1984,32.29,ssp245,MPI-ESM1-2-HR
1985,33.15,ssp245,MPI-ESM1-2-HR
1986,32.99,ssp245,MPI-ESM1-2-HR
1987,31.55,ssp245,MPI-ESM1-2-HR
1988,31.65,ssp245,MPI-ESM1-2-HR
1989,29.04,ssp245,MPI-ESM1-2-HR
1990,27.62,ssp245,MPI-ESM1-2-HR
1991,31.07,ssp245,MPI-ESM1-2-HR
1992,29.99,ssp245,MPI-ESM1-2-HR
1993,30.94,ssp245,MPI-ESM1-2-HR
1994,34.92,ssp245,MPI-ESM1-2-HR
1995,31.02,ssp245,MPI-ESM1-2-HR
1996,26.47,ssp245,MPI-ESM1-2-HR
1997,27.34,ssp245,MPI-ESM1-2-HR
1998,29.12,ssp245,MPI-ESM1-2-HR
1999,34.13,ssp245,MPI-ESM1-2-HR
2000,33.91,ssp245,MPI-ESM1-2-HR
2001,32.83,ssp245,MPI-ESM1-2-HR
2002,29.43,ssp245,MPI-ESM1-2-HR
2003,29.3,ssp245,MPI-ESM1-2-HR
2004,29.33,ssp245,MPI-ESM1-2-HR
2005,30.51,ssp245,MPI-ESM1-2-HR
2006,28.36,ssp245,MPI-ESM1-2-HR
2007,30.6,ssp245,MPI-ESM1-2-HR
2008,28.55,ssp245,MPI-ESM1-2-HR
2009,28.0,ssp245,MPI-ESM1-2-HR
2010,30.47,ssp245,MPI-ESM1-2-HR
2011,35.36,ssp245,MPI-ESM1-2-HR
2012,31.77,ssp245,MPI-ESM1-2-HR
2013,32.44,ssp245,MPI-ESM1-2-HR
2014,29.03,ssp245,MPI-ESM1-2-HR
2015,29.02,ssp245,MPI-ESM1-2-HR
2016,29.99,ssp245,MPI-ESM1-2-HR
2017,30.17,ssp245,MPI-ESM1-2-HR
2018,30.86,ssp245,MPI-ESM1-2-HR
2019,31.42,ssp245,MPI-ESM1-2-HR
2020,34.18,ssp245,MPI-ESM1-2-HR
2021,26.79,ssp245,MPI-ESM1-2-HR
2022,35.06,ssp245,MPI-ESM1-2-HR
2023,27.43,ssp245,MPI-ESM1-2-HR
2024,36.09,ssp245,MPI-ESM1-2-HR
2025,28.76,ssp245,MPI-ESM1-2-HR
2026,24.59,ssp245,MPI-ESM1-2-HR
2027,24.8,ssp245,MPI-ESM1-2-HR
2028,28.9,ssp245,MPI-ESM1-2-HR
2029,30.72,ssp245,MPI-ESM1-2-HR
2030,30.8,ssp245,MPI-ESM1-2-HR
2031,33.21,ssp245,MPI-ESM1-2-HR
2032,24.27,ssp245,MPI-ESM1-2-HR
2033,26.95,ssp245,MPI-ESM1-2-HR
2034,36.54,ssp245,MPI-ESM1-2-HR
2035,31.87,ssp245,MPI-ESM1-2-HR
2036,28.08,ssp245,MPI-ESM1-2-HR
2037,31.16,ssp245,MPI-ESM1-2-HR
2038,31.14,ssp245,MPI-ESM1-2-HR
2039,27.52,ssp245,MPI-ESM1-2-HR
2040,32.95,ssp245,MPI-ESM1-2-HR
2041,38.25,ssp245,MPI-ESM1-2-HR
2042,32.71,ssp245,MPI-ESM1-2-HR
2043,26.53,ssp245,MPI-ESM1-2-HR
2044,30.83,ssp245,MPI-ESM1-2-HR
2045,28.59,ssp245,MPI-ESM1-2-HR
2046,32.23,ssp245,MPI-ESM1-2-HR
2047,33.61,ssp245,MPI-ESM1-2-HR
2048,33.28,ssp245,MPI-ESM1-2-HR
2049,28.03,ssp245,MPI-ESM1-2-HR
2050,27.39,ssp245,MPI-ESM1-2-HR
2051,32.52,ssp245,MPI-ESM1-2-HR
2052,31.1,ssp245,MPI-ESM1-2-HR
2053,33.29,ssp245,MPI-ESM1-2-HR
2054,33.42,ssp245,MPI-ESM1-2-HR
2055,29.57,ssp245,MPI-ESM1-2-HR
2056,28.91,ssp245,MPI-ESM1-2-HR
2057,27.39,ssp245,MPI-ESM1-2-HR
2058,35.84,ssp245,MPI-ESM1-2-HR
2059,29.33,ssp245,MPI-ESM1-2-HR
2060,28.78,ssp245,MPI-ESM1-2-HR
2061,33.58,ssp245,MPI-ESM1-2-HR
2062,32.5,ssp245,MPI-ESM1-2-HR
2063,39.14,ssp245,MPI-ESM1-2-HR
2064,30.34,ssp245,MPI-ESM1-2-HR
2065,30.78,ssp245,MPI-ESM1-2-HR
2066,28.96,ssp245,MPI-ESM1-2-HR
2067,31.08,ssp245,MPI-ESM1-2-HR
2068,25.81,ssp245,MPI-ESM1-2-HR
2069,27.87,ssp245,MPI-ESM1-2-HR
2070,30.88,ssp245,MPI-ESM1-2-HR
2071,32.04,ssp245,MPI-ESM1-2-HR
2072,27.35,ssp245,MPI-ESM1-2-HR
2073,32.97,ssp245,MPI-ESM1-2-HR
2074,32.69,ssp245,MPI-ESM1-2-HR
2075,31.78,ssp245,MPI-ESM1-2-HR
2076,34.12,ssp245,MPI-ESM1-2-HR
2077,29.29,ssp245,MPI-ESM1-2-HR
2078,31.16,ssp245,MPI-ESM1-2-HR
2079,30.35,ssp245,MPI-ESM1-2-HR
2080,36.53,ssp245,MPI-ESM1-2-HR
2081,36.57,ssp245,MPI-ESM1-2-HR
2082,32.87,ssp245,MPI-ESM1-2-HR
2083,31.82,ssp245,MPI-ESM1-2-HR
2084,27.46,ssp245,MPI-ESM1-2-HR
2085,31.09,ssp245,MPI-ESM1-2-HR
2086,32.91,ssp245,MPI-ESM1-2-HR
2087,35.29,ssp245,MPI-ESM1-2-HR
2088,30.78,ssp245,MPI-ESM1-2-HR
2089,34.07,ssp245,MPI-ESM1-2-HR
2090,30.97,ssp245,MPI-ESM1-2-HR
2091,26.63,ssp245,MPI-ESM1-2-HR
2092,30.49,ssp245,MPI-ESM1-2-HR
2093,35.9,ssp245,MPI-ESM1-2-HR
2094,35.62,ssp245,MPI-ESM1-2-HR
2095,32.09,ssp245,MPI-ESM1-2-HR
2096,30.43,ssp245,MPI-ESM1-2-HR
2097,27.53,ssp245,MPI-ESM1-2-HR
2098,28.65,ssp245,MPI-ESM1-2-HR
2099,31.8,ssp245,MPI-ESM1-2-HR
2100,32.25,ssp245,MPI-ESM1-2-HR
1950,32.63,ssp245,MPI-ESM1-2-LR
1951,32.42,ssp245,MPI-ESM1-2-LR
1952,32.63,ssp245,MPI-ESM1-2-LR
1953,34.12,ssp245,MPI-ESM1-2-LR
1954,30.36,ssp245,MPI-ESM1-2-LR
1955,27.09,ssp245,MPI-ESM1-2-LR
1956,27.07,ssp245,MPI-ESM1-2-LR
1957,27.85,ssp245,MPI-ESM1-2-LR
1958,24.79,ssp245,MPI-ESM1-2-LR
1959,29.45,ssp245,MPI-ESM1-2-LR
1960,34.73,ssp245,MPI-ESM1-2-LR
1961,35.29,ssp245,MPI-ESM1-2-LR
1962,30.33,ssp245,MPI-ESM1-2-LR
1963,29.76,ssp245,MPI-ESM1-2-LR
1964,30.72,ssp245,MPI-ESM1-2-LR
1965,28.75,ssp245,MPI-ESM1-2-LR
1966,36.27,ssp245,MPI-ESM1-2-LR
1967,26.87,ssp245,MPI-ESM1-2-LR
1968,31.08,ssp245,MPI-ESM1-2-LR
1969,34.16,ssp245,MPI-ESM1-2-LR
1970,29.78,ssp245,MPI-ESM1-2-LR
1971,26.88,ssp245,MPI-ESM1-2-LR
1972,35.94,ssp245,MPI-ESM1-2-LR
1973,33.08,ssp245,MPI-ESM1-2-LR
1974,31.95,ssp245,MPI-ESM1-2-LR
1975,28.77,ssp245,MPI-ESM1-2-LR
1976,28.7,ssp245,MPI-ESM1-2-LR
1977,24.7,ssp245,MPI-ESM1-2-LR
1978,25.22,ssp245,MPI-ESM1-2-LR
1979,26.93,ssp245,MPI-ESM1-2-LR
1980,28.97,ssp245,MPI-ESM1-2-LR
1981,28.27,ssp245,MPI-ESM1-2-LR
1982,29.69,ssp245,MPI-ESM1-2-LR
1983,33.45,ssp245,MPI-ESM1-2-LR
1984,30.77,ssp245,MPI-ESM1-2-LR
1985,28.23,ssp245,MPI-ESM1-2-LR
1986,32.9,ssp245,MPI-ESM1-2-LR
1987,22.59,ssp245,MPI-ESM1-2-LR
1988,32.35,ssp245,MPI-ESM1-2-LR
1989,24.25,ssp245,MPI-ESM1-2-LR
1990,30.91,ssp245,MPI-ESM1-2-LR
1991,30.71,ssp245,MPI-ESM1-2-LR
1992,32.1,ssp245,MPI-ESM1-2-LR
1993,30.93,ssp245,MPI-ESM1-2-LR
1994,24.92,ssp245,MPI-ESM1-2-LR
1995,30.21,ssp245,MPI-ESM1-2-LR
1996,30.49,ssp245,MPI-ESM1-2-LR
1997,34.6,ssp245,MPI-ESM1-2-LR
1998,33.79,ssp245,MPI-ESM1-2-LR
1999,32.25,ssp245,MPI-ESM1-2-LR
2000,28.25,ssp245,MPI-ESM1-2-LR
2001,27.44,ssp245,MPI-ESM1-2-LR
2002,30.07,ssp245,MPI-ESM1-2-LR
2003,34.08,ssp245,MPI-ESM1-2-LR
2004,28.69,ssp245,MPI-ESM1-2-LR
2005,25.66,ssp245,MPI-ESM1-2-LR
2006,28.35,ssp245,MPI-ESM1-2-LR
2007,28.62,ssp245,MPI-ESM1-2-LR
2008,28.19,ssp245,MPI-ESM1-2-LR
2009,32.89,ssp245,MPI-ESM1-2-LR
2010,28.3,ssp245,MPI-ESM1-2-LR
2011,30.96,ssp245,MPI-ESM1-2-LR
2012,35.57,ssp245,MPI-ESM1-2-LR
2013,34.28,ssp245,MPI-ESM1-2-LR
2014,28.84,ssp245,MPI-ESM1-2-LR
2015,30.52,ssp245,MPI-ESM1-2-LR
2016,32.71,ssp245,MPI-ESM1-2-LR
2017,33.66,ssp245,MPI-ESM1-2-LR
2018,31.32,ssp245,MPI-ESM1-2-LR
2019,32.25,ssp245,MPI-ESM1-2-LR
2020,31.61,ssp245,MPI-ESM1-2-LR
2021,37.42,ssp245,MPI-ESM1-2-LR
2022,28.41,ssp245,MPI-ESM1-2-LR
2023,37.41,ssp245,MPI-ESM1-2-LR
2024,33.0,ssp245,MPI-ESM1-2-LR
2025,28.14,ssp245,MPI-ESM1-2-LR
2026,29.13,ssp245,MPI-ESM1-2-LR
2027,30.53,ssp245,MPI-ESM1-2-LR
2028,30.47,ssp245,MPI-ESM1-2-LR
2029,36.37,ssp245,MPI-ESM1-2-LR
2030,32.5,ssp245,MPI-ESM1-2-LR
2031,26.91,ssp245,MPI-ESM1-2-LR
2032,32.34,ssp245,MPI-ESM1-2-LR
2033,32.42,ssp245,MPI-ESM1-2-LR
2034,32.37,ssp245,MPI-ESM1-2-LR
2035,29.68,ssp245,MPI-ESM1-2-LR
2036,26.58,ssp245,MPI-ESM1-2-LR
2037,32.69,ssp245,MPI-ESM1-2-LR
2038,27.59,ssp245,MPI-ESM1-2-LR
2039,29.48,ssp245,MPI-ESM1-2-LR
2040,29.4,ssp245,MPI-ESM1-2-LR
2041,32.37,ssp245,MPI-ESM1-2-LR
2042,36.77,ssp245,MPI-ESM1-2-LR
2043,30.84,ssp245,MPI-ESM1-2-LR
2044,30.69,ssp245,MPI-ESM1-2-LR
2045,28.5,ssp245,MPI-ESM1-2-LR
2046,32.52,ssp245,MPI-ESM1-2-LR
2047,28.23,ssp245,MPI-ESM1-2-LR
2048,32.37,ssp245,MPI-ESM1-2-LR
2049,30.26,ssp245,MPI-ESM1-2-LR
2050,34.04,ssp245,MPI-ESM1-2-LR
2051,32.5,ssp245,MPI-ESM1-2-LR
2052,34.69,ssp245,MPI-ESM1-2-LR
2053,31.84,ssp245,MPI-ESM1-2-LR
2054,36.02,ssp245,MPI-ESM1-2-LR
2055,30.68,ssp245,MPI-ESM1-2-LR
2056,29.85,ssp245,MPI-ESM1-2-LR
2057,30.51,ssp245,MPI-ESM1-2-LR
2058,31.79,ssp245,MPI-ESM1-2-LR
2059,31.24,ssp245,MPI-ESM1-2-LR
2060,30.4,ssp245,MPI-ESM1-2-LR
2061,23.46,ssp245,MPI-ESM1-2-LR
2062,33.43,ssp245,MPI-ESM1-2-LR
2063,32.96,ssp245,MPI-ESM1-2-LR
2064,31.44,ssp245,MPI-ESM1-2-LR
2065,30.88,ssp245,MPI-ESM1-2-LR
2066,34.13,ssp245,MPI-ESM1-2-LR
2067,36.65,ssp245,MPI-ESM1-2-LR
2068,33.09,ssp245,MPI-ESM1-2-LR
2069,30.6,ssp245,MPI-ESM1-2-LR
2070,28.51,ssp245,MPI-ESM1-2-LR
2071,32.34,ssp245,MPI-ESM1-2-LR
2072,34.43,ssp245,MPI-ESM1-2-LR
2073,32.89,ssp245,MPI-ESM1-2-LR
2074,31.72,ssp245,MPI-ESM1-2-LR
2075,33.5,ssp245,MPI-ESM1-2-LR
2076,27.56,ssp245,MPI-ESM1-2-LR
2077,28.03,ssp245,MPI-ESM1-2-LR
2078,32.1,ssp245,MPI-ESM1-2-LR
2079,25.19,ssp245,MPI-ESM1-2-LR
2080,29.64,ssp245,MPI-ESM1-2-LR
2081,34.76,ssp245,MPI-ESM1-2-LR
2082,32.9,ssp245,MPI-ESM1-2-LR
2083,31.87,ssp245,MPI-ESM1-2-LR
2084,33.76,ssp245,MPI-ESM1-2-LR
2085,33.99,ssp245,MPI-ESM1-2-LR
2086,28.03,ssp245,MPI-ESM1-2-LR
2087,31.73,ssp245,MPI-ESM1-2-LR
2088,34.18,ssp245,MPI-ESM1-2-LR
2089,32.02,ssp245,MPI-ESM1-2-LR
2090,27.11,ssp245,MPI-ESM1-2-LR
2091,34.72,ssp245,MPI-ESM1-2-LR
2092,31.25,ssp245,MPI-ESM1-2-LR
2093,28.88,ssp245,MPI-ESM1-2-LR
2094,28.73,ssp245,MPI-ESM1-2-LR
2095,31.06,ssp245,MPI-ESM1-2-LR
2096,36.4,ssp245,MPI-ESM1-2-LR
2097,38.49,ssp245,MPI-ESM1-2-LR
2098,30.86,ssp245,MPI-ESM1-2-LR
2099,33.21,ssp245,MPI-ESM1-2-LR
2100,31.9,ssp245,MPI-ESM1-2-LR
1950,32.57,ssp245,MRI-ESM2-0
1951,31.39,ssp245,MRI-ESM2-0
1952,27.37,ssp245,MRI-ESM2-0
1953,23.02,ssp245,MRI-ESM2-0
1954,31.75,ssp245,MRI-ESM2-0
1955,34.15,ssp245,MRI-ESM2-0
1956,26.76,ssp245,MRI-ESM2-0
1957,26.15,ssp245,MRI-ESM2-0
1958,29.79,ssp245,MRI-ESM2-0
1959,29.06,ssp245,MRI-ESM2-0
1960,29.45,ssp245,MRI-ESM2-0
1961,27.28,ssp245,MRI-ESM2-0
1962,32.31,ssp245,MRI-ESM2-0
1963,30.33,ssp245,MRI-ESM2-0
1964,31.58,ssp245,MRI-ESM2-0
1965,29.91,ssp245,MRI-ESM2-0
1966,30.87,ssp245,MRI-ESM2-0
1967,31.22,ssp245,MRI-ESM2-0
1968,27.25,ssp245,MRI-ESM2-0
1969,27.72,ssp245,MRI-ESM2-0
1970,31.17,ssp245,MRI-ESM2-0
1971,31.02,ssp245,MRI-ESM2-0
1972,29.28,ssp245,MRI-ESM2-0
1973,31.12,ssp245,MRI-ESM2-0
1974,35.91,ssp245,MRI-ESM2-0
1975,32.04,ssp245,MRI-ESM2-0
1976,25.94,ssp245,MRI-ESM2-0
1977,25.3,ssp245,MRI-ESM2-0
1978,32.98,ssp245,MRI-ESM2-0
1979,29.45,ssp245,MRI-ESM2-0
1980,31.36,ssp245,MRI-ESM2-0
1981,29.29,ssp245,MRI-ESM2-0
1982,32.31,ssp245,MRI-ESM2-0
1983,29.68,ssp245,MRI-ESM2-0
1984,29.37,ssp245,MRI-ESM2-0
1985,31.45,ssp245,MRI-ESM2-0
1986,31.92,ssp245,MRI-ESM2-0
1987,27.89,ssp245,MRI-ESM2-0
1988,35.04,ssp245,MRI-ESM2-0
1989,28.76,ssp245,MRI-ESM2-0
1990,31.29,ssp245,MRI-ESM2-0
1991,31.45,ssp245,MRI-ESM2-0
1992,28.67,ssp245,MRI-ESM2-0
1993,30.61,ssp245,MRI-ESM2-0
1994,30.61,ssp245,MRI-ESM2-0
1995,31.22,ssp245,MRI-ESM2-0
1996,28.16,ssp245,MRI-ESM2-0
1997,33.68,ssp245,MRI-ESM2-0
1998,30.6,ssp245,MRI-ESM2-0
1999,31.47,ssp245,MRI-ESM2-0
2000,29.72,ssp245,MRI-ESM2-0
2001,31.32,ssp245,MRI-ESM2-0
2002,27.07,ssp245,MRI-ESM2-0
2003,29.26,ssp245,MRI-ESM2-0
2004,31.94,ssp245,MRI-ESM2-0
2005,35.57,ssp245,MRI-ESM2-0
2006,32.2,ssp245,MRI-ESM2-0
2007,30.96,ssp245,MRI-ESM2-0
2008,33.75,ssp245,MRI-ESM2-0
2009,30.14,ssp245,MRI-ESM2-0
2010,25.15,ssp245,MRI-ESM2-0
2011,29.16,ssp245,MRI-ESM2-0
2012,31.55,ssp245,MRI-ESM2-0
2013,30.95,ssp245,MRI-ESM2-0
2014,30.34,ssp245,MRI-ESM2-0
2015,30.21,ssp245,MRI-ESM2-0
2016,29.98,ssp245,MRI-ESM2-0
2017,29.18,ssp245,MRI-ESM2-0
2018,29.45,ssp245,MRI-ESM2-0
2019,28.51,ssp245,MRI-ESM2-0
2020,30.31,ssp245,MRI-ESM2-0
2021,28.67,ssp245,MRI-ESM2-0
2022,33.47,ssp245,MRI-ESM2-0
2023,32.72,ssp245,MRI-ESM2-0
2024,30.18,ssp245,MRI-ESM2-0
2025,29.91,ssp245,MRI-ESM2-0
2026,32.13,ssp245,MRI-ESM2-0
2027,33.48,ssp245,MRI-ESM2-0
2028,32.77,ssp245,MRI-ESM2-0
2029,31.81,ssp245,MRI-ESM2-0
2030,32.63,ssp245,MRI-ESM2-0
2031,31.72,ssp245,MRI-ESM2-0
2032,35.18,ssp245,MRI-ESM2-0
2033,33.32,ssp245,MRI-ESM2-0
2034,26.11,ssp245,MRI-ESM2-0
2035,35.7,ssp245,MRI-ESM2-0
2036,29.89,ssp245,MRI-ESM2-0
2037,33.31,ssp245,MRI-ESM2-0
2038,32.73,ssp245,MRI-ESM2-0
2039,34.98,ssp245,MRI-ESM2-0
2040,29.43,ssp245,MRI-ESM2-0
2041,32.72,ssp245,MRI-ESM2-0
2042,33.19,ssp245,MRI-ESM2-0
2043,32.94,ssp245,MRI-ESM2-0
2044,31.01,ssp245,MRI-ESM2-0
2045,37.77,ssp245,MRI-ESM2-0
2046,31.0,ssp245,MRI-ESM2-0
2047,35.41,ssp245,MRI-ESM2-0
2048,34.71,ssp245,MRI-ESM2-0
2049,30.85,ssp245,MRI-ESM2-0
2050,34.22,ssp245,MRI-ESM2-0
2051,35.7,ssp245,MRI-ESM2-0
2052,32.01,ssp245,MRI-ESM2-0
2053,35.08,ssp245,MRI-ESM2-0
2054,34.02,ssp245,MRI-ESM2-0
2055,30.51,ssp245,MRI-ESM2-0
2056,29.29,ssp245,MRI-ESM2-0
2057,34.3,ssp245,MRI-ESM2-0
2058,31.64,ssp245,MRI-ESM2-0
2059,35.95,ssp245,MRI-ESM2-0
2060,30.58,ssp245,MRI-ESM2-0
2061,32.65,ssp245,MRI-ESM2-0
2062,35.04,ssp245,MRI-ESM2-0
2063,32.37,ssp245,MRI-ESM2-0
2064,36.29,ssp245,MRI-ESM2-0
2065,36.07,ssp245,MRI-ESM2-0
2066,37.78,ssp245,MRI-ESM2-0
2067,30.46,ssp245,MRI-ESM2-0
2068,32.75,ssp245,MRI-ESM2-0
2069,32.18,ssp245,MRI-ESM2-0
2070,34.74,ssp245,MRI-ESM2-0
2071,31.54,ssp245,MRI-ESM2-0
2072,35.63,ssp245,MRI-ESM2-0
2073,38.75,ssp245,MRI-ESM2-0
2074,31.18,ssp245,MRI-ESM2-0
2075,34.92,ssp245,MRI-ESM2-0
2076,31.33,ssp245,MRI-ESM2-0
2077,29.92,ssp245,MRI-ESM2-0
2078,36.17,ssp245,MRI-ESM2-0
2079,36.81,ssp245,MRI-ESM2-0
2080,33.57,ssp245,MRI-ESM2-0
2081,35.52,ssp245,MRI-ESM2-0
2082,33.88,ssp245,MRI-ESM2-0
2083,32.26,ssp245,MRI-ESM2-0
2084,32.53,ssp245,MRI-ESM2-0
2085,34.96,ssp245,MRI-ESM2-0
2086,33.58,ssp245,MRI-ESM2-0
2087,34.83,ssp245,MRI-ESM2-0
2088,34.4,ssp245,MRI-ESM2-0
2089,36.62,ssp245,MRI-ESM2-0
2090,38.51,ssp245,MRI-ESM2-0
2091,34.89,ssp245,MRI-ESM2-0
2092,34.52,ssp245,MRI-ESM2-0
2093,36.84,ssp245,MRI-ESM2-0
2094,30.52,ssp245,MRI-ESM2-0
2095,34.56,ssp245,MRI-ESM2-0
2096,36.02,ssp245,MRI-ESM2-0
2097,32.04,ssp245,MRI-ESM2-0
2098,37.41,ssp245,MRI-ESM2-0
2099,34.06,ssp245,MRI-ESM2-0
2100,35.98,ssp245,MRI-ESM2-0
1950,29.56,ssp245,NorESM2-LM
1951,33.21,ssp245,NorESM2-LM
1952,27.61,ssp245,NorESM2-LM
1953,24.98,ssp245,NorESM2-LM
1954,33.03,ssp245,NorESM2-LM
1955,30.34,ssp245,NorESM2-LM
1956,25.57,ssp245,NorESM2-LM
1957,29.3,ssp245,NorESM2-LM
1958,31.26,ssp245,NorESM2-LM
1959,28.63,ssp245,NorESM2-LM
1960,27.93,ssp245,NorESM2-LM
1961,25.59,ssp245,NorESM2-LM
1962,33.88,ssp245,NorESM2-LM
1963,28.31,ssp245,NorESM2-LM
1964,30.89,ssp245,NorESM2-LM
1965,32.97,ssp245,NorESM2-LM
1966,35.36,ssp245,NorESM2-LM
1967,25.97,ssp245,NorESM2-LM
1968,26.31,ssp245,NorESM2-LM
1969,29.38,ssp245,NorESM2-LM
1970,34.38,ssp245,NorESM2-LM
1971,29.22,ssp245,NorESM2-LM
1972,31.33,ssp245,NorESM2-LM
1973,29.29,ssp245,NorESM2-LM
1974,27.92,ssp245,NorESM2-LM
1975,27.37,ssp245,NorESM2-LM
1976,32.05,ssp245,NorESM2-LM
1977,32.61,ssp245,NorESM2-LM
1978,26.26,ssp245,NorESM2-LM
1979,31.36,ssp245,NorESM2-LM
1980,32.18,ssp245,NorESM2-LM
1981,32.91,ssp245,NorESM2-LM
1982,33.35,ssp245,NorESM2-LM
1983,29.56,ssp245,NorESM2-LM
1984,28.68,ssp245,NorESM2-LM
1985,27.28,ssp245,NorESM2-LM
1986,33.35,ssp245,NorESM2-LM
1987,27.3,ssp245,NorESM2-LM
1988,32.41,ssp245,NorESM2-LM
1989,32.96,ssp245,NorESM2-LM
1990,30.49,ssp245,NorESM2-LM
1991,33.07,ssp245,NorESM2-LM
1992,28.07,ssp245,NorESM2-LM
1993,24.34,ssp245,NorESM2-LM
1994,27.74,ssp245,NorESM2-LM
1995,30.31,ssp245,NorESM2-LM
1996,30.42,ssp245,NorESM2-LM
1997,32.46,ssp245,NorESM2-LM
1998,32.02,ssp245,NorESM2-LM
1999,31.34,ssp245,NorESM2-LM
2000,33.8,ssp245,NorESM2-LM
2001,30.45,ssp245,NorESM2-LM
2002,27.43,ssp245,NorESM2-LM
2003,29.03,ssp245,NorESM2-LM
2004,33.9,ssp245,NorESM2-LM
2005,26.75,ssp245,NorESM2-LM
2006,27.18,ssp245,NorESM2-LM
2007,34.58,ssp245,NorESM2-LM
2008,30.41,ssp245,NorESM2-LM
2009,34.85,ssp245,NorESM2-LM
2010,32.51,ssp245,NorESM2-LM
2011,31.58,ssp245,NorESM2-LM
2012,27.65,ssp245,NorESM2-LM
2013,35.72,ssp245,NorESM2-LM
2014,32.53,ssp245,NorESM2-LM
2015,32.71,ssp245,NorESM2-LM
2016,27.42,ssp245,NorESM2-LM
2017,27.37,ssp245,NorESM2-LM
2018,31.0,ssp245,NorESM2-LM
2019,38.1,ssp245,NorESM2-LM
2020,25.62,ssp245,NorESM2-LM
2021,29.26,ssp245,NorESM2-LM
2022,30.04,ssp245,NorESM2-LM
2023,30.65,ssp245,NorESM2-LM
2024,26.37,ssp245,NorESM2-LM
2025,24.47,ssp245,NorESM2-LM
2026,24.35,ssp245,NorESM2-LM
2027,29.55,ssp245,NorESM2-LM
2028,31.26,ssp245,NorESM2-LM
2029,32.75,ssp245,NorESM2-LM
2030,33.14,ssp245,NorESM2-LM
2031,33.7,ssp245,NorESM2-LM
2032,34.51,ssp245,NorESM2-LM
2033,27.14,ssp245,NorESM2-LM
2034,35.11,ssp245,NorESM2-LM
2035,37.77,ssp245,NorESM2-LM
2036,31.92,ssp245,NorESM2-LM
2037,31.11,ssp245,NorESM2-LM
2038,33.0,ssp245,NorESM2-LM
2039,35.74,ssp245,NorESM2-LM
2040,29.36,ssp245,NorESM2-LM
2041,25.76,ssp245,NorESM2-LM
2042,26.88,ssp245,NorESM2-LM
2043,35.75,ssp245,NorESM2-LM
2044,38.51,ssp245,NorESM2-LM
2045,23.79,ssp245,NorESM2-LM
2046,25.12,ssp245,NorESM2-LM
2047,32.37,ssp245,NorESM2-LM
2048,27.3,ssp245,NorESM2-LM
2049,30.54,ssp245,NorESM2-LM
2050,31.0,ssp245,NorESM2-LM
2051,35.6,ssp245,NorESM2-LM
2052,36.29,ssp245,NorESM2-LM
2053,29.27,ssp245,NorESM2-LM
2054,25.59,ssp245,NorESM2-LM
2055,29.42,ssp245,NorESM2-LM
2056,34.18,ssp245,NorESM2-LM
2057,31.36,ssp245,NorESM2-LM
2058,34.69,ssp245,NorESM2-LM
2059,37.58,ssp245,NorESM2-LM
2060,33.78,ssp245,NorESM2-LM
2061,31.99,ssp245,NorESM2-LM
2062,36.36,ssp245,NorESM2-LM
2063,25.69,ssp245,NorESM2-LM
2064,31.69,ssp245,NorESM2-LM
2065,33.2,ssp245,NorESM2-LM
2066,37.1,ssp245,NorESM2-LM
2067,39.43,ssp245,NorESM2-LM
2068,28.67,ssp245,NorESM2-LM
2069,26.58,ssp245,NorESM2-LM
2070,27.52,ssp245,NorESM2-LM
2071,32.59,ssp245,NorESM2-LM
2072,35.33,ssp245,NorESM2-LM
2073,29.41,ssp245,NorESM2-LM
2074,34.14,ssp245,NorESM2-LM
2075,32.34,ssp245,NorESM2-LM
2076,33.52,ssp245,NorESM2-LM
2077,29.99,ssp245,NorESM2-LM
2078,29.93,ssp245,NorESM2-LM
2079,28.32,ssp245,NorESM2-LM
2080,31.73,ssp245,NorESM2-LM
2081,41.36,ssp245,NorESM2-LM
2082,36.02,ssp245,NorESM2-LM
2083,25.98,ssp245,NorESM2-LM
2084,36.16,ssp245,NorESM2-LM
2085,36.03,ssp245,NorESM2-LM
2086,35.53,ssp245,NorESM2-LM
2087,34.09,ssp245,NorESM2-LM
2088,35.64,ssp245,NorESM2-LM
2089,37.96,ssp245,NorESM2-LM
2090,36.76,ssp245,NorESM2-LM
2091,33.37,ssp245,NorESM2-LM
2092,34.83,ssp245,NorESM2-LM
2093,29.39,ssp245,NorESM2-LM
2094,32.13,ssp245,NorESM2-LM
2095,33.45,ssp245,NorESM2-LM
2096,32.55,ssp245,NorESM2-LM
2097,29.58,ssp245,NorESM2-LM
2098,36.6,ssp245,NorESM2-LM
2099,33.02,ssp245,NorESM2-LM
2100,32.33,ssp245,NorESM2-LM
1950,32.72,ssp245,NorESM2-MM
1951,33.26,ssp245,NorESM2-MM
1952,29.15,ssp245,NorESM2-MM
1953,32.43,ssp245,NorESM2-MM
1954,31.16,ssp245,NorESM2-MM
1955,29.2,ssp245,NorESM2-MM
1956,29.13,ssp245,NorESM2-MM
1957,27.45,ssp245,NorESM2-MM
1958,32.47,ssp245,NorESM2-MM
1959,32.88,ssp245,NorESM2-MM
1960,32.47,ssp245,NorESM2-MM
1961,32.75,ssp245,NorESM2-MM
1962,33.78,ssp245,NorESM2-MM
1963,31.12,ssp245,NorESM2-MM
1964,28.92,ssp245,NorESM2-MM
1965,31.89,ssp245,NorESM2-MM
1966,28.52,ssp245,NorESM2-MM
1967,28.07,ssp245,NorESM2-MM
1968,26.19,ssp245,NorESM2-MM
1969,29.15,ssp245,NorESM2-MM
1970,29.43,ssp245,NorESM2-MM
1971,27.9,ssp245,NorESM2-MM
1972,32.05,ssp245,NorESM2-MM
1973,28.49,ssp245,NorESM2-MM
1974,31.28,ssp245,NorESM2-MM
1975,34.58,ssp245,NorESM2-MM
1976,30.19,ssp245,NorESM2-MM
1977,36.4,ssp245,NorESM2-MM
1978,28.5,ssp245,NorESM2-MM
1979,34.51,ssp245,NorESM2-MM
1980,27.87,ssp245,NorESM2-MM
1981,26.44,ssp245,NorESM2-MM
1982,32.64,ssp245,NorESM2-MM
1983,26.18,ssp245,NorESM2-MM
1984,31.59,ssp245,NorESM2-MM
1985,27.62,ssp245,NorESM2-MM
1986,28.09,ssp245,NorESM2-MM
1987,27.38,ssp245,NorESM2-MM
1988,26.63,ssp245,NorESM2-MM
1989,30.0,ssp245,NorESM2-MM
1990,36.06,ssp245,NorESM2-MM
1991,31.82,ssp245,NorESM2-MM
1992,24.92,ssp245,NorESM2-MM
1993,27.39,ssp245,NorESM2-MM
1994,35.82,ssp245,NorESM2-MM
1995,35.11,ssp245,NorESM2-MM
1996,36.98,ssp245,NorESM2-MM
1997,29.91,ssp245,NorESM2-MM
1998,26.03,ssp245,NorESM2-MM
1999,27.46,ssp245,NorESM2-MM
2000,23.63,ssp245,NorESM2-MM
2001,28.94,ssp245,NorESM2-MM
2002,29.06,ssp245,NorESM2-MM
2003,32.99,ssp245,NorESM2-MM
2004,38.61,ssp245,NorESM2-MM
2005,34.5,ssp245,NorESM2-MM
2006,33.63,ssp245,NorESM2-MM
2007,27.96,ssp245,NorESM2-MM
2008,27.74,ssp245,NorESM2-MM
2009,28.14,ssp245,NorESM2-MM
2010,29.82,ssp245,NorESM2-MM
2011,28.84,ssp245,NorESM2-MM
2012,26.42,ssp245,NorESM2-MM
2013,31.03,ssp245,NorESM2-MM
2014,36.3,ssp245,NorESM2-MM
2015,35.79,ssp245,NorESM2-MM
2016,34.25,ssp245,NorESM2-MM
2017,30.96,ssp245,NorESM2-MM
2018,29.98,ssp245,NorESM2-MM
2019,33.53,ssp245,NorESM2-MM
2020,35.56,ssp245,NorESM2-MM
2021,34.78,ssp245,NorESM2-MM
2022,34.42,ssp245,NorESM2-MM
2023,30.67,ssp245,NorESM2-MM
2024,27.81,ssp245,NorESM2-MM
2025,29.65,ssp245,NorESM2-MM
2026,27.76,ssp245,NorESM2-MM
2027,33.85,ssp245,NorESM2-MM
2028,30.33,ssp245,NorESM2-MM
2029,34.3,ssp245,NorESM2-MM
2030,36.1,ssp245,NorESM2-MM
2031,27.29,ssp245,NorESM2-MM
2032,32.89,ssp245,NorESM2-MM
2033,33.83,ssp245,NorESM2-MM
2034,27.73,ssp245,NorESM2-MM
2035,26.57,ssp245,NorESM2-MM
2036,31.79,ssp245,NorESM2-MM
2037,37.55,ssp245,NorESM2-MM
2038,31.72,ssp245,NorESM2-MM
2039,30.36,ssp245,NorESM2-MM
2040,24.67,ssp245,NorESM2-MM
2041,35.07,ssp245,NorESM2-MM
2042,33.61,ssp245,NorESM2-MM
2043,29.59,ssp245,NorESM2-MM
2044,29.9,ssp245,NorESM2-MM
2045,32.4,ssp245,NorESM2-MM
2046,39.36,ssp245,NorESM2-MM
2047,30.67,ssp245,NorESM2-MM
2048,34.02,ssp245,NorESM2-MM
2049,36.24,ssp245,NorESM2-MM
2050,30.61,ssp245,NorESM2-MM
2051,31.63,ssp245,NorESM2-MM
2052,41.52,ssp245,NorESM2-MM
2053,36.65,ssp245,NorESM2-MM
2054,32.39,ssp245,NorESM2-MM
2055,32.92,ssp245,NorESM2-MM
2056,33.89,ssp245,NorESM2-MM
2057,27.9,ssp245,NorESM2-MM
2058,34.0,ssp245,NorESM2-MM
2059,33.75,ssp245,NorESM2-MM
2060,34.32,ssp245,NorESM2-MM
2061,32.89,ssp245,NorESM2-MM
2062,35.73,ssp245,NorESM2-MM
2063,26.84,ssp245,NorESM2-MM
2064,31.52,ssp245,NorESM2-MM
2065,27.82,ssp245,NorESM2-MM
2066,30.56,ssp245,NorESM2-MM
2067,32.09,ssp245,NorESM2-MM
2068,29.37,ssp245,NorESM2-MM
2069,37.78,ssp245,NorESM2-MM
2070,30.29,ssp245,NorESM2-MM
2071,32.2,ssp245,NorESM2-MM
2072,32.52,ssp245,NorESM2-MM
2073,38.31,ssp245,NorESM2-MM
2074,32.48,ssp245,NorESM2-MM
2075,29.94,ssp245,NorESM2-MM
2076,36.23,ssp245,NorESM2-MM
2077,32.42,ssp245,NorESM2-MM
2078,27.99,ssp245,NorESM2-MM
2079,33.8,ssp245,NorESM2-MM
2080,32.97,ssp245,NorESM2-MM
2081,32.39,ssp245,NorESM2-MM
2082,31.19,ssp245,NorESM2-MM
2083,35.34,ssp245,NorESM2-MM
2084,36.31,ssp245,NorESM2-MM
2085,33.83,ssp245,NorESM2-MM
2086,31.48,ssp245,NorESM2-MM
2087,33.58,ssp245,NorESM2-MM
2088,37.51,ssp245,NorESM2-MM
2089,37.21,ssp245,NorESM2-MM
2090,32.71,ssp245,NorESM2-MM
2091,34.2,ssp245,NorESM2-MM
2092,31.79,ssp245,NorESM2-MM
2093,32.36,ssp245,NorESM2-MM
2094,31.01,ssp245,NorESM2-MM
2095,35.4,ssp245,NorESM2-MM
2096,31.9,ssp245,NorESM2-MM
2097,27.09,ssp245,NorESM2-MM
2098,35.97,ssp245,NorESM2-MM
2099,36.69,ssp245,NorESM2-MM
2100,31.06,ssp245,NorESM2-MM
1950,31.87,ssp370,ACCESS-CM2
1951,31.01,ssp370,ACCESS-CM2
1952,33.86,ssp370,ACCESS-CM2
1953,29.9,ssp370,ACCESS-CM2
1954,30.37,ssp370,ACCESS-CM2
1955,31.92,ssp370,ACCESS-CM2
1956,27.28,ssp370,ACCESS-CM2
1957,30.86,ssp370,ACCESS-CM2
1958,31.59,ssp370,ACCESS-CM2
1959,28.74,ssp370,ACCESS-CM2
1960,30.03,ssp370,ACCESS-CM2
1961,28.37,ssp370,ACCESS-CM2
1962,29.7,ssp370,ACCESS-CM2
1963,30.45,ssp370,ACCESS-CM2
1964,31.57,ssp370,ACCESS-CM2
1965,29.64,ssp370,ACCESS-CM2
1966,31.97,ssp370,ACCESS-CM2
1967,28.53,ssp370,ACCESS-CM2
1968,31.14,ssp370,ACCESS-CM2
1969,25.53,ssp370,ACCESS-CM2
1970,28.78,ssp370,ACCESS-CM2
1971,28.5,ssp370,ACCESS-CM2
1972,33.08,ssp370,ACCESS-CM2
1973,31.15,ssp370,ACCESS-CM2
1974,31.7,ssp370,ACCESS-CM2
1975,34.29,ssp370,ACCESS-CM2
1976,35.55,ssp370,ACCESS-CM2
1977,27.92,ssp370,ACCESS-CM2
1978,28.29,ssp370,ACCESS-CM2
1979,28.69,ssp370,ACCESS-CM2
1980,29.04,ssp370,ACCESS-CM2
1981,27.02,ssp370,ACCESS-CM2
1982,31.15,ssp370,ACCESS-CM2
1983,30.09,ssp370,ACCESS-CM2
1984,29.27,ssp370,ACCESS-CM2
1985,33.58,ssp370,ACCESS-CM2
1986,30.45,ssp370,ACCESS-CM2
1987,31.94,ssp370,ACCESS-CM2
1988,31.45,ssp370,ACCESS-CM2
1989,29.37,ssp370,ACCESS-CM2
1990,30.9,ssp370,ACCESS-CM2
1991,32.12,ssp370,ACCESS-CM2
1992,30.12,ssp370,ACCESS-CM2
1993,31.28,ssp370,ACCESS-CM2
1994,29.55,ssp370,ACCESS-CM2
1995,29.37,ssp370,ACCESS-CM2
1996,29.64,ssp370,ACCESS-CM2
1997,27.8,ssp370,ACCESS-CM2
1998,29.61,ssp370,ACCESS-CM2
1999,31.08,ssp370,ACCESS-CM2
2000,27.82,ssp370,ACCESS-CM2
2001,26.74,ssp370,ACCESS-CM2
2002,30.06,ssp370,ACCESS-CM2
2003,33.95,ssp370,ACCESS-CM2
2004,32.0,ssp370,ACCESS-CM2
2005,33.63,ssp370,ACCESS-CM2
2006,30.7,ssp370,ACCESS-CM2
2007,30.04,ssp370,ACCESS-CM2
2008,28.33,ssp370,ACCESS-CM2
2009,28.15,ssp370,ACCESS-CM2
2010,32.76,ssp370,ACCESS-CM2
2011,33.55,ssp370,ACCESS-CM2
2012,30.79,ssp370,ACCESS-CM2
2013,24.94,ssp370,ACCESS-CM2
2014,30.08,ssp370,ACCESS-CM2
2015,32.72,ssp370,ACCESS-CM2
2016,32.56,ssp370,ACCESS-CM2
2017,32.34,ssp370,ACCESS-CM2
2018,29.83,ssp370,ACCESS-CM2
2019,31.71,ssp370,ACCESS-CM2
2020,30.77,ssp370,ACCESS-CM2
2021,30.47,ssp370,ACCESS-CM2
2022,35.33,ssp370,ACCESS-CM2
2023,33.73,ssp370,ACCESS-CM2
2024,28.34,ssp370,ACCESS-CM2
2025,30.53,ssp370,ACCESS-CM2
2026,31.58,ssp370,ACCESS-CM2
2027,30.32,ssp370,ACCESS-CM2
2028,28.83,ssp370,ACCESS-CM2
2029,29.65,ssp370,ACCESS-CM2
2030,33.1,ssp370,ACCESS-CM2
2031,33.93,ssp370,ACCESS-CM2
2032,32.16,ssp370,ACCESS-CM2
2033,36.05,ssp370,ACCESS-CM2
2034,28.12,ssp370,ACCESS-CM2
2035,30.88,ssp370,ACCESS-CM2
2036,31.03,ssp370,ACCESS-CM2
2037,30.77,ssp370,ACCESS-CM2
2038,28.79,ssp370,ACCESS-CM2
2039,29.37,ssp370,ACCESS-CM2
2040,34.73,ssp370,ACCESS-CM2
2041,30.18,ssp370,ACCESS-CM2
2042,32.21,ssp370,ACCESS-CM2
2043,29.0,ssp370,ACCESS-CM2
2044,33.59,ssp370,ACCESS-CM2
2045,33.16,ssp370,ACCESS-CM2
2046,31.65,ssp370,ACCESS-CM2
2047,31.18,ssp370,ACCESS-CM2
2048,32.9,ssp370,ACCESS-CM2
2049,33.53,ssp370,ACCESS-CM2
2050,35.64,ssp370,ACCESS-CM2
2051,28.85,ssp370,ACCESS-CM2
2052,33.55,ssp370,ACCESS-CM2
2053,31.63,ssp370,ACCESS-CM2
2054,29.94,ssp370,ACCESS-CM2
2055,29.81,ssp370,ACCESS-CM2
2056,31.37,ssp370,ACCESS-CM2
2057,35.29,ssp370,ACCESS-CM2
2058,38.41,ssp370,ACCESS-CM2
2059,34.85,ssp370,ACCESS-CM2
2060,36.05,ssp370,ACCESS-CM2
2061,36.37,ssp370,ACCESS-CM2
2062,32.8,ssp370,ACCESS-CM2
2063,36.28,ssp370,ACCESS-CM2
2064,38.08,ssp370,ACCESS-CM2
2065,31.8,ssp370,ACCESS-CM2
2066,33.63,ssp370,ACCESS-CM2
2067,32.7,ssp370,ACCESS-CM2
2068,30.3,ssp370,ACCESS-CM2
2069,32.83,ssp370,ACCESS-CM2
2070,32.29,ssp370,ACCESS-CM2
2071,32.48,ssp370,ACCESS-CM2
2072,31.43,ssp370,ACCESS-CM2
2073,37.2,ssp370,ACCESS-CM2
2074,35.36,ssp370,ACCESS-CM2
2075,34.35,ssp370,ACCESS-CM2
2076,33.33,ssp370,ACCESS-CM2
2077,38.56,ssp370,ACCESS-CM2
2078,32.52,ssp370,ACCESS-CM2
2079,33.87,ssp370,ACCESS-CM2
2080,37.08,ssp370,ACCESS-CM2
2081,29.07,ssp370,ACCESS-CM2
2082,32.44,ssp370,ACCESS-CM2
2083,37.22,ssp370,ACCESS-CM2
2084,27.81,ssp370,ACCESS-CM2
2085,39.11,ssp370,ACCESS-CM2
2086,35.06,ssp370,ACCESS-CM2
2087,31.29,ssp370,ACCESS-CM2
2088,34.51,ssp370,ACCESS-CM2
2089,33.37,ssp370,ACCESS-CM2
2090,34.01,ssp370,ACCESS-CM2
2091,38.3,ssp370,ACCESS-CM2
2092,33.66,ssp370,ACCESS-CM2
2093,32.15,ssp370,ACCESS-CM2
2094,37.11,ssp370,ACCESS-CM2
2095,33.12,ssp370,ACCESS-CM2
2096,33.33,ssp370,ACCESS-CM2
2097,31.94,ssp370,ACCESS-CM2
2098,34.85,ssp370,ACCESS-CM2
2099,36.19,ssp370,ACCESS-CM2
2100,37.97,ssp370,ACCESS-CM2
1950,31.31,ssp370,ACCESS-ESM1-5
1951,31.64,ssp370,ACCESS-ESM1-5
1952,33.29,ssp370,ACCESS-ESM1-5
1953,28.37,ssp370,ACCESS-ESM1-5
1954,29.24,ssp370,ACCESS-ESM1-5
1955,29.77,ssp370,ACCESS-ESM1-5
1956,26.84,ssp370,ACCESS-ESM1-5
1957,33.23,ssp370,ACCESS-ESM1-5
1958,30.84,ssp370,ACCESS-ESM1-5
1959,34.68,ssp370,ACCESS-ESM1-5
1960,27.68,ssp370,ACCESS-ESM1-5
1961,31.12,ssp370,ACCESS-ESM1-5
1962,33.79,ssp370,ACCESS-ESM1-5
1963,34.52,ssp370,ACCESS-ESM1-5
1964,28.56,ssp370,ACCESS-ESM1-5
1965,32.59,ssp370,ACCESS-ESM1-5
1966,32.12,ssp370,ACCESS-ESM1-5
1967,24.23,ssp370,ACCESS-ESM1-5
1968,30.62,ssp370,ACCESS-ESM1-5
1969,34.92,ssp370,ACCESS-ESM1-5
1970,34.01,ssp370,ACCESS-ESM1-5
1971,25.57,ssp370,ACCESS-ESM1-5
1972,26.68,ssp370,ACCESS-ESM1-5
1973,35.14,ssp370,ACCESS-ESM1-5
1974,32.79,ssp370,ACCESS-ESM1-5
1975,27.39,ssp370,ACCESS-ESM1-5
1976,29.08,ssp370,ACCESS-ESM1-5
1977,33.26,ssp370,ACCESS-ESM1-5
1978,26.76,ssp370,ACCESS-ESM1-5
1979,26.64,ssp370,ACCESS-ESM1-5
1980,32.35,ssp370,ACCESS-ESM1-5
1981,29.93,ssp370,ACCESS-ESM1-5
1982,28.29,ssp370,ACCESS-ESM1-5
1983,25.9,ssp370,ACCESS-ESM1-5
1984,27.91,ssp370,ACCESS-ESM1-5
1985,26.08,ssp370,ACCESS-ESM1-5
1986,32.58,ssp370,ACCESS-ESM1-5
1987,34.39,ssp370,ACCESS-ESM1-5
1988,30.56,ssp370,ACCESS-ESM1-5
1989,28.68,ssp370,ACCESS-ESM1-5
1990,28.48,ssp370,ACCESS-ESM1-5
1991,26.61,ssp370,ACCESS-ESM1-5
1992,28.86,ssp370,ACCESS-ESM1-5
1993,30.46,ssp370,ACCESS-ESM1-5
1994,26.12,ssp370,ACCESS-ESM1-5
1995,29.87,ssp370,ACCESS-ESM1-5
1996,36.83,ssp370,ACCESS-ESM1-5
1997,31.3,ssp370,ACCESS-ESM1-5
1998,30.67,ssp370,ACCESS-ESM1-5
1999,31.09,ssp370,ACCESS-ESM1-5
2000,30.23,ssp370,ACCESS-ESM1-5
2001,31.08,ssp370,ACCESS-ESM1-5
2002,36.7,ssp370,ACCESS-ESM1-5
2003,30.14,ssp370,ACCESS-ESM1-5
2004,29.01,ssp370,ACCESS-ESM1-5
2005,30.08,ssp370,ACCESS-ESM1-5
2006,26.58,ssp370,ACCESS-ESM1-5
2007,31.26,ssp370,ACCESS-ESM1-5
2008,31.79,ssp370,ACCESS-ESM1-5
2009,27.46,ssp370,ACCESS-ESM1-5
2010,31.25,ssp370,ACCESS-ESM1-5
2011,33.43,ssp370,ACCESS-ESM1-5
2012,33.29,ssp370,ACCESS-ESM1-5
2013,35.21,ssp370,ACCESS-ESM1-5
2014,29.34,ssp370,ACCESS-ESM1-5
2015,33.94,ssp370,ACCESS-ESM1-5
2016,29.78,ssp370,ACCESS-ESM1-5
2017,27.46,ssp370,ACCESS-ESM1-5
2018,29.7,ssp370,ACCESS-ESM1-5
2019,26.99,ssp370,ACCESS-ESM1-5
2020,33.27,ssp370,ACCESS-ESM1-5
2021,33.18,ssp370,ACCESS-ESM1-5
2022,29.87,ssp370,ACCESS-ESM1-5
2023,32.02,ssp370,ACCESS-ESM1-5
2024,27.71,ssp370,ACCESS-ESM1-5
2025,27.93,ssp370,ACCESS-ESM1-5
2026,34.72,ssp370,ACCESS-ESM1-5
2027,33.0,ssp370,ACCESS-ESM1-5
2028,35.78,ssp370,ACCESS-ESM1-5
2029,33.26,ssp370,ACCESS-ESM1-5
2030,26.73,ssp370,ACCESS-ESM1-5
2031,34.29,ssp370,ACCESS-ESM1-5
2032,33.37,ssp370,ACCESS-ESM1-5
2033,30.98,ssp370,ACCESS-ESM1-5
2034,26.64,ssp370,ACCESS-ESM1-5
2035,31.71,ssp370,ACCESS-ESM1-5
2036,31.56,ssp370,ACCESS-ESM1-5
2037,33.9,ssp370,ACCESS-ESM1-5
2038,32.46,ssp370,ACCESS-ESM1-5
2039,29.07,ssp370,ACCESS-ESM1-5
2040,29.79,ssp370,ACCESS-ESM1-5
2041,32.62,ssp370,ACCESS-ESM1-5
2042,37.51,ssp370,ACCESS-ESM1-5
2043,31.79,ssp370,ACCESS-ESM1-5
2044,32.62,ssp370,ACCESS-ESM1-5
2045,29.18,ssp370,ACCESS-ESM1-5
2046,30.63,ssp370,ACCESS-ESM1-5
2047,33.88,ssp370,ACCESS-ESM1-5
2048,31.3,ssp370,ACCESS-ESM1-5
2049,31.03,ssp370,ACCESS-ESM1-5
2050,26.94,ssp370,ACCESS-ESM1-5
2051,25.78,ssp370,ACCESS-ESM1-5
2052,30.21,ssp370,ACCESS-ESM1-5
2053,32.17,ssp370,ACCESS-ESM1-5
2054,34.66,ssp370,ACCESS-ESM1-5
2055,28.77,ssp370,ACCESS-ESM1-5
2056,31.73,ssp370,ACCESS-ESM1-5
2057,33.08,ssp370,ACCESS-ESM1-5
2058,35.64,ssp370,ACCESS-ESM1-5
2059,34.62,ssp370,ACCESS-ESM1-5
2060,35.52,ssp370,ACCESS-ESM1-5
2061,33.17,ssp370,ACCESS-ESM1-5
2062,33.9,ssp370,ACCESS-ESM1-5
2063,33.08,ssp370,ACCESS-ESM1-5
2064,32.62,ssp370,ACCESS-ESM1-5
2065,29.05,ssp370,ACCESS-ESM1-5
2066,37.9,ssp370,ACCESS-ESM1-5
2067,29.59,ssp370,ACCESS-ESM1-5
2068,31.97,ssp370,ACCESS-ESM1-5
2069,34.99,ssp370,ACCESS-ESM1-5
2070,27.1,ssp370,ACCESS-ESM1-5
2071,33.59,ssp370,ACCESS-ESM1-5
2072,27.52,ssp370,ACCESS-ESM1-5
2073,34.95,ssp370,ACCESS-ESM1-5
2074,39.47,ssp370,ACCESS-ESM1-5
2075,33.2,ssp370,ACCESS-ESM1-5
2076,23.56,ssp370,ACCESS-ESM1-5
2077,34.0,ssp370,ACCESS-ESM1-5
2078,42.09,ssp370,ACCESS-ESM1-5
2079,32.25,ssp370,ACCESS-ESM1-5
2080,32.37,ssp370,ACCESS-ESM1-5
2081,33.71,ssp370,ACCESS-ESM1-5
2082,32.22,ssp370,ACCESS-ESM1-5
2083,35.01,ssp370,ACCESS-ESM1-5
2084,39.5,ssp370,ACCESS-ESM1-5
2085,33.45,ssp370,ACCESS-ESM1-5
2086,35.03,ssp370,ACCESS-ESM1-5
2087,29.69,ssp370,ACCESS-ESM1-5
2088,36.9,ssp370,ACCESS-ESM1-5
2089,39.55,ssp370,ACCESS-ESM1-5
2090,30.53,ssp370,ACCESS-ESM1-5
2091,26.77,ssp370,ACCESS-ESM1-5
2092,30.31,ssp370,ACCESS-ESM1-5
2093,34.24,ssp370,ACCESS-ESM1-5
2094,31.99,ssp370,ACCESS-ESM1-5
2095,32.59,ssp370,ACCESS-ESM1-5
2096,28.84,ssp370,ACCESS-ESM1-5
2097,31.7,ssp370,ACCESS-ESM1-5
2098,33.32,ssp370,ACCESS-ESM1-5
2099,32.13,ssp370,ACCESS-ESM1-5
2100,33.0,ssp370,ACCESS-ESM1-5
1950,30.36,ssp370,BCC-CSM2-MR
1951,28.46,ssp370,BCC-CSM2-MR
1952,29.4,ssp370,BCC-CSM2-MR
1953,27.12,ssp370,BCC-CSM2-MR
1954,33.72,ssp370,BCC-CSM2-MR
1955,29.69,ssp370,BCC-CSM2-MR
1956,28.95,ssp370,BCC-CSM2-MR
1957,34.21,ssp370,BCC-CSM2-MR
1958,29.53,ssp370,BCC-CSM2-MR
1959,28.55,ssp370,BCC-CSM2-MR
1960,30.83,ssp370,BCC-CSM2-MR
1961,31.03,ssp370,BCC-CSM2-MR
1962,31.84,ssp370,BCC-CSM2-MR
1963,27.87,ssp370,BCC-CSM2-MR
1964,32.0,ssp370,BCC-CSM2-MR
1965,23.52,ssp370,BCC-CSM2-MR
1966,35.37,ssp370,BCC-CSM2-MR
1967,31.4,ssp370,BCC-CSM2-MR
1968,30.33,ssp370,BCC-CSM2-MR
1969,29.11,ssp370,BCC-CSM2-MR
1970,28.34,ssp370,BCC-CSM2-MR
1971,27.52,ssp370,BCC-CSM2-MR
1972,29.12,ssp370,BCC-CSM2-MR
1973,27.57,ssp370,BCC-CSM2-MR
1974,32.24,ssp370,BCC-CSM2-MR
1975,32.93,ssp370,BCC-CSM2-MR
1976,32.66,ssp370,BCC-CSM2-MR
1977,28.75,ssp370,BCC-CSM2-MR
1978,30.98,ssp370,BCC-CSM2-MR
1979,30.57,ssp370,BCC-CSM2-MR
1980,31.33,ssp370,BCC-CSM2-MR
1981,32.7,ssp370,BCC-CSM2-MR
1982,31.59,ssp370,BCC-CSM2-MR
1983,33.08,ssp370,BCC-CSM2-MR
1984,31.47,ssp370,BCC-CSM2-MR
1985,29.61,ssp370,BCC-CSM2-MR
1986,25.78,ssp370,BCC-CSM2-MR
1987,32.09,ssp370,BCC-CSM2-MR
1988,30.1,ssp370,BCC-CSM2-MR
1989,30.69,ssp370,BCC-CSM2-MR
1990,28.49,ssp370,BCC-CSM2-MR
1991,26.01,ssp370,BCC-CSM2-MR
1992,32.52,ssp370,BCC-CSM2-MR
1993,31.53,ssp370,BCC-CSM2-MR
1994,32.35,ssp370,BCC-CSM2-MR
1995,33.03,ssp370,BCC-CSM2-MR
1996,31.17,ssp370,BCC-CSM2-MR
1997,34.55,ssp370,BCC-CSM2-MR
1998,29.32,ssp370,BCC-CSM2-MR
1999,27.6,ssp370,BCC-CSM2-MR
2000,30.34,ssp370,BCC-CSM2-MR
2001,30.3,ssp370,BCC-CSM2-MR
2002,34.99,ssp370,BCC-CSM2-MR
2003,32.34,ssp370,BCC-CSM2-MR
2004,29.48,ssp370,BCC-CSM2-MR
2005,32.74,ssp370,BCC-CSM2-MR
2006,29.38,ssp370,BCC-CSM2-MR
2007,34.52,ssp370,BCC-CSM2-MR
2008,27.51,ssp370,BCC-CSM2-MR
2009,30.77,ssp370,BCC-CSM2-MR
2010,27.58,ssp370,BCC-CSM2-MR
2011,33.61,ssp370,BCC-CSM2-MR
2012,31.07,ssp370,BCC-CSM2-MR
2013,32.63,ssp370,BCC-CSM2-MR
2014,33.74,ssp370,BCC-CSM2-MR
2015,31.79,ssp370,BCC-CSM2-MR
2016,32.41,ssp370,BCC-CSM2-MR
2017,31.68,ssp370,BCC-CSM2-MR
2018,31.92,ssp370,BCC-CSM2-MR
2019,35.36,ssp370,BCC-CSM2-MR
2020,30.65,ssp370,BCC-CSM2-MR
2021,25.75,ssp370,BCC-CSM2-MR
2022,24.78,ssp370,BCC-CSM2-MR
2023,31.4,ssp370,BCC-CSM2-MR
2024,31.27,ssp370,BCC-CSM2-MR
2025,28.77,ssp370,BCC-CSM2-MR
2026,35.04,ssp370,BCC-CSM2-MR
2027,32.82,ssp370,BCC-CSM2-MR
2028,27.61,ssp370,BCC-CSM2-MR
2029,30.28,ssp370,BCC-CSM2-MR
2030,30.51,ssp370,BCC-CSM2-MR
2031,35.15,ssp370,BCC-CSM2-MR
2032,36.49,ssp370,BCC-CSM2-MR
2033,31.32,ssp370,BCC-CSM2-MR
2034,29.95,ssp370,BCC-CSM2-MR
2035,30.9,ssp370,BCC-CSM2-MR
2036,30.6,ssp370,BCC-CSM2-MR
2037,33.36,ssp370,BCC-CSM2-MR
2038,33.94,ssp370,BCC-CSM2-MR
2039,30.08,ssp370,BCC-CSM2-MR
2040,28.72,ssp370,BCC-CSM2-MR
2041,29.83,ssp370,BCC-CSM2-MR
2042,32.67,ssp370,BCC-CSM2-MR
2043,31.88,ssp370,BCC-CSM2-MR
2044,30.27,ssp370,BCC-CSM2-MR
2045,30.39,ssp370,BCC-CSM2-MR
2046,38.64,ssp370,BCC-CSM2-MR
2047,29.2,ssp370,BCC-CSM2-MR
2048,32.78,ssp370,BCC-CSM2-MR
2049,31.42,ssp370,BCC-CSM2-MR
2050,27.74,ssp370,BCC-CSM2-MR
2051,31.09,ssp370,BCC-CSM2-MR
2052,26.27,ssp370,BCC-CSM2-MR
2053,35.39,ssp370,BCC-CSM2-MR
2054,34.19,ssp370,BCC-CSM2-MR
2055,29.17,ssp370,BCC-CSM2-MR
2056,32.35,ssp370,BCC-CSM2-MR
2057,37.81,ssp370,BCC-CSM2-MR
2058,37.58,ssp370,BCC-CSM2-MR
2059,36.93,ssp370,BCC-CSM2-MR
2060,34.99,ssp370,BCC-CSM2-MR
2061,37.88,ssp370,BCC-CSM2-MR
2062,34.68,ssp370,BCC-CSM2-MR
2063,34.92,ssp370,BCC-CSM2-MR
2064,29.82,ssp370,BCC-CSM2-MR
2065,30.6,ssp370,BCC-CSM2-MR
2066,25.79,ssp370,BCC-CSM2-MR
2067,31.4,ssp370,BCC-CSM2-MR
2068,30.43,ssp370,BCC-CSM2-MR
2069,29.71,ssp370,BCC-CSM2-MR
2070,29.97,ssp370,BCC-CSM2-MR
2071,26.27,ssp370,BCC-CSM2-MR
2072,32.25,ssp370,BCC-CSM2-MR
2073,31.59,ssp370,BCC-CSM2-MR
2074,33.73,ssp370,BCC-CSM2-MR
2075,34.49,ssp370,BCC-CSM2-MR
2076,34.35,ssp370,BCC-CSM2-MR
2077,32.99,ssp370,BCC-CSM2-MR
2078,36.19,ssp370,BCC-CSM2-MR
2079,30.58,ssp370,BCC-CSM2-MR
2080,28.74,ssp370,BCC-CSM2-MR
2081,29.63,ssp370,BCC-CSM2-MR
2082,33.61,ssp370,BCC-CSM2-MR
2083,34.04,ssp370,BCC-CSM2-MR
2084,30.69,ssp370,BCC-CSM2-MR
2085,30.56,ssp370,BCC-CSM2-MR
2086,29.02,ssp370,BCC-CSM2-MR
2087,26.7,ssp370,BCC-CSM2-MR
2088,30.93,ssp370,BCC-CSM2-MR
2089,34.55,ssp370,BCC-CSM2-MR
2090,36.6,ssp370,BCC-CSM2-MR
2091,34.38,ssp370,BCC-CSM2-MR
2092,30.53,ssp370,BCC-CSM2-MR
2093,33.07,ssp370,BCC-CSM2-MR
2094,35.27,ssp370,BCC-CSM2-MR
2095,35.08,ssp370,BCC-CSM2-MR
2096,30.76,ssp370,BCC-CSM2-MR
2097,29.4,ssp370,BCC-CSM2-MR
2098,35.55,ssp370,BCC-CSM2-MR
2099,38.81,ssp370,BCC-CSM2-MR
2100,36.73,ssp370,BCC-CSM2-MR
1950,30.45,ssp370,CanESM5
1951,27.65,ssp370,CanESM5
1952,32.4,ssp370,CanESM5
1953,22.9,ssp370,CanESM5
1954,27.27,ssp370,CanESM5
1955,27.5,ssp370,CanESM5
1956,32.14,ssp370,CanESM5
1957,28.71,ssp370,CanESM5
1958,26.5,ssp370,CanESM5
1959,31.12,ssp370,CanESM5
1960,34.43,ssp370,CanESM5
1961,36.13,ssp370,CanESM5
1962,26.28,ssp370,CanESM5
1963,27.91,ssp370,CanESM5
1964,33.37,ssp370,CanESM5
1965,27.59,ssp370,CanESM5
1966,32.63,ssp370,CanESM5
1967,31.73,ssp370,CanESM5
1968,29.04,ssp370,CanESM5
1969,28.16,ssp370,CanESM5
1970,27.68,ssp370,CanESM5
1971,31.79,ssp370,CanESM5
1972,31.67,ssp370,CanESM5
1973,32.21,ssp370,CanESM5
1974,30.26,ssp370,CanESM5
1975,26.87,ssp370,CanESM5
1976,29.24,ssp370,CanESM5
1977,30.71,ssp370,CanESM5
1978,29.94,ssp370,CanESM5
1979,24.38,ssp370,CanESM5
1980,30.8,ssp370,CanESM5
1981,33.01,ssp370,CanESM5
1982,32.27,ssp370,CanESM5
1983,29.29,ssp370,CanESM5
1984,34.16,ssp370,CanESM5
1985,30.38,ssp370,CanESM5
1986,27.95,ssp370,CanESM5
1987,28.35,ssp370,CanESM5
1988,29.25,ssp370,CanESM5
1989,34.09,ssp370,CanESM5
1990,30.19,ssp370,CanESM5
1991,32.07,ssp370,CanESM5
1992,32.87,ssp370,CanESM5
1993,28.86,ssp370,CanESM5
1994,28.39,ssp370,CanESM5
1995,27.62,ssp370,CanESM5
1996,32.14,ssp370,CanESM5
1997,29.43,ssp370,CanESM5
1998,32.43,ssp370,CanESM5
1999,31.72,ssp370,CanESM5
2000,32.72,ssp370,CanESM5
2001,33.13,ssp370,CanESM5
2002,30.33,ssp370,CanESM5
2003,38.22,ssp370,CanESM5
2004,30.47,ssp370,CanESM5
2005,31.82,ssp370,CanESM5
2006,30.8,ssp370,CanESM5
2007,29.35,ssp370,CanESM5
2008,29.0,ssp370,CanESM5
2009,34.94,ssp370,CanESM5
2010,37.56,ssp370,CanESM5
2011,32.78,ssp370,CanESM5
2012,32.67,ssp370,CanESM5
2013,37.11,ssp370,CanESM5
2014,35.31,ssp370,CanESM5
2015,28.59,ssp370,CanESM5
2016,29.29,ssp370,CanESM5
2017,31.66,ssp370,CanESM5
2018,33.65,ssp370,CanESM5
2019,28.16,ssp370,CanESM5
2020,31.47,ssp370,CanESM5
2021,28.92,ssp370,CanESM5
2022,30.02,ssp370,CanESM5
2023,34.59,ssp370,CanESM5
2024,31.87,ssp370,CanESM5
2025,37.11,ssp370,CanESM5
2026,29.55,ssp370,CanESM5
2027,33.89,ssp370,CanESM5
2028,32.82,ssp370,CanESM5
2029,28.25,ssp370,CanESM5
2030,27.75,ssp370,CanESM5
2031,29.51,ssp370,CanESM5
2032,30.2,ssp370,CanESM5
2033,34.79,ssp370,CanESM5
2034,31.17,ssp370,CanESM5
2035,32.39,ssp370,CanESM5
2036,36.88,ssp370,CanESM5
2037,31.37,ssp370,CanESM5
2038,34.99,ssp370,CanESM5
2039,26.9,ssp370,CanESM5
2040,26.13,ssp370,CanESM5
2041,35.79,ssp370,CanESM5
2042,35.39,ssp370,CanESM5
2043,31.85,ssp370,CanESM5
2044,30.0,ssp370,CanESM5
2045,33.41,ssp370,CanESM5
2046,33.24,ssp370,CanESM5
2047,33.26,ssp370,CanESM5
2048,35.9,ssp370,CanESM5
2049,31.24,ssp370,CanESM5
2050,39.38,ssp370,CanESM5
2051,29.97,ssp370,CanESM5
2052,29.05,ssp370,CanESM5
2053,35.72,ssp370,CanESM5
2054,35.38,ssp370,CanESM5
2055,25.47,ssp370,CanESM5
2056,32.39,ssp370,CanESM5
2057,32.91,ssp370,CanESM5
2058,33.55,ssp370,CanESM5
2059,33.66,ssp370,CanESM5
2060,31.55,ssp370,CanESM5
2061,31.9,ssp370,CanESM5
2062,32.96,ssp370,CanESM5
2063,34.53,ssp370,CanESM5
2064,31.49,ssp370,CanESM5
2065,36.91,ssp370,CanESM5
2066,35.95,ssp370,CanESM5
2067,42.96,ssp370,CanESM5
2068,35.22,ssp370,CanESM5
2069,32.4,ssp370,CanESM5
2070,31.07,ssp370,CanESM5
2071,29.65,ssp370,CanESM5
2072,34.58,ssp370,CanESM5
2073,35.07,ssp370,CanESM5
2074,34.94,ssp370,CanESM5
2075,33.12,ssp370,CanESM5
2076,36.08,ssp370,CanESM5
2077,31.93,ssp370,CanESM5
2078,33.98,ssp370,CanESM5
2079,34.54,ssp370,CanESM5
2080,31.76,ssp370,CanESM5
2081,35.11,ssp370,CanESM5
2082,25.92,ssp370,CanESM5
2083,32.75,ssp370,CanESM5
2084,35.72,ssp370,CanESM5
2085,30.78,ssp370,CanESM5
2086,37.0,ssp370,CanESM5
2087,36.13,ssp370,CanESM5
2088,32.25,ssp370,CanESM5
2089,29.63,ssp370,CanESM5
2090,33.21,ssp370,CanESM5
2091,36.46,ssp370,CanESM5
2092,39.32,ssp370,CanESM5
2093,36.33,ssp370,CanESM5
2094,39.74,ssp370,CanESM5
2095,29.6,ssp370,CanESM5
2096,32.2,ssp370,CanESM5
2097,40.18,ssp370,CanESM5
2098,36.25,ssp370,CanESM5
2099,31.92,ssp370,CanESM5
2100,38.52,ssp370,CanESM5
1950,27.45,ssp370,EC-Earth3
1951,26.86,ssp370,EC-Earth3
1952,29.56,ssp370,EC-Earth3
1953,32.06,ssp370,EC-Earth3
1954,31.38,ssp370,EC-Earth3
1955,26.83,ssp370,EC-Earth3
1956,28.92,ssp370,EC-Earth3
1957,29.82,ssp370,EC-Earth3
1958,29.22,ssp370,EC-Earth3
1959,26.84,ssp370,EC-Earth3
1960,32.33,ssp370,EC-Earth3
1961,26.59,ssp370,EC-Earth3
1962,30.04,ssp370,EC-Earth3
1963,29.51,ssp370,EC-Earth3
1964,32.19,ssp370,EC-Earth3
1965,30.03,ssp370,EC-Earth3
1966,26.77,ssp370,EC-Earth3
1967,29.36,ssp370,EC-Earth3
1968,30.01,ssp370,EC-Earth3
1969,29.49,ssp370,EC-Earth3
1970,28.53,ssp370,EC-Earth3
1971,28.58,ssp370,EC-Earth3
1972,25.92,ssp370,EC-Earth3
1973,26.15,ssp370,EC-Earth3
1974,31.45,ssp370,EC-Earth3
1975,31.65,ssp370,EC-Earth3
1976,30.32,ssp370,EC-Earth3
1977,32.98,ssp370,EC-Earth3
1978,29.03,ssp370,EC-Earth3
1979,32.45,ssp370,EC-Earth3
1980,30.55,ssp370,EC-Earth3
1981,33.78,ssp370,EC-Earth3
1982,28.79,ssp370,EC-Earth3
1983,31.05,ssp370,EC-Earth3
1984,30.23,ssp370,EC-Earth3
1985,29.23,ssp370,EC-Earth3
1986,31.42,ssp370,EC-Earth3
1987,32.38,ssp370,EC-Earth3
1988,28.98,ssp370,EC-Earth3
1989,31.21,ssp370,EC-Earth3
1990,29.1,ssp370,EC-Earth3
1991,35.87,ssp370,EC-Earth3
1992,31.2,ssp370,EC-Earth3
1993,33.63,ssp370,EC-Earth3
1994,33.24,ssp370,EC-Earth3
1995,30.35,ssp370,EC-Earth3
1996,29.75,ssp370,EC-Earth3
1997,30.81,ssp370,EC-Earth3
1998,29.7,ssp370,EC-Earth3
1999,28.53,ssp370,EC-Earth3
2000,30.73,ssp370,EC-Earth3
2001,33.62,ssp370,EC-Earth3
2002,30.45,ssp370,EC-Earth3
2003,28.06,ssp370,EC-Earth3
2004,29.74,ssp370,EC-Earth3
2005,28.89,ssp370,EC-Earth3
2006,29.58,ssp370,EC-Earth3
2007,32.94,ssp370,EC-Earth3
2008,29.31,ssp370,EC-Earth3
2009,33.35,ssp370,EC-Earth3
2010,30.35,ssp370,EC-Earth3
2011,32.9,ssp370,EC-Earth3
2012,33.04,ssp370,EC-Earth3
2013,28.52,ssp370,EC-Earth3
2014,27.63,ssp370,EC-Earth3
2015,32.01,ssp370,EC-Earth3
2016,32.66,ssp370,EC-Earth3
2017,29.29,ssp370,EC-Earth3
2018,33.44,ssp370,EC-Earth3
2019,31.77,ssp370,EC-Earth3
2020,26.35,ssp370,EC-Earth3
2021,30.73,ssp370,EC-Earth3
2022,31.99,ssp370,EC-Earth3
2023,28.86,ssp370,EC-Earth3
2024,25.68,ssp370,EC-Earth3
2025,30.29,ssp370,EC-Earth3
2026,33.73,ssp370,EC-Earth3
2027,33.1,ssp370,EC-Earth3
2028,31.28,ssp370,EC-Earth3
2029,32.04,ssp370,EC-Earth3
2030,30.49,ssp370,EC-Earth3
2031,30.2,ssp370,EC-Earth3
2032,34.75,ssp370,EC-Earth3
2033,36.23,ssp370,EC-Earth3
2034,32.59,ssp370,EC-Earth3
2035,31.76,ssp370,EC-Earth3
2036,31.74,ssp370,EC-Earth3
2037,31.71,ssp370,EC-Earth3
2038,34.48,ssp370,EC-Earth3
2039,31.28,ssp370,EC-Earth3
2040,32.55,ssp370,EC-Earth3
2041,34.65,ssp370,EC-Earth3
2042,34.45,ssp370,EC-Earth3
2043,33.66,ssp370,EC-Earth3
2044,29.75,ssp370,EC-Earth3
2045,34.22,ssp370,EC-Earth3
2046,32.05,ssp370,EC-Earth3
2047,29.98,ssp370,EC-Earth3
2048,36.45,ssp370,EC-Earth3
2049,31.06,ssp370,EC-Earth3
2050,27.93,ssp370,EC-Earth3
2051,29.33,ssp370,EC-Earth3
2052,32.92,ssp370,EC-Earth3
2053,33.5,ssp370,EC-Earth3
2054,29.15,ssp370,EC-Earth3
2055,32.69,ssp370,EC-Earth3
2056,31.61,ssp370,EC-Earth3
2057,34.52,ssp370,EC-Earth3
2058,34.3,ssp370,EC-Earth3
2059,26.86,ssp370,EC-Earth3
2060,31.45,ssp370,EC-Earth3
2061,35.35,ssp370,EC-Earth3
2062,37.04,ssp370,EC-Earth3
2063,28.72,ssp370,EC-Earth3
2064,32.23,ssp370,EC-Earth3
2065,31.87,ssp370,EC-Earth3
2066,33.21,ssp370,EC-Earth3
2067,36.49,ssp370,EC-Earth3
2068,30.6,ssp370,EC-Earth3
2069,34.06,ssp370,EC-Earth3
2070,35.28,ssp370,EC-Earth3
2071,34.13,ssp370,EC-Earth3
2072,31.63,ssp370,EC-Earth3
2073,33.26,ssp370,EC-Earth3
2074,38.21,ssp370,EC-Earth3
2075,33.86,ssp370,EC-Earth3
2076,34.7,ssp370,EC-Earth3
2077,31.96,ssp370,EC-Earth3
2078,38.94,ssp370,EC-Earth3
2079,31.71,ssp370,EC-Earth3
2080,34.39,ssp370,EC-Earth3
2081,32.22,ssp370,EC-Earth3
2082,37.48,ssp370,EC-Earth3
2083,33.11,ssp370,EC-Earth3
2084,28.07,ssp370,EC-Earth3
2085,34.48,ssp370,EC-Earth3
2086,37.36,ssp370,EC-Earth3
2087,33.14,ssp370,EC-Earth3
2088,34.1,ssp370,EC-Earth3
2089,31.54,ssp370,EC-Earth3
2090,27.95,ssp370,EC-Earth3
2091,35.09,ssp370,EC-Earth3
2092,34.22,ssp370,EC-Earth3
2093,35.56,ssp370,EC-Earth3
2094,36.37,ssp370,EC-Earth3
2095,32.71,ssp370,EC-Earth3
2096,32.39,ssp370,EC-Earth3
2097,30.07,ssp370,EC-Earth3
2098,30.89,ssp370,EC-Earth3
2099,31.71,ssp370,EC-Earth3
2100,31.46,ssp370,EC-Earth3
1950,33.15,ssp370,FGOALS-g3
1951,32.1,ssp370,FGOALS-g3
1952,26.52,ssp370,FGOALS-g3
1953,28.12,ssp370,FGOALS-g3
1954,30.27,ssp370,FGOALS-g3
1955,28.07,ssp370,FGOALS-g3
1956,33.11,ssp370,FGOALS-g3
1957,31.07,ssp370,FGOALS-g3
1958,32.46,ssp370,FGOALS-g3
1959,26.6,ssp370,FGOALS-g3
1960,29.39,ssp370,FGOALS-g3
1961,29.76,ssp370,FGOALS-g3
1962,33.65,ssp370,FGOALS-g3
1963,28.97,ssp370,FGOALS-g3
1964,25.49,ssp370,FGOALS-g3
1965,35.27,ssp370,FGOALS-g3
1966,32.63,ssp370,FGOALS-g3
1967,27.83,ssp370,FGOALS-g3
1968,30.44,ssp370,FGOALS-g3
1969,29.08,ssp370,FGOALS-g3
1970,27.58,ssp370,FGOALS-g3
1971,30.94,ssp370,FGOALS-g3
1972,30.75,ssp370,FGOALS-g3
1973,32.24,ssp370,FGOALS-g3
1974,29.5,ssp370,FGOALS-g3
1975,26.92,ssp370,FGOALS-g3
1976,30.73,ssp370,FGOALS-g3
1977,31.18,ssp370,FGOALS-g3
1978,30.26,ssp370,FGOALS-g3
1979,32.63,ssp370,FGOALS-g3
1980,30.03,ssp370,FGOALS-g3
1981,26.26,ssp370,FGOALS-g3
1982,27.46,ssp370,FGOALS-g3
1983,30.36,ssp370,FGOALS-g3
1984,30.67,ssp370,FGOALS-g3
1985,33.42,ssp370,FGOALS-g3
1986,28.47,ssp370,FGOALS-g3
1987,36.72,ssp370,FGOALS-g3
1988,31.46,ssp370,FGOALS-g3
1989,27.2,ssp370,FGOALS-g3
1990,29.82,ssp370,FGOALS-g3
1991,34.73,ssp370,FGOALS-g3
1992,25.45,ssp370,FGOALS-g3
1993,31.76,ssp370,FGOALS-g3
1994,29.01,ssp370,FGOALS-g3
1995,33.3,ssp370,FGOALS-g3
1996,32.71,ssp370,FGOALS-g3
1997,29.96,ssp370,FGOALS-g3
1998,26.9,ssp370,FGOALS-g3
1999,30.78,ssp370,FGOALS-g3
2000,29.65,ssp370,FGOALS-g3
2001,35.19,ssp370,FGOALS-g3
2002,33.14,ssp370,FGOALS-g3
2003,33.32,ssp370,FGOALS-g3
2004,31.44,ssp370,FGOALS-g3
2005,28.54,ssp370,FGOALS-g3
2006,32.36,ssp370,FGOALS-g3
2007,29.72,ssp370,FGOALS-g3
2008,30.28,ssp370,FGOALS-g3
2009,32.39,ssp370,FGOALS-g3
2010,29.14,ssp370,FGOALS-g3
2011,33.39,ssp370,FGOALS-g3
2012,32.73,ssp370,FGOALS-g3
2013,31.35,ssp370,FGOALS-g3
2014,31.15,ssp370,FGOALS-g3
2015,31.05,ssp370,FGOALS-g3
2016,28.16,ssp370,FGOALS-g3
2017,31.38,ssp370,FGOALS-g3
2018,31.95,ssp370,FGOALS-g3
2019,29.65,ssp370,FGOALS-g3
2020,30.82,ssp370,FGOALS-g3
2021,31.06,ssp370,FGOALS-g3
2022,30.79,ssp370,FGOALS-g3
2023,35.62,ssp370,FGOALS-g3
2024,29.81,ssp370,FGOALS-g3
2025,33.2,ssp370,FGOALS-g3
2026,36.88,ssp370,FGOALS-g3
2027,31.41,ssp370,FGOALS-g3
2028,34.77,ssp370,FGOALS-g3
2029,32.39,ssp370,FGOALS-g3
2030,31.49,ssp370,FGOALS-g3
2031,33.77,ssp370,FGOALS-g3
2032,33.04,ssp370,FGOALS-g3
2033,33.63,ssp370,FGOALS-g3
2034,32.15,ssp370,FGOALS-g3
2035,33.07,ssp370,FGOALS-g3
2036,35.31,ssp370,FGOALS-g3
2037,35.15,ssp370,FGOALS-g3
2038,35.84,ssp370,FGOALS-g3
2039,36.7,ssp370,FGOALS-g3
2040,29.72,ssp370,FGOALS-g3
2041,34.01,ssp370,FGOALS-g3
2042,32.95,ssp370,FGOALS-g3
2043,31.6,ssp370,FGOALS-g3
2044,32.19,ssp370,FGOALS-g3
2045,35.51,ssp370,FGOALS-g3
2046,32.31,ssp370,FGOALS-g3
2047,32.43,ssp370,FGOALS-g3
2048,29.79,ssp370,FGOALS-g3
2049,29.26,ssp370,FGOALS-g3
2050,34.64,ssp370,FGOALS-g3
2051,32.07,ssp370,FGOALS-g3
2052,30.16,ssp370,FGOALS-g3
2053,37.35,ssp370,FGOALS-g3
2054,34.43,ssp370,FGOALS-g3
2055,35.42,ssp370,FGOALS-g3
2056,33.68,ssp370,FGOALS-g3
2057,32.75,ssp370,FGOALS-g3
2058,30.55,ssp370,FGOALS-g3
2059,37.66,ssp370,FGOALS-g3
2060,35.58,ssp370,FGOALS-g3
2061,31.12,ssp370,FGOALS-g3
2062,30.55,ssp370,FGOALS-g3
2063,29.34,ssp370,FGOALS-g3
2064,33.6,ssp370,FGOALS-g3
2065,33.37,ssp370,FGOALS-g3
2066,33.62,ssp370,FGOALS-g3
2067,31.8,ssp370,FGOALS-g3
2068,30.12,ssp370,FGOALS-g3
2069,31.87,ssp370,FGOALS-g3
2070,36.01,ssp370,FGOALS-g3
2071,33.14,ssp370,FGOALS-g3
2072,35.28,ssp370,FGOALS-g3
2073,35.97,ssp370,FGOALS-g3
2074,29.14,ssp370,FGOALS-g3
2075,37.91,ssp370,FGOALS-g3
2076,35.88,ssp370,FGOALS-g3
2077,37.43,ssp370,FGOALS-g3
2078,36.41,ssp370,FGOALS-g3
2079,34.48,ssp370,FGOALS-g3
2080,39.63,ssp370,FGOALS-g3
2081,34.77,ssp370,FGOALS-g3
2082,28.08,ssp370,FGOALS-g3
2083,37.29,ssp370,FGOALS-g3
2084,31.56,ssp370,FGOALS-g3
2085,29.86,ssp370,FGOALS-g3
2086,31.52,ssp370,FGOALS-g3
2087,34.77,ssp370,FGOALS-g3
2088,32.03,ssp370,FGOALS-g3
2089,33.0,ssp370,FGOALS-g3
2090,35.71,ssp370,FGOALS-g3
2091,31.4,ssp370,FGOALS-g3
2092,29.11,ssp370,FGOALS-g3
2093,34.2,ssp370,FGOALS-g3
2094,39.92,ssp370,FGOALS-g3
2095,33.02,ssp370,FGOALS-g3
2096,36.75,ssp370,FGOALS-g3
2097,34.66,ssp370,FGOALS-g3
2098,35.9,ssp370,FGOALS-g3
2099,38.76,ssp370,FGOALS-g3
2100,35.5,ssp370,FGOALS-g3
1950,30.69,ssp370,GFDL-ESM4
1951,25.95,ssp370,GFDL-ESM4
1952,28.35,ssp370,GFDL-ESM4
1953,34.64,ssp370,GFDL-ESM4
1954,30.14,ssp370,GFDL-ESM4
1955,25.5,ssp370,GFDL-ESM4
1956,29.2,ssp370,GFDL-ESM4
1957,23.43,ssp370,GFDL-ESM4
1958,31.37,ssp370,GFDL-ESM4
1959,34.64,ssp370,GFDL-ESM4
1960,30.49,ssp370,GFDL-ESM4
1961,33.95,ssp370,GFDL-ESM4
1962,33.17,ssp370,GFDL-ESM4
1963,29.23,ssp370,GFDL-ESM4
1964,30.02,ssp370,GFDL-ESM4
1965,27.56,ssp370,GFDL-ESM4
1966,29.55,ssp370,GFDL-ESM4
1967,31.87,ssp370,GFDL-ESM4
1968,32.68,ssp370,GFDL-ESM4
1969,29.79,ssp370,GFDL-ESM4
1970,31.93,ssp370,GFDL-ESM4
1971,27.37,ssp370,GFDL-ESM4
1972,32.43,ssp370,GFDL-ESM4
1973,28.08,ssp370,GFDL-ESM4
1974,28.23,ssp370,GFDL-ESM4
1975,29.95,ssp370,GFDL-ESM4
1976,28.66,ssp370,GFDL-ESM4
1977,34.86,ssp370,GFDL-ESM4
1978,34.78,ssp370,GFDL-ESM4
1979,31.0,ssp370,GFDL-ESM4
1980,25.75,ssp370,GFDL-ESM4
1981,32.3,ssp370,GFDL-ESM4
1982,29.04,ssp370,GFDL-ESM4
1983,30.74,ssp370,GFDL-ESM4
1984,29.81,ssp370,GFDL-ESM4
1985,29.96,ssp370,GFDL-ESM4
1986,29.9,ssp370,GFDL-ESM4
1987,31.7,ssp370,GFDL-ESM4
1988,30.43,ssp370,GFDL-ESM4
1989,30.81,ssp370,GFDL-ESM4
1990,29.54,ssp370,GFDL-ESM4
1991,30.18,ssp370,GFDL-ESM4
1992,29.78,ssp370,GFDL-ESM4
1993,30.28,ssp370,GFDL-ESM4
1994,32.13,ssp370,GFDL-ESM4
1995,28.05,ssp370,GFDL-ESM4
1996,30.79,ssp370,GFDL-ESM4
1997,29.39,ssp370,GFDL-ESM4
1998,29.85,ssp370,GFDL-ESM4
1999,28.81,ssp370,GFDL-ESM4
2000,30.67,ssp370,GFDL-ESM4
2001,33.66,ssp370,GFDL-ESM4
2002,32.29,ssp370,GFDL-ESM4
2003,29.96,ssp370,GFDL-ESM4
2004,25.43,ssp370,GFDL-ESM4
2005,33.97,ssp370,GFDL-ESM4
2006,30.2,ssp370,GFDL-ESM4
2007,28.31,ssp370,GFDL-ESM4
2008,29.53,ssp370,GFDL-ESM4
2009,31.41,ssp370,GFDL-ESM4
2010,28.77,ssp370,GFDL-ESM4
2011,33.62,ssp370,GFDL-ESM4
2012,33.09,ssp370,GFDL-ESM4
2013,27.94,ssp370,GFDL-ESM4
2014,25.89,ssp370,GFDL-ESM4
2015,25.7,ssp370,GFDL-ESM4
2016,31.58,ssp370,GFDL-ESM4
2017,30.74,ssp370,GFDL-ESM4
2018,30.04,ssp370,GFDL-ESM4
2019,29.03,ssp370,GFDL-ESM4
2020,30.96,ssp370,GFDL-ESM4
2021,30.38,ssp370,GFDL-ESM4
2022,30.82,ssp370,GFDL-ESM4
2023,29.56,ssp370,GFDL-ESM4
2024,32.73,ssp370,GFDL-ESM4
2025,34.37,ssp370,GFDL-ESM4
2026,30.33,ssp370,GFDL-ESM4
2027,26.57,ssp370,GFDL-ESM4
2028,29.82,ssp370,GFDL-ESM4
2029,29.67,ssp370,GFDL-ESM4
2030,33.22,ssp370,GFDL-ESM4
2031,35.45,ssp370,GFDL-ESM4
2032,32.17,ssp370,GFDL-ESM4
2033,32.74,ssp370,GFDL-ESM4
2034,31.49,ssp370,GFDL-ESM4
2035,31.55,ssp370,GFDL-ESM4
2036,33.13,ssp370,GFDL-ESM4
2037,35.67,ssp370,GFDL-ESM4
2038,30.27,ssp370,GFDL-ESM4
2039,29.91,ssp370,GFDL-ESM4
2040,30.95,ssp370,GFDL-ESM4
2041,32.32,ssp370,GFDL-ESM4
2042,30.12,ssp370,GFDL-ESM4
2043,28.34,ssp370,GFDL-ESM4
2044,29.84,ssp370,GFDL-ESM4
2045,33.2,ssp370,GFDL-ESM4
2046,28.5,ssp370,GFDL-ESM4
2047,31.87,ssp370,GFDL-ESM4
2048,29.49,ssp370,GFDL-ESM4
2049,27.24,ssp370,GFDL-ESM4
2050,31.96,ssp370,GFDL-ESM4
2051,30.21,ssp370,GFDL-ESM4
2052,31.77,ssp370,GFDL-ESM4
2053,35.9,ssp370,GFDL-ESM4
2054,30.97,ssp370,GFDL-ESM4
2055,29.75,ssp370,GFDL-ESM4
2056,31.0,ssp370,GFDL-ESM4
2057,34.56,ssp370,GFDL-ESM4
2058,31.05,ssp370,GFDL-ESM4
2059,30.28,ssp370,GFDL-ESM4
2060,29.99,ssp370,GFDL-ESM4
2061,26.34,ssp370,GFDL-ESM4
2062,27.99,ssp370,GFDL-ESM4
2063,28.8,ssp370,GFDL-ESM4
2064,32.93,ssp370,GFDL-ESM4
2065,31.88,ssp370,GFDL-ESM4
2066,27.01,ssp370,GFDL-ESM4
2067,25.02,ssp370,GFDL-ESM4
2068,28.89,ssp370,GFDL-ESM4
2069,29.76,ssp370,GFDL-ESM4
2070,26.2,ssp370,GFDL-ESM4
2071,25.94,ssp370,GFDL-ESM4
2072,34.06,ssp370,GFDL-ESM4
2073,38.53,ssp370,GFDL-ESM4
2074,36.76,ssp370,GFDL-ESM4
2075,29.44,ssp370,GFDL-ESM4
2076,27.46,ssp370,GFDL-ESM4
2077,32.84,ssp370,GFDL-ESM4
2078,31.68,ssp370,GFDL-ESM4
2079,32.45,ssp370,GFDL-ESM4
2080,35.62,ssp370,GFDL-ESM4
2081,34.66,ssp370,GFDL-ESM4
2082,28.37,ssp370,GFDL-ESM4
2083,28.91,ssp370,GFDL-ESM4
2084,29.37,ssp370,GFDL-ESM4
2085,31.99,ssp370,GFDL-ESM4
2086,32.61,ssp370,GFDL-ESM4
2087,31.03,ssp370,GFDL-ESM4
2088,33.74,ssp370,GFDL-ESM4
2089,33.34,ssp370,GFDL-ESM4
2090,33.18,ssp370,GFDL-ESM4
2091,29.05,ssp370,GFDL-ESM4
2092,24.13,ssp370,GFDL-ESM4
2093,36.16,ssp370,GFDL-ESM4
2094,34.36,ssp370,GFDL-ESM4
2095,32.05,ssp370,GFDL-ESM4
2096,31.74,ssp370,GFDL-ESM4
2097,32.05,ssp370,GFDL-ESM4
2098,35.0,ssp370,GFDL-ESM4
2099,31.31,ssp370,GFDL-ESM4
2100,30.34,ssp370,GFDL-ESM4
1950,30.08,ssp370,INM-CM4-8
1951,32.11,ssp370,INM-CM4-8
1952,30.93,ssp370,INM-CM4-8
1953,29.67,ssp370,INM-CM4-8
1954,32.26,ssp370,INM-CM4-8
1955,29.62,ssp370,INM-CM4-8
1956,27.83,ssp370,INM-CM4-8
1957,31.3,ssp370,INM-CM4-8
1958,28.85,ssp370,INM-CM4-8
1959,31.5,ssp370,INM-CM4-8
1960,32.85,ssp370,INM-CM4-8
1961,29.35,ssp370,INM-CM4-8
1962,30.96,ssp370,INM-CM4-8
1963,34.28,ssp370,INM-CM4-8
1964,28.87,ssp370,INM-CM4-8
1965,28.59,ssp370,INM-CM4-8
1966,31.09,ssp370,INM-CM4-8
1967,29.24,ssp370,INM-CM4-8
1968,34.07,ssp370,INM-CM4-8
1969,30.94,ssp370,INM-CM4-8
1970,26.17,ssp370,INM-CM4-8
1971,30.38,ssp370,INM-CM4-8
1972,29.49,ssp370,INM-CM4-8
1973,30.41,ssp370,INM-CM4-8
1974,32.88,ssp370,INM-CM4-8
1975,26.87,ssp370,INM-CM4-8
1976,30.65,ssp370,INM-CM4-8
1977,28.65,ssp370,INM-CM4-8
1978,32.27,ssp370,INM-CM4-8
1979,32.55,ssp370,INM-CM4-8
1980,29.93,ssp370,INM-CM4-8
1981,28.18,ssp370,INM-CM4-8
1982,26.75,ssp370,INM-CM4-8
1983,26.64,ssp370,INM-CM4-8
1984,30.24,ssp370,INM-CM4-8
1985,29.86,ssp370,INM-CM4-8
1986,29.8,ssp370,INM-CM4-8
1987,30.23,ssp370,INM-CM4-8
1988,29.9,ssp370,INM-CM4-8
1989,28.51,ssp370,INM-CM4-8
1990,32.91,ssp370,INM-CM4-8
1991,27.26,ssp370,INM-CM4-8
1992,31.66,ssp370,INM-CM4-8
1993,29.29,ssp370,INM-CM4-8
1994,30.2,ssp370,INM-CM4-8
1995,26.62,ssp370,INM-CM4-8
1996,28.29,ssp370,INM-CM4-8
1997,32.51,ssp370,INM-CM4-8
1998,33.63,ssp370,INM-CM4-8
1999,35.18,ssp370,INM-CM4-8
2000,27.39,ssp370,INM-CM4-8
2001,31.67,ssp370,INM-CM4-8
2002,32.14,ssp370,INM-CM4-8
2003,26.09,ssp370,INM-CM4-8
2004,28.53,ssp370,INM-CM4-8
2005,28.27,ssp370,INM-CM4-8
2006,32.97,ssp370,INM-CM4-8
2007,27.54,ssp370,INM-CM4-8
2008,33.13,ssp370,INM-CM4-8
2009,33.94,ssp370,INM-CM4-8
2010,33.72,ssp370,INM-CM4-8
2011,32.24,ssp370,INM-CM4-8
2012,29.1,ssp370,INM-CM4-8
2013,31.83,ssp370,INM-CM4-8
2014,29.55,ssp370,INM-CM4-8
2015,31.6,ssp370,INM-CM4-8
2016,32.62,ssp370,INM-CM4-8
2017,33.47,ssp370,INM-CM4-8
2018,36.24,ssp370,INM-CM4-8
2019,28.44,ssp370,INM-CM4-8
2020,26.74,ssp370,INM-CM4-8
2021,32.08,ssp370,INM-CM4-8
2022,32.2,ssp370,INM-CM4-8
2023,30.71,ssp370,INM-CM4-8
2024,32.6,ssp370,INM-CM4-8
2025,29.84,ssp370,INM-CM4-8
2026,33.24,ssp370,INM-CM4-8
2027,34.19,ssp370,INM-CM4-8
2028,39.37,ssp370,INM-CM4-8
2029,34.19,ssp370,INM-CM4-8
2030,31.36,ssp370,INM-CM4-8
2031,29.51,ssp370,INM-CM4-8
2032,30.65,ssp370,INM-CM4-8
2033,31.1,ssp370,INM-CM4-8
2034,31.04,ssp370,INM-CM4-8
2035,33.46,ssp370,INM-CM4-8
2036,31.02,ssp370,INM-CM4-8
2037,32.53,ssp370,INM-CM4-8
2038,39.25,ssp370,INM-CM4-8
2039,35.44,ssp370,INM-CM4-8
2040,30.65,ssp370,INM-CM4-8
2041,31.35,ssp370,INM-CM4-8
2042,30.1,ssp370,INM-CM4-8
2043,32.2,ssp370,INM-CM4-8
2044,33.82,ssp370,INM-CM4-8
2045,28.9,ssp370,INM-CM4-8
2046,30.86,ssp370,INM-CM4-8
2047,29.45,ssp370,INM-CM4-8
2048,29.17,ssp370,INM-CM4-8
2049,29.12,ssp370,INM-CM4-8
2050,32.16,ssp370,INM-CM4-8
2051,25.89,ssp370,INM-CM4-8
2052,29.11,ssp370,INM-CM4-8
2053,27.52,ssp370,INM-CM4-8
2054,27.34,ssp370,INM-CM4-8
2055,33.09,ssp370,INM-CM4-8
2056,36.17,ssp370,INM-CM4-8
2057,33.01,ssp370,INM-CM4-8
2058,28.29,ssp370,INM-CM4-8
2059,33.35,ssp370,INM-CM4-8
2060,30.9,ssp370,INM-CM4-8
2061,28.94,ssp370,INM-CM4-8
2062,35.64,ssp370,INM-CM4-8
2063,32.74,ssp370,INM-CM4-8
2064,25.43,ssp370,INM-CM4-8
2065,28.87,ssp370,INM-CM4-8
2066,33.67,ssp370,INM-CM4-8
2067,31.33,ssp370,INM-CM4-8
2068,36.53,ssp370,INM-CM4-8
2069,34.03,ssp370,INM-CM4-8
2070,34.67,ssp370,INM-CM4-8
2071,26.66,ssp370,INM-CM4-8
2072,31.74,ssp370,INM-CM4-8
2073,30.84,ssp370,INM-CM4-8
2074,33.35,ssp370,INM-CM4-8
2075,36.41,ssp370,INM-CM4-8
2076,30.28,ssp370,INM-CM4-8
2077,28.58,ssp370,INM-CM4-8
2078,31.02,ssp370,INM-CM4-8
2079,33.8,ssp370,INM-CM4-8
2080,30.06,ssp370,INM-CM4-8
2081,31.69,ssp370,INM-CM4-8
2082,27.75,ssp370,INM-CM4-8
2083,29.82,ssp370,INM-CM4-8
2084,25.96,ssp370,INM-CM4-8
2085,33.98,ssp370,INM-CM4-8
2086,35.73,ssp370,INM-CM4-8
2087,28.78,ssp370,INM-CM4-8
2088,29.49,ssp370,INM-CM4-8
2089,31.71,ssp370,INM-CM4-8
2090,35.38,ssp370,INM-CM4-8
2091,36.66,ssp370,INM-CM4-8
2092,35.81,ssp370,INM-CM4-8
2093,32.96,ssp370,INM-CM4-8
2094,32.75,ssp370,INM-CM4-8
2095,33.45,ssp370,INM-CM4-8
2096,31.48,ssp370,INM-CM4-8
2097,34.75,ssp370,INM-CM4-8
2098,29.42,ssp370,INM-CM4-8
2099,32.96,ssp370,INM-CM4-8
2100,39.27,ssp370,INM-CM4-8
1950,31.23,ssp370,INM-CM5-0
1951,32.7,ssp370,INM-CM5-0
1952,31.28,ssp370,INM-CM5-0
1953,24.51,ssp370,INM-CM5-0
1954,29.23,ssp370,INM-CM5-0
1955,29.07,ssp370,INM-CM5-0
1956,35.32,ssp370,INM-CM5-0
1957,34.78,ssp370,INM-CM5-0
1958,33.68,ssp370,INM-CM5-0
1959,29.5,ssp370,INM-CM5-0
1960,25.06,ssp370,INM-CM5-0
1961,33.3,ssp370,INM-CM5-0
1962,29.15,ssp370,INM-CM5-0
1963,27.06,ssp370,INM-CM5-0
1964,28.96,ssp370,INM-CM5-0
1965,29.26,ssp370,INM-CM5-0
1966,30.55,ssp370,INM-CM5-0
1967,28.9,ssp370,INM-CM5-0
1968,31.88,ssp370,INM-CM5-0
1969,29.1,ssp370,INM-CM5-0
1970,29.19,ssp370,INM-CM5-0
1971,30.04,ssp370,INM-CM5-0
1972,29.55,ssp370,INM-CM5-0
1973,31.05,ssp370,INM-CM5-0
1974,26.59,ssp370,INM-CM5-0
1975,27.02,ssp370,INM-CM5-0
1976,35.21,ssp370,INM-CM5-0
1977,29.83,ssp370,INM-CM5-0
1978,30.24,ssp370,INM-CM5-0
1979,30.35,ssp370,INM-CM5-0
1980,31.8,ssp370,INM-CM5-0
1981,30.35,ssp370,INM-CM5-0
1982,33.1,ssp370,INM-CM5-0
1983,31.66,ssp370,INM-CM5-0
1984,28.42,ssp370,INM-CM5-0
1985,29.21,ssp370,INM-CM5-0
1986,29.99,ssp370,INM-CM5-0
1987,30.08,ssp370,INM-CM5-0
1988,31.37,ssp370,INM-CM5-0
1989,27.44,ssp370,INM-CM5-0
1990,32.09,ssp370,INM-CM5-0
1991,32.27,ssp370,INM-CM5-0
1992,32.79,ssp370,INM-CM5-0
1993,30.87,ssp370,INM-CM5-0
1994,26.56,ssp370,INM-CM5-0
1995,29.88,ssp370,INM-CM5-0
1996,30.17,ssp370,INM-CM5-0
1997,28.58,ssp370,INM-CM5-0
1998,31.87,ssp370,INM-CM5-0
1999,30.02,ssp370,INM-CM5-0
2000,30.28,ssp370,INM-CM5-0
2001,30.84,ssp370,INM-CM5-0
2002,28.95,ssp370,INM-CM5-0
2003,34.65,ssp370,INM-CM5-0
2004,32.5,ssp370,INM-CM5-0
2005,32.67,ssp370,INM-CM5-0
2006,33.47,ssp370,INM-CM5-0
2007,30.72,ssp370,INM-CM5-0
2008,28.48,ssp370,INM-CM5-0
2009,29.51,ssp370,INM-CM5-0
2010,28.59,ssp370,INM-CM5-0
2011,30.52,ssp370,INM-CM5-0
2012,33.24,ssp370,INM-CM5-0
2013,32.24,ssp370,INM-CM5-0
2014,30.02,ssp370,INM-CM5-0
2015,32.11,ssp370,INM-CM5-0
2016,30.1,ssp370,INM-CM5-0
2017,31.98,ssp370,INM-CM5-0
2018,33.11,ssp370,INM-CM5-0
2019,32.59,ssp370,INM-CM5-0
2020,33.21,ssp370,INM-CM5-0
2021,26.79,ssp370,INM-CM5-0
2022,33.38,ssp370,INM-CM5-0
2023,33.5,ssp370,INM-CM5-0
2024,34.57,ssp370,INM-CM5-0
2025,34.07,ssp370,INM-CM5-0
2026,28.71,ssp370,INM-CM5-0
2027,29.83,ssp370,INM-CM5-0
2028,26.09,ssp370,INM-CM5-0
2029,33.5,ssp370,INM-CM5-0
2030,26.03,ssp370,INM-CM5-0
2031,34.15,ssp370,INM-CM5-0
2032,30.14,ssp370,INM-CM5-0
2033,28.09,ssp370,INM-CM5-0
2034,29.46,ssp370,INM-CM5-0
2035,27.77,ssp370,INM-CM5-0
2036,28.87,ssp370,INM-CM5-0
2037,29.96,ssp370,INM-CM5-0
2038,31.28,ssp370,INM-CM5-0
2039,31.68,ssp370,INM-CM5-0
2040,28.0,ssp370,INM-CM5-0
2041,27.83,ssp370,INM-CM5-0
2042,28.08,ssp370,INM-CM5-0
2043,31.75,ssp370,INM-CM5-0
2044,30.67,ssp370,INM-CM5-0
2045,32.92,ssp370,INM-CM5-0
2046,30.75,ssp370,INM-CM5-0
2047,31.99,ssp370,INM-CM5-0
2048,28.75,ssp370,INM-CM5-0
2049,33.88,ssp370,INM-CM5-0
2050,34.49,ssp370,INM-CM5-0
2051,30.59,ssp370,INM-CM5-0
2052,36.28,ssp370,INM-CM5-0
2053,28.82,ssp370,INM-CM5-0
2054,36.29,ssp370,INM-CM5-0
2055,28.43,ssp370,INM-CM5-0
2056,27.37,ssp370,INM-CM5-0
2057,30.68,ssp370,INM-CM5-0
2058,32.73,ssp370,INM-CM5-0
2059,31.22,ssp370,INM-CM5-0
2060,29.54,ssp370,INM-CM5-0
2061,30.35,ssp370,INM-CM5-0
2062,36.97,ssp370,INM-CM5-0
2063,37.05,ssp370,INM-CM5-0
2064,33.14,ssp370,INM-CM5-0
2065,28.82,ssp370,INM-CM5-0
2066,30.9,ssp370,INM-CM5-0
2067,37.56,ssp370,INM-CM5-0
2068,32.93,ssp370,INM-CM5-0
2069,29.74,ssp370,INM-CM5-0
2070,25.49,ssp370,INM-CM5-0
2071,31.75,ssp370,INM-CM5-0
2072,31.76,ssp370,INM-CM5-0
2073,28.54,ssp370,INM-CM5-0
2074,29.51,ssp370,INM-CM5-0
2075,34.09,ssp370,INM-CM5-0
2076,30.31,ssp370,INM-CM5-0
2077,29.29,ssp370,INM-CM5-0
2078,34.04,ssp370,INM-CM5-0
2079,31.58,ssp370,INM-CM5-0
2080,30.05,ssp370,INM-CM5-0
2081,28.84,ssp370,INM-CM5-0
2082,33.18,ssp370,INM-CM5-0
2083,29.11,ssp370,INM-CM5-0
2084,32.27,ssp370,INM-CM5-0
2085,36.66,ssp370,INM-CM5-0
2086,31.83,ssp370,INM-CM5-0
2087,33.65,ssp370,INM-CM5-0
2088,28.72,ssp370,INM-CM5-0
2089,33.02,ssp370,INM-CM5-0
2090,31.55,ssp370,INM-CM5-0
2091,33.2,ssp370,INM-CM5-0
2092,32.26,ssp370,INM-CM5-0
2093,32.65,ssp370,INM-CM5-0
2094,28.8,ssp370,INM-CM5-0
2095,30.83,ssp370,INM-CM5-0
2096,29.71,ssp370,INM-CM5-0
2097,29.54,ssp370,INM-CM5-0
2098,35.83,ssp370,INM-CM5-0
2099,30.48,ssp370,INM-CM5-0
2100,27.37,ssp370,INM-CM5-0
1950,28.97,ssp370,IPSL-CM6A-LR
1951,32.32,ssp370,IPSL-CM6A-LR
1952,31.64,ssp370,IPSL-CM6A-LR
1953,29.56,ssp370,IPSL-CM6A-LR
1954,28.07,ssp370,IPSL-CM6A-LR
1955,31.45,ssp370,IPSL-CM6A-LR
1956,29.7,ssp370,IPSL-CM6A-LR
1957,28.13,ssp370,IPSL-CM6A-LR
1958,30.82,ssp370,IPSL-CM6A-LR
1959,26.38,ssp370,IPSL-CM6A-LR
1960,30.98,ssp370,IPSL-CM6A-LR
1961,30.96,ssp370,IPSL-CM6A-LR
1962,30.19,ssp370,IPSL-CM6A-LR
1963,30.91,ssp370,IPSL-CM6A-LR
1964,30.29,ssp370,IPSL-CM6A-LR
1965,31.55,ssp370,IPSL-CM6A-LR
1966,29.81,ssp370,IPSL-CM6A-LR
1967,27.31,ssp370,IPSL-CM6A-LR
1968,34.87,ssp370,IPSL-CM6A-LR
1969,29.86,ssp370,IPSL-CM6A-LR
1970,27.59,ssp370,IPSL-CM6A-LR
1971,31.82,ssp370,IPSL-CM6A-LR
1972,32.91,ssp370,IPSL-CM6A-LR
1973,29.8,ssp370,IPSL-CM6A-LR
1974,30.39,ssp370,IPSL-CM6A-LR
1975,28.16,ssp370,IPSL-CM6A-LR
1976,28.66,ssp370,IPSL-CM6A-LR
1977,25.93,ssp370,IPSL-CM6A-LR
1978,29.24,ssp370,IPSL-CM6A-LR
1979,33.43,ssp370,IPSL-CM6A-LR
1980,36.17,ssp370,IPSL-CM6A-LR
1981,32.71,ssp370,IPSL-CM6A-LR
1982,28.68,ssp370,IPSL-CM6A-LR
1983,31.14,ssp370,IPSL-CM6A-LR
1984,26.41,ssp370,IPSL-CM6A-LR
1985,26.5,ssp370,IPSL-CM6A-LR
1986,27.92,ssp370,IPSL-CM6A-LR
1987,31.27,ssp370,IPSL-CM6A-LR
1988,32.28,ssp370,IPSL-CM6A-LR
1989,32.0,ssp370,IPSL-CM6A-LR
1990,27.22,ssp370,IPSL-CM6A-LR
1991,32.3,ssp370,IPSL-CM6A-LR
1992,28.98,ssp370,IPSL-CM6A-LR
1993,32.18,ssp370,IPSL-CM6A-LR
1994,29.99,ssp370,IPSL-CM6A-LR
1995,27.8,ssp370,IPSL-CM6A-LR
1996,30.87,ssp370,IPSL-CM6A-LR
1997,28.97,ssp370,IPSL-CM6A-LR
1998,30.22,ssp370,IPSL-CM6A-LR
1999,30.61,ssp370,IPSL-CM6A-LR
2000,33.72,ssp370,IPSL-CM6A-LR
2001,30.95,ssp370,IPSL-CM6A-LR
2002,32.83,ssp370,IPSL-CM6A-LR
2003,27.32,ssp370,IPSL-CM6A-LR
2004,27.76,ssp370,IPSL-CM6A-LR
2005,31.46,ssp370,IPSL-CM6A-LR
2006,33.32,ssp370,IPSL-CM6A-LR
2007,25.05,ssp370,IPSL-CM6A-LR
2008,28.61,ssp370,IPSL-CM6A-LR
2009,34.97,ssp370,IPSL-CM6A-LR
2010,30.19,ssp370,IPSL-CM6A-LR
2011,33.19,ssp370,IPSL-CM6A-LR
2012,31.66,ssp370,IPSL-CM6A-LR
2013,28.92,ssp370,IPSL-CM6A-LR
2014,30.21,ssp370,IPSL-CM6A-LR
2015,29.9,ssp370,IPSL-CM6A-LR
2016,32.85,ssp370,IPSL-CM6A-LR
2017,35.59,ssp370,IPSL-CM6A-LR
2018,32.2,ssp370,IPSL-CM6A-LR
2019,28.16,ssp370,IPSL-CM6A-LR
2020,31.34,ssp370,IPSL-CM6A-LR
2021,32.4,ssp370,IPSL-CM6A-LR
2022,29.37,ssp370,IPSL-CM6A-LR
2023,33.78,ssp370,IPSL-CM6A-LR
2024,32.06,ssp370,IPSL-CM6A-LR
2025,34.67,ssp370,IPSL-CM6A-LR
2026,30.86,ssp370,IPSL-CM6A-LR
2027,30.39,ssp370,IPSL-CM6A-LR
2028,33.4,ssp370,IPSL-CM6A-LR
2029,34.76,ssp370,IPSL-CM6A-LR
2030,28.07,ssp370,IPSL-CM6A-LR
2031,29.98,ssp370,IPSL-CM6A-LR
2032,34.18,ssp370,IPSL-CM6A-LR
2033,31.38,ssp370,IPSL-CM6A-LR
2034,30.46,ssp370,IPSL-CM6A-LR
2035,35.0,ssp370,IPSL-CM6A-LR
2036,32.43,ssp370,IPSL-CM6A-LR
2037,31.21,ssp370,IPSL-CM6A-LR
2038,38.59,ssp370,IPSL-CM6A-LR
2039,35.34,ssp370,IPSL-CM6A-LR
2040,34.4,ssp370,IPSL-CM6A-LR
2041,30.48,ssp370,IPSL-CM6A-LR
2042,31.22,ssp370,IPSL-CM6A-LR
2043,28.27,ssp370,IPSL-CM6A-LR
2044,29.82,ssp370,IPSL-CM6A-LR
2045,30.51,ssp370,IPSL-CM6A-LR
2046,35.97,ssp370,IPSL-CM6A-LR
2047,28.84,ssp370,IPSL-CM6A-LR
2048,29.71,ssp370,IPSL-CM6A-LR
2049,35.77,ssp370,IPSL-CM6A-LR
2050,30.12,ssp370,IPSL-CM6A-LR
2051,36.02,ssp370,IPSL-CM6A-LR
2052,38.44,ssp370,IPSL-CM6A-LR
2053,31.98,ssp370,IPSL-CM6A-LR
2054,29.31,ssp370,IPSL-CM6A-LR
2055,38.28,ssp370,IPSL-CM6A-LR
2056,29.44,ssp370,IPSL-CM6A-LR
2057,31.26,ssp370,IPSL-CM6A-LR
2058,32.4,ssp370,IPSL-CM6A-LR
2059,28.29,ssp370,IPSL-CM6A-LR
2060,31.67,ssp370,IPSL-CM6A-LR
2061,33.46,ssp370,IPSL-CM6A-LR
2062,35.5,ssp370,IPSL-CM6A-LR
2063,36.97,ssp370,IPSL-CM6A-LR
2064,31.11,ssp370,IPSL-CM6A-LR
2065,35.95,ssp370,IPSL-CM6A-LR
2066,35.21,ssp370,IPSL-CM6A-LR
2067,29.98,ssp370,IPSL-CM6A-LR
2068,33.28,ssp370,IPSL-CM6A-LR
2069,34.08,ssp370,IPSL-CM6A-LR
2070,31.89,ssp370,IPSL-CM6A-LR
2071,36.57,ssp370,IPSL-CM6A-LR
2072,32.59,ssp370,IPSL-CM6A-LR
2073,33.32,ssp370,IPSL-CM6A-LR
2074,35.32,ssp370,IPSL-CM6A-LR
2075,35.96,ssp370,IPSL-CM6A-LR
2076,36.99,ssp370,IPSL-CM6A-LR
2077,33.86,ssp370,IPSL-CM6A-LR
2078,34.21,ssp370,IPSL-CM6A-LR
2079,34.84,ssp370,IPSL-CM6A-LR
2080,28.68,ssp370,IPSL-CM6A-LR
2081,33.21,ssp370,IPSL-CM6A-LR
2082,35.35,ssp370,IPSL-CM6A-LR
2083,36.99,ssp370,IPSL-CM6A-LR
2084,35.94,ssp370,IPSL-CM6A-LR
2085,41.13,ssp370,IPSL-CM6A-LR
2086,31.32,ssp370,IPSL-CM6A-LR
2087,34.43,ssp370,IPSL-CM6A-LR
2088,31.72,ssp370,IPSL-CM6A-LR
2089,37.06,ssp370,IPSL-CM6A-LR
2090,36.02,ssp370,IPSL-CM6A-LR
2091,26.33,ssp370,IPSL-CM6A-LR
2092,36.26,ssp370,IPSL-CM6A-LR
2093,42.54,ssp370,IPSL-CM6A-LR
2094,33.9,ssp370,IPSL-CM6A-LR
2095,32.16,ssp370,IPSL-CM6A-LR
2096,34.29,ssp370,IPSL-CM6A-LR
2097,39.82,ssp370,IPSL-CM6A-LR
2098,37.47,ssp370,IPSL-CM6A-LR
2099,34.32,ssp370,IPSL-CM6A-LR
2100,38.34,ssp370,IPSL-CM6A-LR
1950,27.07,ssp370,MIROC6
1951,33.17,ssp370,MIROC6
1952,30.91,ssp370,MIROC6
1953,28.42,ssp370,MIROC6
1954,30.54,ssp370,MIROC6
1955,32.73,ssp370,MIROC6
1956,33.1,ssp370,MIROC6
1957,31.7,ssp370,MIROC6
1958,32.65,ssp370,MIROC6
1959,26.84,ssp370,MIROC6
1960,31.71,ssp370,MIROC6
1961,32.66,ssp370,MIROC6
1962,30.8,ssp370,MIROC6
1963,27.77,ssp370,MIROC6
1964,27.89,ssp370,MIROC6
1965,23.92,ssp370,MIROC6
1966,28.72,ssp370,MIROC6
1967,31.13,ssp370,MIROC6
1968,31.09,ssp370,MIROC6
1969,29.94,ssp370,MIROC6
1970,31.32,ssp370,MIROC6
1971,29.41,ssp370,MIROC6
1972,29.75,ssp370,MIROC6
1973,30.27,ssp370,MIROC6
1974,31.5,ssp370,MIROC6
1975,30.55,ssp370,MIROC6
1976,31.7,ssp370,MIROC6
1977,27.87,ssp370,MIROC6
1978,30.45,ssp370,MIROC6
1979,27.24,ssp370,MIROC6
1980,28.33,ssp370,MIROC6
1981,27.67,ssp370,MIROC6
1982,29.68,ssp370,MIROC6
1983,32.77,ssp370,MIROC6
1984,31.76,ssp370,MIROC6
1985,30.32,ssp370,MIROC6
1986,26.73,ssp370,MIROC6
1987,32.21,ssp370,MIROC6
1988,34.07,ssp370,MIROC6
1989,29.56,ssp370,MIROC6
1990,30.99,ssp370,MIROC6
1991,30.82,ssp370,MIROC6
1992,29.53,ssp370,MIROC6
1993,34.43,ssp370,MIROC6
1994,31.13,ssp370,MIROC6
1995,25.55,ssp370,MIROC6
1996,24.8,ssp370,MIROC6
1997,32.18,ssp370,MIROC6
1998,35.29,ssp370,MIROC6
1999,33.49,ssp370,MIROC6
2000,28.1,ssp370,MIROC6
2001,26.55,ssp370,MIROC6
2002,25.66,ssp370,MIROC6
2003,36.05,ssp370,MIROC6
2004,32.34,ssp370,MIROC6
2005,28.48,ssp370,MIROC6
2006,27.62,ssp370,MIROC6
2007,32.01,ssp370,MIROC6
2008,34.65,ssp370,MIROC6
2009,32.44,ssp370,MIROC6
2010,31.16,ssp370,MIROC6
2011,28.36,ssp370,MIROC6
2012,27.86,ssp370,MIROC6
2013,31.48,ssp370,MIROC6
2014,29.24,ssp370,MIROC6
2015,30.21,ssp370,MIROC6
2016,26.99,ssp370,MIROC6
2017,28.56,ssp370,MIROC6
2018,29.97,ssp370,MIROC6
2019,29.68,ssp370,MIROC6
2020,33.13,ssp370,MIROC6
2021,34.47,ssp370,MIROC6
2022,30.43,ssp370,MIROC6
2023,29.35,ssp370,MIROC6
2024,27.59,ssp370,MIROC6
2025,30.01,ssp370,MIROC6
2026,33.78,ssp370,MIROC6
2027,30.29,ssp370,MIROC6
2028,27.81,ssp370,MIROC6
2029,29.72,ssp370,MIROC6
2030,37.68,ssp370,MIROC6
2031,31.13,ssp370,MIROC6
2032,33.3,ssp370,MIROC6
2033,34.82,ssp370,MIROC6
2034,31.85,ssp370,MIROC6
2035,32.85,ssp370,MIROC6
2036,34.72,ssp370,MIROC6
2037,32.13,ssp370,MIROC6
2038,33.33,ssp370,MIROC6
2039,28.62,ssp370,MIROC6
2040,29.52,ssp370,MIROC6
2041,28.11,ssp370,MIROC6
2042,29.06,ssp370,MIROC6
2043,30.49,ssp370,MIROC6
2044,30.87,ssp370,MIROC6
2045,32.37,ssp370,MIROC6
2046,33.76,ssp370,MIROC6
2047,30.58,ssp370,MIROC6
2048,30.56,ssp370,MIROC6
2049,31.98,ssp370,MIROC6
2050,34.78,ssp370,MIROC6
2051,33.88,ssp370,MIROC6
2052,34.28,ssp370,MIROC6
2053,28.48,ssp370,MIROC6
2054,34.15,ssp370,MIROC6
2055,39.27,ssp370,MIROC6
2056,33.86,ssp370,MIROC6
2057,31.69,ssp370,MIROC6
2058,27.12,ssp370,MIROC6
2059,31.75,ssp370,MIROC6
2060,28.53,ssp370,MIROC6
2061,31.58,ssp370,MIROC6
2062,30.8,ssp370,MIROC6
2063,32.96,ssp370,MIROC6
2064,32.38,ssp370,MIROC6
2065,30.34,ssp370,MIROC6
2066,28.89,ssp370,MIROC6
2067,31.59,ssp370,MIROC6
2068,33.73,ssp370,MIROC6
2069,33.23,ssp370,MIROC6
2070,31.83,ssp370,MIROC6
2071,27.22,ssp370,MIROC6
2072,28.8,ssp370,MIROC6
2073,29.97,ssp370,MIROC6
2074,35.81,ssp370,MIROC6
2075,31.18,ssp370,MIROC6
2076,31.31,ssp370,MIROC6
2077,34.87,ssp370,MIROC6
2078,40.31,ssp370,MIROC6
2079,37.84,ssp370,MIROC6
2080,32.98,ssp370,MIROC6
2081,30.8,ssp370,MIROC6
2082,30.81,ssp370,MIROC6
2083,35.49,ssp370,MIROC6
2084,34.66,ssp370,MIROC6
2085,33.74,ssp370,MIROC6
2086,34.73,ssp370,MIROC6
2087,32.5,ssp370,MIROC6
2088,31.78,ssp370,MIROC6
2089,29.38,ssp370,MIROC6
2090,33.44,ssp370,MIROC6
2091,32.73,ssp370,MIROC6
2092,33.31,ssp370,MIROC6
2093,29.93,ssp370,MIROC6
2094,30.98,ssp370,MIROC6
2095,37.06,ssp370,MIROC6
2096,33.19,ssp370,MIROC6
2097,30.09,ssp370,MIROC6
2098,30.39,ssp370,MIROC6
2099,36.03,ssp370,MIROC6
2100,32.42,ssp370,MIROC6
1950,30.02,ssp370,MPI-ESM1-2-HR
1951,31.08,ssp370,MPI-ESM1-2-HR
1952,28.28,ssp370,MPI-ESM1-2-HR
1953,31.0,ssp370,MPI-ESM1-2-HR
1954,26.27,ssp370,MPI-ESM1-2-HR
1955,29.07,ssp370,MPI-ESM1-2-HR
1956,28.8,ssp370,MPI-ESM1-2-HR
1957,26.34,ssp370,MPI-ESM1-2-HR
1958,29.42,ssp370,MPI-ESM1-2-HR
1959,30.66,ssp370,MPI-ESM1-2-HR
1960,27.82,ssp370,MPI-ESM1-2-HR
1961,28.22,ssp370,MPI-ESM1-2-HR
1962,33.8,ssp370,MPI-ESM1-2-HR
1963,29.57,ssp370,MPI-ESM1-2-HR
1964,31.03,ssp370,MPI-ESM1-2-HR
1965,31.39,ssp370,MPI-ESM1-2-HR
1966,26.9,ssp370,MPI-ESM1-2-HR
1967,25.6,ssp370,MPI-ESM1-2-HR
1968,27.15,ssp370,MPI-ESM1-2-HR
1969,28.13,ssp370,MPI-ESM1-2-HR
1970,32.04,ssp370,MPI-ESM1-2-HR
1971,27.06,ssp370,MPI-ESM1-2-HR
1972,29.48,ssp370,MPI-ESM1-2-HR
1973,27.82,ssp370,MPI-ESM1-2-HR
1974,29.03,ssp370,MPI-ESM1-2-HR
1975,28.25,ssp370,MPI-ESM1-2-HR
1976,34.35,ssp370,MPI-ESM1-2-HR
1977,30.7,ssp370,MPI-ESM1-2-HR
1978,30.6,ssp370,MPI-ESM1-2-HR
1979,33.88,ssp370,MPI-ESM1-2-HR
1980,29.09,ssp370,MPI-ESM1-2-HR
1981,31.1,ssp370,MPI-ESM1-2-HR
1982,31.45,ssp370,MPI-ESM1-2-HR
1983,29.45,ssp370,MPI-ESM1-2-HR
1984,32.3,ssp370,MPI-ESM1-2-HR
1985,33.17,ssp370,MPI-ESM1-2-HR
1986,32.99,ssp370,MPI-ESM1-2-HR
1987,31.55,ssp370,MPI-ESM1-2-HR
1988,31.68,ssp370,MPI-ESM1-2-HR
1989,29.06,ssp370,MPI-ESM1-2-HR
1990,27.63,ssp370,MPI-ESM1-2-HR
1991,31.08,ssp370,MPI-ESM1-2-HR
1992,30.01,ssp370,MPI-ESM1-2-HR
1993,30.95,ssp370,MPI-ESM1-2-HR
1994,34.93,ssp370,MPI-ESM1-2-HR
1995,31.03,ssp370,MPI-ESM1-2-HR
1996,26.48,ssp370,MPI-ESM1-2-HR
1997,27.36,ssp370,MPI-ESM1-2-HR
1998,29.13,ssp370,MPI-ESM1-2-HR
1999,34.14,ssp370,MPI-ESM1-2-HR
2000,33.92,ssp370,MPI-ESM1-2-HR
2001,32.84,ssp370,MPI-ESM1-2-HR
2002,29.44,ssp370,MPI-ESM1-2-HR
2003,29.33,ssp370,MPI-ESM1-2-HR
2004,29.35,ssp370,MPI-ESM1-2-HR
2005,30.53,ssp370,MPI-ESM1-2-HR
2006,28.37,ssp370,MPI-ESM1-2-HR
2007,30.61,ssp370,MPI-ESM1-2-HR
2008,28.57,ssp370,MPI-ESM1-2-HR
2009,28.01,ssp370,MPI-ESM1-2-HR
2010,30.48,ssp370,MPI-ESM1-2-HR
2011,35.38,ssp370,MPI-ESM1-2-HR
2012,31.78,ssp370,MPI-ESM1-2-HR
2013,32.45,ssp370,MPI-ESM1-2-HR
2014,29.03,ssp370,MPI-ESM1-2-HR
2015,30.24,ssp370,MPI-ESM1-2-HR
2016,27.66,ssp370,MPI-ESM1-2-HR
2017,33.89,ssp370,MPI-ESM1-2-HR
2018,36.94,ssp370,MPI-ESM1-2-HR
2019,32.58,ssp370,MPI-ESM1-2-HR
2020,27.04,ssp370,MPI-ESM1-2-HR
2021,28.24,ssp370,MPI-ESM1-2-HR
2022,30.75,ssp370,MPI-ESM1-2-HR
2023,28.32,ssp370,MPI-ESM1-2-HR
2024,26.86,ssp370,MPI-ESM1-2-HR
2025,28.63,ssp370,MPI-ESM1-2-HR
2026,37.47,ssp370,MPI-ESM1-2-HR
2027,34.22,ssp370,MPI-ESM1-2-HR
2028,28.83,ssp370,MPI-ESM1-2-HR
2029,32.19,ssp370,MPI-ESM1-2-HR
2030,28.23,ssp370,MPI-ESM1-2-HR
2031,31.2,ssp370,MPI-ESM1-2-HR
2032,28.76,ssp370,MPI-ESM1-2-HR
2033,33.46,ssp370,MPI-ESM1-2-HR
2034,29.8,ssp370,MPI-ESM1-2-HR
2035,30.82,ssp370,MPI-ESM1-2-HR
2036,27.45,ssp370,MPI-ESM1-2-HR
2037,31.95,ssp370,MPI-ESM1-2-HR
2038,28.64,ssp370,MPI-ESM1-2-HR
2039,29.06,ssp370,MPI-ESM1-2-HR
2040,27.59,ssp370,MPI-ESM1-2-HR
2041,28.46,ssp370,MPI-ESM1-2-HR
2042,28.74,ssp370,MPI-ESM1-2-HR
2043,36.57,ssp370,MPI-ESM1-2-HR
2044,27.41,ssp370,MPI-ESM1-2-HR
2045,28.21,ssp370,MPI-ESM1-2-HR
2046,31.62,ssp370,MPI-ESM1-2-HR
2047,31.01,ssp370,MPI-ESM1-2-HR
2048,32.24,ssp370,MPI-ESM1-2-HR
2049,31.07,ssp370,MPI-ESM1-2-HR
2050,28.72,ssp370,MPI-ESM1-2-HR
2051,31.65,ssp370,MPI-ESM1-2-HR
2052,31.51,ssp370,MPI-ESM1-2-HR
2053,27.12,ssp370,MPI-ESM1-2-HR
2054,33.85,ssp370,MPI-ESM1-2-HR
2055,30.64,ssp370,MPI-ESM1-2-HR
2056,29.84,ssp370,MPI-ESM1-2-HR
2057,30.46,ssp370,MPI-ESM1-2-HR
2058,31.66,ssp370,MPI-ESM1-2-HR
2059,27.27,ssp370,MPI-ESM1-2-HR
2060,31.18,ssp370,MPI-ESM1-2-HR
2061,34.84,ssp370,MPI-ESM1-2-HR
2062,28.1,ssp370,MPI-ESM1-2-HR
2063,28.8,ssp370,MPI-ESM1-2-HR
2064,28.21,ssp370,MPI-ESM1-2-HR
2065,30.19,ssp370,MPI-ESM1-2-HR
2066,29.43,ssp370,MPI-ESM1-2-HR
2067,30.62,ssp370,MPI-ESM1-2-HR
2068,27.61,ssp370,MPI-ESM1-2-HR
2069,25.62,ssp370,MPI-ESM1-2-HR
2070,29.32,ssp370,MPI-ESM1-2-HR
2071,29.36,ssp370,MPI-ESM1-2-HR
2072,33.19,ssp370,MPI-ESM1-2-HR
2073,30.01,ssp370,MPI-ESM1-2-HR
2074,32.84,ssp370,MPI-ESM1-2-HR
2075,37.41,ssp370,MPI-ESM1-2-HR
2076,32.69,ssp370,MPI-ESM1-2-HR
2077,32.86,ssp370,MPI-ESM1-2-HR
2078,38.24,ssp370,MPI-ESM1-2-HR
2079,35.63,ssp370,MPI-ESM1-2-HR
2080,27.68,ssp370,MPI-ESM1-2-HR
2081,33.57,ssp370,MPI-ESM1-2-HR
2082,33.52,ssp370,MPI-ESM1-2-HR
2083,32.6,ssp370,MPI-ESM1-2-HR
2084,30.53,ssp370,MPI-ESM1-2-HR
2085,33.72,ssp370,MPI-ESM1-2-HR
2086,30.24,ssp370,MPI-ESM1-2-HR
2087,27.84,ssp370,MPI-ESM1-2-HR
2088,35.55,ssp370,MPI-ESM1-2-HR
2089,31.53,ssp370,MPI-ESM1-2-HR
2090,24.08,ssp370,MPI-ESM1-2-HR
2091,24.96,ssp370,MPI-ESM1-2-HR
2092,27.46,ssp370,MPI-ESM1-2-HR
2093,32.4,ssp370,MPI-ESM1-2-HR
2094,33.84,ssp370,MPI-ESM1-2-HR
2095,31.04,ssp370,MPI-ESM1-2-HR
2096,28.63,ssp370,MPI-ESM1-2-HR
2097,28.94,ssp370,MPI-ESM1-2-HR
2098,33.44,ssp370,MPI-ESM1-2-HR
2099,28.81,ssp370,MPI-ESM1-2-HR
2100,33.2,ssp370,MPI-ESM1-2-HR
1950,32.64,ssp370,MPI-ESM1-2-LR
1951,32.43,ssp370,MPI-ESM1-2-LR
1952,32.64,ssp370,MPI-ESM1-2-LR
1953,34.13,ssp370,MPI-ESM1-2-LR
1954,30.36,ssp370,MPI-ESM1-2-LR
1955,27.09,ssp370,MPI-ESM1-2-LR
1956,27.07,ssp370,MPI-ESM1-2-LR
1957,27.85,ssp370,MPI-ESM1-2-LR
1958,24.8,ssp370,MPI-ESM1-2-LR
1959,29.45,ssp370,MPI-ESM1-2-LR
1960,34.73,ssp370,MPI-ESM1-2-LR
1961,35.3,ssp370,MPI-ESM1-2-LR
1962,30.33,ssp370,MPI-ESM1-2-LR
1963,29.78,ssp370,MPI-ESM1-2-LR
1964,30.73,ssp370,MPI-ESM1-2-LR
1965,28.76,ssp370,MPI-ESM1-2-LR
1966,36.27,ssp370,MPI-ESM1-2-LR
1967,26.87,ssp370,MPI-ESM1-2-LR
1968,31.09,ssp370,MPI-ESM1-2-LR
1969,34.16,ssp370,MPI-ESM1-2-LR
1970,29.78,ssp370,MPI-ESM1-2-LR
1971,26.88,ssp370,MPI-ESM1-2-LR
1972,35.95,ssp370,MPI-ESM1-2-LR
1973,33.09,ssp370,MPI-ESM1-2-LR
1974,31.95,ssp370,MPI-ESM1-2-LR
1975,28.78,ssp370,MPI-ESM1-2-LR
1976,28.71,ssp370,MPI-ESM1-2-LR
1977,24.7,ssp370,MPI-ESM1-2-LR
1978,25.23,ssp370,MPI-ESM1-2-LR
1979,26.94,ssp370,MPI-ESM1-2-LR
1980,28.97,ssp370,MPI-ESM1-2-LR
1981,28.27,ssp370,MPI-ESM1-2-LR
1982,29.7,ssp370,MPI-ESM1-2-LR
1983,33.45,ssp370,MPI-ESM1-2-LR
1984,30.78,ssp370,MPI-ESM1-2-LR
1985,28.23,ssp370,MPI-ESM1-2-LR
1986,32.9,ssp370,MPI-ESM1-2-LR
1987,22.59,ssp370,MPI-ESM1-2-LR
1988,32.36,ssp370,MPI-ESM1-2-LR
1989,24.25,ssp370,MPI-ESM1-2-LR
1990,30.92,ssp370,MPI-ESM1-2-LR
1991,30.71,ssp370,MPI-ESM1-2-LR
1992,32.11,ssp370,MPI-ESM1-2-LR
1993,30.93,ssp370,MPI-ESM1-2-LR
1994,24.92,ssp370,MPI-ESM1-2-LR
1995,30.21,ssp370,MPI-ESM1-2-LR
1996,30.5,ssp370,MPI-ESM1-2-LR
1997,34.6,ssp370,MPI-ESM1-2-LR
1998,33.79,ssp370,MPI-ESM1-2-LR
1999,32.26,ssp370,MPI-ESM1-2-LR
2000,28.24,ssp370,MPI-ESM1-2-LR
2001,27.43,ssp370,MPI-ESM1-2-LR
2002,30.06,ssp370,MPI-ESM1-2-LR
2003,34.06,ssp370,MPI-ESM1-2-LR
2004,28.67,ssp370,MPI-ESM1-2-LR
2005,25.65,ssp370,MPI-ESM1-2-LR
2006,28.35,ssp370,MPI-ESM1-2-LR
2007,28.61,ssp370,MPI-ESM1-2-LR
2008,28.18,ssp370,MPI-ESM1-2-LR
2009,32.88,ssp370,MPI-ESM1-2-LR
2010,28.28,ssp370,MPI-ESM1-2-LR
2011,30.93,ssp370,MPI-ESM1-2-LR
2012,35.54,ssp370,MPI-ESM1-2-LR
2013,34.27,ssp370,MPI-ESM1-2-LR
2014,28.82,ssp370,MPI-ESM1-2-LR
2015,31.02,ssp370,MPI-ESM1-2-LR
2016,34.11,ssp370,MPI-ESM1-2-LR
2017,34.57,ssp370,MPI-ESM1-2-LR
2018,31.53,ssp370,MPI-ESM1-2-LR
2019,36.89,ssp370,MPI-ESM1-2-LR
2020,36.68,ssp370,MPI-ESM1-2-LR
2021,32.61,ssp370,MPI-ESM1-2-LR
2022,35.11,ssp370,MPI-ESM1-2-LR
2023,29.53,ssp370,MPI-ESM1-2-LR
2024,37.21,ssp370,MPI-ESM1-2-LR
2025,30.99,ssp370,MPI-ESM1-2-LR
2026,31.62,ssp370,MPI-ESM1-2-LR
2027,28.13,ssp370,MPI-ESM1-2-LR
2028,32.11,ssp370,MPI-ESM1-2-LR
2029,31.79,ssp370,MPI-ESM1-2-LR
2030,28.3,ssp370,MPI-ESM1-2-LR
2031,30.26,ssp370,MPI-ESM1-2-LR
2032,32.86,ssp370,MPI-ESM1-2-LR
2033,34.94,ssp370,MPI-ESM1-2-LR
2034,25.98,ssp370,MPI-ESM1-2-LR
2035,28.48,ssp370,MPI-ESM1-2-LR
2036,28.72,ssp370,MPI-ESM1-2-LR
2037,32.27,ssp370,MPI-ESM1-2-LR
2038,29.18,ssp370,MPI-ESM1-2-LR
2039,34.85,ssp370,MPI-ESM1-2-LR
2040,27.62,ssp370,MPI-ESM1-2-LR
2041,28.5,ssp370,MPI-ESM1-2-LR
2042,31.62,ssp370,MPI-ESM1-2-LR
2043,35.14,ssp370,MPI-ESM1-2-LR
2044,34.24,ssp370,MPI-ESM1-2-LR
2045,36.0,ssp370,MPI-ESM1-2-LR
2046,35.11,ssp370,MPI-ESM1-2-LR
2047,26.82,ssp370,MPI-ESM1-2-LR
2048,30.59,ssp370,MPI-ESM1-2-LR
2049,32.83,ssp370,MPI-ESM1-2-LR
2050,26.93,ssp370,MPI-ESM1-2-LR
2051,35.37,ssp370,MPI-ESM1-2-LR
2052,29.63,ssp370,MPI-ESM1-2-LR
2053,29.44,ssp370,MPI-ESM1-2-LR
2054,30.61,ssp370,MPI-ESM1-2-LR
2055,34.62,ssp370,MPI-ESM1-2-LR
2056,34.42,ssp370,MPI-ESM1-2-LR
2057,29.28,ssp370,MPI-ESM1-2-LR
2058,28.26,ssp370,MPI-ESM1-2-LR
2059,28.96,ssp370,MPI-ESM1-2-LR
2060,27.82,ssp370,MPI-ESM1-2-LR
2061,33.07,ssp370,MPI-ESM1-2-LR
2062,36.65,ssp370,MPI-ESM1-2-LR
2063,29.09,ssp370,MPI-ESM1-2-LR
2064,29.11,ssp370,MPI-ESM1-2-LR
2065,31.02,ssp370,MPI-ESM1-2-LR
2066,29.08,ssp370,MPI-ESM1-2-LR
2067,28.05,ssp370,MPI-ESM1-2-LR
2068,27.42,ssp370,MPI-ESM1-2-LR
2069,36.34,ssp370,MPI-ESM1-2-LR
2070,34.19,ssp370,MPI-ESM1-2-LR
2071,27.2,ssp370,MPI-ESM1-2-LR
2072,25.34,ssp370,MPI-ESM1-2-LR
2073,35.02,ssp370,MPI-ESM1-2-LR
2074,41.13,ssp370,MPI-ESM1-2-LR
2075,31.29,ssp370,MPI-ESM1-2-LR
2076,30.05,ssp370,MPI-ESM1-2-LR
2077,28.5,ssp370,MPI-ESM1-2-LR
2078,31.04,ssp370,MPI-ESM1-2-LR
2079,32.42,ssp370,MPI-ESM1-2-LR
2080,29.13,ssp370,MPI-ESM1-2-LR
2081,29.92,ssp370,MPI-ESM1-2-LR
2082,28.32,ssp370,MPI-ESM1-2-LR
2083,29.87,ssp370,MPI-ESM1-2-LR
2084,27.49,ssp370,MPI-ESM1-2-LR
2085,31.77,ssp370,MPI-ESM1-2-LR
2086,36.03,ssp370,MPI-ESM1-2-LR
2087,29.08,ssp370,MPI-ESM1-2-LR
2088,32.46,ssp370,MPI-ESM1-2-LR
2089,29.88,ssp370,MPI-ESM1-2-LR
2090,31.1,ssp370,MPI-ESM1-2-LR
2091,29.83,ssp370,MPI-ESM1-2-LR
2092,27.33,ssp370,MPI-ESM1-2-LR
2093,28.67,ssp370,MPI-ESM1-2-LR
2094,29.51,ssp370,MPI-ESM1-2-LR
2095,30.0,ssp370,MPI-ESM1-2-LR
2096,31.05,ssp370,MPI-ESM1-2-LR
2097,34.41,ssp370,MPI-ESM1-2-LR
2098,31.73,ssp370,MPI-ESM1-2-LR
2099,26.74,ssp370,MPI-ESM1-2-LR
2100,24.14,ssp370,MPI-ESM1-2-LR
1950,32.57,ssp370,MRI-ESM2-0
1951,31.39,ssp370,MRI-ESM2-0
1952,27.37,ssp370,MRI-ESM2-0
1953,23.02,ssp370,MRI-ESM2-0
1954,31.75,ssp370,MRI-ESM2-0
1955,34.15,ssp370,MRI-ESM2-0
1956,26.77,ssp370,MRI-ESM2-0
1957,26.15,ssp370,MRI-ESM2-0
1958,29.79,ssp370,MRI-ESM2-0
1959,29.06,ssp370,MRI-ESM2-0
1960,29.45,ssp370,MRI-ESM2-0
1961,27.29,ssp370,MRI-ESM2-0
1962,32.31,ssp370,MRI-ESM2-0
1963,30.33,ssp370,MRI-ESM2-0
1964,31.58,ssp370,MRI-ESM2-0
1965,29.91,ssp370,MRI-ESM2-0
1966,30.87,ssp370,MRI-ESM2-0
1967,31.22,ssp370,MRI-ESM2-0
1968,27.25,ssp370,MRI-ESM2-0
1969,27.72,ssp370,MRI-ESM2-0
1970,31.17,ssp370,MRI-ESM2-0
1971,31.02,ssp370,MRI-ESM2-0
1972,29.28,ssp370,MRI-ESM2-0
1973,31.12,ssp370,MRI-ESM2-0
1974,35.91,ssp370,MRI-ESM2-0
1975,32.04,ssp370,MRI-ESM2-0
1976,25.94,ssp370,MRI-ESM2-0
1977,25.3,ssp370,MRI-ESM2-0
1978,32.98,ssp370,MRI-ESM2-0
1979,29.45,ssp370,MRI-ESM2-0
1980,31.36,ssp370,MRI-ESM2-0
1981,29.29,ssp370,MRI-ESM2-0
1982,32.31,ssp370,MRI-ESM2-0
1983,29.68,ssp370,MRI-ESM2-0
1984,29.37,ssp370,MRI-ESM2-0
1985,31.45,ssp370,MRI-ESM2-0
1986,31.93,ssp370,MRI-ESM2-0
1987,27.89,ssp370,MRI-ESM2-0
1988,35.04,ssp370,MRI-ESM2-0
1989,28.76,ssp370,MRI-ESM2-0
1990,31.3,ssp370,MRI-ESM2-0
1991,31.45,ssp370,MRI-ESM2-0
1992,28.67,ssp370,MRI-ESM2-0
1993,30.61,ssp370,MRI-ESM2-0
1994,30.61,ssp370,MRI-ESM2-0
1995,31.22,ssp370,MRI-ESM2-0
1996,28.16,ssp370,MRI-ESM2-0
1997,33.68,ssp370,MRI-ESM2-0
1998,30.6,ssp370,MRI-ESM2-0
1999,31.48,ssp370,MRI-ESM2-0
2000,29.72,ssp370,MRI-ESM2-0
2001,31.32,ssp370,MRI-ESM2-0
2002,27.08,ssp370,MRI-ESM2-0
2003,29.27,ssp370,MRI-ESM2-0
2004,31.94,ssp370,MRI-ESM2-0
2005,35.57,ssp370,MRI-ESM2-0
2006,32.21,ssp370,MRI-ESM2-0
2007,30.97,ssp370,MRI-ESM2-0
2008,33.76,ssp370,MRI-ESM2-0
2009,30.15,ssp370,MRI-ESM2-0
2010,25.18,ssp370,MRI-ESM2-0
2011,29.19,ssp370,MRI-ESM2-0
2012,31.57,ssp370,MRI-ESM2-0
2013,30.97,ssp370,MRI-ESM2-0
2014,30.37,ssp370,MRI-ESM2-0
2015,30.14,ssp370,MRI-ESM2-0
2016,31.95,ssp370,MRI-ESM2-0
2017,33.54,ssp370,MRI-ESM2-0
2018,36.21,ssp370,MRI-ESM2-0
2019,33.86,ssp370,MRI-ESM2-0
2020,29.25,ssp370,MRI-ESM2-0
2021,31.96,ssp370,MRI-ESM2-0
2022,33.2,ssp370,MRI-ESM2-0
2023,31.81,ssp370,MRI-ESM2-0
2024,28.94,ssp370,MRI-ESM2-0
2025,34.54,ssp370,MRI-ESM2-0
2026,35.54,ssp370,MRI-ESM2-0
2027,33.65,ssp370,MRI-ESM2-0
2028,31.39,ssp370,MRI-ESM2-0
2029,33.3,ssp370,MRI-ESM2-0
2030,32.46,ssp370,MRI-ESM2-0
2031,34.88,ssp370,MRI-ESM2-0
2032,29.76,ssp370,MRI-ESM2-0
2033,32.21,ssp370,MRI-ESM2-0
2034,31.45,ssp370,MRI-ESM2-0
2035,34.28,ssp370,MRI-ESM2-0
2036,35.47,ssp370,MRI-ESM2-0
2037,33.28,ssp370,MRI-ESM2-0
2038,29.88,ssp370,MRI-ESM2-0
2039,31.63,ssp370,MRI-ESM2-0
2040,35.48,ssp370,MRI-ESM2-0
2041,32.26,ssp370,MRI-ESM2-0
2042,35.63,ssp370,MRI-ESM2-0
2043,33.01,ssp370,MRI-ESM2-0
2044,32.41,ssp370,MRI-ESM2-0
2045,31.4,ssp370,MRI-ESM2-0
2046,33.38,ssp370,MRI-ESM2-0
2047,34.54,ssp370,MRI-ESM2-0
2048,33.99,ssp370,MRI-ESM2-0
2049,32.65,ssp370,MRI-ESM2-0
2050,36.1,ssp370,MRI-ESM2-0
2051,34.85,ssp370,MRI-ESM2-0
2052,35.49,ssp370,MRI-ESM2-0
2053,30.67,ssp370,MRI-ESM2-0
2054,31.31,ssp370,MRI-ESM2-0
2055,32.77,ssp370,MRI-ESM2-0
2056,33.71,ssp370,MRI-ESM2-0
2057,36.8,ssp370,MRI-ESM2-0
2058,37.49,ssp370,MRI-ESM2-0
2059,32.92,ssp370,MRI-ESM2-0
2060,29.35,ssp370,MRI-ESM2-0
2061,35.16,ssp370,MRI-ESM2-0
2062,35.68,ssp370,MRI-ESM2-0
2063,26.62,ssp370,MRI-ESM2-0
2064,29.64,ssp370,MRI-ESM2-0
2065,29.48,ssp370,MRI-ESM2-0
2066,33.18,ssp370,MRI-ESM2-0
2067,33.25,ssp370,MRI-ESM2-0
2068,33.51,ssp370,MRI-ESM2-0
2069,38.09,ssp370,MRI-ESM2-0
2070,35.79,ssp370,MRI-ESM2-0
2071,37.02,ssp370,MRI-ESM2-0
2072,35.42,ssp370,MRI-ESM2-0
2073,32.97,ssp370,MRI-ESM2-0
2074,36.89,ssp370,MRI-ESM2-0
2075,34.44,ssp370,MRI-ESM2-0
2076,34.5,ssp370,MRI-ESM2-0
2077,34.9,ssp370,MRI-ESM2-0
2078,36.37,ssp370,MRI-ESM2-0
2079,33.31,ssp370,MRI-ESM2-0
2080,35.19,ssp370,MRI-ESM2-0
2081,38.41,ssp370,MRI-ESM2-0
2082,38.78,ssp370,MRI-ESM2-0
2083,33.92,ssp370,MRI-ESM2-0
2084,35.58,ssp370,MRI-ESM2-0
2085,36.47,ssp370,MRI-ESM2-0
2086,38.58,ssp370,MRI-ESM2-0
2087,35.94,ssp370,MRI-ESM2-0
2088,33.72,ssp370,MRI-ESM2-0
2089,34.01,ssp370,MRI-ESM2-0
2090,36.41,ssp370,MRI-ESM2-0
2091,33.83,ssp370,MRI-ESM2-0
2092,36.97,ssp370,MRI-ESM2-0
2093,35.36,ssp370,MRI-ESM2-0
2094,37.48,ssp370,MRI-ESM2-0
2095,39.27,ssp370,MRI-ESM2-0
2096,37.95,ssp370,MRI-ESM2-0
2097,33.72,ssp370,MRI-ESM2-0
2098,34.59,ssp370,MRI-ESM2-0
2099,38.17,ssp370,MRI-ESM2-0
2100,32.79,ssp370,MRI-ESM2-0
1950,29.56,ssp370,NorESM2-LM
1951,33.2,ssp370,NorESM2-LM
1952,27.61,ssp370,NorESM2-LM
1953,24.98,ssp370,NorESM2-LM
1954,33.03,ssp370,NorESM2-LM
1955,30.34,ssp370,NorESM2-LM
1956,25.57,ssp370,NorESM2-LM
1957,29.3,ssp370,NorESM2-LM
1958,31.26,ssp370,NorESM2-LM
1959,28.63,ssp370,NorESM2-LM
1960,27.93,ssp370,NorESM2-LM
1961,25.59,ssp370,NorESM2-LM
1962,33.88,ssp370,NorESM2-LM
1963,28.31,ssp370,NorESM2-LM
1964,30.89,ssp370,NorESM2-LM
1965,32.97,ssp370,NorESM2-LM
1966,35.36,ssp370,NorESM2-LM
1967,25.97,ssp370,NorESM2-LM
1968,26.31,ssp370,NorESM2-LM
1969,29.38,ssp370,NorESM2-LM
1970,34.38,ssp370,NorESM2-LM
1971,29.22,ssp370,NorESM2-LM
1972,31.33,ssp370,NorESM2-LM
1973,29.29,ssp370,NorESM2-LM
1974,27.92,ssp370,NorESM2-LM
1975,27.37,ssp370,NorESM2-LM
1976,32.05,ssp370,NorESM2-LM
1977,32.61,ssp370,NorESM2-LM
1978,26.26,ssp370,NorESM2-LM
1979,31.36,ssp370,NorESM2-LM
1980,32.18,ssp370,NorESM2-LM
1981,32.91,ssp370,NorESM2-LM
1982,33.35,ssp370,NorESM2-LM
1983,29.55,ssp370,NorESM2-LM
1984,28.68,ssp370,NorESM2-LM
1985,27.28,ssp370,NorESM2-LM
1986,33.34,ssp370,NorESM2-LM
1987,27.3,ssp370,NorESM2-LM
1988,32.41,ssp370,NorESM2-LM
1989,32.96,ssp370,NorESM2-LM
1990,30.49,ssp370,NorESM2-LM
1991,33.07,ssp370,NorESM2-LM
1992,28.07,ssp370,NorESM2-LM
1993,24.34,ssp370,NorESM2-LM
1994,27.74,ssp370,NorESM2-LM
1995,30.31,ssp370,NorESM2-LM
1996,30.42,ssp370,NorESM2-LM
1997,32.46,ssp370,NorESM2-LM
1998,32.02,ssp370,NorESM2-LM
1999,31.34,ssp370,NorESM2-LM
2000,33.8,ssp370,NorESM2-LM
2001,30.44,ssp370,NorESM2-LM
2002,27.43,ssp370,NorESM2-LM
2003,29.04,ssp370,NorESM2-LM
2004,33.9,ssp370,NorESM2-LM
2005,26.75,ssp370,NorESM2-LM
2006,27.18,ssp370,NorESM2-LM
2007,34.57,ssp370,NorESM2-LM
2008,30.41,ssp370,NorESM2-LM
2009,34.86,ssp370,NorESM2-LM
2010,32.52,ssp370,NorESM2-LM
2011,31.59,ssp370,NorESM2-LM
2012,27.65,ssp370,NorESM2-LM
2013,35.72,ssp370,NorESM2-LM
2014,32.54,ssp370,NorESM2-LM
2015,24.76,ssp370,NorESM2-LM
2016,36.35,ssp370,NorESM2-LM
2017,38.02,ssp370,NorESM2-LM
2018,33.22,ssp370,NorESM2-LM
2019,33.13,ssp370,NorESM2-LM
2020,29.38,ssp370,NorESM2-LM
2021,30.86,ssp370,NorESM2-LM
2022,29.97,ssp370,NorESM2-LM
2023,29.46,ssp370,NorESM2-LM
2024,18.46,ssp370,NorESM2-LM
2025,22.81,ssp370,NorESM2-LM
2026,30.58,ssp370,NorESM2-LM
2027,36.77,ssp370,NorESM2-LM
2028,31.9,ssp370,NorESM2-LM
2029,22.42,ssp370,NorESM2-LM
2030,25.68,ssp370,NorESM2-LM
2031,28.26,ssp370,NorESM2-LM
2032,31.87,ssp370,NorESM2-LM
2033,35.05,ssp370,NorESM2-LM
2034,34.52,ssp370,NorESM2-LM
2035,26.57,ssp370,NorESM2-LM
2036,30.5,ssp370,NorESM2-LM
2037,32.71,ssp370,NorESM2-LM
2038,31.99,ssp370,NorESM2-LM
2039,28.26,ssp370,NorESM2-LM
2040,33.69,ssp370,NorESM2-LM
2041,33.64,ssp370,NorESM2-LM
2042,35.71,ssp370,NorESM2-LM
2043,34.85,ssp370,NorESM2-LM
2044,28.13,ssp370,NorESM2-LM
2045,30.79,ssp370,NorESM2-LM
2046,25.42,ssp370,NorESM2-LM
2047,27.84,ssp370,NorESM2-LM
2048,34.92,ssp370,NorESM2-LM
2049,37.29,ssp370,NorESM2-LM
2050,31.38,ssp370,NorESM2-LM
2051,29.76,ssp370,NorESM2-LM
2052,30.89,ssp370,NorESM2-LM
2053,32.45,ssp370,NorESM2-LM
2054,31.86,ssp370,NorESM2-LM
2055,28.14,ssp370,NorESM2-LM
2056,32.71,ssp370,NorESM2-LM
2057,27.43,ssp370,NorESM2-LM
2058,30.98,ssp370,NorESM2-LM
2059,28.02,ssp370,NorESM2-LM
2060,30.74,ssp370,NorESM2-LM
2061,36.01,ssp370,NorESM2-LM
2062,35.54,ssp370,NorESM2-LM
2063,31.67,ssp370,NorESM2-LM
2064,25.58,ssp370,NorESM2-LM
2065,35.33,ssp370,NorESM2-LM
2066,35.77,ssp370,NorESM2-LM
2067,32.19,ssp370,NorESM2-LM
2068,24.73,ssp370,NorESM2-LM
2069,32.84,ssp370,NorESM2-LM
2070,36.61,ssp370,NorESM2-LM
2071,36.34,ssp370,NorESM2-LM
2072,34.66,ssp370,NorESM2-LM
2073,31.56,ssp370,NorESM2-LM
2074,35.72,ssp370,NorESM2-LM
2075,36.23,ssp370,NorESM2-LM
2076,31.02,ssp370,NorESM2-LM
2077,31.28,ssp370,NorESM2-LM
2078,27.23,ssp370,NorESM2-LM
2079,28.49,ssp370,NorESM2-LM
2080,41.31,ssp370,NorESM2-LM
2081,29.34,ssp370,NorESM2-LM
2082,36.73,ssp370,NorESM2-LM
2083,37.68,ssp370,NorESM2-LM
2084,37.46,ssp370,NorESM2-LM
2085,27.16,ssp370,NorESM2-LM
2086,27.58,ssp370,NorESM2-LM
2087,32.19,ssp370,NorESM2-LM
2088,35.9,ssp370,NorESM2-LM
2089,30.76,ssp370,NorESM2-LM
2090,29.79,ssp370,NorESM2-LM
2091,32.02,ssp370,NorESM2-LM
2092,37.24,ssp370,NorESM2-LM
2093,28.19,ssp370,NorESM2-LM
2094,29.15,ssp370,NorESM2-LM
2095,29.34,ssp370,NorESM2-LM
2096,33.46,ssp370,NorESM2-LM
2097,32.67,ssp370,NorESM2-LM
2098,33.09,ssp370,NorESM2-LM
2099,31.77,ssp370,NorESM2-LM
2100,33.55,ssp370,NorESM2-LM
1950,32.72,ssp370,NorESM2-MM
1951,33.26,ssp370,NorESM2-MM
1952,29.15,ssp370,NorESM2-MM
1953,32.43,ssp370,NorESM2-MM
1954,31.16,ssp370,NorESM2-MM
1955,29.21,ssp370,NorESM2-MM
1956,29.13,ssp370,NorESM2-MM
1957,27.45,ssp370,NorESM2-MM
1958,32.47,ssp370,NorESM2-MM
1959,32.89,ssp370,NorESM2-MM
1960,32.47,ssp370,NorESM2-MM
1961,32.75,ssp370,NorESM2-MM
1962,33.78,ssp370,NorESM2-MM
1963,31.12,ssp370,NorESM2-MM
1964,28.93,ssp370,NorESM2-MM
1965,31.89,ssp370,NorESM2-MM
1966,28.53,ssp370,NorESM2-MM
1967,28.07,ssp370,NorESM2-MM
1968,26.19,ssp370,NorESM2-MM
1969,29.16,ssp370,NorESM2-MM
1970,29.44,ssp370,NorESM2-MM
1971,27.91,ssp370,NorESM2-MM
1972,32.06,ssp370,NorESM2-MM
1973,28.49,ssp370,NorESM2-MM
1974,31.29,ssp370,NorESM2-MM
1975,34.59,ssp370,NorESM2-MM
1976,30.2,ssp370,NorESM2-MM
1977,36.41,ssp370,NorESM2-MM
1978,28.51,ssp370,NorESM2-MM
1979,34.51,ssp370,NorESM2-MM
1980,27.88,ssp370,NorESM2-MM
1981,26.45,ssp370,NorESM2-MM
1982,32.64,ssp370,NorESM2-MM
1983,26.19,ssp370,NorESM2-MM
1984,31.6,ssp370,NorESM2-MM
1985,27.62,ssp370,NorESM2-MM
1986,28.09,ssp370,NorESM2-MM
1987,27.38,ssp370,NorESM2-MM
1988,26.63,ssp370,NorESM2-MM
1989,30.0,ssp370,NorESM2-MM
1990,36.06,ssp370,NorESM2-MM
1991,31.82,ssp370,NorESM2-MM
1992,24.92,ssp370,NorESM2-MM
1993,27.39,ssp370,NorESM2-MM
1994,35.82,ssp370,NorESM2-MM
1995,35.11,ssp370,NorESM2-MM
1996,36.98,ssp370,NorESM2-MM
1997,29.92,ssp370,NorESM2-MM
1998,26.04,ssp370,NorESM2-MM
1999,27.46,ssp370,NorESM2-MM
2000,23.63,ssp370,NorESM2-MM
2001,28.94,ssp370,NorESM2-MM
2002,29.05,ssp370,NorESM2-MM
2003,32.97,ssp370,NorESM2-MM
2004,38.6,ssp370,NorESM2-MM
2005,34.48,ssp370,NorESM2-MM
2006,33.63,ssp370,NorESM2-MM
2007,27.95,ssp370,NorESM2-MM
2008,27.73,ssp370,NorESM2-MM
2009,28.13,ssp370,NorESM2-MM
2010,29.82,ssp370,NorESM2-MM
2011,28.84,ssp370,NorESM2-MM
2012,26.43,ssp370,NorESM2-MM
2013,31.04,ssp370,NorESM2-MM
2014,36.31,ssp370,NorESM2-MM
2015,33.42,ssp370,NorESM2-MM
2016,28.37,ssp370,NorESM2-MM
2017,33.6,ssp370,NorESM2-MM
2018,38.61,ssp370,NorESM2-MM
2019,35.74,ssp370,NorESM2-MM
2020,28.45,ssp370,NorESM2-MM
2021,27.09,ssp370,NorESM2-MM
2022,26.31,ssp370,NorESM2-MM
2023,31.85,ssp370,NorESM2-MM
2024,33.83,ssp370,NorESM2-MM
2025,34.94,ssp370,NorESM2-MM
2026,31.5,ssp370,NorESM2-MM
2027,36.04,ssp370,NorESM2-MM
2028,35.97,ssp370,NorESM2-MM
2029,33.72,ssp370,NorESM2-MM
2030,30.51,ssp370,NorESM2-MM
2031,30.12,ssp370,NorESM2-MM
2032,33.01,ssp370,NorESM2-MM
2033,27.27,ssp370,NorESM2-MM
2034,25.04,ssp370,NorESM2-MM
2035,30.34,ssp370,NorESM2-MM
2036,35.09,ssp370,NorESM2-MM
2037,32.25,ssp370,NorESM2-MM
2038,31.09,ssp370,NorESM2-MM
2039,30.01,ssp370,NorESM2-MM
2040,30.01,ssp370,NorESM2-MM
2041,32.02,ssp370,NorESM2-MM
2042,36.63,ssp370,NorESM2-MM
2043,32.23,ssp370,NorESM2-MM
2044,29.46,ssp370,NorESM2-MM
2045,28.59,ssp370,NorESM2-MM
2046,30.37,ssp370,NorESM2-MM
2047,34.62,ssp370,NorESM2-MM
2048,27.55,ssp370,NorESM2-MM
2049,28.01,ssp370,NorESM2-MM
2050,29.34,ssp370,NorESM2-MM
2051,35.35,ssp370,NorESM2-MM
2052,34.46,ssp370,NorESM2-MM
2053,29.29,ssp370,NorESM2-MM
2054,36.72,ssp370,NorESM2-MM
2055,32.5,ssp370,NorESM2-MM
2056,37.99,ssp370,NorESM2-MM
2057,31.02,ssp370,NorESM2-MM
2058,25.76,ssp370,NorESM2-MM
2059,27.53,ssp370,NorESM2-MM
2060,34.41,ssp370,NorESM2-MM
2061,30.42,ssp370,NorESM2-MM
2062,29.25,ssp370,NorESM2-MM
2063,24.43,ssp370,NorESM2-MM
2064,32.53,ssp370,NorESM2-MM
2065,37.45,ssp370,NorESM2-MM
2066,35.26,ssp370,NorESM2-MM
2067,25.94,ssp370,NorESM2-MM
2068,34.76,ssp370,NorESM2-MM
2069,30.08,ssp370,NorESM2-MM
2070,29.97,ssp370,NorESM2-MM
2071,31.28,ssp370,NorESM2-MM
2072,37.59,ssp370,NorESM2-MM
2073,31.22,ssp370,NorESM2-MM
2074,33.2,ssp370,NorESM2-MM
2075,41.04,ssp370,NorESM2-MM
2076,36.0,ssp370,NorESM2-MM
2077,25.82,ssp370,NorESM2-MM
2078,28.82,ssp370,NorESM2-MM
2079,39.31,ssp370,NorESM2-MM
2080,35.48,ssp370,NorESM2-MM
2081,31.42,ssp370,NorESM2-MM
2082,34.25,ssp370,NorESM2-MM
2083,32.53,ssp370,NorESM2-MM
2084,29.21,ssp370,NorESM2-MM
2085,32.39,ssp370,NorESM2-MM
2086,33.75,ssp370,NorESM2-MM
2087,32.43,ssp370,NorESM2-MM
2088,32.27,ssp370,NorESM2-MM
2089,39.66,ssp370,NorESM2-MM
2090,33.05,ssp370,NorESM2-MM
2091,29.27,ssp370,NorESM2-MM
2092,33.5,ssp370,NorESM2-MM
2093,30.72,ssp370,NorESM2-MM
2094,37.85,ssp370,NorESM2-MM
2095,28.7,ssp370,NorESM2-MM
2096,29.42,ssp370,NorESM2-MM
2097,27.19,ssp370,NorESM2-MM
2098,34.83,ssp370,NorESM2-MM
2099,35.46,ssp370,NorESM2-MM
2100,37.5,ssp370,NorESM2-MM
1950,31.87,ssp585,ACCESS-CM2
1951,31.01,ssp585,ACCESS-CM2
1952,33.86,ssp585,ACCESS-CM2
1953,29.9,ssp585,ACCESS-CM2
1954,30.37,ssp585,ACCESS-CM2
1955,31.92,ssp585,ACCESS-CM2
1956,27.28,ssp585,ACCESS-CM2
1957,30.86,ssp585,ACCESS-CM2
1958,31.6,ssp585,ACCESS-CM2
1959,28.74,ssp585,ACCESS-CM2
1960,30.03,ssp585,ACCESS-CM2
1961,28.37,ssp585,ACCESS-CM2
1962,29.7,ssp585,ACCESS-CM2
1963,30.45,ssp585,ACCESS-CM2
1964,31.57,ssp585,ACCESS-CM2
1965,29.64,ssp585,ACCESS-CM2
1966,31.97,ssp585,ACCESS-CM2
1967,28.53,ssp585,ACCESS-CM2
1968,31.14,ssp585,ACCESS-CM2
1969,25.53,ssp585,ACCESS-CM2
1970,28.78,ssp585,ACCESS-CM2
1971,28.5,ssp585,ACCESS-CM2
1972,33.08,ssp585,ACCESS-CM2
1973,31.15,ssp585,ACCESS-CM2
1974,31.7,ssp585,ACCESS-CM2
1975,34.29,ssp585,ACCESS-CM2
1976,35.55,ssp585,ACCESS-CM2
1977,27.92,ssp585,ACCESS-CM2
1978,28.29,ssp585,ACCESS-CM2
1979,28.69,ssp585,ACCESS-CM2
1980,29.05,ssp585,ACCESS-CM2
1981,27.02,ssp585,ACCESS-CM2
1982,31.15,ssp585,ACCESS-CM2
1983,30.09,ssp585,ACCESS-CM2
1984,29.27,ssp585,ACCESS-CM2
1985,33.58,ssp585,ACCESS-CM2
1986,30.46,ssp585,ACCESS-CM2
1987,31.95,ssp585,ACCESS-CM2
1988,31.46,ssp585,ACCESS-CM2
1989,29.37,ssp585,ACCESS-CM2
1990,30.9,ssp585,ACCESS-CM2
1991,32.12,ssp585,ACCESS-CM2
1992,30.12,ssp585,ACCESS-CM2
1993,31.28,ssp585,ACCESS-CM2
1994,29.55,ssp585,ACCESS-CM2
1995,29.37,ssp585,ACCESS-CM2
1996,29.64,ssp585,ACCESS-CM2
1997,27.8,ssp585,ACCESS-CM2
1998,29.61,ssp585,ACCESS-CM2
1999,31.08,ssp585,ACCESS-CM2
2000,27.82,ssp585,ACCESS-CM2
2001,26.74,ssp585,ACCESS-CM2
2002,30.06,ssp585,ACCESS-CM2
2003,33.94,ssp585,ACCESS-CM2
2004,32.0,ssp585,ACCESS-CM2
2005,33.63,ssp585,ACCESS-CM2
2006,30.7,ssp585,ACCESS-CM2
2007,30.03,ssp585,ACCESS-CM2
2008,28.33,ssp585,ACCESS-CM2
2009,28.15,ssp585,ACCESS-CM2
2010,32.78,ssp585,ACCESS-CM2
2011,33.57,ssp585,ACCESS-CM2
2012,30.81,ssp585,ACCESS-CM2
2013,24.95,ssp585,ACCESS-CM2
2014,30.11,ssp585,ACCESS-CM2
2015,34.55,ssp585,ACCESS-CM2
2016,30.5,ssp585,ACCESS-CM2
2017,29.63,ssp585,ACCESS-CM2
2018,34.49,ssp585,ACCESS-CM2
2019,33.02,ssp585,ACCESS-CM2
2020,31.46,ssp585,ACCESS-CM2
2021,29.79,ssp585,ACCESS-CM2
2022,27.89,ssp585,ACCESS-CM2
2023,32.85,ssp585,ACCESS-CM2
2024,27.6,ssp585,ACCESS-CM2
2025,35.39,ssp585,ACCESS-CM2
2026,32.42,ssp585,ACCESS-CM2
2027,34.46,ssp585,ACCESS-CM2
2028,30.92,ssp585,ACCESS-CM2
2029,34.95,ssp585,ACCESS-CM2
2030,31.04,ssp585,ACCESS-CM2
2031,32.98,ssp585,ACCESS-CM2
2032,30.95,ssp585,ACCESS-CM2
2033,35.52,ssp585,ACCESS-CM2
2034,31.11,ssp585,ACCESS-CM2
2035,30.7,ssp585,ACCESS-CM2
2036,31.96,ssp585,ACCESS-CM2
2037,34.51,ssp585,ACCESS-CM2
2038,30.55,ssp585,ACCESS-CM2
2039,31.82,ssp585,ACCESS-CM2
2040,33.95,ssp585,ACCESS-CM2
2041,34.15,ssp585,ACCESS-CM2
2042,32.53,ssp585,ACCESS-CM2
2043,33.22,ssp585,ACCESS-CM2
2044,34.64,ssp585,ACCESS-CM2
2045,35.45,ssp585,ACCESS-CM2
2046,31.96,ssp585,ACCESS-CM2
2047,33.42,ssp585,ACCESS-CM2
2048,29.23,ssp585,ACCESS-CM2
2049,30.94,ssp585,ACCESS-CM2
2050,37.85,ssp585,ACCESS-CM2
2051,33.55,ssp585,ACCESS-CM2
2052,34.39,ssp585,ACCESS-CM2
2053,35.84,ssp585,ACCESS-CM2
2054,29.44,ssp585,ACCESS-CM2
2055,35.73,ssp585,ACCESS-CM2
2056,34.52,ssp585,ACCESS-CM2
2057,33.01,ssp585,ACCESS-CM2
2058,33.31,ssp585,ACCESS-CM2
2059,35.87,ssp585,ACCESS-CM2
2060,31.78,ssp585,ACCESS-CM2
2061,34.26,ssp585,ACCESS-CM2
2062,33.7,ssp585,ACCESS-CM2
2063,38.14,ssp585,ACCESS-CM2
2064,34.11,ssp585,ACCESS-CM2
2065,33.81,ssp585,ACCESS-CM2
2066,34.35,ssp585,ACCESS-CM2
2067,33.44,ssp585,ACCESS-CM2
2068,35.17,ssp585,ACCESS-CM2
2069,32.28,ssp585,ACCESS-CM2
2070,29.0,ssp585,ACCESS-CM2
2071,34.03,ssp585,ACCESS-CM2
2072,31.36,ssp585,ACCESS-CM2
2073,32.86,ssp585,ACCESS-CM2
2074,31.65,ssp585,ACCESS-CM2
2075,35.27,ssp585,ACCESS-CM2
2076,32.45,ssp585,ACCESS-CM2
2077,31.97,ssp585,ACCESS-CM2
2078,36.3,ssp585,ACCESS-CM2
2079,32.25,ssp585,ACCESS-CM2
2080,37.67,ssp585,ACCESS-CM2
2081,30.26,ssp585,ACCESS-CM2
2082,34.51,ssp585,ACCESS-CM2
2083,30.79,ssp585,ACCESS-CM2
2084,38.73,ssp585,ACCESS-CM2
2085,39.34,ssp585,ACCESS-CM2
2086,37.46,ssp585,ACCESS-CM2
2087,38.46,ssp585,ACCESS-CM2
2088,35.41,ssp585,ACCESS-CM2
2089,36.97,ssp585,ACCESS-CM2
2090,34.65,ssp585,ACCESS-CM2
2091,33.15,ssp585,ACCESS-CM2
2092,31.72,ssp585,ACCESS-CM2
2093,32.56,ssp585,ACCESS-CM2
2094,32.8,ssp585,ACCESS-CM2
2095,35.9,ssp585,ACCESS-CM2
2096,31.38,ssp585,ACCESS-CM2
2097,30.37,ssp585,ACCESS-CM2
2098,36.88,ssp585,ACCESS-CM2
2099,36.46,ssp585,ACCESS-CM2
2100,34.86,ssp585,ACCESS-CM2
1950,31.31,ssp585,ACCESS-ESM1-5
1951,31.64,ssp585,ACCESS-ESM1-5
1952,33.3,ssp585,ACCESS-ESM1-5
1953,28.38,ssp585,ACCESS-ESM1-5
1954,29.24,ssp585,ACCESS-ESM1-5
1955,29.77,ssp585,ACCESS-ESM1-5
1956,26.85,ssp585,ACCESS-ESM1-5
1957,33.24,ssp585,ACCESS-ESM1-5
1958,30.84,ssp585,ACCESS-ESM1-5
1959,34.68,ssp585,ACCESS-ESM1-5
1960,27.68,ssp585,ACCESS-ESM1-5
1961,31.12,ssp585,ACCESS-ESM1-5
1962,33.79,ssp585,ACCESS-ESM1-5
1963,34.52,ssp585,ACCESS-ESM1-5
1964,28.56,ssp585,ACCESS-ESM1-5
1965,32.59,ssp585,ACCESS-ESM1-5
1966,32.12,ssp585,ACCESS-ESM1-5
1967,24.24,ssp585,ACCESS-ESM1-5
1968,30.63,ssp585,ACCESS-ESM1-5
1969,34.93,ssp585,ACCESS-ESM1-5
1970,34.02,ssp585,ACCESS-ESM1-5
1971,25.57,ssp585,ACCESS-ESM1-5
1972,26.68,ssp585,ACCESS-ESM1-5
1973,35.14,ssp585,ACCESS-ESM1-5
1974,32.79,ssp585,ACCESS-ESM1-5
1975,27.39,ssp585,ACCESS-ESM1-5
1976,29.08,ssp585,ACCESS-ESM1-5
1977,33.26,ssp585,ACCESS-ESM1-5
1978,26.76,ssp585,ACCESS-ESM1-5
1979,26.65,ssp585,ACCESS-ESM1-5
1980,32.36,ssp585,ACCESS-ESM1-5
1981,29.93,ssp585,ACCESS-ESM1-5
1982,28.29,ssp585,ACCESS-ESM1-5
1983,25.91,ssp585,ACCESS-ESM1-5
1984,27.92,ssp585,ACCESS-ESM1-5
1985,26.08,ssp585,ACCESS-ESM1-5
1986,32.58,ssp585,ACCESS-ESM1-5
1987,34.39,ssp585,ACCESS-ESM1-5
1988,30.57,ssp585,ACCESS-ESM1-5
1989,28.68,ssp585,ACCESS-ESM1-5
1990,28.48,ssp585,ACCESS-ESM1-5
1991,26.61,ssp585,ACCESS-ESM1-5
1992,28.86,ssp585,ACCESS-ESM1-5
1993,30.46,ssp585,ACCESS-ESM1-5
1994,26.12,ssp585,ACCESS-ESM1-5
1995,29.88,ssp585,ACCESS-ESM1-5
1996,36.83,ssp585,ACCESS-ESM1-5
1997,31.3,ssp585,ACCESS-ESM1-5
1998,30.67,ssp585,ACCESS-ESM1-5
1999,31.09,ssp585,ACCESS-ESM1-5
2000,30.24,ssp585,ACCESS-ESM1-5
2001,31.09,ssp585,ACCESS-ESM1-5
2002,36.71,ssp585,ACCESS-ESM1-5
2003,30.15,ssp585,ACCESS-ESM1-5
2004,29.02,ssp585,ACCESS-ESM1-5
2005,30.09,ssp585,ACCESS-ESM1-5
2006,26.59,ssp585,ACCESS-ESM1-5
2007,31.27,ssp585,ACCESS-ESM1-5
2008,31.8,ssp585,ACCESS-ESM1-5
2009,27.47,ssp585,ACCESS-ESM1-5
2010,31.28,ssp585,ACCESS-ESM1-5
2011,33.45,ssp585,ACCESS-ESM1-5
2012,33.32,ssp585,ACCESS-ESM1-5
2013,35.24,ssp585,ACCESS-ESM1-5
2014,29.36,ssp585,ACCESS-ESM1-5
2015,31.14,ssp585,ACCESS-ESM1-5
2016,29.58,ssp585,ACCESS-ESM1-5
2017,30.72,ssp585,ACCESS-ESM1-5
2018,36.51,ssp585,ACCESS-ESM1-5
2019,32.4,ssp585,ACCESS-ESM1-5
2020,33.83,ssp585,ACCESS-ESM1-5
2021,31.62,ssp585,ACCESS-ESM1-5
2022,35.32,ssp585,ACCESS-ESM1-5
2023,32.2,ssp585,ACCESS-ESM1-5
2024,34.48,ssp585,ACCESS-ESM1-5
2025,25.66,ssp585,ACCESS-ESM1-5
2026,32.13,ssp585,ACCESS-ESM1-5
2027,34.08,ssp585,ACCESS-ESM1-5
2028,33.94,ssp585,ACCESS-ESM1-5
2029,34.37,ssp585,ACCESS-ESM1-5
2030,36.72,ssp585,ACCESS-ESM1-5
2031,34.0,ssp585,ACCESS-ESM1-5
2032,33.63,ssp585,ACCESS-ESM1-5
2033,29.77,ssp585,ACCESS-ESM1-5
2034,36.96,ssp585,ACCESS-ESM1-5
2035,28.98,ssp585,ACCESS-ESM1-5
2036,32.45,ssp585,ACCESS-ESM1-5
2037,33.88,ssp585,ACCESS-ESM1-5
2038,36.02,ssp585,ACCESS-ESM1-5
2039,39.67,ssp585,ACCESS-ESM1-5
2040,34.74,ssp585,ACCESS-ESM1-5
2041,29.8,ssp585,ACCESS-ESM1-5
2042,29.82,ssp585,ACCESS-ESM1-5
2043,29.82,ssp585,ACCESS-ESM1-5
2044,34.12,ssp585,ACCESS-ESM1-5
2045,27.79,ssp585,ACCESS-ESM1-5
2046,33.83,ssp585,ACCESS-ESM1-5
2047,28.95,ssp585,ACCESS-ESM1-5
2048,28.54,ssp585,ACCESS-ESM1-5
2049,30.31,ssp585,ACCESS-ESM1-5
2050,32.36,ssp585,ACCESS-ESM1-5
2051,31.05,ssp585,ACCESS-ESM1-5
2052,30.99,ssp585,ACCESS-ESM1-5
2053,32.75,ssp585,ACCESS-ESM1-5
2054,34.34,ssp585,ACCESS-ESM1-5
2055,32.75,ssp585,ACCESS-ESM1-5
2056,38.35,ssp585,ACCESS-ESM1-5
2057,28.43,ssp585,ACCESS-ESM1-5
2058,32.29,ssp585,ACCESS-ESM1-5
2059,36.51,ssp585,ACCESS-ESM1-5
2060,35.18,ssp585,ACCESS-ESM1-5
2061,27.97,ssp585,ACCESS-ESM1-5
2062,30.54,ssp585,ACCESS-ESM1-5
2063,31.1,ssp585,ACCESS-ESM1-5
2064,30.78,ssp585,ACCESS-ESM1-5
2065,37.53,ssp585,ACCESS-ESM1-5
2066,36.34,ssp585,ACCESS-ESM1-5
2067,33.12,ssp585,ACCESS-ESM1-5
2068,34.09,ssp585,ACCESS-ESM1-5
2069,33.66,ssp585,ACCESS-ESM1-5
2070,35.36,ssp585,ACCESS-ESM1-5
2071,29.97,ssp585,ACCESS-ESM1-5
2072,34.14,ssp585,ACCESS-ESM1-5
2073,33.44,ssp585,ACCESS-ESM1-5
2074,30.75,ssp585,ACCESS-ESM1-5
2075,27.15,ssp585,ACCESS-ESM1-5
2076,27.07,ssp585,ACCESS-ESM1-5
2077,35.01,ssp585,ACCESS-ESM1-5
2078,33.98,ssp585,ACCESS-ESM1-5
2079,27.62,ssp585,ACCESS-ESM1-5
2080,32.1,ssp585,ACCESS-ESM1-5
2081,37.61,ssp585,ACCESS-ESM1-5
2082,33.99,ssp585,ACCESS-ESM1-5
2083,36.32,ssp585,ACCESS-ESM1-5
2084,31.11,ssp585,ACCESS-ESM1-5
2085,28.07,ssp585,ACCESS-ESM1-5
2086,40.52,ssp585,ACCESS-ESM1-5
2087,35.56,ssp585,ACCESS-ESM1-5
2088,29.51,ssp585,ACCESS-ESM1-5
2089,28.83,ssp585,ACCESS-ESM1-5
2090,30.59,ssp585,ACCESS-ESM1-5
2091,34.66,ssp585,ACCESS-ESM1-5
2092,32.28,ssp585,ACCESS-ESM1-5
2093,29.21,ssp585,ACCESS-ESM1-5
2094,34.16,ssp585,ACCESS-ESM1-5
2095,31.08,ssp585,ACCESS-ESM1-5
2096,29.67,ssp585,ACCESS-ESM1-5
2097,33.38,ssp585,ACCESS-ESM1-5
2098,36.2,ssp585,ACCESS-ESM1-5
2099,31.39,ssp585,ACCESS-ESM1-5
2100,24.85,ssp585,ACCESS-ESM1-5
1950,30.36,ssp585,BCC-CSM2-MR
1951,28.46,ssp585,BCC-CSM2-MR
1952,29.4,ssp585,BCC-CSM2-MR
1953,27.12,ssp585,BCC-CSM2-MR
1954,33.72,ssp585,BCC-CSM2-MR
1955,29.69,ssp585,BCC-CSM2-MR
1956,28.94,ssp585,BCC-CSM2-MR
1957,34.21,ssp585,BCC-CSM2-MR
1958,29.53,ssp585,BCC-CSM2-MR
1959,28.54,ssp585,BCC-CSM2-MR
1960,30.83,ssp585,BCC-CSM2-MR
1961,31.03,ssp585,BCC-CSM2-MR
1962,31.84,ssp585,BCC-CSM2-MR
1963,27.87,ssp585,BCC-CSM2-MR
1964,32.0,ssp585,BCC-CSM2-MR
1965,23.52,ssp585,BCC-CSM2-MR
1966,35.38,ssp585,BCC-CSM2-MR
1967,31.4,ssp585,BCC-CSM2-MR
1968,30.33,ssp585,BCC-CSM2-MR
1969,29.11,ssp585,BCC-CSM2-MR
1970,28.34,ssp585,BCC-CSM2-MR
1971,27.52,ssp585,BCC-CSM2-MR
1972,29.12,ssp585,BCC-CSM2-MR
1973,27.58,ssp585,BCC-CSM2-MR
1974,32.24,ssp585,BCC-CSM2-MR
1975,32.93,ssp585,BCC-CSM2-MR
1976,32.66,ssp585,BCC-CSM2-MR
1977,28.75,ssp585,BCC-CSM2-MR
1978,30.98,ssp585,BCC-CSM2-MR
1979,30.57,ssp585,BCC-CSM2-MR
1980,31.33,ssp585,BCC-CSM2-MR
1981,32.7,ssp585,BCC-CSM2-MR
1982,31.59,ssp585,BCC-CSM2-MR
1983,33.08,ssp585,BCC-CSM2-MR
1984,31.47,ssp585,BCC-CSM2-MR
1985,29.61,ssp585,BCC-CSM2-MR
1986,25.78,ssp585,BCC-CSM2-MR
1987,32.09,ssp585,BCC-CSM2-MR
1988,30.1,ssp585,BCC-CSM2-MR
1989,30.69,ssp585,BCC-CSM2-MR
1990,28.49,ssp585,BCC-CSM2-MR
1991,26.01,ssp585,BCC-CSM2-MR
1992,32.52,ssp585,BCC-CSM2-MR
1993,31.53,ssp585,BCC-CSM2-MR
1994,32.36,ssp585,BCC-CSM2-MR
1995,33.03,ssp585,BCC-CSM2-MR
1996,31.17,ssp585,BCC-CSM2-MR
1997,34.55,ssp585,BCC-CSM2-MR
1998,29.32,ssp585,BCC-CSM2-MR
1999,27.6,ssp585,BCC-CSM2-MR
2000,30.37,ssp585,BCC-CSM2-MR
2001,30.34,ssp585,BCC-CSM2-MR
2002,35.03,ssp585,BCC-CSM2-MR
2003,32.36,ssp585,BCC-CSM2-MR
2004,29.51,ssp585,BCC-CSM2-MR
2005,32.77,ssp585,BCC-CSM2-MR
2006,29.43,ssp585,BCC-CSM2-MR
2007,34.58,ssp585,BCC-CSM2-MR
2008,27.56,ssp585,BCC-CSM2-MR
2009,30.81,ssp585,BCC-CSM2-MR
2010,27.67,ssp585,BCC-CSM2-MR
2011,33.74,ssp585,BCC-CSM2-MR
2012,31.19,ssp585,BCC-CSM2-MR
2013,32.76,ssp585,BCC-CSM2-MR
2014,33.83,ssp585,BCC-CSM2-MR
2015,31.78,ssp585,BCC-CSM2-MR
2016,36.01,ssp585,BCC-CSM2-MR
2017,31.79,ssp585,BCC-CSM2-MR
2018,35.69,ssp585,BCC-CSM2-MR
2019,33.78,ssp585,BCC-CSM2-MR
2020,33.57,ssp585,BCC-CSM2-MR
2021,35.7,ssp585,BCC-CSM2-MR
2022,31.51,ssp585,BCC-CSM2-MR
2023,30.75,ssp585,BCC-CSM2-MR
2024,31.89,ssp585,BCC-CSM2-MR
2025,30.12,ssp585,BCC-CSM2-MR
2026,32.97,ssp585,BCC-CSM2-MR
2027,33.56,ssp585,BCC-CSM2-MR
2028,32.74,ssp585,BCC-CSM2-MR
2029,32.59,ssp585,BCC-CSM2-MR
2030,28.99,ssp585,BCC-CSM2-MR
2031,34.94,ssp585,BCC-CSM2-MR
2032,36.61,ssp585,BCC-CSM2-MR
2033,32.55,ssp585,BCC-CSM2-MR
2034,37.37,ssp585,BCC-CSM2-MR
2035,34.75,ssp585,BCC-CSM2-MR
2036,32.85,ssp585,BCC-CSM2-MR
2037,28.76,ssp585,BCC-CSM2-MR
2038,31.36,ssp585,BCC-CSM2-MR
2039,36.32,ssp585,BCC-CSM2-MR
2040,34.04,ssp585,BCC-CSM2-MR
2041,32.94,ssp585,BCC-CSM2-MR
2042,35.6,ssp585,BCC-CSM2-MR
2043,34.04,ssp585,BCC-CSM2-MR
2044,31.75,ssp585,BCC-CSM2-MR
2045,32.7,ssp585,BCC-CSM2-MR
2046,33.15,ssp585,BCC-CSM2-MR
2047,30.43,ssp585,BCC-CSM2-MR
2048,27.98,ssp585,BCC-CSM2-MR
2049,38.19,ssp585,BCC-CSM2-MR
2050,39.28,ssp585,BCC-CSM2-MR
2051,33.31,ssp585,BCC-CSM2-MR
2052,27.49,ssp585,BCC-CSM2-MR
2053,33.93,ssp585,BCC-CSM2-MR
2054,31.25,ssp585,BCC-CSM2-MR
2055,30.77,ssp585,BCC-CSM2-MR
2056,29.15,ssp585,BCC-CSM2-MR
2057,29.59,ssp585,BCC-CSM2-MR
2058,27.63,ssp585,BCC-CSM2-MR
2059,34.47,ssp585,BCC-CSM2-MR
2060,31.34,ssp585,BCC-CSM2-MR
2061,29.75,ssp585,BCC-CSM2-MR
2062,32.8,ssp585,BCC-CSM2-MR
2063,30.29,ssp585,BCC-CSM2-MR
2064,30.53,ssp585,BCC-CSM2-MR
2065,36.05,ssp585,BCC-CSM2-MR
2066,35.26,ssp585,BCC-CSM2-MR
2067,28.8,ssp585,BCC-CSM2-MR
2068,33.53,ssp585,BCC-CSM2-MR
2069,31.41,ssp585,BCC-CSM2-MR
2070,36.8,ssp585,BCC-CSM2-MR
2071,26.7,ssp585,BCC-CSM2-MR
2072,33.64,ssp585,BCC-CSM2-MR
2073,34.38,ssp585,BCC-CSM2-MR
2074,31.15,ssp585,BCC-CSM2-MR
2075,31.6,ssp585,BCC-CSM2-MR
2076,36.41,ssp585,BCC-CSM2-MR
2077,29.8,ssp585,BCC-CSM2-MR
2078,35.61,ssp585,BCC-CSM2-MR
2079,28.23,ssp585,BCC-CSM2-MR
2080,32.85,ssp585,BCC-CSM2-MR
2081,33.59,ssp585,BCC-CSM2-MR
2082,31.02,ssp585,BCC-CSM2-MR
2083,33.29,ssp585,BCC-CSM2-MR
2084,31.91,ssp585,BCC-CSM2-MR
2085,36.82,ssp585,BCC-CSM2-MR
2086,35.51,ssp585,BCC-CSM2-MR
2087,28.54,ssp585,BCC-CSM2-MR
2088,30.24,ssp585,BCC-CSM2-MR
2089,32.08,ssp585,BCC-CSM2-MR
2090,28.44,ssp585,BCC-CSM2-MR
2091,29.18,ssp585,BCC-CSM2-MR
2092,31.75,ssp585,BCC-CSM2-MR
2093,25.32,ssp585,BCC-CSM2-MR
2094,34.96,ssp585,BCC-CSM2-MR
2095,34.07,ssp585,BCC-CSM2-MR
2096,32.04,ssp585,BCC-CSM2-MR
2097,33.31,ssp585,BCC-CSM2-MR
2098,29.62,ssp585,BCC-CSM2-MR
2099,34.2,ssp585,BCC-CSM2-MR
2100,31.59,ssp585,BCC-CSM2-MR
1950,30.45,ssp585,CanESM5
1951,27.65,ssp585,CanESM5
1952,32.4,ssp585,CanESM5
1953,22.9,ssp585,CanESM5
1954,27.27,ssp585,CanESM5
1955,27.5,ssp585,CanESM5
1956,32.14,ssp585,CanESM5
1957,28.71,ssp585,CanESM5
1958,26.5,ssp585,CanESM5
1959,31.12,ssp585,CanESM5
1960,34.43,ssp585,CanESM5
1961,36.13,ssp585,CanESM5
1962,26.28,ssp585,CanESM5
1963,27.91,ssp585,CanESM5
1964,33.37,ssp585,CanESM5
1965,27.59,ssp585,CanESM5
1966,32.63,ssp585,CanESM5
1967,31.73,ssp585,CanESM5
1968,29.04,ssp585,CanESM5
1969,28.16,ssp585,CanESM5
1970,27.68,ssp585,CanESM5
1971,31.79,ssp585,CanESM5
1972,31.67,ssp585,CanESM5
1973,32.21,ssp585,CanESM5
1974,30.26,ssp585,CanESM5
1975,26.87,ssp585,CanESM5
1976,29.24,ssp585,CanESM5
1977,30.71,ssp585,CanESM5
1978,29.94,ssp585,CanESM5
1979,24.39,ssp585,CanESM5
1980,30.8,ssp585,CanESM5
1981,33.01,ssp585,CanESM5
1982,32.27,ssp585,CanESM5
1983,29.29,ssp585,CanESM5
1984,34.16,ssp585,CanESM5
1985,30.38,ssp585,CanESM5
1986,27.95,ssp585,CanESM5
1987,28.35,ssp585,CanESM5
1988,29.25,ssp585,CanESM5
1989,34.09,ssp585,CanESM5
1990,30.19,ssp585,CanESM5
1991,32.07,ssp585,CanESM5
1992,32.87,ssp585,CanESM5
1993,28.86,ssp585,CanESM5
1994,28.39,ssp585,CanESM5
1995,27.62,ssp585,CanESM5
1996,32.14,ssp585,CanESM5
1997,29.43,ssp585,CanESM5
1998,32.43,ssp585,CanESM5
1999,31.72,ssp585,CanESM5
2000,32.74,ssp585,CanESM5
2001,33.15,ssp585,CanESM5
2002,30.34,ssp585,CanESM5
2003,38.22,ssp585,CanESM5
2004,30.48,ssp585,CanESM5
2005,31.83,ssp585,CanESM5
2006,30.8,ssp585,CanESM5
2007,29.35,ssp585,CanESM5
2008,29.01,ssp585,CanESM5
2009,34.95,ssp585,CanESM5
2010,37.53,ssp585,CanESM5
2011,32.78,ssp585,CanESM5
2012,32.69,ssp585,CanESM5
2013,37.09,ssp585,CanESM5
2014,35.3,ssp585,CanESM5
2015,27.83,ssp585,CanESM5
2016,34.91,ssp585,CanESM5
2017,28.26,ssp585,CanESM5
2018,29.43,ssp585,CanESM5
2019,30.7,ssp585,CanESM5
2020,32.07,ssp585,CanESM5
2021,33.36,ssp585,CanESM5
2022,31.67,ssp585,CanESM5
2023,29.51,ssp585,CanESM5
2024,26.55,ssp585,CanESM5
2025,28.28,ssp585,CanESM5
2026,30.72,ssp585,CanESM5
2027,31.52,ssp585,CanESM5
2028,29.65,ssp585,CanESM5
2029,27.47,ssp585,CanESM5
2030,33.96,ssp585,CanESM5
2031,34.04,ssp585,CanESM5
2032,41.21,ssp585,CanESM5
2033,33.72,ssp585,CanESM5
2034,33.59,ssp585,CanESM5
2035,31.21,ssp585,CanESM5
2036,34.68,ssp585,CanESM5
2037,28.5,ssp585,CanESM5
2038,26.99,ssp585,CanESM5
2039,33.48,ssp585,CanESM5
2040,31.07,ssp585,CanESM5
2041,26.24,ssp585,CanESM5
2042,35.37,ssp585,CanESM5
2043,38.04,ssp585,CanESM5
2044,34.6,ssp585,CanESM5
2045,31.91,ssp585,CanESM5
2046,33.37,ssp585,CanESM5
2047,39.19,ssp585,CanESM5
2048,29.7,ssp585,CanESM5
2049,28.81,ssp585,CanESM5
2050,31.23,ssp585,CanESM5
2051,30.2,ssp585,CanESM5
2052,31.21,ssp585,CanESM5
2053,31.3,ssp585,CanESM5
2054,33.84,ssp585,CanESM5
2055,31.91,ssp585,CanESM5
2056,34.86,ssp585,CanESM5
2057,33.33,ssp585,CanESM5
2058,26.88,ssp585,CanESM5
2059,34.49,ssp585,CanESM5
2060,37.33,ssp585,CanESM5
2061,38.71,ssp585,CanESM5
2062,38.24,ssp585,CanESM5
2063,39.52,ssp585,CanESM5
2064,36.09,ssp585,CanESM5
2065,29.97,ssp585,CanESM5
2066,35.84,ssp585,CanESM5
2067,30.01,ssp585,CanESM5
2068,33.06,ssp585,CanESM5
2069,36.36,ssp585,CanESM5
2070,38.48,ssp585,CanESM5
2071,31.97,ssp585,CanESM5
2072,30.72,ssp585,CanESM5
2073,36.15,ssp585,CanESM5
2074,35.36,ssp585,CanESM5
2075,34.51,ssp585,CanESM5
2076,36.68,ssp585,CanESM5
2077,37.12,ssp585,CanESM5
2078,33.12,ssp585,CanESM5
2079,34.04,ssp585,CanESM5
2080,37.15,ssp585,CanESM5
2081,33.1,ssp585,CanESM5
2082,34.43,ssp585,CanESM5
2083,31.33,ssp585,CanESM5
2084,43.12,ssp585,CanESM5
2085,33.15,ssp585,CanESM5
2086,32.25,ssp585,CanESM5
2087,34.34,ssp585,CanESM5
2088,36.96,ssp585,CanESM5
2089,31.29,ssp585,CanESM5
2090,40.41,ssp585,CanESM5
2091,36.09,ssp585,CanESM5
2092,35.79,ssp585,CanESM5
2093,31.37,ssp585,CanESM5
2094,27.32,ssp585,CanESM5
2095,31.66,ssp585,CanESM5
2096,41.17,ssp585,CanESM5
2097,34.12,ssp585,CanESM5
2098,29.87,ssp585,CanESM5
2099,34.88,ssp585,CanESM5
2100,34.28,ssp585,CanESM5
1950,27.45,ssp585,EC-Earth3
1951,26.87,ssp585,EC-Earth3
1952,29.57,ssp585,EC-Earth3
1953,32.07,ssp585,EC-Earth3
1954,31.38,ssp585,EC-Earth3
1955,26.84,ssp585,EC-Earth3
1956,28.92,ssp585,EC-Earth3
1957,29.82,ssp585,EC-Earth3
1958,29.22,ssp585,EC-Earth3
1959,26.84,ssp585,EC-Earth3
1960,32.34,ssp585,EC-Earth3
1961,26.59,ssp585,EC-Earth3
1962,30.04,ssp585,EC-Earth3
1963,29.52,ssp585,EC-Earth3
1964,32.2,ssp585,EC-Earth3
1965,30.03,ssp585,EC-Earth3
1966,26.77,ssp585,EC-Earth3
1967,29.36,ssp585,EC-Earth3
1968,30.01,ssp585,EC-Earth3
1969,29.49,ssp585,EC-Earth3
1970,28.54,ssp585,EC-Earth3
1971,28.58,ssp585,EC-Earth3
1972,25.92,ssp585,EC-Earth3
1973,26.15,ssp585,EC-Earth3
1974,31.45,ssp585,EC-Earth3
1975,31.65,ssp585,EC-Earth3
1976,30.32,ssp585,EC-Earth3
1977,32.98,ssp585,EC-Earth3
1978,29.04,ssp585,EC-Earth3
1979,32.45,ssp585,EC-Earth3
1980,30.56,ssp585,EC-Earth3
1981,33.79,ssp585,EC-Earth3
1982,28.79,ssp585,EC-Earth3
1983,31.06,ssp585,EC-Earth3
1984,30.23,ssp585,EC-Earth3
1985,29.24,ssp585,EC-Earth3
1986,31.42,ssp585,EC-Earth3
1987,32.39,ssp585,EC-Earth3
1988,28.98,ssp585,EC-Earth3
1989,31.21,ssp585,EC-Earth3
1990,29.11,ssp585,EC-Earth3
1991,35.87,ssp585,EC-Earth3
1992,31.21,ssp585,EC-Earth3
1993,33.63,ssp585,EC-Earth3
1994,33.24,ssp585,EC-Earth3
1995,30.36,ssp585,EC-Earth3
1996,29.75,ssp585,EC-Earth3
1997,30.81,ssp585,EC-Earth3
1998,29.7,ssp585,EC-Earth3
1999,28.54,ssp585,EC-Earth3
2000,30.73,ssp585,EC-Earth3
2001,33.61,ssp585,EC-Earth3
2002,30.44,ssp585,EC-Earth3
2003,28.06,ssp585,EC-Earth3
2004,29.74,ssp585,EC-Earth3
2005,28.89,ssp585,EC-Earth3
2006,29.58,ssp585,EC-Earth3
2007,32.94,ssp585,EC-Earth3
2008,29.31,ssp585,EC-Earth3
2009,33.33,ssp585,EC-Earth3
2010,30.36,ssp585,EC-Earth3
2011,32.9,ssp585,EC-Earth3
2012,33.05,ssp585,EC-Earth3
2013,28.53,ssp585,EC-Earth3
2014,27.63,ssp585,EC-Earth3
2015,32.45,ssp585,EC-Earth3
2016,31.11,ssp585,EC-Earth3
2017,29.57,ssp585,EC-Earth3
2018,31.81,ssp585,EC-Earth3
2019,33.4,ssp585,EC-Earth3
2020,31.96,ssp585,EC-Earth3
2021,33.36,ssp585,EC-Earth3
2022,31.46,ssp585,EC-Earth3
2023,30.3,ssp585,EC-Earth3
2024,29.58,ssp585,EC-Earth3
2025,34.97,ssp585,EC-Earth3
2026,31.05,ssp585,EC-Earth3
2027,31.69,ssp585,EC-Earth3
2028,34.02,ssp585,EC-Earth3
2029,32.41,ssp585,EC-Earth3
2030,29.8,ssp585,EC-Earth3
2031,29.59,ssp585,EC-Earth3
2032,29.52,ssp585,EC-Earth3
2033,28.65,ssp585,EC-Earth3
2034,28.71,ssp585,EC-Earth3
2035,35.16,ssp585,EC-Earth3
2036,32.3,ssp585,EC-Earth3
2037,30.89,ssp585,EC-Earth3
2038,29.67,ssp585,EC-Earth3
2039,32.89,ssp585,EC-Earth3
2040,33.96,ssp585,EC-Earth3
2041,32.02,ssp585,EC-Earth3
2042,28.59,ssp585,EC-Earth3
2043,30.47,ssp585,EC-Earth3
2044,31.73,ssp585,EC-Earth3
2045,32.42,ssp585,EC-Earth3
2046,41.28,ssp585,EC-Earth3
2047,33.74,ssp585,EC-Earth3
2048,26.66,ssp585,EC-Earth3
2049,34.15,ssp585,EC-Earth3
2050,35.8,ssp585,EC-Earth3
2051,33.03,ssp585,EC-Earth3
2052,33.59,ssp585,EC-Earth3
2053,31.14,ssp585,EC-Earth3
2054,32.63,ssp585,EC-Earth3
2055,30.84,ssp585,EC-Earth3
2056,35.33,ssp585,EC-Earth3
2057,37.53,ssp585,EC-Earth3
2058,33.12,ssp585,EC-Earth3
2059,33.94,ssp585,EC-Earth3
2060,33.85,ssp585,EC-Earth3
2061,32.31,ssp585,EC-Earth3
2062,31.6,ssp585,EC-Earth3
2063,32.01,ssp585,EC-Earth3
2064,30.29,ssp585,EC-Earth3
2065,29.57,ssp585,EC-Earth3
2066,30.94,ssp585,EC-Earth3
2067,37.23,ssp585,EC-Earth3
2068,35.56,ssp585,EC-Earth3
2069,31.38,ssp585,EC-Earth3
2070,34.88,ssp585,EC-Earth3
2071,32.8,ssp585,EC-Earth3
2072,33.97,ssp585,EC-Earth3
2073,35.9,ssp585,EC-Earth3
2074,38.43,ssp585,EC-Earth3
2075,38.61,ssp585,EC-Earth3
2076,26.87,ssp585,EC-Earth3
2077,30.66,ssp585,EC-Earth3
2078,36.65,ssp585,EC-Earth3
2079,33.65,ssp585,EC-Earth3
2080,32.23,ssp585,EC-Earth3
2081,33.5,ssp585,EC-Earth3
2082,38.92,ssp585,EC-Earth3
2083,36.21,ssp585,EC-Earth3
2084,32.89,ssp585,EC-Earth3
2085,35.39,ssp585,EC-Earth3
2086,39.01,ssp585,EC-Earth3
2087,34.34,ssp585,EC-Earth3
2088,29.76,ssp585,EC-Earth3
2089,36.95,ssp585,EC-Earth3
2090,38.39,ssp585,EC-Earth3
2091,30.1,ssp585,EC-Earth3
2092,29.05,ssp585,EC-Earth3
2093,32.65,ssp585,EC-Earth3
2094,35.17,ssp585,EC-Earth3
2095,31.08,ssp585,EC-Earth3
2096,37.2,ssp585,EC-Earth3
2097,35.54,ssp585,EC-Earth3
2098,30.74,ssp585,EC-Earth3
2099,33.63,ssp585,EC-Earth3
2100,32.6,ssp585,EC-Earth3
1950,33.15,ssp585,FGOALS-g3
1951,32.1,ssp585,FGOALS-g3
1952,26.52,ssp585,FGOALS-g3
1953,28.12,ssp585,FGOALS-g3
1954,30.27,ssp585,FGOALS-g3
1955,28.07,ssp585,FGOALS-g3
1956,33.11,ssp585,FGOALS-g3
1957,31.07,ssp585,FGOALS-g3
1958,32.46,ssp585,FGOALS-g3
1959,26.6,ssp585,FGOALS-g3
1960,29.39,ssp585,FGOALS-g3
1961,29.77,ssp585,FGOALS-g3
1962,33.65,ssp585,FGOALS-g3
1963,28.97,ssp585,FGOALS-g3
1964,25.49,ssp585,FGOALS-g3
1965,35.27,ssp585,FGOALS-g3
1966,32.63,ssp585,FGOALS-g3
1967,27.84,ssp585,FGOALS-g3
1968,30.44,ssp585,FGOALS-g3
1969,29.09,ssp585,FGOALS-g3
1970,27.58,ssp585,FGOALS-g3
1971,30.94,ssp585,FGOALS-g3
1972,30.75,ssp585,FGOALS-g3
1973,32.24,ssp585,FGOALS-g3
1974,29.51,ssp585,FGOALS-g3
1975,26.92,ssp585,FGOALS-g3
1976,30.74,ssp585,FGOALS-g3
1977,31.18,ssp585,FGOALS-g3
1978,30.26,ssp585,FGOALS-g3
1979,32.64,ssp585,FGOALS-g3
1980,30.03,ssp585,FGOALS-g3
1981,26.26,ssp585,FGOALS-g3
1982,27.47,ssp585,FGOALS-g3
1983,30.37,ssp585,FGOALS-g3
1984,30.67,ssp585,FGOALS-g3
1985,33.42,ssp585,FGOALS-g3
1986,28.48,ssp585,FGOALS-g3
1987,36.72,ssp585,FGOALS-g3
1988,31.47,ssp585,FGOALS-g3
1989,27.2,ssp585,FGOALS-g3
1990,29.82,ssp585,FGOALS-g3
1991,34.73,ssp585,FGOALS-g3
1992,25.45,ssp585,FGOALS-g3
1993,31.76,ssp585,FGOALS-g3
1994,29.01,ssp585,FGOALS-g3
1995,33.3,ssp585,FGOALS-g3
1996,32.71,ssp585,FGOALS-g3
1997,29.96,ssp585,FGOALS-g3
1998,26.9,ssp585,FGOALS-g3
1999,30.78,ssp585,FGOALS-g3
2000,29.64,ssp585,FGOALS-g3
2001,35.18,ssp585,FGOALS-g3
2002,33.13,ssp585,FGOALS-g3
2003,33.31,ssp585,FGOALS-g3
2004,31.42,ssp585,FGOALS-g3
2005,28.51,ssp585,FGOALS-g3
2006,32.33,ssp585,FGOALS-g3
2007,29.7,ssp585,FGOALS-g3
2008,30.26,ssp585,FGOALS-g3
2009,32.37,ssp585,FGOALS-g3
2010,29.13,ssp585,FGOALS-g3
2011,33.38,ssp585,FGOALS-g3
2012,32.72,ssp585,FGOALS-g3
2013,31.33,ssp585,FGOALS-g3
2014,31.15,ssp585,FGOALS-g3
2015,28.49,ssp585,FGOALS-g3
2016,31.91,ssp585,FGOALS-g3
2017,28.36,ssp585,FGOALS-g3
2018,34.42,ssp585,FGOALS-g3
2019,31.32,ssp585,FGOALS-g3
2020,31.99,ssp585,FGOALS-g3
2021,32.03,ssp585,FGOALS-g3
2022,35.12,ssp585,FGOALS-g3
2023,36.22,ssp585,FGOALS-g3
2024,26.97,ssp585,FGOALS-g3
2025,37.87,ssp585,FGOALS-g3
2026,34.6,ssp585,FGOALS-g3
2027,28.7,ssp585,FGOALS-g3
2028,33.97,ssp585,FGOALS-g3
2029,28.68,ssp585,FGOALS-g3
2030,33.53,ssp585,FGOALS-g3
2031,34.9,ssp585,FGOALS-g3
2032,32.97,ssp585,FGOALS-g3
2033,33.63,ssp585,FGOALS-g3
2034,33.58,ssp585,FGOALS-g3
2035,30.76,ssp585,FGOALS-g3
2036,33.32,ssp585,FGOALS-g3
2037,34.3,ssp585,FGOALS-g3
2038,31.79,ssp585,FGOALS-g3
2039,31.8,ssp585,FGOALS-g3
2040,30.77,ssp585,FGOALS-g3
2041,34.17,ssp585,FGOALS-g3
2042,32.06,ssp585,FGOALS-g3
2043,32.26,ssp585,FGOALS-g3
2044,28.36,ssp585,FGOALS-g3
2045,38.86,ssp585,FGOALS-g3
2046,28.13,ssp585,FGOALS-g3
2047,35.64,ssp585,FGOALS-g3
2048,33.49,ssp585,FGOALS-g3
2049,31.74,ssp585,FGOALS-g3
2050,36.83,ssp585,FGOALS-g3
2051,39.03,ssp585,FGOALS-g3
2052,32.25,ssp585,FGOALS-g3
2053,38.17,ssp585,FGOALS-g3
2054,33.86,ssp585,FGOALS-g3
2055,36.28,ssp585,FGOALS-g3
2056,31.11,ssp585,FGOALS-g3
2057,33.88,ssp585,FGOALS-g3
2058,29.66,ssp585,FGOALS-g3
2059,32.99,ssp585,FGOALS-g3
2060,34.48,ssp585,FGOALS-g3
2061,36.69,ssp585,FGOALS-g3
2062,35.71,ssp585,FGOALS-g3
2063,33.82,ssp585,FGOALS-g3
2064,36.51,ssp585,FGOALS-g3
2065,35.7,ssp585,FGOALS-g3
2066,31.12,ssp585,FGOALS-g3
2067,35.71,ssp585,FGOALS-g3
2068,37.4,ssp585,FGOALS-g3
2069,34.63,ssp585,FGOALS-g3
2070,39.93,ssp585,FGOALS-g3
2071,36.45,ssp585,FGOALS-g3
2072,33.2,ssp585,FGOALS-g3
2073,34.44,ssp585,FGOALS-g3
2074,33.41,ssp585,FGOALS-g3
2075,36.98,ssp585,FGOALS-g3
2076,35.63,ssp585,FGOALS-g3
2077,36.04,ssp585,FGOALS-g3
2078,32.61,ssp585,FGOALS-g3
2079,37.04,ssp585,FGOALS-g3
2080,36.94,ssp585,FGOALS-g3
2081,33.22,ssp585,FGOALS-g3
2082,35.94,ssp585,FGOALS-g3
2083,36.97,ssp585,FGOALS-g3
2084,34.93,ssp585,FGOALS-g3
2085,37.69,ssp585,FGOALS-g3
2086,39.38,ssp585,FGOALS-g3
2087,40.81,ssp585,FGOALS-g3
2088,37.14,ssp585,FGOALS-g3
2089,37.26,ssp585,FGOALS-g3
2090,34.28,ssp585,FGOALS-g3
2091,33.46,ssp585,FGOALS-g3
2092,34.66,ssp585,FGOALS-g3
2093,38.73,ssp585,FGOALS-g3
2094,33.13,ssp585,FGOALS-g3
2095,35.72,ssp585,FGOALS-g3
2096,34.33,ssp585,FGOALS-g3
2097,36.83,ssp585,FGOALS-g3
2098,34.35,ssp585,FGOALS-g3
2099,34.42,ssp585,FGOALS-g3
2100,35.73,ssp585,FGOALS-g3
1950,30.69,ssp585,GFDL-ESM4
1951,25.95,ssp585,GFDL-ESM4
1952,28.35,ssp585,GFDL-ESM4
1953,34.64,ssp585,GFDL-ESM4
1954,30.14,ssp585,GFDL-ESM4
1955,25.5,ssp585,GFDL-ESM4
1956,29.2,ssp585,GFDL-ESM4
1957,23.43,ssp585,GFDL-ESM4
1958,31.37,ssp585,GFDL-ESM4
1959,34.65,ssp585,GFDL-ESM4
1960,30.5,ssp585,GFDL-ESM4
1961,33.95,ssp585,GFDL-ESM4
1962,33.17,ssp585,GFDL-ESM4
1963,29.24,ssp585,GFDL-ESM4
1964,30.02,ssp585,GFDL-ESM4
1965,27.57,ssp585,GFDL-ESM4
1966,29.55,ssp585,GFDL-ESM4
1967,31.88,ssp585,GFDL-ESM4
1968,32.68,ssp585,GFDL-ESM4
1969,29.8,ssp585,GFDL-ESM4
1970,31.93,ssp585,GFDL-ESM4
1971,27.37,ssp585,GFDL-ESM4
1972,32.43,ssp585,GFDL-ESM4
1973,28.09,ssp585,GFDL-ESM4
1974,28.23,ssp585,GFDL-ESM4
1975,29.95,ssp585,GFDL-ESM4
1976,28.66,ssp585,GFDL-ESM4
1977,34.86,ssp585,GFDL-ESM4
1978,34.78,ssp585,GFDL-ESM4
1979,31.0,ssp585,GFDL-ESM4
1980,25.75,ssp585,GFDL-ESM4
1981,32.3,ssp585,GFDL-ESM4
1982,29.04,ssp585,GFDL-ESM4
1983,30.75,ssp585,GFDL-ESM4
1984,29.81,ssp585,GFDL-ESM4
1985,29.96,ssp585,GFDL-ESM4
1986,29.9,ssp585,GFDL-ESM4
1987,31.7,ssp585,GFDL-ESM4
1988,30.43,ssp585,GFDL-ESM4
1989,30.81,ssp585,GFDL-ESM4
1990,29.54,ssp585,GFDL-ESM4
1991,30.18,ssp585,GFDL-ESM4
1992,29.78,ssp585,GFDL-ESM4
1993,30.28,ssp585,GFDL-ESM4
1994,32.13,ssp585,GFDL-ESM4
1995,28.05,ssp585,GFDL-ESM4
1996,30.79,ssp585,GFDL-ESM4
1997,29.39,ssp585,GFDL-ESM4
1998,29.85,ssp585,GFDL-ESM4
1999,28.81,ssp585,GFDL-ESM4
2000,30.67,ssp585,GFDL-ESM4
2001,33.65,ssp585,GFDL-ESM4
2002,32.28,ssp585,GFDL-ESM4
2003,29.95,ssp585,GFDL-ESM4
2004,25.42,ssp585,GFDL-ESM4
2005,33.96,ssp585,GFDL-ESM4
2006,30.2,ssp585,GFDL-ESM4
2007,28.3,ssp585,GFDL-ESM4
2008,29.52,ssp585,GFDL-ESM4
2009,31.4,ssp585,GFDL-ESM4
2010,28.75,ssp585,GFDL-ESM4
2011,33.62,ssp585,GFDL-ESM4
2012,33.05,ssp585,GFDL-ESM4
2013,27.94,ssp585,GFDL-ESM4
2014,25.88,ssp585,GFDL-ESM4
2015,27.32,ssp585,GFDL-ESM4
2016,27.8,ssp585,GFDL-ESM4
2017,32.55,ssp585,GFDL-ESM4
2018,31.34,ssp585,GFDL-ESM4
2019,28.04,ssp585,GFDL-ESM4
2020,31.52,ssp585,GFDL-ESM4
2021,27.49,ssp585,GFDL-ESM4
2022,31.04,ssp585,GFDL-ESM4
2023,31.56,ssp585,GFDL-ESM4
2024,28.73,ssp585,GFDL-ESM4
2025,34.01,ssp585,GFDL-ESM4
2026,28.47,ssp585,GFDL-ESM4
2027,27.52,ssp585,GFDL-ESM4
2028,31.75,ssp585,GFDL-ESM4
2029,30.13,ssp585,GFDL-ESM4
2030,28.66,ssp585,GFDL-ESM4
2031,29.95,ssp585,GFDL-ESM4
2032,32.2,ssp585,GFDL-ESM4
2033,33.64,ssp585,GFDL-ESM4
2034,26.51,ssp585,GFDL-ESM4
2035,28.38,ssp585,GFDL-ESM4
2036,33.48,ssp585,GFDL-ESM4
2037,33.35,ssp585,GFDL-ESM4
2038,29.46,ssp585,GFDL-ESM4
2039,32.53,ssp585,GFDL-ESM4
2040,28.05,ssp585,GFDL-ESM4
2041,29.68,ssp585,GFDL-ESM4
2042,31.25,ssp585,GFDL-ESM4
2043,28.58,ssp585,GFDL-ESM4
2044,35.19,ssp585,GFDL-ESM4
2045,30.45,ssp585,GFDL-ESM4
2046,29.3,ssp585,GFDL-ESM4
2047,32.61,ssp585,GFDL-ESM4
2048,31.22,ssp585,GFDL-ESM4
2049,32.38,ssp585,GFDL-ESM4
2050,25.84,ssp585,GFDL-ESM4
2051,32.26,ssp585,GFDL-ESM4
2052,29.36,ssp585,GFDL-ESM4
2053,33.55,ssp585,GFDL-ESM4
2054,33.04,ssp585,GFDL-ESM4
2055,29.64,ssp585,GFDL-ESM4
2056,31.24,ssp585,GFDL-ESM4
2057,32.76,ssp585,GFDL-ESM4
2058,33.22,ssp585,GFDL-ESM4
2059,32.58,ssp585,GFDL-ESM4
2060,31.8,ssp585,GFDL-ESM4
2061,33.14,ssp585,GFDL-ESM4
2062,28.22,ssp585,GFDL-ESM4
2063,30.87,ssp585,GFDL-ESM4
2064,33.68,ssp585,GFDL-ESM4
2065,32.88,ssp585,GFDL-ESM4
2066,31.27,ssp585,GFDL-ESM4
2067,34.07,ssp585,GFDL-ESM4
2068,32.2,ssp585,GFDL-ESM4
2069,35.55,ssp585,GFDL-ESM4
2070,35.85,ssp585,GFDL-ESM4
2071,33.14,ssp585,GFDL-ESM4
2072,31.95,ssp585,GFDL-ESM4
2073,35.95,ssp585,GFDL-ESM4
2074,32.69,ssp585,GFDL-ESM4
2075,33.57,ssp585,GFDL-ESM4
2076,31.75,ssp585,GFDL-ESM4
2077,30.16,ssp585,GFDL-ESM4
2078,35.98,ssp585,GFDL-ESM4
2079,31.9,ssp585,GFDL-ESM4
2080,31.06,ssp585,GFDL-ESM4
2081,36.29,ssp585,GFDL-ESM4
2082,36.23,ssp585,GFDL-ESM4
2083,29.6,ssp585,GFDL-ESM4
2084,34.37,ssp585,GFDL-ESM4
2085,34.28,ssp585,GFDL-ESM4
2086,34.42,ssp585,GFDL-ESM4
2087,34.97,ssp585,GFDL-ESM4
2088,35.35,ssp585,GFDL-ESM4
2089,32.81,ssp585,GFDL-ESM4
2090,29.12,ssp585,GFDL-ESM4
2091,35.73,ssp585,GFDL-ESM4
2092,29.9,ssp585,GFDL-ESM4
2093,28.17,ssp585,GFDL-ESM4
2094,35.33,ssp585,GFDL-ESM4
2095,36.84,ssp585,GFDL-ESM4
2096,29.34,ssp585,GFDL-ESM4
2097,26.83,ssp585,GFDL-ESM4
2098,27.42,ssp585,GFDL-ESM4
2099,34.4,ssp585,GFDL-ESM4
2100,31.65,ssp585,GFDL-ESM4
1950,30.09,ssp585,INM-CM4-8
1951,32.11,ssp585,INM-CM4-8
1952,30.93,ssp585,INM-CM4-8
1953,29.67,ssp585,INM-CM4-8
1954,32.26,ssp585,INM-CM4-8
1955,29.62,ssp585,INM-CM4-8
1956,27.83,ssp585,INM-CM4-8
1957,31.3,ssp585,INM-CM4-8
1958,28.85,ssp585,INM-CM4-8
1959,31.5,ssp585,INM-CM4-8
1960,32.85,ssp585,INM-CM4-8
1961,29.35,ssp585,INM-CM4-8
1962,30.96,ssp585,INM-CM4-8
1963,34.28,ssp585,INM-CM4-8
1964,28.87,ssp585,INM-CM4-8
1965,28.59,ssp585,INM-CM4-8
1966,31.09,ssp585,INM-CM4-8
1967,29.24,ssp585,INM-CM4-8
1968,34.07,ssp585,INM-CM4-8
1969,30.94,ssp585,INM-CM4-8
1970,26.17,ssp585,INM-CM4-8
1971,30.38,ssp585,INM-CM4-8
1972,29.49,ssp585,INM-CM4-8
1973,30.41,ssp585,INM-CM4-8
1974,32.88,ssp585,INM-CM4-8
1975,26.87,ssp585,INM-CM4-8
1976,30.65,ssp585,INM-CM4-8
1977,28.65,ssp585,INM-CM4-8
1978,32.27,ssp585,INM-CM4-8
1979,32.55,ssp585,INM-CM4-8
1980,29.93,ssp585,INM-CM4-8
1981,28.19,ssp585,INM-CM4-8
1982,26.75,ssp585,INM-CM4-8
1983,26.64,ssp585,INM-CM4-8
1984,30.24,ssp585,INM-CM4-8
1985,29.86,ssp585,INM-CM4-8
1986,29.8,ssp585,INM-CM4-8
1987,30.23,ssp585,INM-CM4-8
1988,29.91,ssp585,INM-CM4-8
1989,28.51,ssp585,INM-CM4-8
1990,32.91,ssp585,INM-CM4-8
1991,27.26,ssp585,INM-CM4-8
1992,31.66,ssp585,INM-CM4-8
1993,29.29,ssp585,INM-CM4-8
1994,30.2,ssp585,INM-CM4-8
1995,26.62,ssp585,INM-CM4-8
1996,28.29,ssp585,INM-CM4-8
1997,32.51,ssp585,INM-CM4-8
1998,33.64,ssp585,INM-CM4-8
1999,35.19,ssp585,INM-CM4-8
2000,27.39,ssp585,INM-CM4-8
2001,31.66,ssp585,INM-CM4-8
2002,32.13,ssp585,INM-CM4-8
2003,26.09,ssp585,INM-CM4-8
2004,28.53,ssp585,INM-CM4-8
2005,28.27,ssp585,INM-CM4-8
2006,32.95,ssp585,INM-CM4-8
2007,27.53,ssp585,INM-CM4-8
2008,33.12,ssp585,INM-CM4-8
2009,33.93,ssp585,INM-CM4-8
2010,33.72,ssp585,INM-CM4-8
2011,32.23,ssp585,INM-CM4-8
2012,29.11,ssp585,INM-CM4-8
2013,31.82,ssp585,INM-CM4-8
2014,29.55,ssp585,INM-CM4-8
2015,28.5,ssp585,INM-CM4-8
2016,29.99,ssp585,INM-CM4-8
2017,34.05,ssp585,INM-CM4-8
2018,29.99,ssp585,INM-CM4-8
2019,31.41,ssp585,INM-CM4-8
2020,29.94,ssp585,INM-CM4-8
2021,34.09,ssp585,INM-CM4-8
2022,36.83,ssp585,INM-CM4-8
2023,33.36,ssp585,INM-CM4-8
2024,35.82,ssp585,INM-CM4-8
2025,33.96,ssp585,INM-CM4-8
2026,34.84,ssp585,INM-CM4-8
2027,27.43,ssp585,INM-CM4-8
2028,29.58,ssp585,INM-CM4-8
2029,33.45,ssp585,INM-CM4-8
2030,31.9,ssp585,INM-CM4-8
2031,29.06,ssp585,INM-CM4-8
2032,30.57,ssp585,INM-CM4-8
2033,29.28,ssp585,INM-CM4-8
2034,30.8,ssp585,INM-CM4-8
2035,33.99,ssp585,INM-CM4-8
2036,30.74,ssp585,INM-CM4-8
2037,32.86,ssp585,INM-CM4-8
2038,31.97,ssp585,INM-CM4-8
2039,34.85,ssp585,INM-CM4-8
2040,29.7,ssp585,INM-CM4-8
2041,24.84,ssp585,INM-CM4-8
2042,30.65,ssp585,INM-CM4-8
2043,30.88,ssp585,INM-CM4-8
2044,34.64,ssp585,INM-CM4-8
2045,32.67,ssp585,INM-CM4-8
2046,30.57,ssp585,INM-CM4-8
2047,34.04,ssp585,INM-CM4-8
2048,33.3,ssp585,INM-CM4-8
2049,27.04,ssp585,INM-CM4-8
2050,29.93,ssp585,INM-CM4-8
2051,30.95,ssp585,INM-CM4-8
2052,33.48,ssp585,INM-CM4-8
2053,28.8,ssp585,INM-CM4-8
2054,34.79,ssp585,INM-CM4-8
2055,34.65,ssp585,INM-CM4-8
2056,31.89,ssp585,INM-CM4-8
2057,29.75,ssp585,INM-CM4-8
2058,31.15,ssp585,INM-CM4-8
2059,30.12,ssp585,INM-CM4-8
2060,34.84,ssp585,INM-CM4-8
2061,36.32,ssp585,INM-CM4-8
2062,31.61,ssp585,INM-CM4-8
2063,28.04,ssp585,INM-CM4-8
2064,28.48,ssp585,INM-CM4-8
2065,32.11,ssp585,INM-CM4-8
2066,34.12,ssp585,INM-CM4-8
2067,33.5,ssp585,INM-CM4-8
2068,31.02,ssp585,INM-CM4-8
2069,29.73,ssp585,INM-CM4-8
2070,28.89,ssp585,INM-CM4-8
2071,34.43,ssp585,INM-CM4-8
2072,36.01,ssp585,INM-CM4-8
2073,28.42,ssp585,INM-CM4-8
2074,32.88,ssp585,INM-CM4-8
2075,35.07,ssp585,INM-CM4-8
2076,31.25,ssp585,INM-CM4-8
2077,31.16,ssp585,INM-CM4-8
2078,33.1,ssp585,INM-CM4-8
2079,33.68,ssp585,INM-CM4-8
2080,33.65,ssp585,INM-CM4-8
2081,34.51,ssp585,INM-CM4-8
2082,32.12,ssp585,INM-CM4-8
2083,31.35,ssp585,INM-CM4-8
2084,30.83,ssp585,INM-CM4-8
2085,28.99,ssp585,INM-CM4-8
2086,28.57,ssp585,INM-CM4-8
2087,31.79,ssp585,INM-CM4-8
2088,33.26,ssp585,INM-CM4-8
2089,29.47,ssp585,INM-CM4-8
2090,27.52,ssp585,INM-CM4-8
2091,33.81,ssp585,INM-CM4-8
2092,31.95,ssp585,INM-CM4-8
2093,30.77,ssp585,INM-CM4-8
2094,30.85,ssp585,INM-CM4-8
2095,29.61,ssp585,INM-CM4-8
2096,33.68,ssp585,INM-CM4-8
2097,37.74,ssp585,INM-CM4-8
2098,36.34,ssp585,INM-CM4-8
2099,32.07,ssp585,INM-CM4-8
2100,30.83,ssp585,INM-CM4-8
1950,31.23,ssp585,INM-CM5-0
1951,32.7,ssp585,INM-CM5-0
1952,31.28,ssp585,INM-CM5-0
1953,24.51,ssp585,INM-CM5-0
1954,29.23,ssp585,INM-CM5-0
1955,29.07,ssp585,INM-CM5-0
1956,35.32,ssp585,INM-CM5-0
1957,34.78,ssp585,INM-CM5-0
1958,33.68,ssp585,INM-CM5-0
1959,29.5,ssp585,INM-CM5-0
1960,25.06,ssp585,INM-CM5-0
1961,33.3,ssp585,INM-CM5-0
1962,29.15,ssp585,INM-CM5-0
1963,27.06,ssp585,INM-CM5-0
1964,28.96,ssp585,INM-CM5-0
1965,29.26,ssp585,INM-CM5-0
1966,30.56,ssp585,INM-CM5-0
1967,28.9,ssp585,INM-CM5-0
1968,31.88,ssp585,INM-CM5-0
1969,29.1,ssp585,INM-CM5-0
1970,29.19,ssp585,INM-CM5-0
1971,30.04,ssp585,INM-CM5-0
1972,29.55,ssp585,INM-CM5-0
1973,31.05,ssp585,INM-CM5-0
1974,26.59,ssp585,INM-CM5-0
1975,27.02,ssp585,INM-CM5-0
1976,35.21,ssp585,INM-CM5-0
1977,29.83,ssp585,INM-CM5-0
1978,30.24,ssp585,INM-CM5-0
1979,30.35,ssp585,INM-CM5-0
1980,31.79,ssp585,INM-CM5-0
1981,30.35,ssp585,INM-CM5-0
1982,33.1,ssp585,INM-CM5-0
1983,31.66,ssp585,INM-CM5-0
1984,28.42,ssp585,INM-CM5-0
1985,29.21,ssp585,INM-CM5-0
1986,29.99,ssp585,INM-CM5-0
1987,30.08,ssp585,INM-CM5-0
1988,31.37,ssp585,INM-CM5-0
1989,27.44,ssp585,INM-CM5-0
1990,32.09,ssp585,INM-CM5-0
1991,32.27,ssp585,INM-CM5-0
1992,32.79,ssp585,INM-CM5-0
1993,30.87,ssp585,INM-CM5-0
1994,26.56,ssp585,INM-CM5-0
1995,29.88,ssp585,INM-CM5-0
1996,30.17,ssp585,INM-CM5-0
1997,28.58,ssp585,INM-CM5-0
1998,31.87,ssp585,INM-CM5-0
1999,30.02,ssp585,INM-CM5-0
2000,30.27,ssp585,INM-CM5-0
2001,30.83,ssp585,INM-CM5-0
2002,28.94,ssp585,INM-CM5-0
2003,34.64,ssp585,INM-CM5-0
2004,32.49,ssp585,INM-CM5-0
2005,32.66,ssp585,INM-CM5-0
2006,33.46,ssp585,INM-CM5-0
2007,30.7,ssp585,INM-CM5-0
2008,28.48,ssp585,INM-CM5-0
2009,29.5,ssp585,INM-CM5-0
2010,28.56,ssp585,INM-CM5-0
2011,30.48,ssp585,INM-CM5-0
2012,33.21,ssp585,INM-CM5-0
2013,32.21,ssp585,INM-CM5-0
2014,29.99,ssp585,INM-CM5-0
2015,29.01,ssp585,INM-CM5-0
2016,32.15,ssp585,INM-CM5-0
2017,33.64,ssp585,INM-CM5-0
2018,25.64,ssp585,INM-CM5-0
2019,32.59,ssp585,INM-CM5-0
2020,25.72,ssp585,INM-CM5-0
2021,28.01,ssp585,INM-CM5-0
2022,30.78,ssp585,INM-CM5-0
2023,34.78,ssp585,INM-CM5-0
2024,30.53,ssp585,INM-CM5-0
2025,32.52,ssp585,INM-CM5-0
2026,28.02,ssp585,INM-CM5-0
2027,33.32,ssp585,INM-CM5-0
2028,31.3,ssp585,INM-CM5-0
2029,30.26,ssp585,INM-CM5-0
2030,26.88,ssp585,INM-CM5-0
2031,26.98,ssp585,INM-CM5-0
2032,33.11,ssp585,INM-CM5-0
2033,29.81,ssp585,INM-CM5-0
2034,29.42,ssp585,INM-CM5-0
2035,31.77,ssp585,INM-CM5-0
2036,31.22,ssp585,INM-CM5-0
2037,35.34,ssp585,INM-CM5-0
2038,31.84,ssp585,INM-CM5-0
2039,26.92,ssp585,INM-CM5-0
2040,29.61,ssp585,INM-CM5-0
2041,33.79,ssp585,INM-CM5-0
2042,28.93,ssp585,INM-CM5-0
2043,28.14,ssp585,INM-CM5-0
2044,32.52,ssp585,INM-CM5-0
2045,33.07,ssp585,INM-CM5-0
2046,27.68,ssp585,INM-CM5-0
2047,32.84,ssp585,INM-CM5-0
2048,31.22,ssp585,INM-CM5-0
2049,33.11,ssp585,INM-CM5-0
2050,28.82,ssp585,INM-CM5-0
2051,30.39,ssp585,INM-CM5-0
2052,31.21,ssp585,INM-CM5-0
2053,37.51,ssp585,INM-CM5-0
2054,26.57,ssp585,INM-CM5-0
2055,29.99,ssp585,INM-CM5-0
2056,31.01,ssp585,INM-CM5-0
2057,35.65,ssp585,INM-CM5-0
2058,31.63,ssp585,INM-CM5-0
2059,33.93,ssp585,INM-CM5-0
2060,32.85,ssp585,INM-CM5-0
2061,30.08,ssp585,INM-CM5-0
2062,24.31,ssp585,INM-CM5-0
2063,38.16,ssp585,INM-CM5-0
2064,30.75,ssp585,INM-CM5-0
2065,27.94,ssp585,INM-CM5-0
2066,31.74,ssp585,INM-CM5-0
2067,33.8,ssp585,INM-CM5-0
2068,30.74,ssp585,INM-CM5-0
2069,31.79,ssp585,INM-CM5-0
2070,36.17,ssp585,INM-CM5-0
2071,32.99,ssp585,INM-CM5-0
2072,31.61,ssp585,INM-CM5-0
2073,33.33,ssp585,INM-CM5-0
2074,31.08,ssp585,INM-CM5-0
2075,34.92,ssp585,INM-CM5-0
2076,27.25,ssp585,INM-CM5-0
2077,34.45,ssp585,INM-CM5-0
2078,31.73,ssp585,INM-CM5-0
2079,32.16,ssp585,INM-CM5-0
2080,32.86,ssp585,INM-CM5-0
2081,27.79,ssp585,INM-CM5-0
2082,40.78,ssp585,INM-CM5-0
2083,36.28,ssp585,INM-CM5-0
2084,31.78,ssp585,INM-CM5-0
2085,31.7,ssp585,INM-CM5-0
2086,33.3,ssp585,INM-CM5-0
2087,30.9,ssp585,INM-CM5-0
2088,33.47,ssp585,INM-CM5-0
2089,32.2,ssp585,INM-CM5-0
2090,29.25,ssp585,INM-CM5-0
2091,35.86,ssp585,INM-CM5-0
2092,35.3,ssp585,INM-CM5-0
2093,30.18,ssp585,INM-CM5-0
2094,33.01,ssp585,INM-CM5-0
2095,35.87,ssp585,INM-CM5-0
2096,31.25,ssp585,INM-CM5-0
2097,31.93,ssp585,INM-CM5-0
2098,35.49,ssp585,INM-CM5-0
2099,35.74,ssp585,INM-CM5-0
2100,34.27,ssp585,INM-CM5-0
1950,28.96,ssp585,IPSL-CM6A-LR
1951,32.32,ssp585,IPSL-CM6A-LR
1952,31.64,ssp585,IPSL-CM6A-LR
1953,29.56,ssp585,IPSL-CM6A-LR
1954,28.07,ssp585,IPSL-CM6A-LR
1955,31.44,ssp585,IPSL-CM6A-LR
1956,29.7,ssp585,IPSL-CM6A-LR
1957,28.13,ssp585,IPSL-CM6A-LR
1958,30.82,ssp585,IPSL-CM6A-LR
1959,26.38,ssp585,IPSL-CM6A-LR
1960,30.97,ssp585,IPSL-CM6A-LR
1961,30.96,ssp585,IPSL-CM6A-LR
1962,30.18,ssp585,IPSL-CM6A-LR
1963,30.91,ssp585,IPSL-CM6A-LR
1964,30.29,ssp585,IPSL-CM6A-LR
1965,31.55,ssp585,IPSL-CM6A-LR
1966,29.81,ssp585,IPSL-CM6A-LR
1967,27.31,ssp585,IPSL-CM6A-LR
1968,34.86,ssp585,IPSL-CM6A-LR
1969,29.86,ssp585,IPSL-CM6A-LR
1970,27.59,ssp585,IPSL-CM6A-LR
1971,31.82,ssp585,IPSL-CM6A-LR
1972,32.91,ssp585,IPSL-CM6A-LR
1973,29.8,ssp585,IPSL-CM6A-LR
1974,30.39,ssp585,IPSL-CM6A-LR
1975,28.15,ssp585,IPSL-CM6A-LR
1976,28.66,ssp585,IPSL-CM6A-LR
1977,25.93,ssp585,IPSL-CM6A-LR
1978,29.23,ssp585,IPSL-CM6A-LR
1979,33.43,ssp585,IPSL-CM6A-LR
1980,36.16,ssp585,IPSL-CM6A-LR
1981,32.71,ssp585,IPSL-CM6A-LR
1982,28.67,ssp585,IPSL-CM6A-LR
1983,31.14,ssp585,IPSL-CM6A-LR
1984,26.41,ssp585,IPSL-CM6A-LR
1985,26.49,ssp585,IPSL-CM6A-LR
1986,27.92,ssp585,IPSL-CM6A-LR
1987,31.27,ssp585,IPSL-CM6A-LR
1988,32.27,ssp585,IPSL-CM6A-LR
1989,31.99,ssp585,IPSL-CM6A-LR
1990,27.21,ssp585,IPSL-CM6A-LR
1991,32.29,ssp585,IPSL-CM6A-LR
1992,28.98,ssp585,IPSL-CM6A-LR
1993,32.17,ssp585,IPSL-CM6A-LR
1994,29.99,ssp585,IPSL-CM6A-LR
1995,27.8,ssp585,IPSL-CM6A-LR
1996,30.87,ssp585,IPSL-CM6A-LR
1997,28.97,ssp585,IPSL-CM6A-LR
1998,30.21,ssp585,IPSL-CM6A-LR
1999,30.61,ssp585,IPSL-CM6A-LR
2000,33.71,ssp585,IPSL-CM6A-LR
2001,30.93,ssp585,IPSL-CM6A-LR
2002,32.81,ssp585,IPSL-CM6A-LR
2003,27.31,ssp585,IPSL-CM6A-LR
2004,27.75,ssp585,IPSL-CM6A-LR
2005,31.45,ssp585,IPSL-CM6A-LR
2006,33.29,ssp585,IPSL-CM6A-LR
2007,25.03,ssp585,IPSL-CM6A-LR
2008,28.59,ssp585,IPSL-CM6A-LR
2009,34.95,ssp585,IPSL-CM6A-LR
2010,30.16,ssp585,IPSL-CM6A-LR
2011,33.15,ssp585,IPSL-CM6A-LR
2012,31.64,ssp585,IPSL-CM6A-LR
2013,28.89,ssp585,IPSL-CM6A-LR
2014,30.17,ssp585,IPSL-CM6A-LR
2015,29.34,ssp585,IPSL-CM6A-LR
2016,35.1,ssp585,IPSL-CM6A-LR
2017,32.4,ssp585,IPSL-CM6A-LR
2018,32.86,ssp585,IPSL-CM6A-LR
2019,28.19,ssp585,IPSL-CM6A-LR
2020,33.23,ssp585,IPSL-CM6A-LR
2021,31.78,ssp585,IPSL-CM6A-LR
2022,30.34,ssp585,IPSL-CM6A-LR
2023,27.74,ssp585,IPSL-CM6A-LR
2024,33.28,ssp585,IPSL-CM6A-LR
2025,31.15,ssp585,IPSL-CM6A-LR
2026,29.21,ssp585,IPSL-CM6A-LR
2027,34.14,ssp585,IPSL-CM6A-LR
2028,31.69,ssp585,IPSL-CM6A-LR
2029,36.36,ssp585,IPSL-CM6A-LR
2030,34.89,ssp585,IPSL-CM6A-LR
2031,31.52,ssp585,IPSL-CM6A-LR
2032,30.98,ssp585,IPSL-CM6A-LR
2033,30.61,ssp585,IPSL-CM6A-LR
2034,31.01,ssp585,IPSL-CM6A-LR
2035,33.22,ssp585,IPSL-CM6A-LR
2036,33.0,ssp585,IPSL-CM6A-LR
2037,30.04,ssp585,IPSL-CM6A-LR
2038,33.87,ssp585,IPSL-CM6A-LR
2039,33.01,ssp585,IPSL-CM6A-LR
2040,32.1,ssp585,IPSL-CM6A-LR
2041,33.91,ssp585,IPSL-CM6A-LR
2042,31.47,ssp585,IPSL-CM6A-LR
2043,33.51,ssp585,IPSL-CM6A-LR
2044,36.52,ssp585,IPSL-CM6A-LR
2045,29.05,ssp585,IPSL-CM6A-LR
2046,32.33,ssp585,IPSL-CM6A-LR
2047,34.62,ssp585,IPSL-CM6A-LR
2048,33.27,ssp585,IPSL-CM6A-LR
2049,28.49,ssp585,IPSL-CM6A-LR
2050,28.0,ssp585,IPSL-CM6A-LR
2051,31.02,ssp585,IPSL-CM6A-LR
2052,33.55,ssp585,IPSL-CM6A-LR
2053,35.93,ssp585,IPSL-CM6A-LR
2054,28.04,ssp585,IPSL-CM6A-LR
2055,29.84,ssp585,IPSL-CM6A-LR
2056,36.51,ssp585,IPSL-CM6A-LR
2057,33.7,ssp585,IPSL-CM6A-LR
2058,35.16,ssp585,IPSL-CM6A-LR
2059,34.38,ssp585,IPSL-CM6A-LR
2060,31.07,ssp585,IPSL-CM6A-LR
2061,31.82,ssp585,IPSL-CM6A-LR
2062,28.41,ssp585,IPSL-CM6A-LR
2063,34.29,ssp585,IPSL-CM6A-LR
2064,30.85,ssp585,IPSL-CM6A-LR
2065,32.99,ssp585,IPSL-CM6A-LR
2066,41.21,ssp585,IPSL-CM6A-LR
2067,31.54,ssp585,IPSL-CM6A-LR
2068,33.63,ssp585,IPSL-CM6A-LR
2069,37.44,ssp585,IPSL-CM6A-LR
2070,30.6,ssp585,IPSL-CM6A-LR
2071,34.79,ssp585,IPSL-CM6A-LR
2072,33.73,ssp585,IPSL-CM6A-LR
2073,32.77,ssp585,IPSL-CM6A-LR
2074,30.76,ssp585,IPSL-CM6A-LR
2075,34.59,ssp585,IPSL-CM6A-LR
2076,31.56,ssp585,IPSL-CM6A-LR
2077,31.22,ssp585,IPSL-CM6A-LR
2078,30.34,ssp585,IPSL-CM6A-LR
2079,34.87,ssp585,IPSL-CM6A-LR
2080,39.32,ssp585,IPSL-CM6A-LR
2081,40.5,ssp585,IPSL-CM6A-LR
2082,28.8,ssp585,IPSL-CM6A-LR
2083,30.0,ssp585,IPSL-CM6A-LR
2084,35.16,ssp585,IPSL-CM6A-LR
2085,32.22,ssp585,IPSL-CM6A-LR
2086,34.58,ssp585,IPSL-CM6A-LR
2087,39.51,ssp585,IPSL-CM6A-LR
2088,34.3,ssp585,IPSL-CM6A-LR
2089,38.78,ssp585,IPSL-CM6A-LR
2090,36.31,ssp585,IPSL-CM6A-LR
2091,35.82,ssp585,IPSL-CM6A-LR
2092,32.32,ssp585,IPSL-CM6A-LR
2093,24.64,ssp585,IPSL-CM6A-LR
2094,30.39,ssp585,IPSL-CM6A-LR
2095,35.5,ssp585,IPSL-CM6A-LR
2096,29.57,ssp585,IPSL-CM6A-LR
2097,32.45,ssp585,IPSL-CM6A-LR
2098,38.26,ssp585,IPSL-CM6A-LR
2099,31.37,ssp585,IPSL-CM6A-LR
2100,32.88,ssp585,IPSL-CM6A-LR
1950,27.07,ssp585,MIROC6
1951,33.17,ssp585,MIROC6
1952,30.91,ssp585,MIROC6
1953,28.42,ssp585,MIROC6
1954,30.54,ssp585,MIROC6
1955,32.73,ssp585,MIROC6
1956,33.1,ssp585,MIROC6
1957,31.69,ssp585,MIROC6
1958,32.64,ssp585,MIROC6
1959,26.84,ssp585,MIROC6
1960,31.71,ssp585,MIROC6
1961,32.66,ssp585,MIROC6
1962,30.8,ssp585,MIROC6
1963,27.77,ssp585,MIROC6
1964,27.89,ssp585,MIROC6
1965,23.92,ssp585,MIROC6
1966,28.72,ssp585,MIROC6
1967,31.13,ssp585,MIROC6
1968,31.09,ssp585,MIROC6
1969,29.94,ssp585,MIROC6
1970,31.32,ssp585,MIROC6
1971,29.41,ssp585,MIROC6
1972,29.75,ssp585,MIROC6
1973,30.27,ssp585,MIROC6
1974,31.5,ssp585,MIROC6
1975,30.55,ssp585,MIROC6
1976,31.7,ssp585,MIROC6
1977,27.86,ssp585,MIROC6
1978,30.45,ssp585,MIROC6
1979,27.24,ssp585,MIROC6
1980,28.33,ssp585,MIROC6
1981,27.67,ssp585,MIROC6
1982,29.68,ssp585,MIROC6
1983,32.77,ssp585,MIROC6
1984,31.76,ssp585,MIROC6
1985,30.32,ssp585,MIROC6
1986,26.73,ssp585,MIROC6
1987,32.21,ssp585,MIROC6
1988,34.07,ssp585,MIROC6
1989,29.56,ssp585,MIROC6
1990,30.99,ssp585,MIROC6
1991,30.82,ssp585,MIROC6
1992,29.53,ssp585,MIROC6
1993,34.43,ssp585,MIROC6
1994,31.13,ssp585,MIROC6
1995,25.55,ssp585,MIROC6
1996,24.8,ssp585,MIROC6
1997,32.18,ssp585,MIROC6
1998,35.29,ssp585,MIROC6
1999,33.49,ssp585,MIROC6
2000,28.11,ssp585,MIROC6
2001,26.56,ssp585,MIROC6
2002,25.66,ssp585,MIROC6
2003,36.05,ssp585,MIROC6
2004,32.35,ssp585,MIROC6
2005,28.49,ssp585,MIROC6
2006,27.63,ssp585,MIROC6
2007,32.02,ssp585,MIROC6
2008,34.65,ssp585,MIROC6
2009,32.44,ssp585,MIROC6
2010,31.19,ssp585,MIROC6
2011,28.39,ssp585,MIROC6
2012,27.88,ssp585,MIROC6
2013,31.49,ssp585,MIROC6
2014,29.28,ssp585,MIROC6
2015,27.9,ssp585,MIROC6
2016,27.8,ssp585,MIROC6
2017,29.33,ssp585,MIROC6
2018,30.49,ssp585,MIROC6
2019,31.83,ssp585,MIROC6
2020,31.53,ssp585,MIROC6
2021,33.96,ssp585,MIROC6
2022,31.69,ssp585,MIROC6
2023,30.15,ssp585,MIROC6
2024,34.9,ssp585,MIROC6
2025,36.31,ssp585,MIROC6
2026,30.9,ssp585,MIROC6
2027,34.01,ssp585,MIROC6
2028,30.82,ssp585,MIROC6
2029,35.4,ssp585,MIROC6
2030,28.51,ssp585,MIROC6
2031,28.09,ssp585,MIROC6
2032,27.9,ssp585,MIROC6
2033,28.98,ssp585,MIROC6
2034,30.69,ssp585,MIROC6
2035,32.89,ssp585,MIROC6
2036,32.09,ssp585,MIROC6
2037,30.62,ssp585,MIROC6
2038,30.72,ssp585,MIROC6
2039,31.49,ssp585,MIROC6
2040,36.15,ssp585,MIROC6
2041,31.28,ssp585,MIROC6
2042,32.17,ssp585,MIROC6
2043,30.51,ssp585,MIROC6
2044,31.74,ssp585,MIROC6
2045,35.27,ssp585,MIROC6
2046,33.44,ssp585,MIROC6
2047,29.66,ssp585,MIROC6
2048,28.43,ssp585,MIROC6
2049,34.59,ssp585,MIROC6
2050,35.8,ssp585,MIROC6
2051,32.33,ssp585,MIROC6
2052,28.5,ssp585,MIROC6
2053,32.21,ssp585,MIROC6
2054,27.91,ssp585,MIROC6
2055,33.39,ssp585,MIROC6
2056,33.27,ssp585,MIROC6
2057,35.02,ssp585,MIROC6
2058,30.13,ssp585,MIROC6
2059,28.94,ssp585,MIROC6
2060,30.13,ssp585,MIROC6
2061,31.76,ssp585,MIROC6
2062,35.01,ssp585,MIROC6
2063,32.87,ssp585,MIROC6
2064,28.33,ssp585,MIROC6
2065,30.64,ssp585,MIROC6
2066,32.84,ssp585,MIROC6
2067,34.9,ssp585,MIROC6
2068,31.92,ssp585,MIROC6
2069,34.74,ssp585,MIROC6
2070,30.95,ssp585,MIROC6
2071,25.29,ssp585,MIROC6
2072,33.29,ssp585,MIROC6
2073,34.43,ssp585,MIROC6
2074,37.92,ssp585,MIROC6
2075,32.24,ssp585,MIROC6
2076,29.67,ssp585,MIROC6
2077,27.11,ssp585,MIROC6
2078,30.87,ssp585,MIROC6
2079,38.54,ssp585,MIROC6
2080,37.91,ssp585,MIROC6
2081,35.13,ssp585,MIROC6
2082,32.78,ssp585,MIROC6
2083,29.1,ssp585,MIROC6
2084,26.98,ssp585,MIROC6
2085,37.95,ssp585,MIROC6
2086,31.61,ssp585,MIROC6
2087,31.98,ssp585,MIROC6
2088,34.73,ssp585,MIROC6
2089,35.08,ssp585,MIROC6
2090,32.36,ssp585,MIROC6
2091,29.98,ssp585,MIROC6
2092,27.63,ssp585,MIROC6
2093,32.53,ssp585,MIROC6
2094,35.71,ssp585,MIROC6
2095,36.31,ssp585,MIROC6
2096,29.62,ssp585,MIROC6
2097,34.0,ssp585,MIROC6
2098,35.25,ssp585,MIROC6
2099,33.14,ssp585,MIROC6
2100,40.68,ssp585,MIROC6
1950,30.03,ssp585,MPI-ESM1-2-HR
1951,31.1,ssp585,MPI-ESM1-2-HR
1952,28.29,ssp585,MPI-ESM1-2-HR
1953,31.0,ssp585,MPI-ESM1-2-HR
1954,26.28,ssp585,MPI-ESM1-2-HR
1955,29.08,ssp585,MPI-ESM1-2-HR
1956,28.8,ssp585,MPI-ESM1-2-HR
1957,26.35,ssp585,MPI-ESM1-2-HR
1958,29.43,ssp585,MPI-ESM1-2-HR
1959,30.67,ssp585,MPI-ESM1-2-HR
1960,27.83,ssp585,MPI-ESM1-2-HR
1961,28.22,ssp585,MPI-ESM1-2-HR
1962,33.81,ssp585,MPI-ESM1-2-HR
1963,29.58,ssp585,MPI-ESM1-2-HR
1964,31.04,ssp585,MPI-ESM1-2-HR
1965,31.4,ssp585,MPI-ESM1-2-HR
1966,26.91,ssp585,MPI-ESM1-2-HR
1967,25.61,ssp585,MPI-ESM1-2-HR
1968,27.16,ssp585,MPI-ESM1-2-HR
1969,28.14,ssp585,MPI-ESM1-2-HR
1970,32.05,ssp585,MPI-ESM1-2-HR
1971,27.07,ssp585,MPI-ESM1-2-HR
1972,29.49,ssp585,MPI-ESM1-2-HR
1973,27.83,ssp585,MPI-ESM1-2-HR
1974,29.04,ssp585,MPI-ESM1-2-HR
1975,28.26,ssp585,MPI-ESM1-2-HR
1976,34.36,ssp585,MPI-ESM1-2-HR
1977,30.71,ssp585,MPI-ESM1-2-HR
1978,30.61,ssp585,MPI-ESM1-2-HR
1979,33.89,ssp585,MPI-ESM1-2-HR
1980,29.09,ssp585,MPI-ESM1-2-HR
1981,31.11,ssp585,MPI-ESM1-2-HR
1982,31.46,ssp585,MPI-ESM1-2-HR
1983,29.46,ssp585,MPI-ESM1-2-HR
1984,32.31,ssp585,MPI-ESM1-2-HR
1985,33.18,ssp585,MPI-ESM1-2-HR
1986,33.0,ssp585,MPI-ESM1-2-HR
1987,31.57,ssp585,MPI-ESM1-2-HR
1988,31.69,ssp585,MPI-ESM1-2-HR
1989,29.07,ssp585,MPI-ESM1-2-HR
1990,27.64,ssp585,MPI-ESM1-2-HR
1991,31.09,ssp585,MPI-ESM1-2-HR
1992,30.02,ssp585,MPI-ESM1-2-HR
1993,30.96,ssp585,MPI-ESM1-2-HR
1994,34.94,ssp585,MPI-ESM1-2-HR
1995,31.04,ssp585,MPI-ESM1-2-HR
1996,26.49,ssp585,MPI-ESM1-2-HR
1997,27.37,ssp585,MPI-ESM1-2-HR
1998,29.15,ssp585,MPI-ESM1-2-HR
1999,34.16,ssp585,MPI-ESM1-2-HR
2000,33.92,ssp585,MPI-ESM1-2-HR
2001,32.84,ssp585,MPI-ESM1-2-HR
2002,29.44,ssp585,MPI-ESM1-2-HR
2003,29.33,ssp585,MPI-ESM1-2-HR
2004,29.34,ssp585,MPI-ESM1-2-HR
2005,30.52,ssp585,MPI-ESM1-2-HR
2006,28.37,ssp585,MPI-ESM1-2-HR
2007,30.61,ssp585,MPI-ESM1-2-HR
2008,28.57,ssp585,MPI-ESM1-2-HR
2009,28.01,ssp585,MPI-ESM1-2-HR
2010,30.5,ssp585,MPI-ESM1-2-HR
2011,35.39,ssp585,MPI-ESM1-2-HR
2012,31.8,ssp585,MPI-ESM1-2-HR
2013,32.47,ssp585,MPI-ESM1-2-HR
2014,29.05,ssp585,MPI-ESM1-2-HR
2015,29.49,ssp585,MPI-ESM1-2-HR
2016,29.94,ssp585,MPI-ESM1-2-HR
2017,29.48,ssp585,MPI-ESM1-2-HR
2018,29.41,ssp585,MPI-ESM1-2-HR
2019,34.57,ssp585,MPI-ESM1-2-HR
2020,31.62,ssp585,MPI-ESM1-2-HR
2021,30.02,ssp585,MPI-ESM1-2-HR
2022,31.01,ssp585,MPI-ESM1-2-HR
2023,29.67,ssp585,MPI-ESM1-2-HR
2024,32.14,ssp585,MPI-ESM1-2-HR
2025,31.76,ssp585,MPI-ESM1-2-HR
2026,31.82,ssp585,MPI-ESM1-2-HR
2027,30.27,ssp585,MPI-ESM1-2-HR
2028,32.56,ssp585,MPI-ESM1-2-HR
2029,33.3,ssp585,MPI-ESM1-2-HR
2030,32.8,ssp585,MPI-ESM1-2-HR
2031,29.3,ssp585,MPI-ESM1-2-HR
2032,27.81,ssp585,MPI-ESM1-2-HR
2033,29.1,ssp585,MPI-ESM1-2-HR
2034,35.16,ssp585,MPI-ESM1-2-HR
2035,29.3,ssp585,MPI-ESM1-2-HR
2036,30.75,ssp585,MPI-ESM1-2-HR
2037,34.34,ssp585,MPI-ESM1-2-HR
2038,33.61,ssp585,MPI-ESM1-2-HR
2039,27.45,ssp585,MPI-ESM1-2-HR
2040,29.38,ssp585,MPI-ESM1-2-HR
2041,29.89,ssp585,MPI-ESM1-2-HR
2042,33.07,ssp585,MPI-ESM1-2-HR
2043,32.49,ssp585,MPI-ESM1-2-HR
2044,27.98,ssp585,MPI-ESM1-2-HR
2045,28.75,ssp585,MPI-ESM1-2-HR
2046,30.31,ssp585,MPI-ESM1-2-HR
2047,28.94,ssp585,MPI-ESM1-2-HR
2048,28.17,ssp585,MPI-ESM1-2-HR
2049,37.04,ssp585,MPI-ESM1-2-HR
2050,31.7,ssp585,MPI-ESM1-2-HR
2051,29.86,ssp585,MPI-ESM1-2-HR
2052,28.25,ssp585,MPI-ESM1-2-HR
2053,32.7,ssp585,MPI-ESM1-2-HR
2054,32.35,ssp585,MPI-ESM1-2-HR
2055,33.39,ssp585,MPI-ESM1-2-HR
2056,33.83,ssp585,MPI-ESM1-2-HR
2057,37.86,ssp585,MPI-ESM1-2-HR
2058,34.06,ssp585,MPI-ESM1-2-HR
2059,26.77,ssp585,MPI-ESM1-2-HR
2060,34.58,ssp585,MPI-ESM1-2-HR
2061,34.53,ssp585,MPI-ESM1-2-HR
2062,33.13,ssp585,MPI-ESM1-2-HR
2063,27.55,ssp585,MPI-ESM1-2-HR
2064,33.3,ssp585,MPI-ESM1-2-HR
2065,29.47,ssp585,MPI-ESM1-2-HR
2066,32.71,ssp585,MPI-ESM1-2-HR
2067,26.41,ssp585,MPI-ESM1-2-HR
2068,24.67,ssp585,MPI-ESM1-2-HR
2069,28.1,ssp585,MPI-ESM1-2-HR
2070,34.89,ssp585,MPI-ESM1-2-HR
2071,30.93,ssp585,MPI-ESM1-2-HR
2072,31.61,ssp585,MPI-ESM1-2-HR
2073,31.8,ssp585,MPI-ESM1-2-HR
2074,28.76,ssp585,MPI-ESM1-2-HR
2075,34.43,ssp585,MPI-ESM1-2-HR
2076,33.6,ssp585,MPI-ESM1-2-HR
2077,30.85,ssp585,MPI-ESM1-2-HR
2078,31.4,ssp585,MPI-ESM1-2-HR
2079,32.71,ssp585,MPI-ESM1-2-HR
2080,26.46,ssp585,MPI-ESM1-2-HR
2081,28.53,ssp585,MPI-ESM1-2-HR
2082,34.73,ssp585,MPI-ESM1-2-HR
2083,24.61,ssp585,MPI-ESM1-2-HR
2084,30.86,ssp585,MPI-ESM1-2-HR
2085,27.93,ssp585,MPI-ESM1-2-HR
2086,24.41,ssp585,MPI-ESM1-2-HR
2087,29.59,ssp585,MPI-ESM1-2-HR
2088,29.44,ssp585,MPI-ESM1-2-HR
2089,26.49,ssp585,MPI-ESM1-2-HR
2090,35.84,ssp585,MPI-ESM1-2-HR
2091,31.1,ssp585,MPI-ESM1-2-HR
2092,31.42,ssp585,MPI-ESM1-2-HR
2093,28.44,ssp585,MPI-ESM1-2-HR
2094,27.49,ssp585,MPI-ESM1-2-HR
2095,30.25,ssp585,MPI-ESM1-2-HR
2096,30.83,ssp585,MPI-ESM1-2-HR
2097,31.54,ssp585,MPI-ESM1-2-HR
2098,33.33,ssp585,MPI-ESM1-2-HR
2099,28.76,ssp585,MPI-ESM1-2-HR
2100,30.48,ssp585,MPI-ESM1-2-HR
1950,32.64,ssp585,MPI-ESM1-2-LR
1951,32.43,ssp585,MPI-ESM1-2-LR
1952,32.64,ssp585,MPI-ESM1-2-LR
1953,34.12,ssp585,MPI-ESM1-2-LR
1954,30.36,ssp585,MPI-ESM1-2-LR
1955,27.09,ssp585,MPI-ESM1-2-LR
1956,27.08,ssp585,MPI-ESM1-2-LR
1957,27.85,ssp585,MPI-ESM1-2-LR
1958,24.8,ssp585,MPI-ESM1-2-LR
1959,29.45,ssp585,MPI-ESM1-2-LR
1960,34.73,ssp585,MPI-ESM1-2-LR
1961,35.29,ssp585,MPI-ESM1-2-LR
1962,30.33,ssp585,MPI-ESM1-2-LR
1963,29.78,ssp585,MPI-ESM1-2-LR
1964,30.73,ssp585,MPI-ESM1-2-LR
1965,28.76,ssp585,MPI-ESM1-2-LR
1966,36.27,ssp585,MPI-ESM1-2-LR
1967,26.87,ssp585,MPI-ESM1-2-LR
1968,31.08,ssp585,MPI-ESM1-2-LR
1969,34.16,ssp585,MPI-ESM1-2-LR
1970,29.78,ssp585,MPI-ESM1-2-LR
1971,26.88,ssp585,MPI-ESM1-2-LR
1972,35.95,ssp585,MPI-ESM1-2-LR
1973,33.09,ssp585,MPI-ESM1-2-LR
1974,31.95,ssp585,MPI-ESM1-2-LR
1975,28.78,ssp585,MPI-ESM1-2-LR
1976,28.71,ssp585,MPI-ESM1-2-LR
1977,24.71,ssp585,MPI-ESM1-2-LR
1978,25.23,ssp585,MPI-ESM1-2-LR
1979,26.94,ssp585,MPI-ESM1-2-LR
1980,28.97,ssp585,MPI-ESM1-2-LR
1981,28.27,ssp585,MPI-ESM1-2-LR
1982,29.7,ssp585,MPI-ESM1-2-LR
1983,33.45,ssp585,MPI-ESM1-2-LR
1984,30.77,ssp585,MPI-ESM1-2-LR
1985,28.23,ssp585,MPI-ESM1-2-LR
1986,32.9,ssp585,MPI-ESM1-2-LR
1987,22.59,ssp585,MPI-ESM1-2-LR
1988,32.36,ssp585,MPI-ESM1-2-LR
1989,24.26,ssp585,MPI-ESM1-2-LR
1990,30.92,ssp585,MPI-ESM1-2-LR
1991,30.71,ssp585,MPI-ESM1-2-LR
1992,32.11,ssp585,MPI-ESM1-2-LR
1993,30.93,ssp585,MPI-ESM1-2-LR
1994,24.92,ssp585,MPI-ESM1-2-LR
1995,30.21,ssp585,MPI-ESM1-2-LR
1996,30.5,ssp585,MPI-ESM1-2-LR
1997,34.6,ssp585,MPI-ESM1-2-LR
1998,33.79,ssp585,MPI-ESM1-2-LR
1999,32.26,ssp585,MPI-ESM1-2-LR
2000,28.25,ssp585,MPI-ESM1-2-LR
2001,27.45,ssp585,MPI-ESM1-2-LR
2002,30.07,ssp585,MPI-ESM1-2-LR
2003,34.08,ssp585,MPI-ESM1-2-LR
2004,28.68,ssp585,MPI-ESM1-2-LR
2005,25.66,ssp585,MPI-ESM1-2-LR
2006,28.36,ssp585,MPI-ESM1-2-LR
2007,28.63,ssp585,MPI-ESM1-2-LR
2008,28.2,ssp585,MPI-ESM1-2-LR
2009,32.9,ssp585,MPI-ESM1-2-LR
2010,28.29,ssp585,MPI-ESM1-2-LR
2011,30.94,ssp585,MPI-ESM1-2-LR
2012,35.56,ssp585,MPI-ESM1-2-LR
2013,34.28,ssp585,MPI-ESM1-2-LR
2014,28.83,ssp585,MPI-ESM1-2-LR
2015,34.52,ssp585,MPI-ESM1-2-LR
2016,31.98,ssp585,MPI-ESM1-2-LR
2017,31.89,ssp585,MPI-ESM1-2-LR
2018,32.11,ssp585,MPI-ESM1-2-LR
2019,33.03,ssp585,MPI-ESM1-2-LR
2020,28.96,ssp585,MPI-ESM1-2-LR
2021,30.9,ssp585,MPI-ESM1-2-LR
2022,33.76,ssp585,MPI-ESM1-2-LR
2023,34.64,ssp585,MPI-ESM1-2-LR
2024,37.07,ssp585,MPI-ESM1-2-LR
2025,31.87,ssp585,MPI-ESM1-2-LR
2026,28.82,ssp585,MPI-ESM1-2-LR
2027,31.56,ssp585,MPI-ESM1-2-LR
2028,33.92,ssp585,MPI-ESM1-2-LR
2029,30.53,ssp585,MPI-ESM1-2-LR
2030,28.66,ssp585,MPI-ESM1-2-LR
2031,31.84,ssp585,MPI-ESM1-2-LR
2032,30.18,ssp585,MPI-ESM1-2-LR
2033,26.63,ssp585,MPI-ESM1-2-LR
2034,32.23,ssp585,MPI-ESM1-2-LR
2035,31.04,ssp585,MPI-ESM1-2-LR
2036,24.64,ssp585,MPI-ESM1-2-LR
2037,29.8,ssp585,MPI-ESM1-2-LR
2038,28.85,ssp585,MPI-ESM1-2-LR
2039,31.21,ssp585,MPI-ESM1-2-LR
2040,38.95,ssp585,MPI-ESM1-2-LR
2041,34.49,ssp585,MPI-ESM1-2-LR
2042,35.32,ssp585,MPI-ESM1-2-LR
2043,33.26,ssp585,MPI-ESM1-2-LR
2044,28.42,ssp585,MPI-ESM1-2-LR
2045,26.11,ssp585,MPI-ESM1-2-LR
2046,30.85,ssp585,MPI-ESM1-2-LR
2047,35.82,ssp585,MPI-ESM1-2-LR
2048,32.44,ssp585,MPI-ESM1-2-LR
2049,34.35,ssp585,MPI-ESM1-2-LR
2050,34.38,ssp585,MPI-ESM1-2-LR
2051,29.8,ssp585,MPI-ESM1-2-LR
2052,30.71,ssp585,MPI-ESM1-2-LR
2053,31.39,ssp585,MPI-ESM1-2-LR
2054,34.94,ssp585,MPI-ESM1-2-LR
2055,28.18,ssp585,MPI-ESM1-2-LR
2056,32.07,ssp585,MPI-ESM1-2-LR
2057,30.64,ssp585,MPI-ESM1-2-LR
2058,28.4,ssp585,MPI-ESM1-2-LR
2059,32.24,ssp585,MPI-ESM1-2-LR
2060,30.4,ssp585,MPI-ESM1-2-LR
2061,35.81,ssp585,MPI-ESM1-2-LR
2062,33.35,ssp585,MPI-ESM1-2-LR
2063,26.88,ssp585,MPI-ESM1-2-LR
2064,35.62,ssp585,MPI-ESM1-2-LR
2065,31.96,ssp585,MPI-ESM1-2-LR
2066,31.68,ssp585,MPI-ESM1-2-LR
2067,31.87,ssp585,MPI-ESM1-2-LR
2068,29.99,ssp585,MPI-ESM1-2-LR
2069,29.67,ssp585,MPI-ESM1-2-LR
2070,37.56,ssp585,MPI-ESM1-2-LR
2071,26.59,ssp585,MPI-ESM1-2-LR
2072,27.58,ssp585,MPI-ESM1-2-LR
2073,24.51,ssp585,MPI-ESM1-2-LR
2074,32.89,ssp585,MPI-ESM1-2-LR
2075,35.4,ssp585,MPI-ESM1-2-LR
2076,32.25,ssp585,MPI-ESM1-2-LR
2077,27.84,ssp585,MPI-ESM1-2-LR
2078,26.94,ssp585,MPI-ESM1-2-LR
2079,29.87,ssp585,MPI-ESM1-2-LR
2080,35.43,ssp585,MPI-ESM1-2-LR
2081,28.68,ssp585,MPI-ESM1-2-LR
2082,25.62,ssp585,MPI-ESM1-2-LR
2083,32.44,ssp585,MPI-ESM1-2-LR
2084,34.42,ssp585,MPI-ESM1-2-LR
2085,31.89,ssp585,MPI-ESM1-2-LR
2086,27.28,ssp585,MPI-ESM1-2-LR
2087,33.51,ssp585,MPI-ESM1-2-LR
2088,33.11,ssp585,MPI-ESM1-2-LR
2089,31.54,ssp585,MPI-ESM1-2-LR
2090,29.51,ssp585,MPI-ESM1-2-LR
2091,31.9,ssp585,MPI-ESM1-2-LR
2092,27.82,ssp585,MPI-ESM1-2-LR
2093,27.42,ssp585,MPI-ESM1-2-LR
2094,26.71,ssp585,MPI-ESM1-2-LR
2095,34.02,ssp585,MPI-ESM1-2-LR
2096,25.71,ssp585,MPI-ESM1-2-LR
2097,34.53,ssp585,MPI-ESM1-2-LR
2098,35.63,ssp585,MPI-ESM1-2-LR
2099,32.22,ssp585,MPI-ESM1-2-LR
2100,31.72,ssp585,MPI-ESM1-2-LR
1950,32.57,ssp585,MRI-ESM2-0
1951,31.39,ssp585,MRI-ESM2-0
1952,27.37,ssp585,MRI-ESM2-0
1953,23.02,ssp585,MRI-ESM2-0
1954,31.75,ssp585,MRI-ESM2-0
1955,34.15,ssp585,MRI-ESM2-0
1956,26.77,ssp585,MRI-ESM2-0
1957,26.15,ssp585,MRI-ESM2-0
1958,29.79,ssp585,MRI-ESM2-0
1959,29.06,ssp585,MRI-ESM2-0
1960,29.45,ssp585,MRI-ESM2-0
1961,27.29,ssp585,MRI-ESM2-0
1962,32.31,ssp585,MRI-ESM2-0
1963,30.33,ssp585,MRI-ESM2-0
1964,31.58,ssp585,MRI-ESM2-0
1965,29.91,ssp585,MRI-ESM2-0
1966,30.87,ssp585,MRI-ESM2-0
1967,31.22,ssp585,MRI-ESM2-0
1968,27.25,ssp585,MRI-ESM2-0
1969,27.72,ssp585,MRI-ESM2-0
1970,31.17,ssp585,MRI-ESM2-0
1971,31.02,ssp585,MRI-ESM2-0
1972,29.28,ssp585,MRI-ESM2-0
1973,31.12,ssp585,MRI-ESM2-0
1974,35.91,ssp585,MRI-ESM2-0
1975,32.04,ssp585,MRI-ESM2-0
1976,25.94,ssp585,MRI-ESM2-0
1977,25.3,ssp585,MRI-ESM2-0
1978,32.98,ssp585,MRI-ESM2-0
1979,29.45,ssp585,MRI-ESM2-0
1980,31.36,ssp585,MRI-ESM2-0
1981,29.29,ssp585,MRI-ESM2-0
1982,32.31,ssp585,MRI-ESM2-0
1983,29.68,ssp585,MRI-ESM2-0
1984,29.37,ssp585,MRI-ESM2-0
1985,31.45,ssp585,MRI-ESM2-0
1986,31.92,ssp585,MRI-ESM2-0
1987,27.89,ssp585,MRI-ESM2-0
1988,35.04,ssp585,MRI-ESM2-0
1989,28.76,ssp585,MRI-ESM2-0
1990,31.29,ssp585,MRI-ESM2-0
1991,31.45,ssp585,MRI-ESM2-0
1992,28.67,ssp585,MRI-ESM2-0
1993,30.61,ssp585,MRI-ESM2-0
1994,30.61,ssp585,MRI-ESM2-0
1995,31.22,ssp585,MRI-ESM2-0
1996,28.16,ssp585,MRI-ESM2-0
1997,33.68,ssp585,MRI-ESM2-0
1998,30.6,ssp585,MRI-ESM2-0
1999,31.47,ssp585,MRI-ESM2-0
2000,29.73,ssp585,MRI-ESM2-0
2001,31.33,ssp585,MRI-ESM2-0
2002,27.08,ssp585,MRI-ESM2-0
2003,29.27,ssp585,MRI-ESM2-0
2004,31.94,ssp585,MRI-ESM2-0
2005,35.58,ssp585,MRI-ESM2-0
2006,32.21,ssp585,MRI-ESM2-0
2007,30.97,ssp585,MRI-ESM2-0
2008,33.76,ssp585,MRI-ESM2-0
2009,30.15,ssp585,MRI-ESM2-0
2010,25.16,ssp585,MRI-ESM2-0
2011,29.18,ssp585,MRI-ESM2-0
2012,31.56,ssp585,MRI-ESM2-0
2013,30.97,ssp585,MRI-ESM2-0
2014,30.35,ssp585,MRI-ESM2-0
2015,34.33,ssp585,MRI-ESM2-0
2016,34.43,ssp585,MRI-ESM2-0
2017,32.2,ssp585,MRI-ESM2-0
2018,34.58,ssp585,MRI-ESM2-0
2019,27.49,ssp585,MRI-ESM2-0
2020,32.11,ssp585,MRI-ESM2-0
2021,31.86,ssp585,MRI-ESM2-0
2022,32.54,ssp585,MRI-ESM2-0
2023,33.17,ssp585,MRI-ESM2-0
2024,30.8,ssp585,MRI-ESM2-0
2025,29.4,ssp585,MRI-ESM2-0
2026,33.62,ssp585,MRI-ESM2-0
2027,36.75,ssp585,MRI-ESM2-0
2028,32.02,ssp585,MRI-ESM2-0
2029,30.06,ssp585,MRI-ESM2-0
2030,31.51,ssp585,MRI-ESM2-0
2031,32.76,ssp585,MRI-ESM2-0
2032,31.84,ssp585,MRI-ESM2-0
2033,28.8,ssp585,MRI-ESM2-0
2034,27.63,ssp585,MRI-ESM2-0
2035,33.56,ssp585,MRI-ESM2-0
2036,32.8,ssp585,MRI-ESM2-0
2037,32.51,ssp585,MRI-ESM2-0
2038,35.34,ssp585,MRI-ESM2-0
2039,32.86,ssp585,MRI-ESM2-0
2040,35.67,ssp585,MRI-ESM2-0
2041,36.15,ssp585,MRI-ESM2-0
2042,32.41,ssp585,MRI-ESM2-0
2043,29.79,ssp585,MRI-ESM2-0
2044,31.73,ssp585,MRI-ESM2-0
2045,34.44,ssp585,MRI-ESM2-0
2046,30.76,ssp585,MRI-ESM2-0
2047,36.16,ssp585,MRI-ESM2-0
2048,33.22,ssp585,MRI-ESM2-0
2049,32.29,ssp585,MRI-ESM2-0
2050,33.98,ssp585,MRI-ESM2-0
2051,27.6,ssp585,MRI-ESM2-0
2052,33.68,ssp585,MRI-ESM2-0
2053,33.97,ssp585,MRI-ESM2-0
2054,31.42,ssp585,MRI-ESM2-0
2055,31.99,ssp585,MRI-ESM2-0
2056,33.38,ssp585,MRI-ESM2-0
2057,37.4,ssp585,MRI-ESM2-0
2058,35.29,ssp585,MRI-ESM2-0
2059,35.71,ssp585,MRI-ESM2-0
2060,34.35,ssp585,MRI-ESM2-0
2061,31.01,ssp585,MRI-ESM2-0
2062,34.24,ssp585,MRI-ESM2-0
2063,36.05,ssp585,MRI-ESM2-0
2064,31.41,ssp585,MRI-ESM2-0
2065,37.58,ssp585,MRI-ESM2-0
2066,30.72,ssp585,MRI-ESM2-0
2067,36.75,ssp585,MRI-ESM2-0
2068,32.33,ssp585,MRI-ESM2-0
2069,32.92,ssp585,MRI-ESM2-0
2070,33.14,ssp585,MRI-ESM2-0
2071,38.34,ssp585,MRI-ESM2-0
2072,33.19,ssp585,MRI-ESM2-0
2073,35.83,ssp585,MRI-ESM2-0
2074,35.63,ssp585,MRI-ESM2-0
2075,36.75,ssp585,MRI-ESM2-0
2076,35.75,ssp585,MRI-ESM2-0
2077,36.83,ssp585,MRI-ESM2-0
2078,38.11,ssp585,MRI-ESM2-0
2079,40.83,ssp585,MRI-ESM2-0
2080,37.08,ssp585,MRI-ESM2-0
2081,33.53,ssp585,MRI-ESM2-0
2082,31.2,ssp585,MRI-ESM2-0
2083,34.09,ssp585,MRI-ESM2-0
2084,35.32,ssp585,MRI-ESM2-0
2085,32.82,ssp585,MRI-ESM2-0
2086,33.84,ssp585,MRI-ESM2-0
2087,33.03,ssp585,MRI-ESM2-0
2088,32.89,ssp585,MRI-ESM2-0
2089,36.3,ssp585,MRI-ESM2-0
2090,35.61,ssp585,MRI-ESM2-0
2091,37.79,ssp585,MRI-ESM2-0
2092,33.93,ssp585,MRI-ESM2-0
2093,35.81,ssp585,MRI-ESM2-0
2094,36.07,ssp585,MRI-ESM2-0
2095,32.12,ssp585,MRI-ESM2-0
2096,32.9,ssp585,MRI-ESM2-0
2097,37.67,ssp585,MRI-ESM2-0
2098,33.07,ssp585,MRI-ESM2-0
2099,36.03,ssp585,MRI-ESM2-0
2100,43.12,ssp585,MRI-ESM2-0
1950,29.56,ssp585,NorESM2-LM
1951,33.21,ssp585,NorESM2-LM
1952,27.61,ssp585,NorESM2-LM
1953,24.98,ssp585,NorESM2-LM
1954,33.03,ssp585,NorESM2-LM
1955,30.34,ssp585,NorESM2-LM
1956,25.58,ssp585,NorESM2-LM
1957,29.31,ssp585,NorESM2-LM
1958,31.26,ssp585,NorESM2-LM
1959,28.63,ssp585,NorESM2-LM
1960,27.93,ssp585,NorESM2-LM
1961,25.59,ssp585,NorESM2-LM
1962,33.88,ssp585,NorESM2-LM
1963,28.32,ssp585,NorESM2-LM
1964,30.89,ssp585,NorESM2-LM
1965,32.97,ssp585,NorESM2-LM
1966,35.36,ssp585,NorESM2-LM
1967,25.97,ssp585,NorESM2-LM
1968,26.31,ssp585,NorESM2-LM
1969,29.38,ssp585,NorESM2-LM
1970,34.38,ssp585,NorESM2-LM
1971,29.22,ssp585,NorESM2-LM
1972,31.33,ssp585,NorESM2-LM
1973,29.29,ssp585,NorESM2-LM
1974,27.92,ssp585,NorESM2-LM
1975,27.37,ssp585,NorESM2-LM
1976,32.05,ssp585,NorESM2-LM
1977,32.61,ssp585,NorESM2-LM
1978,26.26,ssp585,NorESM2-LM
1979,31.36,ssp585,NorESM2-LM
1980,32.18,ssp585,NorESM2-LM
1981,32.92,ssp585,NorESM2-LM
1982,33.35,ssp585,NorESM2-LM
1983,29.56,ssp585,NorESM2-LM
1984,28.68,ssp585,NorESM2-LM
1985,27.28,ssp585,NorESM2-LM
1986,33.35,ssp585,NorESM2-LM
1987,27.3,ssp585,NorESM2-LM
1988,32.41,ssp585,NorESM2-LM
1989,32.96,ssp585,NorESM2-LM
1990,30.49,ssp585,NorESM2-LM
1991,33.08,ssp585,NorESM2-LM
1992,28.07,ssp585,NorESM2-LM
1993,24.35,ssp585,NorESM2-LM
1994,27.75,ssp585,NorESM2-LM
1995,30.32,ssp585,NorESM2-LM
1996,30.42,ssp585,NorESM2-LM
1997,32.46,ssp585,NorESM2-LM
1998,32.02,ssp585,NorESM2-LM
1999,31.35,ssp585,NorESM2-LM
2000,33.81,ssp585,NorESM2-LM
2001,30.46,ssp585,NorESM2-LM
2002,27.44,ssp585,NorESM2-LM
2003,29.05,ssp585,NorESM2-LM
2004,33.91,ssp585,NorESM2-LM
2005,26.76,ssp585,NorESM2-LM
2006,27.19,ssp585,NorESM2-LM
2007,34.59,ssp585,NorESM2-LM
2008,30.43,ssp585,NorESM2-LM
2009,34.86,ssp585,NorESM2-LM
2010,32.53,ssp585,NorESM2-LM
2011,31.59,ssp585,NorESM2-LM
2012,27.67,ssp585,NorESM2-LM
2013,35.74,ssp585,NorESM2-LM
2014,32.54,ssp585,NorESM2-LM
2015,28.9,ssp585,NorESM2-LM
2016,29.89,ssp585,NorESM2-LM
2017,25.39,ssp585,NorESM2-LM
2018,27.31,ssp585,NorESM2-LM
2019,27.79,ssp585,NorESM2-LM
2020,32.07,ssp585,NorESM2-LM
2021,28.67,ssp585,NorESM2-LM
2022,29.84,ssp585,NorESM2-LM
2023,28.15,ssp585,NorESM2-LM
2024,30.53,ssp585,NorESM2-LM
2025,26.92,ssp585,NorESM2-LM
2026,24.47,ssp585,NorESM2-LM
2027,31.21,ssp585,NorESM2-LM
2028,33.74,ssp585,NorESM2-LM
2029,30.81,ssp585,NorESM2-LM
2030,37.08,ssp585,NorESM2-LM
2031,30.8,ssp585,NorESM2-LM
2032,31.24,ssp585,NorESM2-LM
2033,34.79,ssp585,NorESM2-LM
2034,34.2,ssp585,NorESM2-LM
2035,25.17,ssp585,NorESM2-LM
2036,26.92,ssp585,NorESM2-LM
2037,38.21,ssp585,NorESM2-LM
2038,34.3,ssp585,NorESM2-LM
2039,25.65,ssp585,NorESM2-LM
2040,24.42,ssp585,NorESM2-LM
2041,32.65,ssp585,NorESM2-LM
2042,36.36,ssp585,NorESM2-LM
2043,35.5,ssp585,NorESM2-LM
2044,29.66,ssp585,NorESM2-LM
2045,34.01,ssp585,NorESM2-LM
2046,30.34,ssp585,NorESM2-LM
2047,33.63,ssp585,NorESM2-LM
2048,36.14,ssp585,NorESM2-LM
2049,39.59,ssp585,NorESM2-LM
2050,33.4,ssp585,NorESM2-LM
2051,26.41,ssp585,NorESM2-LM
2052,28.02,ssp585,NorESM2-LM
2053,25.18,ssp585,NorESM2-LM
2054,30.07,ssp585,NorESM2-LM
2055,31.93,ssp585,NorESM2-LM
2056,29.8,ssp585,NorESM2-LM
2057,28.42,ssp585,NorESM2-LM
2058,30.24,ssp585,NorESM2-LM
2059,33.5,ssp585,NorESM2-LM
2060,37.9,ssp585,NorESM2-LM
2061,32.04,ssp585,NorESM2-LM
2062,30.14,ssp585,NorESM2-LM
2063,28.76,ssp585,NorESM2-LM
2064,28.74,ssp585,NorESM2-LM
2065,28.05,ssp585,NorESM2-LM
2066,31.43,ssp585,NorESM2-LM
2067,33.6,ssp585,NorESM2-LM
2068,32.96,ssp585,NorESM2-LM
2069,25.24,ssp585,NorESM2-LM
2070,30.37,ssp585,NorESM2-LM
2071,36.9,ssp585,NorESM2-LM
2072,35.45,ssp585,NorESM2-LM
2073,39.15,ssp585,NorESM2-LM
2074,29.52,ssp585,NorESM2-LM
2075,33.51,ssp585,NorESM2-LM
2076,37.52,ssp585,NorESM2-LM
2077,39.08,ssp585,NorESM2-LM
2078,28.82,ssp585,NorESM2-LM
2079,29.59,ssp585,NorESM2-LM
2080,37.17,ssp585,NorESM2-LM
2081,34.66,ssp585,NorESM2-LM
2082,32.96,ssp585,NorESM2-LM
2083,33.49,ssp585,NorESM2-LM
2084,33.42,ssp585,NorESM2-LM
2085,39.43,ssp585,NorESM2-LM
2086,39.14,ssp585,NorESM2-LM
2087,38.77,ssp585,NorESM2-LM
2088,33.24,ssp585,NorESM2-LM
2089,30.85,ssp585,NorESM2-LM
2090,44.31,ssp585,NorESM2-LM
2091,30.4,ssp585,NorESM2-LM
2092,29.16,ssp585,NorESM2-LM
2093,38.17,ssp585,NorESM2-LM
2094,33.58,ssp585,NorESM2-LM
2095,32.94,ssp585,NorESM2-LM
2096,37.92,ssp585,NorESM2-LM
2097,36.03,ssp585,NorESM2-LM
2098,32.78,ssp585,NorESM2-LM
2099,22.23,ssp585,NorESM2-LM
2100,26.33,ssp585,NorESM2-LM
1950,32.72,ssp585,NorESM2-MM
1951,33.26,ssp585,NorESM2-MM
1952,29.16,ssp585,NorESM2-MM
1953,32.44,ssp585,NorESM2-MM
1954,31.16,ssp585,NorESM2-MM
1955,29.21,ssp585,NorESM2-MM
1956,29.13,ssp585,NorESM2-MM
1957,27.45,ssp585,NorESM2-MM
1958,32.48,ssp585,NorESM2-MM
1959,32.89,ssp585,NorESM2-MM
1960,32.47,ssp585,NorESM2-MM
1961,32.75,ssp585,NorESM2-MM
1962,33.78,ssp585,NorESM2-MM
1963,31.12,ssp585,NorESM2-MM
1964,28.93,ssp585,NorESM2-MM
1965,31.89,ssp585,NorESM2-MM
1966,28.53,ssp585,NorESM2-MM
1967,28.07,ssp585,NorESM2-MM
1968,26.19,ssp585,NorESM2-MM
1969,29.15,ssp585,NorESM2-MM
1970,29.44,ssp585,NorESM2-MM
1971,27.91,ssp585,NorESM2-MM
1972,32.06,ssp585,NorESM2-MM
1973,28.49,ssp585,NorESM2-MM
1974,31.28,ssp585,NorESM2-MM
1975,34.59,ssp585,NorESM2-MM
1976,30.2,ssp585,NorESM2-MM
1977,36.4,ssp585,NorESM2-MM
1978,28.51,ssp585,NorESM2-MM
1979,34.51,ssp585,NorESM2-MM
1980,27.88,ssp585,NorESM2-MM
1981,26.45,ssp585,NorESM2-MM
1982,32.64,ssp585,NorESM2-MM
1983,26.19,ssp585,NorESM2-MM
1984,31.6,ssp585,NorESM2-MM
1985,27.62,ssp585,NorESM2-MM
1986,28.09,ssp585,NorESM2-MM
1987,27.38,ssp585,NorESM2-MM
1988,26.63,ssp585,NorESM2-MM
1989,30.0,ssp585,NorESM2-MM
1990,36.07,ssp585,NorESM2-MM
1991,31.82,ssp585,NorESM2-MM
1992,24.92,ssp585,NorESM2-MM
1993,27.39,ssp585,NorESM2-MM
1994,35.82,ssp585,NorESM2-MM
1995,35.11,ssp585,NorESM2-MM
1996,36.98,ssp585,NorESM2-MM
1997,29.92,ssp585,NorESM2-MM
1998,26.04,ssp585,NorESM2-MM
1999,27.46,ssp585,NorESM2-MM
2000,23.63,ssp585,NorESM2-MM
2001,28.94,ssp585,NorESM2-MM
2002,29.05,ssp585,NorESM2-MM
2003,32.98,ssp585,NorESM2-MM
2004,38.6,ssp585,NorESM2-MM
2005,34.49,ssp585,NorESM2-MM
2006,33.63,ssp585,NorESM2-MM
2007,27.95,ssp585,NorESM2-MM
2008,27.74,ssp585,NorESM2-MM
2009,28.14,ssp585,NorESM2-MM
2010,29.79,ssp585,NorESM2-MM
2011,28.81,ssp585,NorESM2-MM
2012,26.39,ssp585,NorESM2-MM
2013,31.01,ssp585,NorESM2-MM
2014,36.27,ssp585,NorESM2-MM
2015,35.34,ssp585,NorESM2-MM
2016,30.64,ssp585,NorESM2-MM
2017,32.4,ssp585,NorESM2-MM
2018,30.28,ssp585,NorESM2-MM
2019,33.28,ssp585,NorESM2-MM
2020,33.89,ssp585,NorESM2-MM
2021,31.61,ssp585,NorESM2-MM
2022,29.68,ssp585,NorESM2-MM
2023,33.12,ssp585,NorESM2-MM
2024,33.53,ssp585,NorESM2-MM
2025,28.56,ssp585,NorESM2-MM
2026,26.19,ssp585,NorESM2-MM
2027,25.18,ssp585,NorESM2-MM
2028,27.91,ssp585,NorESM2-MM
2029,30.75,ssp585,NorESM2-MM
2030,33.15,ssp585,NorESM2-MM
2031,34.65,ssp585,NorESM2-MM
2032,27.3,ssp585,NorESM2-MM
2033,29.5,ssp585,NorESM2-MM
2034,35.97,ssp585,NorESM2-MM
2035,34.89,ssp585,NorESM2-MM
2036,29.75,ssp585,NorESM2-MM
2037,28.47,ssp585,NorESM2-MM
2038,34.34,ssp585,NorESM2-MM
2039,33.74,ssp585,NorESM2-MM
2040,36.53,ssp585,NorESM2-MM
2041,33.03,ssp585,NorESM2-MM
2042,29.34,ssp585,NorESM2-MM
2043,31.44,ssp585,NorESM2-MM
2044,31.99,ssp585,NorESM2-MM
2045,28.94,ssp585,NorESM2-MM
2046,38.49,ssp585,NorESM2-MM
2047,32.91,ssp585,NorESM2-MM
2048,36.0,ssp585,NorESM2-MM
2049,30.37,ssp585,NorESM2-MM
2050,25.43,ssp585,NorESM2-MM
2051,26.45,ssp585,NorESM2-MM
2052,37.91,ssp585,NorESM2-MM
2053,34.5,ssp585,NorESM2-MM
2054,27.61,ssp585,NorESM2-MM
2055,30.03,ssp585,NorESM2-MM
2056,29.37,ssp585,NorESM2-MM
2057,31.76,ssp585,NorESM2-MM
2058,40.85,ssp585,NorESM2-MM
2059,36.59,ssp585,NorESM2-MM
2060,34.78,ssp585,NorESM2-MM
2061,39.69,ssp585,NorESM2-MM
2062,35.81,ssp585,NorESM2-MM
2063,32.15,ssp585,NorESM2-MM
2064,29.32,ssp585,NorESM2-MM
2065,32.21,ssp585,NorESM2-MM
2066,35.82,ssp585,NorESM2-MM
2067,34.15,ssp585,NorESM2-MM
2068,28.55,ssp585,NorESM2-MM
2069,33.9,ssp585,NorESM2-MM
2070,34.08,ssp585,NorESM2-MM
2071,32.41,ssp585,NorESM2-MM
2072,37.86,ssp585,NorESM2-MM
2073,36.33,ssp585,NorESM2-MM
2074,32.74,ssp585,NorESM2-MM
2075,32.18,ssp585,NorESM2-MM
2076,36.65,ssp585,NorESM2-MM
2077,36.63,ssp585,NorESM2-MM
2078,31.43,ssp585,NorESM2-MM
2079,32.95,ssp585,NorESM2-MM
2080,35.04,ssp585,NorESM2-MM
2081,34.99,ssp585,NorESM2-MM
2082,31.69,ssp585,NorESM2-MM
2083,33.76,ssp585,NorESM2-MM
2084,39.19,ssp585,NorESM2-MM
2085,32.18,ssp585,NorESM2-MM
2086,37.06,ssp585,NorESM2-MM
2087,34.58,ssp585,NorESM2-MM
2088,34.96,ssp585,NorESM2-MM
2089,35.73,ssp585,NorESM2-MM
2090,30.87,ssp585,NorESM2-MM
2091,30.33,ssp585,NorESM2-MM
2092,31.16,ssp585,NorESM2-MM
2093,38.07,ssp585,NorESM2-MM
2094,38.7,ssp585,NorESM2-MM
2095,32.4,ssp585,NorESM2-MM
2096,35.18,ssp585,NorESM2-MM
2097,41.88,ssp585,NorESM2-MM
2098,36.06,ssp585,NorESM2-MM
2099,33.06,ssp585,NorESM2-MM
2100,35.74,ssp585,NorESM2-MM
