station,year,month,ph,scenario
bats1,1850,1,8.21,historical
bats1,1850,2,8.22,historical
bats1,1850,3,8.22,historical
bats1,1850,4,8.22,historical
bats1,1850,5,8.21,historical
bats1,1850,6,8.18,historical
bats1,1850,7,8.15,historical
bats1,1850,8,8.13,historical
bats1,1850,9,8.13,historical
bats1,1850,10,8.15,historical
bats1,1850,11,8.18,historical
bats1,1850,12,8.2,historical
bats1,1851,1,8.21,historical
bats1,1851,2,8.21,historical
bats1,1851,3,8.22,historical
bats1,1851,4,8.21,historical
bats1,1851,5,8.21,historical
bats1,1851,6,8.18,historical
bats1,1851,7,8.14,historical
bats1,1851,8,8.13,historical
bats1,1851,9,8.13,historical
bats1,1851,10,8.15,historical
bats1,1851,11,8.19,historical
bats1,1851,12,8.21,historical
bats1,1852,1,8.21,historical
bats1,1852,2,8.21,historical
bats1,1852,3,8.21,historical
bats1,1852,4,8.22,historical
bats1,1852,5,8.21,historical
bats1,1852,6,8.18,historical
bats1,1852,7,8.14,historical
bats1,1852,8,8.13,historical
bats1,1852,9,8.13,historical
bats1,1852,10,8.15,historical
bats1,1852,11,8.18,historical
bats1,1852,12,8.2,historical
bats1,1853,1,8.21,historical
bats1,1853,2,8.21,historical
bats1,1853,3,8.22,historical
bats1,1853,4,8.22,historical
bats1,1853,5,8.21,historical
bats1,1853,6,8.18,historical
bats1,1853,7,8.15,historical
bats1,1853,8,8.13,historical
bats1,1853,9,8.14,historical
bats1,1853,10,8.16,historical
bats1,1853,11,8.19,historical
bats1,1853,12,8.21,historical
bats1,1854,1,8.21,historical
bats1,1854,2,8.21,historical
bats1,1854,3,8.21,historical
bats1,1854,4,8.22,historical
bats1,1854,5,8.21,historical
bats1,1854,6,8.18,historical
bats1,1854,7,8.14,historical
bats1,1854,8,8.12,historical
bats1,1854,9,8.13,historical
bats1,1854,10,8.16,historical
bats1,1854,11,8.19,historical
bats1,1854,12,8.21,historical
bats1,1855,1,8.21,historical
bats1,1855,2,8.21,historical
bats1,1855,3,8.21,historical
bats1,1855,4,8.22,historical
bats1,1855,5,8.2,historical
bats1,1855,6,8.18,historical
bats1,1855,7,8.15,historical
bats1,1855,8,8.13,historical
bats1,1855,9,8.13,historical
bats1,1855,10,8.16,historical
bats1,1855,11,8.19,historical
bats1,1855,12,8.2,historical
bats1,1856,1,8.21,historical
bats1,1856,2,8.21,historical
bats1,1856,3,8.21,historical
bats1,1856,4,8.22,historical
bats1,1856,5,8.21,historical
bats1,1856,6,8.18,historical
bats1,1856,7,8.15,historical
bats1,1856,8,8.13,historical
bats1,1856,9,8.13,historical
bats1,1856,10,8.16,historical
bats1,1856,11,8.19,historical
bats1,1856,12,8.21,historical
bats1,1857,1,8.21,historical
bats1,1857,2,8.21,historical
bats1,1857,3,8.21,historical
bats1,1857,4,8.22,historical
bats1,1857,5,8.21,historical
bats1,1857,6,8.19,historical
bats1,1857,7,8.15,historical
bats1,1857,8,8.13,historical
bats1,1857,9,8.13,historical
bats1,1857,10,8.16,historical
bats1,1857,11,8.19,historical
bats1,1857,12,8.21,historical
bats1,1858,1,8.21,historical
bats1,1858,2,8.21,historical
bats1,1858,3,8.21,historical
bats1,1858,4,8.22,historical
bats1,1858,5,8.21,historical
bats1,1858,6,8.18,historical
bats1,1858,7,8.15,historical
bats1,1858,8,8.12,historical
bats1,1858,9,8.13,historical
bats1,1858,10,8.16,historical
bats1,1858,11,8.19,historical
bats1,1858,12,8.2,historical
bats1,1859,1,8.21,historical
bats1,1859,2,8.21,historical
bats1,1859,3,8.21,historical
bats1,1859,4,8.22,historical
bats1,1859,5,8.2,historical
bats1,1859,6,8.18,historical
bats1,1859,7,8.14,historical
bats1,1859,8,8.13,historical
bats1,1859,9,8.14,historical
bats1,1859,10,8.16,historical
bats1,1859,11,8.19,historical
bats1,1859,12,8.21,historical
bats1,1860,1,8.21,historical
bats1,1860,2,8.21,historical
bats1,1860,3,8.21,historical
bats1,1860,4,8.21,historical
bats1,1860,5,8.21,historical
bats1,1860,6,8.17,historical
bats1,1860,7,8.14,historical
bats1,1860,8,8.12,historical
bats1,1860,9,8.13,historical
bats1,1860,10,8.15,historical
bats1,1860,11,8.18,historical
bats1,1860,12,8.2,historical
bats1,1861,1,8.21,historical
bats1,1861,2,8.21,historical
bats1,1861,3,8.21,historical
bats1,1861,4,8.21,historical
bats1,1861,5,8.2,historical
bats1,1861,6,8.18,historical
bats1,1861,7,8.14,historical
bats1,1861,8,8.13,historical
bats1,1861,9,8.13,historical
bats1,1861,10,8.16,historical
bats1,1861,11,8.18,historical
bats1,1861,12,8.2,historical
bats1,1862,1,8.21,historical
bats1,1862,2,8.21,historical
bats1,1862,3,8.21,historical
bats1,1862,4,8.21,historical
bats1,1862,5,8.2,historical
bats1,1862,6,8.18,historical
bats1,1862,7,8.14,historical
bats1,1862,8,8.12,historical
bats1,1862,9,8.13,historical
bats1,1862,10,8.15,historical
bats1,1862,11,8.18,historical
bats1,1862,12,8.2,historical
bats1,1863,1,8.21,historical
bats1,1863,2,8.21,historical
bats1,1863,3,8.21,historical
bats1,1863,4,8.22,historical
bats1,1863,5,8.21,historical
bats1,1863,6,8.18,historical
bats1,1863,7,8.15,historical
bats1,1863,8,8.13,historical
bats1,1863,9,8.13,historical
bats1,1863,10,8.16,historical
bats1,1863,11,8.18,historical
bats1,1863,12,8.2,historical
bats1,1864,1,8.21,historical
bats1,1864,2,8.21,historical
bats1,1864,3,8.21,historical
bats1,1864,4,8.22,historical
bats1,1864,5,8.2,historical
bats1,1864,6,8.18,historical
bats1,1864,7,8.14,historical
bats1,1864,8,8.12,historical
bats1,1864,9,8.13,historical
bats1,1864,10,8.16,historical
bats1,1864,11,8.19,historical
bats1,1864,12,8.21,historical
bats1,1865,1,8.21,historical
bats1,1865,2,8.21,historical
bats1,1865,3,8.21,historical
bats1,1865,4,8.22,historical
bats1,1865,5,8.21,historical
bats1,1865,6,8.17,historical
bats1,1865,7,8.15,historical
bats1,1865,8,8.13,historical
bats1,1865,9,8.13,historical
bats1,1865,10,8.16,historical
bats1,1865,11,8.18,historical
bats1,1865,12,8.2,historical
bats1,1866,1,8.21,historical
bats1,1866,2,8.21,historical
bats1,1866,3,8.21,historical
bats1,1866,4,8.21,historical
bats1,1866,5,8.21,historical
bats1,1866,6,8.18,historical
bats1,1866,7,8.14,historical
bats1,1866,8,8.13,historical
bats1,1866,9,8.13,historical
bats1,1866,10,8.16,historical
bats1,1866,11,8.19,historical
bats1,1866,12,8.21,historical
bats1,1867,1,8.21,historical
bats1,1867,2,8.21,historical
bats1,1867,3,8.21,historical
bats1,1867,4,8.22,historical
bats1,1867,5,8.21,historical
bats1,1867,6,8.18,historical
bats1,1867,7,8.15,historical
bats1,1867,8,8.13,historical
bats1,1867,9,8.13,historical
bats1,1867,10,8.16,historical
bats1,1867,11,8.19,historical
bats1,1867,12,8.21,historical
bats1,1868,1,8.21,historical
bats1,1868,2,8.21,historical
bats1,1868,3,8.21,historical
bats1,1868,4,8.21,historical
bats1,1868,5,8.21,historical
bats1,1868,6,8.17,historical
bats1,1868,7,8.14,historical
bats1,1868,8,8.12,historical
bats1,1868,9,8.13,historical
bats1,1868,10,8.15,historical
bats1,1868,11,8.18,historical
bats1,1868,12,8.2,historical
bats1,1869,1,8.21,historical
bats1,1869,2,8.21,historical
bats1,1869,3,8.21,historical
bats1,1869,4,8.22,historical
bats1,1869,5,8.21,historical
bats1,1869,6,8.17,historical
bats1,1869,7,8.14,historical
bats1,1869,8,8.12,historical
bats1,1869,9,8.13,historical
bats1,1869,10,8.16,historical
bats1,1869,11,8.19,historical
bats1,1869,12,8.21,historical
bats1,1870,1,8.21,historical
bats1,1870,2,8.21,historical
bats1,1870,3,8.21,historical
bats1,1870,4,8.21,historical
bats1,1870,5,8.21,historical
bats1,1870,6,8.18,historical
bats1,1870,7,8.14,historical
bats1,1870,8,8.13,historical
bats1,1870,9,8.13,historical
bats1,1870,10,8.16,historical
bats1,1870,11,8.19,historical
bats1,1870,12,8.21,historical
bats1,1871,1,8.21,historical
bats1,1871,2,8.21,historical
bats1,1871,3,8.22,historical
bats1,1871,4,8.21,historical
bats1,1871,5,8.21,historical
bats1,1871,6,8.18,historical
bats1,1871,7,8.14,historical
bats1,1871,8,8.12,historical
bats1,1871,9,8.13,historical
bats1,1871,10,8.16,historical
bats1,1871,11,8.18,historical
bats1,1871,12,8.21,historical
bats1,1872,1,8.21,historical
bats1,1872,2,8.21,historical
bats1,1872,3,8.21,historical
bats1,1872,4,8.22,historical
bats1,1872,5,8.2,historical
bats1,1872,6,8.17,historical
bats1,1872,7,8.14,historical
bats1,1872,8,8.12,historical
bats1,1872,9,8.13,historical
bats1,1872,10,8.16,historical
bats1,1872,11,8.18,historical
bats1,1872,12,8.2,historical
bats1,1873,1,8.21,historical
bats1,1873,2,8.21,historical
bats1,1873,3,8.21,historical
bats1,1873,4,8.22,historical
bats1,1873,5,8.21,historical
bats1,1873,6,8.18,historical
bats1,1873,7,8.14,historical
bats1,1873,8,8.13,historical
bats1,1873,9,8.13,historical
bats1,1873,10,8.16,historical
bats1,1873,11,8.18,historical
bats1,1873,12,8.2,historical
bats1,1874,1,8.21,historical
bats1,1874,2,8.21,historical
bats1,1874,3,8.21,historical
bats1,1874,4,8.21,historical
bats1,1874,5,8.2,historical
bats1,1874,6,8.17,historical
bats1,1874,7,8.14,historical
bats1,1874,8,8.13,historical
bats1,1874,9,8.13,historical
bats1,1874,10,8.15,historical
bats1,1874,11,8.18,historical
bats1,1874,12,8.2,historical
bats1,1875,1,8.21,historical
bats1,1875,2,8.21,historical
bats1,1875,3,8.21,historical
bats1,1875,4,8.22,historical
bats1,1875,5,8.21,historical
bats1,1875,6,8.18,historical
bats1,1875,7,8.14,historical
bats1,1875,8,8.13,historical
bats1,1875,9,8.13,historical
bats1,1875,10,8.16,historical
bats1,1875,11,8.19,historical
bats1,1875,12,8.2,historical
bats1,1876,1,8.21,historical
bats1,1876,2,8.21,historical
bats1,1876,3,8.21,historical
bats1,1876,4,8.21,historical
bats1,1876,5,8.2,historical
bats1,1876,6,8.17,historical
bats1,1876,7,8.14,historical
bats1,1876,8,8.12,historical
bats1,1876,9,8.12,historical
bats1,1876,10,8.15,historical
bats1,1876,11,8.18,historical
bats1,1876,12,8.2,historical
bats1,1877,1,8.21,historical
bats1,1877,2,8.21,historical
bats1,1877,3,8.21,historical
bats1,1877,4,8.21,historical
bats1,1877,5,8.2,historical
bats1,1877,6,8.18,historical
bats1,1877,7,8.15,historical
bats1,1877,8,8.13,historical
bats1,1877,9,8.13,historical
bats1,1877,10,8.16,historical
bats1,1877,11,8.18,historical
bats1,1877,12,8.2,historical
bats1,1878,1,8.21,historical
bats1,1878,2,8.21,historical
bats1,1878,3,8.21,historical
bats1,1878,4,8.22,historical
bats1,1878,5,8.2,historical
bats1,1878,6,8.17,historical
bats1,1878,7,8.14,historical
bats1,1878,8,8.12,historical
bats1,1878,9,8.13,historical
bats1,1878,10,8.15,historical
bats1,1878,11,8.19,historical
bats1,1878,12,8.2,historical
bats1,1879,1,8.21,historical
bats1,1879,2,8.2,historical
bats1,1879,3,8.21,historical
bats1,1879,4,8.22,historical
bats1,1879,5,8.2,historical
bats1,1879,6,8.17,historical
bats1,1879,7,8.14,historical
bats1,1879,8,8.12,historical
bats1,1879,9,8.13,historical
bats1,1879,10,8.15,historical
bats1,1879,11,8.18,historical
bats1,1879,12,8.2,historical
bats1,1880,1,8.21,historical
bats1,1880,2,8.21,historical
bats1,1880,3,8.21,historical
bats1,1880,4,8.21,historical
bats1,1880,5,8.2,historical
bats1,1880,6,8.18,historical
bats1,1880,7,8.15,historical
bats1,1880,8,8.13,historical
bats1,1880,9,8.13,historical
bats1,1880,10,8.16,historical
bats1,1880,11,8.19,historical
bats1,1880,12,8.21,historical
bats1,1881,1,8.21,historical
bats1,1881,2,8.21,historical
bats1,1881,3,8.21,historical
bats1,1881,4,8.21,historical
bats1,1881,5,8.2,historical
bats1,1881,6,8.18,historical
bats1,1881,7,8.15,historical
bats1,1881,8,8.13,historical
bats1,1881,9,8.13,historical
bats1,1881,10,8.15,historical
bats1,1881,11,8.18,historical
bats1,1881,12,8.2,historical
bats1,1882,1,8.2,historical
bats1,1882,2,8.21,historical
bats1,1882,3,8.21,historical
bats1,1882,4,8.21,historical
bats1,1882,5,8.2,historical
bats1,1882,6,8.18,historical
bats1,1882,7,8.15,historical
bats1,1882,8,8.13,historical
bats1,1882,9,8.13,historical
bats1,1882,10,8.16,historical
bats1,1882,11,8.19,historical
bats1,1882,12,8.2,historical
bats1,1883,1,8.21,historical
bats1,1883,2,8.21,historical
bats1,1883,3,8.21,historical
bats1,1883,4,8.21,historical
bats1,1883,5,8.21,historical
bats1,1883,6,8.18,historical
bats1,1883,7,8.14,historical
bats1,1883,8,8.13,historical
bats1,1883,9,8.13,historical
bats1,1883,10,8.15,historical
bats1,1883,11,8.18,historical
bats1,1883,12,8.2,historical
bats1,1884,1,8.21,historical
bats1,1884,2,8.21,historical
bats1,1884,3,8.21,historical
bats1,1884,4,8.21,historical
bats1,1884,5,8.2,historical
bats1,1884,6,8.18,historical
bats1,1884,7,8.15,historical
bats1,1884,8,8.14,historical
bats1,1884,9,8.14,historical
bats1,1884,10,8.16,historical
bats1,1884,11,8.19,historical
bats1,1884,12,8.2,historical
bats1,1885,1,8.21,historical
bats1,1885,2,8.21,historical
bats1,1885,3,8.21,historical
bats1,1885,4,8.21,historical
bats1,1885,5,8.2,historical
bats1,1885,6,8.17,historical
bats1,1885,7,8.14,historical
bats1,1885,8,8.12,historical
bats1,1885,9,8.13,historical
bats1,1885,10,8.16,historical
bats1,1885,11,8.19,historical
bats1,1885,12,8.21,historical
bats1,1886,1,8.21,historical
bats1,1886,2,8.21,historical
bats1,1886,3,8.21,historical
bats1,1886,4,8.21,historical
bats1,1886,5,8.2,historical
bats1,1886,6,8.18,historical
bats1,1886,7,8.14,historical
bats1,1886,8,8.12,historical
bats1,1886,9,8.12,historical
bats1,1886,10,8.16,historical
bats1,1886,11,8.19,historical
bats1,1886,12,8.21,historical
bats1,1887,1,8.21,historical
bats1,1887,2,8.21,historical
bats1,1887,3,8.21,historical
bats1,1887,4,8.21,historical
bats1,1887,5,8.21,historical
bats1,1887,6,8.18,historical
bats1,1887,7,8.15,historical
bats1,1887,8,8.13,historical
bats1,1887,9,8.13,historical
bats1,1887,10,8.16,historical
bats1,1887,11,8.18,historical
bats1,1887,12,8.2,historical
bats1,1888,1,8.21,historical
bats1,1888,2,8.21,historical
bats1,1888,3,8.21,historical
bats1,1888,4,8.22,historical
bats1,1888,5,8.2,historical
bats1,1888,6,8.17,historical
bats1,1888,7,8.13,historical
bats1,1888,8,8.12,historical
bats1,1888,9,8.12,historical
bats1,1888,10,8.15,historical
bats1,1888,11,8.18,historical
bats1,1888,12,8.2,historical
bats1,1889,1,8.21,historical
bats1,1889,2,8.21,historical
bats1,1889,3,8.21,historical
bats1,1889,4,8.21,historical
bats1,1889,5,8.2,historical
bats1,1889,6,8.17,historical
bats1,1889,7,8.14,historical
bats1,1889,8,8.12,historical
bats1,1889,9,8.13,historical
bats1,1889,10,8.15,historical
bats1,1889,11,8.18,historical
bats1,1889,12,8.2,historical
bats1,1890,1,8.21,historical
bats1,1890,2,8.21,historical
bats1,1890,3,8.21,historical
bats1,1890,4,8.21,historical
bats1,1890,5,8.2,historical
bats1,1890,6,8.18,historical
bats1,1890,7,8.14,historical
bats1,1890,8,8.12,historical
bats1,1890,9,8.13,historical
bats1,1890,10,8.15,historical
bats1,1890,11,8.18,historical
bats1,1890,12,8.2,historical
bats1,1891,1,8.21,historical
bats1,1891,2,8.21,historical
bats1,1891,3,8.21,historical
bats1,1891,4,8.21,historical
bats1,1891,5,8.2,historical
bats1,1891,6,8.18,historical
bats1,1891,7,8.14,historical
bats1,1891,8,8.12,historical
bats1,1891,9,8.13,historical
bats1,1891,10,8.15,historical
bats1,1891,11,8.18,historical
bats1,1891,12,8.2,historical
bats1,1892,1,8.2,historical
bats1,1892,2,8.21,historical
bats1,1892,3,8.21,historical
bats1,1892,4,8.21,historical
bats1,1892,5,8.2,historical
bats1,1892,6,8.17,historical
bats1,1892,7,8.14,historical
bats1,1892,8,8.12,historical
bats1,1892,9,8.13,historical
bats1,1892,10,8.16,historical
bats1,1892,11,8.18,historical
bats1,1892,12,8.2,historical
bats1,1893,1,8.21,historical
bats1,1893,2,8.21,historical
bats1,1893,3,8.21,historical
bats1,1893,4,8.21,historical
bats1,1893,5,8.2,historical
bats1,1893,6,8.17,historical
bats1,1893,7,8.14,historical
bats1,1893,8,8.12,historical
bats1,1893,9,8.12,historical
bats1,1893,10,8.15,historical
bats1,1893,11,8.18,historical
bats1,1893,12,8.2,historical
bats1,1894,1,8.2,historical
bats1,1894,2,8.2,historical
bats1,1894,3,8.21,historical
bats1,1894,4,8.21,historical
bats1,1894,5,8.2,historical
bats1,1894,6,8.17,historical
bats1,1894,7,8.14,historical
bats1,1894,8,8.12,historical
bats1,1894,9,8.12,historical
bats1,1894,10,8.15,historical
bats1,1894,11,8.17,historical
bats1,1894,12,8.19,historical
bats1,1895,1,8.2,historical
bats1,1895,2,8.2,historical
bats1,1895,3,8.2,historical
bats1,1895,4,8.21,historical
bats1,1895,5,8.2,historical
bats1,1895,6,8.17,historical
bats1,1895,7,8.14,historical
bats1,1895,8,8.12,historical
bats1,1895,9,8.13,historical
bats1,1895,10,8.15,historical
bats1,1895,11,8.18,historical
bats1,1895,12,8.2,historical
bats1,1896,1,8.2,historical
bats1,1896,2,8.2,historical
bats1,1896,3,8.2,historical
bats1,1896,4,8.21,historical
bats1,1896,5,8.2,historical
bats1,1896,6,8.17,historical
bats1,1896,7,8.14,historical
bats1,1896,8,8.12,historical
bats1,1896,9,8.12,historical
bats1,1896,10,8.15,historical
bats1,1896,11,8.18,historical
bats1,1896,12,8.2,historical
bats1,1897,1,8.2,historical
bats1,1897,2,8.2,historical
bats1,1897,3,8.2,historical
bats1,1897,4,8.21,historical
bats1,1897,5,8.2,historical
bats1,1897,6,8.17,historical
bats1,1897,7,8.14,historical
bats1,1897,8,8.12,historical
bats1,1897,9,8.13,historical
bats1,1897,10,8.15,historical
bats1,1897,11,8.17,historical
bats1,1897,12,8.2,historical
bats1,1898,1,8.2,historical
bats1,1898,2,8.21,historical
bats1,1898,3,8.2,historical
bats1,1898,4,8.21,historical
bats1,1898,5,8.2,historical
bats1,1898,6,8.18,historical
bats1,1898,7,8.14,historical
bats1,1898,8,8.12,historical
bats1,1898,9,8.13,historical
bats1,1898,10,8.15,historical
bats1,1898,11,8.18,historical
bats1,1898,12,8.2,historical
bats1,1899,1,8.2,historical
bats1,1899,2,8.2,historical
bats1,1899,3,8.2,historical
bats1,1899,4,8.21,historical
bats1,1899,5,8.2,historical
bats1,1899,6,8.17,historical
bats1,1899,7,8.13,historical
bats1,1899,8,8.11,historical
bats1,1899,9,8.12,historical
bats1,1899,10,8.14,historical
bats1,1899,11,8.17,historical
bats1,1899,12,8.19,historical
bats1,1900,1,8.2,historical
bats1,1900,2,8.21,historical
bats1,1900,3,8.21,historical
bats1,1900,4,8.21,historical
bats1,1900,5,8.2,historical
bats1,1900,6,8.16,historical
bats1,1900,7,8.13,historical
bats1,1900,8,8.11,historical
bats1,1900,9,8.12,historical
bats1,1900,10,8.15,historical
bats1,1900,11,8.17,historical
bats1,1900,12,8.2,historical
bats1,1901,1,8.2,historical
bats1,1901,2,8.2,historical
bats1,1901,3,8.21,historical
bats1,1901,4,8.21,historical
bats1,1901,5,8.2,historical
bats1,1901,6,8.17,historical
bats1,1901,7,8.14,historical
bats1,1901,8,8.13,historical
bats1,1901,9,8.13,historical
bats1,1901,10,8.15,historical
bats1,1901,11,8.18,historical
bats1,1901,12,8.2,historical
bats1,1902,1,8.2,historical
bats1,1902,2,8.21,historical
bats1,1902,3,8.2,historical
bats1,1902,4,8.21,historical
bats1,1902,5,8.2,historical
bats1,1902,6,8.17,historical
bats1,1902,7,8.13,historical
bats1,1902,8,8.11,historical
bats1,1902,9,8.12,historical
bats1,1902,10,8.15,historical
bats1,1902,11,8.18,historical
bats1,1902,12,8.19,historical
bats1,1903,1,8.2,historical
bats1,1903,2,8.2,historical
bats1,1903,3,8.2,historical
bats1,1903,4,8.2,historical
bats1,1903,5,8.2,historical
bats1,1903,6,8.17,historical
bats1,1903,7,8.14,historical
bats1,1903,8,8.12,historical
bats1,1903,9,8.13,historical
bats1,1903,10,8.15,historical
bats1,1903,11,8.18,historical
bats1,1903,12,8.19,historical
bats1,1904,1,8.2,historical
bats1,1904,2,8.2,historical
bats1,1904,3,8.2,historical
bats1,1904,4,8.21,historical
bats1,1904,5,8.2,historical
bats1,1904,6,8.18,historical
bats1,1904,7,8.14,historical
bats1,1904,8,8.12,historical
bats1,1904,9,8.13,historical
bats1,1904,10,8.15,historical
bats1,1904,11,8.18,historical
bats1,1904,12,8.2,historical
bats1,1905,1,8.2,historical
bats1,1905,2,8.2,historical
bats1,1905,3,8.2,historical
bats1,1905,4,8.21,historical
bats1,1905,5,8.19,historical
bats1,1905,6,8.16,historical
bats1,1905,7,8.14,historical
bats1,1905,8,8.11,historical
bats1,1905,9,8.12,historical
bats1,1905,10,8.15,historical
bats1,1905,11,8.17,historical
bats1,1905,12,8.19,historical
bats1,1906,1,8.2,historical
bats1,1906,2,8.2,historical
bats1,1906,3,8.2,historical
bats1,1906,4,8.2,historical
bats1,1906,5,8.19,historical
bats1,1906,6,8.17,historical
bats1,1906,7,8.14,historical
bats1,1906,8,8.12,historical
bats1,1906,9,8.12,historical
bats1,1906,10,8.15,historical
bats1,1906,11,8.18,historical
bats1,1906,12,8.19,historical
bats1,1907,1,8.2,historical
bats1,1907,2,8.2,historical
bats1,1907,3,8.2,historical
bats1,1907,4,8.2,historical
bats1,1907,5,8.19,historical
bats1,1907,6,8.17,historical
bats1,1907,7,8.13,historical
bats1,1907,8,8.11,historical
bats1,1907,9,8.12,historical
bats1,1907,10,8.14,historical
bats1,1907,11,8.17,historical
bats1,1907,12,8.19,historical
bats1,1908,1,8.2,historical
bats1,1908,2,8.2,historical
bats1,1908,3,8.2,historical
bats1,1908,4,8.2,historical
bats1,1908,5,8.19,historical
bats1,1908,6,8.17,historical
bats1,1908,7,8.13,historical
bats1,1908,8,8.11,historical
bats1,1908,9,8.12,historical
bats1,1908,10,8.14,historical
bats1,1908,11,8.17,historical
bats1,1908,12,8.19,historical
bats1,1909,1,8.2,historical
bats1,1909,2,8.2,historical
bats1,1909,3,8.2,historical
bats1,1909,4,8.2,historical
bats1,1909,5,8.19,historical
bats1,1909,6,8.16,historical
bats1,1909,7,8.13,historical
bats1,1909,8,8.11,historical
bats1,1909,9,8.12,historical
bats1,1909,10,8.14,historical
bats1,1909,11,8.17,historical
bats1,1909,12,8.19,historical
bats1,1910,1,8.2,historical
bats1,1910,2,8.2,historical
bats1,1910,3,8.2,historical
bats1,1910,4,8.2,historical
bats1,1910,5,8.19,historical
bats1,1910,6,8.17,historical
bats1,1910,7,8.13,historical
bats1,1910,8,8.11,historical
bats1,1910,9,8.12,historical
bats1,1910,10,8.14,historical
bats1,1910,11,8.17,historical
bats1,1910,12,8.19,historical
bats1,1911,1,8.2,historical
bats1,1911,2,8.2,historical
bats1,1911,3,8.2,historical
bats1,1911,4,8.2,historical
bats1,1911,5,8.19,historical
bats1,1911,6,8.16,historical
bats1,1911,7,8.13,historical
bats1,1911,8,8.11,historical
bats1,1911,9,8.11,historical
bats1,1911,10,8.14,historical
bats1,1911,11,8.17,historical
bats1,1911,12,8.19,historical
bats1,1912,1,8.2,historical
bats1,1912,2,8.2,historical
bats1,1912,3,8.2,historical
bats1,1912,4,8.2,historical
bats1,1912,5,8.19,historical
bats1,1912,6,8.17,historical
bats1,1912,7,8.13,historical
bats1,1912,8,8.11,historical
bats1,1912,9,8.11,historical
bats1,1912,10,8.15,historical
bats1,1912,11,8.17,historical
bats1,1912,12,8.19,historical
bats1,1913,1,8.2,historical
bats1,1913,2,8.2,historical
bats1,1913,3,8.2,historical
bats1,1913,4,8.2,historical
bats1,1913,5,8.19,historical
bats1,1913,6,8.16,historical
bats1,1913,7,8.13,historical
bats1,1913,8,8.12,historical
bats1,1913,9,8.12,historical
bats1,1913,10,8.15,historical
bats1,1913,11,8.17,historical
bats1,1913,12,8.19,historical
bats1,1914,1,8.2,historical
bats1,1914,2,8.2,historical
bats1,1914,3,8.2,historical
bats1,1914,4,8.2,historical
bats1,1914,5,8.19,historical
bats1,1914,6,8.17,historical
bats1,1914,7,8.13,historical
bats1,1914,8,8.11,historical
bats1,1914,9,8.12,historical
bats1,1914,10,8.15,historical
bats1,1914,11,8.17,historical
bats1,1914,12,8.19,historical
bats1,1915,1,8.2,historical
bats1,1915,2,8.2,historical
bats1,1915,3,8.19,historical
bats1,1915,4,8.2,historical
bats1,1915,5,8.19,historical
bats1,1915,6,8.17,historical
bats1,1915,7,8.13,historical
bats1,1915,8,8.11,historical
bats1,1915,9,8.12,historical
bats1,1915,10,8.15,historical
bats1,1915,11,8.17,historical
bats1,1915,12,8.19,historical
bats1,1916,1,8.2,historical
bats1,1916,2,8.19,historical
bats1,1916,3,8.19,historical
bats1,1916,4,8.2,historical
bats1,1916,5,8.19,historical
bats1,1916,6,8.17,historical
bats1,1916,7,8.13,historical
bats1,1916,8,8.11,historical
bats1,1916,9,8.12,historical
bats1,1916,10,8.14,historical
bats1,1916,11,8.17,historical
bats1,1916,12,8.19,historical
bats1,1917,1,8.19,historical
bats1,1917,2,8.2,historical
bats1,1917,3,8.2,historical
bats1,1917,4,8.2,historical
bats1,1917,5,8.19,historical
bats1,1917,6,8.17,historical
bats1,1917,7,8.13,historical
bats1,1917,8,8.11,historical
bats1,1917,9,8.12,historical
bats1,1917,10,8.14,historical
bats1,1917,11,8.17,historical
bats1,1917,12,8.19,historical
bats1,1918,1,8.19,historical
bats1,1918,2,8.19,historical
bats1,1918,3,8.2,historical
bats1,1918,4,8.2,historical
bats1,1918,5,8.19,historical
bats1,1918,6,8.16,historical
bats1,1918,7,8.13,historical
bats1,1918,8,8.11,historical
bats1,1918,9,8.11,historical
bats1,1918,10,8.14,historical
bats1,1918,11,8.17,historical
bats1,1918,12,8.19,historical
bats1,1919,1,8.19,historical
bats1,1919,2,8.19,historical
bats1,1919,3,8.2,historical
bats1,1919,4,8.2,historical
bats1,1919,5,8.19,historical
bats1,1919,6,8.15,historical
bats1,1919,7,8.12,historical
bats1,1919,8,8.1,historical
bats1,1919,9,8.11,historical
bats1,1919,10,8.14,historical
bats1,1919,11,8.17,historical
bats1,1919,12,8.19,historical
bats1,1920,1,8.19,historical
bats1,1920,2,8.19,historical
bats1,1920,3,8.19,historical
bats1,1920,4,8.2,historical
bats1,1920,5,8.19,historical
bats1,1920,6,8.16,historical
bats1,1920,7,8.12,historical
bats1,1920,8,8.1,historical
bats1,1920,9,8.11,historical
bats1,1920,10,8.14,historical
bats1,1920,11,8.17,historical
bats1,1920,12,8.19,historical
bats1,1921,1,8.19,historical
bats1,1921,2,8.19,historical
bats1,1921,3,8.19,historical
bats1,1921,4,8.2,historical
bats1,1921,5,8.19,historical
bats1,1921,6,8.16,historical
bats1,1921,7,8.13,historical
bats1,1921,8,8.11,historical
bats1,1921,9,8.11,historical
bats1,1921,10,8.14,historical
bats1,1921,11,8.16,historical
bats1,1921,12,8.18,historical
bats1,1922,1,8.19,historical
bats1,1922,2,8.19,historical
bats1,1922,3,8.2,historical
bats1,1922,4,8.2,historical
bats1,1922,5,8.19,historical
bats1,1922,6,8.16,historical
bats1,1922,7,8.12,historical
bats1,1922,8,8.11,historical
bats1,1922,9,8.11,historical
bats1,1922,10,8.14,historical
bats1,1922,11,8.17,historical
bats1,1922,12,8.19,historical
bats1,1923,1,8.19,historical
bats1,1923,2,8.2,historical
bats1,1923,3,8.2,historical
bats1,1923,4,8.2,historical
bats1,1923,5,8.19,historical
bats1,1923,6,8.16,historical
bats1,1923,7,8.13,historical
bats1,1923,8,8.11,historical
bats1,1923,9,8.11,historical
bats1,1923,10,8.14,historical
bats1,1923,11,8.16,historical
bats1,1923,12,8.18,historical
bats1,1924,1,8.19,historical
bats1,1924,2,8.19,historical
bats1,1924,3,8.19,historical
bats1,1924,4,8.2,historical
bats1,1924,5,8.19,historical
bats1,1924,6,8.16,historical
bats1,1924,7,8.12,historical
bats1,1924,8,8.11,historical
bats1,1924,9,8.11,historical
bats1,1924,10,8.14,historical
bats1,1924,11,8.17,historical
bats1,1924,12,8.18,historical
bats1,1925,1,8.19,historical
bats1,1925,2,8.19,historical
bats1,1925,3,8.19,historical
bats1,1925,4,8.2,historical
bats1,1925,5,8.19,historical
bats1,1925,6,8.16,historical
bats1,1925,7,8.12,historical
bats1,1925,8,8.1,historical
bats1,1925,9,8.11,historical
bats1,1925,10,8.14,historical
bats1,1925,11,8.17,historical
bats1,1925,12,8.19,historical
bats1,1926,1,8.19,historical
bats1,1926,2,8.19,historical
bats1,1926,3,8.19,historical
bats1,1926,4,8.19,historical
bats1,1926,5,8.18,historical
bats1,1926,6,8.16,historical
bats1,1926,7,8.12,historical
bats1,1926,8,8.11,historical
bats1,1926,9,8.11,historical
bats1,1926,10,8.13,historical
bats1,1926,11,8.16,historical
bats1,1926,12,8.18,historical
bats1,1927,1,8.19,historical
bats1,1927,2,8.19,historical
bats1,1927,3,8.19,historical
bats1,1927,4,8.19,historical
bats1,1927,5,8.19,historical
bats1,1927,6,8.16,historical
bats1,1927,7,8.12,historical
bats1,1927,8,8.1,historical
bats1,1927,9,8.11,historical
bats1,1927,10,8.14,historical
bats1,1927,11,8.17,historical
bats1,1927,12,8.19,historical
bats1,1928,1,8.19,historical
bats1,1928,2,8.19,historical
bats1,1928,3,8.19,historical
bats1,1928,4,8.19,historical
bats1,1928,5,8.18,historical
bats1,1928,6,8.16,historical
bats1,1928,7,8.12,historical
bats1,1928,8,8.1,historical
bats1,1928,9,8.11,historical
bats1,1928,10,8.14,historical
bats1,1928,11,8.16,historical
bats1,1928,12,8.18,historical
bats1,1929,1,8.19,historical
bats1,1929,2,8.19,historical
bats1,1929,3,8.19,historical
bats1,1929,4,8.19,historical
bats1,1929,5,8.18,historical
bats1,1929,6,8.16,historical
bats1,1929,7,8.12,historical
bats1,1929,8,8.1,historical
bats1,1929,9,8.11,historical
bats1,1929,10,8.13,historical
bats1,1929,11,8.16,historical
bats1,1929,12,8.18,historical
bats1,1930,1,8.19,historical
bats1,1930,2,8.19,historical
bats1,1930,3,8.19,historical
bats1,1930,4,8.19,historical
bats1,1930,5,8.19,historical
bats1,1930,6,8.16,historical
bats1,1930,7,8.12,historical
bats1,1930,8,8.1,historical
bats1,1930,9,8.11,historical
bats1,1930,10,8.14,historical
bats1,1930,11,8.17,historical
bats1,1930,12,8.18,historical
bats1,1931,1,8.19,historical
bats1,1931,2,8.19,historical
bats1,1931,3,8.18,historical
bats1,1931,4,8.19,historical
bats1,1931,5,8.18,historical
bats1,1931,6,8.16,historical
bats1,1931,7,8.12,historical
bats1,1931,8,8.1,historical
bats1,1931,9,8.11,historical
bats1,1931,10,8.13,historical
bats1,1931,11,8.16,historical
bats1,1931,12,8.18,historical
bats1,1932,1,8.19,historical
bats1,1932,2,8.19,historical
bats1,1932,3,8.19,historical
bats1,1932,4,8.19,historical
bats1,1932,5,8.18,historical
bats1,1932,6,8.16,historical
bats1,1932,7,8.12,historical
bats1,1932,8,8.1,historical
bats1,1932,9,8.11,historical
bats1,1932,10,8.13,historical
bats1,1932,11,8.16,historical
bats1,1932,12,8.18,historical
bats1,1933,1,8.19,historical
bats1,1933,2,8.19,historical
bats1,1933,3,8.19,historical
bats1,1933,4,8.19,historical
bats1,1933,5,8.18,historical
bats1,1933,6,8.16,historical
bats1,1933,7,8.13,historical
bats1,1933,8,8.1,historical
bats1,1933,9,8.11,historical
bats1,1933,10,8.13,historical
bats1,1933,11,8.16,historical
bats1,1933,12,8.18,historical
bats1,1934,1,8.19,historical
bats1,1934,2,8.18,historical
bats1,1934,3,8.19,historical
bats1,1934,4,8.19,historical
bats1,1934,5,8.19,historical
bats1,1934,6,8.16,historical
bats1,1934,7,8.12,historical
bats1,1934,8,8.1,historical
bats1,1934,9,8.11,historical
bats1,1934,10,8.13,historical
bats1,1934,11,8.17,historical
bats1,1934,12,8.18,historical
bats1,1935,1,8.19,historical
bats1,1935,2,8.19,historical
bats1,1935,3,8.19,historical
bats1,1935,4,8.19,historical
bats1,1935,5,8.18,historical
bats1,1935,6,8.16,historical
bats1,1935,7,8.12,historical
bats1,1935,8,8.11,historical
bats1,1935,9,8.12,historical
bats1,1935,10,8.13,historical
bats1,1935,11,8.16,historical
bats1,1935,12,8.18,historical
bats1,1936,1,8.19,historical
bats1,1936,2,8.19,historical
bats1,1936,3,8.19,historical
bats1,1936,4,8.19,historical
bats1,1936,5,8.18,historical
bats1,1936,6,8.15,historical
bats1,1936,7,8.12,historical
bats1,1936,8,8.11,historical
bats1,1936,9,8.11,historical
bats1,1936,10,8.14,historical
bats1,1936,11,8.16,historical
bats1,1936,12,8.18,historical
bats1,1937,1,8.19,historical
bats1,1937,2,8.19,historical
bats1,1937,3,8.19,historical
bats1,1937,4,8.19,historical
bats1,1937,5,8.17,historical
bats1,1937,6,8.15,historical
bats1,1937,7,8.12,historical
bats1,1937,8,8.1,historical
bats1,1937,9,8.11,historical
bats1,1937,10,8.13,historical
bats1,1937,11,8.16,historical
bats1,1937,12,8.18,historical
bats1,1938,1,8.19,historical
bats1,1938,2,8.19,historical
bats1,1938,3,8.19,historical
bats1,1938,4,8.19,historical
bats1,1938,5,8.18,historical
bats1,1938,6,8.15,historical
bats1,1938,7,8.12,historical
bats1,1938,8,8.1,historical
bats1,1938,9,8.1,historical
bats1,1938,10,8.13,historical
bats1,1938,11,8.16,historical
bats1,1938,12,8.18,historical
bats1,1939,1,8.19,historical
bats1,1939,2,8.19,historical
bats1,1939,3,8.19,historical
bats1,1939,4,8.19,historical
bats1,1939,5,8.18,historical
bats1,1939,6,8.15,historical
bats1,1939,7,8.12,historical
bats1,1939,8,8.1,historical
bats1,1939,9,8.1,historical
bats1,1939,10,8.13,historical
bats1,1939,11,8.16,historical
bats1,1939,12,8.18,historical
bats1,1940,1,8.18,historical
bats1,1940,2,8.18,historical
bats1,1940,3,8.19,historical
bats1,1940,4,8.19,historical
bats1,1940,5,8.18,historical
bats1,1940,6,8.16,historical
bats1,1940,7,8.12,historical
bats1,1940,8,8.1,historical
bats1,1940,9,8.1,historical
bats1,1940,10,8.13,historical
bats1,1940,11,8.16,historical
bats1,1940,12,8.18,historical
bats1,1941,1,8.18,historical
bats1,1941,2,8.18,historical
bats1,1941,3,8.18,historical
bats1,1941,4,8.19,historical
bats1,1941,5,8.18,historical
bats1,1941,6,8.15,historical
bats1,1941,7,8.12,historical
bats1,1941,8,8.1,historical
bats1,1941,9,8.11,historical
bats1,1941,10,8.13,historical
bats1,1941,11,8.16,historical
bats1,1941,12,8.17,historical
bats1,1942,1,8.18,historical
bats1,1942,2,8.18,historical
bats1,1942,3,8.18,historical
bats1,1942,4,8.19,historical
bats1,1942,5,8.18,historical
bats1,1942,6,8.15,historical
bats1,1942,7,8.11,historical
bats1,1942,8,8.09,historical
bats1,1942,9,8.11,historical
bats1,1942,10,8.13,historical
bats1,1942,11,8.16,historical
bats1,1942,12,8.17,historical
bats1,1943,1,8.18,historical
bats1,1943,2,8.18,historical
bats1,1943,3,8.18,historical
bats1,1943,4,8.19,historical
bats1,1943,5,8.18,historical
bats1,1943,6,8.15,historical
bats1,1943,7,8.12,historical
bats1,1943,8,8.1,historical
bats1,1943,9,8.1,historical
bats1,1943,10,8.13,historical
bats1,1943,11,8.16,historical
bats1,1943,12,8.18,historical
bats1,1944,1,8.18,historical
bats1,1944,2,8.18,historical
bats1,1944,3,8.18,historical
bats1,1944,4,8.19,historical
bats1,1944,5,8.18,historical
bats1,1944,6,8.15,historical
bats1,1944,7,8.12,historical
bats1,1944,8,8.1,historical
bats1,1944,9,8.1,historical
bats1,1944,10,8.13,historical
bats1,1944,11,8.15,historical
bats1,1944,12,8.18,historical
bats1,1945,1,8.18,historical
bats1,1945,2,8.18,historical
bats1,1945,3,8.18,historical
bats1,1945,4,8.19,historical
bats1,1945,5,8.18,historical
bats1,1945,6,8.15,historical
bats1,1945,7,8.12,historical
bats1,1945,8,8.1,historical
bats1,1945,9,8.11,historical
bats1,1945,10,8.12,historical
bats1,1945,11,8.16,historical
bats1,1945,12,8.17,historical
bats1,1946,1,8.18,historical
bats1,1946,2,8.18,historical
bats1,1946,3,8.18,historical
bats1,1946,4,8.19,historical
bats1,1946,5,8.18,historical
bats1,1946,6,8.15,historical
bats1,1946,7,8.12,historical
bats1,1946,8,8.1,historical
bats1,1946,9,8.1,historical
bats1,1946,10,8.13,historical
bats1,1946,11,8.16,historical
bats1,1946,12,8.17,historical
bats1,1947,1,8.18,historical
bats1,1947,2,8.18,historical
bats1,1947,3,8.18,historical
bats1,1947,4,8.18,historical
bats1,1947,5,8.17,historical
bats1,1947,6,8.14,historical
bats1,1947,7,8.12,historical
bats1,1947,8,8.1,historical
bats1,1947,9,8.11,historical
bats1,1947,10,8.13,historical
bats1,1947,11,8.16,historical
bats1,1947,12,8.18,historical
bats1,1948,1,8.18,historical
bats1,1948,2,8.18,historical
bats1,1948,3,8.18,historical
bats1,1948,4,8.19,historical
bats1,1948,5,8.17,historical
bats1,1948,6,8.15,historical
bats1,1948,7,8.12,historical
bats1,1948,8,8.1,historical
bats1,1948,9,8.1,historical
bats1,1948,10,8.13,historical
bats1,1948,11,8.15,historical
bats1,1948,12,8.17,historical
bats1,1949,1,8.18,historical
bats1,1949,2,8.18,historical
bats1,1949,3,8.18,historical
bats1,1949,4,8.19,historical
bats1,1949,5,8.17,historical
bats1,1949,6,8.14,historical
bats1,1949,7,8.11,historical
bats1,1949,8,8.1,historical
bats1,1949,9,8.1,historical
bats1,1949,10,8.13,historical
bats1,1949,11,8.15,historical
bats1,1949,12,8.17,historical
bats1,1950,1,8.18,historical
bats1,1950,2,8.18,historical
bats1,1950,3,8.18,historical
bats1,1950,4,8.19,historical
bats1,1950,5,8.17,historical
bats1,1950,6,8.15,historical
bats1,1950,7,8.11,historical
bats1,1950,8,8.09,historical
bats1,1950,9,8.1,historical
bats1,1950,10,8.12,historical
bats1,1950,11,8.15,historical
bats1,1950,12,8.18,historical
bats1,1951,1,8.18,historical
bats1,1951,2,8.18,historical
bats1,1951,3,8.18,historical
bats1,1951,4,8.19,historical
bats1,1951,5,8.18,historical
bats1,1951,6,8.15,historical
bats1,1951,7,8.11,historical
bats1,1951,8,8.1,historical
bats1,1951,9,8.1,historical
bats1,1951,10,8.12,historical
bats1,1951,11,8.15,historical
bats1,1951,12,8.17,historical
bats1,1952,1,8.18,historical
bats1,1952,2,8.18,historical
bats1,1952,3,8.18,historical
bats1,1952,4,8.19,historical
bats1,1952,5,8.18,historical
bats1,1952,6,8.15,historical
bats1,1952,7,8.11,historical
bats1,1952,8,8.1,historical
bats1,1952,9,8.1,historical
bats1,1952,10,8.12,historical
bats1,1952,11,8.16,historical
bats1,1952,12,8.18,historical
bats1,1953,1,8.18,historical
bats1,1953,2,8.18,historical
bats1,1953,3,8.18,historical
bats1,1953,4,8.19,historical
bats1,1953,5,8.18,historical
bats1,1953,6,8.15,historical
bats1,1953,7,8.11,historical
bats1,1953,8,8.09,historical
bats1,1953,9,8.1,historical
bats1,1953,10,8.13,historical
bats1,1953,11,8.16,historical
bats1,1953,12,8.17,historical
bats1,1954,1,8.18,historical
bats1,1954,2,8.18,historical
bats1,1954,3,8.18,historical
bats1,1954,4,8.18,historical
bats1,1954,5,8.18,historical
bats1,1954,6,8.14,historical
bats1,1954,7,8.11,historical
bats1,1954,8,8.1,historical
bats1,1954,9,8.1,historical
bats1,1954,10,8.13,historical
bats1,1954,11,8.15,historical
bats1,1954,12,8.17,historical
bats1,1955,1,8.18,historical
bats1,1955,2,8.18,historical
bats1,1955,3,8.18,historical
bats1,1955,4,8.18,historical
bats1,1955,5,8.18,historical
bats1,1955,6,8.15,historical
bats1,1955,7,8.11,historical
bats1,1955,8,8.1,historical
bats1,1955,9,8.11,historical
bats1,1955,10,8.13,historical
bats1,1955,11,8.15,historical
bats1,1955,12,8.17,historical
bats1,1956,1,8.18,historical
bats1,1956,2,8.18,historical
bats1,1956,3,8.18,historical
bats1,1956,4,8.18,historical
bats1,1956,5,8.17,historical
bats1,1956,6,8.14,historical
bats1,1956,7,8.11,historical
bats1,1956,8,8.1,historical
bats1,1956,9,8.11,historical
bats1,1956,10,8.13,historical
bats1,1956,11,8.15,historical
bats1,1956,12,8.18,historical
bats1,1957,1,8.18,historical
bats1,1957,2,8.18,historical
bats1,1957,3,8.18,historical
bats1,1957,4,8.19,historical
bats1,1957,5,8.17,historical
bats1,1957,6,8.15,historical
bats1,1957,7,8.12,historical
bats1,1957,8,8.1,historical
bats1,1957,9,8.1,historical
bats1,1957,10,8.12,historical
bats1,1957,11,8.15,historical
bats1,1957,12,8.17,historical
bats1,1958,1,8.18,historical
bats1,1958,2,8.18,historical
bats1,1958,3,8.18,historical
bats1,1958,4,8.18,historical
bats1,1958,5,8.17,historical
bats1,1958,6,8.15,historical
bats1,1958,7,8.11,historical
bats1,1958,8,8.1,historical
bats1,1958,9,8.11,historical
bats1,1958,10,8.13,historical
bats1,1958,11,8.16,historical
bats1,1958,12,8.17,historical
bats1,1959,1,8.18,historical
bats1,1959,2,8.18,historical
bats1,1959,3,8.18,historical
bats1,1959,4,8.18,historical
bats1,1959,5,8.17,historical
bats1,1959,6,8.14,historical
bats1,1959,7,8.11,historical
bats1,1959,8,8.09,historical
bats1,1959,9,8.1,historical
bats1,1959,10,8.12,historical
bats1,1959,11,8.15,historical
bats1,1959,12,8.17,historical
bats1,1960,1,8.18,historical
bats1,1960,2,8.18,historical
bats1,1960,3,8.18,historical
bats1,1960,4,8.18,historical
bats1,1960,5,8.18,historical
bats1,1960,6,8.15,historical
bats1,1960,7,8.11,historical
bats1,1960,8,8.09,historical
bats1,1960,9,8.1,historical
bats1,1960,10,8.13,historical
bats1,1960,11,8.15,historical
bats1,1960,12,8.17,historical
bats1,1961,1,8.18,historical
bats1,1961,2,8.18,historical
bats1,1961,3,8.18,historical
bats1,1961,4,8.18,historical
bats1,1961,5,8.17,historical
bats1,1961,6,8.15,historical
bats1,1961,7,8.12,historical
bats1,1961,8,8.1,historical
bats1,1961,9,8.11,historical
bats1,1961,10,8.13,historical
bats1,1961,11,8.16,historical
bats1,1961,12,8.17,historical
bats1,1962,1,8.18,historical
bats1,1962,2,8.18,historical
bats1,1962,3,8.18,historical
bats1,1962,4,8.18,historical
bats1,1962,5,8.17,historical
bats1,1962,6,8.14,historical
bats1,1962,7,8.11,historical
bats1,1962,8,8.1,historical
bats1,1962,9,8.1,historical
bats1,1962,10,8.12,historical
bats1,1962,11,8.15,historical
bats1,1962,12,8.17,historical
bats1,1963,1,8.18,historical
bats1,1963,2,8.18,historical
bats1,1963,3,8.18,historical
bats1,1963,4,8.18,historical
bats1,1963,5,8.18,historical
bats1,1963,6,8.15,historical
bats1,1963,7,8.12,historical
bats1,1963,8,8.1,historical
bats1,1963,9,8.11,historical
bats1,1963,10,8.12,historical
bats1,1963,11,8.15,historical
bats1,1963,12,8.17,historical
bats1,1964,1,8.18,historical
bats1,1964,2,8.18,historical
bats1,1964,3,8.18,historical
bats1,1964,4,8.18,historical
bats1,1964,5,8.17,historical
bats1,1964,6,8.14,historical
bats1,1964,7,8.11,historical
bats1,1964,8,8.09,historical
bats1,1964,9,8.1,historical
bats1,1964,10,8.12,historical
bats1,1964,11,8.15,historical
bats1,1964,12,8.17,historical
bats1,1965,1,8.18,historical
bats1,1965,2,8.18,historical
bats1,1965,3,8.17,historical
bats1,1965,4,8.18,historical
bats1,1965,5,8.17,historical
bats1,1965,6,8.15,historical
bats1,1965,7,8.11,historical
bats1,1965,8,8.09,historical
bats1,1965,9,8.1,historical
bats1,1965,10,8.12,historical
bats1,1965,11,8.15,historical
bats1,1965,12,8.17,historical
bats1,1966,1,8.17,historical
bats1,1966,2,8.17,historical
bats1,1966,3,8.17,historical
bats1,1966,4,8.18,historical
bats1,1966,5,8.17,historical
bats1,1966,6,8.14,historical
bats1,1966,7,8.11,historical
bats1,1966,8,8.09,historical
bats1,1966,9,8.1,historical
bats1,1966,10,8.12,historical
bats1,1966,11,8.15,historical
bats1,1966,12,8.17,historical
bats1,1967,1,8.18,historical
bats1,1967,2,8.18,historical
bats1,1967,3,8.17,historical
bats1,1967,4,8.18,historical
bats1,1967,5,8.17,historical
bats1,1967,6,8.15,historical
bats1,1967,7,8.11,historical
bats1,1967,8,8.09,historical
bats1,1967,9,8.1,historical
bats1,1967,10,8.11,historical
bats1,1967,11,8.14,historical
bats1,1967,12,8.16,historical
bats1,1968,1,8.18,historical
bats1,1968,2,8.18,historical
bats1,1968,3,8.18,historical
bats1,1968,4,8.18,historical
bats1,1968,5,8.17,historical
bats1,1968,6,8.14,historical
bats1,1968,7,8.1,historical
bats1,1968,8,8.09,historical
bats1,1968,9,8.1,historical
bats1,1968,10,8.12,historical
bats1,1968,11,8.15,historical
bats1,1968,12,8.17,historical
bats1,1969,1,8.18,historical
bats1,1969,2,8.18,historical
bats1,1969,3,8.17,historical
bats1,1969,4,8.18,historical
bats1,1969,5,8.17,historical
bats1,1969,6,8.14,historical
bats1,1969,7,8.11,historical
bats1,1969,8,8.09,historical
bats1,1969,9,8.09,historical
bats1,1969,10,8.12,historical
bats1,1969,11,8.15,historical
bats1,1969,12,8.17,historical
bats1,1970,1,8.17,historical
bats1,1970,2,8.17,historical
bats1,1970,3,8.17,historical
bats1,1970,4,8.18,historical
bats1,1970,5,8.17,historical
bats1,1970,6,8.14,historical
bats1,1970,7,8.11,historical
bats1,1970,8,8.09,historical
bats1,1970,9,8.1,historical
bats1,1970,10,8.13,historical
bats1,1970,11,8.15,historical
bats1,1970,12,8.16,historical
bats1,1971,1,8.17,historical
bats1,1971,2,8.17,historical
bats1,1971,3,8.17,historical
bats1,1971,4,8.18,historical
bats1,1971,5,8.17,historical
bats1,1971,6,8.14,historical
bats1,1971,7,8.1,historical
bats1,1971,8,8.08,historical
bats1,1971,9,8.09,historical
bats1,1971,10,8.12,historical
bats1,1971,11,8.15,historical
bats1,1971,12,8.16,historical
bats1,1972,1,8.17,historical
bats1,1972,2,8.17,historical
bats1,1972,3,8.17,historical
bats1,1972,4,8.17,historical
bats1,1972,5,8.17,historical
bats1,1972,6,8.14,historical
bats1,1972,7,8.1,historical
bats1,1972,8,8.08,historical
bats1,1972,9,8.09,historical
bats1,1972,10,8.11,historical
bats1,1972,11,8.14,historical
bats1,1972,12,8.17,historical
bats1,1973,1,8.17,historical
bats1,1973,2,8.17,historical
bats1,1973,3,8.17,historical
bats1,1973,4,8.17,historical
bats1,1973,5,8.17,historical
bats1,1973,6,8.14,historical
bats1,1973,7,8.1,historical
bats1,1973,8,8.08,historical
bats1,1973,9,8.09,historical
bats1,1973,10,8.11,historical
bats1,1973,11,8.14,historical
bats1,1973,12,8.16,historical
bats1,1974,1,8.17,historical
bats1,1974,2,8.17,historical
bats1,1974,3,8.17,historical
bats1,1974,4,8.18,historical
bats1,1974,5,8.16,historical
bats1,1974,6,8.14,historical
bats1,1974,7,8.1,historical
bats1,1974,8,8.08,historical
bats1,1974,9,8.09,historical
bats1,1974,10,8.11,historical
bats1,1974,11,8.14,historical
bats1,1974,12,8.16,historical
bats1,1975,1,8.17,historical
bats1,1975,2,8.17,historical
bats1,1975,3,8.17,historical
bats1,1975,4,8.17,historical
bats1,1975,5,8.16,historical
bats1,1975,6,8.13,historical
bats1,1975,7,8.1,historical
bats1,1975,8,8.08,historical
bats1,1975,9,8.09,historical
bats1,1975,10,8.12,historical
bats1,1975,11,8.14,historical
bats1,1975,12,8.16,historical
bats1,1976,1,8.16,historical
bats1,1976,2,8.17,historical
bats1,1976,3,8.17,historical
bats1,1976,4,8.17,historical
bats1,1976,5,8.16,historical
bats1,1976,6,8.14,historical
bats1,1976,7,8.11,historical
bats1,1976,8,8.08,historical
bats1,1976,9,8.08,historical
bats1,1976,10,8.11,historical
bats1,1976,11,8.14,historical
bats1,1976,12,8.16,historical
bats1,1977,1,8.16,historical
bats1,1977,2,8.16,historical
bats1,1977,3,8.16,historical
bats1,1977,4,8.17,historical
bats1,1977,5,8.15,historical
bats1,1977,6,8.13,historical
bats1,1977,7,8.1,historical
bats1,1977,8,8.08,historical
bats1,1977,9,8.09,historical
bats1,1977,10,8.11,historical
bats1,1977,11,8.14,historical
bats1,1977,12,8.16,historical
bats1,1978,1,8.16,historical
bats1,1978,2,8.16,historical
bats1,1978,3,8.17,historical
bats1,1978,4,8.17,historical
bats1,1978,5,8.16,historical
bats1,1978,6,8.13,historical
bats1,1978,7,8.1,historical
bats1,1978,8,8.08,historical
bats1,1978,9,8.08,historical
bats1,1978,10,8.11,historical
bats1,1978,11,8.13,historical
bats1,1978,12,8.15,historical
bats1,1979,1,8.16,historical
bats1,1979,2,8.16,historical
bats1,1979,3,8.16,historical
bats1,1979,4,8.17,historical
bats1,1979,5,8.15,historical
bats1,1979,6,8.13,historical
bats1,1979,7,8.09,historical
bats1,1979,8,8.08,historical
bats1,1979,9,8.08,historical
bats1,1979,10,8.11,historical
bats1,1979,11,8.14,historical
bats1,1979,12,8.16,historical
bats1,1980,1,8.16,historical
bats1,1980,2,8.16,historical
bats1,1980,3,8.16,historical
bats1,1980,4,8.17,historical
bats1,1980,5,8.15,historical
bats1,1980,6,8.12,historical
bats1,1980,7,8.1,historical
bats1,1980,8,8.07,historical
bats1,1980,9,8.09,historical
bats1,1980,10,8.11,historical
bats1,1980,11,8.14,historical
bats1,1980,12,8.16,historical
bats1,1981,1,8.16,historical
bats1,1981,2,8.16,historical
bats1,1981,3,8.16,historical
bats1,1981,4,8.17,historical
bats1,1981,5,8.15,historical
bats1,1981,6,8.12,historical
bats1,1981,7,8.09,historical
bats1,1981,8,8.07,historical
bats1,1981,9,8.08,historical
bats1,1981,10,8.1,historical
bats1,1981,11,8.13,historical
bats1,1981,12,8.15,historical
bats1,1982,1,8.16,historical
bats1,1982,2,8.16,historical
bats1,1982,3,8.16,historical
bats1,1982,4,8.16,historical
bats1,1982,5,8.15,historical
bats1,1982,6,8.12,historical
bats1,1982,7,8.09,historical
bats1,1982,8,8.07,historical
bats1,1982,9,8.08,historical
bats1,1982,10,8.1,historical
bats1,1982,11,8.13,historical
bats1,1982,12,8.15,historical
bats1,1983,1,8.16,historical
bats1,1983,2,8.16,historical
bats1,1983,3,8.16,historical
bats1,1983,4,8.16,historical
bats1,1983,5,8.15,historical
bats1,1983,6,8.12,historical
bats1,1983,7,8.09,historical
bats1,1983,8,8.08,historical
bats1,1983,9,8.08,historical
bats1,1983,10,8.1,historical
bats1,1983,11,8.13,historical
bats1,1983,12,8.15,historical
bats1,1984,1,8.16,historical
bats1,1984,2,8.15,historical
bats1,1984,3,8.16,historical
bats1,1984,4,8.16,historical
bats1,1984,5,8.15,historical
bats1,1984,6,8.12,historical
bats1,1984,7,8.09,historical
bats1,1984,8,8.07,historical
bats1,1984,9,8.08,historical
bats1,1984,10,8.1,historical
bats1,1984,11,8.13,historical
bats1,1984,12,8.15,historical
bats1,1985,1,8.15,historical
bats1,1985,2,8.15,historical
bats1,1985,3,8.15,historical
bats1,1985,4,8.16,historical
bats1,1985,5,8.15,historical
bats1,1985,6,8.12,historical
bats1,1985,7,8.09,historical
bats1,1985,8,8.07,historical
bats1,1985,9,8.08,historical
bats1,1985,10,8.1,historical
bats1,1985,11,8.13,historical
bats1,1985,12,8.15,historical
bats1,1986,1,8.15,historical
bats1,1986,2,8.15,historical
bats1,1986,3,8.15,historical
bats1,1986,4,8.16,historical
bats1,1986,5,8.15,historical
bats1,1986,6,8.12,historical
bats1,1986,7,8.09,historical
bats1,1986,8,8.07,historical
bats1,1986,9,8.07,historical
bats1,1986,10,8.1,historical
bats1,1986,11,8.13,historical
bats1,1986,12,8.14,historical
bats1,1987,1,8.15,historical
bats1,1987,2,8.15,historical
bats1,1987,3,8.15,historical
bats1,1987,4,8.16,historical
bats1,1987,5,8.14,historical
bats1,1987,6,8.12,historical
bats1,1987,7,8.09,historical
bats1,1987,8,8.07,historical
bats1,1987,9,8.08,historical
bats1,1987,10,8.09,historical
bats1,1987,11,8.12,historical
bats1,1987,12,8.14,historical
bats1,1988,1,8.15,historical
bats1,1988,2,8.15,historical
bats1,1988,3,8.15,historical
bats1,1988,4,8.15,historical
bats1,1988,5,8.14,historical
bats1,1988,6,8.11,historical
bats1,1988,7,8.07,historical
bats1,1988,8,8.06,historical
bats1,1988,9,8.07,historical
bats1,1988,10,8.09,historical
bats1,1988,11,8.12,historical
bats1,1988,12,8.14,historical
bats1,1989,1,8.14,historical
bats1,1989,2,8.15,historical
bats1,1989,3,8.15,historical
bats1,1989,4,8.15,historical
bats1,1989,5,8.13,historical
bats1,1989,6,8.11,historical
bats1,1989,7,8.07,historical
bats1,1989,8,8.06,historical
bats1,1989,9,8.07,historical
bats1,1989,10,8.1,historical
bats1,1989,11,8.12,historical
bats1,1989,12,8.14,historical
bats1,1990,1,8.14,historical
bats1,1990,2,8.14,historical
bats1,1990,3,8.14,historical
bats1,1990,4,8.15,historical
bats1,1990,5,8.14,historical
bats1,1990,6,8.11,historical
bats1,1990,7,8.07,historical
bats1,1990,8,8.06,historical
bats1,1990,9,8.06,historical
bats1,1990,10,8.09,historical
bats1,1990,11,8.12,historical
bats1,1990,12,8.14,historical
bats1,1991,1,8.14,historical
bats1,1991,2,8.14,historical
bats1,1991,3,8.15,historical
bats1,1991,4,8.15,historical
bats1,1991,5,8.13,historical
bats1,1991,6,8.1,historical
bats1,1991,7,8.07,historical
bats1,1991,8,8.05,historical
bats1,1991,9,8.06,historical
bats1,1991,10,8.09,historical
bats1,1991,11,8.12,historical
bats1,1991,12,8.14,historical
bats1,1992,1,8.14,historical
bats1,1992,2,8.14,historical
bats1,1992,3,8.14,historical
bats1,1992,4,8.15,historical
bats1,1992,5,8.13,historical
bats1,1992,6,8.11,historical
bats1,1992,7,8.07,historical
bats1,1992,8,8.06,historical
bats1,1992,9,8.06,historical
bats1,1992,10,8.09,historical
bats1,1992,11,8.12,historical
bats1,1992,12,8.14,historical
bats1,1993,1,8.14,historical
bats1,1993,2,8.14,historical
bats1,1993,3,8.14,historical
bats1,1993,4,8.15,historical
bats1,1993,5,8.14,historical
bats1,1993,6,8.1,historical
bats1,1993,7,8.07,historical
bats1,1993,8,8.05,historical
bats1,1993,9,8.06,historical
bats1,1993,10,8.08,historical
bats1,1993,11,8.12,historical
bats1,1993,12,8.13,historical
bats1,1994,1,8.14,historical
bats1,1994,2,8.14,historical
bats1,1994,3,8.14,historical
bats1,1994,4,8.14,historical
bats1,1994,5,8.14,historical
bats1,1994,6,8.11,historical
bats1,1994,7,8.07,historical
bats1,1994,8,8.06,historical
bats1,1994,9,8.05,historical
bats1,1994,10,8.08,historical
bats1,1994,11,8.11,historical
bats1,1994,12,8.13,historical
bats1,1995,1,8.14,historical
bats1,1995,2,8.14,historical
bats1,1995,3,8.14,historical
bats1,1995,4,8.14,historical
bats1,1995,5,8.13,historical
bats1,1995,6,8.09,historical
bats1,1995,7,8.07,historical
bats1,1995,8,8.05,historical
bats1,1995,9,8.06,historical
bats1,1995,10,8.09,historical
bats1,1995,11,8.11,historical
bats1,1995,12,8.13,historical
bats1,1996,1,8.14,historical
bats1,1996,2,8.14,historical
bats1,1996,3,8.14,historical
bats1,1996,4,8.14,historical
bats1,1996,5,8.13,historical
bats1,1996,6,8.1,historical
bats1,1996,7,8.06,historical
bats1,1996,8,8.04,historical
bats1,1996,9,8.05,historical
bats1,1996,10,8.08,historical
bats1,1996,11,8.11,historical
bats1,1996,12,8.13,historical
bats1,1997,1,8.14,historical
bats1,1997,2,8.14,historical
bats1,1997,3,8.14,historical
bats1,1997,4,8.14,historical
bats1,1997,5,8.13,historical
bats1,1997,6,8.1,historical
bats1,1997,7,8.07,historical
bats1,1997,8,8.05,historical
bats1,1997,9,8.06,historical
bats1,1997,10,8.08,historical
bats1,1997,11,8.11,historical
bats1,1997,12,8.13,historical
bats1,1998,1,8.13,historical
bats1,1998,2,8.13,historical
bats1,1998,3,8.14,historical
bats1,1998,4,8.14,historical
bats1,1998,5,8.13,historical
bats1,1998,6,8.11,historical
bats1,1998,7,8.07,historical
bats1,1998,8,8.05,historical
bats1,1998,9,8.05,historical
bats1,1998,10,8.08,historical
bats1,1998,11,8.11,historical
bats1,1998,12,8.12,historical
bats1,1999,1,8.13,historical
bats1,1999,2,8.13,historical
bats1,1999,3,8.14,historical
bats1,1999,4,8.14,historical
bats1,1999,5,8.13,historical
bats1,1999,6,8.1,historical
bats1,1999,7,8.06,historical
bats1,1999,8,8.04,historical
bats1,1999,9,8.05,historical
bats1,1999,10,8.07,historical
bats1,1999,11,8.1,historical
bats1,1999,12,8.12,historical
bats1,2000,1,8.13,historical
bats1,2000,2,8.13,historical
bats1,2000,3,8.13,historical
bats1,2000,4,8.14,historical
bats1,2000,5,8.13,historical
bats1,2000,6,8.1,historical
bats1,2000,7,8.06,historical
bats1,2000,8,8.04,historical
bats1,2000,9,8.05,historical
bats1,2000,10,8.07,historical
bats1,2000,11,8.1,historical
bats1,2000,12,8.12,historical
bats1,2001,1,8.13,historical
bats1,2001,2,8.13,historical
bats1,2001,3,8.13,historical
bats1,2001,4,8.13,historical
bats1,2001,5,8.12,historical
bats1,2001,6,8.09,historical
bats1,2001,7,8.06,historical
bats1,2001,8,8.04,historical
bats1,2001,9,8.05,historical
bats1,2001,10,8.08,historical
bats1,2001,11,8.1,historical
bats1,2001,12,8.12,historical
bats1,2002,1,8.13,historical
bats1,2002,2,8.13,historical
bats1,2002,3,8.13,historical
bats1,2002,4,8.13,historical
bats1,2002,5,8.12,historical
bats1,2002,6,8.08,historical
bats1,2002,7,8.05,historical
bats1,2002,8,8.04,historical
bats1,2002,9,8.04,historical
bats1,2002,10,8.07,historical
bats1,2002,11,8.1,historical
bats1,2002,12,8.12,historical
bats1,2003,1,8.13,historical
bats1,2003,2,8.13,historical
bats1,2003,3,8.13,historical
bats1,2003,4,8.13,historical
bats1,2003,5,8.12,historical
bats1,2003,6,8.09,historical
bats1,2003,7,8.05,historical
bats1,2003,8,8.04,historical
bats1,2003,9,8.04,historical
bats1,2003,10,8.06,historical
bats1,2003,11,8.1,historical
bats1,2003,12,8.12,historical
bats1,2004,1,8.12,historical
bats1,2004,2,8.12,historical
bats1,2004,3,8.13,historical
bats1,2004,4,8.13,historical
bats1,2004,5,8.12,historical
bats1,2004,6,8.08,historical
bats1,2004,7,8.05,historical
bats1,2004,8,8.03,historical
bats1,2004,9,8.04,historical
bats1,2004,10,8.07,historical
bats1,2004,11,8.1,historical
bats1,2004,12,8.12,historical
bats1,2005,1,8.12,historical
bats1,2005,2,8.12,historical
bats1,2005,3,8.13,historical
bats1,2005,4,8.13,historical
bats1,2005,5,8.11,historical
bats1,2005,6,8.09,historical
bats1,2005,7,8.05,historical
bats1,2005,8,8.03,historical
bats1,2005,9,8.04,historical
bats1,2005,10,8.07,historical
bats1,2005,11,8.09,historical
bats1,2005,12,8.11,historical
bats1,2006,1,8.12,historical
bats1,2006,2,8.12,historical
bats1,2006,3,8.12,historical
bats1,2006,4,8.12,historical
bats1,2006,5,8.11,historical
bats1,2006,6,8.09,historical
bats1,2006,7,8.05,historical
bats1,2006,8,8.03,historical
bats1,2006,9,8.04,historical
bats1,2006,10,8.06,historical
bats1,2006,11,8.09,historical
bats1,2006,12,8.11,historical
bats1,2007,1,8.12,historical
bats1,2007,2,8.12,historical
bats1,2007,3,8.12,historical
bats1,2007,4,8.13,historical
bats1,2007,5,8.11,historical
bats1,2007,6,8.07,historical
bats1,2007,7,8.04,historical
bats1,2007,8,8.03,historical
bats1,2007,9,8.03,historical
bats1,2007,10,8.06,historical
bats1,2007,11,8.09,historical
bats1,2007,12,8.11,historical
bats1,2008,1,8.12,historical
bats1,2008,2,8.12,historical
bats1,2008,3,8.12,historical
bats1,2008,4,8.12,historical
bats1,2008,5,8.1,historical
bats1,2008,6,8.07,historical
bats1,2008,7,8.04,historical
bats1,2008,8,8.02,historical
bats1,2008,9,8.03,historical
bats1,2008,10,8.06,historical
bats1,2008,11,8.09,historical
bats1,2008,12,8.11,historical
bats1,2009,1,8.11,historical
bats1,2009,2,8.11,historical
bats1,2009,3,8.12,historical
bats1,2009,4,8.12,historical
bats1,2009,5,8.12,historical
bats1,2009,6,8.08,historical
bats1,2009,7,8.04,historical
bats1,2009,8,8.02,historical
bats1,2009,9,8.03,historical
bats1,2009,10,8.06,historical
bats1,2009,11,8.09,historical
bats1,2009,12,8.11,historical
bats1,2010,1,8.11,historical
bats1,2010,2,8.11,historical
bats1,2010,3,8.12,historical
bats1,2010,4,8.12,historical
bats1,2010,5,8.11,historical
bats1,2010,6,8.07,historical
bats1,2010,7,8.04,historical
bats1,2010,8,8.03,historical
bats1,2010,9,8.03,historical
bats1,2010,10,8.05,historical
bats1,2010,11,8.08,historical
bats1,2010,12,8.11,historical
bats1,2011,1,8.11,historical
bats1,2011,2,8.11,historical
bats1,2011,3,8.11,historical
bats1,2011,4,8.12,historical
bats1,2011,5,8.11,historical
bats1,2011,6,8.07,historical
bats1,2011,7,8.04,historical
bats1,2011,8,8.03,historical
bats1,2011,9,8.02,historical
bats1,2011,10,8.05,historical
bats1,2011,11,8.08,historical
bats1,2011,12,8.1,historical
bats1,2012,1,8.11,historical
bats1,2012,2,8.11,historical
bats1,2012,3,8.12,historical
bats1,2012,4,8.12,historical
bats1,2012,5,8.1,historical
bats1,2012,6,8.08,historical
bats1,2012,7,8.04,historical
bats1,2012,8,8.02,historical
bats1,2012,9,8.03,historical
bats1,2012,10,8.05,historical
bats1,2012,11,8.08,historical
bats1,2012,12,8.1,historical
bats1,2013,1,8.11,historical
bats1,2013,2,8.11,historical
bats1,2013,3,8.11,historical
bats1,2013,4,8.11,historical
bats1,2013,5,8.1,historical
bats1,2013,6,8.07,historical
bats1,2013,7,8.03,historical
bats1,2013,8,8.02,historical
bats1,2013,9,8.02,historical
bats1,2013,10,8.05,historical
bats1,2013,11,8.08,historical
bats1,2013,12,8.1,historical
bats1,2014,1,8.11,historical
bats1,2014,2,8.11,historical
bats1,2014,3,8.11,historical
bats1,2014,4,8.11,historical
bats1,2014,5,8.1,historical
bats1,2014,6,8.07,historical
bats1,2014,7,8.03,historical
bats1,2014,8,8.02,historical
bats1,2014,9,8.02,historical
bats1,2014,10,8.05,historical
bats1,2014,11,8.08,historical
bats1,2014,12,8.1,historical
bats1,2015,1,8.1,ssp126
bats1,2015,2,8.1,ssp126
bats1,2015,3,8.1,ssp126
bats1,2015,4,8.11,ssp126
bats1,2015,5,8.09,ssp126
bats1,2015,6,8.06,ssp126
bats1,2015,7,8.02,ssp126
bats1,2015,8,8.01,ssp126
bats1,2015,9,8.02,ssp126
bats1,2015,10,8.05,ssp126
bats1,2015,11,8.07,ssp126
bats1,2015,12,8.1,ssp126
bats1,2016,1,8.1,ssp126
bats1,2016,2,8.1,ssp126
bats1,2016,3,8.1,ssp126
bats1,2016,4,8.11,ssp126
bats1,2016,5,8.09,ssp126
bats1,2016,6,8.07,ssp126
bats1,2016,7,8.03,ssp126
bats1,2016,8,8.02,ssp126
bats1,2016,9,8.02,ssp126
bats1,2016,10,8.04,ssp126
bats1,2016,11,8.07,ssp126
bats1,2016,12,8.09,ssp126
bats1,2017,1,8.1,ssp126
bats1,2017,2,8.1,ssp126
bats1,2017,3,8.11,ssp126
bats1,2017,4,8.11,ssp126
bats1,2017,5,8.09,ssp126
bats1,2017,6,8.05,ssp126
bats1,2017,7,8.02,ssp126
bats1,2017,8,8.01,ssp126
bats1,2017,9,8.02,ssp126
bats1,2017,10,8.04,ssp126
bats1,2017,11,8.07,ssp126
bats1,2017,12,8.09,ssp126
bats1,2018,1,8.1,ssp126
bats1,2018,2,8.1,ssp126
bats1,2018,3,8.1,ssp126
bats1,2018,4,8.1,ssp126
bats1,2018,5,8.09,ssp126
bats1,2018,6,8.06,ssp126
bats1,2018,7,8.02,ssp126
bats1,2018,8,8.01,ssp126
bats1,2018,9,8.01,ssp126
bats1,2018,10,8.04,ssp126
bats1,2018,11,8.06,ssp126
bats1,2018,12,8.08,ssp126
bats1,2019,1,8.09,ssp126
bats1,2019,2,8.09,ssp126
bats1,2019,3,8.09,ssp126
bats1,2019,4,8.1,ssp126
bats1,2019,5,8.09,ssp126
bats1,2019,6,8.05,ssp126
bats1,2019,7,8.02,ssp126
bats1,2019,8,8,ssp126
bats1,2019,9,8.01,ssp126
bats1,2019,10,8.04,ssp126
bats1,2019,11,8.07,ssp126
bats1,2019,12,8.09,ssp126
bats1,2020,1,8.09,ssp126
bats1,2020,2,8.09,ssp126
bats1,2020,3,8.09,ssp126
bats1,2020,4,8.1,ssp126
bats1,2020,5,8.08,ssp126
bats1,2020,6,8.05,ssp126
bats1,2020,7,8.02,ssp126
bats1,2020,8,8,ssp126
bats1,2020,9,8.01,ssp126
bats1,2020,10,8.03,ssp126
bats1,2020,11,8.06,ssp126
bats1,2020,12,8.08,ssp126
bats1,2021,1,8.09,ssp126
bats1,2021,2,8.09,ssp126
bats1,2021,3,8.09,ssp126
bats1,2021,4,8.1,ssp126
bats1,2021,5,8.09,ssp126
bats1,2021,6,8.05,ssp126
bats1,2021,7,8.02,ssp126
bats1,2021,8,8,ssp126
bats1,2021,9,8.01,ssp126
bats1,2021,10,8.04,ssp126
bats1,2021,11,8.06,ssp126
bats1,2021,12,8.08,ssp126
bats1,2022,1,8.09,ssp126
bats1,2022,2,8.09,ssp126
bats1,2022,3,8.09,ssp126
bats1,2022,4,8.09,ssp126
bats1,2022,5,8.08,ssp126
bats1,2022,6,8.05,ssp126
bats1,2022,7,8.01,ssp126
bats1,2022,8,7.99,ssp126
bats1,2022,9,8,ssp126
bats1,2022,10,8.03,ssp126
bats1,2022,11,8.06,ssp126
bats1,2022,12,8.07,ssp126
bats1,2023,1,8.09,ssp126
bats1,2023,2,8.09,ssp126
bats1,2023,3,8.09,ssp126
bats1,2023,4,8.09,ssp126
bats1,2023,5,8.08,ssp126
bats1,2023,6,8.05,ssp126
bats1,2023,7,8.01,ssp126
bats1,2023,8,7.99,ssp126
bats1,2023,9,8,ssp126
bats1,2023,10,8.03,ssp126
bats1,2023,11,8.06,ssp126
bats1,2023,12,8.08,ssp126
bats1,2024,1,8.08,ssp126
bats1,2024,2,8.08,ssp126
bats1,2024,3,8.09,ssp126
bats1,2024,4,8.09,ssp126
bats1,2024,5,8.08,ssp126
bats1,2024,6,8.04,ssp126
bats1,2024,7,8.01,ssp126
bats1,2024,8,7.99,ssp126
bats1,2024,9,8,ssp126
bats1,2024,10,8.03,ssp126
bats1,2024,11,8.06,ssp126
bats1,2024,12,8.08,ssp126
bats1,2025,1,8.08,ssp126
bats1,2025,2,8.08,ssp126
bats1,2025,3,8.08,ssp126
bats1,2025,4,8.09,ssp126
bats1,2025,5,8.07,ssp126
bats1,2025,6,8.04,ssp126
bats1,2025,7,8,ssp126
bats1,2025,8,7.99,ssp126
bats1,2025,9,7.99,ssp126
bats1,2025,10,8.02,ssp126
bats1,2025,11,8.05,ssp126
bats1,2025,12,8.07,ssp126
bats1,2026,1,8.08,ssp126
bats1,2026,2,8.08,ssp126
bats1,2026,3,8.08,ssp126
bats1,2026,4,8.09,ssp126
bats1,2026,5,8.07,ssp126
bats1,2026,6,8.04,ssp126
bats1,2026,7,8,ssp126
bats1,2026,8,7.99,ssp126
bats1,2026,9,8,ssp126
bats1,2026,10,8.01,ssp126
bats1,2026,11,8.04,ssp126
bats1,2026,12,8.07,ssp126
bats1,2027,1,8.08,ssp126
bats1,2027,2,8.08,ssp126
bats1,2027,3,8.08,ssp126
bats1,2027,4,8.08,ssp126
bats1,2027,5,8.07,ssp126
bats1,2027,6,8.04,ssp126
bats1,2027,7,8,ssp126
bats1,2027,8,7.98,ssp126
bats1,2027,9,7.99,ssp126
bats1,2027,10,8.02,ssp126
bats1,2027,11,8.05,ssp126
bats1,2027,12,8.07,ssp126
bats1,2028,1,8.08,ssp126
bats1,2028,2,8.08,ssp126
bats1,2028,3,8.08,ssp126
bats1,2028,4,8.08,ssp126
bats1,2028,5,8.06,ssp126
bats1,2028,6,8.04,ssp126
bats1,2028,7,8,ssp126
bats1,2028,8,7.99,ssp126
bats1,2028,9,7.99,ssp126
bats1,2028,10,8.02,ssp126
bats1,2028,11,8.04,ssp126
bats1,2028,12,8.06,ssp126
bats1,2029,1,8.07,ssp126
bats1,2029,2,8.07,ssp126
bats1,2029,3,8.08,ssp126
bats1,2029,4,8.08,ssp126
bats1,2029,5,8.06,ssp126
bats1,2029,6,8.03,ssp126
bats1,2029,7,8,ssp126
bats1,2029,8,7.99,ssp126
bats1,2029,9,8,ssp126
bats1,2029,10,8.02,ssp126
bats1,2029,11,8.05,ssp126
bats1,2029,12,8.06,ssp126
bats1,2030,1,8.07,ssp126
bats1,2030,2,8.07,ssp126
bats1,2030,3,8.08,ssp126
bats1,2030,4,8.07,ssp126
bats1,2030,5,8.06,ssp126
bats1,2030,6,8.02,ssp126
bats1,2030,7,7.99,ssp126
bats1,2030,8,7.97,ssp126
bats1,2030,9,7.98,ssp126
bats1,2030,10,8.01,ssp126
bats1,2030,11,8.04,ssp126
bats1,2030,12,8.06,ssp126
bats1,2031,1,8.07,ssp126
bats1,2031,2,8.07,ssp126
bats1,2031,3,8.07,ssp126
bats1,2031,4,8.07,ssp126
bats1,2031,5,8.06,ssp126
bats1,2031,6,8.02,ssp126
bats1,2031,7,7.99,ssp126
bats1,2031,8,7.97,ssp126
bats1,2031,9,7.98,ssp126
bats1,2031,10,8.01,ssp126
bats1,2031,11,8.04,ssp126
bats1,2031,12,8.06,ssp126
bats1,2032,1,8.07,ssp126
bats1,2032,2,8.07,ssp126
bats1,2032,3,8.07,ssp126
bats1,2032,4,8.08,ssp126
bats1,2032,5,8.06,ssp126
bats1,2032,6,8.03,ssp126
bats1,2032,7,7.99,ssp126
bats1,2032,8,7.97,ssp126
bats1,2032,9,7.98,ssp126
bats1,2032,10,8.01,ssp126
bats1,2032,11,8.03,ssp126
bats1,2032,12,8.06,ssp126
bats1,2033,1,8.07,ssp126
bats1,2033,2,8.07,ssp126
bats1,2033,3,8.07,ssp126
bats1,2033,4,8.07,ssp126
bats1,2033,5,8.06,ssp126
bats1,2033,6,8.02,ssp126
bats1,2033,7,7.99,ssp126
bats1,2033,8,7.98,ssp126
bats1,2033,9,7.99,ssp126
bats1,2033,10,8.01,ssp126
bats1,2033,11,8.04,ssp126
bats1,2033,12,8.06,ssp126
bats1,2034,1,8.06,ssp126
bats1,2034,2,8.07,ssp126
bats1,2034,3,8.07,ssp126
bats1,2034,4,8.07,ssp126
bats1,2034,5,8.06,ssp126
bats1,2034,6,8.02,ssp126
bats1,2034,7,7.99,ssp126
bats1,2034,8,7.97,ssp126
bats1,2034,9,7.98,ssp126
bats1,2034,10,8,ssp126
bats1,2034,11,8.03,ssp126
bats1,2034,12,8.05,ssp126
bats1,2035,1,8.06,ssp126
bats1,2035,2,8.06,ssp126
bats1,2035,3,8.06,ssp126
bats1,2035,4,8.07,ssp126
bats1,2035,5,8.05,ssp126
bats1,2035,6,8.02,ssp126
bats1,2035,7,7.99,ssp126
bats1,2035,8,7.97,ssp126
bats1,2035,9,7.98,ssp126
bats1,2035,10,8,ssp126
bats1,2035,11,8.03,ssp126
bats1,2035,12,8.05,ssp126
bats1,2036,1,8.06,ssp126
bats1,2036,2,8.06,ssp126
bats1,2036,3,8.06,ssp126
bats1,2036,4,8.06,ssp126
bats1,2036,5,8.05,ssp126
bats1,2036,6,8.02,ssp126
bats1,2036,7,7.98,ssp126
bats1,2036,8,7.97,ssp126
bats1,2036,9,7.97,ssp126
bats1,2036,10,8.01,ssp126
bats1,2036,11,8.03,ssp126
bats1,2036,12,8.05,ssp126
bats1,2037,1,8.06,ssp126
bats1,2037,2,8.06,ssp126
bats1,2037,3,8.06,ssp126
bats1,2037,4,8.07,ssp126
bats1,2037,5,8.05,ssp126
bats1,2037,6,8.02,ssp126
bats1,2037,7,7.98,ssp126
bats1,2037,8,7.97,ssp126
bats1,2037,9,7.98,ssp126
bats1,2037,10,8,ssp126
bats1,2037,11,8.02,ssp126
bats1,2037,12,8.05,ssp126
bats1,2038,1,8.06,ssp126
bats1,2038,2,8.06,ssp126
bats1,2038,3,8.06,ssp126
bats1,2038,4,8.06,ssp126
bats1,2038,5,8.05,ssp126
bats1,2038,6,8.02,ssp126
bats1,2038,7,7.98,ssp126
bats1,2038,8,7.97,ssp126
bats1,2038,9,7.98,ssp126
bats1,2038,10,8.01,ssp126
bats1,2038,11,8.03,ssp126
bats1,2038,12,8.05,ssp126
bats1,2039,1,8.06,ssp126
bats1,2039,2,8.06,ssp126
bats1,2039,3,8.06,ssp126
bats1,2039,4,8.06,ssp126
bats1,2039,5,8.05,ssp126
bats1,2039,6,8.01,ssp126
bats1,2039,7,7.98,ssp126
bats1,2039,8,7.96,ssp126
bats1,2039,9,7.97,ssp126
bats1,2039,10,7.99,ssp126
bats1,2039,11,8.02,ssp126
bats1,2039,12,8.04,ssp126
bats1,2040,1,8.05,ssp126
bats1,2040,2,8.06,ssp126
bats1,2040,3,8.06,ssp126
bats1,2040,4,8.06,ssp126
bats1,2040,5,8.04,ssp126
bats1,2040,6,8.01,ssp126
bats1,2040,7,7.98,ssp126
bats1,2040,8,7.96,ssp126
bats1,2040,9,7.97,ssp126
bats1,2040,10,7.99,ssp126
bats1,2040,11,8.02,ssp126
bats1,2040,12,8.04,ssp126
bats1,2041,1,8.05,ssp126
bats1,2041,2,8.05,ssp126
bats1,2041,3,8.06,ssp126
bats1,2041,4,8.06,ssp126
bats1,2041,5,8.04,ssp126
bats1,2041,6,8.01,ssp126
bats1,2041,7,7.98,ssp126
bats1,2041,8,7.96,ssp126
bats1,2041,9,7.97,ssp126
bats1,2041,10,8,ssp126
bats1,2041,11,8.02,ssp126
bats1,2041,12,8.04,ssp126
bats1,2042,1,8.05,ssp126
bats1,2042,2,8.05,ssp126
bats1,2042,3,8.05,ssp126
bats1,2042,4,8.06,ssp126
bats1,2042,5,8.04,ssp126
bats1,2042,6,8.01,ssp126
bats1,2042,7,7.97,ssp126
bats1,2042,8,7.96,ssp126
bats1,2042,9,7.97,ssp126
bats1,2042,10,8,ssp126
bats1,2042,11,8.02,ssp126
bats1,2042,12,8.04,ssp126
bats1,2043,1,8.05,ssp126
bats1,2043,2,8.05,ssp126
bats1,2043,3,8.05,ssp126
bats1,2043,4,8.05,ssp126
bats1,2043,5,8.04,ssp126
bats1,2043,6,8.01,ssp126
bats1,2043,7,7.98,ssp126
bats1,2043,8,7.96,ssp126
bats1,2043,9,7.97,ssp126
bats1,2043,10,7.99,ssp126
bats1,2043,11,8.02,ssp126
bats1,2043,12,8.04,ssp126
bats1,2044,1,8.05,ssp126
bats1,2044,2,8.05,ssp126
bats1,2044,3,8.06,ssp126
bats1,2044,4,8.06,ssp126
bats1,2044,5,8.04,ssp126
bats1,2044,6,8,ssp126
bats1,2044,7,7.97,ssp126
bats1,2044,8,7.96,ssp126
bats1,2044,9,7.96,ssp126
bats1,2044,10,7.99,ssp126
bats1,2044,11,8.02,ssp126
bats1,2044,12,8.04,ssp126
bats1,2045,1,8.05,ssp126
bats1,2045,2,8.05,ssp126
bats1,2045,3,8.06,ssp126
bats1,2045,4,8.05,ssp126
bats1,2045,5,8.04,ssp126
bats1,2045,6,8.01,ssp126
bats1,2045,7,7.97,ssp126
bats1,2045,8,7.96,ssp126
bats1,2045,9,7.97,ssp126
bats1,2045,10,7.99,ssp126
bats1,2045,11,8.02,ssp126
bats1,2045,12,8.04,ssp126
bats1,2046,1,8.05,ssp126
bats1,2046,2,8.04,ssp126
bats1,2046,3,8.05,ssp126
bats1,2046,4,8.05,ssp126
bats1,2046,5,8.04,ssp126
bats1,2046,6,8,ssp126
bats1,2046,7,7.97,ssp126
bats1,2046,8,7.96,ssp126
bats1,2046,9,7.96,ssp126
bats1,2046,10,7.99,ssp126
bats1,2046,11,8.02,ssp126
bats1,2046,12,8.04,ssp126
bats1,2047,1,8.05,ssp126
bats1,2047,2,8.05,ssp126
bats1,2047,3,8.05,ssp126
bats1,2047,4,8.05,ssp126
bats1,2047,5,8.04,ssp126
bats1,2047,6,8,ssp126
bats1,2047,7,7.97,ssp126
bats1,2047,8,7.95,ssp126
bats1,2047,9,7.96,ssp126
bats1,2047,10,7.99,ssp126
bats1,2047,11,8.01,ssp126
bats1,2047,12,8.03,ssp126
bats1,2048,1,8.05,ssp126
bats1,2048,2,8.05,ssp126
bats1,2048,3,8.05,ssp126
bats1,2048,4,8.05,ssp126
bats1,2048,5,8.03,ssp126
bats1,2048,6,8,ssp126
bats1,2048,7,7.97,ssp126
bats1,2048,8,7.95,ssp126
bats1,2048,9,7.96,ssp126
bats1,2048,10,7.99,ssp126
bats1,2048,11,8.02,ssp126
bats1,2048,12,8.04,ssp126
bats1,2049,1,8.04,ssp126
bats1,2049,2,8.04,ssp126
bats1,2049,3,8.05,ssp126
bats1,2049,4,8.05,ssp126
bats1,2049,5,8.04,ssp126
bats1,2049,6,8.01,ssp126
bats1,2049,7,7.97,ssp126
bats1,2049,8,7.95,ssp126
bats1,2049,9,7.96,ssp126
bats1,2049,10,7.99,ssp126
bats1,2049,11,8.02,ssp126
bats1,2049,12,8.03,ssp126
bats1,2050,1,8.05,ssp126
bats1,2050,2,8.05,ssp126
bats1,2050,3,8.04,ssp126
bats1,2050,4,8.05,ssp126
bats1,2050,5,8.04,ssp126
bats1,2050,6,7.99,ssp126
bats1,2050,7,7.96,ssp126
bats1,2050,8,7.95,ssp126
bats1,2050,9,7.96,ssp126
bats1,2050,10,7.99,ssp126
bats1,2050,11,8.01,ssp126
bats1,2050,12,8.03,ssp126
bats1,2051,1,8.04,ssp126
bats1,2051,2,8.05,ssp126
bats1,2051,3,8.04,ssp126
bats1,2051,4,8.05,ssp126
bats1,2051,5,8.04,ssp126
bats1,2051,6,8,ssp126
bats1,2051,7,7.97,ssp126
bats1,2051,8,7.95,ssp126
bats1,2051,9,7.96,ssp126
bats1,2051,10,7.99,ssp126
bats1,2051,11,8.02,ssp126
bats1,2051,12,8.04,ssp126
bats1,2052,1,8.04,ssp126
bats1,2052,2,8.04,ssp126
bats1,2052,3,8.05,ssp126
bats1,2052,4,8.05,ssp126
bats1,2052,5,8.03,ssp126
bats1,2052,6,8,ssp126
bats1,2052,7,7.96,ssp126
bats1,2052,8,7.96,ssp126
bats1,2052,9,7.96,ssp126
bats1,2052,10,7.98,ssp126
bats1,2052,11,8.01,ssp126
bats1,2052,12,8.03,ssp126
bats1,2053,1,8.04,ssp126
bats1,2053,2,8.04,ssp126
bats1,2053,3,8.05,ssp126
bats1,2053,4,8.05,ssp126
bats1,2053,5,8.03,ssp126
bats1,2053,6,8,ssp126
bats1,2053,7,7.96,ssp126
bats1,2053,8,7.95,ssp126
bats1,2053,9,7.96,ssp126
bats1,2053,10,7.99,ssp126
bats1,2053,11,8.01,ssp126
bats1,2053,12,8.04,ssp126
bats1,2054,1,8.04,ssp126
bats1,2054,2,8.04,ssp126
bats1,2054,3,8.04,ssp126
bats1,2054,4,8.04,ssp126
bats1,2054,5,8.03,ssp126
bats1,2054,6,8,ssp126
bats1,2054,7,7.97,ssp126
bats1,2054,8,7.95,ssp126
bats1,2054,9,7.96,ssp126
bats1,2054,10,7.98,ssp126
bats1,2054,11,8.01,ssp126
bats1,2054,12,8.03,ssp126
bats1,2055,1,8.05,ssp126
bats1,2055,2,8.05,ssp126
bats1,2055,3,8.05,ssp126
bats1,2055,4,8.05,ssp126
bats1,2055,5,8.03,ssp126
bats1,2055,6,7.99,ssp126
bats1,2055,7,7.96,ssp126
bats1,2055,8,7.95,ssp126
bats1,2055,9,7.95,ssp126
bats1,2055,10,7.99,ssp126
bats1,2055,11,8.01,ssp126
bats1,2055,12,8.03,ssp126
bats1,2056,1,8.04,ssp126
bats1,2056,2,8.04,ssp126
bats1,2056,3,8.04,ssp126
bats1,2056,4,8.05,ssp126
bats1,2056,5,8.03,ssp126
bats1,2056,6,7.99,ssp126
bats1,2056,7,7.96,ssp126
bats1,2056,8,7.95,ssp126
bats1,2056,9,7.96,ssp126
bats1,2056,10,7.98,ssp126
bats1,2056,11,8.01,ssp126
bats1,2056,12,8.03,ssp126
bats1,2057,1,8.04,ssp126
bats1,2057,2,8.04,ssp126
bats1,2057,3,8.04,ssp126
bats1,2057,4,8.04,ssp126
bats1,2057,5,8.03,ssp126
bats1,2057,6,8,ssp126
bats1,2057,7,7.96,ssp126
bats1,2057,8,7.95,ssp126
bats1,2057,9,7.95,ssp126
bats1,2057,10,7.98,ssp126
bats1,2057,11,8.01,ssp126
bats1,2057,12,8.03,ssp126
bats1,2058,1,8.04,ssp126
bats1,2058,2,8.04,ssp126
bats1,2058,3,8.04,ssp126
bats1,2058,4,8.04,ssp126
bats1,2058,5,8.02,ssp126
bats1,2058,6,8,ssp126
bats1,2058,7,7.96,ssp126
bats1,2058,8,7.95,ssp126
bats1,2058,9,7.96,ssp126
bats1,2058,10,7.99,ssp126
bats1,2058,11,8.01,ssp126
bats1,2058,12,8.03,ssp126
bats1,2059,1,8.04,ssp126
bats1,2059,2,8.04,ssp126
bats1,2059,3,8.04,ssp126
bats1,2059,4,8.04,ssp126
bats1,2059,5,8.02,ssp126
bats1,2059,6,7.99,ssp126
bats1,2059,7,7.96,ssp126
bats1,2059,8,7.95,ssp126
bats1,2059,9,7.96,ssp126
bats1,2059,10,7.98,ssp126
bats1,2059,11,8.01,ssp126
bats1,2059,12,8.03,ssp126
bats1,2060,1,8.04,ssp126
bats1,2060,2,8.04,ssp126
bats1,2060,3,8.04,ssp126
bats1,2060,4,8.04,ssp126
bats1,2060,5,8.02,ssp126
bats1,2060,6,7.99,ssp126
bats1,2060,7,7.96,ssp126
bats1,2060,8,7.94,ssp126
bats1,2060,9,7.96,ssp126
bats1,2060,10,7.98,ssp126
bats1,2060,11,8.01,ssp126
bats1,2060,12,8.03,ssp126
bats1,2061,1,8.04,ssp126
bats1,2061,2,8.04,ssp126
bats1,2061,3,8.04,ssp126
bats1,2061,4,8.04,ssp126
bats1,2061,5,8.03,ssp126
bats1,2061,6,7.98,ssp126
bats1,2061,7,7.96,ssp126
bats1,2061,8,7.95,ssp126
bats1,2061,9,7.96,ssp126
bats1,2061,10,7.99,ssp126
bats1,2061,11,8.01,ssp126
bats1,2061,12,8.03,ssp126
bats1,2062,1,8.04,ssp126
bats1,2062,2,8.04,ssp126
bats1,2062,3,8.04,ssp126
bats1,2062,4,8.04,ssp126
bats1,2062,5,8.03,ssp126
bats1,2062,6,7.99,ssp126
bats1,2062,7,7.96,ssp126
bats1,2062,8,7.94,ssp126
bats1,2062,9,7.95,ssp126
bats1,2062,10,7.97,ssp126
bats1,2062,11,8.01,ssp126
bats1,2062,12,8.03,ssp126
bats1,2063,1,8.04,ssp126
bats1,2063,2,8.04,ssp126
bats1,2063,3,8.04,ssp126
bats1,2063,4,8.04,ssp126
bats1,2063,5,8.03,ssp126
bats1,2063,6,7.99,ssp126
bats1,2063,7,7.96,ssp126
bats1,2063,8,7.95,ssp126
bats1,2063,9,7.96,ssp126
bats1,2063,10,7.99,ssp126
bats1,2063,11,8.01,ssp126
bats1,2063,12,8.03,ssp126
bats1,2064,1,8.04,ssp126
bats1,2064,2,8.04,ssp126
bats1,2064,3,8.04,ssp126
bats1,2064,4,8.04,ssp126
bats1,2064,5,8.03,ssp126
bats1,2064,6,8,ssp126
bats1,2064,7,7.97,ssp126
bats1,2064,8,7.95,ssp126
bats1,2064,9,7.95,ssp126
bats1,2064,10,7.98,ssp126
bats1,2064,11,8.01,ssp126
bats1,2064,12,8.03,ssp126
bats1,2065,1,8.04,ssp126
bats1,2065,2,8.04,ssp126
bats1,2065,3,8.04,ssp126
bats1,2065,4,8.04,ssp126
bats1,2065,5,8.02,ssp126
bats1,2065,6,7.99,ssp126
bats1,2065,7,7.95,ssp126
bats1,2065,8,7.94,ssp126
bats1,2065,9,7.95,ssp126
bats1,2065,10,7.98,ssp126
bats1,2065,11,8.01,ssp126
bats1,2065,12,8.03,ssp126
bats1,2066,1,8.04,ssp126
bats1,2066,2,8.04,ssp126
bats1,2066,3,8.04,ssp126
bats1,2066,4,8.04,ssp126
bats1,2066,5,8.03,ssp126
bats1,2066,6,7.99,ssp126
bats1,2066,7,7.97,ssp126
bats1,2066,8,7.95,ssp126
bats1,2066,9,7.96,ssp126
bats1,2066,10,7.98,ssp126
bats1,2066,11,8.01,ssp126
bats1,2066,12,8.03,ssp126
bats1,2067,1,8.04,ssp126
bats1,2067,2,8.04,ssp126
bats1,2067,3,8.04,ssp126
bats1,2067,4,8.04,ssp126
bats1,2067,5,8.03,ssp126
bats1,2067,6,8,ssp126
bats1,2067,7,7.97,ssp126
bats1,2067,8,7.95,ssp126
bats1,2067,9,7.96,ssp126
bats1,2067,10,7.98,ssp126
bats1,2067,11,8.01,ssp126
bats1,2067,12,8.03,ssp126
bats1,2068,1,8.04,ssp126
bats1,2068,2,8.03,ssp126
bats1,2068,3,8.04,ssp126
bats1,2068,4,8.04,ssp126
bats1,2068,5,8.03,ssp126
bats1,2068,6,8,ssp126
bats1,2068,7,7.96,ssp126
bats1,2068,8,7.95,ssp126
bats1,2068,9,7.96,ssp126
bats1,2068,10,7.98,ssp126
bats1,2068,11,8.01,ssp126
bats1,2068,12,8.03,ssp126
bats1,2069,1,8.03,ssp126
bats1,2069,2,8.04,ssp126
bats1,2069,3,8.04,ssp126
bats1,2069,4,8.05,ssp126
bats1,2069,5,8.02,ssp126
bats1,2069,6,7.99,ssp126
bats1,2069,7,7.95,ssp126
bats1,2069,8,7.94,ssp126
bats1,2069,9,7.95,ssp126
bats1,2069,10,7.98,ssp126
bats1,2069,11,8.01,ssp126
bats1,2069,12,8.03,ssp126
bats1,2070,1,8.04,ssp126
bats1,2070,2,8.04,ssp126
bats1,2070,3,8.04,ssp126
bats1,2070,4,8.04,ssp126
bats1,2070,5,8.03,ssp126
bats1,2070,6,7.99,ssp126
bats1,2070,7,7.95,ssp126
bats1,2070,8,7.94,ssp126
bats1,2070,9,7.95,ssp126
bats1,2070,10,7.98,ssp126
bats1,2070,11,8.01,ssp126
bats1,2070,12,8.03,ssp126
bats1,2071,1,8.04,ssp126
bats1,2071,2,8.04,ssp126
bats1,2071,3,8.04,ssp126
bats1,2071,4,8.04,ssp126
bats1,2071,5,8.03,ssp126
bats1,2071,6,7.99,ssp126
bats1,2071,7,7.96,ssp126
bats1,2071,8,7.95,ssp126
bats1,2071,9,7.95,ssp126
bats1,2071,10,7.98,ssp126
bats1,2071,11,8.01,ssp126
bats1,2071,12,8.03,ssp126
bats1,2072,1,8.04,ssp126
bats1,2072,2,8.03,ssp126
bats1,2072,3,8.04,ssp126
bats1,2072,4,8.04,ssp126
bats1,2072,5,8.03,ssp126
bats1,2072,6,8,ssp126
bats1,2072,7,7.95,ssp126
bats1,2072,8,7.95,ssp126
bats1,2072,9,7.95,ssp126
bats1,2072,10,7.98,ssp126
bats1,2072,11,8.01,ssp126
bats1,2072,12,8.03,ssp126
bats1,2073,1,8.04,ssp126
bats1,2073,2,8.04,ssp126
bats1,2073,3,8.04,ssp126
bats1,2073,4,8.04,ssp126
bats1,2073,5,8.03,ssp126
bats1,2073,6,7.99,ssp126
bats1,2073,7,7.96,ssp126
bats1,2073,8,7.95,ssp126
bats1,2073,9,7.96,ssp126
bats1,2073,10,7.98,ssp126
bats1,2073,11,8.02,ssp126
bats1,2073,12,8.03,ssp126
bats1,2074,1,8.04,ssp126
bats1,2074,2,8.04,ssp126
bats1,2074,3,8.04,ssp126
bats1,2074,4,8.04,ssp126
bats1,2074,5,8.03,ssp126
bats1,2074,6,7.99,ssp126
bats1,2074,7,7.96,ssp126
bats1,2074,8,7.95,ssp126
bats1,2074,9,7.96,ssp126
bats1,2074,10,7.99,ssp126
bats1,2074,11,8.02,ssp126
bats1,2074,12,8.03,ssp126
bats1,2075,1,8.04,ssp126
bats1,2075,2,8.04,ssp126
bats1,2075,3,8.04,ssp126
bats1,2075,4,8.04,ssp126
bats1,2075,5,8.03,ssp126
bats1,2075,6,8,ssp126
bats1,2075,7,7.96,ssp126
bats1,2075,8,7.95,ssp126
bats1,2075,9,7.96,ssp126
bats1,2075,10,7.99,ssp126
bats1,2075,11,8.01,ssp126
bats1,2075,12,8.03,ssp126
bats1,2076,1,8.04,ssp126
bats1,2076,2,8.04,ssp126
bats1,2076,3,8.04,ssp126
bats1,2076,4,8.04,ssp126
bats1,2076,5,8.02,ssp126
bats1,2076,6,7.98,ssp126
bats1,2076,7,7.95,ssp126
bats1,2076,8,7.95,ssp126
bats1,2076,9,7.96,ssp126
bats1,2076,10,7.99,ssp126
bats1,2076,11,8.01,ssp126
bats1,2076,12,8.03,ssp126
bats1,2077,1,8.04,ssp126
bats1,2077,2,8.04,ssp126
bats1,2077,3,8.04,ssp126
bats1,2077,4,8.05,ssp126
bats1,2077,5,8.03,ssp126
bats1,2077,6,7.98,ssp126
bats1,2077,7,7.96,ssp126
bats1,2077,8,7.95,ssp126
bats1,2077,9,7.96,ssp126
bats1,2077,10,7.98,ssp126
bats1,2077,11,8.01,ssp126
bats1,2077,12,8.03,ssp126
bats1,2078,1,8.04,ssp126
bats1,2078,2,8.04,ssp126
bats1,2078,3,8.04,ssp126
bats1,2078,4,8.04,ssp126
bats1,2078,5,8.03,ssp126
bats1,2078,6,8,ssp126
bats1,2078,7,7.97,ssp126
bats1,2078,8,7.95,ssp126
bats1,2078,9,7.96,ssp126
bats1,2078,10,7.99,ssp126
bats1,2078,11,8.01,ssp126
bats1,2078,12,8.03,ssp126
bats1,2079,1,8.04,ssp126
bats1,2079,2,8.04,ssp126
bats1,2079,3,8.04,ssp126
bats1,2079,4,8.05,ssp126
bats1,2079,5,8.03,ssp126
bats1,2079,6,8,ssp126
bats1,2079,7,7.96,ssp126
bats1,2079,8,7.95,ssp126
bats1,2079,9,7.95,ssp126
bats1,2079,10,7.99,ssp126
bats1,2079,11,8.02,ssp126
bats1,2079,12,8.03,ssp126
bats1,2080,1,8.04,ssp126
bats1,2080,2,8.04,ssp126
bats1,2080,3,8.04,ssp126
bats1,2080,4,8.04,ssp126
bats1,2080,5,8.03,ssp126
bats1,2080,6,7.99,ssp126
bats1,2080,7,7.96,ssp126
bats1,2080,8,7.95,ssp126
bats1,2080,9,7.96,ssp126
bats1,2080,10,7.99,ssp126
bats1,2080,11,8.01,ssp126
bats1,2080,12,8.03,ssp126
bats1,2081,1,8.04,ssp126
bats1,2081,2,8.04,ssp126
bats1,2081,3,8.04,ssp126
bats1,2081,4,8.05,ssp126
bats1,2081,5,8.03,ssp126
bats1,2081,6,7.99,ssp126
bats1,2081,7,7.96,ssp126
bats1,2081,8,7.95,ssp126
bats1,2081,9,7.96,ssp126
bats1,2081,10,7.99,ssp126
bats1,2081,11,8.02,ssp126
bats1,2081,12,8.04,ssp126
bats1,2082,1,8.04,ssp126
bats1,2082,2,8.04,ssp126
bats1,2082,3,8.04,ssp126
bats1,2082,4,8.04,ssp126
bats1,2082,5,8.02,ssp126
bats1,2082,6,7.99,ssp126
bats1,2082,7,7.96,ssp126
bats1,2082,8,7.95,ssp126
bats1,2082,9,7.96,ssp126
bats1,2082,10,7.99,ssp126
bats1,2082,11,8.02,ssp126
bats1,2082,12,8.03,ssp126
bats1,2083,1,8.04,ssp126
bats1,2083,2,8.04,ssp126
bats1,2083,3,8.04,ssp126
bats1,2083,4,8.05,ssp126
bats1,2083,5,8.03,ssp126
bats1,2083,6,8,ssp126
bats1,2083,7,7.97,ssp126
bats1,2083,8,7.95,ssp126
bats1,2083,9,7.97,ssp126
bats1,2083,10,7.99,ssp126
bats1,2083,11,8.02,ssp126
bats1,2083,12,8.04,ssp126
bats1,2084,1,8.05,ssp126
bats1,2084,2,8.04,ssp126
bats1,2084,3,8.04,ssp126
bats1,2084,4,8.05,ssp126
bats1,2084,5,8.03,ssp126
bats1,2084,6,8,ssp126
bats1,2084,7,7.97,ssp126
bats1,2084,8,7.95,ssp126
bats1,2084,9,7.97,ssp126
bats1,2084,10,7.99,ssp126
bats1,2084,11,8.02,ssp126
bats1,2084,12,8.04,ssp126
bats1,2085,1,8.04,ssp126
bats1,2085,2,8.04,ssp126
bats1,2085,3,8.04,ssp126
bats1,2085,4,8.05,ssp126
bats1,2085,5,8.04,ssp126
bats1,2085,6,8,ssp126
bats1,2085,7,7.97,ssp126
bats1,2085,8,7.96,ssp126
bats1,2085,9,7.96,ssp126
bats1,2085,10,7.99,ssp126
bats1,2085,11,8.02,ssp126
bats1,2085,12,8.04,ssp126
bats1,2086,1,8.04,ssp126
bats1,2086,2,8.04,ssp126
bats1,2086,3,8.04,ssp126
bats1,2086,4,8.05,ssp126
bats1,2086,5,8.04,ssp126
bats1,2086,6,8,ssp126
bats1,2086,7,7.97,ssp126
bats1,2086,8,7.95,ssp126
bats1,2086,9,7.97,ssp126
bats1,2086,10,7.99,ssp126
bats1,2086,11,8.02,ssp126
bats1,2086,12,8.04,ssp126
bats1,2087,1,8.04,ssp126
bats1,2087,2,8.04,ssp126
bats1,2087,3,8.04,ssp126
bats1,2087,4,8.05,ssp126
bats1,2087,5,8.04,ssp126
bats1,2087,6,8.01,ssp126
bats1,2087,7,7.98,ssp126
bats1,2087,8,7.96,ssp126
bats1,2087,9,7.97,ssp126
bats1,2087,10,7.99,ssp126
bats1,2087,11,8.02,ssp126
bats1,2087,12,8.04,ssp126
bats1,2088,1,8.05,ssp126
bats1,2088,2,8.05,ssp126
bats1,2088,3,8.05,ssp126
bats1,2088,4,8.05,ssp126
bats1,2088,5,8.04,ssp126
bats1,2088,6,8.01,ssp126
bats1,2088,7,7.98,ssp126
bats1,2088,8,7.96,ssp126
bats1,2088,9,7.97,ssp126
bats1,2088,10,7.99,ssp126
bats1,2088,11,8.02,ssp126
bats1,2088,12,8.04,ssp126
bats1,2089,1,8.04,ssp126
bats1,2089,2,8.04,ssp126
bats1,2089,3,8.05,ssp126
bats1,2089,4,8.05,ssp126
bats1,2089,5,8.03,ssp126
bats1,2089,6,7.99,ssp126
bats1,2089,7,7.97,ssp126
bats1,2089,8,7.96,ssp126
bats1,2089,9,7.97,ssp126
bats1,2089,10,7.99,ssp126
bats1,2089,11,8.02,ssp126
bats1,2089,12,8.04,ssp126
bats1,2090,1,8.05,ssp126
bats1,2090,2,8.05,ssp126
bats1,2090,3,8.05,ssp126
bats1,2090,4,8.05,ssp126
bats1,2090,5,8.03,ssp126
bats1,2090,6,8,ssp126
bats1,2090,7,7.97,ssp126
bats1,2090,8,7.96,ssp126
bats1,2090,9,7.97,ssp126
bats1,2090,10,7.99,ssp126
bats1,2090,11,8.02,ssp126
bats1,2090,12,8.04,ssp126
bats1,2091,1,8.05,ssp126
bats1,2091,2,8.05,ssp126
bats1,2091,3,8.04,ssp126
bats1,2091,4,8.05,ssp126
bats1,2091,5,8.04,ssp126
bats1,2091,6,8.01,ssp126
bats1,2091,7,7.97,ssp126
bats1,2091,8,7.96,ssp126
bats1,2091,9,7.97,ssp126
bats1,2091,10,7.99,ssp126
bats1,2091,11,8.02,ssp126
bats1,2091,12,8.04,ssp126
bats1,2092,1,8.05,ssp126
bats1,2092,2,8.05,ssp126
bats1,2092,3,8.05,ssp126
bats1,2092,4,8.05,ssp126
bats1,2092,5,8.04,ssp126
bats1,2092,6,8,ssp126
bats1,2092,7,7.97,ssp126
bats1,2092,8,7.96,ssp126
bats1,2092,9,7.97,ssp126
bats1,2092,10,8,ssp126
bats1,2092,11,8.02,ssp126
bats1,2092,12,8.04,ssp126
bats1,2093,1,8.05,ssp126
bats1,2093,2,8.05,ssp126
bats1,2093,3,8.05,ssp126
bats1,2093,4,8.05,ssp126
bats1,2093,5,8.03,ssp126
bats1,2093,6,8,ssp126
bats1,2093,7,7.97,ssp126
bats1,2093,8,7.96,ssp126
bats1,2093,9,7.97,ssp126
bats1,2093,10,8,ssp126
bats1,2093,11,8.02,ssp126
bats1,2093,12,8.04,ssp126
bats1,2094,1,8.05,ssp126
bats1,2094,2,8.05,ssp126
bats1,2094,3,8.05,ssp126
bats1,2094,4,8.05,ssp126
bats1,2094,5,8.04,ssp126
bats1,2094,6,8.01,ssp126
bats1,2094,7,7.97,ssp126
bats1,2094,8,7.96,ssp126
bats1,2094,9,7.97,ssp126
bats1,2094,10,8,ssp126
bats1,2094,11,8.02,ssp126
bats1,2094,12,8.04,ssp126
bats1,2095,1,8.05,ssp126
bats1,2095,2,8.06,ssp126
bats1,2095,3,8.05,ssp126
bats1,2095,4,8.05,ssp126
bats1,2095,5,8.04,ssp126
bats1,2095,6,8.01,ssp126
bats1,2095,7,7.98,ssp126
bats1,2095,8,7.96,ssp126
bats1,2095,9,7.97,ssp126
bats1,2095,10,8,ssp126
bats1,2095,11,8.03,ssp126
bats1,2095,12,8.05,ssp126
bats1,2096,1,8.05,ssp126
bats1,2096,2,8.06,ssp126
bats1,2096,3,8.06,ssp126
bats1,2096,4,8.06,ssp126
bats1,2096,5,8.04,ssp126
bats1,2096,6,8,ssp126
bats1,2096,7,7.98,ssp126
bats1,2096,8,7.96,ssp126
bats1,2096,9,7.97,ssp126
bats1,2096,10,7.99,ssp126
bats1,2096,11,8.02,ssp126
bats1,2096,12,8.04,ssp126
bats1,2097,1,8.05,ssp126
bats1,2097,2,8.05,ssp126
bats1,2097,3,8.05,ssp126
bats1,2097,4,8.06,ssp126
bats1,2097,5,8.03,ssp126
bats1,2097,6,8,ssp126
bats1,2097,7,7.98,ssp126
bats1,2097,8,7.96,ssp126
bats1,2097,9,7.98,ssp126
bats1,2097,10,8,ssp126
bats1,2097,11,8.03,ssp126
bats1,2097,12,8.05,ssp126
bats1,2098,1,8.05,ssp126
bats1,2098,2,8.05,ssp126
bats1,2098,3,8.05,ssp126
bats1,2098,4,8.06,ssp126
bats1,2098,5,8.04,ssp126
bats1,2098,6,8,ssp126
bats1,2098,7,7.97,ssp126
bats1,2098,8,7.96,ssp126
bats1,2098,9,7.98,ssp126
bats1,2098,10,7.99,ssp126
bats1,2098,11,8.02,ssp126
bats1,2098,12,8.05,ssp126
bats1,2099,1,8.06,ssp126
bats1,2099,2,8.06,ssp126
bats1,2099,3,8.06,ssp126
bats1,2099,4,8.06,ssp126
bats1,2099,5,8.05,ssp126
bats1,2099,6,8.01,ssp126
bats1,2099,7,7.98,ssp126
bats1,2099,8,7.97,ssp126
bats1,2099,9,7.97,ssp126
bats1,2099,10,8,ssp126
bats1,2099,11,8.03,ssp126
bats1,2099,12,8.05,ssp126
bats1,2100,1,8.05,ssp126
bats1,2100,2,8.05,ssp126
bats1,2100,3,8.05,ssp126
bats1,2100,4,8.06,ssp126
bats1,2100,5,8.04,ssp126
bats1,2100,6,8,ssp126
bats1,2100,7,7.97,ssp126
bats1,2100,8,7.97,ssp126
bats1,2100,9,7.98,ssp126
bats1,2100,10,8.01,ssp126
bats1,2100,11,8.03,ssp126
bats1,2100,12,8.05,ssp126
bats1,2015,1,8.1,ssp245
bats1,2015,2,8.1,ssp245
bats1,2015,3,8.11,ssp245
bats1,2015,4,8.11,ssp245
bats1,2015,5,8.1,ssp245
bats1,2015,6,8.07,ssp245
bats1,2015,7,8.03,ssp245
bats1,2015,8,8.01,ssp245
bats1,2015,9,8.02,ssp245
bats1,2015,10,8.05,ssp245
bats1,2015,11,8.08,ssp245
bats1,2015,12,8.1,ssp245
bats1,2016,1,8.1,ssp245
bats1,2016,2,8.1,ssp245
bats1,2016,3,8.1,ssp245
bats1,2016,4,8.11,ssp245
bats1,2016,5,8.09,ssp245
bats1,2016,6,8.06,ssp245
bats1,2016,7,8.03,ssp245
bats1,2016,8,8.01,ssp245
bats1,2016,9,8.02,ssp245
bats1,2016,10,8.05,ssp245
bats1,2016,11,8.08,ssp245
bats1,2016,12,8.1,ssp245
bats1,2017,1,8.1,ssp245
bats1,2017,2,8.1,ssp245
bats1,2017,3,8.1,ssp245
bats1,2017,4,8.1,ssp245
bats1,2017,5,8.09,ssp245
bats1,2017,6,8.06,ssp245
bats1,2017,7,8.03,ssp245
bats1,2017,8,8,ssp245
bats1,2017,9,8.01,ssp245
bats1,2017,10,8.04,ssp245
bats1,2017,11,8.07,ssp245
bats1,2017,12,8.09,ssp245
bats1,2018,1,8.1,ssp245
bats1,2018,2,8.1,ssp245
bats1,2018,3,8.1,ssp245
bats1,2018,4,8.1,ssp245
bats1,2018,5,8.09,ssp245
bats1,2018,6,8.06,ssp245
bats1,2018,7,8.02,ssp245
bats1,2018,8,8,ssp245
bats1,2018,9,8.01,ssp245
bats1,2018,10,8.04,ssp245
bats1,2018,11,8.07,ssp245
bats1,2018,12,8.08,ssp245
bats1,2019,1,8.09,ssp245
bats1,2019,2,8.09,ssp245
bats1,2019,3,8.1,ssp245
bats1,2019,4,8.1,ssp245
bats1,2019,5,8.09,ssp245
bats1,2019,6,8.06,ssp245
bats1,2019,7,8.03,ssp245
bats1,2019,8,8.01,ssp245
bats1,2019,9,8.02,ssp245
bats1,2019,10,8.05,ssp245
bats1,2019,11,8.07,ssp245
bats1,2019,12,8.09,ssp245
bats1,2020,1,8.09,ssp245
bats1,2020,2,8.09,ssp245
bats1,2020,3,8.09,ssp245
bats1,2020,4,8.1,ssp245
bats1,2020,5,8.09,ssp245
bats1,2020,6,8.05,ssp245
bats1,2020,7,8.02,ssp245
bats1,2020,8,8,ssp245
bats1,2020,9,8.01,ssp245
bats1,2020,10,8.04,ssp245
bats1,2020,11,8.07,ssp245
bats1,2020,12,8.08,ssp245
bats1,2021,1,8.09,ssp245
bats1,2021,2,8.09,ssp245
bats1,2021,3,8.09,ssp245
bats1,2021,4,8.1,ssp245
bats1,2021,5,8.08,ssp245
bats1,2021,6,8.05,ssp245
bats1,2021,7,8.01,ssp245
bats1,2021,8,8,ssp245
bats1,2021,9,8,ssp245
bats1,2021,10,8.03,ssp245
bats1,2021,11,8.06,ssp245
bats1,2021,12,8.08,ssp245
bats1,2022,1,8.09,ssp245
bats1,2022,2,8.09,ssp245
bats1,2022,3,8.09,ssp245
bats1,2022,4,8.09,ssp245
bats1,2022,5,8.08,ssp245
bats1,2022,6,8.05,ssp245
bats1,2022,7,8.01,ssp245
bats1,2022,8,8,ssp245
bats1,2022,9,8.01,ssp245
bats1,2022,10,8.03,ssp245
bats1,2022,11,8.05,ssp245
bats1,2022,12,8.08,ssp245
bats1,2023,1,8.08,ssp245
bats1,2023,2,8.09,ssp245
bats1,2023,3,8.09,ssp245
bats1,2023,4,8.09,ssp245
bats1,2023,5,8.08,ssp245
bats1,2023,6,8.05,ssp245
bats1,2023,7,8.01,ssp245
bats1,2023,8,7.99,ssp245
bats1,2023,9,8,ssp245
bats1,2023,10,8.03,ssp245
bats1,2023,11,8.06,ssp245
bats1,2023,12,8.08,ssp245
bats1,2024,1,8.08,ssp245
bats1,2024,2,8.08,ssp245
bats1,2024,3,8.09,ssp245
bats1,2024,4,8.09,ssp245
bats1,2024,5,8.08,ssp245
bats1,2024,6,8.04,ssp245
bats1,2024,7,8.01,ssp245
bats1,2024,8,8,ssp245
bats1,2024,9,8,ssp245
bats1,2024,10,8.03,ssp245
bats1,2024,11,8.05,ssp245
bats1,2024,12,8.07,ssp245
bats1,2025,1,8.08,ssp245
bats1,2025,2,8.08,ssp245
bats1,2025,3,8.08,ssp245
bats1,2025,4,8.09,ssp245
bats1,2025,5,8.07,ssp245
bats1,2025,6,8.04,ssp245
bats1,2025,7,8.01,ssp245
bats1,2025,8,7.99,ssp245
bats1,2025,9,8,ssp245
bats1,2025,10,8.02,ssp245
bats1,2025,11,8.06,ssp245
bats1,2025,12,8.07,ssp245
bats1,2026,1,8.08,ssp245
bats1,2026,2,8.08,ssp245
bats1,2026,3,8.08,ssp245
bats1,2026,4,8.08,ssp245
bats1,2026,5,8.07,ssp245
bats1,2026,6,8.04,ssp245
bats1,2026,7,8,ssp245
bats1,2026,8,7.98,ssp245
bats1,2026,9,7.99,ssp245
bats1,2026,10,8.02,ssp245
bats1,2026,11,8.05,ssp245
bats1,2026,12,8.06,ssp245
bats1,2027,1,8.08,ssp245
bats1,2027,2,8.08,ssp245
bats1,2027,3,8.08,ssp245
bats1,2027,4,8.08,ssp245
bats1,2027,5,8.07,ssp245
bats1,2027,6,8.04,ssp245
bats1,2027,7,8,ssp245
bats1,2027,8,7.98,ssp245
bats1,2027,9,7.99,ssp245
bats1,2027,10,8.01,ssp245
bats1,2027,11,8.05,ssp245
bats1,2027,12,8.07,ssp245
bats1,2028,1,8.07,ssp245
bats1,2028,2,8.07,ssp245
bats1,2028,3,8.08,ssp245
bats1,2028,4,8.08,ssp245
bats1,2028,5,8.06,ssp245
bats1,2028,6,8.04,ssp245
bats1,2028,7,8,ssp245
bats1,2028,8,7.99,ssp245
bats1,2028,9,7.99,ssp245
bats1,2028,10,8.01,ssp245
bats1,2028,11,8.04,ssp245
bats1,2028,12,8.06,ssp245
bats1,2029,1,8.07,ssp245
bats1,2029,2,8.07,ssp245
bats1,2029,3,8.07,ssp245
bats1,2029,4,8.08,ssp245
bats1,2029,5,8.07,ssp245
bats1,2029,6,8.03,ssp245
bats1,2029,7,7.99,ssp245
bats1,2029,8,7.98,ssp245
bats1,2029,9,7.99,ssp245
bats1,2029,10,8.02,ssp245
bats1,2029,11,8.05,ssp245
bats1,2029,12,8.07,ssp245
bats1,2030,1,8.07,ssp245
bats1,2030,2,8.07,ssp245
bats1,2030,3,8.07,ssp245
bats1,2030,4,8.08,ssp245
bats1,2030,5,8.06,ssp245
bats1,2030,6,8.02,ssp245
bats1,2030,7,7.99,ssp245
bats1,2030,8,7.98,ssp245
bats1,2030,9,7.99,ssp245
bats1,2030,10,8.01,ssp245
bats1,2030,11,8.04,ssp245
bats1,2030,12,8.06,ssp245
bats1,2031,1,8.07,ssp245
bats1,2031,2,8.07,ssp245
bats1,2031,3,8.07,ssp245
bats1,2031,4,8.07,ssp245
bats1,2031,5,8.06,ssp245
bats1,2031,6,8.03,ssp245
bats1,2031,7,7.99,ssp245
bats1,2031,8,7.98,ssp245
bats1,2031,9,7.98,ssp245
bats1,2031,10,8.01,ssp245
bats1,2031,11,8.04,ssp245
bats1,2031,12,8.05,ssp245
bats1,2032,1,8.06,ssp245
bats1,2032,2,8.07,ssp245
bats1,2032,3,8.07,ssp245
bats1,2032,4,8.07,ssp245
bats1,2032,5,8.06,ssp245
bats1,2032,6,8.01,ssp245
bats1,2032,7,7.98,ssp245
bats1,2032,8,7.97,ssp245
bats1,2032,9,7.98,ssp245
bats1,2032,10,8,ssp245
bats1,2032,11,8.04,ssp245
bats1,2032,12,8.06,ssp245
bats1,2033,1,8.06,ssp245
bats1,2033,2,8.06,ssp245
bats1,2033,3,8.06,ssp245
bats1,2033,4,8.07,ssp245
bats1,2033,5,8.05,ssp245
bats1,2033,6,8.02,ssp245
bats1,2033,7,7.98,ssp245
bats1,2033,8,7.96,ssp245
bats1,2033,9,7.97,ssp245
bats1,2033,10,8,ssp245
bats1,2033,11,8.03,ssp245
bats1,2033,12,8.05,ssp245
bats1,2034,1,8.06,ssp245
bats1,2034,2,8.06,ssp245
bats1,2034,3,8.06,ssp245
bats1,2034,4,8.06,ssp245
bats1,2034,5,8.05,ssp245
bats1,2034,6,8.02,ssp245
bats1,2034,7,7.98,ssp245
bats1,2034,8,7.97,ssp245
bats1,2034,9,7.98,ssp245
bats1,2034,10,8,ssp245
bats1,2034,11,8.03,ssp245
bats1,2034,12,8.05,ssp245
bats1,2035,1,8.06,ssp245
bats1,2035,2,8.06,ssp245
bats1,2035,3,8.06,ssp245
bats1,2035,4,8.06,ssp245
bats1,2035,5,8.05,ssp245
bats1,2035,6,8.02,ssp245
bats1,2035,7,7.98,ssp245
bats1,2035,8,7.97,ssp245
bats1,2035,9,7.97,ssp245
bats1,2035,10,8,ssp245
bats1,2035,11,8.03,ssp245
bats1,2035,12,8.04,ssp245
bats1,2036,1,8.05,ssp245
bats1,2036,2,8.06,ssp245
bats1,2036,3,8.06,ssp245
bats1,2036,4,8.06,ssp245
bats1,2036,5,8.04,ssp245
bats1,2036,6,8.01,ssp245
bats1,2036,7,7.97,ssp245
bats1,2036,8,7.96,ssp245
bats1,2036,9,7.96,ssp245
bats1,2036,10,7.99,ssp245
bats1,2036,11,8.02,ssp245
bats1,2036,12,8.04,ssp245
bats1,2037,1,8.05,ssp245
bats1,2037,2,8.05,ssp245
bats1,2037,3,8.05,ssp245
bats1,2037,4,8.06,ssp245
bats1,2037,5,8.05,ssp245
bats1,2037,6,8.01,ssp245
bats1,2037,7,7.97,ssp245
bats1,2037,8,7.95,ssp245
bats1,2037,9,7.96,ssp245
bats1,2037,10,7.99,ssp245
bats1,2037,11,8.02,ssp245
bats1,2037,12,8.04,ssp245
bats1,2038,1,8.05,ssp245
bats1,2038,2,8.05,ssp245
bats1,2038,3,8.05,ssp245
bats1,2038,4,8.05,ssp245
bats1,2038,5,8.04,ssp245
bats1,2038,6,8,ssp245
bats1,2038,7,7.96,ssp245
bats1,2038,8,7.95,ssp245
bats1,2038,9,7.96,ssp245
bats1,2038,10,7.99,ssp245
bats1,2038,11,8.02,ssp245
bats1,2038,12,8.04,ssp245
bats1,2039,1,8.05,ssp245
bats1,2039,2,8.05,ssp245
bats1,2039,3,8.06,ssp245
bats1,2039,4,8.05,ssp245
bats1,2039,5,8.04,ssp245
bats1,2039,6,8,ssp245
bats1,2039,7,7.97,ssp245
bats1,2039,8,7.95,ssp245
bats1,2039,9,7.96,ssp245
bats1,2039,10,7.99,ssp245
bats1,2039,11,8.01,ssp245
bats1,2039,12,8.04,ssp245
bats1,2040,1,8.04,ssp245
bats1,2040,2,8.04,ssp245
bats1,2040,3,8.04,ssp245
bats1,2040,4,8.05,ssp245
bats1,2040,5,8.03,ssp245
bats1,2040,6,8,ssp245
bats1,2040,7,7.96,ssp245
bats1,2040,8,7.95,ssp245
bats1,2040,9,7.96,ssp245
bats1,2040,10,7.99,ssp245
bats1,2040,11,8.02,ssp245
bats1,2040,12,8.04,ssp245
bats1,2041,1,8.04,ssp245
bats1,2041,2,8.05,ssp245
bats1,2041,3,8.05,ssp245
bats1,2041,4,8.05,ssp245
bats1,2041,5,8.03,ssp245
bats1,2041,6,7.99,ssp245
bats1,2041,7,7.96,ssp245
bats1,2041,8,7.95,ssp245
bats1,2041,9,7.96,ssp245
bats1,2041,10,7.99,ssp245
bats1,2041,11,8.01,ssp245
bats1,2041,12,8.03,ssp245
bats1,2042,1,8.04,ssp245
bats1,2042,2,8.04,ssp245
bats1,2042,3,8.04,ssp245
bats1,2042,4,8.04,ssp245
bats1,2042,5,8.02,ssp245
bats1,2042,6,7.99,ssp245
bats1,2042,7,7.96,ssp245
bats1,2042,8,7.94,ssp245
bats1,2042,9,7.95,ssp245
bats1,2042,10,7.98,ssp245
bats1,2042,11,8.01,ssp245
bats1,2042,12,8.02,ssp245
bats1,2043,1,8.04,ssp245
bats1,2043,2,8.04,ssp245
bats1,2043,3,8.04,ssp245
bats1,2043,4,8.04,ssp245
bats1,2043,5,8.02,ssp245
bats1,2043,6,7.99,ssp245
bats1,2043,7,7.95,ssp245
bats1,2043,8,7.95,ssp245
bats1,2043,9,7.96,ssp245
bats1,2043,10,7.98,ssp245
bats1,2043,11,8.01,ssp245
bats1,2043,12,8.03,ssp245
bats1,2044,1,8.04,ssp245
bats1,2044,2,8.04,ssp245
bats1,2044,3,8.04,ssp245
bats1,2044,4,8.04,ssp245
bats1,2044,5,8.02,ssp245
bats1,2044,6,7.98,ssp245
bats1,2044,7,7.95,ssp245
bats1,2044,8,7.95,ssp245
bats1,2044,9,7.95,ssp245
bats1,2044,10,7.98,ssp245
bats1,2044,11,8.01,ssp245
bats1,2044,12,8.02,ssp245
bats1,2045,1,8.03,ssp245
bats1,2045,2,8.04,ssp245
bats1,2045,3,8.04,ssp245
bats1,2045,4,8.03,ssp245
bats1,2045,5,8.02,ssp245
bats1,2045,6,7.98,ssp245
bats1,2045,7,7.95,ssp245
bats1,2045,8,7.94,ssp245
bats1,2045,9,7.95,ssp245
bats1,2045,10,7.98,ssp245
bats1,2045,11,8.01,ssp245
bats1,2045,12,8.03,ssp245
bats1,2046,1,8.03,ssp245
bats1,2046,2,8.03,ssp245
bats1,2046,3,8.03,ssp245
bats1,2046,4,8.04,ssp245
bats1,2046,5,8.02,ssp245
bats1,2046,6,7.99,ssp245
bats1,2046,7,7.95,ssp245
bats1,2046,8,7.94,ssp245
bats1,2046,9,7.95,ssp245
bats1,2046,10,7.97,ssp245
bats1,2046,11,8,ssp245
bats1,2046,12,8.02,ssp245
bats1,2047,1,8.03,ssp245
bats1,2047,2,8.03,ssp245
bats1,2047,3,8.03,ssp245
bats1,2047,4,8.04,ssp245
bats1,2047,5,8.02,ssp245
bats1,2047,6,7.98,ssp245
bats1,2047,7,7.95,ssp245
bats1,2047,8,7.94,ssp245
bats1,2047,9,7.94,ssp245
bats1,2047,10,7.97,ssp245
bats1,2047,11,8,ssp245
bats1,2047,12,8.02,ssp245
bats1,2048,1,8.02,ssp245
bats1,2048,2,8.03,ssp245
bats1,2048,3,8.03,ssp245
bats1,2048,4,8.03,ssp245
bats1,2048,5,8.02,ssp245
bats1,2048,6,7.97,ssp245
bats1,2048,7,7.94,ssp245
bats1,2048,8,7.93,ssp245
bats1,2048,9,7.94,ssp245
bats1,2048,10,7.97,ssp245
bats1,2048,11,7.99,ssp245
bats1,2048,12,8.01,ssp245
bats1,2049,1,8.02,ssp245
bats1,2049,2,8.02,ssp245
bats1,2049,3,8.03,ssp245
bats1,2049,4,8.03,ssp245
bats1,2049,5,8.01,ssp245
bats1,2049,6,7.97,ssp245
bats1,2049,7,7.94,ssp245
bats1,2049,8,7.93,ssp245
bats1,2049,9,7.94,ssp245
bats1,2049,10,7.96,ssp245
bats1,2049,11,7.99,ssp245
bats1,2049,12,8.01,ssp245
bats1,2050,1,8.02,ssp245
bats1,2050,2,8.02,ssp245
bats1,2050,3,8.02,ssp245
bats1,2050,4,8.02,ssp245
bats1,2050,5,8.01,ssp245
bats1,2050,6,7.97,ssp245
bats1,2050,7,7.94,ssp245
bats1,2050,8,7.92,ssp245
bats1,2050,9,7.93,ssp245
bats1,2050,10,7.96,ssp245
bats1,2050,11,7.98,ssp245
bats1,2050,12,8.01,ssp245
bats1,2051,1,8.02,ssp245
bats1,2051,2,8.02,ssp245
bats1,2051,3,8.02,ssp245
bats1,2051,4,8.02,ssp245
bats1,2051,5,8,ssp245
bats1,2051,6,7.97,ssp245
bats1,2051,7,7.93,ssp245
bats1,2051,8,7.92,ssp245
bats1,2051,9,7.93,ssp245
bats1,2051,10,7.96,ssp245
bats1,2051,11,7.99,ssp245
bats1,2051,12,8.01,ssp245
bats1,2052,1,8.01,ssp245
bats1,2052,2,8.01,ssp245
bats1,2052,3,8.02,ssp245
bats1,2052,4,8.02,ssp245
bats1,2052,5,8.01,ssp245
bats1,2052,6,7.97,ssp245
bats1,2052,7,7.94,ssp245
bats1,2052,8,7.93,ssp245
bats1,2052,9,7.93,ssp245
bats1,2052,10,7.96,ssp245
bats1,2052,11,7.99,ssp245
bats1,2052,12,8.01,ssp245
bats1,2053,1,8.01,ssp245
bats1,2053,2,8.02,ssp245
bats1,2053,3,8.02,ssp245
bats1,2053,4,8.02,ssp245
bats1,2053,5,8,ssp245
bats1,2053,6,7.96,ssp245
bats1,2053,7,7.93,ssp245
bats1,2053,8,7.92,ssp245
bats1,2053,9,7.93,ssp245
bats1,2053,10,7.95,ssp245
bats1,2053,11,7.98,ssp245
bats1,2053,12,8,ssp245
bats1,2054,1,8.01,ssp245
bats1,2054,2,8.02,ssp245
bats1,2054,3,8.02,ssp245
bats1,2054,4,8.02,ssp245
bats1,2054,5,8,ssp245
bats1,2054,6,7.96,ssp245
bats1,2054,7,7.93,ssp245
bats1,2054,8,7.92,ssp245
bats1,2054,9,7.93,ssp245
bats1,2054,10,7.96,ssp245
bats1,2054,11,7.99,ssp245
bats1,2054,12,8,ssp245
bats1,2055,1,8.01,ssp245
bats1,2055,2,8.01,ssp245
bats1,2055,3,8.02,ssp245
bats1,2055,4,8.02,ssp245
bats1,2055,5,8,ssp245
bats1,2055,6,7.97,ssp245
bats1,2055,7,7.93,ssp245
bats1,2055,8,7.91,ssp245
bats1,2055,9,7.92,ssp245
bats1,2055,10,7.95,ssp245
bats1,2055,11,7.98,ssp245
bats1,2055,12,8,ssp245
bats1,2056,1,8.01,ssp245
bats1,2056,2,8.01,ssp245
bats1,2056,3,8.01,ssp245
bats1,2056,4,8.01,ssp245
bats1,2056,5,8,ssp245
bats1,2056,6,7.97,ssp245
bats1,2056,7,7.93,ssp245
bats1,2056,8,7.91,ssp245
bats1,2056,9,7.92,ssp245
bats1,2056,10,7.95,ssp245
bats1,2056,11,7.98,ssp245
bats1,2056,12,8,ssp245
bats1,2057,1,8,ssp245
bats1,2057,2,8,ssp245
bats1,2057,3,8.01,ssp245
bats1,2057,4,8.01,ssp245
bats1,2057,5,7.99,ssp245
bats1,2057,6,7.96,ssp245
bats1,2057,7,7.92,ssp245
bats1,2057,8,7.91,ssp245
bats1,2057,9,7.92,ssp245
bats1,2057,10,7.95,ssp245
bats1,2057,11,7.98,ssp245
bats1,2057,12,8,ssp245
bats1,2058,1,8,ssp245
bats1,2058,2,8,ssp245
bats1,2058,3,8.01,ssp245
bats1,2058,4,8,ssp245
bats1,2058,5,7.98,ssp245
bats1,2058,6,7.96,ssp245
bats1,2058,7,7.93,ssp245
bats1,2058,8,7.91,ssp245
bats1,2058,9,7.92,ssp245
bats1,2058,10,7.95,ssp245
bats1,2058,11,7.97,ssp245
bats1,2058,12,7.99,ssp245
bats1,2059,1,8,ssp245
bats1,2059,2,8,ssp245
bats1,2059,3,8,ssp245
bats1,2059,4,8.01,ssp245
bats1,2059,5,7.99,ssp245
bats1,2059,6,7.95,ssp245
bats1,2059,7,7.92,ssp245
bats1,2059,8,7.91,ssp245
bats1,2059,9,7.92,ssp245
bats1,2059,10,7.94,ssp245
bats1,2059,11,7.97,ssp245
bats1,2059,12,7.99,ssp245
bats1,2060,1,8,ssp245
bats1,2060,2,8,ssp245
bats1,2060,3,8,ssp245
bats1,2060,4,8.01,ssp245
bats1,2060,5,7.99,ssp245
bats1,2060,6,7.95,ssp245
bats1,2060,7,7.92,ssp245
bats1,2060,8,7.91,ssp245
bats1,2060,9,7.91,ssp245
bats1,2060,10,7.94,ssp245
bats1,2060,11,7.97,ssp245
bats1,2060,12,7.99,ssp245
bats1,2061,1,8,ssp245
bats1,2061,2,8,ssp245
bats1,2061,3,8,ssp245
bats1,2061,4,8,ssp245
bats1,2061,5,7.98,ssp245
bats1,2061,6,7.95,ssp245
bats1,2061,7,7.92,ssp245
bats1,2061,8,7.91,ssp245
bats1,2061,9,7.91,ssp245
bats1,2061,10,7.94,ssp245
bats1,2061,11,7.97,ssp245
bats1,2061,12,7.99,ssp245
bats1,2062,1,7.99,ssp245
bats1,2062,2,8,ssp245
bats1,2062,3,8,ssp245
bats1,2062,4,8,ssp245
bats1,2062,5,7.98,ssp245
bats1,2062,6,7.95,ssp245
bats1,2062,7,7.91,ssp245
bats1,2062,8,7.91,ssp245
bats1,2062,9,7.91,ssp245
bats1,2062,10,7.94,ssp245
bats1,2062,11,7.97,ssp245
bats1,2062,12,7.98,ssp245
bats1,2063,1,7.99,ssp245
bats1,2063,2,8,ssp245
bats1,2063,3,8,ssp245
bats1,2063,4,8,ssp245
bats1,2063,5,7.98,ssp245
bats1,2063,6,7.94,ssp245
bats1,2063,7,7.91,ssp245
bats1,2063,8,7.9,ssp245
bats1,2063,9,7.91,ssp245
bats1,2063,10,7.94,ssp245
bats1,2063,11,7.96,ssp245
bats1,2063,12,7.98,ssp245
bats1,2064,1,7.99,ssp245
bats1,2064,2,7.99,ssp245
bats1,2064,3,7.99,ssp245
bats1,2064,4,8,ssp245
bats1,2064,5,7.98,ssp245
bats1,2064,6,7.94,ssp245
bats1,2064,7,7.91,ssp245
bats1,2064,8,7.9,ssp245
bats1,2064,9,7.9,ssp245
bats1,2064,10,7.93,ssp245
bats1,2064,11,7.96,ssp245
bats1,2064,12,7.98,ssp245
bats1,2065,1,7.99,ssp245
bats1,2065,2,7.99,ssp245
bats1,2065,3,8,ssp245
bats1,2065,4,7.99,ssp245
bats1,2065,5,7.98,ssp245
bats1,2065,6,7.93,ssp245
bats1,2065,7,7.91,ssp245
bats1,2065,8,7.9,ssp245
bats1,2065,9,7.91,ssp245
bats1,2065,10,7.94,ssp245
bats1,2065,11,7.96,ssp245
bats1,2065,12,7.98,ssp245
bats1,2066,1,7.99,ssp245
bats1,2066,2,7.99,ssp245
bats1,2066,3,7.99,ssp245
bats1,2066,4,7.99,ssp245
bats1,2066,5,7.97,ssp245
bats1,2066,6,7.93,ssp245
bats1,2066,7,7.9,ssp245
bats1,2066,8,7.89,ssp245
bats1,2066,9,7.9,ssp245
bats1,2066,10,7.93,ssp245
bats1,2066,11,7.95,ssp245
bats1,2066,12,7.97,ssp245
bats1,2067,1,7.98,ssp245
bats1,2067,2,7.99,ssp245
bats1,2067,3,7.99,ssp245
bats1,2067,4,7.99,ssp245
bats1,2067,5,7.97,ssp245
bats1,2067,6,7.93,ssp245
bats1,2067,7,7.9,ssp245
bats1,2067,8,7.89,ssp245
bats1,2067,9,7.91,ssp245
bats1,2067,10,7.93,ssp245
bats1,2067,11,7.96,ssp245
bats1,2067,12,7.98,ssp245
bats1,2068,1,7.98,ssp245
bats1,2068,2,7.98,ssp245
bats1,2068,3,7.98,ssp245
bats1,2068,4,7.99,ssp245
bats1,2068,5,7.97,ssp245
bats1,2068,6,7.93,ssp245
bats1,2068,7,7.9,ssp245
bats1,2068,8,7.89,ssp245
bats1,2068,9,7.9,ssp245
bats1,2068,10,7.92,ssp245
bats1,2068,11,7.96,ssp245
bats1,2068,12,7.98,ssp245
bats1,2069,1,7.98,ssp245
bats1,2069,2,7.99,ssp245
bats1,2069,3,7.99,ssp245
bats1,2069,4,7.99,ssp245
bats1,2069,5,7.97,ssp245
bats1,2069,6,7.94,ssp245
bats1,2069,7,7.89,ssp245
bats1,2069,8,7.88,ssp245
bats1,2069,9,7.89,ssp245
bats1,2069,10,7.92,ssp245
bats1,2069,11,7.95,ssp245
bats1,2069,12,7.97,ssp245
bats1,2070,1,7.98,ssp245
bats1,2070,2,7.98,ssp245
bats1,2070,3,7.98,ssp245
bats1,2070,4,7.98,ssp245
bats1,2070,5,7.97,ssp245
bats1,2070,6,7.93,ssp245
bats1,2070,7,7.9,ssp245
bats1,2070,8,7.89,ssp245
bats1,2070,9,7.9,ssp245
bats1,2070,10,7.92,ssp245
bats1,2070,11,7.95,ssp245
bats1,2070,12,7.97,ssp245
bats1,2071,1,7.98,ssp245
bats1,2071,2,7.98,ssp245
bats1,2071,3,7.98,ssp245
bats1,2071,4,7.99,ssp245
bats1,2071,5,7.97,ssp245
bats1,2071,6,7.93,ssp245
bats1,2071,7,7.9,ssp245
bats1,2071,8,7.89,ssp245
bats1,2071,9,7.9,ssp245
bats1,2071,10,7.92,ssp245
bats1,2071,11,7.95,ssp245
bats1,2071,12,7.97,ssp245
bats1,2072,1,7.98,ssp245
bats1,2072,2,7.98,ssp245
bats1,2072,3,7.98,ssp245
bats1,2072,4,7.98,ssp245
bats1,2072,5,7.96,ssp245
bats1,2072,6,7.93,ssp245
bats1,2072,7,7.9,ssp245
bats1,2072,8,7.89,ssp245
bats1,2072,9,7.89,ssp245
bats1,2072,10,7.92,ssp245
bats1,2072,11,7.95,ssp245
bats1,2072,12,7.97,ssp245
bats1,2073,1,7.98,ssp245
bats1,2073,2,7.98,ssp245
bats1,2073,3,7.98,ssp245
bats1,2073,4,7.98,ssp245
bats1,2073,5,7.96,ssp245
bats1,2073,6,7.92,ssp245
bats1,2073,7,7.89,ssp245
bats1,2073,8,7.88,ssp245
bats1,2073,9,7.89,ssp245
bats1,2073,10,7.92,ssp245
bats1,2073,11,7.94,ssp245
bats1,2073,12,7.96,ssp245
bats1,2074,1,7.97,ssp245
bats1,2074,2,7.97,ssp245
bats1,2074,3,7.98,ssp245
bats1,2074,4,7.98,ssp245
bats1,2074,5,7.96,ssp245
bats1,2074,6,7.92,ssp245
bats1,2074,7,7.9,ssp245
bats1,2074,8,7.89,ssp245
bats1,2074,9,7.89,ssp245
bats1,2074,10,7.92,ssp245
bats1,2074,11,7.94,ssp245
bats1,2074,12,7.96,ssp245
bats1,2075,1,7.97,ssp245
bats1,2075,2,7.97,ssp245
bats1,2075,3,7.97,ssp245
bats1,2075,4,7.98,ssp245
bats1,2075,5,7.96,ssp245
bats1,2075,6,7.93,ssp245
bats1,2075,7,7.89,ssp245
bats1,2075,8,7.88,ssp245
bats1,2075,9,7.89,ssp245
bats1,2075,10,7.92,ssp245
bats1,2075,11,7.94,ssp245
bats1,2075,12,7.96,ssp245
bats1,2076,1,7.97,ssp245
bats1,2076,2,7.97,ssp245
bats1,2076,3,7.98,ssp245
bats1,2076,4,7.98,ssp245
bats1,2076,5,7.96,ssp245
bats1,2076,6,7.92,ssp245
bats1,2076,7,7.89,ssp245
bats1,2076,8,7.88,ssp245
bats1,2076,9,7.89,ssp245
bats1,2076,10,7.91,ssp245
bats1,2076,11,7.94,ssp245
bats1,2076,12,7.96,ssp245
bats1,2077,1,7.97,ssp245
bats1,2077,2,7.97,ssp245
bats1,2077,3,7.97,ssp245
bats1,2077,4,7.97,ssp245
bats1,2077,5,7.96,ssp245
bats1,2077,6,7.92,ssp245
bats1,2077,7,7.89,ssp245
bats1,2077,8,7.88,ssp245
bats1,2077,9,7.89,ssp245
bats1,2077,10,7.91,ssp245
bats1,2077,11,7.94,ssp245
bats1,2077,12,7.96,ssp245
bats1,2078,1,7.97,ssp245
bats1,2078,2,7.97,ssp245
bats1,2078,3,7.97,ssp245
bats1,2078,4,7.97,ssp245
bats1,2078,5,7.96,ssp245
bats1,2078,6,7.92,ssp245
bats1,2078,7,7.88,ssp245
bats1,2078,8,7.87,ssp245
bats1,2078,9,7.88,ssp245
bats1,2078,10,7.91,ssp245
bats1,2078,11,7.93,ssp245
bats1,2078,12,7.95,ssp245
bats1,2079,1,7.96,ssp245
bats1,2079,2,7.97,ssp245
bats1,2079,3,7.97,ssp245
bats1,2079,4,7.97,ssp245
bats1,2079,5,7.96,ssp245
bats1,2079,6,7.92,ssp245
bats1,2079,7,7.89,ssp245
bats1,2079,8,7.88,ssp245
bats1,2079,9,7.89,ssp245
bats1,2079,10,7.91,ssp245
bats1,2079,11,7.93,ssp245
bats1,2079,12,7.95,ssp245
bats1,2080,1,7.96,ssp245
bats1,2080,2,7.97,ssp245
bats1,2080,3,7.97,ssp245
bats1,2080,4,7.97,ssp245
bats1,2080,5,7.95,ssp245
bats1,2080,6,7.91,ssp245
bats1,2080,7,7.89,ssp245
bats1,2080,8,7.87,ssp245
bats1,2080,9,7.88,ssp245
bats1,2080,10,7.91,ssp245
bats1,2080,11,7.93,ssp245
bats1,2080,12,7.95,ssp245
bats1,2081,1,7.96,ssp245
bats1,2081,2,7.96,ssp245
bats1,2081,3,7.97,ssp245
bats1,2081,4,7.96,ssp245
bats1,2081,5,7.94,ssp245
bats1,2081,6,7.91,ssp245
bats1,2081,7,7.88,ssp245
bats1,2081,8,7.87,ssp245
bats1,2081,9,7.88,ssp245
bats1,2081,10,7.91,ssp245
bats1,2081,11,7.94,ssp245
bats1,2081,12,7.96,ssp245
bats1,2082,1,7.96,ssp245
bats1,2082,2,7.96,ssp245
bats1,2082,3,7.96,ssp245
bats1,2082,4,7.97,ssp245
bats1,2082,5,7.94,ssp245
bats1,2082,6,7.91,ssp245
bats1,2082,7,7.88,ssp245
bats1,2082,8,7.87,ssp245
bats1,2082,9,7.88,ssp245
bats1,2082,10,7.9,ssp245
bats1,2082,11,7.93,ssp245
bats1,2082,12,7.95,ssp245
bats1,2083,1,7.96,ssp245
bats1,2083,2,7.96,ssp245
bats1,2083,3,7.96,ssp245
bats1,2083,4,7.97,ssp245
bats1,2083,5,7.95,ssp245
bats1,2083,6,7.92,ssp245
bats1,2083,7,7.88,ssp245
bats1,2083,8,7.87,ssp245
bats1,2083,9,7.88,ssp245
bats1,2083,10,7.9,ssp245
bats1,2083,11,7.93,ssp245
bats1,2083,12,7.95,ssp245
bats1,2084,1,7.96,ssp245
bats1,2084,2,7.96,ssp245
bats1,2084,3,7.97,ssp245
bats1,2084,4,7.96,ssp245
bats1,2084,5,7.94,ssp245
bats1,2084,6,7.91,ssp245
bats1,2084,7,7.88,ssp245
bats1,2084,8,7.87,ssp245
bats1,2084,9,7.88,ssp245
bats1,2084,10,7.9,ssp245
bats1,2084,11,7.93,ssp245
bats1,2084,12,7.95,ssp245
bats1,2085,1,7.96,ssp245
bats1,2085,2,7.96,ssp245
bats1,2085,3,7.96,ssp245
bats1,2085,4,7.96,ssp245
bats1,2085,5,7.94,ssp245
bats1,2085,6,7.91,ssp245
bats1,2085,7,7.88,ssp245
bats1,2085,8,7.87,ssp245
bats1,2085,9,7.87,ssp245
bats1,2085,10,7.9,ssp245
bats1,2085,11,7.93,ssp245
bats1,2085,12,7.95,ssp245
bats1,2086,1,7.96,ssp245
bats1,2086,2,7.96,ssp245
bats1,2086,3,7.97,ssp245
bats1,2086,4,7.96,ssp245
bats1,2086,5,7.94,ssp245
bats1,2086,6,7.9,ssp245
bats1,2086,7,7.87,ssp245
bats1,2086,8,7.86,ssp245
bats1,2086,9,7.87,ssp245
bats1,2086,10,7.9,ssp245
bats1,2086,11,7.93,ssp245
bats1,2086,12,7.95,ssp245
bats1,2087,1,7.96,ssp245
bats1,2087,2,7.96,ssp245
bats1,2087,3,7.96,ssp245
bats1,2087,4,7.96,ssp245
bats1,2087,5,7.95,ssp245
bats1,2087,6,7.91,ssp245
bats1,2087,7,7.88,ssp245
bats1,2087,8,7.87,ssp245
bats1,2087,9,7.88,ssp245
bats1,2087,10,7.9,ssp245
bats1,2087,11,7.93,ssp245
bats1,2087,12,7.95,ssp245
bats1,2088,1,7.96,ssp245
bats1,2088,2,7.95,ssp245
bats1,2088,3,7.96,ssp245
bats1,2088,4,7.96,ssp245
bats1,2088,5,7.94,ssp245
bats1,2088,6,7.91,ssp245
bats1,2088,7,7.88,ssp245
bats1,2088,8,7.87,ssp245
bats1,2088,9,7.88,ssp245
bats1,2088,10,7.9,ssp245
bats1,2088,11,7.93,ssp245
bats1,2088,12,7.95,ssp245
bats1,2089,1,7.96,ssp245
bats1,2089,2,7.96,ssp245
bats1,2089,3,7.96,ssp245
bats1,2089,4,7.96,ssp245
bats1,2089,5,7.94,ssp245
bats1,2089,6,7.91,ssp245
bats1,2089,7,7.88,ssp245
bats1,2089,8,7.87,ssp245
bats1,2089,9,7.88,ssp245
bats1,2089,10,7.9,ssp245
bats1,2089,11,7.93,ssp245
bats1,2089,12,7.94,ssp245
bats1,2090,1,7.95,ssp245
bats1,2090,2,7.95,ssp245
bats1,2090,3,7.96,ssp245
bats1,2090,4,7.95,ssp245
bats1,2090,5,7.94,ssp245
bats1,2090,6,7.91,ssp245
bats1,2090,7,7.88,ssp245
bats1,2090,8,7.87,ssp245
bats1,2090,9,7.87,ssp245
bats1,2090,10,7.9,ssp245
bats1,2090,11,7.93,ssp245
bats1,2090,12,7.95,ssp245
bats1,2091,1,7.95,ssp245
bats1,2091,2,7.95,ssp245
bats1,2091,3,7.95,ssp245
bats1,2091,4,7.96,ssp245
bats1,2091,5,7.94,ssp245
bats1,2091,6,7.9,ssp245
bats1,2091,7,7.88,ssp245
bats1,2091,8,7.87,ssp245
bats1,2091,9,7.87,ssp245
bats1,2091,10,7.9,ssp245
bats1,2091,11,7.93,ssp245
bats1,2091,12,7.95,ssp245
bats1,2092,1,7.95,ssp245
bats1,2092,2,7.96,ssp245
bats1,2092,3,7.96,ssp245
bats1,2092,4,7.96,ssp245
bats1,2092,5,7.94,ssp245
bats1,2092,6,7.91,ssp245
bats1,2092,7,7.88,ssp245
bats1,2092,8,7.87,ssp245
bats1,2092,9,7.88,ssp245
bats1,2092,10,7.9,ssp245
bats1,2092,11,7.93,ssp245
bats1,2092,12,7.95,ssp245
bats1,2093,1,7.95,ssp245
bats1,2093,2,7.95,ssp245
bats1,2093,3,7.96,ssp245
bats1,2093,4,7.96,ssp245
bats1,2093,5,7.94,ssp245
bats1,2093,6,7.9,ssp245
bats1,2093,7,7.87,ssp245
bats1,2093,8,7.86,ssp245
bats1,2093,9,7.88,ssp245
bats1,2093,10,7.9,ssp245
bats1,2093,11,7.93,ssp245
bats1,2093,12,7.94,ssp245
bats1,2094,1,7.95,ssp245
bats1,2094,2,7.95,ssp245
bats1,2094,3,7.95,ssp245
bats1,2094,4,7.96,ssp245
bats1,2094,5,7.94,ssp245
bats1,2094,6,7.91,ssp245
bats1,2094,7,7.88,ssp245
bats1,2094,8,7.86,ssp245
bats1,2094,9,7.87,ssp245
bats1,2094,10,7.9,ssp245
bats1,2094,11,7.92,ssp245
bats1,2094,12,7.95,ssp245
bats1,2095,1,7.95,ssp245
bats1,2095,2,7.95,ssp245
bats1,2095,3,7.95,ssp245
bats1,2095,4,7.96,ssp245
bats1,2095,5,7.94,ssp245
bats1,2095,6,7.91,ssp245
bats1,2095,7,7.87,ssp245
bats1,2095,8,7.86,ssp245
bats1,2095,9,7.87,ssp245
bats1,2095,10,7.9,ssp245
bats1,2095,11,7.93,ssp245
bats1,2095,12,7.95,ssp245
bats1,2096,1,7.95,ssp245
bats1,2096,2,7.95,ssp245
bats1,2096,3,7.95,ssp245
bats1,2096,4,7.95,ssp245
bats1,2096,5,7.94,ssp245
bats1,2096,6,7.9,ssp245
bats1,2096,7,7.88,ssp245
bats1,2096,8,7.87,ssp245
bats1,2096,9,7.88,ssp245
bats1,2096,10,7.9,ssp245
bats1,2096,11,7.93,ssp245
bats1,2096,12,7.95,ssp245
bats1,2097,1,7.95,ssp245
bats1,2097,2,7.95,ssp245
bats1,2097,3,7.96,ssp245
bats1,2097,4,7.95,ssp245
bats1,2097,5,7.93,ssp245
bats1,2097,6,7.9,ssp245
bats1,2097,7,7.87,ssp245
bats1,2097,8,7.86,ssp245
bats1,2097,9,7.87,ssp245
bats1,2097,10,7.9,ssp245
bats1,2097,11,7.92,ssp245
bats1,2097,12,7.94,ssp245
bats1,2098,1,7.95,ssp245
bats1,2098,2,7.95,ssp245
bats1,2098,3,7.95,ssp245
bats1,2098,4,7.95,ssp245
bats1,2098,5,7.93,ssp245
bats1,2098,6,7.9,ssp245
bats1,2098,7,7.88,ssp245
bats1,2098,8,7.86,ssp245
bats1,2098,9,7.87,ssp245
bats1,2098,10,7.9,ssp245
bats1,2098,11,7.92,ssp245
bats1,2098,12,7.94,ssp245
bats1,2099,1,7.95,ssp245
bats1,2099,2,7.95,ssp245
bats1,2099,3,7.95,ssp245
bats1,2099,4,7.95,ssp245
bats1,2099,5,7.93,ssp245
bats1,2099,6,7.89,ssp245
bats1,2099,7,7.87,ssp245
bats1,2099,8,7.87,ssp245
bats1,2099,9,7.87,ssp245
bats1,2099,10,7.9,ssp245
bats1,2099,11,7.93,ssp245
bats1,2099,12,7.94,ssp245
bats1,2100,1,7.95,ssp245
bats1,2100,2,7.95,ssp245
bats1,2100,3,7.95,ssp245
bats1,2100,4,7.95,ssp245
bats1,2100,5,7.94,ssp245
bats1,2100,6,7.9,ssp245
bats1,2100,7,7.87,ssp245
bats1,2100,8,7.86,ssp245
bats1,2100,9,7.87,ssp245
bats1,2100,10,7.89,ssp245
bats1,2100,11,7.92,ssp245
bats1,2100,12,7.94,ssp245
bats1,2015,1,8.1,ssp370
bats1,2015,2,8.1,ssp370
bats1,2015,3,8.11,ssp370
bats1,2015,4,8.11,ssp370
bats1,2015,5,8.1,ssp370
bats1,2015,6,8.07,ssp370
bats1,2015,7,8.03,ssp370
bats1,2015,8,8.02,ssp370
bats1,2015,9,8.03,ssp370
bats1,2015,10,8.05,ssp370
bats1,2015,11,8.08,ssp370
bats1,2015,12,8.1,ssp370
bats1,2016,1,8.1,ssp370
bats1,2016,2,8.1,ssp370
bats1,2016,3,8.1,ssp370
bats1,2016,4,8.11,ssp370
bats1,2016,5,8.09,ssp370
bats1,2016,6,8.06,ssp370
bats1,2016,7,8.03,ssp370
bats1,2016,8,8.01,ssp370
bats1,2016,9,8.02,ssp370
bats1,2016,10,8.05,ssp370
bats1,2016,11,8.07,ssp370
bats1,2016,12,8.09,ssp370
bats1,2017,1,8.1,ssp370
bats1,2017,2,8.1,ssp370
bats1,2017,3,8.1,ssp370
bats1,2017,4,8.11,ssp370
bats1,2017,5,8.09,ssp370
bats1,2017,6,8.07,ssp370
bats1,2017,7,8.03,ssp370
bats1,2017,8,8.01,ssp370
bats1,2017,9,8.02,ssp370
bats1,2017,10,8.04,ssp370
bats1,2017,11,8.07,ssp370
bats1,2017,12,8.09,ssp370
bats1,2018,1,8.1,ssp370
bats1,2018,2,8.1,ssp370
bats1,2018,3,8.1,ssp370
bats1,2018,4,8.1,ssp370
bats1,2018,5,8.09,ssp370
bats1,2018,6,8.06,ssp370
bats1,2018,7,8.03,ssp370
bats1,2018,8,8.02,ssp370
bats1,2018,9,8.02,ssp370
bats1,2018,10,8.04,ssp370
bats1,2018,11,8.07,ssp370
bats1,2018,12,8.09,ssp370
bats1,2019,1,8.1,ssp370
bats1,2019,2,8.1,ssp370
bats1,2019,3,8.1,ssp370
bats1,2019,4,8.1,ssp370
bats1,2019,5,8.08,ssp370
bats1,2019,6,8.05,ssp370
bats1,2019,7,8.02,ssp370
bats1,2019,8,8,ssp370
bats1,2019,9,8.01,ssp370
bats1,2019,10,8.04,ssp370
bats1,2019,11,8.06,ssp370
bats1,2019,12,8.08,ssp370
bats1,2020,1,8.09,ssp370
bats1,2020,2,8.1,ssp370
bats1,2020,3,8.1,ssp370
bats1,2020,4,8.1,ssp370
bats1,2020,5,8.09,ssp370
bats1,2020,6,8.05,ssp370
bats1,2020,7,8.01,ssp370
bats1,2020,8,8,ssp370
bats1,2020,9,8.01,ssp370
bats1,2020,10,8.04,ssp370
bats1,2020,11,8.07,ssp370
bats1,2020,12,8.09,ssp370
bats1,2021,1,8.09,ssp370
bats1,2021,2,8.09,ssp370
bats1,2021,3,8.09,ssp370
bats1,2021,4,8.09,ssp370
bats1,2021,5,8.08,ssp370
bats1,2021,6,8.06,ssp370
bats1,2021,7,8.01,ssp370
bats1,2021,8,7.99,ssp370
bats1,2021,9,8.01,ssp370
bats1,2021,10,8.04,ssp370
bats1,2021,11,8.07,ssp370
bats1,2021,12,8.08,ssp370
bats1,2022,1,8.09,ssp370
bats1,2022,2,8.09,ssp370
bats1,2022,3,8.09,ssp370
bats1,2022,4,8.09,ssp370
bats1,2022,5,8.08,ssp370
bats1,2022,6,8.05,ssp370
bats1,2022,7,8.02,ssp370
bats1,2022,8,8,ssp370
bats1,2022,9,8.02,ssp370
bats1,2022,10,8.04,ssp370
bats1,2022,11,8.06,ssp370
bats1,2022,12,8.08,ssp370
bats1,2023,1,8.08,ssp370
bats1,2023,2,8.08,ssp370
bats1,2023,3,8.09,ssp370
bats1,2023,4,8.09,ssp370
bats1,2023,5,8.08,ssp370
bats1,2023,6,8.05,ssp370
bats1,2023,7,8.01,ssp370
bats1,2023,8,7.99,ssp370
bats1,2023,9,8,ssp370
bats1,2023,10,8.03,ssp370
bats1,2023,11,8.06,ssp370
bats1,2023,12,8.08,ssp370
bats1,2024,1,8.08,ssp370
bats1,2024,2,8.08,ssp370
bats1,2024,3,8.09,ssp370
bats1,2024,4,8.09,ssp370
bats1,2024,5,8.07,ssp370
bats1,2024,6,8.04,ssp370
bats1,2024,7,8.01,ssp370
bats1,2024,8,7.99,ssp370
bats1,2024,9,8,ssp370
bats1,2024,10,8.03,ssp370
bats1,2024,11,8.05,ssp370
bats1,2024,12,8.07,ssp370
bats1,2025,1,8.08,ssp370
bats1,2025,2,8.08,ssp370
bats1,2025,3,8.08,ssp370
bats1,2025,4,8.09,ssp370
bats1,2025,5,8.07,ssp370
bats1,2025,6,8.04,ssp370
bats1,2025,7,8,ssp370
bats1,2025,8,7.99,ssp370
bats1,2025,9,8,ssp370
bats1,2025,10,8.02,ssp370
bats1,2025,11,8.05,ssp370
bats1,2025,12,8.07,ssp370
bats1,2026,1,8.08,ssp370
bats1,2026,2,8.08,ssp370
bats1,2026,3,8.08,ssp370
bats1,2026,4,8.08,ssp370
bats1,2026,5,8.07,ssp370
bats1,2026,6,8.04,ssp370
bats1,2026,7,8,ssp370
bats1,2026,8,7.98,ssp370
bats1,2026,9,7.99,ssp370
bats1,2026,10,8.02,ssp370
bats1,2026,11,8.05,ssp370
bats1,2026,12,8.07,ssp370
bats1,2027,1,8.07,ssp370
bats1,2027,2,8.08,ssp370
bats1,2027,3,8.08,ssp370
bats1,2027,4,8.08,ssp370
bats1,2027,5,8.07,ssp370
bats1,2027,6,8.03,ssp370
bats1,2027,7,8,ssp370
bats1,2027,8,7.98,ssp370
bats1,2027,9,7.99,ssp370
bats1,2027,10,8.01,ssp370
bats1,2027,11,8.04,ssp370
bats1,2027,12,8.06,ssp370
bats1,2028,1,8.07,ssp370
bats1,2028,2,8.07,ssp370
bats1,2028,3,8.08,ssp370
bats1,2028,4,8.08,ssp370
bats1,2028,5,8.07,ssp370
bats1,2028,6,8.03,ssp370
bats1,2028,7,7.99,ssp370
bats1,2028,8,7.97,ssp370
bats1,2028,9,7.98,ssp370
bats1,2028,10,8.01,ssp370
bats1,2028,11,8.04,ssp370
bats1,2028,12,8.06,ssp370
bats1,2029,1,8.07,ssp370
bats1,2029,2,8.07,ssp370
bats1,2029,3,8.07,ssp370
bats1,2029,4,8.08,ssp370
bats1,2029,5,8.06,ssp370
bats1,2029,6,8.03,ssp370
bats1,2029,7,7.99,ssp370
bats1,2029,8,7.98,ssp370
bats1,2029,9,7.99,ssp370
bats1,2029,10,8.01,ssp370
bats1,2029,11,8.04,ssp370
bats1,2029,12,8.06,ssp370
bats1,2030,1,8.07,ssp370
bats1,2030,2,8.07,ssp370
bats1,2030,3,8.07,ssp370
bats1,2030,4,8.07,ssp370
bats1,2030,5,8.06,ssp370
bats1,2030,6,8.02,ssp370
bats1,2030,7,7.99,ssp370
bats1,2030,8,7.97,ssp370
bats1,2030,9,7.98,ssp370
bats1,2030,10,8.01,ssp370
bats1,2030,11,8.04,ssp370
bats1,2030,12,8.06,ssp370
bats1,2031,1,8.06,ssp370
bats1,2031,2,8.06,ssp370
bats1,2031,3,8.06,ssp370
bats1,2031,4,8.07,ssp370
bats1,2031,5,8.06,ssp370
bats1,2031,6,8.02,ssp370
bats1,2031,7,7.98,ssp370
bats1,2031,8,7.97,ssp370
bats1,2031,9,7.98,ssp370
bats1,2031,10,8.01,ssp370
bats1,2031,11,8.03,ssp370
bats1,2031,12,8.05,ssp370
bats1,2032,1,8.06,ssp370
bats1,2032,2,8.06,ssp370
bats1,2032,3,8.06,ssp370
bats1,2032,4,8.07,ssp370
bats1,2032,5,8.05,ssp370
bats1,2032,6,8.02,ssp370
bats1,2032,7,7.98,ssp370
bats1,2032,8,7.97,ssp370
bats1,2032,9,7.98,ssp370
bats1,2032,10,8,ssp370
bats1,2032,11,8.03,ssp370
bats1,2032,12,8.05,ssp370
bats1,2033,1,8.06,ssp370
bats1,2033,2,8.05,ssp370
bats1,2033,3,8.06,ssp370
bats1,2033,4,8.07,ssp370
bats1,2033,5,8.04,ssp370
bats1,2033,6,8.01,ssp370
bats1,2033,7,7.97,ssp370
bats1,2033,8,7.96,ssp370
bats1,2033,9,7.96,ssp370
bats1,2033,10,7.99,ssp370
bats1,2033,11,8.02,ssp370
bats1,2033,12,8.04,ssp370
bats1,2034,1,8.05,ssp370
bats1,2034,2,8.05,ssp370
bats1,2034,3,8.06,ssp370
bats1,2034,4,8.06,ssp370
bats1,2034,5,8.04,ssp370
bats1,2034,6,8.01,ssp370
bats1,2034,7,7.97,ssp370
bats1,2034,8,7.95,ssp370
bats1,2034,9,7.97,ssp370
bats1,2034,10,7.99,ssp370
bats1,2034,11,8.02,ssp370
bats1,2034,12,8.04,ssp370
bats1,2035,1,8.05,ssp370
bats1,2035,2,8.05,ssp370
bats1,2035,3,8.06,ssp370
bats1,2035,4,8.06,ssp370
bats1,2035,5,8.04,ssp370
bats1,2035,6,8,ssp370
bats1,2035,7,7.96,ssp370
bats1,2035,8,7.95,ssp370
bats1,2035,9,7.96,ssp370
bats1,2035,10,7.99,ssp370
bats1,2035,11,8.02,ssp370
bats1,2035,12,8.04,ssp370
bats1,2036,1,8.05,ssp370
bats1,2036,2,8.05,ssp370
bats1,2036,3,8.05,ssp370
bats1,2036,4,8.05,ssp370
bats1,2036,5,8.04,ssp370
bats1,2036,6,8,ssp370
bats1,2036,7,7.97,ssp370
bats1,2036,8,7.95,ssp370
bats1,2036,9,7.96,ssp370
bats1,2036,10,7.99,ssp370
bats1,2036,11,8.02,ssp370
bats1,2036,12,8.03,ssp370
bats1,2037,1,8.04,ssp370
bats1,2037,2,8.04,ssp370
bats1,2037,3,8.05,ssp370
bats1,2037,4,8.05,ssp370
bats1,2037,5,8.03,ssp370
bats1,2037,6,8,ssp370
bats1,2037,7,7.96,ssp370
bats1,2037,8,7.95,ssp370
bats1,2037,9,7.96,ssp370
bats1,2037,10,7.98,ssp370
bats1,2037,11,8.01,ssp370
bats1,2037,12,8.03,ssp370
bats1,2038,1,8.04,ssp370
bats1,2038,2,8.04,ssp370
bats1,2038,3,8.04,ssp370
bats1,2038,4,8.05,ssp370
bats1,2038,5,8.03,ssp370
bats1,2038,6,7.99,ssp370
bats1,2038,7,7.96,ssp370
bats1,2038,8,7.95,ssp370
bats1,2038,9,7.95,ssp370
bats1,2038,10,7.97,ssp370
bats1,2038,11,8,ssp370
bats1,2038,12,8.03,ssp370
bats1,2039,1,8.04,ssp370
bats1,2039,2,8.04,ssp370
bats1,2039,3,8.04,ssp370
bats1,2039,4,8.05,ssp370
bats1,2039,5,8.03,ssp370
bats1,2039,6,7.99,ssp370
bats1,2039,7,7.96,ssp370
bats1,2039,8,7.95,ssp370
bats1,2039,9,7.96,ssp370
bats1,2039,10,7.98,ssp370
bats1,2039,11,8.01,ssp370
bats1,2039,12,8.03,ssp370
bats1,2040,1,8.03,ssp370
bats1,2040,2,8.03,ssp370
bats1,2040,3,8.04,ssp370
bats1,2040,4,8.04,ssp370
bats1,2040,5,8.02,ssp370
bats1,2040,6,7.99,ssp370
bats1,2040,7,7.95,ssp370
bats1,2040,8,7.94,ssp370
bats1,2040,9,7.95,ssp370
bats1,2040,10,7.97,ssp370
bats1,2040,11,8,ssp370
bats1,2040,12,8.02,ssp370
bats1,2041,1,8.03,ssp370
bats1,2041,2,8.03,ssp370
bats1,2041,3,8.04,ssp370
bats1,2041,4,8.03,ssp370
bats1,2041,5,8.02,ssp370
bats1,2041,6,7.98,ssp370
bats1,2041,7,7.95,ssp370
bats1,2041,8,7.94,ssp370
bats1,2041,9,7.94,ssp370
bats1,2041,10,7.97,ssp370
bats1,2041,11,8,ssp370
bats1,2041,12,8.02,ssp370
bats1,2042,1,8.02,ssp370
bats1,2042,2,8.03,ssp370
bats1,2042,3,8.03,ssp370
bats1,2042,4,8.03,ssp370
bats1,2042,5,8.02,ssp370
bats1,2042,6,7.98,ssp370
bats1,2042,7,7.95,ssp370
bats1,2042,8,7.93,ssp370
bats1,2042,9,7.95,ssp370
bats1,2042,10,7.96,ssp370
bats1,2042,11,7.99,ssp370
bats1,2042,12,8.01,ssp370
bats1,2043,1,8.02,ssp370
bats1,2043,2,8.02,ssp370
bats1,2043,3,8.02,ssp370
bats1,2043,4,8.03,ssp370
bats1,2043,5,8.01,ssp370
bats1,2043,6,7.98,ssp370
bats1,2043,7,7.94,ssp370
bats1,2043,8,7.93,ssp370
bats1,2043,9,7.94,ssp370
bats1,2043,10,7.96,ssp370
bats1,2043,11,7.98,ssp370
bats1,2043,12,8.01,ssp370
bats1,2044,1,8.02,ssp370
bats1,2044,2,8.02,ssp370
bats1,2044,3,8.02,ssp370
bats1,2044,4,8.03,ssp370
bats1,2044,5,8.01,ssp370
bats1,2044,6,7.98,ssp370
bats1,2044,7,7.94,ssp370
bats1,2044,8,7.93,ssp370
bats1,2044,9,7.94,ssp370
bats1,2044,10,7.96,ssp370
bats1,2044,11,7.99,ssp370
bats1,2044,12,8.01,ssp370
bats1,2045,1,8.02,ssp370
bats1,2045,2,8.02,ssp370
bats1,2045,3,8.02,ssp370
bats1,2045,4,8.02,ssp370
bats1,2045,5,8.01,ssp370
bats1,2045,6,7.97,ssp370
bats1,2045,7,7.93,ssp370
bats1,2045,8,7.92,ssp370
bats1,2045,9,7.93,ssp370
bats1,2045,10,7.96,ssp370
bats1,2045,11,7.99,ssp370
bats1,2045,12,8.01,ssp370
bats1,2046,1,8.01,ssp370
bats1,2046,2,8.01,ssp370
bats1,2046,3,8.01,ssp370
bats1,2046,4,8.02,ssp370
bats1,2046,5,8.01,ssp370
bats1,2046,6,7.97,ssp370
bats1,2046,7,7.93,ssp370
bats1,2046,8,7.92,ssp370
bats1,2046,9,7.92,ssp370
bats1,2046,10,7.95,ssp370
bats1,2046,11,7.98,ssp370
bats1,2046,12,8,ssp370
bats1,2047,1,8.01,ssp370
bats1,2047,2,8.01,ssp370
bats1,2047,3,8.02,ssp370
bats1,2047,4,8.01,ssp370
bats1,2047,5,8,ssp370
bats1,2047,6,7.96,ssp370
bats1,2047,7,7.93,ssp370
bats1,2047,8,7.92,ssp370
bats1,2047,9,7.92,ssp370
bats1,2047,10,7.95,ssp370
bats1,2047,11,7.98,ssp370
bats1,2047,12,8,ssp370
bats1,2048,1,8.01,ssp370
bats1,2048,2,8.01,ssp370
bats1,2048,3,8.01,ssp370
bats1,2048,4,8.01,ssp370
bats1,2048,5,7.99,ssp370
bats1,2048,6,7.96,ssp370
bats1,2048,7,7.93,ssp370
bats1,2048,8,7.91,ssp370
bats1,2048,9,7.92,ssp370
bats1,2048,10,7.95,ssp370
bats1,2048,11,7.98,ssp370
bats1,2048,12,8,ssp370
bats1,2049,1,8,ssp370
bats1,2049,2,8.01,ssp370
bats1,2049,3,8.01,ssp370
bats1,2049,4,8.01,ssp370
bats1,2049,5,7.99,ssp370
bats1,2049,6,7.95,ssp370
bats1,2049,7,7.92,ssp370
bats1,2049,8,7.91,ssp370
bats1,2049,9,7.92,ssp370
bats1,2049,10,7.94,ssp370
bats1,2049,11,7.97,ssp370
bats1,2049,12,7.99,ssp370
bats1,2050,1,8,ssp370
bats1,2050,2,8,ssp370
bats1,2050,3,8.01,ssp370
bats1,2050,4,8,ssp370
bats1,2050,5,7.99,ssp370
bats1,2050,6,7.95,ssp370
bats1,2050,7,7.92,ssp370
bats1,2050,8,7.91,ssp370
bats1,2050,9,7.92,ssp370
bats1,2050,10,7.94,ssp370
bats1,2050,11,7.97,ssp370
bats1,2050,12,7.99,ssp370
bats1,2051,1,8,ssp370
bats1,2051,2,8,ssp370
bats1,2051,3,8,ssp370
bats1,2051,4,8.01,ssp370
bats1,2051,5,7.98,ssp370
bats1,2051,6,7.95,ssp370
bats1,2051,7,7.92,ssp370
bats1,2051,8,7.91,ssp370
bats1,2051,9,7.91,ssp370
bats1,2051,10,7.94,ssp370
bats1,2051,11,7.97,ssp370
bats1,2051,12,7.99,ssp370
bats1,2052,1,7.99,ssp370
bats1,2052,2,8,ssp370
bats1,2052,3,8,ssp370
bats1,2052,4,8,ssp370
bats1,2052,5,7.98,ssp370
bats1,2052,6,7.95,ssp370
bats1,2052,7,7.91,ssp370
bats1,2052,8,7.9,ssp370
bats1,2052,9,7.91,ssp370
bats1,2052,10,7.94,ssp370
bats1,2052,11,7.96,ssp370
bats1,2052,12,7.98,ssp370
bats1,2053,1,7.99,ssp370
bats1,2053,2,7.99,ssp370
bats1,2053,3,7.99,ssp370
bats1,2053,4,8,ssp370
bats1,2053,5,7.98,ssp370
bats1,2053,6,7.94,ssp370
bats1,2053,7,7.91,ssp370
bats1,2053,8,7.9,ssp370
bats1,2053,9,7.91,ssp370
bats1,2053,10,7.94,ssp370
bats1,2053,11,7.96,ssp370
bats1,2053,12,7.98,ssp370
bats1,2054,1,7.99,ssp370
bats1,2054,2,7.99,ssp370
bats1,2054,3,7.99,ssp370
bats1,2054,4,7.99,ssp370
bats1,2054,5,7.98,ssp370
bats1,2054,6,7.94,ssp370
bats1,2054,7,7.9,ssp370
bats1,2054,8,7.89,ssp370
bats1,2054,9,7.9,ssp370
bats1,2054,10,7.93,ssp370
bats1,2054,11,7.96,ssp370
bats1,2054,12,7.98,ssp370
bats1,2055,1,7.98,ssp370
bats1,2055,2,7.98,ssp370
bats1,2055,3,7.98,ssp370
bats1,2055,4,7.99,ssp370
bats1,2055,5,7.97,ssp370
bats1,2055,6,7.94,ssp370
bats1,2055,7,7.9,ssp370
bats1,2055,8,7.89,ssp370
bats1,2055,9,7.89,ssp370
bats1,2055,10,7.92,ssp370
bats1,2055,11,7.95,ssp370
bats1,2055,12,7.97,ssp370
bats1,2056,1,7.98,ssp370
bats1,2056,2,7.98,ssp370
bats1,2056,3,7.98,ssp370
bats1,2056,4,7.99,ssp370
bats1,2056,5,7.96,ssp370
bats1,2056,6,7.93,ssp370
bats1,2056,7,7.9,ssp370
bats1,2056,8,7.89,ssp370
bats1,2056,9,7.9,ssp370
bats1,2056,10,7.92,ssp370
bats1,2056,11,7.95,ssp370
bats1,2056,12,7.97,ssp370
bats1,2057,1,7.98,ssp370
bats1,2057,2,7.98,ssp370
bats1,2057,3,7.98,ssp370
bats1,2057,4,7.99,ssp370
bats1,2057,5,7.96,ssp370
bats1,2057,6,7.93,ssp370
bats1,2057,7,7.89,ssp370
bats1,2057,8,7.88,ssp370
bats1,2057,9,7.89,ssp370
bats1,2057,10,7.92,ssp370
bats1,2057,11,7.95,ssp370
bats1,2057,12,7.97,ssp370
bats1,2058,1,7.97,ssp370
bats1,2058,2,7.98,ssp370
bats1,2058,3,7.98,ssp370
bats1,2058,4,7.98,ssp370
bats1,2058,5,7.96,ssp370
bats1,2058,6,7.93,ssp370
bats1,2058,7,7.89,ssp370
bats1,2058,8,7.88,ssp370
bats1,2058,9,7.89,ssp370
bats1,2058,10,7.92,ssp370
bats1,2058,11,7.94,ssp370
bats1,2058,12,7.96,ssp370
bats1,2059,1,7.97,ssp370
bats1,2059,2,7.97,ssp370
bats1,2059,3,7.98,ssp370
bats1,2059,4,7.98,ssp370
bats1,2059,5,7.96,ssp370
bats1,2059,6,7.92,ssp370
bats1,2059,7,7.89,ssp370
bats1,2059,8,7.87,ssp370
bats1,2059,9,7.88,ssp370
bats1,2059,10,7.91,ssp370
bats1,2059,11,7.94,ssp370
bats1,2059,12,7.96,ssp370
bats1,2060,1,7.97,ssp370
bats1,2060,2,7.97,ssp370
bats1,2060,3,7.97,ssp370
bats1,2060,4,7.97,ssp370
bats1,2060,5,7.95,ssp370
bats1,2060,6,7.92,ssp370
bats1,2060,7,7.88,ssp370
bats1,2060,8,7.87,ssp370
bats1,2060,9,7.88,ssp370
bats1,2060,10,7.91,ssp370
bats1,2060,11,7.93,ssp370
bats1,2060,12,7.95,ssp370
bats1,2061,1,7.96,ssp370
bats1,2061,2,7.96,ssp370
bats1,2061,3,7.97,ssp370
bats1,2061,4,7.97,ssp370
bats1,2061,5,7.95,ssp370
bats1,2061,6,7.91,ssp370
bats1,2061,7,7.88,ssp370
bats1,2061,8,7.87,ssp370
bats1,2061,9,7.88,ssp370
bats1,2061,10,7.91,ssp370
bats1,2061,11,7.93,ssp370
bats1,2061,12,7.95,ssp370
bats1,2062,1,7.95,ssp370
bats1,2062,2,7.96,ssp370
bats1,2062,3,7.96,ssp370
bats1,2062,4,7.96,ssp370
bats1,2062,5,7.94,ssp370
bats1,2062,6,7.91,ssp370
bats1,2062,7,7.88,ssp370
bats1,2062,8,7.87,ssp370
bats1,2062,9,7.87,ssp370
bats1,2062,10,7.9,ssp370
bats1,2062,11,7.93,ssp370
bats1,2062,12,7.95,ssp370
bats1,2063,1,7.95,ssp370
bats1,2063,2,7.95,ssp370
bats1,2063,3,7.96,ssp370
bats1,2063,4,7.96,ssp370
bats1,2063,5,7.95,ssp370
bats1,2063,6,7.9,ssp370
bats1,2063,7,7.87,ssp370
bats1,2063,8,7.86,ssp370
bats1,2063,9,7.87,ssp370
bats1,2063,10,7.9,ssp370
bats1,2063,11,7.93,ssp370
bats1,2063,12,7.94,ssp370
bats1,2064,1,7.95,ssp370
bats1,2064,2,7.95,ssp370
bats1,2064,3,7.95,ssp370
bats1,2064,4,7.95,ssp370
bats1,2064,5,7.93,ssp370
bats1,2064,6,7.9,ssp370
bats1,2064,7,7.87,ssp370
bats1,2064,8,7.86,ssp370
bats1,2064,9,7.87,ssp370
bats1,2064,10,7.89,ssp370
bats1,2064,11,7.92,ssp370
bats1,2064,12,7.94,ssp370
bats1,2065,1,7.95,ssp370
bats1,2065,2,7.95,ssp370
bats1,2065,3,7.95,ssp370
bats1,2065,4,7.95,ssp370
bats1,2065,5,7.93,ssp370
bats1,2065,6,7.89,ssp370
bats1,2065,7,7.86,ssp370
bats1,2065,8,7.86,ssp370
bats1,2065,9,7.86,ssp370
bats1,2065,10,7.89,ssp370
bats1,2065,11,7.92,ssp370
bats1,2065,12,7.93,ssp370
bats1,2066,1,7.94,ssp370
bats1,2066,2,7.95,ssp370
bats1,2066,3,7.95,ssp370
bats1,2066,4,7.95,ssp370
bats1,2066,5,7.93,ssp370
bats1,2066,6,7.89,ssp370
bats1,2066,7,7.86,ssp370
bats1,2066,8,7.85,ssp370
bats1,2066,9,7.86,ssp370
bats1,2066,10,7.89,ssp370
bats1,2066,11,7.92,ssp370
bats1,2066,12,7.93,ssp370
bats1,2067,1,7.94,ssp370
bats1,2067,2,7.94,ssp370
bats1,2067,3,7.94,ssp370
bats1,2067,4,7.94,ssp370
bats1,2067,5,7.93,ssp370
bats1,2067,6,7.89,ssp370
bats1,2067,7,7.86,ssp370
bats1,2067,8,7.85,ssp370
bats1,2067,9,7.86,ssp370
bats1,2067,10,7.89,ssp370
bats1,2067,11,7.91,ssp370
bats1,2067,12,7.93,ssp370
bats1,2068,1,7.94,ssp370
bats1,2068,2,7.94,ssp370
bats1,2068,3,7.95,ssp370
bats1,2068,4,7.94,ssp370
bats1,2068,5,7.92,ssp370
bats1,2068,6,7.88,ssp370
bats1,2068,7,7.85,ssp370
bats1,2068,8,7.84,ssp370
bats1,2068,9,7.86,ssp370
bats1,2068,10,7.88,ssp370
bats1,2068,11,7.91,ssp370
bats1,2068,12,7.93,ssp370
bats1,2069,1,7.94,ssp370
bats1,2069,2,7.94,ssp370
bats1,2069,3,7.94,ssp370
bats1,2069,4,7.94,ssp370
bats1,2069,5,7.92,ssp370
bats1,2069,6,7.88,ssp370
bats1,2069,7,7.85,ssp370
bats1,2069,8,7.84,ssp370
bats1,2069,9,7.85,ssp370
bats1,2069,10,7.88,ssp370
bats1,2069,11,7.9,ssp370
bats1,2069,12,7.92,ssp370
bats1,2070,1,7.93,ssp370
bats1,2070,2,7.93,ssp370
bats1,2070,3,7.94,ssp370
bats1,2070,4,7.94,ssp370
bats1,2070,5,7.91,ssp370
bats1,2070,6,7.87,ssp370
bats1,2070,7,7.84,ssp370
bats1,2070,8,7.84,ssp370
bats1,2070,9,7.85,ssp370
bats1,2070,10,7.88,ssp370
bats1,2070,11,7.91,ssp370
bats1,2070,12,7.92,ssp370
bats1,2071,1,7.93,ssp370
bats1,2071,2,7.93,ssp370
bats1,2071,3,7.93,ssp370
bats1,2071,4,7.93,ssp370
bats1,2071,5,7.91,ssp370
bats1,2071,6,7.88,ssp370
bats1,2071,7,7.85,ssp370
bats1,2071,8,7.83,ssp370
bats1,2071,9,7.84,ssp370
bats1,2071,10,7.86,ssp370
bats1,2071,11,7.9,ssp370
bats1,2071,12,7.92,ssp370
bats1,2072,1,7.93,ssp370
bats1,2072,2,7.93,ssp370
bats1,2072,3,7.93,ssp370
bats1,2072,4,7.93,ssp370
bats1,2072,5,7.91,ssp370
bats1,2072,6,7.87,ssp370
bats1,2072,7,7.84,ssp370
bats1,2072,8,7.83,ssp370
bats1,2072,9,7.84,ssp370
bats1,2072,10,7.87,ssp370
bats1,2072,11,7.9,ssp370
bats1,2072,12,7.91,ssp370
bats1,2073,1,7.92,ssp370
bats1,2073,2,7.92,ssp370
bats1,2073,3,7.93,ssp370
bats1,2073,4,7.92,ssp370
bats1,2073,5,7.9,ssp370
bats1,2073,6,7.86,ssp370
bats1,2073,7,7.84,ssp370
bats1,2073,8,7.83,ssp370
bats1,2073,9,7.84,ssp370
bats1,2073,10,7.86,ssp370
bats1,2073,11,7.89,ssp370
bats1,2073,12,7.91,ssp370
bats1,2074,1,7.92,ssp370
bats1,2074,2,7.92,ssp370
bats1,2074,3,7.92,ssp370
bats1,2074,4,7.92,ssp370
bats1,2074,5,7.9,ssp370
bats1,2074,6,7.86,ssp370
bats1,2074,7,7.83,ssp370
bats1,2074,8,7.82,ssp370
bats1,2074,9,7.83,ssp370
bats1,2074,10,7.86,ssp370
bats1,2074,11,7.88,ssp370
bats1,2074,12,7.9,ssp370
bats1,2075,1,7.91,ssp370
bats1,2075,2,7.91,ssp370
bats1,2075,3,7.91,ssp370
bats1,2075,4,7.91,ssp370
bats1,2075,5,7.89,ssp370
bats1,2075,6,7.86,ssp370
bats1,2075,7,7.83,ssp370
bats1,2075,8,7.82,ssp370
bats1,2075,9,7.83,ssp370
bats1,2075,10,7.86,ssp370
bats1,2075,11,7.89,ssp370
bats1,2075,12,7.9,ssp370
bats1,2076,1,7.91,ssp370
bats1,2076,2,7.91,ssp370
bats1,2076,3,7.92,ssp370
bats1,2076,4,7.91,ssp370
bats1,2076,5,7.9,ssp370
bats1,2076,6,7.86,ssp370
bats1,2076,7,7.83,ssp370
bats1,2076,8,7.82,ssp370
bats1,2076,9,7.83,ssp370
bats1,2076,10,7.86,ssp370
bats1,2076,11,7.88,ssp370
bats1,2076,12,7.9,ssp370
bats1,2077,1,7.91,ssp370
bats1,2077,2,7.91,ssp370
bats1,2077,3,7.91,ssp370
bats1,2077,4,7.91,ssp370
bats1,2077,5,7.89,ssp370
bats1,2077,6,7.85,ssp370
bats1,2077,7,7.82,ssp370
bats1,2077,8,7.81,ssp370
bats1,2077,9,7.82,ssp370
bats1,2077,10,7.85,ssp370
bats1,2077,11,7.87,ssp370
bats1,2077,12,7.89,ssp370
bats1,2078,1,7.9,ssp370
bats1,2078,2,7.9,ssp370
bats1,2078,3,7.9,ssp370
bats1,2078,4,7.9,ssp370
bats1,2078,5,7.88,ssp370
bats1,2078,6,7.85,ssp370
bats1,2078,7,7.83,ssp370
bats1,2078,8,7.81,ssp370
bats1,2078,9,7.82,ssp370
bats1,2078,10,7.84,ssp370
bats1,2078,11,7.87,ssp370
bats1,2078,12,7.89,ssp370
bats1,2079,1,7.9,ssp370
bats1,2079,2,7.9,ssp370
bats1,2079,3,7.9,ssp370
bats1,2079,4,7.9,ssp370
bats1,2079,5,7.88,ssp370
bats1,2079,6,7.85,ssp370
bats1,2079,7,7.82,ssp370
bats1,2079,8,7.81,ssp370
bats1,2079,9,7.81,ssp370
bats1,2079,10,7.84,ssp370
bats1,2079,11,7.87,ssp370
bats1,2079,12,7.89,ssp370
bats1,2080,1,7.9,ssp370
bats1,2080,2,7.9,ssp370
bats1,2080,3,7.9,ssp370
bats1,2080,4,7.9,ssp370
bats1,2080,5,7.88,ssp370
bats1,2080,6,7.85,ssp370
bats1,2080,7,7.81,ssp370
bats1,2080,8,7.8,ssp370
bats1,2080,9,7.82,ssp370
bats1,2080,10,7.84,ssp370
bats1,2080,11,7.86,ssp370
bats1,2080,12,7.88,ssp370
bats1,2081,1,7.89,ssp370
bats1,2081,2,7.9,ssp370
bats1,2081,3,7.9,ssp370
bats1,2081,4,7.9,ssp370
bats1,2081,5,7.88,ssp370
bats1,2081,6,7.84,ssp370
bats1,2081,7,7.81,ssp370
bats1,2081,8,7.8,ssp370
bats1,2081,9,7.81,ssp370
bats1,2081,10,7.83,ssp370
bats1,2081,11,7.86,ssp370
bats1,2081,12,7.87,ssp370
bats1,2082,1,7.88,ssp370
bats1,2082,2,7.89,ssp370
bats1,2082,3,7.89,ssp370
bats1,2082,4,7.89,ssp370
bats1,2082,5,7.87,ssp370
bats1,2082,6,7.83,ssp370
bats1,2082,7,7.81,ssp370
bats1,2082,8,7.79,ssp370
bats1,2082,9,7.81,ssp370
bats1,2082,10,7.84,ssp370
bats1,2082,11,7.86,ssp370
bats1,2082,12,7.88,ssp370
bats1,2083,1,7.88,ssp370
bats1,2083,2,7.88,ssp370
bats1,2083,3,7.89,ssp370
bats1,2083,4,7.9,ssp370
bats1,2083,5,7.88,ssp370
bats1,2083,6,7.83,ssp370
bats1,2083,7,7.8,ssp370
bats1,2083,8,7.79,ssp370
bats1,2083,9,7.81,ssp370
bats1,2083,10,7.84,ssp370
bats1,2083,11,7.85,ssp370
bats1,2083,12,7.87,ssp370
bats1,2084,1,7.88,ssp370
bats1,2084,2,7.88,ssp370
bats1,2084,3,7.88,ssp370
bats1,2084,4,7.89,ssp370
bats1,2084,5,7.86,ssp370
bats1,2084,6,7.83,ssp370
bats1,2084,7,7.8,ssp370
bats1,2084,8,7.79,ssp370
bats1,2084,9,7.8,ssp370
bats1,2084,10,7.83,ssp370
bats1,2084,11,7.85,ssp370
bats1,2084,12,7.87,ssp370
bats1,2085,1,7.88,ssp370
bats1,2085,2,7.88,ssp370
bats1,2085,3,7.88,ssp370
bats1,2085,4,7.87,ssp370
bats1,2085,5,7.86,ssp370
bats1,2085,6,7.82,ssp370
bats1,2085,7,7.79,ssp370
bats1,2085,8,7.79,ssp370
bats1,2085,9,7.8,ssp370
bats1,2085,10,7.82,ssp370
bats1,2085,11,7.85,ssp370
bats1,2085,12,7.86,ssp370
bats1,2086,1,7.87,ssp370
bats1,2086,2,7.87,ssp370
bats1,2086,3,7.87,ssp370
bats1,2086,4,7.87,ssp370
bats1,2086,5,7.85,ssp370
bats1,2086,6,7.82,ssp370
bats1,2086,7,7.79,ssp370
bats1,2086,8,7.78,ssp370
bats1,2086,9,7.79,ssp370
bats1,2086,10,7.82,ssp370
bats1,2086,11,7.84,ssp370
bats1,2086,12,7.86,ssp370
bats1,2087,1,7.86,ssp370
bats1,2087,2,7.87,ssp370
bats1,2087,3,7.87,ssp370
bats1,2087,4,7.86,ssp370
bats1,2087,5,7.84,ssp370
bats1,2087,6,7.81,ssp370
bats1,2087,7,7.78,ssp370
bats1,2087,8,7.78,ssp370
bats1,2087,9,7.79,ssp370
bats1,2087,10,7.81,ssp370
bats1,2087,11,7.84,ssp370
bats1,2087,12,7.86,ssp370
bats1,2088,1,7.87,ssp370
bats1,2088,2,7.87,ssp370
bats1,2088,3,7.86,ssp370
bats1,2088,4,7.86,ssp370
bats1,2088,5,7.85,ssp370
bats1,2088,6,7.81,ssp370
bats1,2088,7,7.79,ssp370
bats1,2088,8,7.77,ssp370
bats1,2088,9,7.79,ssp370
bats1,2088,10,7.81,ssp370
bats1,2088,11,7.84,ssp370
bats1,2088,12,7.85,ssp370
bats1,2089,1,7.86,ssp370
bats1,2089,2,7.86,ssp370
bats1,2089,3,7.87,ssp370
bats1,2089,4,7.86,ssp370
bats1,2089,5,7.84,ssp370
bats1,2089,6,7.8,ssp370
bats1,2089,7,7.78,ssp370
bats1,2089,8,7.77,ssp370
bats1,2089,9,7.78,ssp370
bats1,2089,10,7.81,ssp370
bats1,2089,11,7.83,ssp370
bats1,2089,12,7.85,ssp370
bats1,2090,1,7.86,ssp370
bats1,2090,2,7.86,ssp370
bats1,2090,3,7.86,ssp370
bats1,2090,4,7.87,ssp370
bats1,2090,5,7.84,ssp370
bats1,2090,6,7.81,ssp370
bats1,2090,7,7.77,ssp370
bats1,2090,8,7.77,ssp370
bats1,2090,9,7.78,ssp370
bats1,2090,10,7.81,ssp370
bats1,2090,11,7.83,ssp370
bats1,2090,12,7.85,ssp370
bats1,2091,1,7.86,ssp370
bats1,2091,2,7.85,ssp370
bats1,2091,3,7.86,ssp370
bats1,2091,4,7.86,ssp370
bats1,2091,5,7.84,ssp370
bats1,2091,6,7.81,ssp370
bats1,2091,7,7.77,ssp370
bats1,2091,8,7.76,ssp370
bats1,2091,9,7.77,ssp370
bats1,2091,10,7.8,ssp370
bats1,2091,11,7.82,ssp370
bats1,2091,12,7.84,ssp370
bats1,2092,1,7.85,ssp370
bats1,2092,2,7.85,ssp370
bats1,2092,3,7.85,ssp370
bats1,2092,4,7.85,ssp370
bats1,2092,5,7.83,ssp370
bats1,2092,6,7.8,ssp370
bats1,2092,7,7.77,ssp370
bats1,2092,8,7.76,ssp370
bats1,2092,9,7.78,ssp370
bats1,2092,10,7.8,ssp370
bats1,2092,11,7.83,ssp370
bats1,2092,12,7.84,ssp370
bats1,2093,1,7.84,ssp370
bats1,2093,2,7.85,ssp370
bats1,2093,3,7.84,ssp370
bats1,2093,4,7.85,ssp370
bats1,2093,5,7.83,ssp370
bats1,2093,6,7.79,ssp370
bats1,2093,7,7.77,ssp370
bats1,2093,8,7.76,ssp370
bats1,2093,9,7.77,ssp370
bats1,2093,10,7.8,ssp370
bats1,2093,11,7.82,ssp370
bats1,2093,12,7.84,ssp370
bats1,2094,1,7.84,ssp370
bats1,2094,2,7.84,ssp370
bats1,2094,3,7.84,ssp370
bats1,2094,4,7.84,ssp370
bats1,2094,5,7.82,ssp370
bats1,2094,6,7.78,ssp370
bats1,2094,7,7.76,ssp370
bats1,2094,8,7.76,ssp370
bats1,2094,9,7.76,ssp370
bats1,2094,10,7.79,ssp370
bats1,2094,11,7.81,ssp370
bats1,2094,12,7.83,ssp370
bats1,2095,1,7.84,ssp370
bats1,2095,2,7.84,ssp370
bats1,2095,3,7.85,ssp370
bats1,2095,4,7.84,ssp370
bats1,2095,5,7.82,ssp370
bats1,2095,6,7.78,ssp370
bats1,2095,7,7.76,ssp370
bats1,2095,8,7.75,ssp370
bats1,2095,9,7.76,ssp370
bats1,2095,10,7.79,ssp370
bats1,2095,11,7.81,ssp370
bats1,2095,12,7.83,ssp370
bats1,2096,1,7.83,ssp370
bats1,2096,2,7.83,ssp370
bats1,2096,3,7.84,ssp370
bats1,2096,4,7.83,ssp370
bats1,2096,5,7.81,ssp370
bats1,2096,6,7.78,ssp370
bats1,2096,7,7.76,ssp370
bats1,2096,8,7.75,ssp370
bats1,2096,9,7.76,ssp370
bats1,2096,10,7.79,ssp370
bats1,2096,11,7.81,ssp370
bats1,2096,12,7.83,ssp370
bats1,2097,1,7.83,ssp370
bats1,2097,2,7.83,ssp370
bats1,2097,3,7.84,ssp370
bats1,2097,4,7.83,ssp370
bats1,2097,5,7.81,ssp370
bats1,2097,6,7.77,ssp370
bats1,2097,7,7.76,ssp370
bats1,2097,8,7.74,ssp370
bats1,2097,9,7.76,ssp370
bats1,2097,10,7.78,ssp370
bats1,2097,11,7.81,ssp370
bats1,2097,12,7.82,ssp370
bats1,2098,1,7.83,ssp370
bats1,2098,2,7.83,ssp370
bats1,2098,3,7.83,ssp370
bats1,2098,4,7.84,ssp370
bats1,2098,5,7.82,ssp370
bats1,2098,6,7.78,ssp370
bats1,2098,7,7.75,ssp370
bats1,2098,8,7.74,ssp370
bats1,2098,9,7.75,ssp370
bats1,2098,10,7.78,ssp370
bats1,2098,11,7.8,ssp370
bats1,2098,12,7.82,ssp370
bats1,2099,1,7.82,ssp370
bats1,2099,2,7.82,ssp370
bats1,2099,3,7.82,ssp370
bats1,2099,4,7.82,ssp370
bats1,2099,5,7.8,ssp370
bats1,2099,6,7.77,ssp370
bats1,2099,7,7.74,ssp370
bats1,2099,8,7.74,ssp370
bats1,2099,9,7.75,ssp370
bats1,2099,10,7.77,ssp370
bats1,2099,11,7.79,ssp370
bats1,2099,12,7.81,ssp370
bats1,2100,1,7.82,ssp370
bats1,2100,2,7.82,ssp370
bats1,2100,3,7.82,ssp370
bats1,2100,4,7.82,ssp370
bats1,2100,5,7.8,ssp370
bats1,2100,6,7.76,ssp370
bats1,2100,7,7.73,ssp370
bats1,2100,8,7.74,ssp370
bats1,2100,9,7.74,ssp370
bats1,2100,10,7.77,ssp370
bats1,2100,11,7.79,ssp370
bats1,2100,12,7.81,ssp370
bats1,2015,1,8.1,ssp585
bats1,2015,2,8.1,ssp585
bats1,2015,3,8.1,ssp585
bats1,2015,4,8.11,ssp585
bats1,2015,5,8.1,ssp585
bats1,2015,6,8.07,ssp585
bats1,2015,7,8.03,ssp585
bats1,2015,8,8,ssp585
bats1,2015,9,8.02,ssp585
bats1,2015,10,8.04,ssp585
bats1,2015,11,8.07,ssp585
bats1,2015,12,8.09,ssp585
bats1,2016,1,8.1,ssp585
bats1,2016,2,8.1,ssp585
bats1,2016,3,8.1,ssp585
bats1,2016,4,8.1,ssp585
bats1,2016,5,8.09,ssp585
bats1,2016,6,8.06,ssp585
bats1,2016,7,8.03,ssp585
bats1,2016,8,8.01,ssp585
bats1,2016,9,8.02,ssp585
bats1,2016,10,8.04,ssp585
bats1,2016,11,8.07,ssp585
bats1,2016,12,8.09,ssp585
bats1,2017,1,8.1,ssp585
bats1,2017,2,8.1,ssp585
bats1,2017,3,8.11,ssp585
bats1,2017,4,8.11,ssp585
bats1,2017,5,8.09,ssp585
bats1,2017,6,8.06,ssp585
bats1,2017,7,8.02,ssp585
bats1,2017,8,8.01,ssp585
bats1,2017,9,8.02,ssp585
bats1,2017,10,8.04,ssp585
bats1,2017,11,8.07,ssp585
bats1,2017,12,8.09,ssp585
bats1,2018,1,8.1,ssp585
bats1,2018,2,8.1,ssp585
bats1,2018,3,8.1,ssp585
bats1,2018,4,8.11,ssp585
bats1,2018,5,8.09,ssp585
bats1,2018,6,8.06,ssp585
bats1,2018,7,8.02,ssp585
bats1,2018,8,8.01,ssp585
bats1,2018,9,8.01,ssp585
bats1,2018,10,8.04,ssp585
bats1,2018,11,8.06,ssp585
bats1,2018,12,8.08,ssp585
bats1,2019,1,8.1,ssp585
bats1,2019,2,8.1,ssp585
bats1,2019,3,8.1,ssp585
bats1,2019,4,8.1,ssp585
bats1,2019,5,8.09,ssp585
bats1,2019,6,8.05,ssp585
bats1,2019,7,8.02,ssp585
bats1,2019,8,8,ssp585
bats1,2019,9,8.01,ssp585
bats1,2019,10,8.04,ssp585
bats1,2019,11,8.06,ssp585
bats1,2019,12,8.09,ssp585
bats1,2020,1,8.09,ssp585
bats1,2020,2,8.09,ssp585
bats1,2020,3,8.1,ssp585
bats1,2020,4,8.1,ssp585
bats1,2020,5,8.09,ssp585
bats1,2020,6,8.06,ssp585
bats1,2020,7,8.03,ssp585
bats1,2020,8,8,ssp585
bats1,2020,9,8,ssp585
bats1,2020,10,8.03,ssp585
bats1,2020,11,8.07,ssp585
bats1,2020,12,8.09,ssp585
bats1,2021,1,8.09,ssp585
bats1,2021,2,8.09,ssp585
bats1,2021,3,8.09,ssp585
bats1,2021,4,8.1,ssp585
bats1,2021,5,8.08,ssp585
bats1,2021,6,8.05,ssp585
bats1,2021,7,8.02,ssp585
bats1,2021,8,8,ssp585
bats1,2021,9,8.01,ssp585
bats1,2021,10,8.03,ssp585
bats1,2021,11,8.06,ssp585
bats1,2021,12,8.08,ssp585
bats1,2022,1,8.09,ssp585
bats1,2022,2,8.09,ssp585
bats1,2022,3,8.09,ssp585
bats1,2022,4,8.09,ssp585
bats1,2022,5,8.08,ssp585
bats1,2022,6,8.05,ssp585
bats1,2022,7,8.01,ssp585
bats1,2022,8,7.99,ssp585
bats1,2022,9,8,ssp585
bats1,2022,10,8.03,ssp585
bats1,2022,11,8.06,ssp585
bats1,2022,12,8.08,ssp585
bats1,2023,1,8.09,ssp585
bats1,2023,2,8.09,ssp585
bats1,2023,3,8.09,ssp585
bats1,2023,4,8.09,ssp585
bats1,2023,5,8.08,ssp585
bats1,2023,6,8.04,ssp585
bats1,2023,7,8.01,ssp585
bats1,2023,8,8,ssp585
bats1,2023,9,8,ssp585
bats1,2023,10,8.03,ssp585
bats1,2023,11,8.06,ssp585
bats1,2023,12,8.08,ssp585
bats1,2024,1,8.08,ssp585
bats1,2024,2,8.08,ssp585
bats1,2024,3,8.09,ssp585
bats1,2024,4,8.09,ssp585
bats1,2024,5,8.07,ssp585
bats1,2024,6,8.04,ssp585
bats1,2024,7,8.01,ssp585
bats1,2024,8,7.99,ssp585
bats1,2024,9,8,ssp585
bats1,2024,10,8.02,ssp585
bats1,2024,11,8.06,ssp585
bats1,2024,12,8.07,ssp585
bats1,2025,1,8.08,ssp585
bats1,2025,2,8.08,ssp585
bats1,2025,3,8.08,ssp585
bats1,2025,4,8.09,ssp585
bats1,2025,5,8.07,ssp585
bats1,2025,6,8.03,ssp585
bats1,2025,7,8,ssp585
bats1,2025,8,7.99,ssp585
bats1,2025,9,8,ssp585
bats1,2025,10,8.03,ssp585
bats1,2025,11,8.05,ssp585
bats1,2025,12,8.07,ssp585
bats1,2026,1,8.08,ssp585
bats1,2026,2,8.08,ssp585
bats1,2026,3,8.08,ssp585
bats1,2026,4,8.08,ssp585
bats1,2026,5,8.07,ssp585
bats1,2026,6,8.04,ssp585
bats1,2026,7,8,ssp585
bats1,2026,8,7.99,ssp585
bats1,2026,9,8,ssp585
bats1,2026,10,8.02,ssp585
bats1,2026,11,8.05,ssp585
bats1,2026,12,8.07,ssp585
bats1,2027,1,8.07,ssp585
bats1,2027,2,8.07,ssp585
bats1,2027,3,8.08,ssp585
bats1,2027,4,8.08,ssp585
bats1,2027,5,8.07,ssp585
bats1,2027,6,8.04,ssp585
bats1,2027,7,8,ssp585
bats1,2027,8,7.99,ssp585
bats1,2027,9,8,ssp585
bats1,2027,10,8.02,ssp585
bats1,2027,11,8.05,ssp585
bats1,2027,12,8.07,ssp585
bats1,2028,1,8.07,ssp585
bats1,2028,2,8.07,ssp585
bats1,2028,3,8.07,ssp585
bats1,2028,4,8.08,ssp585
bats1,2028,5,8.06,ssp585
bats1,2028,6,8.03,ssp585
bats1,2028,7,7.99,ssp585
bats1,2028,8,7.98,ssp585
bats1,2028,9,7.98,ssp585
bats1,2028,10,8,ssp585
bats1,2028,11,8.04,ssp585
bats1,2028,12,8.06,ssp585
bats1,2029,1,8.07,ssp585
bats1,2029,2,8.07,ssp585
bats1,2029,3,8.07,ssp585
bats1,2029,4,8.08,ssp585
bats1,2029,5,8.06,ssp585
bats1,2029,6,8.03,ssp585
bats1,2029,7,8,ssp585
bats1,2029,8,7.98,ssp585
bats1,2029,9,7.98,ssp585
bats1,2029,10,8.01,ssp585
bats1,2029,11,8.04,ssp585
bats1,2029,12,8.06,ssp585
bats1,2030,1,8.06,ssp585
bats1,2030,2,8.07,ssp585
bats1,2030,3,8.07,ssp585
bats1,2030,4,8.07,ssp585
bats1,2030,5,8.06,ssp585
bats1,2030,6,8.02,ssp585
bats1,2030,7,7.99,ssp585
bats1,2030,8,7.97,ssp585
bats1,2030,9,7.98,ssp585
bats1,2030,10,8.01,ssp585
bats1,2030,11,8.04,ssp585
bats1,2030,12,8.06,ssp585
bats1,2031,1,8.06,ssp585
bats1,2031,2,8.07,ssp585
bats1,2031,3,8.07,ssp585
bats1,2031,4,8.07,ssp585
bats1,2031,5,8.06,ssp585
bats1,2031,6,8.03,ssp585
bats1,2031,7,7.99,ssp585
bats1,2031,8,7.97,ssp585
bats1,2031,9,7.98,ssp585
bats1,2031,10,8.01,ssp585
bats1,2031,11,8.03,ssp585
bats1,2031,12,8.05,ssp585
bats1,2032,1,8.06,ssp585
bats1,2032,2,8.06,ssp585
bats1,2032,3,8.06,ssp585
bats1,2032,4,8.06,ssp585
bats1,2032,5,8.05,ssp585
bats1,2032,6,8.01,ssp585
bats1,2032,7,7.97,ssp585
bats1,2032,8,7.96,ssp585
bats1,2032,9,7.98,ssp585
bats1,2032,10,8,ssp585
bats1,2032,11,8.03,ssp585
bats1,2032,12,8.05,ssp585
bats1,2033,1,8.05,ssp585
bats1,2033,2,8.05,ssp585
bats1,2033,3,8.06,ssp585
bats1,2033,4,8.06,ssp585
bats1,2033,5,8.04,ssp585
bats1,2033,6,8.02,ssp585
bats1,2033,7,7.98,ssp585
bats1,2033,8,7.96,ssp585
bats1,2033,9,7.97,ssp585
bats1,2033,10,7.99,ssp585
bats1,2033,11,8.02,ssp585
bats1,2033,12,8.04,ssp585
bats1,2034,1,8.05,ssp585
bats1,2034,2,8.05,ssp585
bats1,2034,3,8.06,ssp585
bats1,2034,4,8.06,ssp585
bats1,2034,5,8.05,ssp585
bats1,2034,6,8.01,ssp585
bats1,2034,7,7.98,ssp585
bats1,2034,8,7.96,ssp585
bats1,2034,9,7.97,ssp585
bats1,2034,10,7.99,ssp585
bats1,2034,11,8.02,ssp585
bats1,2034,12,8.04,ssp585
bats1,2035,1,8.05,ssp585
bats1,2035,2,8.05,ssp585
bats1,2035,3,8.05,ssp585
bats1,2035,4,8.06,ssp585
bats1,2035,5,8.04,ssp585
bats1,2035,6,8,ssp585
bats1,2035,7,7.97,ssp585
bats1,2035,8,7.96,ssp585
bats1,2035,9,7.97,ssp585
bats1,2035,10,7.99,ssp585
bats1,2035,11,8.02,ssp585
bats1,2035,12,8.04,ssp585
bats1,2036,1,8.05,ssp585
bats1,2036,2,8.05,ssp585
bats1,2036,3,8.05,ssp585
bats1,2036,4,8.06,ssp585
bats1,2036,5,8.03,ssp585
bats1,2036,6,8,ssp585
bats1,2036,7,7.97,ssp585
bats1,2036,8,7.95,ssp585
bats1,2036,9,7.96,ssp585
bats1,2036,10,7.99,ssp585
bats1,2036,11,8.02,ssp585
bats1,2036,12,8.04,ssp585
bats1,2037,1,8.05,ssp585
bats1,2037,2,8.05,ssp585
bats1,2037,3,8.05,ssp585
bats1,2037,4,8.05,ssp585
bats1,2037,5,8.03,ssp585
bats1,2037,6,7.99,ssp585
bats1,2037,7,7.97,ssp585
bats1,2037,8,7.96,ssp585
bats1,2037,9,7.96,ssp585
bats1,2037,10,7.99,ssp585
bats1,2037,11,8.01,ssp585
bats1,2037,12,8.03,ssp585
bats1,2038,1,8.04,ssp585
bats1,2038,2,8.04,ssp585
bats1,2038,3,8.04,ssp585
bats1,2038,4,8.05,ssp585
bats1,2038,5,8.03,ssp585
bats1,2038,6,7.99,ssp585
bats1,2038,7,7.96,ssp585
bats1,2038,8,7.95,ssp585
bats1,2038,9,7.95,ssp585
bats1,2038,10,7.98,ssp585
bats1,2038,11,8,ssp585
bats1,2038,12,8.03,ssp585
bats1,2039,1,8.04,ssp585
bats1,2039,2,8.04,ssp585
bats1,2039,3,8.04,ssp585
bats1,2039,4,8.04,ssp585
bats1,2039,5,8.03,ssp585
bats1,2039,6,7.99,ssp585
bats1,2039,7,7.96,ssp585
bats1,2039,8,7.94,ssp585
bats1,2039,9,7.95,ssp585
bats1,2039,10,7.98,ssp585
bats1,2039,11,8,ssp585
bats1,2039,12,8.02,ssp585
bats1,2040,1,8.03,ssp585
bats1,2040,2,8.03,ssp585
bats1,2040,3,8.04,ssp585
bats1,2040,4,8.04,ssp585
bats1,2040,5,8.02,ssp585
bats1,2040,6,7.98,ssp585
bats1,2040,7,7.94,ssp585
bats1,2040,8,7.93,ssp585
bats1,2040,9,7.94,ssp585
bats1,2040,10,7.96,ssp585
bats1,2040,11,7.99,ssp585
bats1,2040,12,8.01,ssp585
bats1,2041,1,8.03,ssp585
bats1,2041,2,8.03,ssp585
bats1,2041,3,8.04,ssp585
bats1,2041,4,8.04,ssp585
bats1,2041,5,8.02,ssp585
bats1,2041,6,7.98,ssp585
bats1,2041,7,7.94,ssp585
bats1,2041,8,7.93,ssp585
bats1,2041,9,7.93,ssp585
bats1,2041,10,7.97,ssp585
bats1,2041,11,7.99,ssp585
bats1,2041,12,8.01,ssp585
bats1,2042,1,8.02,ssp585
bats1,2042,2,8.02,ssp585
bats1,2042,3,8.02,ssp585
bats1,2042,4,8.03,ssp585
bats1,2042,5,8.02,ssp585
bats1,2042,6,7.98,ssp585
bats1,2042,7,7.94,ssp585
bats1,2042,8,7.94,ssp585
bats1,2042,9,7.94,ssp585
bats1,2042,10,7.97,ssp585
bats1,2042,11,7.99,ssp585
bats1,2042,12,8.02,ssp585
bats1,2043,1,8.02,ssp585
bats1,2043,2,8.02,ssp585
bats1,2043,3,8.02,ssp585
bats1,2043,4,8.03,ssp585
bats1,2043,5,8.01,ssp585
bats1,2043,6,7.98,ssp585
bats1,2043,7,7.94,ssp585
bats1,2043,8,7.93,ssp585
bats1,2043,9,7.93,ssp585
bats1,2043,10,7.96,ssp585
bats1,2043,11,7.98,ssp585
bats1,2043,12,8,ssp585
bats1,2044,1,8.02,ssp585
bats1,2044,2,8.02,ssp585
bats1,2044,3,8.02,ssp585
bats1,2044,4,8.02,ssp585
bats1,2044,5,8,ssp585
bats1,2044,6,7.96,ssp585
bats1,2044,7,7.93,ssp585
bats1,2044,8,7.92,ssp585
bats1,2044,9,7.93,ssp585
bats1,2044,10,7.95,ssp585
bats1,2044,11,7.98,ssp585
bats1,2044,12,8,ssp585
bats1,2045,1,8.01,ssp585
bats1,2045,2,8.02,ssp585
bats1,2045,3,8.02,ssp585
bats1,2045,4,8.02,ssp585
bats1,2045,5,8,ssp585
bats1,2045,6,7.97,ssp585
bats1,2045,7,7.93,ssp585
bats1,2045,8,7.91,ssp585
bats1,2045,9,7.92,ssp585
bats1,2045,10,7.95,ssp585
bats1,2045,11,7.98,ssp585
bats1,2045,12,8,ssp585
bats1,2046,1,8.01,ssp585
bats1,2046,2,8.01,ssp585
bats1,2046,3,8.02,ssp585
bats1,2046,4,8.02,ssp585
bats1,2046,5,8,ssp585
bats1,2046,6,7.96,ssp585
bats1,2046,7,7.93,ssp585
bats1,2046,8,7.91,ssp585
bats1,2046,9,7.92,ssp585
bats1,2046,10,7.94,ssp585
bats1,2046,11,7.97,ssp585
bats1,2046,12,7.99,ssp585
bats1,2047,1,8,ssp585
bats1,2047,2,8.01,ssp585
bats1,2047,3,8.01,ssp585
bats1,2047,4,8.01,ssp585
bats1,2047,5,8,ssp585
bats1,2047,6,7.96,ssp585
bats1,2047,7,7.92,ssp585
bats1,2047,8,7.91,ssp585
bats1,2047,9,7.91,ssp585
bats1,2047,10,7.94,ssp585
bats1,2047,11,7.97,ssp585
bats1,2047,12,7.99,ssp585
bats1,2048,1,8,ssp585
bats1,2048,2,8,ssp585
bats1,2048,3,8,ssp585
bats1,2048,4,8,ssp585
bats1,2048,5,7.98,ssp585
bats1,2048,6,7.95,ssp585
bats1,2048,7,7.92,ssp585
bats1,2048,8,7.91,ssp585
bats1,2048,9,7.91,ssp585
bats1,2048,10,7.94,ssp585
bats1,2048,11,7.97,ssp585
bats1,2048,12,7.99,ssp585
bats1,2049,1,7.99,ssp585
bats1,2049,2,8,ssp585
bats1,2049,3,8,ssp585
bats1,2049,4,8,ssp585
bats1,2049,5,7.98,ssp585
bats1,2049,6,7.94,ssp585
bats1,2049,7,7.91,ssp585
bats1,2049,8,7.9,ssp585
bats1,2049,9,7.91,ssp585
bats1,2049,10,7.93,ssp585
bats1,2049,11,7.96,ssp585
bats1,2049,12,7.98,ssp585
bats1,2050,1,7.99,ssp585
bats1,2050,2,7.99,ssp585
bats1,2050,3,7.99,ssp585
bats1,2050,4,8,ssp585
bats1,2050,5,7.98,ssp585
bats1,2050,6,7.94,ssp585
bats1,2050,7,7.91,ssp585
bats1,2050,8,7.9,ssp585
bats1,2050,9,7.91,ssp585
bats1,2050,10,7.93,ssp585
bats1,2050,11,7.96,ssp585
bats1,2050,12,7.98,ssp585
bats1,2051,1,7.98,ssp585
bats1,2051,2,7.99,ssp585
bats1,2051,3,7.99,ssp585
bats1,2051,4,7.99,ssp585
bats1,2051,5,7.98,ssp585
bats1,2051,6,7.94,ssp585
bats1,2051,7,7.9,ssp585
bats1,2051,8,7.89,ssp585
bats1,2051,9,7.9,ssp585
bats1,2051,10,7.92,ssp585
bats1,2051,11,7.95,ssp585
bats1,2051,12,7.97,ssp585
bats1,2052,1,7.98,ssp585
bats1,2052,2,7.98,ssp585
bats1,2052,3,7.98,ssp585
bats1,2052,4,7.98,ssp585
bats1,2052,5,7.97,ssp585
bats1,2052,6,7.93,ssp585
bats1,2052,7,7.9,ssp585
bats1,2052,8,7.88,ssp585
bats1,2052,9,7.89,ssp585
bats1,2052,10,7.92,ssp585
bats1,2052,11,7.95,ssp585
bats1,2052,12,7.96,ssp585
bats1,2053,1,7.97,ssp585
bats1,2053,2,7.98,ssp585
bats1,2053,3,7.98,ssp585
bats1,2053,4,7.98,ssp585
bats1,2053,5,7.96,ssp585
bats1,2053,6,7.92,ssp585
bats1,2053,7,7.89,ssp585
bats1,2053,8,7.88,ssp585
bats1,2053,9,7.89,ssp585
bats1,2053,10,7.91,ssp585
bats1,2053,11,7.94,ssp585
bats1,2053,12,7.96,ssp585
bats1,2054,1,7.97,ssp585
bats1,2054,2,7.97,ssp585
bats1,2054,3,7.97,ssp585
bats1,2054,4,7.98,ssp585
bats1,2054,5,7.96,ssp585
bats1,2054,6,7.92,ssp585
bats1,2054,7,7.89,ssp585
bats1,2054,8,7.87,ssp585
bats1,2054,9,7.88,ssp585
bats1,2054,10,7.91,ssp585
bats1,2054,11,7.94,ssp585
bats1,2054,12,7.96,ssp585
bats1,2055,1,7.97,ssp585
bats1,2055,2,7.97,ssp585
bats1,2055,3,7.97,ssp585
bats1,2055,4,7.97,ssp585
bats1,2055,5,7.95,ssp585
bats1,2055,6,7.92,ssp585
bats1,2055,7,7.89,ssp585
bats1,2055,8,7.88,ssp585
bats1,2055,9,7.89,ssp585
bats1,2055,10,7.91,ssp585
bats1,2055,11,7.93,ssp585
bats1,2055,12,7.95,ssp585
bats1,2056,1,7.96,ssp585
bats1,2056,2,7.96,ssp585
bats1,2056,3,7.97,ssp585
bats1,2056,4,7.97,ssp585
bats1,2056,5,7.95,ssp585
bats1,2056,6,7.91,ssp585
bats1,2056,7,7.88,ssp585
bats1,2056,8,7.87,ssp585
bats1,2056,9,7.87,ssp585
bats1,2056,10,7.9,ssp585
bats1,2056,11,7.93,ssp585
bats1,2056,12,7.95,ssp585
bats1,2057,1,7.96,ssp585
bats1,2057,2,7.96,ssp585
bats1,2057,3,7.97,ssp585
bats1,2057,4,7.97,ssp585
bats1,2057,5,7.95,ssp585
bats1,2057,6,7.91,ssp585
bats1,2057,7,7.88,ssp585
bats1,2057,8,7.86,ssp585
bats1,2057,9,7.87,ssp585
bats1,2057,10,7.89,ssp585
bats1,2057,11,7.92,ssp585
bats1,2057,12,7.94,ssp585
bats1,2058,1,7.95,ssp585
bats1,2058,2,7.96,ssp585
bats1,2058,3,7.96,ssp585
bats1,2058,4,7.95,ssp585
bats1,2058,5,7.93,ssp585
bats1,2058,6,7.89,ssp585
bats1,2058,7,7.86,ssp585
bats1,2058,8,7.85,ssp585
bats1,2058,9,7.86,ssp585
bats1,2058,10,7.89,ssp585
bats1,2058,11,7.92,ssp585
bats1,2058,12,7.94,ssp585
bats1,2059,1,7.94,ssp585
bats1,2059,2,7.95,ssp585
bats1,2059,3,7.95,ssp585
bats1,2059,4,7.95,ssp585
bats1,2059,5,7.93,ssp585
bats1,2059,6,7.9,ssp585
bats1,2059,7,7.87,ssp585
bats1,2059,8,7.85,ssp585
bats1,2059,9,7.85,ssp585
bats1,2059,10,7.89,ssp585
bats1,2059,11,7.91,ssp585
bats1,2059,12,7.93,ssp585
bats1,2060,1,7.94,ssp585
bats1,2060,2,7.94,ssp585
bats1,2060,3,7.94,ssp585
bats1,2060,4,7.94,ssp585
bats1,2060,5,7.92,ssp585
bats1,2060,6,7.89,ssp585
bats1,2060,7,7.86,ssp585
bats1,2060,8,7.85,ssp585
bats1,2060,9,7.85,ssp585
bats1,2060,10,7.88,ssp585
bats1,2060,11,7.91,ssp585
bats1,2060,12,7.93,ssp585
bats1,2061,1,7.93,ssp585
bats1,2061,2,7.94,ssp585
bats1,2061,3,7.94,ssp585
bats1,2061,4,7.94,ssp585
bats1,2061,5,7.92,ssp585
bats1,2061,6,7.88,ssp585
bats1,2061,7,7.85,ssp585
bats1,2061,8,7.83,ssp585
bats1,2061,9,7.85,ssp585
bats1,2061,10,7.87,ssp585
bats1,2061,11,7.9,ssp585
bats1,2061,12,7.92,ssp585
bats1,2062,1,7.93,ssp585
bats1,2062,2,7.93,ssp585
bats1,2062,3,7.94,ssp585
bats1,2062,4,7.94,ssp585
bats1,2062,5,7.92,ssp585
bats1,2062,6,7.87,ssp585
bats1,2062,7,7.85,ssp585
bats1,2062,8,7.84,ssp585
bats1,2062,9,7.85,ssp585
bats1,2062,10,7.87,ssp585
bats1,2062,11,7.9,ssp585
bats1,2062,12,7.91,ssp585
bats1,2063,1,7.92,ssp585
bats1,2063,2,7.93,ssp585
bats1,2063,3,7.93,ssp585
bats1,2063,4,7.93,ssp585
bats1,2063,5,7.91,ssp585
bats1,2063,6,7.87,ssp585
bats1,2063,7,7.84,ssp585
bats1,2063,8,7.83,ssp585
bats1,2063,9,7.84,ssp585
bats1,2063,10,7.87,ssp585
bats1,2063,11,7.89,ssp585
bats1,2063,12,7.91,ssp585
bats1,2064,1,7.92,ssp585
bats1,2064,2,7.92,ssp585
bats1,2064,3,7.92,ssp585
bats1,2064,4,7.93,ssp585
bats1,2064,5,7.91,ssp585
bats1,2064,6,7.87,ssp585
bats1,2064,7,7.84,ssp585
bats1,2064,8,7.83,ssp585
bats1,2064,9,7.83,ssp585
bats1,2064,10,7.86,ssp585
bats1,2064,11,7.89,ssp585
bats1,2064,12,7.91,ssp585
bats1,2065,1,7.92,ssp585
bats1,2065,2,7.92,ssp585
bats1,2065,3,7.92,ssp585
bats1,2065,4,7.92,ssp585
bats1,2065,5,7.9,ssp585
bats1,2065,6,7.86,ssp585
bats1,2065,7,7.83,ssp585
bats1,2065,8,7.82,ssp585
bats1,2065,9,7.83,ssp585
bats1,2065,10,7.86,ssp585
bats1,2065,11,7.88,ssp585
bats1,2065,12,7.9,ssp585
bats1,2066,1,7.91,ssp585
bats1,2066,2,7.92,ssp585
bats1,2066,3,7.92,ssp585
bats1,2066,4,7.91,ssp585
bats1,2066,5,7.89,ssp585
bats1,2066,6,7.85,ssp585
bats1,2066,7,7.83,ssp585
bats1,2066,8,7.82,ssp585
bats1,2066,9,7.83,ssp585
bats1,2066,10,7.85,ssp585
bats1,2066,11,7.88,ssp585
bats1,2066,12,7.89,ssp585
bats1,2067,1,7.9,ssp585
bats1,2067,2,7.9,ssp585
bats1,2067,3,7.9,ssp585
bats1,2067,4,7.91,ssp585
bats1,2067,5,7.89,ssp585
bats1,2067,6,7.85,ssp585
bats1,2067,7,7.82,ssp585
bats1,2067,8,7.81,ssp585
bats1,2067,9,7.82,ssp585
bats1,2067,10,7.84,ssp585
bats1,2067,11,7.87,ssp585
bats1,2067,12,7.89,ssp585
bats1,2068,1,7.9,ssp585
bats1,2068,2,7.9,ssp585
bats1,2068,3,7.9,ssp585
bats1,2068,4,7.9,ssp585
bats1,2068,5,7.87,ssp585
bats1,2068,6,7.84,ssp585
bats1,2068,7,7.81,ssp585
bats1,2068,8,7.8,ssp585
bats1,2068,9,7.81,ssp585
bats1,2068,10,7.84,ssp585
bats1,2068,11,7.86,ssp585
bats1,2068,12,7.88,ssp585
bats1,2069,1,7.89,ssp585
bats1,2069,2,7.89,ssp585
bats1,2069,3,7.9,ssp585
bats1,2069,4,7.9,ssp585
bats1,2069,5,7.87,ssp585
bats1,2069,6,7.83,ssp585
bats1,2069,7,7.81,ssp585
bats1,2069,8,7.8,ssp585
bats1,2069,9,7.81,ssp585
bats1,2069,10,7.83,ssp585
bats1,2069,11,7.86,ssp585
bats1,2069,12,7.88,ssp585
bats1,2070,1,7.89,ssp585
bats1,2070,2,7.89,ssp585
bats1,2070,3,7.89,ssp585
bats1,2070,4,7.88,ssp585
bats1,2070,5,7.87,ssp585
bats1,2070,6,7.83,ssp585
bats1,2070,7,7.8,ssp585
bats1,2070,8,7.79,ssp585
bats1,2070,9,7.8,ssp585
bats1,2070,10,7.83,ssp585
bats1,2070,11,7.85,ssp585
bats1,2070,12,7.87,ssp585
bats1,2071,1,7.88,ssp585
bats1,2071,2,7.89,ssp585
bats1,2071,3,7.89,ssp585
bats1,2071,4,7.89,ssp585
bats1,2071,5,7.87,ssp585
bats1,2071,6,7.83,ssp585
bats1,2071,7,7.8,ssp585
bats1,2071,8,7.79,ssp585
bats1,2071,9,7.8,ssp585
bats1,2071,10,7.82,ssp585
bats1,2071,11,7.85,ssp585
bats1,2071,12,7.87,ssp585
bats1,2072,1,7.87,ssp585
bats1,2072,2,7.88,ssp585
bats1,2072,3,7.88,ssp585
bats1,2072,4,7.88,ssp585
bats1,2072,5,7.85,ssp585
bats1,2072,6,7.81,ssp585
bats1,2072,7,7.79,ssp585
bats1,2072,8,7.79,ssp585
bats1,2072,9,7.79,ssp585
bats1,2072,10,7.82,ssp585
bats1,2072,11,7.84,ssp585
bats1,2072,12,7.86,ssp585
bats1,2073,1,7.87,ssp585
bats1,2073,2,7.87,ssp585
bats1,2073,3,7.87,ssp585
bats1,2073,4,7.88,ssp585
bats1,2073,5,7.86,ssp585
bats1,2073,6,7.82,ssp585
bats1,2073,7,7.79,ssp585
bats1,2073,8,7.78,ssp585
bats1,2073,9,7.8,ssp585
bats1,2073,10,7.82,ssp585
bats1,2073,11,7.84,ssp585
bats1,2073,12,7.85,ssp585
bats1,2074,1,7.86,ssp585
bats1,2074,2,7.87,ssp585
bats1,2074,3,7.87,ssp585
bats1,2074,4,7.87,ssp585
bats1,2074,5,7.84,ssp585
bats1,2074,6,7.81,ssp585
bats1,2074,7,7.78,ssp585
bats1,2074,8,7.77,ssp585
bats1,2074,9,7.78,ssp585
bats1,2074,10,7.81,ssp585
bats1,2074,11,7.83,ssp585
bats1,2074,12,7.85,ssp585
bats1,2075,1,7.85,ssp585
bats1,2075,2,7.86,ssp585
bats1,2075,3,7.86,ssp585
bats1,2075,4,7.86,ssp585
bats1,2075,5,7.84,ssp585
bats1,2075,6,7.8,ssp585
bats1,2075,7,7.78,ssp585
bats1,2075,8,7.76,ssp585
bats1,2075,9,7.77,ssp585
bats1,2075,10,7.8,ssp585
bats1,2075,11,7.83,ssp585
bats1,2075,12,7.84,ssp585
bats1,2076,1,7.85,ssp585
bats1,2076,2,7.85,ssp585
bats1,2076,3,7.86,ssp585
bats1,2076,4,7.86,ssp585
bats1,2076,5,7.84,ssp585
bats1,2076,6,7.79,ssp585
bats1,2076,7,7.77,ssp585
bats1,2076,8,7.76,ssp585
bats1,2076,9,7.77,ssp585
bats1,2076,10,7.8,ssp585
bats1,2076,11,7.82,ssp585
bats1,2076,12,7.83,ssp585
bats1,2077,1,7.84,ssp585
bats1,2077,2,7.84,ssp585
bats1,2077,3,7.85,ssp585
bats1,2077,4,7.85,ssp585
bats1,2077,5,7.83,ssp585
bats1,2077,6,7.79,ssp585
bats1,2077,7,7.76,ssp585
bats1,2077,8,7.75,ssp585
bats1,2077,9,7.76,ssp585
bats1,2077,10,7.79,ssp585
bats1,2077,11,7.82,ssp585
bats1,2077,12,7.83,ssp585
bats1,2078,1,7.84,ssp585
bats1,2078,2,7.84,ssp585
bats1,2078,3,7.85,ssp585
bats1,2078,4,7.84,ssp585
bats1,2078,5,7.82,ssp585
bats1,2078,6,7.79,ssp585
bats1,2078,7,7.75,ssp585
bats1,2078,8,7.75,ssp585
bats1,2078,9,7.76,ssp585
bats1,2078,10,7.79,ssp585
bats1,2078,11,7.81,ssp585
bats1,2078,12,7.82,ssp585
bats1,2079,1,7.83,ssp585
bats1,2079,2,7.83,ssp585
bats1,2079,3,7.84,ssp585
bats1,2079,4,7.84,ssp585
bats1,2079,5,7.81,ssp585
bats1,2079,6,7.78,ssp585
bats1,2079,7,7.76,ssp585
bats1,2079,8,7.74,ssp585
bats1,2079,9,7.75,ssp585
bats1,2079,10,7.78,ssp585
bats1,2079,11,7.8,ssp585
bats1,2079,12,7.82,ssp585
bats1,2080,1,7.83,ssp585
bats1,2080,2,7.83,ssp585
bats1,2080,3,7.83,ssp585
bats1,2080,4,7.84,ssp585
bats1,2080,5,7.82,ssp585
bats1,2080,6,7.77,ssp585
bats1,2080,7,7.75,ssp585
bats1,2080,8,7.74,ssp585
bats1,2080,9,7.75,ssp585
bats1,2080,10,7.78,ssp585
bats1,2080,11,7.8,ssp585
bats1,2080,12,7.81,ssp585
bats1,2081,1,7.82,ssp585
bats1,2081,2,7.82,ssp585
bats1,2081,3,7.82,ssp585
bats1,2081,4,7.82,ssp585
bats1,2081,5,7.8,ssp585
bats1,2081,6,7.76,ssp585
bats1,2081,7,7.74,ssp585
bats1,2081,8,7.73,ssp585
bats1,2081,9,7.74,ssp585
bats1,2081,10,7.77,ssp585
bats1,2081,11,7.79,ssp585
bats1,2081,12,7.81,ssp585
bats1,2082,1,7.81,ssp585
bats1,2082,2,7.81,ssp585
bats1,2082,3,7.81,ssp585
bats1,2082,4,7.81,ssp585
bats1,2082,5,7.79,ssp585
bats1,2082,6,7.76,ssp585
bats1,2082,7,7.73,ssp585
bats1,2082,8,7.72,ssp585
bats1,2082,9,7.74,ssp585
bats1,2082,10,7.76,ssp585
bats1,2082,11,7.78,ssp585
bats1,2082,12,7.8,ssp585
bats1,2083,1,7.81,ssp585
bats1,2083,2,7.81,ssp585
bats1,2083,3,7.82,ssp585
bats1,2083,4,7.82,ssp585
bats1,2083,5,7.8,ssp585
bats1,2083,6,7.75,ssp585
bats1,2083,7,7.73,ssp585
bats1,2083,8,7.72,ssp585
bats1,2083,9,7.73,ssp585
bats1,2083,10,7.76,ssp585
bats1,2083,11,7.78,ssp585
bats1,2083,12,7.8,ssp585
bats1,2084,1,7.8,ssp585
bats1,2084,2,7.81,ssp585
bats1,2084,3,7.8,ssp585
bats1,2084,4,7.8,ssp585
bats1,2084,5,7.77,ssp585
bats1,2084,6,7.74,ssp585
bats1,2084,7,7.72,ssp585
bats1,2084,8,7.71,ssp585
bats1,2084,9,7.73,ssp585
bats1,2084,10,7.75,ssp585
bats1,2084,11,7.77,ssp585
bats1,2084,12,7.79,ssp585
bats1,2085,1,7.8,ssp585
bats1,2085,2,7.8,ssp585
bats1,2085,3,7.81,ssp585
bats1,2085,4,7.8,ssp585
bats1,2085,5,7.77,ssp585
bats1,2085,6,7.74,ssp585
bats1,2085,7,7.72,ssp585
bats1,2085,8,7.71,ssp585
bats1,2085,9,7.72,ssp585
bats1,2085,10,7.74,ssp585
bats1,2085,11,7.77,ssp585
bats1,2085,12,7.79,ssp585
bats1,2086,1,7.79,ssp585
bats1,2086,2,7.8,ssp585
bats1,2086,3,7.79,ssp585
bats1,2086,4,7.79,ssp585
bats1,2086,5,7.76,ssp585
bats1,2086,6,7.73,ssp585
bats1,2086,7,7.71,ssp585
bats1,2086,8,7.71,ssp585
bats1,2086,9,7.72,ssp585
bats1,2086,10,7.74,ssp585
bats1,2086,11,7.76,ssp585
bats1,2086,12,7.78,ssp585
bats1,2087,1,7.79,ssp585
bats1,2087,2,7.79,ssp585
bats1,2087,3,7.79,ssp585
bats1,2087,4,7.8,ssp585
bats1,2087,5,7.77,ssp585
bats1,2087,6,7.73,ssp585
bats1,2087,7,7.71,ssp585
bats1,2087,8,7.7,ssp585
bats1,2087,9,7.71,ssp585
bats1,2087,10,7.74,ssp585
bats1,2087,11,7.76,ssp585
bats1,2087,12,7.78,ssp585
bats1,2088,1,7.78,ssp585
bats1,2088,2,7.79,ssp585
bats1,2088,3,7.79,ssp585
bats1,2088,4,7.79,ssp585
bats1,2088,5,7.76,ssp585
bats1,2088,6,7.72,ssp585
bats1,2088,7,7.71,ssp585
bats1,2088,8,7.7,ssp585
bats1,2088,9,7.71,ssp585
bats1,2088,10,7.73,ssp585
bats1,2088,11,7.76,ssp585
bats1,2088,12,7.77,ssp585
bats1,2089,1,7.77,ssp585
bats1,2089,2,7.77,ssp585
bats1,2089,3,7.77,ssp585
bats1,2089,4,7.77,ssp585
bats1,2089,5,7.74,ssp585
bats1,2089,6,7.72,ssp585
bats1,2089,7,7.7,ssp585
bats1,2089,8,7.69,ssp585
bats1,2089,9,7.7,ssp585
bats1,2089,10,7.73,ssp585
bats1,2089,11,7.75,ssp585
bats1,2089,12,7.77,ssp585
bats1,2090,1,7.77,ssp585
bats1,2090,2,7.77,ssp585
bats1,2090,3,7.77,ssp585
bats1,2090,4,7.77,ssp585
bats1,2090,5,7.75,ssp585
bats1,2090,6,7.71,ssp585
bats1,2090,7,7.69,ssp585
bats1,2090,8,7.69,ssp585
bats1,2090,9,7.7,ssp585
bats1,2090,10,7.72,ssp585
bats1,2090,11,7.75,ssp585
bats1,2090,12,7.76,ssp585
bats1,2091,1,7.76,ssp585
bats1,2091,2,7.76,ssp585
bats1,2091,3,7.77,ssp585
bats1,2091,4,7.77,ssp585
bats1,2091,5,7.75,ssp585
bats1,2091,6,7.71,ssp585
bats1,2091,7,7.68,ssp585
bats1,2091,8,7.68,ssp585
bats1,2091,9,7.69,ssp585
bats1,2091,10,7.71,ssp585
bats1,2091,11,7.74,ssp585
bats1,2091,12,7.75,ssp585
bats1,2092,1,7.76,ssp585
bats1,2092,2,7.76,ssp585
bats1,2092,3,7.76,ssp585
bats1,2092,4,7.75,ssp585
bats1,2092,5,7.73,ssp585
bats1,2092,6,7.7,ssp585
bats1,2092,7,7.68,ssp585
bats1,2092,8,7.68,ssp585
bats1,2092,9,7.68,ssp585
bats1,2092,10,7.71,ssp585
bats1,2092,11,7.73,ssp585
bats1,2092,12,7.75,ssp585
bats1,2093,1,7.75,ssp585
bats1,2093,2,7.75,ssp585
bats1,2093,3,7.75,ssp585
bats1,2093,4,7.74,ssp585
bats1,2093,5,7.72,ssp585
bats1,2093,6,7.69,ssp585
bats1,2093,7,7.67,ssp585
bats1,2093,8,7.67,ssp585
bats1,2093,9,7.68,ssp585
bats1,2093,10,7.71,ssp585
bats1,2093,11,7.73,ssp585
bats1,2093,12,7.74,ssp585
bats1,2094,1,7.75,ssp585
bats1,2094,2,7.75,ssp585
bats1,2094,3,7.75,ssp585
bats1,2094,4,7.75,ssp585
bats1,2094,5,7.72,ssp585
bats1,2094,6,7.69,ssp585
bats1,2094,7,7.67,ssp585
bats1,2094,8,7.67,ssp585
bats1,2094,9,7.68,ssp585
bats1,2094,10,7.7,ssp585
bats1,2094,11,7.72,ssp585
bats1,2094,12,7.73,ssp585
bats1,2095,1,7.74,ssp585
bats1,2095,2,7.74,ssp585
bats1,2095,3,7.74,ssp585
bats1,2095,4,7.74,ssp585
bats1,2095,5,7.72,ssp585
bats1,2095,6,7.68,ssp585
bats1,2095,7,7.67,ssp585
bats1,2095,8,7.67,ssp585
bats1,2095,9,7.68,ssp585
bats1,2095,10,7.7,ssp585
bats1,2095,11,7.72,ssp585
bats1,2095,12,7.73,ssp585
bats1,2096,1,7.73,ssp585
bats1,2096,2,7.73,ssp585
bats1,2096,3,7.74,ssp585
bats1,2096,4,7.74,ssp585
bats1,2096,5,7.71,ssp585
bats1,2096,6,7.68,ssp585
bats1,2096,7,7.66,ssp585
bats1,2096,8,7.66,ssp585
bats1,2096,9,7.66,ssp585
bats1,2096,10,7.69,ssp585
bats1,2096,11,7.71,ssp585
bats1,2096,12,7.72,ssp585
bats1,2097,1,7.73,ssp585
bats1,2097,2,7.73,ssp585
bats1,2097,3,7.73,ssp585
bats1,2097,4,7.72,ssp585
bats1,2097,5,7.71,ssp585
bats1,2097,6,7.68,ssp585
bats1,2097,7,7.66,ssp585
bats1,2097,8,7.65,ssp585
bats1,2097,9,7.66,ssp585
bats1,2097,10,7.69,ssp585
bats1,2097,11,7.71,ssp585
bats1,2097,12,7.72,ssp585
bats1,2098,1,7.72,ssp585
bats1,2098,2,7.73,ssp585
bats1,2098,3,7.73,ssp585
bats1,2098,4,7.72,ssp585
bats1,2098,5,7.7,ssp585
bats1,2098,6,7.67,ssp585
bats1,2098,7,7.65,ssp585
bats1,2098,8,7.65,ssp585
bats1,2098,9,7.66,ssp585
bats1,2098,10,7.68,ssp585
bats1,2098,11,7.7,ssp585
bats1,2098,12,7.71,ssp585
bats1,2099,1,7.72,ssp585
bats1,2099,2,7.72,ssp585
bats1,2099,3,7.72,ssp585
bats1,2099,4,7.71,ssp585
bats1,2099,5,7.69,ssp585
bats1,2099,6,7.66,ssp585
bats1,2099,7,7.65,ssp585
bats1,2099,8,7.65,ssp585
bats1,2099,9,7.66,ssp585
bats1,2099,10,7.68,ssp585
bats1,2099,11,7.7,ssp585
bats1,2099,12,7.71,ssp585
bats1,2100,1,7.72,ssp585
bats1,2100,2,7.71,ssp585
bats1,2100,3,7.72,ssp585
bats1,2100,4,7.71,ssp585
bats1,2100,5,7.69,ssp585
bats1,2100,6,7.66,ssp585
bats1,2100,7,7.64,ssp585
bats1,2100,8,7.64,ssp585
bats1,2100,9,7.65,ssp585
bats1,2100,10,7.67,ssp585
bats1,2100,11,7.69,ssp585
bats1,2100,12,7.7,ssp585
bats2,1850,1,8.21,historical
bats2,1850,2,8.22,historical
bats2,1850,3,8.22,historical
bats2,1850,4,8.22,historical
bats2,1850,5,8.21,historical
bats2,1850,6,8.18,historical
bats2,1850,7,8.15,historical
bats2,1850,8,8.13,historical
bats2,1850,9,8.14,historical
bats2,1850,10,8.15,historical
bats2,1850,11,8.18,historical
bats2,1850,12,8.21,historical
bats2,1851,1,8.21,historical
bats2,1851,2,8.21,historical
bats2,1851,3,8.22,historical
bats2,1851,4,8.21,historical
bats2,1851,5,8.21,historical
bats2,1851,6,8.19,historical
bats2,1851,7,8.15,historical
bats2,1851,8,8.13,historical
bats2,1851,9,8.14,historical
bats2,1851,10,8.16,historical
bats2,1851,11,8.19,historical
bats2,1851,12,8.21,historical
bats2,1852,1,8.21,historical
bats2,1852,2,8.21,historical
bats2,1852,3,8.21,historical
bats2,1852,4,8.22,historical
bats2,1852,5,8.21,historical
bats2,1852,6,8.18,historical
bats2,1852,7,8.14,historical
bats2,1852,8,8.13,historical
bats2,1852,9,8.13,historical
bats2,1852,10,8.16,historical
bats2,1852,11,8.18,historical
bats2,1852,12,8.21,historical
bats2,1853,1,8.21,historical
bats2,1853,2,8.21,historical
bats2,1853,3,8.21,historical
bats2,1853,4,8.22,historical
bats2,1853,5,8.21,historical
bats2,1853,6,8.18,historical
bats2,1853,7,8.15,historical
bats2,1853,8,8.13,historical
bats2,1853,9,8.14,historical
bats2,1853,10,8.16,historical
bats2,1853,11,8.19,historical
bats2,1853,12,8.21,historical
bats2,1854,1,8.21,historical
bats2,1854,2,8.21,historical
bats2,1854,3,8.21,historical
bats2,1854,4,8.22,historical
bats2,1854,5,8.21,historical
bats2,1854,6,8.18,historical
bats2,1854,7,8.15,historical
bats2,1854,8,8.13,historical
bats2,1854,9,8.14,historical
bats2,1854,10,8.16,historical
bats2,1854,11,8.19,historical
bats2,1854,12,8.21,historical
bats2,1855,1,8.21,historical
bats2,1855,2,8.21,historical
bats2,1855,3,8.21,historical
bats2,1855,4,8.22,historical
bats2,1855,5,8.2,historical
bats2,1855,6,8.18,historical
bats2,1855,7,8.15,historical
bats2,1855,8,8.13,historical
bats2,1855,9,8.13,historical
bats2,1855,10,8.17,historical
bats2,1855,11,8.19,historical
bats2,1855,12,8.2,historical
bats2,1856,1,8.21,historical
bats2,1856,2,8.21,historical
bats2,1856,3,8.21,historical
bats2,1856,4,8.22,historical
bats2,1856,5,8.21,historical
bats2,1856,6,8.18,historical
bats2,1856,7,8.15,historical
bats2,1856,8,8.13,historical
bats2,1856,9,8.14,historical
bats2,1856,10,8.16,historical
bats2,1856,11,8.19,historical
bats2,1856,12,8.21,historical
bats2,1857,1,8.21,historical
bats2,1857,2,8.21,historical
bats2,1857,3,8.21,historical
bats2,1857,4,8.21,historical
bats2,1857,5,8.21,historical
bats2,1857,6,8.19,historical
bats2,1857,7,8.15,historical
bats2,1857,8,8.13,historical
bats2,1857,9,8.14,historical
bats2,1857,10,8.16,historical
bats2,1857,11,8.19,historical
bats2,1857,12,8.21,historical
bats2,1858,1,8.21,historical
bats2,1858,2,8.21,historical
bats2,1858,3,8.21,historical
bats2,1858,4,8.22,historical
bats2,1858,5,8.21,historical
bats2,1858,6,8.18,historical
bats2,1858,7,8.15,historical
bats2,1858,8,8.13,historical
bats2,1858,9,8.14,historical
bats2,1858,10,8.16,historical
bats2,1858,11,8.19,historical
bats2,1858,12,8.21,historical
bats2,1859,1,8.21,historical
bats2,1859,2,8.21,historical
bats2,1859,3,8.21,historical
bats2,1859,4,8.22,historical
bats2,1859,5,8.2,historical
bats2,1859,6,8.18,historical
bats2,1859,7,8.15,historical
bats2,1859,8,8.13,historical
bats2,1859,9,8.14,historical
bats2,1859,10,8.16,historical
bats2,1859,11,8.19,historical
bats2,1859,12,8.21,historical
bats2,1860,1,8.21,historical
bats2,1860,2,8.21,historical
bats2,1860,3,8.21,historical
bats2,1860,4,8.21,historical
bats2,1860,5,8.21,historical
bats2,1860,6,8.17,historical
bats2,1860,7,8.14,historical
bats2,1860,8,8.13,historical
bats2,1860,9,8.13,historical
bats2,1860,10,8.15,historical
bats2,1860,11,8.18,historical
bats2,1860,12,8.21,historical
bats2,1861,1,8.21,historical
bats2,1861,2,8.21,historical
bats2,1861,3,8.21,historical
bats2,1861,4,8.21,historical
bats2,1861,5,8.21,historical
bats2,1861,6,8.18,historical
bats2,1861,7,8.14,historical
bats2,1861,8,8.13,historical
bats2,1861,9,8.13,historical
bats2,1861,10,8.16,historical
bats2,1861,11,8.19,historical
bats2,1861,12,8.2,historical
bats2,1862,1,8.21,historical
bats2,1862,2,8.21,historical
bats2,1862,3,8.21,historical
bats2,1862,4,8.22,historical
bats2,1862,5,8.21,historical
bats2,1862,6,8.18,historical
bats2,1862,7,8.14,historical
bats2,1862,8,8.12,historical
bats2,1862,9,8.13,historical
bats2,1862,10,8.15,historical
bats2,1862,11,8.18,historical
bats2,1862,12,8.21,historical
bats2,1863,1,8.21,historical
bats2,1863,2,8.21,historical
bats2,1863,3,8.21,historical
bats2,1863,4,8.22,historical
bats2,1863,5,8.21,historical
bats2,1863,6,8.19,historical
bats2,1863,7,8.15,historical
bats2,1863,8,8.13,historical
bats2,1863,9,8.14,historical
bats2,1863,10,8.16,historical
bats2,1863,11,8.18,historical
bats2,1863,12,8.2,historical
bats2,1864,1,8.21,historical
bats2,1864,2,8.21,historical
bats2,1864,3,8.21,historical
bats2,1864,4,8.21,historical
bats2,1864,5,8.2,historical
bats2,1864,6,8.18,historical
bats2,1864,7,8.14,historical
bats2,1864,8,8.13,historical
bats2,1864,9,8.13,historical
bats2,1864,10,8.16,historical
bats2,1864,11,8.19,historical
bats2,1864,12,8.21,historical
bats2,1865,1,8.21,historical
bats2,1865,2,8.21,historical
bats2,1865,3,8.21,historical
bats2,1865,4,8.21,historical
bats2,1865,5,8.21,historical
bats2,1865,6,8.17,historical
bats2,1865,7,8.15,historical
bats2,1865,8,8.13,historical
bats2,1865,9,8.13,historical
bats2,1865,10,8.16,historical
bats2,1865,11,8.18,historical
bats2,1865,12,8.2,historical
bats2,1866,1,8.21,historical
bats2,1866,2,8.21,historical
bats2,1866,3,8.21,historical
bats2,1866,4,8.21,historical
bats2,1866,5,8.21,historical
bats2,1866,6,8.18,historical
bats2,1866,7,8.15,historical
bats2,1866,8,8.13,historical
bats2,1866,9,8.13,historical
bats2,1866,10,8.16,historical
bats2,1866,11,8.19,historical
bats2,1866,12,8.21,historical
bats2,1867,1,8.21,historical
bats2,1867,2,8.21,historical
bats2,1867,3,8.21,historical
bats2,1867,4,8.22,historical
bats2,1867,5,8.21,historical
bats2,1867,6,8.18,historical
bats2,1867,7,8.15,historical
bats2,1867,8,8.13,historical
bats2,1867,9,8.13,historical
bats2,1867,10,8.16,historical
bats2,1867,11,8.19,historical
bats2,1867,12,8.21,historical
bats2,1868,1,8.21,historical
bats2,1868,2,8.21,historical
bats2,1868,3,8.21,historical
bats2,1868,4,8.21,historical
bats2,1868,5,8.21,historical
bats2,1868,6,8.18,historical
bats2,1868,7,8.14,historical
bats2,1868,8,8.13,historical
bats2,1868,9,8.13,historical
bats2,1868,10,8.16,historical
bats2,1868,11,8.19,historical
bats2,1868,12,8.21,historical
bats2,1869,1,8.21,historical
bats2,1869,2,8.21,historical
bats2,1869,3,8.21,historical
bats2,1869,4,8.22,historical
bats2,1869,5,8.21,historical
bats2,1869,6,8.18,historical
bats2,1869,7,8.15,historical
bats2,1869,8,8.13,historical
bats2,1869,9,8.13,historical
bats2,1869,10,8.16,historical
bats2,1869,11,8.19,historical
bats2,1869,12,8.21,historical
bats2,1870,1,8.21,historical
bats2,1870,2,8.21,historical
bats2,1870,3,8.21,historical
bats2,1870,4,8.21,historical
bats2,1870,5,8.21,historical
bats2,1870,6,8.18,historical
bats2,1870,7,8.14,historical
bats2,1870,8,8.13,historical
bats2,1870,9,8.13,historical
bats2,1870,10,8.16,historical
bats2,1870,11,8.19,historical
bats2,1870,12,8.21,historical
bats2,1871,1,8.21,historical
bats2,1871,2,8.21,historical
bats2,1871,3,8.21,historical
bats2,1871,4,8.21,historical
bats2,1871,5,8.21,historical
bats2,1871,6,8.19,historical
bats2,1871,7,8.15,historical
bats2,1871,8,8.13,historical
bats2,1871,9,8.14,historical
bats2,1871,10,8.16,historical
bats2,1871,11,8.19,historical
bats2,1871,12,8.21,historical
bats2,1872,1,8.21,historical
bats2,1872,2,8.21,historical
bats2,1872,3,8.21,historical
bats2,1872,4,8.22,historical
bats2,1872,5,8.21,historical
bats2,1872,6,8.18,historical
bats2,1872,7,8.14,historical
bats2,1872,8,8.12,historical
bats2,1872,9,8.13,historical
bats2,1872,10,8.16,historical
bats2,1872,11,8.18,historical
bats2,1872,12,8.21,historical
bats2,1873,1,8.21,historical
bats2,1873,2,8.21,historical
bats2,1873,3,8.21,historical
bats2,1873,4,8.22,historical
bats2,1873,5,8.21,historical
bats2,1873,6,8.18,historical
bats2,1873,7,8.15,historical
bats2,1873,8,8.13,historical
bats2,1873,9,8.14,historical
bats2,1873,10,8.16,historical
bats2,1873,11,8.19,historical
bats2,1873,12,8.2,historical
bats2,1874,1,8.21,historical
bats2,1874,2,8.21,historical
bats2,1874,3,8.21,historical
bats2,1874,4,8.21,historical
bats2,1874,5,8.21,historical
bats2,1874,6,8.18,historical
bats2,1874,7,8.14,historical
bats2,1874,8,8.13,historical
bats2,1874,9,8.14,historical
bats2,1874,10,8.16,historical
bats2,1874,11,8.18,historical
bats2,1874,12,8.2,historical
bats2,1875,1,8.21,historical
bats2,1875,2,8.21,historical
bats2,1875,3,8.21,historical
bats2,1875,4,8.22,historical
bats2,1875,5,8.21,historical
bats2,1875,6,8.18,historical
bats2,1875,7,8.15,historical
bats2,1875,8,8.13,historical
bats2,1875,9,8.14,historical
bats2,1875,10,8.16,historical
bats2,1875,11,8.19,historical
bats2,1875,12,8.2,historical
bats2,1876,1,8.21,historical
bats2,1876,2,8.21,historical
bats2,1876,3,8.21,historical
bats2,1876,4,8.21,historical
bats2,1876,5,8.2,historical
bats2,1876,6,8.18,historical
bats2,1876,7,8.14,historical
bats2,1876,8,8.12,historical
bats2,1876,9,8.13,historical
bats2,1876,10,8.15,historical
bats2,1876,11,8.19,historical
bats2,1876,12,8.2,historical
bats2,1877,1,8.21,historical
bats2,1877,2,8.21,historical
bats2,1877,3,8.21,historical
bats2,1877,4,8.22,historical
bats2,1877,5,8.21,historical
bats2,1877,6,8.18,historical
bats2,1877,7,8.15,historical
bats2,1877,8,8.13,historical
bats2,1877,9,8.14,historical
bats2,1877,10,8.16,historical
bats2,1877,11,8.19,historical
bats2,1877,12,8.2,historical
bats2,1878,1,8.21,historical
bats2,1878,2,8.21,historical
bats2,1878,3,8.21,historical
bats2,1878,4,8.22,historical
bats2,1878,5,8.21,historical
bats2,1878,6,8.18,historical
bats2,1878,7,8.14,historical
bats2,1878,8,8.12,historical
bats2,1878,9,8.14,historical
bats2,1878,10,8.16,historical
bats2,1878,11,8.19,historical
bats2,1878,12,8.2,historical
bats2,1879,1,8.21,historical
bats2,1879,2,8.2,historical
bats2,1879,3,8.21,historical
bats2,1879,4,8.22,historical
bats2,1879,5,8.21,historical
bats2,1879,6,8.18,historical
bats2,1879,7,8.14,historical
bats2,1879,8,8.12,historical
bats2,1879,9,8.13,historical
bats2,1879,10,8.15,historical
bats2,1879,11,8.18,historical
bats2,1879,12,8.2,historical
bats2,1880,1,8.21,historical
bats2,1880,2,8.21,historical
bats2,1880,3,8.21,historical
bats2,1880,4,8.21,historical
bats2,1880,5,8.21,historical
bats2,1880,6,8.18,historical
bats2,1880,7,8.15,historical
bats2,1880,8,8.13,historical
bats2,1880,9,8.14,historical
bats2,1880,10,8.16,historical
bats2,1880,11,8.19,historical
bats2,1880,12,8.21,historical
bats2,1881,1,8.21,historical
bats2,1881,2,8.21,historical
bats2,1881,3,8.21,historical
bats2,1881,4,8.22,historical
bats2,1881,5,8.2,historical
bats2,1881,6,8.18,historical
bats2,1881,7,8.15,historical
bats2,1881,8,8.13,historical
bats2,1881,9,8.13,historical
bats2,1881,10,8.16,historical
bats2,1881,11,8.19,historical
bats2,1881,12,8.2,historical
bats2,1882,1,8.2,historical
bats2,1882,2,8.21,historical
bats2,1882,3,8.21,historical
bats2,1882,4,8.21,historical
bats2,1882,5,8.21,historical
bats2,1882,6,8.18,historical
bats2,1882,7,8.15,historical
bats2,1882,8,8.13,historical
bats2,1882,9,8.14,historical
bats2,1882,10,8.16,historical
bats2,1882,11,8.19,historical
bats2,1882,12,8.2,historical
bats2,1883,1,8.21,historical
bats2,1883,2,8.21,historical
bats2,1883,3,8.21,historical
bats2,1883,4,8.21,historical
bats2,1883,5,8.21,historical
bats2,1883,6,8.18,historical
bats2,1883,7,8.15,historical
bats2,1883,8,8.13,historical
bats2,1883,9,8.13,historical
bats2,1883,10,8.16,historical
bats2,1883,11,8.18,historical
bats2,1883,12,8.2,historical
bats2,1884,1,8.21,historical
bats2,1884,2,8.2,historical
bats2,1884,3,8.2,historical
bats2,1884,4,8.21,historical
bats2,1884,5,8.21,historical
bats2,1884,6,8.18,historical
bats2,1884,7,8.15,historical
bats2,1884,8,8.14,historical
bats2,1884,9,8.14,historical
bats2,1884,10,8.16,historical
bats2,1884,11,8.19,historical
bats2,1884,12,8.2,historical
bats2,1885,1,8.21,historical
bats2,1885,2,8.21,historical
bats2,1885,3,8.21,historical
bats2,1885,4,8.21,historical
bats2,1885,5,8.2,historical
bats2,1885,6,8.18,historical
bats2,1885,7,8.14,historical
bats2,1885,8,8.12,historical
bats2,1885,9,8.13,historical
bats2,1885,10,8.16,historical
bats2,1885,11,8.19,historical
bats2,1885,12,8.21,historical
bats2,1886,1,8.21,historical
bats2,1886,2,8.21,historical
bats2,1886,3,8.21,historical
bats2,1886,4,8.21,historical
bats2,1886,5,8.2,historical
bats2,1886,6,8.18,historical
bats2,1886,7,8.15,historical
bats2,1886,8,8.12,historical
bats2,1886,9,8.12,historical
bats2,1886,10,8.16,historical
bats2,1886,11,8.19,historical
bats2,1886,12,8.21,historical
bats2,1887,1,8.21,historical
bats2,1887,2,8.21,historical
bats2,1887,3,8.21,historical
bats2,1887,4,8.21,historical
bats2,1887,5,8.21,historical
bats2,1887,6,8.19,historical
bats2,1887,7,8.15,historical
bats2,1887,8,8.13,historical
bats2,1887,9,8.14,historical
bats2,1887,10,8.16,historical
bats2,1887,11,8.19,historical
bats2,1887,12,8.21,historical
bats2,1888,1,8.21,historical
bats2,1888,2,8.21,historical
bats2,1888,3,8.21,historical
bats2,1888,4,8.21,historical
bats2,1888,5,8.2,historical
bats2,1888,6,8.17,historical
bats2,1888,7,8.14,historical
bats2,1888,8,8.12,historical
bats2,1888,9,8.13,historical
bats2,1888,10,8.15,historical
bats2,1888,11,8.18,historical
bats2,1888,12,8.2,historical
bats2,1889,1,8.21,historical
bats2,1889,2,8.21,historical
bats2,1889,3,8.21,historical
bats2,1889,4,8.21,historical
bats2,1889,5,8.2,historical
bats2,1889,6,8.17,historical
bats2,1889,7,8.14,historical
bats2,1889,8,8.13,historical
bats2,1889,9,8.13,historical
bats2,1889,10,8.15,historical
bats2,1889,11,8.18,historical
bats2,1889,12,8.2,historical
bats2,1890,1,8.21,historical
bats2,1890,2,8.21,historical
bats2,1890,3,8.21,historical
bats2,1890,4,8.21,historical
bats2,1890,5,8.2,historical
bats2,1890,6,8.18,historical
bats2,1890,7,8.14,historical
bats2,1890,8,8.12,historical
bats2,1890,9,8.13,historical
bats2,1890,10,8.15,historical
bats2,1890,11,8.18,historical
bats2,1890,12,8.2,historical
bats2,1891,1,8.2,historical
bats2,1891,2,8.21,historical
bats2,1891,3,8.21,historical
bats2,1891,4,8.21,historical
bats2,1891,5,8.21,historical
bats2,1891,6,8.18,historical
bats2,1891,7,8.15,historical
bats2,1891,8,8.12,historical
bats2,1891,9,8.13,historical
bats2,1891,10,8.16,historical
bats2,1891,11,8.18,historical
bats2,1891,12,8.2,historical
bats2,1892,1,8.2,historical
bats2,1892,2,8.21,historical
bats2,1892,3,8.21,historical
bats2,1892,4,8.21,historical
bats2,1892,5,8.2,historical
bats2,1892,6,8.17,historical
bats2,1892,7,8.14,historical
bats2,1892,8,8.13,historical
bats2,1892,9,8.13,historical
bats2,1892,10,8.16,historical
bats2,1892,11,8.18,historical
bats2,1892,12,8.2,historical
bats2,1893,1,8.21,historical
bats2,1893,2,8.21,historical
bats2,1893,3,8.21,historical
bats2,1893,4,8.21,historical
bats2,1893,5,8.2,historical
bats2,1893,6,8.18,historical
bats2,1893,7,8.14,historical
bats2,1893,8,8.13,historical
bats2,1893,9,8.13,historical
bats2,1893,10,8.15,historical
bats2,1893,11,8.18,historical
bats2,1893,12,8.2,historical
bats2,1894,1,8.2,historical
bats2,1894,2,8.2,historical
bats2,1894,3,8.2,historical
bats2,1894,4,8.21,historical
bats2,1894,5,8.2,historical
bats2,1894,6,8.18,historical
bats2,1894,7,8.14,historical
bats2,1894,8,8.12,historical
bats2,1894,9,8.13,historical
bats2,1894,10,8.15,historical
bats2,1894,11,8.18,historical
bats2,1894,12,8.19,historical
bats2,1895,1,8.2,historical
bats2,1895,2,8.2,historical
bats2,1895,3,8.2,historical
bats2,1895,4,8.21,historical
bats2,1895,5,8.2,historical
bats2,1895,6,8.17,historical
bats2,1895,7,8.15,historical
bats2,1895,8,8.13,historical
bats2,1895,9,8.14,historical
bats2,1895,10,8.16,historical
bats2,1895,11,8.18,historical
bats2,1895,12,8.2,historical
bats2,1896,1,8.2,historical
bats2,1896,2,8.2,historical
bats2,1896,3,8.2,historical
bats2,1896,4,8.21,historical
bats2,1896,5,8.2,historical
bats2,1896,6,8.18,historical
bats2,1896,7,8.14,historical
bats2,1896,8,8.12,historical
bats2,1896,9,8.12,historical
bats2,1896,10,8.15,historical
bats2,1896,11,8.18,historical
bats2,1896,12,8.2,historical
bats2,1897,1,8.2,historical
bats2,1897,2,8.2,historical
bats2,1897,3,8.2,historical
bats2,1897,4,8.21,historical
bats2,1897,5,8.2,historical
bats2,1897,6,8.17,historical
bats2,1897,7,8.14,historical
bats2,1897,8,8.12,historical
bats2,1897,9,8.13,historical
bats2,1897,10,8.15,historical
bats2,1897,11,8.18,historical
bats2,1897,12,8.2,historical
bats2,1898,1,8.2,historical
bats2,1898,2,8.2,historical
bats2,1898,3,8.2,historical
bats2,1898,4,8.21,historical
bats2,1898,5,8.2,historical
bats2,1898,6,8.18,historical
bats2,1898,7,8.14,historical
bats2,1898,8,8.12,historical
bats2,1898,9,8.13,historical
bats2,1898,10,8.15,historical
bats2,1898,11,8.18,historical
bats2,1898,12,8.2,historical
bats2,1899,1,8.2,historical
bats2,1899,2,8.2,historical
bats2,1899,3,8.2,historical
bats2,1899,4,8.21,historical
bats2,1899,5,8.2,historical
bats2,1899,6,8.17,historical
bats2,1899,7,8.13,historical
bats2,1899,8,8.11,historical
bats2,1899,9,8.12,historical
bats2,1899,10,8.15,historical
bats2,1899,11,8.17,historical
bats2,1899,12,8.19,historical
bats2,1900,1,8.2,historical
bats2,1900,2,8.21,historical
bats2,1900,3,8.21,historical
bats2,1900,4,8.21,historical
bats2,1900,5,8.2,historical
bats2,1900,6,8.17,historical
bats2,1900,7,8.14,historical
bats2,1900,8,8.11,historical
bats2,1900,9,8.12,historical
bats2,1900,10,8.15,historical
bats2,1900,11,8.18,historical
bats2,1900,12,8.2,historical
bats2,1901,1,8.2,historical
bats2,1901,2,8.2,historical
bats2,1901,3,8.2,historical
bats2,1901,4,8.21,historical
bats2,1901,5,8.2,historical
bats2,1901,6,8.17,historical
bats2,1901,7,8.14,historical
bats2,1901,8,8.13,historical
bats2,1901,9,8.13,historical
bats2,1901,10,8.15,historical
bats2,1901,11,8.18,historical
bats2,1901,12,8.2,historical
bats2,1902,1,8.2,historical
bats2,1902,2,8.21,historical
bats2,1902,3,8.2,historical
bats2,1902,4,8.21,historical
bats2,1902,5,8.2,historical
bats2,1902,6,8.17,historical
bats2,1902,7,8.13,historical
bats2,1902,8,8.12,historical
bats2,1902,9,8.13,historical
bats2,1902,10,8.15,historical
bats2,1902,11,8.18,historical
bats2,1902,12,8.19,historical
bats2,1903,1,8.2,historical
bats2,1903,2,8.2,historical
bats2,1903,3,8.2,historical
bats2,1903,4,8.2,historical
bats2,1903,5,8.2,historical
bats2,1903,6,8.17,historical
bats2,1903,7,8.14,historical
bats2,1903,8,8.12,historical
bats2,1903,9,8.13,historical
bats2,1903,10,8.15,historical
bats2,1903,11,8.18,historical
bats2,1903,12,8.2,historical
bats2,1904,1,8.2,historical
bats2,1904,2,8.2,historical
bats2,1904,3,8.2,historical
bats2,1904,4,8.21,historical
bats2,1904,5,8.2,historical
bats2,1904,6,8.18,historical
bats2,1904,7,8.14,historical
bats2,1904,8,8.12,historical
bats2,1904,9,8.13,historical
bats2,1904,10,8.15,historical
bats2,1904,11,8.18,historical
bats2,1904,12,8.2,historical
bats2,1905,1,8.2,historical
bats2,1905,2,8.2,historical
bats2,1905,3,8.2,historical
bats2,1905,4,8.2,historical
bats2,1905,5,8.19,historical
bats2,1905,6,8.17,historical
bats2,1905,7,8.14,historical
bats2,1905,8,8.12,historical
bats2,1905,9,8.12,historical
bats2,1905,10,8.15,historical
bats2,1905,11,8.17,historical
bats2,1905,12,8.19,historical
bats2,1906,1,8.2,historical
bats2,1906,2,8.2,historical
bats2,1906,3,8.2,historical
bats2,1906,4,8.2,historical
bats2,1906,5,8.19,historical
bats2,1906,6,8.17,historical
bats2,1906,7,8.14,historical
bats2,1906,8,8.12,historical
bats2,1906,9,8.12,historical
bats2,1906,10,8.15,historical
bats2,1906,11,8.18,historical
bats2,1906,12,8.19,historical
bats2,1907,1,8.2,historical
bats2,1907,2,8.2,historical
bats2,1907,3,8.2,historical
bats2,1907,4,8.2,historical
bats2,1907,5,8.19,historical
bats2,1907,6,8.17,historical
bats2,1907,7,8.14,historical
bats2,1907,8,8.12,historical
bats2,1907,9,8.12,historical
bats2,1907,10,8.14,historical
bats2,1907,11,8.17,historical
bats2,1907,12,8.19,historical
bats2,1908,1,8.2,historical
bats2,1908,2,8.2,historical
bats2,1908,3,8.2,historical
bats2,1908,4,8.2,historical
bats2,1908,5,8.19,historical
bats2,1908,6,8.17,historical
bats2,1908,7,8.13,historical
bats2,1908,8,8.11,historical
bats2,1908,9,8.12,historical
bats2,1908,10,8.14,historical
bats2,1908,11,8.17,historical
bats2,1908,12,8.19,historical
bats2,1909,1,8.2,historical
bats2,1909,2,8.2,historical
bats2,1909,3,8.2,historical
bats2,1909,4,8.2,historical
bats2,1909,5,8.19,historical
bats2,1909,6,8.17,historical
bats2,1909,7,8.14,historical
bats2,1909,8,8.12,historical
bats2,1909,9,8.12,historical
bats2,1909,10,8.15,historical
bats2,1909,11,8.17,historical
bats2,1909,12,8.19,historical
bats2,1910,1,8.2,historical
bats2,1910,2,8.2,historical
bats2,1910,3,8.2,historical
bats2,1910,4,8.2,historical
bats2,1910,5,8.19,historical
bats2,1910,6,8.17,historical
bats2,1910,7,8.13,historical
bats2,1910,8,8.12,historical
bats2,1910,9,8.12,historical
bats2,1910,10,8.14,historical
bats2,1910,11,8.17,historical
bats2,1910,12,8.19,historical
bats2,1911,1,8.2,historical
bats2,1911,2,8.2,historical
bats2,1911,3,8.2,historical
bats2,1911,4,8.2,historical
bats2,1911,5,8.19,historical
bats2,1911,6,8.17,historical
bats2,1911,7,8.13,historical
bats2,1911,8,8.11,historical
bats2,1911,9,8.12,historical
bats2,1911,10,8.15,historical
bats2,1911,11,8.18,historical
bats2,1911,12,8.2,historical
bats2,1912,1,8.2,historical
bats2,1912,2,8.2,historical
bats2,1912,3,8.2,historical
bats2,1912,4,8.2,historical
bats2,1912,5,8.19,historical
bats2,1912,6,8.17,historical
bats2,1912,7,8.13,historical
bats2,1912,8,8.11,historical
bats2,1912,9,8.12,historical
bats2,1912,10,8.15,historical
bats2,1912,11,8.17,historical
bats2,1912,12,8.19,historical
bats2,1913,1,8.19,historical
bats2,1913,2,8.19,historical
bats2,1913,3,8.19,historical
bats2,1913,4,8.2,historical
bats2,1913,5,8.19,historical
bats2,1913,6,8.17,historical
bats2,1913,7,8.14,historical
bats2,1913,8,8.12,historical
bats2,1913,9,8.12,historical
bats2,1913,10,8.15,historical
bats2,1913,11,8.17,historical
bats2,1913,12,8.19,historical
bats2,1914,1,8.2,historical
bats2,1914,2,8.2,historical
bats2,1914,3,8.2,historical
bats2,1914,4,8.21,historical
bats2,1914,5,8.19,historical
bats2,1914,6,8.17,historical
bats2,1914,7,8.14,historical
bats2,1914,8,8.11,historical
bats2,1914,9,8.12,historical
bats2,1914,10,8.15,historical
bats2,1914,11,8.17,historical
bats2,1914,12,8.19,historical
bats2,1915,1,8.19,historical
bats2,1915,2,8.2,historical
bats2,1915,3,8.19,historical
bats2,1915,4,8.2,historical
bats2,1915,5,8.2,historical
bats2,1915,6,8.17,historical
bats2,1915,7,8.13,historical
bats2,1915,8,8.11,historical
bats2,1915,9,8.12,historical
bats2,1915,10,8.15,historical
bats2,1915,11,8.17,historical
bats2,1915,12,8.19,historical
bats2,1916,1,8.2,historical
bats2,1916,2,8.19,historical
bats2,1916,3,8.19,historical
bats2,1916,4,8.2,historical
bats2,1916,5,8.19,historical
bats2,1916,6,8.17,historical
bats2,1916,7,8.13,historical
bats2,1916,8,8.11,historical
bats2,1916,9,8.12,historical
bats2,1916,10,8.15,historical
bats2,1916,11,8.18,historical
bats2,1916,12,8.19,historical
bats2,1917,1,8.19,historical
bats2,1917,2,8.2,historical
bats2,1917,3,8.2,historical
bats2,1917,4,8.2,historical
bats2,1917,5,8.19,historical
bats2,1917,6,8.17,historical
bats2,1917,7,8.13,historical
bats2,1917,8,8.11,historical
bats2,1917,9,8.12,historical
bats2,1917,10,8.14,historical
bats2,1917,11,8.17,historical
bats2,1917,12,8.19,historical
bats2,1918,1,8.19,historical
bats2,1918,2,8.19,historical
bats2,1918,3,8.19,historical
bats2,1918,4,8.2,historical
bats2,1918,5,8.19,historical
bats2,1918,6,8.16,historical
bats2,1918,7,8.13,historical
bats2,1918,8,8.12,historical
bats2,1918,9,8.12,historical
bats2,1918,10,8.14,historical
bats2,1918,11,8.17,historical
bats2,1918,12,8.19,historical
bats2,1919,1,8.19,historical
bats2,1919,2,8.19,historical
bats2,1919,3,8.2,historical
bats2,1919,4,8.2,historical
bats2,1919,5,8.19,historical
bats2,1919,6,8.16,historical
bats2,1919,7,8.12,historical
bats2,1919,8,8.11,historical
bats2,1919,9,8.12,historical
bats2,1919,10,8.14,historical
bats2,1919,11,8.17,historical
bats2,1919,12,8.19,historical
bats2,1920,1,8.19,historical
bats2,1920,2,8.19,historical
bats2,1920,3,8.19,historical
bats2,1920,4,8.2,historical
bats2,1920,5,8.19,historical
bats2,1920,6,8.16,historical
bats2,1920,7,8.13,historical
bats2,1920,8,8.11,historical
bats2,1920,9,8.11,historical
bats2,1920,10,8.14,historical
bats2,1920,11,8.17,historical
bats2,1920,12,8.19,historical
bats2,1921,1,8.19,historical
bats2,1921,2,8.19,historical
bats2,1921,3,8.19,historical
bats2,1921,4,8.2,historical
bats2,1921,5,8.19,historical
bats2,1921,6,8.16,historical
bats2,1921,7,8.13,historical
bats2,1921,8,8.11,historical
bats2,1921,9,8.12,historical
bats2,1921,10,8.14,historical
bats2,1921,11,8.17,historical
bats2,1921,12,8.18,historical
bats2,1922,1,8.19,historical
bats2,1922,2,8.19,historical
bats2,1922,3,8.19,historical
bats2,1922,4,8.2,historical
bats2,1922,5,8.19,historical
bats2,1922,6,8.16,historical
bats2,1922,7,8.12,historical
bats2,1922,8,8.11,historical
bats2,1922,9,8.11,historical
bats2,1922,10,8.14,historical
bats2,1922,11,8.17,historical
bats2,1922,12,8.19,historical
bats2,1923,1,8.19,historical
bats2,1923,2,8.19,historical
bats2,1923,3,8.2,historical
bats2,1923,4,8.2,historical
bats2,1923,5,8.19,historical
bats2,1923,6,8.16,historical
bats2,1923,7,8.13,historical
bats2,1923,8,8.11,historical
bats2,1923,9,8.11,historical
bats2,1923,10,8.14,historical
bats2,1923,11,8.16,historical
bats2,1923,12,8.18,historical
bats2,1924,1,8.19,historical
bats2,1924,2,8.19,historical
bats2,1924,3,8.19,historical
bats2,1924,4,8.2,historical
bats2,1924,5,8.19,historical
bats2,1924,6,8.16,historical
bats2,1924,7,8.13,historical
bats2,1924,8,8.11,historical
bats2,1924,9,8.12,historical
bats2,1924,10,8.14,historical
bats2,1924,11,8.17,historical
bats2,1924,12,8.18,historical
bats2,1925,1,8.19,historical
bats2,1925,2,8.19,historical
bats2,1925,3,8.19,historical
bats2,1925,4,8.2,historical
bats2,1925,5,8.19,historical
bats2,1925,6,8.16,historical
bats2,1925,7,8.13,historical
bats2,1925,8,8.1,historical
bats2,1925,9,8.12,historical
bats2,1925,10,8.15,historical
bats2,1925,11,8.17,historical
bats2,1925,12,8.19,historical
bats2,1926,1,8.19,historical
bats2,1926,2,8.19,historical
bats2,1926,3,8.19,historical
bats2,1926,4,8.19,historical
bats2,1926,5,8.18,historical
bats2,1926,6,8.16,historical
bats2,1926,7,8.13,historical
bats2,1926,8,8.11,historical
bats2,1926,9,8.11,historical
bats2,1926,10,8.14,historical
bats2,1926,11,8.16,historical
bats2,1926,12,8.18,historical
bats2,1927,1,8.19,historical
bats2,1927,2,8.19,historical
bats2,1927,3,8.19,historical
bats2,1927,4,8.2,historical
bats2,1927,5,8.19,historical
bats2,1927,6,8.16,historical
bats2,1927,7,8.12,historical
bats2,1927,8,8.1,historical
bats2,1927,9,8.11,historical
bats2,1927,10,8.14,historical
bats2,1927,11,8.17,historical
bats2,1927,12,8.19,historical
bats2,1928,1,8.19,historical
bats2,1928,2,8.19,historical
bats2,1928,3,8.19,historical
bats2,1928,4,8.2,historical
bats2,1928,5,8.18,historical
bats2,1928,6,8.16,historical
bats2,1928,7,8.13,historical
bats2,1928,8,8.1,historical
bats2,1928,9,8.11,historical
bats2,1928,10,8.14,historical
bats2,1928,11,8.16,historical
bats2,1928,12,8.18,historical
bats2,1929,1,8.19,historical
bats2,1929,2,8.18,historical
bats2,1929,3,8.19,historical
bats2,1929,4,8.19,historical
bats2,1929,5,8.19,historical
bats2,1929,6,8.16,historical
bats2,1929,7,8.13,historical
bats2,1929,8,8.11,historical
bats2,1929,9,8.11,historical
bats2,1929,10,8.14,historical
bats2,1929,11,8.16,historical
bats2,1929,12,8.18,historical
bats2,1930,1,8.19,historical
bats2,1930,2,8.19,historical
bats2,1930,3,8.19,historical
bats2,1930,4,8.19,historical
bats2,1930,5,8.19,historical
bats2,1930,6,8.16,historical
bats2,1930,7,8.13,historical
bats2,1930,8,8.11,historical
bats2,1930,9,8.11,historical
bats2,1930,10,8.14,historical
bats2,1930,11,8.17,historical
bats2,1930,12,8.18,historical
bats2,1931,1,8.19,historical
bats2,1931,2,8.18,historical
bats2,1931,3,8.18,historical
bats2,1931,4,8.19,historical
bats2,1931,5,8.19,historical
bats2,1931,6,8.16,historical
bats2,1931,7,8.12,historical
bats2,1931,8,8.1,historical
bats2,1931,9,8.11,historical
bats2,1931,10,8.14,historical
bats2,1931,11,8.16,historical
bats2,1931,12,8.18,historical
bats2,1932,1,8.19,historical
bats2,1932,2,8.19,historical
bats2,1932,3,8.19,historical
bats2,1932,4,8.19,historical
bats2,1932,5,8.18,historical
bats2,1932,6,8.16,historical
bats2,1932,7,8.12,historical
bats2,1932,8,8.1,historical
bats2,1932,9,8.11,historical
bats2,1932,10,8.14,historical
bats2,1932,11,8.16,historical
bats2,1932,12,8.18,historical
bats2,1933,1,8.19,historical
bats2,1933,2,8.18,historical
bats2,1933,3,8.19,historical
bats2,1933,4,8.19,historical
bats2,1933,5,8.18,historical
bats2,1933,6,8.16,historical
bats2,1933,7,8.13,historical
bats2,1933,8,8.11,historical
bats2,1933,9,8.11,historical
bats2,1933,10,8.14,historical
bats2,1933,11,8.16,historical
bats2,1933,12,8.18,historical
bats2,1934,1,8.18,historical
bats2,1934,2,8.18,historical
bats2,1934,3,8.18,historical
bats2,1934,4,8.19,historical
bats2,1934,5,8.19,historical
bats2,1934,6,8.16,historical
bats2,1934,7,8.12,historical
bats2,1934,8,8.11,historical
bats2,1934,9,8.11,historical
bats2,1934,10,8.14,historical
bats2,1934,11,8.17,historical
bats2,1934,12,8.18,historical
bats2,1935,1,8.19,historical
bats2,1935,2,8.19,historical
bats2,1935,3,8.19,historical
bats2,1935,4,8.19,historical
bats2,1935,5,8.18,historical
bats2,1935,6,8.16,historical
bats2,1935,7,8.13,historical
bats2,1935,8,8.11,historical
bats2,1935,9,8.12,historical
bats2,1935,10,8.14,historical
bats2,1935,11,8.16,historical
bats2,1935,12,8.18,historical
bats2,1936,1,8.19,historical
bats2,1936,2,8.19,historical
bats2,1936,3,8.19,historical
bats2,1936,4,8.19,historical
bats2,1936,5,8.18,historical
bats2,1936,6,8.15,historical
bats2,1936,7,8.13,historical
bats2,1936,8,8.11,historical
bats2,1936,9,8.11,historical
bats2,1936,10,8.14,historical
bats2,1936,11,8.16,historical
bats2,1936,12,8.18,historical
bats2,1937,1,8.18,historical
bats2,1937,2,8.19,historical
bats2,1937,3,8.19,historical
bats2,1937,4,8.19,historical
bats2,1937,5,8.18,historical
bats2,1937,6,8.15,historical
bats2,1937,7,8.12,historical
bats2,1937,8,8.1,historical
bats2,1937,9,8.11,historical
bats2,1937,10,8.13,historical
bats2,1937,11,8.16,historical
bats2,1937,12,8.18,historical
bats2,1938,1,8.19,historical
bats2,1938,2,8.18,historical
bats2,1938,3,8.18,historical
bats2,1938,4,8.19,historical
bats2,1938,5,8.18,historical
bats2,1938,6,8.16,historical
bats2,1938,7,8.12,historical
bats2,1938,8,8.1,historical
bats2,1938,9,8.11,historical
bats2,1938,10,8.14,historical
bats2,1938,11,8.16,historical
bats2,1938,12,8.18,historical
bats2,1939,1,8.18,historical
bats2,1939,2,8.18,historical
bats2,1939,3,8.19,historical
bats2,1939,4,8.19,historical
bats2,1939,5,8.18,historical
bats2,1939,6,8.15,historical
bats2,1939,7,8.12,historical
bats2,1939,8,8.1,historical
bats2,1939,9,8.11,historical
bats2,1939,10,8.13,historical
bats2,1939,11,8.16,historical
bats2,1939,12,8.18,historical
bats2,1940,1,8.18,historical
bats2,1940,2,8.18,historical
bats2,1940,3,8.19,historical
bats2,1940,4,8.19,historical
bats2,1940,5,8.18,historical
bats2,1940,6,8.16,historical
bats2,1940,7,8.12,historical
bats2,1940,8,8.1,historical
bats2,1940,9,8.11,historical
bats2,1940,10,8.13,historical
bats2,1940,11,8.16,historical
bats2,1940,12,8.18,historical
bats2,1941,1,8.18,historical
bats2,1941,2,8.18,historical
bats2,1941,3,8.18,historical
bats2,1941,4,8.19,historical
bats2,1941,5,8.18,historical
bats2,1941,6,8.15,historical
bats2,1941,7,8.12,historical
bats2,1941,8,8.11,historical
bats2,1941,9,8.11,historical
bats2,1941,10,8.13,historical
bats2,1941,11,8.16,historical
bats2,1941,12,8.18,historical
bats2,1942,1,8.18,historical
bats2,1942,2,8.18,historical
bats2,1942,3,8.18,historical
bats2,1942,4,8.19,historical
bats2,1942,5,8.18,historical
bats2,1942,6,8.15,historical
bats2,1942,7,8.11,historical
bats2,1942,8,8.09,historical
bats2,1942,9,8.11,historical
bats2,1942,10,8.13,historical
bats2,1942,11,8.16,historical
bats2,1942,12,8.18,historical
bats2,1943,1,8.18,historical
bats2,1943,2,8.18,historical
bats2,1943,3,8.18,historical
bats2,1943,4,8.19,historical
bats2,1943,5,8.18,historical
bats2,1943,6,8.15,historical
bats2,1943,7,8.12,historical
bats2,1943,8,8.1,historical
bats2,1943,9,8.11,historical
bats2,1943,10,8.13,historical
bats2,1943,11,8.16,historical
bats2,1943,12,8.18,historical
bats2,1944,1,8.18,historical
bats2,1944,2,8.18,historical
bats2,1944,3,8.18,historical
bats2,1944,4,8.18,historical
bats2,1944,5,8.18,historical
bats2,1944,6,8.15,historical
bats2,1944,7,8.12,historical
bats2,1944,8,8.1,historical
bats2,1944,9,8.1,historical
bats2,1944,10,8.13,historical
bats2,1944,11,8.16,historical
bats2,1944,12,8.18,historical
bats2,1945,1,8.18,historical
bats2,1945,2,8.18,historical
bats2,1945,3,8.18,historical
bats2,1945,4,8.19,historical
bats2,1945,5,8.18,historical
bats2,1945,6,8.15,historical
bats2,1945,7,8.12,historical
bats2,1945,8,8.1,historical
bats2,1945,9,8.11,historical
bats2,1945,10,8.13,historical
bats2,1945,11,8.16,historical
bats2,1945,12,8.18,historical
bats2,1946,1,8.18,historical
bats2,1946,2,8.18,historical
bats2,1946,3,8.18,historical
bats2,1946,4,8.19,historical
bats2,1946,5,8.18,historical
bats2,1946,6,8.15,historical
bats2,1946,7,8.12,historical
bats2,1946,8,8.1,historical
bats2,1946,9,8.11,historical
bats2,1946,10,8.13,historical
bats2,1946,11,8.16,historical
bats2,1946,12,8.17,historical
bats2,1947,1,8.18,historical
bats2,1947,2,8.18,historical
bats2,1947,3,8.18,historical
bats2,1947,4,8.19,historical
bats2,1947,5,8.17,historical
bats2,1947,6,8.15,historical
bats2,1947,7,8.12,historical
bats2,1947,8,8.11,historical
bats2,1947,9,8.11,historical
bats2,1947,10,8.13,historical
bats2,1947,11,8.16,historical
bats2,1947,12,8.18,historical
bats2,1948,1,8.18,historical
bats2,1948,2,8.18,historical
bats2,1948,3,8.18,historical
bats2,1948,4,8.19,historical
bats2,1948,5,8.17,historical
bats2,1948,6,8.15,historical
bats2,1948,7,8.12,historical
bats2,1948,8,8.1,historical
bats2,1948,9,8.11,historical
bats2,1948,10,8.13,historical
bats2,1948,11,8.16,historical
bats2,1948,12,8.18,historical
bats2,1949,1,8.18,historical
bats2,1949,2,8.18,historical
bats2,1949,3,8.18,historical
bats2,1949,4,8.19,historical
bats2,1949,5,8.18,historical
bats2,1949,6,8.15,historical
bats2,1949,7,8.11,historical
bats2,1949,8,8.1,historical
bats2,1949,9,8.1,historical
bats2,1949,10,8.13,historical
bats2,1949,11,8.15,historical
bats2,1949,12,8.18,historical
bats2,1950,1,8.18,historical
bats2,1950,2,8.18,historical
bats2,1950,3,8.18,historical
bats2,1950,4,8.19,historical
bats2,1950,5,8.17,historical
bats2,1950,6,8.15,historical
bats2,1950,7,8.12,historical
bats2,1950,8,8.1,historical
bats2,1950,9,8.11,historical
bats2,1950,10,8.13,historical
bats2,1950,11,8.16,historical
bats2,1950,12,8.18,historical
bats2,1951,1,8.18,historical
bats2,1951,2,8.18,historical
bats2,1951,3,8.18,historical
bats2,1951,4,8.19,historical
bats2,1951,5,8.18,historical
bats2,1951,6,8.15,historical
bats2,1951,7,8.12,historical
bats2,1951,8,8.11,historical
bats2,1951,9,8.1,historical
bats2,1951,10,8.12,historical
bats2,1951,11,8.15,historical
bats2,1951,12,8.17,historical
bats2,1952,1,8.18,historical
bats2,1952,2,8.18,historical
bats2,1952,3,8.18,historical
bats2,1952,4,8.18,historical
bats2,1952,5,8.18,historical
bats2,1952,6,8.15,historical
bats2,1952,7,8.12,historical
bats2,1952,8,8.1,historical
bats2,1952,9,8.1,historical
bats2,1952,10,8.13,historical
bats2,1952,11,8.16,historical
bats2,1952,12,8.18,historical
bats2,1953,1,8.18,historical
bats2,1953,2,8.18,historical
bats2,1953,3,8.18,historical
bats2,1953,4,8.18,historical
bats2,1953,5,8.18,historical
bats2,1953,6,8.15,historical
bats2,1953,7,8.12,historical
bats2,1953,8,8.09,historical
bats2,1953,9,8.11,historical
bats2,1953,10,8.13,historical
bats2,1953,11,8.16,historical
bats2,1953,12,8.18,historical
bats2,1954,1,8.18,historical
bats2,1954,2,8.18,historical
bats2,1954,3,8.18,historical
bats2,1954,4,8.18,historical
bats2,1954,5,8.18,historical
bats2,1954,6,8.15,historical
bats2,1954,7,8.11,historical
bats2,1954,8,8.1,historical
bats2,1954,9,8.11,historical
bats2,1954,10,8.13,historical
bats2,1954,11,8.15,historical
bats2,1954,12,8.18,historical
bats2,1955,1,8.18,historical
bats2,1955,2,8.18,historical
bats2,1955,3,8.18,historical
bats2,1955,4,8.18,historical
bats2,1955,5,8.18,historical
bats2,1955,6,8.15,historical
bats2,1955,7,8.12,historical
bats2,1955,8,8.1,historical
bats2,1955,9,8.11,historical
bats2,1955,10,8.13,historical
bats2,1955,11,8.16,historical
bats2,1955,12,8.17,historical
bats2,1956,1,8.18,historical
bats2,1956,2,8.17,historical
bats2,1956,3,8.18,historical
bats2,1956,4,8.18,historical
bats2,1956,5,8.17,historical
bats2,1956,6,8.15,historical
bats2,1956,7,8.11,historical
bats2,1956,8,8.1,historical
bats2,1956,9,8.11,historical
bats2,1956,10,8.13,historical
bats2,1956,11,8.16,historical
bats2,1956,12,8.18,historical
bats2,1957,1,8.18,historical
bats2,1957,2,8.18,historical
bats2,1957,3,8.18,historical
bats2,1957,4,8.19,historical
bats2,1957,5,8.17,historical
bats2,1957,6,8.15,historical
bats2,1957,7,8.12,historical
bats2,1957,8,8.1,historical
bats2,1957,9,8.1,historical
bats2,1957,10,8.12,historical
bats2,1957,11,8.15,historical
bats2,1957,12,8.17,historical
bats2,1958,1,8.18,historical
bats2,1958,2,8.17,historical
bats2,1958,3,8.18,historical
bats2,1958,4,8.18,historical
bats2,1958,5,8.17,historical
bats2,1958,6,8.15,historical
bats2,1958,7,8.12,historical
bats2,1958,8,8.11,historical
bats2,1958,9,8.11,historical
bats2,1958,10,8.13,historical
bats2,1958,11,8.16,historical
bats2,1958,12,8.17,historical
bats2,1959,1,8.18,historical
bats2,1959,2,8.18,historical
bats2,1959,3,8.18,historical
bats2,1959,4,8.18,historical
bats2,1959,5,8.17,historical
bats2,1959,6,8.14,historical
bats2,1959,7,8.11,historical
bats2,1959,8,8.1,historical
bats2,1959,9,8.1,historical
bats2,1959,10,8.12,historical
bats2,1959,11,8.15,historical
bats2,1959,12,8.17,historical
bats2,1960,1,8.18,historical
bats2,1960,2,8.18,historical
bats2,1960,3,8.18,historical
bats2,1960,4,8.18,historical
bats2,1960,5,8.18,historical
bats2,1960,6,8.15,historical
bats2,1960,7,8.11,historical
bats2,1960,8,8.1,historical
bats2,1960,9,8.1,historical
bats2,1960,10,8.13,historical
bats2,1960,11,8.16,historical
bats2,1960,12,8.17,historical
bats2,1961,1,8.18,historical
bats2,1961,2,8.18,historical
bats2,1961,3,8.18,historical
bats2,1961,4,8.18,historical
bats2,1961,5,8.17,historical
bats2,1961,6,8.15,historical
bats2,1961,7,8.12,historical
bats2,1961,8,8.1,historical
bats2,1961,9,8.11,historical
bats2,1961,10,8.13,historical
bats2,1961,11,8.16,historical
bats2,1961,12,8.17,historical
bats2,1962,1,8.18,historical
bats2,1962,2,8.17,historical
bats2,1962,3,8.18,historical
bats2,1962,4,8.18,historical
bats2,1962,5,8.17,historical
bats2,1962,6,8.15,historical
bats2,1962,7,8.12,historical
bats2,1962,8,8.1,historical
bats2,1962,9,8.1,historical
bats2,1962,10,8.13,historical
bats2,1962,11,8.16,historical
bats2,1962,12,8.17,historical
bats2,1963,1,8.18,historical
bats2,1963,2,8.18,historical
bats2,1963,3,8.18,historical
bats2,1963,4,8.18,historical
bats2,1963,5,8.18,historical
bats2,1963,6,8.15,historical
bats2,1963,7,8.12,historical
bats2,1963,8,8.1,historical
bats2,1963,9,8.11,historical
bats2,1963,10,8.12,historical
bats2,1963,11,8.15,historical
bats2,1963,12,8.17,historical
bats2,1964,1,8.18,historical
bats2,1964,2,8.17,historical
bats2,1964,3,8.18,historical
bats2,1964,4,8.18,historical
bats2,1964,5,8.17,historical
bats2,1964,6,8.14,historical
bats2,1964,7,8.11,historical
bats2,1964,8,8.09,historical
bats2,1964,9,8.1,historical
bats2,1964,10,8.12,historical
bats2,1964,11,8.15,historical
bats2,1964,12,8.17,historical
bats2,1965,1,8.18,historical
bats2,1965,2,8.17,historical
bats2,1965,3,8.17,historical
bats2,1965,4,8.18,historical
bats2,1965,5,8.18,historical
bats2,1965,6,8.15,historical
bats2,1965,7,8.11,historical
bats2,1965,8,8.09,historical
bats2,1965,9,8.1,historical
bats2,1965,10,8.12,historical
bats2,1965,11,8.15,historical
bats2,1965,12,8.17,historical
bats2,1966,1,8.17,historical
bats2,1966,2,8.17,historical
bats2,1966,3,8.17,historical
bats2,1966,4,8.18,historical
bats2,1966,5,8.17,historical
bats2,1966,6,8.15,historical
bats2,1966,7,8.11,historical
bats2,1966,8,8.09,historical
bats2,1966,9,8.1,historical
bats2,1966,10,8.12,historical
bats2,1966,11,8.15,historical
bats2,1966,12,8.17,historical
bats2,1967,1,8.18,historical
bats2,1967,2,8.18,historical
bats2,1967,3,8.17,historical
bats2,1967,4,8.18,historical
bats2,1967,5,8.17,historical
bats2,1967,6,8.15,historical
bats2,1967,7,8.11,historical
bats2,1967,8,8.09,historical
bats2,1967,9,8.1,historical
bats2,1967,10,8.12,historical
bats2,1967,11,8.14,historical
bats2,1967,12,8.17,historical
bats2,1968,1,8.18,historical
bats2,1968,2,8.18,historical
bats2,1968,3,8.18,historical
bats2,1968,4,8.18,historical
bats2,1968,5,8.17,historical
bats2,1968,6,8.14,historical
bats2,1968,7,8.11,historical
bats2,1968,8,8.09,historical
bats2,1968,9,8.1,historical
bats2,1968,10,8.13,historical
bats2,1968,11,8.15,historical
bats2,1968,12,8.17,historical
bats2,1969,1,8.18,historical
bats2,1969,2,8.17,historical
bats2,1969,3,8.17,historical
bats2,1969,4,8.18,historical
bats2,1969,5,8.17,historical
bats2,1969,6,8.14,historical
bats2,1969,7,8.11,historical
bats2,1969,8,8.09,historical
bats2,1969,9,8.1,historical
bats2,1969,10,8.12,historical
bats2,1969,11,8.15,historical
bats2,1969,12,8.17,historical
bats2,1970,1,8.17,historical
bats2,1970,2,8.17,historical
bats2,1970,3,8.17,historical
bats2,1970,4,8.18,historical
bats2,1970,5,8.17,historical
bats2,1970,6,8.15,historical
bats2,1970,7,8.11,historical
bats2,1970,8,8.09,historical
bats2,1970,9,8.1,historical
bats2,1970,10,8.13,historical
bats2,1970,11,8.15,historical
bats2,1970,12,8.17,historical
bats2,1971,1,8.17,historical
bats2,1971,2,8.17,historical
bats2,1971,3,8.17,historical
bats2,1971,4,8.17,historical
bats2,1971,5,8.17,historical
bats2,1971,6,8.14,historical
bats2,1971,7,8.1,historical
bats2,1971,8,8.09,historical
bats2,1971,9,8.1,historical
bats2,1971,10,8.12,historical
bats2,1971,11,8.15,historical
bats2,1971,12,8.17,historical
bats2,1972,1,8.17,historical
bats2,1972,2,8.17,historical
bats2,1972,3,8.17,historical
bats2,1972,4,8.18,historical
bats2,1972,5,8.17,historical
bats2,1972,6,8.14,historical
bats2,1972,7,8.1,historical
bats2,1972,8,8.09,historical
bats2,1972,9,8.1,historical
bats2,1972,10,8.12,historical
bats2,1972,11,8.14,historical
bats2,1972,12,8.17,historical
bats2,1973,1,8.17,historical
bats2,1973,2,8.17,historical
bats2,1973,3,8.17,historical
bats2,1973,4,8.17,historical
bats2,1973,5,8.17,historical
bats2,1973,6,8.14,historical
bats2,1973,7,8.1,historical
bats2,1973,8,8.08,historical
bats2,1973,9,8.09,historical
bats2,1973,10,8.12,historical
bats2,1973,11,8.15,historical
bats2,1973,12,8.16,historical
bats2,1974,1,8.17,historical
bats2,1974,2,8.17,historical
bats2,1974,3,8.17,historical
bats2,1974,4,8.18,historical
bats2,1974,5,8.17,historical
bats2,1974,6,8.14,historical
bats2,1974,7,8.11,historical
bats2,1974,8,8.09,historical
bats2,1974,9,8.09,historical
bats2,1974,10,8.11,historical
bats2,1974,11,8.14,historical
bats2,1974,12,8.16,historical
bats2,1975,1,8.17,historical
bats2,1975,2,8.17,historical
bats2,1975,3,8.17,historical
bats2,1975,4,8.17,historical
bats2,1975,5,8.16,historical
bats2,1975,6,8.13,historical
bats2,1975,7,8.1,historical
bats2,1975,8,8.09,historical
bats2,1975,9,8.1,historical
bats2,1975,10,8.12,historical
bats2,1975,11,8.14,historical
bats2,1975,12,8.16,historical
bats2,1976,1,8.16,historical
bats2,1976,2,8.16,historical
bats2,1976,3,8.17,historical
bats2,1976,4,8.17,historical
bats2,1976,5,8.16,historical
bats2,1976,6,8.14,historical
bats2,1976,7,8.11,historical
bats2,1976,8,8.09,historical
bats2,1976,9,8.09,historical
bats2,1976,10,8.11,historical
bats2,1976,11,8.14,historical
bats2,1976,12,8.16,historical
bats2,1977,1,8.16,historical
bats2,1977,2,8.16,historical
bats2,1977,3,8.16,historical
bats2,1977,4,8.17,historical
bats2,1977,5,8.16,historical
bats2,1977,6,8.13,historical
bats2,1977,7,8.1,historical
bats2,1977,8,8.09,historical
bats2,1977,9,8.09,historical
bats2,1977,10,8.11,historical
bats2,1977,11,8.14,historical
bats2,1977,12,8.16,historical
bats2,1978,1,8.16,historical
bats2,1978,2,8.16,historical
bats2,1978,3,8.16,historical
bats2,1978,4,8.17,historical
bats2,1978,5,8.16,historical
bats2,1978,6,8.13,historical
bats2,1978,7,8.1,historical
bats2,1978,8,8.08,historical
bats2,1978,9,8.09,historical
bats2,1978,10,8.11,historical
bats2,1978,11,8.14,historical
bats2,1978,12,8.15,historical
bats2,1979,1,8.16,historical
bats2,1979,2,8.16,historical
bats2,1979,3,8.16,historical
bats2,1979,4,8.16,historical
bats2,1979,5,8.16,historical
bats2,1979,6,8.13,historical
bats2,1979,7,8.1,historical
bats2,1979,8,8.08,historical
bats2,1979,9,8.09,historical
bats2,1979,10,8.11,historical
bats2,1979,11,8.14,historical
bats2,1979,12,8.16,historical
bats2,1980,1,8.16,historical
bats2,1980,2,8.16,historical
bats2,1980,3,8.16,historical
bats2,1980,4,8.17,historical
bats2,1980,5,8.15,historical
bats2,1980,6,8.13,historical
bats2,1980,7,8.1,historical
bats2,1980,8,8.08,historical
bats2,1980,9,8.09,historical
bats2,1980,10,8.11,historical
bats2,1980,11,8.14,historical
bats2,1980,12,8.16,historical
bats2,1981,1,8.16,historical
bats2,1981,2,8.16,historical
bats2,1981,3,8.16,historical
bats2,1981,4,8.17,historical
bats2,1981,5,8.15,historical
bats2,1981,6,8.13,historical
bats2,1981,7,8.09,historical
bats2,1981,8,8.07,historical
bats2,1981,9,8.08,historical
bats2,1981,10,8.1,historical
bats2,1981,11,8.13,historical
bats2,1981,12,8.15,historical
bats2,1982,1,8.16,historical
bats2,1982,2,8.16,historical
bats2,1982,3,8.16,historical
bats2,1982,4,8.16,historical
bats2,1982,5,8.15,historical
bats2,1982,6,8.13,historical
bats2,1982,7,8.09,historical
bats2,1982,8,8.08,historical
bats2,1982,9,8.08,historical
bats2,1982,10,8.11,historical
bats2,1982,11,8.13,historical
bats2,1982,12,8.15,historical
bats2,1983,1,8.16,historical
bats2,1983,2,8.16,historical
bats2,1983,3,8.16,historical
bats2,1983,4,8.16,historical
bats2,1983,5,8.15,historical
bats2,1983,6,8.13,historical
bats2,1983,7,8.1,historical
bats2,1983,8,8.08,historical
bats2,1983,9,8.09,historical
bats2,1983,10,8.11,historical
bats2,1983,11,8.14,historical
bats2,1983,12,8.15,historical
bats2,1984,1,8.15,historical
bats2,1984,2,8.15,historical
bats2,1984,3,8.16,historical
bats2,1984,4,8.16,historical
bats2,1984,5,8.15,historical
bats2,1984,6,8.12,historical
bats2,1984,7,8.09,historical
bats2,1984,8,8.08,historical
bats2,1984,9,8.08,historical
bats2,1984,10,8.1,historical
bats2,1984,11,8.13,historical
bats2,1984,12,8.15,historical
bats2,1985,1,8.15,historical
bats2,1985,2,8.15,historical
bats2,1985,3,8.15,historical
bats2,1985,4,8.16,historical
bats2,1985,5,8.15,historical
bats2,1985,6,8.12,historical
bats2,1985,7,8.09,historical
bats2,1985,8,8.07,historical
bats2,1985,9,8.08,historical
bats2,1985,10,8.1,historical
bats2,1985,11,8.13,historical
bats2,1985,12,8.15,historical
bats2,1986,1,8.15,historical
bats2,1986,2,8.15,historical
bats2,1986,3,8.15,historical
bats2,1986,4,8.16,historical
bats2,1986,5,8.15,historical
bats2,1986,6,8.12,historical
bats2,1986,7,8.09,historical
bats2,1986,8,8.07,historical
bats2,1986,9,8.08,historical
bats2,1986,10,8.1,historical
bats2,1986,11,8.13,historical
bats2,1986,12,8.15,historical
bats2,1987,1,8.15,historical
bats2,1987,2,8.15,historical
bats2,1987,3,8.15,historical
bats2,1987,4,8.16,historical
bats2,1987,5,8.15,historical
bats2,1987,6,8.12,historical
bats2,1987,7,8.09,historical
bats2,1987,8,8.07,historical
bats2,1987,9,8.08,historical
bats2,1987,10,8.1,historical
bats2,1987,11,8.12,historical
bats2,1987,12,8.14,historical
bats2,1988,1,8.15,historical
bats2,1988,2,8.15,historical
bats2,1988,3,8.15,historical
bats2,1988,4,8.15,historical
bats2,1988,5,8.14,historical
bats2,1988,6,8.12,historical
bats2,1988,7,8.08,historical
bats2,1988,8,8.06,historical
bats2,1988,9,8.07,historical
bats2,1988,10,8.1,historical
bats2,1988,11,8.12,historical
bats2,1988,12,8.14,historical
bats2,1989,1,8.14,historical
bats2,1989,2,8.14,historical
bats2,1989,3,8.15,historical
bats2,1989,4,8.15,historical
bats2,1989,5,8.14,historical
bats2,1989,6,8.11,historical
bats2,1989,7,8.08,historical
bats2,1989,8,8.06,historical
bats2,1989,9,8.07,historical
bats2,1989,10,8.1,historical
bats2,1989,11,8.12,historical
bats2,1989,12,8.14,historical
bats2,1990,1,8.14,historical
bats2,1990,2,8.14,historical
bats2,1990,3,8.14,historical
bats2,1990,4,8.15,historical
bats2,1990,5,8.14,historical
bats2,1990,6,8.11,historical
bats2,1990,7,8.08,historical
bats2,1990,8,8.06,historical
bats2,1990,9,8.06,historical
bats2,1990,10,8.09,historical
bats2,1990,11,8.12,historical
bats2,1990,12,8.14,historical
bats2,1991,1,8.14,historical
bats2,1991,2,8.14,historical
bats2,1991,3,8.14,historical
bats2,1991,4,8.15,historical
bats2,1991,5,8.14,historical
bats2,1991,6,8.11,historical
bats2,1991,7,8.07,historical
bats2,1991,8,8.06,historical
bats2,1991,9,8.06,historical
bats2,1991,10,8.09,historical
bats2,1991,11,8.12,historical
bats2,1991,12,8.14,historical
bats2,1992,1,8.14,historical
bats2,1992,2,8.14,historical
bats2,1992,3,8.14,historical
bats2,1992,4,8.15,historical
bats2,1992,5,8.13,historical
bats2,1992,6,8.11,historical
bats2,1992,7,8.08,historical
bats2,1992,8,8.06,historical
bats2,1992,9,8.07,historical
bats2,1992,10,8.09,historical
bats2,1992,11,8.12,historical
bats2,1992,12,8.14,historical
bats2,1993,1,8.14,historical
bats2,1993,2,8.14,historical
bats2,1993,3,8.14,historical
bats2,1993,4,8.15,historical
bats2,1993,5,8.14,historical
bats2,1993,6,8.11,historical
bats2,1993,7,8.07,historical
bats2,1993,8,8.06,historical
bats2,1993,9,8.06,historical
bats2,1993,10,8.09,historical
bats2,1993,11,8.12,historical
bats2,1993,12,8.14,historical
bats2,1994,1,8.14,historical
bats2,1994,2,8.14,historical
bats2,1994,3,8.14,historical
bats2,1994,4,8.14,historical
bats2,1994,5,8.14,historical
bats2,1994,6,8.11,historical
bats2,1994,7,8.08,historical
bats2,1994,8,8.06,historical
bats2,1994,9,8.06,historical
bats2,1994,10,8.09,historical
bats2,1994,11,8.11,historical
bats2,1994,12,8.13,historical
bats2,1995,1,8.14,historical
bats2,1995,2,8.14,historical
bats2,1995,3,8.14,historical
bats2,1995,4,8.14,historical
bats2,1995,5,8.13,historical
bats2,1995,6,8.09,historical
bats2,1995,7,8.07,historical
bats2,1995,8,8.05,historical
bats2,1995,9,8.06,historical
bats2,1995,10,8.09,historical
bats2,1995,11,8.12,historical
bats2,1995,12,8.13,historical
bats2,1996,1,8.14,historical
bats2,1996,2,8.14,historical
bats2,1996,3,8.14,historical
bats2,1996,4,8.14,historical
bats2,1996,5,8.13,historical
bats2,1996,6,8.1,historical
bats2,1996,7,8.07,historical
bats2,1996,8,8.05,historical
bats2,1996,9,8.06,historical
bats2,1996,10,8.08,historical
bats2,1996,11,8.11,historical
bats2,1996,12,8.13,historical
bats2,1997,1,8.14,historical
bats2,1997,2,8.14,historical
bats2,1997,3,8.14,historical
bats2,1997,4,8.14,historical
bats2,1997,5,8.13,historical
bats2,1997,6,8.1,historical
bats2,1997,7,8.07,historical
bats2,1997,8,8.05,historical
bats2,1997,9,8.06,historical
bats2,1997,10,8.08,historical
bats2,1997,11,8.11,historical
bats2,1997,12,8.13,historical
bats2,1998,1,8.13,historical
bats2,1998,2,8.13,historical
bats2,1998,3,8.14,historical
bats2,1998,4,8.14,historical
bats2,1998,5,8.13,historical
bats2,1998,6,8.11,historical
bats2,1998,7,8.07,historical
bats2,1998,8,8.05,historical
bats2,1998,9,8.05,historical
bats2,1998,10,8.08,historical
bats2,1998,11,8.11,historical
bats2,1998,12,8.13,historical
bats2,1999,1,8.13,historical
bats2,1999,2,8.13,historical
bats2,1999,3,8.14,historical
bats2,1999,4,8.14,historical
bats2,1999,5,8.13,historical
bats2,1999,6,8.1,historical
bats2,1999,7,8.06,historical
bats2,1999,8,8.05,historical
bats2,1999,9,8.05,historical
bats2,1999,10,8.08,historical
bats2,1999,11,8.11,historical
bats2,1999,12,8.12,historical
bats2,2000,1,8.13,historical
bats2,2000,2,8.13,historical
bats2,2000,3,8.14,historical
bats2,2000,4,8.14,historical
bats2,2000,5,8.13,historical
bats2,2000,6,8.1,historical
bats2,2000,7,8.06,historical
bats2,2000,8,8.05,historical
bats2,2000,9,8.05,historical
bats2,2000,10,8.07,historical
bats2,2000,11,8.1,historical
bats2,2000,12,8.12,historical
bats2,2001,1,8.13,historical
bats2,2001,2,8.13,historical
bats2,2001,3,8.13,historical
bats2,2001,4,8.13,historical
bats2,2001,5,8.12,historical
bats2,2001,6,8.1,historical
bats2,2001,7,8.06,historical
bats2,2001,8,8.05,historical
bats2,2001,9,8.06,historical
bats2,2001,10,8.08,historical
bats2,2001,11,8.1,historical
bats2,2001,12,8.12,historical
bats2,2002,1,8.13,historical
bats2,2002,2,8.13,historical
bats2,2002,3,8.13,historical
bats2,2002,4,8.13,historical
bats2,2002,5,8.12,historical
bats2,2002,6,8.09,historical
bats2,2002,7,8.05,historical
bats2,2002,8,8.04,historical
bats2,2002,9,8.04,historical
bats2,2002,10,8.07,historical
bats2,2002,11,8.1,historical
bats2,2002,12,8.12,historical
bats2,2003,1,8.13,historical
bats2,2003,2,8.13,historical
bats2,2003,3,8.13,historical
bats2,2003,4,8.13,historical
bats2,2003,5,8.12,historical
bats2,2003,6,8.1,historical
bats2,2003,7,8.06,historical
bats2,2003,8,8.04,historical
bats2,2003,9,8.04,historical
bats2,2003,10,8.07,historical
bats2,2003,11,8.1,historical
bats2,2003,12,8.12,historical
bats2,2004,1,8.12,historical
bats2,2004,2,8.12,historical
bats2,2004,3,8.13,historical
bats2,2004,4,8.13,historical
bats2,2004,5,8.12,historical
bats2,2004,6,8.08,historical
bats2,2004,7,8.05,historical
bats2,2004,8,8.04,historical
bats2,2004,9,8.04,historical
bats2,2004,10,8.07,historical
bats2,2004,11,8.1,historical
bats2,2004,12,8.12,historical
bats2,2005,1,8.12,historical
bats2,2005,2,8.12,historical
bats2,2005,3,8.13,historical
bats2,2005,4,8.13,historical
bats2,2005,5,8.12,historical
bats2,2005,6,8.09,historical
bats2,2005,7,8.05,historical
bats2,2005,8,8.03,historical
bats2,2005,9,8.04,historical
bats2,2005,10,8.07,historical
bats2,2005,11,8.1,historical
bats2,2005,12,8.11,historical
bats2,2006,1,8.12,historical
bats2,2006,2,8.12,historical
bats2,2006,3,8.12,historical
bats2,2006,4,8.12,historical
bats2,2006,5,8.11,historical
bats2,2006,6,8.09,historical
bats2,2006,7,8.05,historical
bats2,2006,8,8.03,historical
bats2,2006,9,8.04,historical
bats2,2006,10,8.07,historical
bats2,2006,11,8.09,historical
bats2,2006,12,8.11,historical
bats2,2007,1,8.12,historical
bats2,2007,2,8.12,historical
bats2,2007,3,8.12,historical
bats2,2007,4,8.13,historical
bats2,2007,5,8.11,historical
bats2,2007,6,8.08,historical
bats2,2007,7,8.05,historical
bats2,2007,8,8.03,historical
bats2,2007,9,8.03,historical
bats2,2007,10,8.06,historical
bats2,2007,11,8.09,historical
bats2,2007,12,8.11,historical
bats2,2008,1,8.12,historical
bats2,2008,2,8.12,historical
bats2,2008,3,8.12,historical
bats2,2008,4,8.12,historical
bats2,2008,5,8.11,historical
bats2,2008,6,8.08,historical
bats2,2008,7,8.05,historical
bats2,2008,8,8.03,historical
bats2,2008,9,8.03,historical
bats2,2008,10,8.06,historical
bats2,2008,11,8.09,historical
bats2,2008,12,8.11,historical
bats2,2009,1,8.11,historical
bats2,2009,2,8.11,historical
bats2,2009,3,8.12,historical
bats2,2009,4,8.12,historical
bats2,2009,5,8.12,historical
bats2,2009,6,8.08,historical
bats2,2009,7,8.04,historical
bats2,2009,8,8.03,historical
bats2,2009,9,8.03,historical
bats2,2009,10,8.06,historical
bats2,2009,11,8.09,historical
bats2,2009,12,8.11,historical
bats2,2010,1,8.11,historical
bats2,2010,2,8.11,historical
bats2,2010,3,8.12,historical
bats2,2010,4,8.12,historical
bats2,2010,5,8.11,historical
bats2,2010,6,8.07,historical
bats2,2010,7,8.04,historical
bats2,2010,8,8.03,historical
bats2,2010,9,8.03,historical
bats2,2010,10,8.06,historical
bats2,2010,11,8.09,historical
bats2,2010,12,8.11,historical
bats2,2011,1,8.11,historical
bats2,2011,2,8.11,historical
bats2,2011,3,8.11,historical
bats2,2011,4,8.12,historical
bats2,2011,5,8.11,historical
bats2,2011,6,8.08,historical
bats2,2011,7,8.04,historical
bats2,2011,8,8.03,historical
bats2,2011,9,8.03,historical
bats2,2011,10,8.05,historical
bats2,2011,11,8.08,historical
bats2,2011,12,8.11,historical
bats2,2012,1,8.11,historical
bats2,2012,2,8.11,historical
bats2,2012,3,8.11,historical
bats2,2012,4,8.12,historical
bats2,2012,5,8.1,historical
bats2,2012,6,8.08,historical
bats2,2012,7,8.04,historical
bats2,2012,8,8.02,historical
bats2,2012,9,8.03,historical
bats2,2012,10,8.06,historical
bats2,2012,11,8.08,historical
bats2,2012,12,8.1,historical
bats2,2013,1,8.1,historical
bats2,2013,2,8.1,historical
bats2,2013,3,8.11,historical
bats2,2013,4,8.11,historical
bats2,2013,5,8.1,historical
bats2,2013,6,8.07,historical
bats2,2013,7,8.04,historical
bats2,2013,8,8.02,historical
bats2,2013,9,8.03,historical
bats2,2013,10,8.05,historical
bats2,2013,11,8.08,historical
bats2,2013,12,8.1,historical
bats2,2014,1,8.11,historical
bats2,2014,2,8.1,historical
bats2,2014,3,8.11,historical
bats2,2014,4,8.11,historical
bats2,2014,5,8.1,historical
bats2,2014,6,8.07,historical
bats2,2014,7,8.04,historical
bats2,2014,8,8.02,historical
bats2,2014,9,8.03,historical
bats2,2014,10,8.05,historical
bats2,2014,11,8.08,historical
bats2,2014,12,8.1,historical
bats2,2015,1,8.1,ssp126
bats2,2015,2,8.1,ssp126
bats2,2015,3,8.1,ssp126
bats2,2015,4,8.11,ssp126
bats2,2015,5,8.09,ssp126
bats2,2015,6,8.07,ssp126
bats2,2015,7,8.03,ssp126
bats2,2015,8,8.01,ssp126
bats2,2015,9,8.02,ssp126
bats2,2015,10,8.05,ssp126
bats2,2015,11,8.08,ssp126
bats2,2015,12,8.1,ssp126
bats2,2016,1,8.1,ssp126
bats2,2016,2,8.1,ssp126
bats2,2016,3,8.1,ssp126
bats2,2016,4,8.11,ssp126
bats2,2016,5,8.1,ssp126
bats2,2016,6,8.07,ssp126
bats2,2016,7,8.04,ssp126
bats2,2016,8,8.02,ssp126
bats2,2016,9,8.02,ssp126
bats2,2016,10,8.05,ssp126
bats2,2016,11,8.07,ssp126
bats2,2016,12,8.09,ssp126
bats2,2017,1,8.1,ssp126
bats2,2017,2,8.1,ssp126
bats2,2017,3,8.11,ssp126
bats2,2017,4,8.11,ssp126
bats2,2017,5,8.09,ssp126
bats2,2017,6,8.06,ssp126
bats2,2017,7,8.03,ssp126
bats2,2017,8,8.01,ssp126
bats2,2017,9,8.02,ssp126
bats2,2017,10,8.05,ssp126
bats2,2017,11,8.08,ssp126
bats2,2017,12,8.09,ssp126
bats2,2018,1,8.1,ssp126
bats2,2018,2,8.1,ssp126
bats2,2018,3,8.1,ssp126
bats2,2018,4,8.1,ssp126
bats2,2018,5,8.09,ssp126
bats2,2018,6,8.06,ssp126
bats2,2018,7,8.03,ssp126
bats2,2018,8,8.01,ssp126
bats2,2018,9,8.02,ssp126
bats2,2018,10,8.04,ssp126
bats2,2018,11,8.06,ssp126
bats2,2018,12,8.08,ssp126
bats2,2019,1,8.09,ssp126
bats2,2019,2,8.09,ssp126
bats2,2019,3,8.09,ssp126
bats2,2019,4,8.1,ssp126
bats2,2019,5,8.09,ssp126
bats2,2019,6,8.06,ssp126
bats2,2019,7,8.02,ssp126
bats2,2019,8,8,ssp126
bats2,2019,9,8.01,ssp126
bats2,2019,10,8.04,ssp126
bats2,2019,11,8.07,ssp126
bats2,2019,12,8.09,ssp126
bats2,2020,1,8.09,ssp126
bats2,2020,2,8.09,ssp126
bats2,2020,3,8.1,ssp126
bats2,2020,4,8.1,ssp126
bats2,2020,5,8.08,ssp126
bats2,2020,6,8.06,ssp126
bats2,2020,7,8.02,ssp126
bats2,2020,8,8,ssp126
bats2,2020,9,8.01,ssp126
bats2,2020,10,8.04,ssp126
bats2,2020,11,8.06,ssp126
bats2,2020,12,8.08,ssp126
bats2,2021,1,8.09,ssp126
bats2,2021,2,8.09,ssp126
bats2,2021,3,8.09,ssp126
bats2,2021,4,8.1,ssp126
bats2,2021,5,8.09,ssp126
bats2,2021,6,8.05,ssp126
bats2,2021,7,8.02,ssp126
bats2,2021,8,8.01,ssp126
bats2,2021,9,8.01,ssp126
bats2,2021,10,8.04,ssp126
bats2,2021,11,8.06,ssp126
bats2,2021,12,8.08,ssp126
bats2,2022,1,8.09,ssp126
bats2,2022,2,8.09,ssp126
bats2,2022,3,8.09,ssp126
bats2,2022,4,8.09,ssp126
bats2,2022,5,8.08,ssp126
bats2,2022,6,8.05,ssp126
bats2,2022,7,8.01,ssp126
bats2,2022,8,8,ssp126
bats2,2022,9,8.01,ssp126
bats2,2022,10,8.03,ssp126
bats2,2022,11,8.06,ssp126
bats2,2022,12,8.08,ssp126
bats2,2023,1,8.09,ssp126
bats2,2023,2,8.09,ssp126
bats2,2023,3,8.09,ssp126
bats2,2023,4,8.09,ssp126
bats2,2023,5,8.08,ssp126
bats2,2023,6,8.05,ssp126
bats2,2023,7,8.02,ssp126
bats2,2023,8,8,ssp126
bats2,2023,9,8,ssp126
bats2,2023,10,8.03,ssp126
bats2,2023,11,8.06,ssp126
bats2,2023,12,8.08,ssp126
bats2,2024,1,8.08,ssp126
bats2,2024,2,8.08,ssp126
bats2,2024,3,8.08,ssp126
bats2,2024,4,8.09,ssp126
bats2,2024,5,8.08,ssp126
bats2,2024,6,8.05,ssp126
bats2,2024,7,8.01,ssp126
bats2,2024,8,7.99,ssp126
bats2,2024,9,8,ssp126
bats2,2024,10,8.03,ssp126
bats2,2024,11,8.06,ssp126
bats2,2024,12,8.08,ssp126
bats2,2025,1,8.08,ssp126
bats2,2025,2,8.08,ssp126
bats2,2025,3,8.08,ssp126
bats2,2025,4,8.09,ssp126
bats2,2025,5,8.07,ssp126
bats2,2025,6,8.04,ssp126
bats2,2025,7,8.01,ssp126
bats2,2025,8,7.99,ssp126
bats2,2025,9,8,ssp126
bats2,2025,10,8.03,ssp126
bats2,2025,11,8.06,ssp126
bats2,2025,12,8.07,ssp126
bats2,2026,1,8.08,ssp126
bats2,2026,2,8.08,ssp126
bats2,2026,3,8.08,ssp126
bats2,2026,4,8.09,ssp126
bats2,2026,5,8.07,ssp126
bats2,2026,6,8.04,ssp126
bats2,2026,7,8,ssp126
bats2,2026,8,7.99,ssp126
bats2,2026,9,8,ssp126
bats2,2026,10,8.02,ssp126
bats2,2026,11,8.05,ssp126
bats2,2026,12,8.07,ssp126
bats2,2027,1,8.08,ssp126
bats2,2027,2,8.08,ssp126
bats2,2027,3,8.08,ssp126
bats2,2027,4,8.08,ssp126
bats2,2027,5,8.07,ssp126
bats2,2027,6,8.04,ssp126
bats2,2027,7,8,ssp126
bats2,2027,8,7.98,ssp126
bats2,2027,9,8,ssp126
bats2,2027,10,8.02,ssp126
bats2,2027,11,8.05,ssp126
bats2,2027,12,8.07,ssp126
bats2,2028,1,8.08,ssp126
bats2,2028,2,8.08,ssp126
bats2,2028,3,8.08,ssp126
bats2,2028,4,8.08,ssp126
bats2,2028,5,8.07,ssp126
bats2,2028,6,8.04,ssp126
bats2,2028,7,8,ssp126
bats2,2028,8,7.99,ssp126
bats2,2028,9,8,ssp126
bats2,2028,10,8.02,ssp126
bats2,2028,11,8.04,ssp126
bats2,2028,12,8.07,ssp126
bats2,2029,1,8.07,ssp126
bats2,2029,2,8.07,ssp126
bats2,2029,3,8.08,ssp126
bats2,2029,4,8.08,ssp126
bats2,2029,5,8.07,ssp126
bats2,2029,6,8.04,ssp126
bats2,2029,7,8,ssp126
bats2,2029,8,7.99,ssp126
bats2,2029,9,8,ssp126
bats2,2029,10,8.02,ssp126
bats2,2029,11,8.05,ssp126
bats2,2029,12,8.06,ssp126
bats2,2030,1,8.07,ssp126
bats2,2030,2,8.07,ssp126
bats2,2030,3,8.07,ssp126
bats2,2030,4,8.07,ssp126
bats2,2030,5,8.06,ssp126
bats2,2030,6,8.03,ssp126
bats2,2030,7,8,ssp126
bats2,2030,8,7.98,ssp126
bats2,2030,9,7.98,ssp126
bats2,2030,10,8.01,ssp126
bats2,2030,11,8.04,ssp126
bats2,2030,12,8.06,ssp126
bats2,2031,1,8.07,ssp126
bats2,2031,2,8.07,ssp126
bats2,2031,3,8.07,ssp126
bats2,2031,4,8.07,ssp126
bats2,2031,5,8.06,ssp126
bats2,2031,6,8.02,ssp126
bats2,2031,7,7.99,ssp126
bats2,2031,8,7.98,ssp126
bats2,2031,9,7.99,ssp126
bats2,2031,10,8.02,ssp126
bats2,2031,11,8.04,ssp126
bats2,2031,12,8.06,ssp126
bats2,2032,1,8.07,ssp126
bats2,2032,2,8.07,ssp126
bats2,2032,3,8.07,ssp126
bats2,2032,4,8.08,ssp126
bats2,2032,5,8.07,ssp126
bats2,2032,6,8.04,ssp126
bats2,2032,7,7.99,ssp126
bats2,2032,8,7.97,ssp126
bats2,2032,9,7.99,ssp126
bats2,2032,10,8.01,ssp126
bats2,2032,11,8.04,ssp126
bats2,2032,12,8.06,ssp126
bats2,2033,1,8.07,ssp126
bats2,2033,2,8.07,ssp126
bats2,2033,3,8.07,ssp126
bats2,2033,4,8.07,ssp126
bats2,2033,5,8.06,ssp126
bats2,2033,6,8.03,ssp126
bats2,2033,7,7.99,ssp126
bats2,2033,8,7.98,ssp126
bats2,2033,9,7.99,ssp126
bats2,2033,10,8.01,ssp126
bats2,2033,11,8.04,ssp126
bats2,2033,12,8.06,ssp126
bats2,2034,1,8.06,ssp126
bats2,2034,2,8.07,ssp126
bats2,2034,3,8.07,ssp126
bats2,2034,4,8.07,ssp126
bats2,2034,5,8.06,ssp126
bats2,2034,6,8.03,ssp126
bats2,2034,7,8,ssp126
bats2,2034,8,7.98,ssp126
bats2,2034,9,7.98,ssp126
bats2,2034,10,8.01,ssp126
bats2,2034,11,8.03,ssp126
bats2,2034,12,8.05,ssp126
bats2,2035,1,8.06,ssp126
bats2,2035,2,8.06,ssp126
bats2,2035,3,8.06,ssp126
bats2,2035,4,8.07,ssp126
bats2,2035,5,8.06,ssp126
bats2,2035,6,8.03,ssp126
bats2,2035,7,7.99,ssp126
bats2,2035,8,7.97,ssp126
bats2,2035,9,7.98,ssp126
bats2,2035,10,8.01,ssp126
bats2,2035,11,8.03,ssp126
bats2,2035,12,8.05,ssp126
bats2,2036,1,8.06,ssp126
bats2,2036,2,8.06,ssp126
bats2,2036,3,8.06,ssp126
bats2,2036,4,8.06,ssp126
bats2,2036,5,8.05,ssp126
bats2,2036,6,8.02,ssp126
bats2,2036,7,7.98,ssp126
bats2,2036,8,7.97,ssp126
bats2,2036,9,7.98,ssp126
bats2,2036,10,8.01,ssp126
bats2,2036,11,8.03,ssp126
bats2,2036,12,8.05,ssp126
bats2,2037,1,8.06,ssp126
bats2,2037,2,8.06,ssp126
bats2,2037,3,8.06,ssp126
bats2,2037,4,8.07,ssp126
bats2,2037,5,8.05,ssp126
bats2,2037,6,8.02,ssp126
bats2,2037,7,7.99,ssp126
bats2,2037,8,7.97,ssp126
bats2,2037,9,7.98,ssp126
bats2,2037,10,8,ssp126
bats2,2037,11,8.03,ssp126
bats2,2037,12,8.05,ssp126
bats2,2038,1,8.06,ssp126
bats2,2038,2,8.06,ssp126
bats2,2038,3,8.06,ssp126
bats2,2038,4,8.06,ssp126
bats2,2038,5,8.05,ssp126
bats2,2038,6,8.02,ssp126
bats2,2038,7,7.99,ssp126
bats2,2038,8,7.97,ssp126
bats2,2038,9,7.98,ssp126
bats2,2038,10,8.01,ssp126
bats2,2038,11,8.03,ssp126
bats2,2038,12,8.05,ssp126
bats2,2039,1,8.06,ssp126
bats2,2039,2,8.06,ssp126
bats2,2039,3,8.06,ssp126
bats2,2039,4,8.06,ssp126
bats2,2039,5,8.05,ssp126
bats2,2039,6,8.01,ssp126
bats2,2039,7,7.98,ssp126
bats2,2039,8,7.97,ssp126
bats2,2039,9,7.98,ssp126
bats2,2039,10,8,ssp126
bats2,2039,11,8.03,ssp126
bats2,2039,12,8.04,ssp126
bats2,2040,1,8.05,ssp126
bats2,2040,2,8.05,ssp126
bats2,2040,3,8.06,ssp126
bats2,2040,4,8.06,ssp126
bats2,2040,5,8.05,ssp126
bats2,2040,6,8.01,ssp126
bats2,2040,7,7.98,ssp126
bats2,2040,8,7.97,ssp126
bats2,2040,9,7.98,ssp126
bats2,2040,10,8,ssp126
bats2,2040,11,8.02,ssp126
bats2,2040,12,8.04,ssp126
bats2,2041,1,8.05,ssp126
bats2,2041,2,8.05,ssp126
bats2,2041,3,8.06,ssp126
bats2,2041,4,8.06,ssp126
bats2,2041,5,8.04,ssp126
bats2,2041,6,8.01,ssp126
bats2,2041,7,7.98,ssp126
bats2,2041,8,7.96,ssp126
bats2,2041,9,7.97,ssp126
bats2,2041,10,8,ssp126
bats2,2041,11,8.02,ssp126
bats2,2041,12,8.04,ssp126
bats2,2042,1,8.05,ssp126
bats2,2042,2,8.05,ssp126
bats2,2042,3,8.05,ssp126
bats2,2042,4,8.06,ssp126
bats2,2042,5,8.04,ssp126
bats2,2042,6,8.01,ssp126
bats2,2042,7,7.98,ssp126
bats2,2042,8,7.96,ssp126
bats2,2042,9,7.97,ssp126
bats2,2042,10,8,ssp126
bats2,2042,11,8.02,ssp126
bats2,2042,12,8.04,ssp126
bats2,2043,1,8.05,ssp126
bats2,2043,2,8.05,ssp126
bats2,2043,3,8.05,ssp126
bats2,2043,4,8.06,ssp126
bats2,2043,5,8.04,ssp126
bats2,2043,6,8.01,ssp126
bats2,2043,7,7.98,ssp126
bats2,2043,8,7.97,ssp126
bats2,2043,9,7.97,ssp126
bats2,2043,10,7.99,ssp126
bats2,2043,11,8.02,ssp126
bats2,2043,12,8.04,ssp126
bats2,2044,1,8.05,ssp126
bats2,2044,2,8.05,ssp126
bats2,2044,3,8.06,ssp126
bats2,2044,4,8.06,ssp126
bats2,2044,5,8.04,ssp126
bats2,2044,6,8.01,ssp126
bats2,2044,7,7.97,ssp126
bats2,2044,8,7.96,ssp126
bats2,2044,9,7.97,ssp126
bats2,2044,10,7.99,ssp126
bats2,2044,11,8.02,ssp126
bats2,2044,12,8.04,ssp126
bats2,2045,1,8.05,ssp126
bats2,2045,2,8.05,ssp126
bats2,2045,3,8.05,ssp126
bats2,2045,4,8.05,ssp126
bats2,2045,5,8.04,ssp126
bats2,2045,6,8.01,ssp126
bats2,2045,7,7.98,ssp126
bats2,2045,8,7.96,ssp126
bats2,2045,9,7.97,ssp126
bats2,2045,10,7.99,ssp126
bats2,2045,11,8.02,ssp126
bats2,2045,12,8.04,ssp126
bats2,2046,1,8.05,ssp126
bats2,2046,2,8.04,ssp126
bats2,2046,3,8.05,ssp126
bats2,2046,4,8.06,ssp126
bats2,2046,5,8.04,ssp126
bats2,2046,6,8.01,ssp126
bats2,2046,7,7.97,ssp126
bats2,2046,8,7.96,ssp126
bats2,2046,9,7.97,ssp126
bats2,2046,10,7.99,ssp126
bats2,2046,11,8.02,ssp126
bats2,2046,12,8.04,ssp126
bats2,2047,1,8.05,ssp126
bats2,2047,2,8.05,ssp126
bats2,2047,3,8.05,ssp126
bats2,2047,4,8.05,ssp126
bats2,2047,5,8.04,ssp126
bats2,2047,6,8,ssp126
bats2,2047,7,7.97,ssp126
bats2,2047,8,7.96,ssp126
bats2,2047,9,7.96,ssp126
bats2,2047,10,7.99,ssp126
bats2,2047,11,8.01,ssp126
bats2,2047,12,8.04,ssp126
bats2,2048,1,8.05,ssp126
bats2,2048,2,8.05,ssp126
bats2,2048,3,8.05,ssp126
bats2,2048,4,8.05,ssp126
bats2,2048,5,8.04,ssp126
bats2,2048,6,8,ssp126
bats2,2048,7,7.97,ssp126
bats2,2048,8,7.96,ssp126
bats2,2048,9,7.96,ssp126
bats2,2048,10,7.99,ssp126
bats2,2048,11,8.02,ssp126
bats2,2048,12,8.04,ssp126
bats2,2049,1,8.04,ssp126
bats2,2049,2,8.04,ssp126
bats2,2049,3,8.05,ssp126
bats2,2049,4,8.05,ssp126
bats2,2049,5,8.04,ssp126
bats2,2049,6,8.01,ssp126
bats2,2049,7,7.97,ssp126
bats2,2049,8,7.96,ssp126
bats2,2049,9,7.96,ssp126
bats2,2049,10,8,ssp126
bats2,2049,11,8.02,ssp126
bats2,2049,12,8.04,ssp126
bats2,2050,1,8.05,ssp126
bats2,2050,2,8.04,ssp126
bats2,2050,3,8.04,ssp126
bats2,2050,4,8.05,ssp126
bats2,2050,5,8.04,ssp126
bats2,2050,6,8,ssp126
bats2,2050,7,7.97,ssp126
bats2,2050,8,7.96,ssp126
bats2,2050,9,7.96,ssp126
bats2,2050,10,7.99,ssp126
bats2,2050,11,8.01,ssp126
bats2,2050,12,8.04,ssp126
bats2,2051,1,8.04,ssp126
bats2,2051,2,8.04,ssp126
bats2,2051,3,8.04,ssp126
bats2,2051,4,8.05,ssp126
bats2,2051,5,8.04,ssp126
bats2,2051,6,8.01,ssp126
bats2,2051,7,7.97,ssp126
bats2,2051,8,7.95,ssp126
bats2,2051,9,7.96,ssp126
bats2,2051,10,7.99,ssp126
bats2,2051,11,8.02,ssp126
bats2,2051,12,8.04,ssp126
bats2,2052,1,8.04,ssp126
bats2,2052,2,8.04,ssp126
bats2,2052,3,8.05,ssp126
bats2,2052,4,8.05,ssp126
bats2,2052,5,8.04,ssp126
bats2,2052,6,8,ssp126
bats2,2052,7,7.97,ssp126
bats2,2052,8,7.96,ssp126
bats2,2052,9,7.96,ssp126
bats2,2052,10,7.99,ssp126
bats2,2052,11,8.02,ssp126
bats2,2052,12,8.04,ssp126
bats2,2053,1,8.04,ssp126
bats2,2053,2,8.04,ssp126
bats2,2053,3,8.05,ssp126
bats2,2053,4,8.05,ssp126
bats2,2053,5,8.04,ssp126
bats2,2053,6,8,ssp126
bats2,2053,7,7.97,ssp126
bats2,2053,8,7.96,ssp126
bats2,2053,9,7.96,ssp126
bats2,2053,10,7.99,ssp126
bats2,2053,11,8.02,ssp126
bats2,2053,12,8.04,ssp126
bats2,2054,1,8.04,ssp126
bats2,2054,2,8.04,ssp126
bats2,2054,3,8.04,ssp126
bats2,2054,4,8.04,ssp126
bats2,2054,5,8.03,ssp126
bats2,2054,6,8.01,ssp126
bats2,2054,7,7.97,ssp126
bats2,2054,8,7.95,ssp126
bats2,2054,9,7.96,ssp126
bats2,2054,10,7.99,ssp126
bats2,2054,11,8.01,ssp126
bats2,2054,12,8.03,ssp126
bats2,2055,1,8.05,ssp126
bats2,2055,2,8.05,ssp126
bats2,2055,3,8.04,ssp126
bats2,2055,4,8.05,ssp126
bats2,2055,5,8.03,ssp126
bats2,2055,6,8,ssp126
bats2,2055,7,7.96,ssp126
bats2,2055,8,7.95,ssp126
bats2,2055,9,7.96,ssp126
bats2,2055,10,7.99,ssp126
bats2,2055,11,8.01,ssp126
bats2,2055,12,8.03,ssp126
bats2,2056,1,8.04,ssp126
bats2,2056,2,8.04,ssp126
bats2,2056,3,8.04,ssp126
bats2,2056,4,8.05,ssp126
bats2,2056,5,8.03,ssp126
bats2,2056,6,8,ssp126
bats2,2056,7,7.96,ssp126
bats2,2056,8,7.95,ssp126
bats2,2056,9,7.96,ssp126
bats2,2056,10,7.99,ssp126
bats2,2056,11,8.01,ssp126
bats2,2056,12,8.03,ssp126
bats2,2057,1,8.04,ssp126
bats2,2057,2,8.04,ssp126
bats2,2057,3,8.04,ssp126
bats2,2057,4,8.04,ssp126
bats2,2057,5,8.03,ssp126
bats2,2057,6,8,ssp126
bats2,2057,7,7.96,ssp126
bats2,2057,8,7.95,ssp126
bats2,2057,9,7.96,ssp126
bats2,2057,10,7.98,ssp126
bats2,2057,11,8.01,ssp126
bats2,2057,12,8.03,ssp126
bats2,2058,1,8.04,ssp126
bats2,2058,2,8.04,ssp126
bats2,2058,3,8.04,ssp126
bats2,2058,4,8.04,ssp126
bats2,2058,5,8.03,ssp126
bats2,2058,6,8,ssp126
bats2,2058,7,7.96,ssp126
bats2,2058,8,7.95,ssp126
bats2,2058,9,7.96,ssp126
bats2,2058,10,7.99,ssp126
bats2,2058,11,8.01,ssp126
bats2,2058,12,8.03,ssp126
bats2,2059,1,8.04,ssp126
bats2,2059,2,8.04,ssp126
bats2,2059,3,8.04,ssp126
bats2,2059,4,8.04,ssp126
bats2,2059,5,8.03,ssp126
bats2,2059,6,7.99,ssp126
bats2,2059,7,7.96,ssp126
bats2,2059,8,7.95,ssp126
bats2,2059,9,7.96,ssp126
bats2,2059,10,7.99,ssp126
bats2,2059,11,8.02,ssp126
bats2,2059,12,8.03,ssp126
bats2,2060,1,8.04,ssp126
bats2,2060,2,8.04,ssp126
bats2,2060,3,8.04,ssp126
bats2,2060,4,8.04,ssp126
bats2,2060,5,8.03,ssp126
bats2,2060,6,7.99,ssp126
bats2,2060,7,7.97,ssp126
bats2,2060,8,7.95,ssp126
bats2,2060,9,7.96,ssp126
bats2,2060,10,7.99,ssp126
bats2,2060,11,8.01,ssp126
bats2,2060,12,8.03,ssp126
bats2,2061,1,8.04,ssp126
bats2,2061,2,8.04,ssp126
bats2,2061,3,8.04,ssp126
bats2,2061,4,8.04,ssp126
bats2,2061,5,8.03,ssp126
bats2,2061,6,7.99,ssp126
bats2,2061,7,7.96,ssp126
bats2,2061,8,7.95,ssp126
bats2,2061,9,7.96,ssp126
bats2,2061,10,7.99,ssp126
bats2,2061,11,8.01,ssp126
bats2,2061,12,8.03,ssp126
bats2,2062,1,8.04,ssp126
bats2,2062,2,8.04,ssp126
bats2,2062,3,8.04,ssp126
bats2,2062,4,8.04,ssp126
bats2,2062,5,8.03,ssp126
bats2,2062,6,8,ssp126
bats2,2062,7,7.96,ssp126
bats2,2062,8,7.95,ssp126
bats2,2062,9,7.95,ssp126
bats2,2062,10,7.98,ssp126
bats2,2062,11,8.01,ssp126
bats2,2062,12,8.03,ssp126
bats2,2063,1,8.04,ssp126
bats2,2063,2,8.04,ssp126
bats2,2063,3,8.04,ssp126
bats2,2063,4,8.04,ssp126
bats2,2063,5,8.03,ssp126
bats2,2063,6,8,ssp126
bats2,2063,7,7.97,ssp126
bats2,2063,8,7.95,ssp126
bats2,2063,9,7.96,ssp126
bats2,2063,10,7.99,ssp126
bats2,2063,11,8.01,ssp126
bats2,2063,12,8.03,ssp126
bats2,2064,1,8.04,ssp126
bats2,2064,2,8.03,ssp126
bats2,2064,3,8.04,ssp126
bats2,2064,4,8.04,ssp126
bats2,2064,5,8.03,ssp126
bats2,2064,6,8,ssp126
bats2,2064,7,7.97,ssp126
bats2,2064,8,7.95,ssp126
bats2,2064,9,7.96,ssp126
bats2,2064,10,7.98,ssp126
bats2,2064,11,8.02,ssp126
bats2,2064,12,8.03,ssp126
bats2,2065,1,8.04,ssp126
bats2,2065,2,8.04,ssp126
bats2,2065,3,8.04,ssp126
bats2,2065,4,8.05,ssp126
bats2,2065,5,8.03,ssp126
bats2,2065,6,7.99,ssp126
bats2,2065,7,7.96,ssp126
bats2,2065,8,7.95,ssp126
bats2,2065,9,7.96,ssp126
bats2,2065,10,7.98,ssp126
bats2,2065,11,8.01,ssp126
bats2,2065,12,8.03,ssp126
bats2,2066,1,8.04,ssp126
bats2,2066,2,8.04,ssp126
bats2,2066,3,8.04,ssp126
bats2,2066,4,8.04,ssp126
bats2,2066,5,8.03,ssp126
bats2,2066,6,7.99,ssp126
bats2,2066,7,7.97,ssp126
bats2,2066,8,7.95,ssp126
bats2,2066,9,7.96,ssp126
bats2,2066,10,7.99,ssp126
bats2,2066,11,8.02,ssp126
bats2,2066,12,8.03,ssp126
bats2,2067,1,8.04,ssp126
bats2,2067,2,8.04,ssp126
bats2,2067,3,8.04,ssp126
bats2,2067,4,8.04,ssp126
bats2,2067,5,8.03,ssp126
bats2,2067,6,8,ssp126
bats2,2067,7,7.97,ssp126
bats2,2067,8,7.95,ssp126
bats2,2067,9,7.96,ssp126
bats2,2067,10,7.99,ssp126
bats2,2067,11,8.01,ssp126
bats2,2067,12,8.03,ssp126
bats2,2068,1,8.04,ssp126
bats2,2068,2,8.03,ssp126
bats2,2068,3,8.04,ssp126
bats2,2068,4,8.04,ssp126
bats2,2068,5,8.03,ssp126
bats2,2068,6,8,ssp126
bats2,2068,7,7.96,ssp126
bats2,2068,8,7.95,ssp126
bats2,2068,9,7.96,ssp126
bats2,2068,10,7.99,ssp126
bats2,2068,11,8.01,ssp126
bats2,2068,12,8.03,ssp126
bats2,2069,1,8.04,ssp126
bats2,2069,2,8.04,ssp126
bats2,2069,3,8.04,ssp126
bats2,2069,4,8.05,ssp126
bats2,2069,5,8.03,ssp126
bats2,2069,6,7.99,ssp126
bats2,2069,7,7.95,ssp126
bats2,2069,8,7.95,ssp126
bats2,2069,9,7.96,ssp126
bats2,2069,10,7.99,ssp126
bats2,2069,11,8.01,ssp126
bats2,2069,12,8.03,ssp126
bats2,2070,1,8.04,ssp126
bats2,2070,2,8.04,ssp126
bats2,2070,3,8.03,ssp126
bats2,2070,4,8.04,ssp126
bats2,2070,5,8.03,ssp126
bats2,2070,6,7.99,ssp126
bats2,2070,7,7.96,ssp126
bats2,2070,8,7.95,ssp126
bats2,2070,9,7.95,ssp126
bats2,2070,10,7.98,ssp126
bats2,2070,11,8.01,ssp126
bats2,2070,12,8.03,ssp126
bats2,2071,1,8.04,ssp126
bats2,2071,2,8.04,ssp126
bats2,2071,3,8.04,ssp126
bats2,2071,4,8.04,ssp126
bats2,2071,5,8.03,ssp126
bats2,2071,6,8,ssp126
bats2,2071,7,7.96,ssp126
bats2,2071,8,7.95,ssp126
bats2,2071,9,7.96,ssp126
bats2,2071,10,7.98,ssp126
bats2,2071,11,8.02,ssp126
bats2,2071,12,8.03,ssp126
bats2,2072,1,8.03,ssp126
bats2,2072,2,8.03,ssp126
bats2,2072,3,8.03,ssp126
bats2,2072,4,8.04,ssp126
bats2,2072,5,8.03,ssp126
bats2,2072,6,8,ssp126
bats2,2072,7,7.96,ssp126
bats2,2072,8,7.95,ssp126
bats2,2072,9,7.95,ssp126
bats2,2072,10,7.98,ssp126
bats2,2072,11,8.01,ssp126
bats2,2072,12,8.03,ssp126
bats2,2073,1,8.04,ssp126
bats2,2073,2,8.04,ssp126
bats2,2073,3,8.04,ssp126
bats2,2073,4,8.04,ssp126
bats2,2073,5,8.03,ssp126
bats2,2073,6,7.99,ssp126
bats2,2073,7,7.96,ssp126
bats2,2073,8,7.95,ssp126
bats2,2073,9,7.96,ssp126
bats2,2073,10,7.99,ssp126
bats2,2073,11,8.02,ssp126
bats2,2073,12,8.04,ssp126
bats2,2074,1,8.04,ssp126
bats2,2074,2,8.03,ssp126
bats2,2074,3,8.04,ssp126
bats2,2074,4,8.04,ssp126
bats2,2074,5,8.03,ssp126
bats2,2074,6,7.99,ssp126
bats2,2074,7,7.96,ssp126
bats2,2074,8,7.95,ssp126
bats2,2074,9,7.96,ssp126
bats2,2074,10,7.99,ssp126
bats2,2074,11,8.02,ssp126
bats2,2074,12,8.04,ssp126
bats2,2075,1,8.04,ssp126
bats2,2075,2,8.04,ssp126
bats2,2075,3,8.04,ssp126
bats2,2075,4,8.04,ssp126
bats2,2075,5,8.03,ssp126
bats2,2075,6,8,ssp126
bats2,2075,7,7.96,ssp126
bats2,2075,8,7.95,ssp126
bats2,2075,9,7.96,ssp126
bats2,2075,10,7.99,ssp126
bats2,2075,11,8.01,ssp126
bats2,2075,12,8.03,ssp126
bats2,2076,1,8.04,ssp126
bats2,2076,2,8.04,ssp126
bats2,2076,3,8.04,ssp126
bats2,2076,4,8.04,ssp126
bats2,2076,5,8.03,ssp126
bats2,2076,6,7.99,ssp126
bats2,2076,7,7.96,ssp126
bats2,2076,8,7.95,ssp126
bats2,2076,9,7.96,ssp126
bats2,2076,10,7.99,ssp126
bats2,2076,11,8.02,ssp126
bats2,2076,12,8.03,ssp126
bats2,2077,1,8.04,ssp126
bats2,2077,2,8.04,ssp126
bats2,2077,3,8.04,ssp126
bats2,2077,4,8.05,ssp126
bats2,2077,5,8.03,ssp126
bats2,2077,6,7.99,ssp126
bats2,2077,7,7.97,ssp126
bats2,2077,8,7.96,ssp126
bats2,2077,9,7.96,ssp126
bats2,2077,10,7.98,ssp126
bats2,2077,11,8.01,ssp126
bats2,2077,12,8.03,ssp126
bats2,2078,1,8.04,ssp126
bats2,2078,2,8.04,ssp126
bats2,2078,3,8.04,ssp126
bats2,2078,4,8.04,ssp126
bats2,2078,5,8.03,ssp126
bats2,2078,6,8,ssp126
bats2,2078,7,7.97,ssp126
bats2,2078,8,7.96,ssp126
bats2,2078,9,7.97,ssp126
bats2,2078,10,7.99,ssp126
bats2,2078,11,8.02,ssp126
bats2,2078,12,8.03,ssp126
bats2,2079,1,8.04,ssp126
bats2,2079,2,8.04,ssp126
bats2,2079,3,8.04,ssp126
bats2,2079,4,8.04,ssp126
bats2,2079,5,8.03,ssp126
bats2,2079,6,8,ssp126
bats2,2079,7,7.97,ssp126
bats2,2079,8,7.95,ssp126
bats2,2079,9,7.96,ssp126
bats2,2079,10,7.99,ssp126
bats2,2079,11,8.02,ssp126
bats2,2079,12,8.04,ssp126
bats2,2080,1,8.04,ssp126
bats2,2080,2,8.04,ssp126
bats2,2080,3,8.04,ssp126
bats2,2080,4,8.04,ssp126
bats2,2080,5,8.03,ssp126
bats2,2080,6,7.99,ssp126
bats2,2080,7,7.96,ssp126
bats2,2080,8,7.95,ssp126
bats2,2080,9,7.97,ssp126
bats2,2080,10,7.99,ssp126
bats2,2080,11,8.01,ssp126
bats2,2080,12,8.04,ssp126
bats2,2081,1,8.04,ssp126
bats2,2081,2,8.04,ssp126
bats2,2081,3,8.04,ssp126
bats2,2081,4,8.05,ssp126
bats2,2081,5,8.03,ssp126
bats2,2081,6,8,ssp126
bats2,2081,7,7.96,ssp126
bats2,2081,8,7.95,ssp126
bats2,2081,9,7.96,ssp126
bats2,2081,10,7.99,ssp126
bats2,2081,11,8.02,ssp126
bats2,2081,12,8.04,ssp126
bats2,2082,1,8.04,ssp126
bats2,2082,2,8.04,ssp126
bats2,2082,3,8.04,ssp126
bats2,2082,4,8.04,ssp126
bats2,2082,5,8.03,ssp126
bats2,2082,6,7.99,ssp126
bats2,2082,7,7.96,ssp126
bats2,2082,8,7.95,ssp126
bats2,2082,9,7.96,ssp126
bats2,2082,10,7.99,ssp126
bats2,2082,11,8.02,ssp126
bats2,2082,12,8.03,ssp126
bats2,2083,1,8.04,ssp126
bats2,2083,2,8.04,ssp126
bats2,2083,3,8.04,ssp126
bats2,2083,4,8.04,ssp126
bats2,2083,5,8.04,ssp126
bats2,2083,6,8.01,ssp126
bats2,2083,7,7.97,ssp126
bats2,2083,8,7.96,ssp126
bats2,2083,9,7.97,ssp126
bats2,2083,10,7.99,ssp126
bats2,2083,11,8.02,ssp126
bats2,2083,12,8.04,ssp126
bats2,2084,1,8.05,ssp126
bats2,2084,2,8.04,ssp126
bats2,2084,3,8.04,ssp126
bats2,2084,4,8.05,ssp126
bats2,2084,5,8.03,ssp126
bats2,2084,6,8.01,ssp126
bats2,2084,7,7.97,ssp126
bats2,2084,8,7.95,ssp126
bats2,2084,9,7.97,ssp126
bats2,2084,10,7.99,ssp126
bats2,2084,11,8.02,ssp126
bats2,2084,12,8.04,ssp126
bats2,2085,1,8.04,ssp126
bats2,2085,2,8.04,ssp126
bats2,2085,3,8.04,ssp126
bats2,2085,4,8.05,ssp126
bats2,2085,5,8.04,ssp126
bats2,2085,6,8.01,ssp126
bats2,2085,7,7.98,ssp126
bats2,2085,8,7.96,ssp126
bats2,2085,9,7.97,ssp126
bats2,2085,10,7.99,ssp126
bats2,2085,11,8.02,ssp126
bats2,2085,12,8.04,ssp126
bats2,2086,1,8.04,ssp126
bats2,2086,2,8.04,ssp126
bats2,2086,3,8.04,ssp126
bats2,2086,4,8.05,ssp126
bats2,2086,5,8.04,ssp126
bats2,2086,6,8.01,ssp126
bats2,2086,7,7.97,ssp126
bats2,2086,8,7.96,ssp126
bats2,2086,9,7.97,ssp126
bats2,2086,10,8,ssp126
bats2,2086,11,8.03,ssp126
bats2,2086,12,8.04,ssp126
bats2,2087,1,8.04,ssp126
bats2,2087,2,8.04,ssp126
bats2,2087,3,8.04,ssp126
bats2,2087,4,8.05,ssp126
bats2,2087,5,8.04,ssp126
bats2,2087,6,8.01,ssp126
bats2,2087,7,7.98,ssp126
bats2,2087,8,7.96,ssp126
bats2,2087,9,7.97,ssp126
bats2,2087,10,8,ssp126
bats2,2087,11,8.02,ssp126
bats2,2087,12,8.04,ssp126
bats2,2088,1,8.05,ssp126
bats2,2088,2,8.05,ssp126
bats2,2088,3,8.05,ssp126
bats2,2088,4,8.05,ssp126
bats2,2088,5,8.04,ssp126
bats2,2088,6,8.01,ssp126
bats2,2088,7,7.98,ssp126
bats2,2088,8,7.96,ssp126
bats2,2088,9,7.97,ssp126
bats2,2088,10,8,ssp126
bats2,2088,11,8.02,ssp126
bats2,2088,12,8.04,ssp126
bats2,2089,1,8.04,ssp126
bats2,2089,2,8.04,ssp126
bats2,2089,3,8.05,ssp126
bats2,2089,4,8.05,ssp126
bats2,2089,5,8.03,ssp126
bats2,2089,6,8,ssp126
bats2,2089,7,7.97,ssp126
bats2,2089,8,7.97,ssp126
bats2,2089,9,7.97,ssp126
bats2,2089,10,8,ssp126
bats2,2089,11,8.02,ssp126
bats2,2089,12,8.05,ssp126
bats2,2090,1,8.05,ssp126
bats2,2090,2,8.05,ssp126
bats2,2090,3,8.05,ssp126
bats2,2090,4,8.05,ssp126
bats2,2090,5,8.03,ssp126
bats2,2090,6,8,ssp126
bats2,2090,7,7.97,ssp126
bats2,2090,8,7.96,ssp126
bats2,2090,9,7.97,ssp126
bats2,2090,10,8,ssp126
bats2,2090,11,8.03,ssp126
bats2,2090,12,8.05,ssp126
bats2,2091,1,8.05,ssp126
bats2,2091,2,8.04,ssp126
bats2,2091,3,8.04,ssp126
bats2,2091,4,8.05,ssp126
bats2,2091,5,8.04,ssp126
bats2,2091,6,8.01,ssp126
bats2,2091,7,7.98,ssp126
bats2,2091,8,7.96,ssp126
bats2,2091,9,7.97,ssp126
bats2,2091,10,7.99,ssp126
bats2,2091,11,8.02,ssp126
bats2,2091,12,8.04,ssp126
bats2,2092,1,8.05,ssp126
bats2,2092,2,8.05,ssp126
bats2,2092,3,8.05,ssp126
bats2,2092,4,8.05,ssp126
bats2,2092,5,8.04,ssp126
bats2,2092,6,8.01,ssp126
bats2,2092,7,7.98,ssp126
bats2,2092,8,7.96,ssp126
bats2,2092,9,7.98,ssp126
bats2,2092,10,8,ssp126
bats2,2092,11,8.03,ssp126
bats2,2092,12,8.04,ssp126
bats2,2093,1,8.05,ssp126
bats2,2093,2,8.05,ssp126
bats2,2093,3,8.05,ssp126
bats2,2093,4,8.05,ssp126
bats2,2093,5,8.04,ssp126
bats2,2093,6,8,ssp126
bats2,2093,7,7.97,ssp126
bats2,2093,8,7.96,ssp126
bats2,2093,9,7.97,ssp126
bats2,2093,10,8,ssp126
bats2,2093,11,8.02,ssp126
bats2,2093,12,8.04,ssp126
bats2,2094,1,8.05,ssp126
bats2,2094,2,8.05,ssp126
bats2,2094,3,8.05,ssp126
bats2,2094,4,8.05,ssp126
bats2,2094,5,8.05,ssp126
bats2,2094,6,8.01,ssp126
bats2,2094,7,7.98,ssp126
bats2,2094,8,7.96,ssp126
bats2,2094,9,7.97,ssp126
bats2,2094,10,8,ssp126
bats2,2094,11,8.03,ssp126
bats2,2094,12,8.05,ssp126
bats2,2095,1,8.05,ssp126
bats2,2095,2,8.05,ssp126
bats2,2095,3,8.05,ssp126
bats2,2095,4,8.05,ssp126
bats2,2095,5,8.04,ssp126
bats2,2095,6,8.01,ssp126
bats2,2095,7,7.98,ssp126
bats2,2095,8,7.96,ssp126
bats2,2095,9,7.98,ssp126
bats2,2095,10,8,ssp126
bats2,2095,11,8.03,ssp126
bats2,2095,12,8.05,ssp126
bats2,2096,1,8.05,ssp126
bats2,2096,2,8.05,ssp126
bats2,2096,3,8.05,ssp126
bats2,2096,4,8.05,ssp126
bats2,2096,5,8.05,ssp126
bats2,2096,6,8.01,ssp126
bats2,2096,7,7.98,ssp126
bats2,2096,8,7.97,ssp126
bats2,2096,9,7.98,ssp126
bats2,2096,10,8,ssp126
bats2,2096,11,8.03,ssp126
bats2,2096,12,8.04,ssp126
bats2,2097,1,8.05,ssp126
bats2,2097,2,8.05,ssp126
bats2,2097,3,8.05,ssp126
bats2,2097,4,8.05,ssp126
bats2,2097,5,8.04,ssp126
bats2,2097,6,8.01,ssp126
bats2,2097,7,7.98,ssp126
bats2,2097,8,7.97,ssp126
bats2,2097,9,7.98,ssp126
bats2,2097,10,8,ssp126
bats2,2097,11,8.03,ssp126
bats2,2097,12,8.05,ssp126
bats2,2098,1,8.05,ssp126
bats2,2098,2,8.05,ssp126
bats2,2098,3,8.05,ssp126
bats2,2098,4,8.05,ssp126
bats2,2098,5,8.04,ssp126
bats2,2098,6,8.01,ssp126
bats2,2098,7,7.98,ssp126
bats2,2098,8,7.97,ssp126
bats2,2098,9,7.98,ssp126
bats2,2098,10,8,ssp126
bats2,2098,11,8.02,ssp126
bats2,2098,12,8.05,ssp126
bats2,2099,1,8.06,ssp126
bats2,2099,2,8.06,ssp126
bats2,2099,3,8.05,ssp126
bats2,2099,4,8.06,ssp126
bats2,2099,5,8.05,ssp126
bats2,2099,6,8.02,ssp126
bats2,2099,7,7.98,ssp126
bats2,2099,8,7.97,ssp126
bats2,2099,9,7.98,ssp126
bats2,2099,10,8,ssp126
bats2,2099,11,8.03,ssp126
bats2,2099,12,8.05,ssp126
bats2,2100,1,8.05,ssp126
bats2,2100,2,8.05,ssp126
bats2,2100,3,8.05,ssp126
bats2,2100,4,8.06,ssp126
bats2,2100,5,8.04,ssp126
bats2,2100,6,8.01,ssp126
bats2,2100,7,7.98,ssp126
bats2,2100,8,7.97,ssp126
bats2,2100,9,7.98,ssp126
bats2,2100,10,8.01,ssp126
bats2,2100,11,8.03,ssp126
bats2,2100,12,8.05,ssp126
bats2,2015,1,8.1,ssp245
bats2,2015,2,8.1,ssp245
bats2,2015,3,8.11,ssp245
bats2,2015,4,8.11,ssp245
bats2,2015,5,8.1,ssp245
bats2,2015,6,8.07,ssp245
bats2,2015,7,8.04,ssp245
bats2,2015,8,8.02,ssp245
bats2,2015,9,8.02,ssp245
bats2,2015,10,8.05,ssp245
bats2,2015,11,8.08,ssp245
bats2,2015,12,8.1,ssp245
bats2,2016,1,8.1,ssp245
bats2,2016,2,8.1,ssp245
bats2,2016,3,8.1,ssp245
bats2,2016,4,8.11,ssp245
bats2,2016,5,8.09,ssp245
bats2,2016,6,8.07,ssp245
bats2,2016,7,8.03,ssp245
bats2,2016,8,8.02,ssp245
bats2,2016,9,8.03,ssp245
bats2,2016,10,8.05,ssp245
bats2,2016,11,8.08,ssp245
bats2,2016,12,8.1,ssp245
bats2,2017,1,8.1,ssp245
bats2,2017,2,8.1,ssp245
bats2,2017,3,8.1,ssp245
bats2,2017,4,8.1,ssp245
bats2,2017,5,8.09,ssp245
bats2,2017,6,8.07,ssp245
bats2,2017,7,8.03,ssp245
bats2,2017,8,8.01,ssp245
bats2,2017,9,8.01,ssp245
bats2,2017,10,8.04,ssp245
bats2,2017,11,8.07,ssp245
bats2,2017,12,8.09,ssp245
bats2,2018,1,8.1,ssp245
bats2,2018,2,8.1,ssp245
bats2,2018,3,8.1,ssp245
bats2,2018,4,8.1,ssp245
bats2,2018,5,8.09,ssp245
bats2,2018,6,8.06,ssp245
bats2,2018,7,8.02,ssp245
bats2,2018,8,8.01,ssp245
bats2,2018,9,8.02,ssp245
bats2,2018,10,8.04,ssp245
bats2,2018,11,8.07,ssp245
bats2,2018,12,8.09,ssp245
bats2,2019,1,8.09,ssp245
bats2,2019,2,8.09,ssp245
bats2,2019,3,8.1,ssp245
bats2,2019,4,8.1,ssp245
bats2,2019,5,8.09,ssp245
bats2,2019,6,8.06,ssp245
bats2,2019,7,8.03,ssp245
bats2,2019,8,8.01,ssp245
bats2,2019,9,8.02,ssp245
bats2,2019,10,8.05,ssp245
bats2,2019,11,8.07,ssp245
bats2,2019,12,8.09,ssp245
bats2,2020,1,8.09,ssp245
bats2,2020,2,8.09,ssp245
bats2,2020,3,8.09,ssp245
bats2,2020,4,8.1,ssp245
bats2,2020,5,8.09,ssp245
bats2,2020,6,8.05,ssp245
bats2,2020,7,8.02,ssp245
bats2,2020,8,8.01,ssp245
bats2,2020,9,8.01,ssp245
bats2,2020,10,8.04,ssp245
bats2,2020,11,8.07,ssp245
bats2,2020,12,8.09,ssp245
bats2,2021,1,8.09,ssp245
bats2,2021,2,8.09,ssp245
bats2,2021,3,8.09,ssp245
bats2,2021,4,8.1,ssp245
bats2,2021,5,8.08,ssp245
bats2,2021,6,8.05,ssp245
bats2,2021,7,8.02,ssp245
bats2,2021,8,8,ssp245
bats2,2021,9,8.01,ssp245
bats2,2021,10,8.04,ssp245
bats2,2021,11,8.06,ssp245
bats2,2021,12,8.08,ssp245
bats2,2022,1,8.09,ssp245
bats2,2022,2,8.09,ssp245
bats2,2022,3,8.09,ssp245
bats2,2022,4,8.09,ssp245
bats2,2022,5,8.08,ssp245
bats2,2022,6,8.05,ssp245
bats2,2022,7,8.02,ssp245
bats2,2022,8,8,ssp245
bats2,2022,9,8.01,ssp245
bats2,2022,10,8.03,ssp245
bats2,2022,11,8.06,ssp245
bats2,2022,12,8.08,ssp245
bats2,2023,1,8.08,ssp245
bats2,2023,2,8.09,ssp245
bats2,2023,3,8.09,ssp245
bats2,2023,4,8.09,ssp245
bats2,2023,5,8.08,ssp245
bats2,2023,6,8.05,ssp245
bats2,2023,7,8.02,ssp245
bats2,2023,8,7.99,ssp245
bats2,2023,9,8,ssp245
bats2,2023,10,8.03,ssp245
bats2,2023,11,8.06,ssp245
bats2,2023,12,8.08,ssp245
bats2,2024,1,8.08,ssp245
bats2,2024,2,8.08,ssp245
bats2,2024,3,8.09,ssp245
bats2,2024,4,8.09,ssp245
bats2,2024,5,8.08,ssp245
bats2,2024,6,8.05,ssp245
bats2,2024,7,8.01,ssp245
bats2,2024,8,8,ssp245
bats2,2024,9,8.01,ssp245
bats2,2024,10,8.03,ssp245
bats2,2024,11,8.06,ssp245
bats2,2024,12,8.08,ssp245
bats2,2025,1,8.08,ssp245
bats2,2025,2,8.08,ssp245
bats2,2025,3,8.08,ssp245
bats2,2025,4,8.09,ssp245
bats2,2025,5,8.08,ssp245
bats2,2025,6,8.04,ssp245
bats2,2025,7,8.01,ssp245
bats2,2025,8,8,ssp245
bats2,2025,9,8,ssp245
bats2,2025,10,8.03,ssp245
bats2,2025,11,8.06,ssp245
bats2,2025,12,8.08,ssp245
bats2,2026,1,8.08,ssp245
bats2,2026,2,8.08,ssp245
bats2,2026,3,8.08,ssp245
bats2,2026,4,8.09,ssp245
bats2,2026,5,8.07,ssp245
bats2,2026,6,8.04,ssp245
bats2,2026,7,8.01,ssp245
bats2,2026,8,7.98,ssp245
bats2,2026,9,7.99,ssp245
bats2,2026,10,8.02,ssp245
bats2,2026,11,8.05,ssp245
bats2,2026,12,8.07,ssp245
bats2,2027,1,8.08,ssp245
bats2,2027,2,8.08,ssp245
bats2,2027,3,8.08,ssp245
bats2,2027,4,8.08,ssp245
bats2,2027,5,8.07,ssp245
bats2,2027,6,8.04,ssp245
bats2,2027,7,8,ssp245
bats2,2027,8,7.98,ssp245
bats2,2027,9,7.99,ssp245
bats2,2027,10,8.02,ssp245
bats2,2027,11,8.05,ssp245
bats2,2027,12,8.07,ssp245
bats2,2028,1,8.07,ssp245
bats2,2028,2,8.07,ssp245
bats2,2028,3,8.07,ssp245
bats2,2028,4,8.08,ssp245
bats2,2028,5,8.06,ssp245
bats2,2028,6,8.04,ssp245
bats2,2028,7,8,ssp245
bats2,2028,8,7.99,ssp245
bats2,2028,9,7.99,ssp245
bats2,2028,10,8.02,ssp245
bats2,2028,11,8.04,ssp245
bats2,2028,12,8.06,ssp245
bats2,2029,1,8.07,ssp245
bats2,2029,2,8.07,ssp245
bats2,2029,3,8.07,ssp245
bats2,2029,4,8.08,ssp245
bats2,2029,5,8.07,ssp245
bats2,2029,6,8.03,ssp245
bats2,2029,7,8,ssp245
bats2,2029,8,7.98,ssp245
bats2,2029,9,7.99,ssp245
bats2,2029,10,8.02,ssp245
bats2,2029,11,8.05,ssp245
bats2,2029,12,8.07,ssp245
bats2,2030,1,8.07,ssp245
bats2,2030,2,8.07,ssp245
bats2,2030,3,8.07,ssp245
bats2,2030,4,8.08,ssp245
bats2,2030,5,8.06,ssp245
bats2,2030,6,8.03,ssp245
bats2,2030,7,7.99,ssp245
bats2,2030,8,7.98,ssp245
bats2,2030,9,7.99,ssp245
bats2,2030,10,8.01,ssp245
bats2,2030,11,8.04,ssp245
bats2,2030,12,8.06,ssp245
bats2,2031,1,8.07,ssp245
bats2,2031,2,8.07,ssp245
bats2,2031,3,8.07,ssp245
bats2,2031,4,8.07,ssp245
bats2,2031,5,8.06,ssp245
bats2,2031,6,8.03,ssp245
bats2,2031,7,7.99,ssp245
bats2,2031,8,7.98,ssp245
bats2,2031,9,7.99,ssp245
bats2,2031,10,8.01,ssp245
bats2,2031,11,8.04,ssp245
bats2,2031,12,8.05,ssp245
bats2,2032,1,8.06,ssp245
bats2,2032,2,8.07,ssp245
bats2,2032,3,8.06,ssp245
bats2,2032,4,8.07,ssp245
bats2,2032,5,8.06,ssp245
bats2,2032,6,8.02,ssp245
bats2,2032,7,7.98,ssp245
bats2,2032,8,7.97,ssp245
bats2,2032,9,7.98,ssp245
bats2,2032,10,8.01,ssp245
bats2,2032,11,8.04,ssp245
bats2,2032,12,8.06,ssp245
bats2,2033,1,8.06,ssp245
bats2,2033,2,8.06,ssp245
bats2,2033,3,8.06,ssp245
bats2,2033,4,8.07,ssp245
bats2,2033,5,8.05,ssp245
bats2,2033,6,8.02,ssp245
bats2,2033,7,7.98,ssp245
bats2,2033,8,7.97,ssp245
bats2,2033,9,7.97,ssp245
bats2,2033,10,8,ssp245
bats2,2033,11,8.03,ssp245
bats2,2033,12,8.05,ssp245
bats2,2034,1,8.06,ssp245
bats2,2034,2,8.06,ssp245
bats2,2034,3,8.06,ssp245
bats2,2034,4,8.06,ssp245
bats2,2034,5,8.05,ssp245
bats2,2034,6,8.02,ssp245
bats2,2034,7,7.99,ssp245
bats2,2034,8,7.98,ssp245
bats2,2034,9,7.98,ssp245
bats2,2034,10,8,ssp245
bats2,2034,11,8.03,ssp245
bats2,2034,12,8.05,ssp245
bats2,2035,1,8.06,ssp245
bats2,2035,2,8.06,ssp245
bats2,2035,3,8.06,ssp245
bats2,2035,4,8.06,ssp245
bats2,2035,5,8.05,ssp245
bats2,2035,6,8.02,ssp245
bats2,2035,7,7.99,ssp245
bats2,2035,8,7.97,ssp245
bats2,2035,9,7.98,ssp245
bats2,2035,10,8,ssp245
bats2,2035,11,8.03,ssp245
bats2,2035,12,8.05,ssp245
bats2,2036,1,8.05,ssp245
bats2,2036,2,8.05,ssp245
bats2,2036,3,8.06,ssp245
bats2,2036,4,8.06,ssp245
bats2,2036,5,8.04,ssp245
bats2,2036,6,8.01,ssp245
bats2,2036,7,7.97,ssp245
bats2,2036,8,7.96,ssp245
bats2,2036,9,7.97,ssp245
bats2,2036,10,8,ssp245
bats2,2036,11,8.03,ssp245
bats2,2036,12,8.05,ssp245
bats2,2037,1,8.05,ssp245
bats2,2037,2,8.05,ssp245
bats2,2037,3,8.05,ssp245
bats2,2037,4,8.06,ssp245
bats2,2037,5,8.05,ssp245
bats2,2037,6,8.01,ssp245
bats2,2037,7,7.98,ssp245
bats2,2037,8,7.96,ssp245
bats2,2037,9,7.97,ssp245
bats2,2037,10,8,ssp245
bats2,2037,11,8.02,ssp245
bats2,2037,12,8.04,ssp245
bats2,2038,1,8.05,ssp245
bats2,2038,2,8.05,ssp245
bats2,2038,3,8.05,ssp245
bats2,2038,4,8.06,ssp245
bats2,2038,5,8.04,ssp245
bats2,2038,6,8,ssp245
bats2,2038,7,7.97,ssp245
bats2,2038,8,7.95,ssp245
bats2,2038,9,7.96,ssp245
bats2,2038,10,7.99,ssp245
bats2,2038,11,8.02,ssp245
bats2,2038,12,8.04,ssp245
bats2,2039,1,8.05,ssp245
bats2,2039,2,8.05,ssp245
bats2,2039,3,8.05,ssp245
bats2,2039,4,8.05,ssp245
bats2,2039,5,8.04,ssp245
bats2,2039,6,8.01,ssp245
bats2,2039,7,7.97,ssp245
bats2,2039,8,7.96,ssp245
bats2,2039,9,7.97,ssp245
bats2,2039,10,7.99,ssp245
bats2,2039,11,8.02,ssp245
bats2,2039,12,8.04,ssp245
bats2,2040,1,8.04,ssp245
bats2,2040,2,8.04,ssp245
bats2,2040,3,8.04,ssp245
bats2,2040,4,8.05,ssp245
bats2,2040,5,8.03,ssp245
bats2,2040,6,8,ssp245
bats2,2040,7,7.97,ssp245
bats2,2040,8,7.96,ssp245
bats2,2040,9,7.96,ssp245
bats2,2040,10,7.99,ssp245
bats2,2040,11,8.02,ssp245
bats2,2040,12,8.04,ssp245
bats2,2041,1,8.04,ssp245
bats2,2041,2,8.04,ssp245
bats2,2041,3,8.05,ssp245
bats2,2041,4,8.05,ssp245
bats2,2041,5,8.03,ssp245
bats2,2041,6,8,ssp245
bats2,2041,7,7.97,ssp245
bats2,2041,8,7.95,ssp245
bats2,2041,9,7.96,ssp245
bats2,2041,10,7.99,ssp245
bats2,2041,11,8.01,ssp245
bats2,2041,12,8.03,ssp245
bats2,2042,1,8.04,ssp245
bats2,2042,2,8.04,ssp245
bats2,2042,3,8.04,ssp245
bats2,2042,4,8.05,ssp245
bats2,2042,5,8.03,ssp245
bats2,2042,6,8,ssp245
bats2,2042,7,7.96,ssp245
bats2,2042,8,7.94,ssp245
bats2,2042,9,7.96,ssp245
bats2,2042,10,7.98,ssp245
bats2,2042,11,8.01,ssp245
bats2,2042,12,8.03,ssp245
bats2,2043,1,8.04,ssp245
bats2,2043,2,8.04,ssp245
bats2,2043,3,8.04,ssp245
bats2,2043,4,8.04,ssp245
bats2,2043,5,8.02,ssp245
bats2,2043,6,7.99,ssp245
bats2,2043,7,7.96,ssp245
bats2,2043,8,7.95,ssp245
bats2,2043,9,7.96,ssp245
bats2,2043,10,7.98,ssp245
bats2,2043,11,8.01,ssp245
bats2,2043,12,8.03,ssp245
bats2,2044,1,8.04,ssp245
bats2,2044,2,8.04,ssp245
bats2,2044,3,8.04,ssp245
bats2,2044,4,8.04,ssp245
bats2,2044,5,8.02,ssp245
bats2,2044,6,7.98,ssp245
bats2,2044,7,7.96,ssp245
bats2,2044,8,7.95,ssp245
bats2,2044,9,7.95,ssp245
bats2,2044,10,7.98,ssp245
bats2,2044,11,8.01,ssp245
bats2,2044,12,8.03,ssp245
bats2,2045,1,8.03,ssp245
bats2,2045,2,8.03,ssp245
bats2,2045,3,8.04,ssp245
bats2,2045,4,8.03,ssp245
bats2,2045,5,8.02,ssp245
bats2,2045,6,7.99,ssp245
bats2,2045,7,7.95,ssp245
bats2,2045,8,7.94,ssp245
bats2,2045,9,7.95,ssp245
bats2,2045,10,7.98,ssp245
bats2,2045,11,8.01,ssp245
bats2,2045,12,8.03,ssp245
bats2,2046,1,8.03,ssp245
bats2,2046,2,8.03,ssp245
bats2,2046,3,8.03,ssp245
bats2,2046,4,8.04,ssp245
bats2,2046,5,8.02,ssp245
bats2,2046,6,7.99,ssp245
bats2,2046,7,7.96,ssp245
bats2,2046,8,7.94,ssp245
bats2,2046,9,7.95,ssp245
bats2,2046,10,7.97,ssp245
bats2,2046,11,8,ssp245
bats2,2046,12,8.02,ssp245
bats2,2047,1,8.03,ssp245
bats2,2047,2,8.03,ssp245
bats2,2047,3,8.03,ssp245
bats2,2047,4,8.04,ssp245
bats2,2047,5,8.02,ssp245
bats2,2047,6,7.99,ssp245
bats2,2047,7,7.95,ssp245
bats2,2047,8,7.94,ssp245
bats2,2047,9,7.95,ssp245
bats2,2047,10,7.97,ssp245
bats2,2047,11,8,ssp245
bats2,2047,12,8.02,ssp245
bats2,2048,1,8.02,ssp245
bats2,2048,2,8.02,ssp245
bats2,2048,3,8.03,ssp245
bats2,2048,4,8.04,ssp245
bats2,2048,5,8.02,ssp245
bats2,2048,6,7.97,ssp245
bats2,2048,7,7.95,ssp245
bats2,2048,8,7.94,ssp245
bats2,2048,9,7.95,ssp245
bats2,2048,10,7.97,ssp245
bats2,2048,11,8,ssp245
bats2,2048,12,8.01,ssp245
bats2,2049,1,8.02,ssp245
bats2,2049,2,8.02,ssp245
bats2,2049,3,8.03,ssp245
bats2,2049,4,8.03,ssp245
bats2,2049,5,8.01,ssp245
bats2,2049,6,7.98,ssp245
bats2,2049,7,7.94,ssp245
bats2,2049,8,7.93,ssp245
bats2,2049,9,7.94,ssp245
bats2,2049,10,7.97,ssp245
bats2,2049,11,8,ssp245
bats2,2049,12,8.01,ssp245
bats2,2050,1,8.02,ssp245
bats2,2050,2,8.02,ssp245
bats2,2050,3,8.02,ssp245
bats2,2050,4,8.03,ssp245
bats2,2050,5,8.01,ssp245
bats2,2050,6,7.98,ssp245
bats2,2050,7,7.94,ssp245
bats2,2050,8,7.92,ssp245
bats2,2050,9,7.93,ssp245
bats2,2050,10,7.96,ssp245
bats2,2050,11,7.99,ssp245
bats2,2050,12,8.01,ssp245
bats2,2051,1,8.02,ssp245
bats2,2051,2,8.02,ssp245
bats2,2051,3,8.02,ssp245
bats2,2051,4,8.02,ssp245
bats2,2051,5,8,ssp245
bats2,2051,6,7.97,ssp245
bats2,2051,7,7.94,ssp245
bats2,2051,8,7.92,ssp245
bats2,2051,9,7.93,ssp245
bats2,2051,10,7.96,ssp245
bats2,2051,11,7.99,ssp245
bats2,2051,12,8.01,ssp245
bats2,2052,1,8.01,ssp245
bats2,2052,2,8.01,ssp245
bats2,2052,3,8.02,ssp245
bats2,2052,4,8.02,ssp245
bats2,2052,5,8.01,ssp245
bats2,2052,6,7.97,ssp245
bats2,2052,7,7.94,ssp245
bats2,2052,8,7.93,ssp245
bats2,2052,9,7.93,ssp245
bats2,2052,10,7.96,ssp245
bats2,2052,11,7.99,ssp245
bats2,2052,12,8.01,ssp245
bats2,2053,1,8.01,ssp245
bats2,2053,2,8.02,ssp245
bats2,2053,3,8.02,ssp245
bats2,2053,4,8.02,ssp245
bats2,2053,5,8,ssp245
bats2,2053,6,7.97,ssp245
bats2,2053,7,7.93,ssp245
bats2,2053,8,7.92,ssp245
bats2,2053,9,7.93,ssp245
bats2,2053,10,7.96,ssp245
bats2,2053,11,7.98,ssp245
bats2,2053,12,8,ssp245
bats2,2054,1,8.01,ssp245
bats2,2054,2,8.02,ssp245
bats2,2054,3,8.02,ssp245
bats2,2054,4,8.02,ssp245
bats2,2054,5,8,ssp245
bats2,2054,6,7.96,ssp245
bats2,2054,7,7.94,ssp245
bats2,2054,8,7.92,ssp245
bats2,2054,9,7.93,ssp245
bats2,2054,10,7.96,ssp245
bats2,2054,11,7.99,ssp245
bats2,2054,12,8,ssp245
bats2,2055,1,8.01,ssp245
bats2,2055,2,8.01,ssp245
bats2,2055,3,8.02,ssp245
bats2,2055,4,8.02,ssp245
bats2,2055,5,8,ssp245
bats2,2055,6,7.97,ssp245
bats2,2055,7,7.93,ssp245
bats2,2055,8,7.92,ssp245
bats2,2055,9,7.92,ssp245
bats2,2055,10,7.96,ssp245
bats2,2055,11,7.98,ssp245
bats2,2055,12,8,ssp245
bats2,2056,1,8.01,ssp245
bats2,2056,2,8.01,ssp245
bats2,2056,3,8.01,ssp245
bats2,2056,4,8.01,ssp245
bats2,2056,5,8,ssp245
bats2,2056,6,7.97,ssp245
bats2,2056,7,7.93,ssp245
bats2,2056,8,7.92,ssp245
bats2,2056,9,7.92,ssp245
bats2,2056,10,7.95,ssp245
bats2,2056,11,7.98,ssp245
bats2,2056,12,8,ssp245
bats2,2057,1,8,ssp245
bats2,2057,2,8,ssp245
bats2,2057,3,8.01,ssp245
bats2,2057,4,8.01,ssp245
bats2,2057,5,8,ssp245
bats2,2057,6,7.96,ssp245
bats2,2057,7,7.92,ssp245
bats2,2057,8,7.91,ssp245
bats2,2057,9,7.93,ssp245
bats2,2057,10,7.95,ssp245
bats2,2057,11,7.98,ssp245
bats2,2057,12,8,ssp245
bats2,2058,1,8,ssp245
bats2,2058,2,8,ssp245
bats2,2058,3,8.01,ssp245
bats2,2058,4,8,ssp245
bats2,2058,5,7.99,ssp245
bats2,2058,6,7.96,ssp245
bats2,2058,7,7.93,ssp245
bats2,2058,8,7.91,ssp245
bats2,2058,9,7.92,ssp245
bats2,2058,10,7.95,ssp245
bats2,2058,11,7.98,ssp245
bats2,2058,12,7.99,ssp245
bats2,2059,1,8,ssp245
bats2,2059,2,8,ssp245
bats2,2059,3,8,ssp245
bats2,2059,4,8.01,ssp245
bats2,2059,5,7.99,ssp245
bats2,2059,6,7.95,ssp245
bats2,2059,7,7.92,ssp245
bats2,2059,8,7.91,ssp245
bats2,2059,9,7.92,ssp245
bats2,2059,10,7.95,ssp245
bats2,2059,11,7.97,ssp245
bats2,2059,12,7.99,ssp245
bats2,2060,1,8,ssp245
bats2,2060,2,8,ssp245
bats2,2060,3,8,ssp245
bats2,2060,4,8.01,ssp245
bats2,2060,5,7.99,ssp245
bats2,2060,6,7.95,ssp245
bats2,2060,7,7.93,ssp245
bats2,2060,8,7.91,ssp245
bats2,2060,9,7.91,ssp245
bats2,2060,10,7.94,ssp245
bats2,2060,11,7.97,ssp245
bats2,2060,12,7.99,ssp245
bats2,2061,1,8,ssp245
bats2,2061,2,8,ssp245
bats2,2061,3,8,ssp245
bats2,2061,4,8,ssp245
bats2,2061,5,7.98,ssp245
bats2,2061,6,7.95,ssp245
bats2,2061,7,7.92,ssp245
bats2,2061,8,7.91,ssp245
bats2,2061,9,7.91,ssp245
bats2,2061,10,7.94,ssp245
bats2,2061,11,7.97,ssp245
bats2,2061,12,7.99,ssp245
bats2,2062,1,7.99,ssp245
bats2,2062,2,7.99,ssp245
bats2,2062,3,8,ssp245
bats2,2062,4,8,ssp245
bats2,2062,5,7.99,ssp245
bats2,2062,6,7.96,ssp245
bats2,2062,7,7.92,ssp245
bats2,2062,8,7.91,ssp245
bats2,2062,9,7.91,ssp245
bats2,2062,10,7.94,ssp245
bats2,2062,11,7.97,ssp245
bats2,2062,12,7.99,ssp245
bats2,2063,1,8,ssp245
bats2,2063,2,7.99,ssp245
bats2,2063,3,8,ssp245
bats2,2063,4,8,ssp245
bats2,2063,5,7.99,ssp245
bats2,2063,6,7.95,ssp245
bats2,2063,7,7.91,ssp245
bats2,2063,8,7.9,ssp245
bats2,2063,9,7.91,ssp245
bats2,2063,10,7.94,ssp245
bats2,2063,11,7.97,ssp245
bats2,2063,12,7.98,ssp245
bats2,2064,1,7.99,ssp245
bats2,2064,2,7.99,ssp245
bats2,2064,3,7.99,ssp245
bats2,2064,4,8,ssp245
bats2,2064,5,7.98,ssp245
bats2,2064,6,7.94,ssp245
bats2,2064,7,7.91,ssp245
bats2,2064,8,7.9,ssp245
bats2,2064,9,7.91,ssp245
bats2,2064,10,7.94,ssp245
bats2,2064,11,7.97,ssp245
bats2,2064,12,7.98,ssp245
bats2,2065,1,7.99,ssp245
bats2,2065,2,7.99,ssp245
bats2,2065,3,7.99,ssp245
bats2,2065,4,7.99,ssp245
bats2,2065,5,7.98,ssp245
bats2,2065,6,7.94,ssp245
bats2,2065,7,7.91,ssp245
bats2,2065,8,7.9,ssp245
bats2,2065,9,7.91,ssp245
bats2,2065,10,7.94,ssp245
bats2,2065,11,7.96,ssp245
bats2,2065,12,7.98,ssp245
bats2,2066,1,7.99,ssp245
bats2,2066,2,7.99,ssp245
bats2,2066,3,7.99,ssp245
bats2,2066,4,7.99,ssp245
bats2,2066,5,7.97,ssp245
bats2,2066,6,7.94,ssp245
bats2,2066,7,7.9,ssp245
bats2,2066,8,7.9,ssp245
bats2,2066,9,7.9,ssp245
bats2,2066,10,7.93,ssp245
bats2,2066,11,7.95,ssp245
bats2,2066,12,7.97,ssp245
bats2,2067,1,7.98,ssp245
bats2,2067,2,7.98,ssp245
bats2,2067,3,7.99,ssp245
bats2,2067,4,7.99,ssp245
bats2,2067,5,7.97,ssp245
bats2,2067,6,7.93,ssp245
bats2,2067,7,7.9,ssp245
bats2,2067,8,7.9,ssp245
bats2,2067,9,7.91,ssp245
bats2,2067,10,7.93,ssp245
bats2,2067,11,7.96,ssp245
bats2,2067,12,7.98,ssp245
bats2,2068,1,7.98,ssp245
bats2,2068,2,7.98,ssp245
bats2,2068,3,7.98,ssp245
bats2,2068,4,7.99,ssp245
bats2,2068,5,7.97,ssp245
bats2,2068,6,7.93,ssp245
bats2,2068,7,7.9,ssp245
bats2,2068,8,7.89,ssp245
bats2,2068,9,7.9,ssp245
bats2,2068,10,7.92,ssp245
bats2,2068,11,7.96,ssp245
bats2,2068,12,7.98,ssp245
bats2,2069,1,7.98,ssp245
bats2,2069,2,7.99,ssp245
bats2,2069,3,7.99,ssp245
bats2,2069,4,7.99,ssp245
bats2,2069,5,7.98,ssp245
bats2,2069,6,7.94,ssp245
bats2,2069,7,7.9,ssp245
bats2,2069,8,7.88,ssp245
bats2,2069,9,7.89,ssp245
bats2,2069,10,7.93,ssp245
bats2,2069,11,7.95,ssp245
bats2,2069,12,7.97,ssp245
bats2,2070,1,7.98,ssp245
bats2,2070,2,7.98,ssp245
bats2,2070,3,7.98,ssp245
bats2,2070,4,7.98,ssp245
bats2,2070,5,7.97,ssp245
bats2,2070,6,7.93,ssp245
bats2,2070,7,7.9,ssp245
bats2,2070,8,7.89,ssp245
bats2,2070,9,7.9,ssp245
bats2,2070,10,7.93,ssp245
bats2,2070,11,7.96,ssp245
bats2,2070,12,7.98,ssp245
bats2,2071,1,7.98,ssp245
bats2,2071,2,7.98,ssp245
bats2,2071,3,7.98,ssp245
bats2,2071,4,7.99,ssp245
bats2,2071,5,7.97,ssp245
bats2,2071,6,7.94,ssp245
bats2,2071,7,7.9,ssp245
bats2,2071,8,7.89,ssp245
bats2,2071,9,7.9,ssp245
bats2,2071,10,7.92,ssp245
bats2,2071,11,7.95,ssp245
bats2,2071,12,7.97,ssp245
bats2,2072,1,7.98,ssp245
bats2,2072,2,7.98,ssp245
bats2,2072,3,7.98,ssp245
bats2,2072,4,7.99,ssp245
bats2,2072,5,7.97,ssp245
bats2,2072,6,7.93,ssp245
bats2,2072,7,7.9,ssp245
bats2,2072,8,7.89,ssp245
bats2,2072,9,7.9,ssp245
bats2,2072,10,7.92,ssp245
bats2,2072,11,7.95,ssp245
bats2,2072,12,7.97,ssp245
bats2,2073,1,7.98,ssp245
bats2,2073,2,7.98,ssp245
bats2,2073,3,7.98,ssp245
bats2,2073,4,7.98,ssp245
bats2,2073,5,7.96,ssp245
bats2,2073,6,7.92,ssp245
bats2,2073,7,7.89,ssp245
bats2,2073,8,7.89,ssp245
bats2,2073,9,7.9,ssp245
bats2,2073,10,7.92,ssp245
bats2,2073,11,7.94,ssp245
bats2,2073,12,7.97,ssp245
bats2,2074,1,7.98,ssp245
bats2,2074,2,7.97,ssp245
bats2,2074,3,7.97,ssp245
bats2,2074,4,7.98,ssp245
bats2,2074,5,7.97,ssp245
bats2,2074,6,7.93,ssp245
bats2,2074,7,7.9,ssp245
bats2,2074,8,7.89,ssp245
bats2,2074,9,7.9,ssp245
bats2,2074,10,7.92,ssp245
bats2,2074,11,7.95,ssp245
bats2,2074,12,7.96,ssp245
bats2,2075,1,7.97,ssp245
bats2,2075,2,7.97,ssp245
bats2,2075,3,7.97,ssp245
bats2,2075,4,7.98,ssp245
bats2,2075,5,7.97,ssp245
bats2,2075,6,7.93,ssp245
bats2,2075,7,7.89,ssp245
bats2,2075,8,7.88,ssp245
bats2,2075,9,7.89,ssp245
bats2,2075,10,7.92,ssp245
bats2,2075,11,7.94,ssp245
bats2,2075,12,7.96,ssp245
bats2,2076,1,7.97,ssp245
bats2,2076,2,7.97,ssp245
bats2,2076,3,7.98,ssp245
bats2,2076,4,7.98,ssp245
bats2,2076,5,7.96,ssp245
bats2,2076,6,7.93,ssp245
bats2,2076,7,7.89,ssp245
bats2,2076,8,7.88,ssp245
bats2,2076,9,7.9,ssp245
bats2,2076,10,7.92,ssp245
bats2,2076,11,7.94,ssp245
bats2,2076,12,7.96,ssp245
bats2,2077,1,7.97,ssp245
bats2,2077,2,7.97,ssp245
bats2,2077,3,7.97,ssp245
bats2,2077,4,7.97,ssp245
bats2,2077,5,7.96,ssp245
bats2,2077,6,7.92,ssp245
bats2,2077,7,7.89,ssp245
bats2,2077,8,7.88,ssp245
bats2,2077,9,7.89,ssp245
bats2,2077,10,7.91,ssp245
bats2,2077,11,7.94,ssp245
bats2,2077,12,7.96,ssp245
bats2,2078,1,7.97,ssp245
bats2,2078,2,7.97,ssp245
bats2,2078,3,7.97,ssp245
bats2,2078,4,7.97,ssp245
bats2,2078,5,7.96,ssp245
bats2,2078,6,7.93,ssp245
bats2,2078,7,7.88,ssp245
bats2,2078,8,7.87,ssp245
bats2,2078,9,7.88,ssp245
bats2,2078,10,7.91,ssp245
bats2,2078,11,7.94,ssp245
bats2,2078,12,7.95,ssp245
bats2,2079,1,7.96,ssp245
bats2,2079,2,7.97,ssp245
bats2,2079,3,7.97,ssp245
bats2,2079,4,7.97,ssp245
bats2,2079,5,7.96,ssp245
bats2,2079,6,7.93,ssp245
bats2,2079,7,7.89,ssp245
bats2,2079,8,7.88,ssp245
bats2,2079,9,7.89,ssp245
bats2,2079,10,7.91,ssp245
bats2,2079,11,7.94,ssp245
bats2,2079,12,7.95,ssp245
bats2,2080,1,7.96,ssp245
bats2,2080,2,7.97,ssp245
bats2,2080,3,7.97,ssp245
bats2,2080,4,7.97,ssp245
bats2,2080,5,7.95,ssp245
bats2,2080,6,7.91,ssp245
bats2,2080,7,7.89,ssp245
bats2,2080,8,7.87,ssp245
bats2,2080,9,7.88,ssp245
bats2,2080,10,7.91,ssp245
bats2,2080,11,7.94,ssp245
bats2,2080,12,7.95,ssp245
bats2,2081,1,7.96,ssp245
bats2,2081,2,7.96,ssp245
bats2,2081,3,7.97,ssp245
bats2,2081,4,7.96,ssp245
bats2,2081,5,7.95,ssp245
bats2,2081,6,7.91,ssp245
bats2,2081,7,7.89,ssp245
bats2,2081,8,7.88,ssp245
bats2,2081,9,7.89,ssp245
bats2,2081,10,7.92,ssp245
bats2,2081,11,7.94,ssp245
bats2,2081,12,7.96,ssp245
bats2,2082,1,7.96,ssp245
bats2,2082,2,7.96,ssp245
bats2,2082,3,7.96,ssp245
bats2,2082,4,7.97,ssp245
bats2,2082,5,7.95,ssp245
bats2,2082,6,7.91,ssp245
bats2,2082,7,7.88,ssp245
bats2,2082,8,7.87,ssp245
bats2,2082,9,7.88,ssp245
bats2,2082,10,7.91,ssp245
bats2,2082,11,7.93,ssp245
bats2,2082,12,7.95,ssp245
bats2,2083,1,7.96,ssp245
bats2,2083,2,7.96,ssp245
bats2,2083,3,7.96,ssp245
bats2,2083,4,7.96,ssp245
bats2,2083,5,7.95,ssp245
bats2,2083,6,7.92,ssp245
bats2,2083,7,7.89,ssp245
bats2,2083,8,7.87,ssp245
bats2,2083,9,7.88,ssp245
bats2,2083,10,7.91,ssp245
bats2,2083,11,7.93,ssp245
bats2,2083,12,7.95,ssp245
bats2,2084,1,7.96,ssp245
bats2,2084,2,7.96,ssp245
bats2,2084,3,7.96,ssp245
bats2,2084,4,7.96,ssp245
bats2,2084,5,7.95,ssp245
bats2,2084,6,7.91,ssp245
bats2,2084,7,7.89,ssp245
bats2,2084,8,7.88,ssp245
bats2,2084,9,7.89,ssp245
bats2,2084,10,7.91,ssp245
bats2,2084,11,7.93,ssp245
bats2,2084,12,7.95,ssp245
bats2,2085,1,7.96,ssp245
bats2,2085,2,7.96,ssp245
bats2,2085,3,7.96,ssp245
bats2,2085,4,7.96,ssp245
bats2,2085,5,7.94,ssp245
bats2,2085,6,7.91,ssp245
bats2,2085,7,7.89,ssp245
bats2,2085,8,7.87,ssp245
bats2,2085,9,7.88,ssp245
bats2,2085,10,7.91,ssp245
bats2,2085,11,7.93,ssp245
bats2,2085,12,7.95,ssp245
bats2,2086,1,7.96,ssp245
bats2,2086,2,7.96,ssp245
bats2,2086,3,7.96,ssp245
bats2,2086,4,7.96,ssp245
bats2,2086,5,7.95,ssp245
bats2,2086,6,7.91,ssp245
bats2,2086,7,7.88,ssp245
bats2,2086,8,7.87,ssp245
bats2,2086,9,7.88,ssp245
bats2,2086,10,7.9,ssp245
bats2,2086,11,7.93,ssp245
bats2,2086,12,7.95,ssp245
bats2,2087,1,7.96,ssp245
bats2,2087,2,7.95,ssp245
bats2,2087,3,7.96,ssp245
bats2,2087,4,7.96,ssp245
bats2,2087,5,7.95,ssp245
bats2,2087,6,7.92,ssp245
bats2,2087,7,7.89,ssp245
bats2,2087,8,7.87,ssp245
bats2,2087,9,7.88,ssp245
bats2,2087,10,7.9,ssp245
bats2,2087,11,7.93,ssp245
bats2,2087,12,7.95,ssp245
bats2,2088,1,7.96,ssp245
bats2,2088,2,7.95,ssp245
bats2,2088,3,7.96,ssp245
bats2,2088,4,7.96,ssp245
bats2,2088,5,7.94,ssp245
bats2,2088,6,7.92,ssp245
bats2,2088,7,7.88,ssp245
bats2,2088,8,7.87,ssp245
bats2,2088,9,7.88,ssp245
bats2,2088,10,7.91,ssp245
bats2,2088,11,7.93,ssp245
bats2,2088,12,7.95,ssp245
bats2,2089,1,7.96,ssp245
bats2,2089,2,7.96,ssp245
bats2,2089,3,7.96,ssp245
bats2,2089,4,7.96,ssp245
bats2,2089,5,7.95,ssp245
bats2,2089,6,7.91,ssp245
bats2,2089,7,7.88,ssp245
bats2,2089,8,7.87,ssp245
bats2,2089,9,7.88,ssp245
bats2,2089,10,7.91,ssp245
bats2,2089,11,7.93,ssp245
bats2,2089,12,7.95,ssp245
bats2,2090,1,7.95,ssp245
bats2,2090,2,7.95,ssp245
bats2,2090,3,7.96,ssp245
bats2,2090,4,7.96,ssp245
bats2,2090,5,7.94,ssp245
bats2,2090,6,7.91,ssp245
bats2,2090,7,7.88,ssp245
bats2,2090,8,7.87,ssp245
bats2,2090,9,7.88,ssp245
bats2,2090,10,7.9,ssp245
bats2,2090,11,7.93,ssp245
bats2,2090,12,7.95,ssp245
bats2,2091,1,7.95,ssp245
bats2,2091,2,7.95,ssp245
bats2,2091,3,7.95,ssp245
bats2,2091,4,7.96,ssp245
bats2,2091,5,7.94,ssp245
bats2,2091,6,7.9,ssp245
bats2,2091,7,7.88,ssp245
bats2,2091,8,7.87,ssp245
bats2,2091,9,7.88,ssp245
bats2,2091,10,7.9,ssp245
bats2,2091,11,7.93,ssp245
bats2,2091,12,7.95,ssp245
bats2,2092,1,7.95,ssp245
bats2,2092,2,7.96,ssp245
bats2,2092,3,7.96,ssp245
bats2,2092,4,7.96,ssp245
bats2,2092,5,7.94,ssp245
bats2,2092,6,7.91,ssp245
bats2,2092,7,7.88,ssp245
bats2,2092,8,7.87,ssp245
bats2,2092,9,7.88,ssp245
bats2,2092,10,7.9,ssp245
bats2,2092,11,7.93,ssp245
bats2,2092,12,7.95,ssp245
bats2,2093,1,7.95,ssp245
bats2,2093,2,7.95,ssp245
bats2,2093,3,7.96,ssp245
bats2,2093,4,7.96,ssp245
bats2,2093,5,7.94,ssp245
bats2,2093,6,7.91,ssp245
bats2,2093,7,7.88,ssp245
bats2,2093,8,7.87,ssp245
bats2,2093,9,7.88,ssp245
bats2,2093,10,7.91,ssp245
bats2,2093,11,7.93,ssp245
bats2,2093,12,7.94,ssp245
bats2,2094,1,7.95,ssp245
bats2,2094,2,7.95,ssp245
bats2,2094,3,7.95,ssp245
bats2,2094,4,7.96,ssp245
bats2,2094,5,7.94,ssp245
bats2,2094,6,7.91,ssp245
bats2,2094,7,7.88,ssp245
bats2,2094,8,7.87,ssp245
bats2,2094,9,7.88,ssp245
bats2,2094,10,7.9,ssp245
bats2,2094,11,7.93,ssp245
bats2,2094,12,7.95,ssp245
bats2,2095,1,7.95,ssp245
bats2,2095,2,7.95,ssp245
bats2,2095,3,7.95,ssp245
bats2,2095,4,7.96,ssp245
bats2,2095,5,7.94,ssp245
bats2,2095,6,7.91,ssp245
bats2,2095,7,7.88,ssp245
bats2,2095,8,7.86,ssp245
bats2,2095,9,7.87,ssp245
bats2,2095,10,7.9,ssp245
bats2,2095,11,7.93,ssp245
bats2,2095,12,7.95,ssp245
bats2,2096,1,7.95,ssp245
bats2,2096,2,7.95,ssp245
bats2,2096,3,7.95,ssp245
bats2,2096,4,7.95,ssp245
bats2,2096,5,7.94,ssp245
bats2,2096,6,7.91,ssp245
bats2,2096,7,7.88,ssp245
bats2,2096,8,7.87,ssp245
bats2,2096,9,7.88,ssp245
bats2,2096,10,7.9,ssp245
bats2,2096,11,7.93,ssp245
bats2,2096,12,7.95,ssp245
bats2,2097,1,7.95,ssp245
bats2,2097,2,7.95,ssp245
bats2,2097,3,7.96,ssp245
bats2,2097,4,7.95,ssp245
bats2,2097,5,7.93,ssp245
bats2,2097,6,7.9,ssp245
bats2,2097,7,7.87,ssp245
bats2,2097,8,7.86,ssp245
bats2,2097,9,7.88,ssp245
bats2,2097,10,7.9,ssp245
bats2,2097,11,7.93,ssp245
bats2,2097,12,7.94,ssp245
bats2,2098,1,7.95,ssp245
bats2,2098,2,7.95,ssp245
bats2,2098,3,7.95,ssp245
bats2,2098,4,7.96,ssp245
bats2,2098,5,7.94,ssp245
bats2,2098,6,7.9,ssp245
bats2,2098,7,7.88,ssp245
bats2,2098,8,7.86,ssp245
bats2,2098,9,7.88,ssp245
bats2,2098,10,7.9,ssp245
bats2,2098,11,7.92,ssp245
bats2,2098,12,7.94,ssp245
bats2,2099,1,7.95,ssp245
bats2,2099,2,7.95,ssp245
bats2,2099,3,7.95,ssp245
bats2,2099,4,7.95,ssp245
bats2,2099,5,7.94,ssp245
bats2,2099,6,7.9,ssp245
bats2,2099,7,7.87,ssp245
bats2,2099,8,7.87,ssp245
bats2,2099,9,7.87,ssp245
bats2,2099,10,7.9,ssp245
bats2,2099,11,7.93,ssp245
bats2,2099,12,7.95,ssp245
bats2,2100,1,7.95,ssp245
bats2,2100,2,7.95,ssp245
bats2,2100,3,7.95,ssp245
bats2,2100,4,7.96,ssp245
bats2,2100,5,7.94,ssp245
bats2,2100,6,7.9,ssp245
bats2,2100,7,7.88,ssp245
bats2,2100,8,7.86,ssp245
bats2,2100,9,7.87,ssp245
bats2,2100,10,7.9,ssp245
bats2,2100,11,7.92,ssp245
bats2,2100,12,7.94,ssp245
bats2,2015,1,8.1,ssp370
bats2,2015,2,8.1,ssp370
bats2,2015,3,8.1,ssp370
bats2,2015,4,8.11,ssp370
bats2,2015,5,8.1,ssp370
bats2,2015,6,8.07,ssp370
bats2,2015,7,8.03,ssp370
bats2,2015,8,8.02,ssp370
bats2,2015,9,8.03,ssp370
bats2,2015,10,8.05,ssp370
bats2,2015,11,8.08,ssp370
bats2,2015,12,8.1,ssp370
bats2,2016,1,8.1,ssp370
bats2,2016,2,8.1,ssp370
bats2,2016,3,8.1,ssp370
bats2,2016,4,8.11,ssp370
bats2,2016,5,8.09,ssp370
bats2,2016,6,8.07,ssp370
bats2,2016,7,8.03,ssp370
bats2,2016,8,8.02,ssp370
bats2,2016,9,8.02,ssp370
bats2,2016,10,8.05,ssp370
bats2,2016,11,8.07,ssp370
bats2,2016,12,8.09,ssp370
bats2,2017,1,8.1,ssp370
bats2,2017,2,8.1,ssp370
bats2,2017,3,8.1,ssp370
bats2,2017,4,8.11,ssp370
bats2,2017,5,8.1,ssp370
bats2,2017,6,8.07,ssp370
bats2,2017,7,8.04,ssp370
bats2,2017,8,8.02,ssp370
bats2,2017,9,8.02,ssp370
bats2,2017,10,8.05,ssp370
bats2,2017,11,8.07,ssp370
bats2,2017,12,8.1,ssp370
bats2,2018,1,8.1,ssp370
bats2,2018,2,8.1,ssp370
bats2,2018,3,8.1,ssp370
bats2,2018,4,8.11,ssp370
bats2,2018,5,8.09,ssp370
bats2,2018,6,8.07,ssp370
bats2,2018,7,8.03,ssp370
bats2,2018,8,8.02,ssp370
bats2,2018,9,8.02,ssp370
bats2,2018,10,8.05,ssp370
bats2,2018,11,8.08,ssp370
bats2,2018,12,8.09,ssp370
bats2,2019,1,8.1,ssp370
bats2,2019,2,8.1,ssp370
bats2,2019,3,8.1,ssp370
bats2,2019,4,8.1,ssp370
bats2,2019,5,8.08,ssp370
bats2,2019,6,8.06,ssp370
bats2,2019,7,8.02,ssp370
bats2,2019,8,8,ssp370
bats2,2019,9,8.01,ssp370
bats2,2019,10,8.04,ssp370
bats2,2019,11,8.06,ssp370
bats2,2019,12,8.09,ssp370
bats2,2020,1,8.09,ssp370
bats2,2020,2,8.09,ssp370
bats2,2020,3,8.09,ssp370
bats2,2020,4,8.1,ssp370
bats2,2020,5,8.09,ssp370
bats2,2020,6,8.06,ssp370
bats2,2020,7,8.02,ssp370
bats2,2020,8,8.01,ssp370
bats2,2020,9,8.01,ssp370
bats2,2020,10,8.04,ssp370
bats2,2020,11,8.07,ssp370
bats2,2020,12,8.09,ssp370
bats2,2021,1,8.09,ssp370
bats2,2021,2,8.09,ssp370
bats2,2021,3,8.09,ssp370
bats2,2021,4,8.09,ssp370
bats2,2021,5,8.09,ssp370
bats2,2021,6,8.06,ssp370
bats2,2021,7,8.02,ssp370
bats2,2021,8,8,ssp370
bats2,2021,9,8.01,ssp370
bats2,2021,10,8.04,ssp370
bats2,2021,11,8.07,ssp370
bats2,2021,12,8.08,ssp370
bats2,2022,1,8.09,ssp370
bats2,2022,2,8.09,ssp370
bats2,2022,3,8.09,ssp370
bats2,2022,4,8.09,ssp370
bats2,2022,5,8.09,ssp370
bats2,2022,6,8.06,ssp370
bats2,2022,7,8.02,ssp370
bats2,2022,8,8,ssp370
bats2,2022,9,8.02,ssp370
bats2,2022,10,8.04,ssp370
bats2,2022,11,8.07,ssp370
bats2,2022,12,8.08,ssp370
bats2,2023,1,8.09,ssp370
bats2,2023,2,8.08,ssp370
bats2,2023,3,8.09,ssp370
bats2,2023,4,8.09,ssp370
bats2,2023,5,8.08,ssp370
bats2,2023,6,8.06,ssp370
bats2,2023,7,8.01,ssp370
bats2,2023,8,8,ssp370
bats2,2023,9,8.01,ssp370
bats2,2023,10,8.04,ssp370
bats2,2023,11,8.06,ssp370
bats2,2023,12,8.08,ssp370
bats2,2024,1,8.08,ssp370
bats2,2024,2,8.08,ssp370
bats2,2024,3,8.09,ssp370
bats2,2024,4,8.09,ssp370
bats2,2024,5,8.08,ssp370
bats2,2024,6,8.04,ssp370
bats2,2024,7,8.01,ssp370
bats2,2024,8,7.99,ssp370
bats2,2024,9,8,ssp370
bats2,2024,10,8.03,ssp370
bats2,2024,11,8.05,ssp370
bats2,2024,12,8.07,ssp370
bats2,2025,1,8.08,ssp370
bats2,2025,2,8.08,ssp370
bats2,2025,3,8.08,ssp370
bats2,2025,4,8.09,ssp370
bats2,2025,5,8.08,ssp370
bats2,2025,6,8.04,ssp370
bats2,2025,7,8.01,ssp370
bats2,2025,8,7.99,ssp370
bats2,2025,9,8,ssp370
bats2,2025,10,8.02,ssp370
bats2,2025,11,8.05,ssp370
bats2,2025,12,8.07,ssp370
bats2,2026,1,8.08,ssp370
bats2,2026,2,8.08,ssp370
bats2,2026,3,8.08,ssp370
bats2,2026,4,8.08,ssp370
bats2,2026,5,8.07,ssp370
bats2,2026,6,8.04,ssp370
bats2,2026,7,8,ssp370
bats2,2026,8,7.98,ssp370
bats2,2026,9,7.99,ssp370
bats2,2026,10,8.02,ssp370
bats2,2026,11,8.05,ssp370
bats2,2026,12,8.07,ssp370
bats2,2027,1,8.07,ssp370
bats2,2027,2,8.08,ssp370
bats2,2027,3,8.08,ssp370
bats2,2027,4,8.08,ssp370
bats2,2027,5,8.07,ssp370
bats2,2027,6,8.03,ssp370
bats2,2027,7,8,ssp370
bats2,2027,8,7.99,ssp370
bats2,2027,9,7.99,ssp370
bats2,2027,10,8.01,ssp370
bats2,2027,11,8.04,ssp370
bats2,2027,12,8.06,ssp370
bats2,2028,1,8.07,ssp370
bats2,2028,2,8.07,ssp370
bats2,2028,3,8.08,ssp370
bats2,2028,4,8.08,ssp370
bats2,2028,5,8.07,ssp370
bats2,2028,6,8.04,ssp370
bats2,2028,7,8,ssp370
bats2,2028,8,7.98,ssp370
bats2,2028,9,7.98,ssp370
bats2,2028,10,8.02,ssp370
bats2,2028,11,8.05,ssp370
bats2,2028,12,8.06,ssp370
bats2,2029,1,8.07,ssp370
bats2,2029,2,8.07,ssp370
bats2,2029,3,8.07,ssp370
bats2,2029,4,8.08,ssp370
bats2,2029,5,8.06,ssp370
bats2,2029,6,8.03,ssp370
bats2,2029,7,7.99,ssp370
bats2,2029,8,7.98,ssp370
bats2,2029,9,7.99,ssp370
bats2,2029,10,8.02,ssp370
bats2,2029,11,8.04,ssp370
bats2,2029,12,8.06,ssp370
bats2,2030,1,8.07,ssp370
bats2,2030,2,8.07,ssp370
bats2,2030,3,8.07,ssp370
bats2,2030,4,8.07,ssp370
bats2,2030,5,8.06,ssp370
bats2,2030,6,8.03,ssp370
bats2,2030,7,7.99,ssp370
bats2,2030,8,7.97,ssp370
bats2,2030,9,7.98,ssp370
bats2,2030,10,8.01,ssp370
bats2,2030,11,8.04,ssp370
bats2,2030,12,8.06,ssp370
bats2,2031,1,8.06,ssp370
bats2,2031,2,8.06,ssp370
bats2,2031,3,8.06,ssp370
bats2,2031,4,8.07,ssp370
bats2,2031,5,8.06,ssp370
bats2,2031,6,8.03,ssp370
bats2,2031,7,7.98,ssp370
bats2,2031,8,7.97,ssp370
bats2,2031,9,7.98,ssp370
bats2,2031,10,8.01,ssp370
bats2,2031,11,8.03,ssp370
bats2,2031,12,8.05,ssp370
bats2,2032,1,8.06,ssp370
bats2,2032,2,8.06,ssp370
bats2,2032,3,8.06,ssp370
bats2,2032,4,8.07,ssp370
bats2,2032,5,8.05,ssp370
bats2,2032,6,8.02,ssp370
bats2,2032,7,7.99,ssp370
bats2,2032,8,7.97,ssp370
bats2,2032,9,7.98,ssp370
bats2,2032,10,8.01,ssp370
bats2,2032,11,8.03,ssp370
bats2,2032,12,8.05,ssp370
bats2,2033,1,8.06,ssp370
bats2,2033,2,8.05,ssp370
bats2,2033,3,8.06,ssp370
bats2,2033,4,8.07,ssp370
bats2,2033,5,8.04,ssp370
bats2,2033,6,8.01,ssp370
bats2,2033,7,7.98,ssp370
bats2,2033,8,7.96,ssp370
bats2,2033,9,7.96,ssp370
bats2,2033,10,7.99,ssp370
bats2,2033,11,8.02,ssp370
bats2,2033,12,8.05,ssp370
bats2,2034,1,8.05,ssp370
bats2,2034,2,8.05,ssp370
bats2,2034,3,8.06,ssp370
bats2,2034,4,8.06,ssp370
bats2,2034,5,8.05,ssp370
bats2,2034,6,8.01,ssp370
bats2,2034,7,7.98,ssp370
bats2,2034,8,7.96,ssp370
bats2,2034,9,7.97,ssp370
bats2,2034,10,8,ssp370
bats2,2034,11,8.02,ssp370
bats2,2034,12,8.04,ssp370
bats2,2035,1,8.05,ssp370
bats2,2035,2,8.05,ssp370
bats2,2035,3,8.06,ssp370
bats2,2035,4,8.06,ssp370
bats2,2035,5,8.04,ssp370
bats2,2035,6,8,ssp370
bats2,2035,7,7.97,ssp370
bats2,2035,8,7.95,ssp370
bats2,2035,9,7.96,ssp370
bats2,2035,10,7.99,ssp370
bats2,2035,11,8.02,ssp370
bats2,2035,12,8.04,ssp370
bats2,2036,1,8.05,ssp370
bats2,2036,2,8.05,ssp370
bats2,2036,3,8.05,ssp370
bats2,2036,4,8.05,ssp370
bats2,2036,5,8.04,ssp370
bats2,2036,6,8,ssp370
bats2,2036,7,7.97,ssp370
bats2,2036,8,7.96,ssp370
bats2,2036,9,7.97,ssp370
bats2,2036,10,7.99,ssp370
bats2,2036,11,8.02,ssp370
bats2,2036,12,8.04,ssp370
bats2,2037,1,8.04,ssp370
bats2,2037,2,8.04,ssp370
bats2,2037,3,8.04,ssp370
bats2,2037,4,8.05,ssp370
bats2,2037,5,8.04,ssp370
bats2,2037,6,8,ssp370
bats2,2037,7,7.97,ssp370
bats2,2037,8,7.95,ssp370
bats2,2037,9,7.96,ssp370
bats2,2037,10,7.98,ssp370
bats2,2037,11,8.01,ssp370
bats2,2037,12,8.03,ssp370
bats2,2038,1,8.04,ssp370
bats2,2038,2,8.04,ssp370
bats2,2038,3,8.04,ssp370
bats2,2038,4,8.05,ssp370
bats2,2038,5,8.03,ssp370
bats2,2038,6,8,ssp370
bats2,2038,7,7.96,ssp370
bats2,2038,8,7.95,ssp370
bats2,2038,9,7.95,ssp370
bats2,2038,10,7.98,ssp370
bats2,2038,11,8.01,ssp370
bats2,2038,12,8.03,ssp370
bats2,2039,1,8.04,ssp370
bats2,2039,2,8.04,ssp370
bats2,2039,3,8.04,ssp370
bats2,2039,4,8.05,ssp370
bats2,2039,5,8.03,ssp370
bats2,2039,6,8,ssp370
bats2,2039,7,7.97,ssp370
bats2,2039,8,7.95,ssp370
bats2,2039,9,7.96,ssp370
bats2,2039,10,7.99,ssp370
bats2,2039,11,8.01,ssp370
bats2,2039,12,8.03,ssp370
bats2,2040,1,8.03,ssp370
bats2,2040,2,8.03,ssp370
bats2,2040,3,8.04,ssp370
bats2,2040,4,8.04,ssp370
bats2,2040,5,8.03,ssp370
bats2,2040,6,7.99,ssp370
bats2,2040,7,7.96,ssp370
bats2,2040,8,7.94,ssp370
bats2,2040,9,7.95,ssp370
bats2,2040,10,7.98,ssp370
bats2,2040,11,8.01,ssp370
bats2,2040,12,8.02,ssp370
bats2,2041,1,8.03,ssp370
bats2,2041,2,8.03,ssp370
bats2,2041,3,8.04,ssp370
bats2,2041,4,8.04,ssp370
bats2,2041,5,8.02,ssp370
bats2,2041,6,7.99,ssp370
bats2,2041,7,7.95,ssp370
bats2,2041,8,7.94,ssp370
bats2,2041,9,7.94,ssp370
bats2,2041,10,7.97,ssp370
bats2,2041,11,8,ssp370
bats2,2041,12,8.02,ssp370
bats2,2042,1,8.02,ssp370
bats2,2042,2,8.03,ssp370
bats2,2042,3,8.03,ssp370
bats2,2042,4,8.03,ssp370
bats2,2042,5,8.02,ssp370
bats2,2042,6,7.98,ssp370
bats2,2042,7,7.96,ssp370
bats2,2042,8,7.94,ssp370
bats2,2042,9,7.95,ssp370
bats2,2042,10,7.97,ssp370
bats2,2042,11,7.99,ssp370
bats2,2042,12,8.02,ssp370
bats2,2043,1,8.02,ssp370
bats2,2043,2,8.03,ssp370
bats2,2043,3,8.02,ssp370
bats2,2043,4,8.03,ssp370
bats2,2043,5,8.01,ssp370
bats2,2043,6,7.98,ssp370
bats2,2043,7,7.95,ssp370
bats2,2043,8,7.93,ssp370
bats2,2043,9,7.94,ssp370
bats2,2043,10,7.96,ssp370
bats2,2043,11,7.99,ssp370
bats2,2043,12,8.01,ssp370
bats2,2044,1,8.02,ssp370
bats2,2044,2,8.02,ssp370
bats2,2044,3,8.02,ssp370
bats2,2044,4,8.03,ssp370
bats2,2044,5,8.02,ssp370
bats2,2044,6,7.98,ssp370
bats2,2044,7,7.94,ssp370
bats2,2044,8,7.93,ssp370
bats2,2044,9,7.94,ssp370
bats2,2044,10,7.96,ssp370
bats2,2044,11,7.99,ssp370
bats2,2044,12,8.01,ssp370
bats2,2045,1,8.02,ssp370
bats2,2045,2,8.02,ssp370
bats2,2045,3,8.02,ssp370
bats2,2045,4,8.02,ssp370
bats2,2045,5,8.01,ssp370
bats2,2045,6,7.97,ssp370
bats2,2045,7,7.94,ssp370
bats2,2045,8,7.92,ssp370
bats2,2045,9,7.94,ssp370
bats2,2045,10,7.96,ssp370
bats2,2045,11,7.99,ssp370
bats2,2045,12,8.01,ssp370
bats2,2046,1,8.01,ssp370
bats2,2046,2,8.01,ssp370
bats2,2046,3,8.01,ssp370
bats2,2046,4,8.03,ssp370
bats2,2046,5,8.01,ssp370
bats2,2046,6,7.97,ssp370
bats2,2046,7,7.93,ssp370
bats2,2046,8,7.92,ssp370
bats2,2046,9,7.93,ssp370
bats2,2046,10,7.95,ssp370
bats2,2046,11,7.99,ssp370
bats2,2046,12,8,ssp370
bats2,2047,1,8.01,ssp370
bats2,2047,2,8.01,ssp370
bats2,2047,3,8.02,ssp370
bats2,2047,4,8.01,ssp370
bats2,2047,5,8,ssp370
bats2,2047,6,7.97,ssp370
bats2,2047,7,7.93,ssp370
bats2,2047,8,7.92,ssp370
bats2,2047,9,7.92,ssp370
bats2,2047,10,7.95,ssp370
bats2,2047,11,7.98,ssp370
bats2,2047,12,8,ssp370
bats2,2048,1,8.01,ssp370
bats2,2048,2,8.01,ssp370
bats2,2048,3,8.01,ssp370
bats2,2048,4,8.01,ssp370
bats2,2048,5,8,ssp370
bats2,2048,6,7.96,ssp370
bats2,2048,7,7.93,ssp370
bats2,2048,8,7.92,ssp370
bats2,2048,9,7.93,ssp370
bats2,2048,10,7.95,ssp370
bats2,2048,11,7.98,ssp370
bats2,2048,12,8,ssp370
bats2,2049,1,8,ssp370
bats2,2049,2,8.01,ssp370
bats2,2049,3,8.01,ssp370
bats2,2049,4,8.01,ssp370
bats2,2049,5,7.99,ssp370
bats2,2049,6,7.96,ssp370
bats2,2049,7,7.92,ssp370
bats2,2049,8,7.91,ssp370
bats2,2049,9,7.92,ssp370
bats2,2049,10,7.95,ssp370
bats2,2049,11,7.97,ssp370
bats2,2049,12,7.99,ssp370
bats2,2050,1,8,ssp370
bats2,2050,2,8,ssp370
bats2,2050,3,8,ssp370
bats2,2050,4,8,ssp370
bats2,2050,5,7.99,ssp370
bats2,2050,6,7.95,ssp370
bats2,2050,7,7.92,ssp370
bats2,2050,8,7.91,ssp370
bats2,2050,9,7.92,ssp370
bats2,2050,10,7.94,ssp370
bats2,2050,11,7.97,ssp370
bats2,2050,12,7.99,ssp370
bats2,2051,1,8,ssp370
bats2,2051,2,8,ssp370
bats2,2051,3,8,ssp370
bats2,2051,4,8.01,ssp370
bats2,2051,5,7.99,ssp370
bats2,2051,6,7.95,ssp370
bats2,2051,7,7.92,ssp370
bats2,2051,8,7.91,ssp370
bats2,2051,9,7.92,ssp370
bats2,2051,10,7.94,ssp370
bats2,2051,11,7.97,ssp370
bats2,2051,12,7.99,ssp370
bats2,2052,1,7.99,ssp370
bats2,2052,2,8,ssp370
bats2,2052,3,8,ssp370
bats2,2052,4,8,ssp370
bats2,2052,5,7.99,ssp370
bats2,2052,6,7.96,ssp370
bats2,2052,7,7.91,ssp370
bats2,2052,8,7.9,ssp370
bats2,2052,9,7.91,ssp370
bats2,2052,10,7.94,ssp370
bats2,2052,11,7.97,ssp370
bats2,2052,12,7.98,ssp370
bats2,2053,1,7.99,ssp370
bats2,2053,2,7.99,ssp370
bats2,2053,3,7.99,ssp370
bats2,2053,4,8,ssp370
bats2,2053,5,7.98,ssp370
bats2,2053,6,7.95,ssp370
bats2,2053,7,7.91,ssp370
bats2,2053,8,7.91,ssp370
bats2,2053,9,7.91,ssp370
bats2,2053,10,7.94,ssp370
bats2,2053,11,7.96,ssp370
bats2,2053,12,7.98,ssp370
bats2,2054,1,7.99,ssp370
bats2,2054,2,7.99,ssp370
bats2,2054,3,7.99,ssp370
bats2,2054,4,8,ssp370
bats2,2054,5,7.98,ssp370
bats2,2054,6,7.95,ssp370
bats2,2054,7,7.91,ssp370
bats2,2054,8,7.9,ssp370
bats2,2054,9,7.91,ssp370
bats2,2054,10,7.93,ssp370
bats2,2054,11,7.96,ssp370
bats2,2054,12,7.98,ssp370
bats2,2055,1,7.98,ssp370
bats2,2055,2,7.98,ssp370
bats2,2055,3,7.98,ssp370
bats2,2055,4,7.99,ssp370
bats2,2055,5,7.98,ssp370
bats2,2055,6,7.94,ssp370
bats2,2055,7,7.9,ssp370
bats2,2055,8,7.89,ssp370
bats2,2055,9,7.89,ssp370
bats2,2055,10,7.92,ssp370
bats2,2055,11,7.95,ssp370
bats2,2055,12,7.97,ssp370
bats2,2056,1,7.98,ssp370
bats2,2056,2,7.98,ssp370
bats2,2056,3,7.98,ssp370
bats2,2056,4,7.99,ssp370
bats2,2056,5,7.97,ssp370
bats2,2056,6,7.93,ssp370
bats2,2056,7,7.9,ssp370
bats2,2056,8,7.89,ssp370
bats2,2056,9,7.9,ssp370
bats2,2056,10,7.93,ssp370
bats2,2056,11,7.95,ssp370
bats2,2056,12,7.97,ssp370
bats2,2057,1,7.98,ssp370
bats2,2057,2,7.98,ssp370
bats2,2057,3,7.98,ssp370
bats2,2057,4,7.99,ssp370
bats2,2057,5,7.97,ssp370
bats2,2057,6,7.93,ssp370
bats2,2057,7,7.89,ssp370
bats2,2057,8,7.88,ssp370
bats2,2057,9,7.89,ssp370
bats2,2057,10,7.92,ssp370
bats2,2057,11,7.95,ssp370
bats2,2057,12,7.97,ssp370
bats2,2058,1,7.97,ssp370
bats2,2058,2,7.98,ssp370
bats2,2058,3,7.98,ssp370
bats2,2058,4,7.98,ssp370
bats2,2058,5,7.96,ssp370
bats2,2058,6,7.93,ssp370
bats2,2058,7,7.9,ssp370
bats2,2058,8,7.88,ssp370
bats2,2058,9,7.9,ssp370
bats2,2058,10,7.92,ssp370
bats2,2058,11,7.95,ssp370
bats2,2058,12,7.96,ssp370
bats2,2059,1,7.97,ssp370
bats2,2059,2,7.97,ssp370
bats2,2059,3,7.97,ssp370
bats2,2059,4,7.98,ssp370
bats2,2059,5,7.96,ssp370
bats2,2059,6,7.92,ssp370
bats2,2059,7,7.89,ssp370
bats2,2059,8,7.88,ssp370
bats2,2059,9,7.88,ssp370
bats2,2059,10,7.91,ssp370
bats2,2059,11,7.94,ssp370
bats2,2059,12,7.96,ssp370
bats2,2060,1,7.97,ssp370
bats2,2060,2,7.97,ssp370
bats2,2060,3,7.97,ssp370
bats2,2060,4,7.97,ssp370
bats2,2060,5,7.95,ssp370
bats2,2060,6,7.92,ssp370
bats2,2060,7,7.89,ssp370
bats2,2060,8,7.87,ssp370
bats2,2060,9,7.88,ssp370
bats2,2060,10,7.91,ssp370
bats2,2060,11,7.94,ssp370
bats2,2060,12,7.95,ssp370
bats2,2061,1,7.96,ssp370
bats2,2061,2,7.96,ssp370
bats2,2061,3,7.96,ssp370
bats2,2061,4,7.97,ssp370
bats2,2061,5,7.95,ssp370
bats2,2061,6,7.91,ssp370
bats2,2061,7,7.88,ssp370
bats2,2061,8,7.87,ssp370
bats2,2061,9,7.88,ssp370
bats2,2061,10,7.91,ssp370
bats2,2061,11,7.93,ssp370
bats2,2061,12,7.95,ssp370
bats2,2062,1,7.96,ssp370
bats2,2062,2,7.96,ssp370
bats2,2062,3,7.96,ssp370
bats2,2062,4,7.96,ssp370
bats2,2062,5,7.95,ssp370
bats2,2062,6,7.91,ssp370
bats2,2062,7,7.89,ssp370
bats2,2062,8,7.87,ssp370
bats2,2062,9,7.88,ssp370
bats2,2062,10,7.9,ssp370
bats2,2062,11,7.93,ssp370
bats2,2062,12,7.95,ssp370
bats2,2063,1,7.95,ssp370
bats2,2063,2,7.95,ssp370
bats2,2063,3,7.96,ssp370
bats2,2063,4,7.96,ssp370
bats2,2063,5,7.95,ssp370
bats2,2063,6,7.91,ssp370
bats2,2063,7,7.87,ssp370
bats2,2063,8,7.86,ssp370
bats2,2063,9,7.87,ssp370
bats2,2063,10,7.9,ssp370
bats2,2063,11,7.93,ssp370
bats2,2063,12,7.94,ssp370
bats2,2064,1,7.95,ssp370
bats2,2064,2,7.95,ssp370
bats2,2064,3,7.95,ssp370
bats2,2064,4,7.96,ssp370
bats2,2064,5,7.93,ssp370
bats2,2064,6,7.9,ssp370
bats2,2064,7,7.87,ssp370
bats2,2064,8,7.86,ssp370
bats2,2064,9,7.87,ssp370
bats2,2064,10,7.9,ssp370
bats2,2064,11,7.92,ssp370
bats2,2064,12,7.94,ssp370
bats2,2065,1,7.95,ssp370
bats2,2065,2,7.95,ssp370
bats2,2065,3,7.95,ssp370
bats2,2065,4,7.95,ssp370
bats2,2065,5,7.94,ssp370
bats2,2065,6,7.9,ssp370
bats2,2065,7,7.87,ssp370
bats2,2065,8,7.86,ssp370
bats2,2065,9,7.87,ssp370
bats2,2065,10,7.89,ssp370
bats2,2065,11,7.92,ssp370
bats2,2065,12,7.94,ssp370
bats2,2066,1,7.94,ssp370
bats2,2066,2,7.95,ssp370
bats2,2066,3,7.94,ssp370
bats2,2066,4,7.95,ssp370
bats2,2066,5,7.93,ssp370
bats2,2066,6,7.9,ssp370
bats2,2066,7,7.87,ssp370
bats2,2066,8,7.85,ssp370
bats2,2066,9,7.86,ssp370
bats2,2066,10,7.89,ssp370
bats2,2066,11,7.92,ssp370
bats2,2066,12,7.94,ssp370
bats2,2067,1,7.94,ssp370
bats2,2067,2,7.94,ssp370
bats2,2067,3,7.94,ssp370
bats2,2067,4,7.94,ssp370
bats2,2067,5,7.93,ssp370
bats2,2067,6,7.89,ssp370
bats2,2067,7,7.86,ssp370
bats2,2067,8,7.85,ssp370
bats2,2067,9,7.86,ssp370
bats2,2067,10,7.89,ssp370
bats2,2067,11,7.91,ssp370
bats2,2067,12,7.93,ssp370
bats2,2068,1,7.94,ssp370
bats2,2068,2,7.94,ssp370
bats2,2068,3,7.95,ssp370
bats2,2068,4,7.95,ssp370
bats2,2068,5,7.93,ssp370
bats2,2068,6,7.89,ssp370
bats2,2068,7,7.85,ssp370
bats2,2068,8,7.85,ssp370
bats2,2068,9,7.86,ssp370
bats2,2068,10,7.88,ssp370
bats2,2068,11,7.91,ssp370
bats2,2068,12,7.93,ssp370
bats2,2069,1,7.94,ssp370
bats2,2069,2,7.94,ssp370
bats2,2069,3,7.94,ssp370
bats2,2069,4,7.94,ssp370
bats2,2069,5,7.92,ssp370
bats2,2069,6,7.89,ssp370
bats2,2069,7,7.86,ssp370
bats2,2069,8,7.84,ssp370
bats2,2069,9,7.86,ssp370
bats2,2069,10,7.88,ssp370
bats2,2069,11,7.9,ssp370
bats2,2069,12,7.92,ssp370
bats2,2070,1,7.93,ssp370
bats2,2070,2,7.93,ssp370
bats2,2070,3,7.94,ssp370
bats2,2070,4,7.94,ssp370
bats2,2070,5,7.92,ssp370
bats2,2070,6,7.88,ssp370
bats2,2070,7,7.85,ssp370
bats2,2070,8,7.84,ssp370
bats2,2070,9,7.86,ssp370
bats2,2070,10,7.88,ssp370
bats2,2070,11,7.91,ssp370
bats2,2070,12,7.92,ssp370
bats2,2071,1,7.93,ssp370
bats2,2071,2,7.93,ssp370
bats2,2071,3,7.93,ssp370
bats2,2071,4,7.93,ssp370
bats2,2071,5,7.91,ssp370
bats2,2071,6,7.88,ssp370
bats2,2071,7,7.85,ssp370
bats2,2071,8,7.84,ssp370
bats2,2071,9,7.84,ssp370
bats2,2071,10,7.87,ssp370
bats2,2071,11,7.9,ssp370
bats2,2071,12,7.92,ssp370
bats2,2072,1,7.93,ssp370
bats2,2072,2,7.93,ssp370
bats2,2072,3,7.93,ssp370
bats2,2072,4,7.93,ssp370
bats2,2072,5,7.91,ssp370
bats2,2072,6,7.87,ssp370
bats2,2072,7,7.84,ssp370
bats2,2072,8,7.83,ssp370
bats2,2072,9,7.85,ssp370
bats2,2072,10,7.88,ssp370
bats2,2072,11,7.9,ssp370
bats2,2072,12,7.91,ssp370
bats2,2073,1,7.92,ssp370
bats2,2073,2,7.92,ssp370
bats2,2073,3,7.93,ssp370
bats2,2073,4,7.92,ssp370
bats2,2073,5,7.9,ssp370
bats2,2073,6,7.87,ssp370
bats2,2073,7,7.84,ssp370
bats2,2073,8,7.83,ssp370
bats2,2073,9,7.84,ssp370
bats2,2073,10,7.86,ssp370
bats2,2073,11,7.89,ssp370
bats2,2073,12,7.91,ssp370
bats2,2074,1,7.92,ssp370
bats2,2074,2,7.92,ssp370
bats2,2074,3,7.92,ssp370
bats2,2074,4,7.92,ssp370
bats2,2074,5,7.9,ssp370
bats2,2074,6,7.87,ssp370
bats2,2074,7,7.83,ssp370
bats2,2074,8,7.82,ssp370
bats2,2074,9,7.83,ssp370
bats2,2074,10,7.86,ssp370
bats2,2074,11,7.89,ssp370
bats2,2074,12,7.9,ssp370
bats2,2075,1,7.91,ssp370
bats2,2075,2,7.91,ssp370
bats2,2075,3,7.91,ssp370
bats2,2075,4,7.91,ssp370
bats2,2075,5,7.9,ssp370
bats2,2075,6,7.86,ssp370
bats2,2075,7,7.83,ssp370
bats2,2075,8,7.83,ssp370
bats2,2075,9,7.83,ssp370
bats2,2075,10,7.86,ssp370
bats2,2075,11,7.89,ssp370
bats2,2075,12,7.9,ssp370
bats2,2076,1,7.91,ssp370
bats2,2076,2,7.91,ssp370
bats2,2076,3,7.91,ssp370
bats2,2076,4,7.91,ssp370
bats2,2076,5,7.9,ssp370
bats2,2076,6,7.87,ssp370
bats2,2076,7,7.83,ssp370
bats2,2076,8,7.82,ssp370
bats2,2076,9,7.83,ssp370
bats2,2076,10,7.86,ssp370
bats2,2076,11,7.89,ssp370
bats2,2076,12,7.9,ssp370
bats2,2077,1,7.91,ssp370
bats2,2077,2,7.91,ssp370
bats2,2077,3,7.91,ssp370
bats2,2077,4,7.91,ssp370
bats2,2077,5,7.89,ssp370
bats2,2077,6,7.86,ssp370
bats2,2077,7,7.82,ssp370
bats2,2077,8,7.81,ssp370
bats2,2077,9,7.82,ssp370
bats2,2077,10,7.85,ssp370
bats2,2077,11,7.87,ssp370
bats2,2077,12,7.89,ssp370
bats2,2078,1,7.9,ssp370
bats2,2078,2,7.9,ssp370
bats2,2078,3,7.91,ssp370
bats2,2078,4,7.91,ssp370
bats2,2078,5,7.89,ssp370
bats2,2078,6,7.85,ssp370
bats2,2078,7,7.83,ssp370
bats2,2078,8,7.81,ssp370
bats2,2078,9,7.82,ssp370
bats2,2078,10,7.85,ssp370
bats2,2078,11,7.87,ssp370
bats2,2078,12,7.89,ssp370
bats2,2079,1,7.9,ssp370
bats2,2079,2,7.9,ssp370
bats2,2079,3,7.9,ssp370
bats2,2079,4,7.9,ssp370
bats2,2079,5,7.88,ssp370
bats2,2079,6,7.85,ssp370
bats2,2079,7,7.82,ssp370
bats2,2079,8,7.81,ssp370
bats2,2079,9,7.81,ssp370
bats2,2079,10,7.84,ssp370
bats2,2079,11,7.87,ssp370
bats2,2079,12,7.89,ssp370
bats2,2080,1,7.89,ssp370
bats2,2080,2,7.9,ssp370
bats2,2080,3,7.9,ssp370
bats2,2080,4,7.9,ssp370
bats2,2080,5,7.89,ssp370
bats2,2080,6,7.85,ssp370
bats2,2080,7,7.82,ssp370
bats2,2080,8,7.8,ssp370
bats2,2080,9,7.82,ssp370
bats2,2080,10,7.84,ssp370
bats2,2080,11,7.87,ssp370
bats2,2080,12,7.89,ssp370
bats2,2081,1,7.89,ssp370
bats2,2081,2,7.9,ssp370
bats2,2081,3,7.9,ssp370
bats2,2081,4,7.9,ssp370
bats2,2081,5,7.88,ssp370
bats2,2081,6,7.85,ssp370
bats2,2081,7,7.81,ssp370
bats2,2081,8,7.8,ssp370
bats2,2081,9,7.81,ssp370
bats2,2081,10,7.83,ssp370
bats2,2081,11,7.86,ssp370
bats2,2081,12,7.88,ssp370
bats2,2082,1,7.89,ssp370
bats2,2082,2,7.89,ssp370
bats2,2082,3,7.89,ssp370
bats2,2082,4,7.9,ssp370
bats2,2082,5,7.88,ssp370
bats2,2082,6,7.83,ssp370
bats2,2082,7,7.81,ssp370
bats2,2082,8,7.79,ssp370
bats2,2082,9,7.81,ssp370
bats2,2082,10,7.84,ssp370
bats2,2082,11,7.86,ssp370
bats2,2082,12,7.88,ssp370
bats2,2083,1,7.89,ssp370
bats2,2083,2,7.88,ssp370
bats2,2083,3,7.89,ssp370
bats2,2083,4,7.9,ssp370
bats2,2083,5,7.88,ssp370
bats2,2083,6,7.84,ssp370
bats2,2083,7,7.81,ssp370
bats2,2083,8,7.79,ssp370
bats2,2083,9,7.81,ssp370
bats2,2083,10,7.84,ssp370
bats2,2083,11,7.86,ssp370
bats2,2083,12,7.87,ssp370
bats2,2084,1,7.88,ssp370
bats2,2084,2,7.88,ssp370
bats2,2084,3,7.89,ssp370
bats2,2084,4,7.89,ssp370
bats2,2084,5,7.86,ssp370
bats2,2084,6,7.83,ssp370
bats2,2084,7,7.81,ssp370
bats2,2084,8,7.79,ssp370
bats2,2084,9,7.8,ssp370
bats2,2084,10,7.83,ssp370
bats2,2084,11,7.85,ssp370
bats2,2084,12,7.87,ssp370
bats2,2085,1,7.88,ssp370
bats2,2085,2,7.88,ssp370
bats2,2085,3,7.88,ssp370
bats2,2085,4,7.87,ssp370
bats2,2085,5,7.86,ssp370
bats2,2085,6,7.82,ssp370
bats2,2085,7,7.79,ssp370
bats2,2085,8,7.79,ssp370
bats2,2085,9,7.8,ssp370
bats2,2085,10,7.83,ssp370
bats2,2085,11,7.85,ssp370
bats2,2085,12,7.86,ssp370
bats2,2086,1,7.87,ssp370
bats2,2086,2,7.87,ssp370
bats2,2086,3,7.87,ssp370
bats2,2086,4,7.87,ssp370
bats2,2086,5,7.86,ssp370
bats2,2086,6,7.83,ssp370
bats2,2086,7,7.8,ssp370
bats2,2086,8,7.78,ssp370
bats2,2086,9,7.8,ssp370
bats2,2086,10,7.82,ssp370
bats2,2086,11,7.84,ssp370
bats2,2086,12,7.86,ssp370
bats2,2087,1,7.86,ssp370
bats2,2087,2,7.87,ssp370
bats2,2087,3,7.87,ssp370
bats2,2087,4,7.87,ssp370
bats2,2087,5,7.85,ssp370
bats2,2087,6,7.81,ssp370
bats2,2087,7,7.78,ssp370
bats2,2087,8,7.78,ssp370
bats2,2087,9,7.79,ssp370
bats2,2087,10,7.82,ssp370
bats2,2087,11,7.84,ssp370
bats2,2087,12,7.86,ssp370
bats2,2088,1,7.87,ssp370
bats2,2088,2,7.87,ssp370
bats2,2088,3,7.86,ssp370
bats2,2088,4,7.86,ssp370
bats2,2088,5,7.85,ssp370
bats2,2088,6,7.81,ssp370
bats2,2088,7,7.79,ssp370
bats2,2088,8,7.78,ssp370
bats2,2088,9,7.79,ssp370
bats2,2088,10,7.81,ssp370
bats2,2088,11,7.84,ssp370
bats2,2088,12,7.86,ssp370
bats2,2089,1,7.86,ssp370
bats2,2089,2,7.86,ssp370
bats2,2089,3,7.86,ssp370
bats2,2089,4,7.86,ssp370
bats2,2089,5,7.84,ssp370
bats2,2089,6,7.81,ssp370
bats2,2089,7,7.78,ssp370
bats2,2089,8,7.77,ssp370
bats2,2089,9,7.78,ssp370
bats2,2089,10,7.81,ssp370
bats2,2089,11,7.84,ssp370
bats2,2089,12,7.85,ssp370
bats2,2090,1,7.86,ssp370
bats2,2090,2,7.85,ssp370
bats2,2090,3,7.86,ssp370
bats2,2090,4,7.87,ssp370
bats2,2090,5,7.85,ssp370
bats2,2090,6,7.81,ssp370
bats2,2090,7,7.78,ssp370
bats2,2090,8,7.77,ssp370
bats2,2090,9,7.78,ssp370
bats2,2090,10,7.81,ssp370
bats2,2090,11,7.84,ssp370
bats2,2090,12,7.85,ssp370
bats2,2091,1,7.86,ssp370
bats2,2091,2,7.85,ssp370
bats2,2091,3,7.86,ssp370
bats2,2091,4,7.87,ssp370
bats2,2091,5,7.85,ssp370
bats2,2091,6,7.81,ssp370
bats2,2091,7,7.77,ssp370
bats2,2091,8,7.77,ssp370
bats2,2091,9,7.78,ssp370
bats2,2091,10,7.8,ssp370
bats2,2091,11,7.83,ssp370
bats2,2091,12,7.85,ssp370
bats2,2092,1,7.85,ssp370
bats2,2092,2,7.85,ssp370
bats2,2092,3,7.85,ssp370
bats2,2092,4,7.85,ssp370
bats2,2092,5,7.84,ssp370
bats2,2092,6,7.8,ssp370
bats2,2092,7,7.77,ssp370
bats2,2092,8,7.77,ssp370
bats2,2092,9,7.78,ssp370
bats2,2092,10,7.8,ssp370
bats2,2092,11,7.83,ssp370
bats2,2092,12,7.84,ssp370
bats2,2093,1,7.85,ssp370
bats2,2093,2,7.85,ssp370
bats2,2093,3,7.84,ssp370
bats2,2093,4,7.85,ssp370
bats2,2093,5,7.84,ssp370
bats2,2093,6,7.8,ssp370
bats2,2093,7,7.77,ssp370
bats2,2093,8,7.76,ssp370
bats2,2093,9,7.77,ssp370
bats2,2093,10,7.8,ssp370
bats2,2093,11,7.82,ssp370
bats2,2093,12,7.84,ssp370
bats2,2094,1,7.84,ssp370
bats2,2094,2,7.84,ssp370
bats2,2094,3,7.84,ssp370
bats2,2094,4,7.85,ssp370
bats2,2094,5,7.83,ssp370
bats2,2094,6,7.79,ssp370
bats2,2094,7,7.76,ssp370
bats2,2094,8,7.76,ssp370
bats2,2094,9,7.77,ssp370
bats2,2094,10,7.79,ssp370
bats2,2094,11,7.82,ssp370
bats2,2094,12,7.83,ssp370
bats2,2095,1,7.84,ssp370
bats2,2095,2,7.84,ssp370
bats2,2095,3,7.84,ssp370
bats2,2095,4,7.85,ssp370
bats2,2095,5,7.83,ssp370
bats2,2095,6,7.78,ssp370
bats2,2095,7,7.77,ssp370
bats2,2095,8,7.75,ssp370
bats2,2095,9,7.76,ssp370
bats2,2095,10,7.79,ssp370
bats2,2095,11,7.81,ssp370
bats2,2095,12,7.83,ssp370
bats2,2096,1,7.83,ssp370
bats2,2096,2,7.83,ssp370
bats2,2096,3,7.84,ssp370
bats2,2096,4,7.83,ssp370
bats2,2096,5,7.82,ssp370
bats2,2096,6,7.79,ssp370
bats2,2096,7,7.76,ssp370
bats2,2096,8,7.75,ssp370
bats2,2096,9,7.76,ssp370
bats2,2096,10,7.79,ssp370
bats2,2096,11,7.81,ssp370
bats2,2096,12,7.83,ssp370
bats2,2097,1,7.83,ssp370
bats2,2097,2,7.83,ssp370
bats2,2097,3,7.84,ssp370
bats2,2097,4,7.83,ssp370
bats2,2097,5,7.82,ssp370
bats2,2097,6,7.78,ssp370
bats2,2097,7,7.76,ssp370
bats2,2097,8,7.75,ssp370
bats2,2097,9,7.76,ssp370
bats2,2097,10,7.79,ssp370
bats2,2097,11,7.81,ssp370
bats2,2097,12,7.82,ssp370
bats2,2098,1,7.83,ssp370
bats2,2098,2,7.83,ssp370
bats2,2098,3,7.83,ssp370
bats2,2098,4,7.84,ssp370
bats2,2098,5,7.82,ssp370
bats2,2098,6,7.78,ssp370
bats2,2098,7,7.75,ssp370
bats2,2098,8,7.74,ssp370
bats2,2098,9,7.75,ssp370
bats2,2098,10,7.78,ssp370
bats2,2098,11,7.8,ssp370
bats2,2098,12,7.82,ssp370
bats2,2099,1,7.82,ssp370
bats2,2099,2,7.82,ssp370
bats2,2099,3,7.82,ssp370
bats2,2099,4,7.82,ssp370
bats2,2099,5,7.81,ssp370
bats2,2099,6,7.77,ssp370
bats2,2099,7,7.75,ssp370
bats2,2099,8,7.74,ssp370
bats2,2099,9,7.75,ssp370
bats2,2099,10,7.77,ssp370
bats2,2099,11,7.8,ssp370
bats2,2099,12,7.81,ssp370
bats2,2100,1,7.82,ssp370
bats2,2100,2,7.82,ssp370
bats2,2100,3,7.82,ssp370
bats2,2100,4,7.82,ssp370
bats2,2100,5,7.8,ssp370
bats2,2100,6,7.76,ssp370
bats2,2100,7,7.74,ssp370
bats2,2100,8,7.74,ssp370
bats2,2100,9,7.75,ssp370
bats2,2100,10,7.77,ssp370
bats2,2100,11,7.79,ssp370
bats2,2100,12,7.81,ssp370
bats2,2015,1,8.1,ssp585
bats2,2015,2,8.1,ssp585
bats2,2015,3,8.1,ssp585
bats2,2015,4,8.11,ssp585
bats2,2015,5,8.1,ssp585
bats2,2015,6,8.07,ssp585
bats2,2015,7,8.04,ssp585
bats2,2015,8,8.01,ssp585
bats2,2015,9,8.02,ssp585
bats2,2015,10,8.05,ssp585
bats2,2015,11,8.07,ssp585
bats2,2015,12,8.09,ssp585
bats2,2016,1,8.1,ssp585
bats2,2016,2,8.1,ssp585
bats2,2016,3,8.1,ssp585
bats2,2016,4,8.11,ssp585
bats2,2016,5,8.09,ssp585
bats2,2016,6,8.06,ssp585
bats2,2016,7,8.03,ssp585
bats2,2016,8,8.01,ssp585
bats2,2016,9,8.02,ssp585
bats2,2016,10,8.05,ssp585
bats2,2016,11,8.08,ssp585
bats2,2016,12,8.1,ssp585
bats2,2017,1,8.1,ssp585
bats2,2017,2,8.1,ssp585
bats2,2017,3,8.11,ssp585
bats2,2017,4,8.11,ssp585
bats2,2017,5,8.09,ssp585
bats2,2017,6,8.06,ssp585
bats2,2017,7,8.03,ssp585
bats2,2017,8,8.01,ssp585
bats2,2017,9,8.02,ssp585
bats2,2017,10,8.05,ssp585
bats2,2017,11,8.08,ssp585
bats2,2017,12,8.09,ssp585
bats2,2018,1,8.1,ssp585
bats2,2018,2,8.1,ssp585
bats2,2018,3,8.1,ssp585
bats2,2018,4,8.11,ssp585
bats2,2018,5,8.1,ssp585
bats2,2018,6,8.06,ssp585
bats2,2018,7,8.03,ssp585
bats2,2018,8,8.01,ssp585
bats2,2018,9,8.02,ssp585
bats2,2018,10,8.04,ssp585
bats2,2018,11,8.07,ssp585
bats2,2018,12,8.09,ssp585
bats2,2019,1,8.1,ssp585
bats2,2019,2,8.1,ssp585
bats2,2019,3,8.1,ssp585
bats2,2019,4,8.1,ssp585
bats2,2019,5,8.09,ssp585
bats2,2019,6,8.06,ssp585
bats2,2019,7,8.02,ssp585
bats2,2019,8,8,ssp585
bats2,2019,9,8.01,ssp585
bats2,2019,10,8.04,ssp585
bats2,2019,11,8.07,ssp585
bats2,2019,12,8.09,ssp585
bats2,2020,1,8.09,ssp585
bats2,2020,2,8.09,ssp585
bats2,2020,3,8.1,ssp585
bats2,2020,4,8.1,ssp585
bats2,2020,5,8.09,ssp585
bats2,2020,6,8.06,ssp585
bats2,2020,7,8.03,ssp585
bats2,2020,8,8.01,ssp585
bats2,2020,9,8.01,ssp585
bats2,2020,10,8.03,ssp585
bats2,2020,11,8.07,ssp585
bats2,2020,12,8.09,ssp585
bats2,2021,1,8.09,ssp585
bats2,2021,2,8.09,ssp585
bats2,2021,3,8.09,ssp585
bats2,2021,4,8.1,ssp585
bats2,2021,5,8.08,ssp585
bats2,2021,6,8.05,ssp585
bats2,2021,7,8.02,ssp585
bats2,2021,8,8,ssp585
bats2,2021,9,8.01,ssp585
bats2,2021,10,8.04,ssp585
bats2,2021,11,8.06,ssp585
bats2,2021,12,8.08,ssp585
bats2,2022,1,8.09,ssp585
bats2,2022,2,8.09,ssp585
bats2,2022,3,8.09,ssp585
bats2,2022,4,8.09,ssp585
bats2,2022,5,8.08,ssp585
bats2,2022,6,8.05,ssp585
bats2,2022,7,8.01,ssp585
bats2,2022,8,7.99,ssp585
bats2,2022,9,8.01,ssp585
bats2,2022,10,8.03,ssp585
bats2,2022,11,8.06,ssp585
bats2,2022,12,8.08,ssp585
bats2,2023,1,8.09,ssp585
bats2,2023,2,8.08,ssp585
bats2,2023,3,8.09,ssp585
bats2,2023,4,8.09,ssp585
bats2,2023,5,8.08,ssp585
bats2,2023,6,8.04,ssp585
bats2,2023,7,8.01,ssp585
bats2,2023,8,8,ssp585
bats2,2023,9,8.01,ssp585
bats2,2023,10,8.04,ssp585
bats2,2023,11,8.06,ssp585
bats2,2023,12,8.08,ssp585
bats2,2024,1,8.08,ssp585
bats2,2024,2,8.08,ssp585
bats2,2024,3,8.09,ssp585
bats2,2024,4,8.09,ssp585
bats2,2024,5,8.08,ssp585
bats2,2024,6,8.05,ssp585
bats2,2024,7,8.01,ssp585
bats2,2024,8,8,ssp585
bats2,2024,9,8,ssp585
bats2,2024,10,8.03,ssp585
bats2,2024,11,8.06,ssp585
bats2,2024,12,8.07,ssp585
bats2,2025,1,8.08,ssp585
bats2,2025,2,8.08,ssp585
bats2,2025,3,8.08,ssp585
bats2,2025,4,8.09,ssp585
bats2,2025,5,8.07,ssp585
bats2,2025,6,8.04,ssp585
bats2,2025,7,8.01,ssp585
bats2,2025,8,8,ssp585
bats2,2025,9,8,ssp585
bats2,2025,10,8.03,ssp585
bats2,2025,11,8.06,ssp585
bats2,2025,12,8.07,ssp585
bats2,2026,1,8.08,ssp585
bats2,2026,2,8.08,ssp585
bats2,2026,3,8.08,ssp585
bats2,2026,4,8.08,ssp585
bats2,2026,5,8.07,ssp585
bats2,2026,6,8.04,ssp585
bats2,2026,7,8.01,ssp585
bats2,2026,8,7.99,ssp585
bats2,2026,9,8,ssp585
bats2,2026,10,8.03,ssp585
bats2,2026,11,8.05,ssp585
bats2,2026,12,8.07,ssp585
bats2,2027,1,8.07,ssp585
bats2,2027,2,8.07,ssp585
bats2,2027,3,8.08,ssp585
bats2,2027,4,8.08,ssp585
bats2,2027,5,8.07,ssp585
bats2,2027,6,8.04,ssp585
bats2,2027,7,8.01,ssp585
bats2,2027,8,7.99,ssp585
bats2,2027,9,8,ssp585
bats2,2027,10,8.02,ssp585
bats2,2027,11,8.05,ssp585
bats2,2027,12,8.07,ssp585
bats2,2028,1,8.07,ssp585
bats2,2028,2,8.07,ssp585
bats2,2028,3,8.07,ssp585
bats2,2028,4,8.08,ssp585
bats2,2028,5,8.07,ssp585
bats2,2028,6,8.03,ssp585
bats2,2028,7,8,ssp585
bats2,2028,8,7.98,ssp585
bats2,2028,9,7.99,ssp585
bats2,2028,10,8.01,ssp585
bats2,2028,11,8.04,ssp585
bats2,2028,12,8.06,ssp585
bats2,2029,1,8.07,ssp585
bats2,2029,2,8.07,ssp585
bats2,2029,3,8.07,ssp585
bats2,2029,4,8.08,ssp585
bats2,2029,5,8.06,ssp585
bats2,2029,6,8.03,ssp585
bats2,2029,7,8,ssp585
bats2,2029,8,7.98,ssp585
bats2,2029,9,7.99,ssp585
bats2,2029,10,8.01,ssp585
bats2,2029,11,8.05,ssp585
bats2,2029,12,8.06,ssp585
bats2,2030,1,8.06,ssp585
bats2,2030,2,8.06,ssp585
bats2,2030,3,8.07,ssp585
bats2,2030,4,8.07,ssp585
bats2,2030,5,8.06,ssp585
bats2,2030,6,8.02,ssp585
bats2,2030,7,7.99,ssp585
bats2,2030,8,7.97,ssp585
bats2,2030,9,7.99,ssp585
bats2,2030,10,8.01,ssp585
bats2,2030,11,8.04,ssp585
bats2,2030,12,8.06,ssp585
bats2,2031,1,8.06,ssp585
bats2,2031,2,8.07,ssp585
bats2,2031,3,8.07,ssp585
bats2,2031,4,8.07,ssp585
bats2,2031,5,8.06,ssp585
bats2,2031,6,8.03,ssp585
bats2,2031,7,7.99,ssp585
bats2,2031,8,7.97,ssp585
bats2,2031,9,7.98,ssp585
bats2,2031,10,8.01,ssp585
bats2,2031,11,8.03,ssp585
bats2,2031,12,8.05,ssp585
bats2,2032,1,8.06,ssp585
bats2,2032,2,8.06,ssp585
bats2,2032,3,8.06,ssp585
bats2,2032,4,8.06,ssp585
bats2,2032,5,8.05,ssp585
bats2,2032,6,8.02,ssp585
bats2,2032,7,7.97,ssp585
bats2,2032,8,7.96,ssp585
bats2,2032,9,7.98,ssp585
bats2,2032,10,8.01,ssp585
bats2,2032,11,8.03,ssp585
bats2,2032,12,8.05,ssp585
bats2,2033,1,8.05,ssp585
bats2,2033,2,8.05,ssp585
bats2,2033,3,8.06,ssp585
bats2,2033,4,8.06,ssp585
bats2,2033,5,8.04,ssp585
bats2,2033,6,8.02,ssp585
bats2,2033,7,7.98,ssp585
bats2,2033,8,7.96,ssp585
bats2,2033,9,7.97,ssp585
bats2,2033,10,8,ssp585
bats2,2033,11,8.03,ssp585
bats2,2033,12,8.05,ssp585
bats2,2034,1,8.05,ssp585
bats2,2034,2,8.05,ssp585
bats2,2034,3,8.06,ssp585
bats2,2034,4,8.06,ssp585
bats2,2034,5,8.05,ssp585
bats2,2034,6,8.01,ssp585
bats2,2034,7,7.98,ssp585
bats2,2034,8,7.97,ssp585
bats2,2034,9,7.97,ssp585
bats2,2034,10,8,ssp585
bats2,2034,11,8.02,ssp585
bats2,2034,12,8.04,ssp585
bats2,2035,1,8.05,ssp585
bats2,2035,2,8.05,ssp585
bats2,2035,3,8.05,ssp585
bats2,2035,4,8.06,ssp585
bats2,2035,5,8.04,ssp585
bats2,2035,6,8,ssp585
bats2,2035,7,7.97,ssp585
bats2,2035,8,7.96,ssp585
bats2,2035,9,7.97,ssp585
bats2,2035,10,8,ssp585
bats2,2035,11,8.02,ssp585
bats2,2035,12,8.04,ssp585
bats2,2036,1,8.05,ssp585
bats2,2036,2,8.05,ssp585
bats2,2036,3,8.05,ssp585
bats2,2036,4,8.06,ssp585
bats2,2036,5,8.04,ssp585
bats2,2036,6,8,ssp585
bats2,2036,7,7.97,ssp585
bats2,2036,8,7.95,ssp585
bats2,2036,9,7.96,ssp585
bats2,2036,10,7.99,ssp585
bats2,2036,11,8.02,ssp585
bats2,2036,12,8.04,ssp585
bats2,2037,1,8.05,ssp585
bats2,2037,2,8.04,ssp585
bats2,2037,3,8.05,ssp585
bats2,2037,4,8.05,ssp585
bats2,2037,5,8.03,ssp585
bats2,2037,6,7.99,ssp585
bats2,2037,7,7.98,ssp585
bats2,2037,8,7.96,ssp585
bats2,2037,9,7.97,ssp585
bats2,2037,10,7.99,ssp585
bats2,2037,11,8.01,ssp585
bats2,2037,12,8.03,ssp585
bats2,2038,1,8.04,ssp585
bats2,2038,2,8.04,ssp585
bats2,2038,3,8.04,ssp585
bats2,2038,4,8.05,ssp585
bats2,2038,5,8.03,ssp585
bats2,2038,6,7.99,ssp585
bats2,2038,7,7.97,ssp585
bats2,2038,8,7.95,ssp585
bats2,2038,9,7.95,ssp585
bats2,2038,10,7.98,ssp585
bats2,2038,11,8.01,ssp585
bats2,2038,12,8.03,ssp585
bats2,2039,1,8.04,ssp585
bats2,2039,2,8.04,ssp585
bats2,2039,3,8.04,ssp585
bats2,2039,4,8.04,ssp585
bats2,2039,5,8.03,ssp585
bats2,2039,6,8,ssp585
bats2,2039,7,7.96,ssp585
bats2,2039,8,7.94,ssp585
bats2,2039,9,7.96,ssp585
bats2,2039,10,7.98,ssp585
bats2,2039,11,8.01,ssp585
bats2,2039,12,8.03,ssp585
bats2,2040,1,8.03,ssp585
bats2,2040,2,8.03,ssp585
bats2,2040,3,8.04,ssp585
bats2,2040,4,8.04,ssp585
bats2,2040,5,8.02,ssp585
bats2,2040,6,7.98,ssp585
bats2,2040,7,7.95,ssp585
bats2,2040,8,7.93,ssp585
bats2,2040,9,7.94,ssp585
bats2,2040,10,7.97,ssp585
bats2,2040,11,7.99,ssp585
bats2,2040,12,8.02,ssp585
bats2,2041,1,8.03,ssp585
bats2,2041,2,8.03,ssp585
bats2,2041,3,8.03,ssp585
bats2,2041,4,8.04,ssp585
bats2,2041,5,8.02,ssp585
bats2,2041,6,7.99,ssp585
bats2,2041,7,7.95,ssp585
bats2,2041,8,7.93,ssp585
bats2,2041,9,7.94,ssp585
bats2,2041,10,7.97,ssp585
bats2,2041,11,8,ssp585
bats2,2041,12,8.02,ssp585
bats2,2042,1,8.02,ssp585
bats2,2042,2,8.02,ssp585
bats2,2042,3,8.02,ssp585
bats2,2042,4,8.03,ssp585
bats2,2042,5,8.02,ssp585
bats2,2042,6,7.98,ssp585
bats2,2042,7,7.95,ssp585
bats2,2042,8,7.94,ssp585
bats2,2042,9,7.95,ssp585
bats2,2042,10,7.97,ssp585
bats2,2042,11,8,ssp585
bats2,2042,12,8.02,ssp585
bats2,2043,1,8.02,ssp585
bats2,2043,2,8.02,ssp585
bats2,2043,3,8.03,ssp585
bats2,2043,4,8.03,ssp585
bats2,2043,5,8.01,ssp585
bats2,2043,6,7.98,ssp585
bats2,2043,7,7.94,ssp585
bats2,2043,8,7.93,ssp585
bats2,2043,9,7.93,ssp585
bats2,2043,10,7.96,ssp585
bats2,2043,11,7.99,ssp585
bats2,2043,12,8,ssp585
bats2,2044,1,8.02,ssp585
bats2,2044,2,8.02,ssp585
bats2,2044,3,8.02,ssp585
bats2,2044,4,8.02,ssp585
bats2,2044,5,8,ssp585
bats2,2044,6,7.97,ssp585
bats2,2044,7,7.93,ssp585
bats2,2044,8,7.92,ssp585
bats2,2044,9,7.94,ssp585
bats2,2044,10,7.96,ssp585
bats2,2044,11,7.98,ssp585
bats2,2044,12,8,ssp585
bats2,2045,1,8.01,ssp585
bats2,2045,2,8.01,ssp585
bats2,2045,3,8.01,ssp585
bats2,2045,4,8.02,ssp585
bats2,2045,5,8,ssp585
bats2,2045,6,7.97,ssp585
bats2,2045,7,7.94,ssp585
bats2,2045,8,7.92,ssp585
bats2,2045,9,7.93,ssp585
bats2,2045,10,7.95,ssp585
bats2,2045,11,7.98,ssp585
bats2,2045,12,8,ssp585
bats2,2046,1,8.01,ssp585
bats2,2046,2,8.01,ssp585
bats2,2046,3,8.01,ssp585
bats2,2046,4,8.02,ssp585
bats2,2046,5,8,ssp585
bats2,2046,6,7.97,ssp585
bats2,2046,7,7.93,ssp585
bats2,2046,8,7.91,ssp585
bats2,2046,9,7.93,ssp585
bats2,2046,10,7.95,ssp585
bats2,2046,11,7.98,ssp585
bats2,2046,12,7.99,ssp585
bats2,2047,1,8,ssp585
bats2,2047,2,8,ssp585
bats2,2047,3,8.01,ssp585
bats2,2047,4,8.01,ssp585
bats2,2047,5,8,ssp585
bats2,2047,6,7.97,ssp585
bats2,2047,7,7.93,ssp585
bats2,2047,8,7.91,ssp585
bats2,2047,9,7.92,ssp585
bats2,2047,10,7.94,ssp585
bats2,2047,11,7.97,ssp585
bats2,2047,12,7.99,ssp585
bats2,2048,1,8,ssp585
bats2,2048,2,8,ssp585
bats2,2048,3,8,ssp585
bats2,2048,4,8.01,ssp585
bats2,2048,5,7.99,ssp585
bats2,2048,6,7.95,ssp585
bats2,2048,7,7.92,ssp585
bats2,2048,8,7.91,ssp585
bats2,2048,9,7.92,ssp585
bats2,2048,10,7.94,ssp585
bats2,2048,11,7.97,ssp585
bats2,2048,12,7.99,ssp585
bats2,2049,1,7.99,ssp585
bats2,2049,2,8,ssp585
bats2,2049,3,8,ssp585
bats2,2049,4,8,ssp585
bats2,2049,5,7.98,ssp585
bats2,2049,6,7.94,ssp585
bats2,2049,7,7.91,ssp585
bats2,2049,8,7.91,ssp585
bats2,2049,9,7.91,ssp585
bats2,2049,10,7.94,ssp585
bats2,2049,11,7.96,ssp585
bats2,2049,12,7.99,ssp585
bats2,2050,1,7.99,ssp585
bats2,2050,2,7.99,ssp585
bats2,2050,3,7.99,ssp585
bats2,2050,4,8,ssp585
bats2,2050,5,7.98,ssp585
bats2,2050,6,7.94,ssp585
bats2,2050,7,7.91,ssp585
bats2,2050,8,7.9,ssp585
bats2,2050,9,7.91,ssp585
bats2,2050,10,7.93,ssp585
bats2,2050,11,7.96,ssp585
bats2,2050,12,7.98,ssp585
bats2,2051,1,7.98,ssp585
bats2,2051,2,7.99,ssp585
bats2,2051,3,7.99,ssp585
bats2,2051,4,7.99,ssp585
bats2,2051,5,7.98,ssp585
bats2,2051,6,7.95,ssp585
bats2,2051,7,7.91,ssp585
bats2,2051,8,7.9,ssp585
bats2,2051,9,7.9,ssp585
bats2,2051,10,7.93,ssp585
bats2,2051,11,7.95,ssp585
bats2,2051,12,7.97,ssp585
bats2,2052,1,7.98,ssp585
bats2,2052,2,7.98,ssp585
bats2,2052,3,7.98,ssp585
bats2,2052,4,7.99,ssp585
bats2,2052,5,7.97,ssp585
bats2,2052,6,7.94,ssp585
bats2,2052,7,7.9,ssp585
bats2,2052,8,7.88,ssp585
bats2,2052,9,7.9,ssp585
bats2,2052,10,7.92,ssp585
bats2,2052,11,7.95,ssp585
bats2,2052,12,7.96,ssp585
bats2,2053,1,7.97,ssp585
bats2,2053,2,7.98,ssp585
bats2,2053,3,7.98,ssp585
bats2,2053,4,7.98,ssp585
bats2,2053,5,7.96,ssp585
bats2,2053,6,7.93,ssp585
bats2,2053,7,7.9,ssp585
bats2,2053,8,7.88,ssp585
bats2,2053,9,7.89,ssp585
bats2,2053,10,7.91,ssp585
bats2,2053,11,7.95,ssp585
bats2,2053,12,7.96,ssp585
bats2,2054,1,7.97,ssp585
bats2,2054,2,7.97,ssp585
bats2,2054,3,7.97,ssp585
bats2,2054,4,7.98,ssp585
bats2,2054,5,7.96,ssp585
bats2,2054,6,7.92,ssp585
bats2,2054,7,7.89,ssp585
bats2,2054,8,7.87,ssp585
bats2,2054,9,7.89,ssp585
bats2,2054,10,7.92,ssp585
bats2,2054,11,7.94,ssp585
bats2,2054,12,7.96,ssp585
bats2,2055,1,7.97,ssp585
bats2,2055,2,7.97,ssp585
bats2,2055,3,7.97,ssp585
bats2,2055,4,7.98,ssp585
bats2,2055,5,7.96,ssp585
bats2,2055,6,7.92,ssp585
bats2,2055,7,7.89,ssp585
bats2,2055,8,7.88,ssp585
bats2,2055,9,7.89,ssp585
bats2,2055,10,7.91,ssp585
bats2,2055,11,7.94,ssp585
bats2,2055,12,7.96,ssp585
bats2,2056,1,7.96,ssp585
bats2,2056,2,7.96,ssp585
bats2,2056,3,7.96,ssp585
bats2,2056,4,7.97,ssp585
bats2,2056,5,7.95,ssp585
bats2,2056,6,7.91,ssp585
bats2,2056,7,7.89,ssp585
bats2,2056,8,7.87,ssp585
bats2,2056,9,7.88,ssp585
bats2,2056,10,7.9,ssp585
bats2,2056,11,7.93,ssp585
bats2,2056,12,7.95,ssp585
bats2,2057,1,7.96,ssp585
bats2,2057,2,7.96,ssp585
bats2,2057,3,7.97,ssp585
bats2,2057,4,7.97,ssp585
bats2,2057,5,7.95,ssp585
bats2,2057,6,7.91,ssp585
bats2,2057,7,7.88,ssp585
bats2,2057,8,7.86,ssp585
bats2,2057,9,7.87,ssp585
bats2,2057,10,7.9,ssp585
bats2,2057,11,7.93,ssp585
bats2,2057,12,7.94,ssp585
bats2,2058,1,7.95,ssp585
bats2,2058,2,7.95,ssp585
bats2,2058,3,7.95,ssp585
bats2,2058,4,7.95,ssp585
bats2,2058,5,7.93,ssp585
bats2,2058,6,7.9,ssp585
bats2,2058,7,7.87,ssp585
bats2,2058,8,7.86,ssp585
bats2,2058,9,7.86,ssp585
bats2,2058,10,7.89,ssp585
bats2,2058,11,7.92,ssp585
bats2,2058,12,7.94,ssp585
bats2,2059,1,7.94,ssp585
bats2,2059,2,7.95,ssp585
bats2,2059,3,7.95,ssp585
bats2,2059,4,7.96,ssp585
bats2,2059,5,7.94,ssp585
bats2,2059,6,7.91,ssp585
bats2,2059,7,7.87,ssp585
bats2,2059,8,7.85,ssp585
bats2,2059,9,7.86,ssp585
bats2,2059,10,7.89,ssp585
bats2,2059,11,7.92,ssp585
bats2,2059,12,7.93,ssp585
bats2,2060,1,7.94,ssp585
bats2,2060,2,7.94,ssp585
bats2,2060,3,7.95,ssp585
bats2,2060,4,7.95,ssp585
bats2,2060,5,7.93,ssp585
bats2,2060,6,7.89,ssp585
bats2,2060,7,7.86,ssp585
bats2,2060,8,7.85,ssp585
bats2,2060,9,7.86,ssp585
bats2,2060,10,7.88,ssp585
bats2,2060,11,7.91,ssp585
bats2,2060,12,7.93,ssp585
bats2,2061,1,7.94,ssp585
bats2,2061,2,7.94,ssp585
bats2,2061,3,7.94,ssp585
bats2,2061,4,7.95,ssp585
bats2,2061,5,7.93,ssp585
bats2,2061,6,7.88,ssp585
bats2,2061,7,7.85,ssp585
bats2,2061,8,7.83,ssp585
bats2,2061,9,7.85,ssp585
bats2,2061,10,7.88,ssp585
bats2,2061,11,7.9,ssp585
bats2,2061,12,7.92,ssp585
bats2,2062,1,7.93,ssp585
bats2,2062,2,7.93,ssp585
bats2,2062,3,7.94,ssp585
bats2,2062,4,7.94,ssp585
bats2,2062,5,7.92,ssp585
bats2,2062,6,7.88,ssp585
bats2,2062,7,7.85,ssp585
bats2,2062,8,7.84,ssp585
bats2,2062,9,7.85,ssp585
bats2,2062,10,7.88,ssp585
bats2,2062,11,7.9,ssp585
bats2,2062,12,7.92,ssp585
bats2,2063,1,7.92,ssp585
bats2,2063,2,7.93,ssp585
bats2,2063,3,7.93,ssp585
bats2,2063,4,7.93,ssp585
bats2,2063,5,7.91,ssp585
bats2,2063,6,7.87,ssp585
bats2,2063,7,7.84,ssp585
bats2,2063,8,7.83,ssp585
bats2,2063,9,7.85,ssp585
bats2,2063,10,7.87,ssp585
bats2,2063,11,7.9,ssp585
bats2,2063,12,7.91,ssp585
bats2,2064,1,7.92,ssp585
bats2,2064,2,7.92,ssp585
bats2,2064,3,7.92,ssp585
bats2,2064,4,7.93,ssp585
bats2,2064,5,7.91,ssp585
bats2,2064,6,7.87,ssp585
bats2,2064,7,7.84,ssp585
bats2,2064,8,7.83,ssp585
bats2,2064,9,7.84,ssp585
bats2,2064,10,7.86,ssp585
bats2,2064,11,7.89,ssp585
bats2,2064,12,7.91,ssp585
bats2,2065,1,7.92,ssp585
bats2,2065,2,7.92,ssp585
bats2,2065,3,7.92,ssp585
bats2,2065,4,7.92,ssp585
bats2,2065,5,7.9,ssp585
bats2,2065,6,7.86,ssp585
bats2,2065,7,7.83,ssp585
bats2,2065,8,7.82,ssp585
bats2,2065,9,7.83,ssp585
bats2,2065,10,7.86,ssp585
bats2,2065,11,7.89,ssp585
bats2,2065,12,7.9,ssp585
bats2,2066,1,7.91,ssp585
bats2,2066,2,7.92,ssp585
bats2,2066,3,7.92,ssp585
bats2,2066,4,7.91,ssp585
bats2,2066,5,7.9,ssp585
bats2,2066,6,7.85,ssp585
bats2,2066,7,7.83,ssp585
bats2,2066,8,7.82,ssp585
bats2,2066,9,7.83,ssp585
bats2,2066,10,7.85,ssp585
bats2,2066,11,7.88,ssp585
bats2,2066,12,7.89,ssp585
bats2,2067,1,7.9,ssp585
bats2,2067,2,7.9,ssp585
bats2,2067,3,7.9,ssp585
bats2,2067,4,7.91,ssp585
bats2,2067,5,7.89,ssp585
bats2,2067,6,7.86,ssp585
bats2,2067,7,7.82,ssp585
bats2,2067,8,7.81,ssp585
bats2,2067,9,7.82,ssp585
bats2,2067,10,7.85,ssp585
bats2,2067,11,7.88,ssp585
bats2,2067,12,7.89,ssp585
bats2,2068,1,7.9,ssp585
bats2,2068,2,7.9,ssp585
bats2,2068,3,7.9,ssp585
bats2,2068,4,7.9,ssp585
bats2,2068,5,7.88,ssp585
bats2,2068,6,7.85,ssp585
bats2,2068,7,7.81,ssp585
bats2,2068,8,7.81,ssp585
bats2,2068,9,7.82,ssp585
bats2,2068,10,7.84,ssp585
bats2,2068,11,7.86,ssp585
bats2,2068,12,7.88,ssp585
bats2,2069,1,7.89,ssp585
bats2,2069,2,7.89,ssp585
bats2,2069,3,7.9,ssp585
bats2,2069,4,7.9,ssp585
bats2,2069,5,7.88,ssp585
bats2,2069,6,7.84,ssp585
bats2,2069,7,7.81,ssp585
bats2,2069,8,7.8,ssp585
bats2,2069,9,7.81,ssp585
bats2,2069,10,7.84,ssp585
bats2,2069,11,7.86,ssp585
bats2,2069,12,7.88,ssp585
bats2,2070,1,7.89,ssp585
bats2,2070,2,7.89,ssp585
bats2,2070,3,7.89,ssp585
bats2,2070,4,7.88,ssp585
bats2,2070,5,7.87,ssp585
bats2,2070,6,7.83,ssp585
bats2,2070,7,7.8,ssp585
bats2,2070,8,7.79,ssp585
bats2,2070,9,7.8,ssp585
bats2,2070,10,7.83,ssp585
bats2,2070,11,7.85,ssp585
bats2,2070,12,7.87,ssp585
bats2,2071,1,7.88,ssp585
bats2,2071,2,7.88,ssp585
bats2,2071,3,7.89,ssp585
bats2,2071,4,7.89,ssp585
bats2,2071,5,7.87,ssp585
bats2,2071,6,7.83,ssp585
bats2,2071,7,7.8,ssp585
bats2,2071,8,7.79,ssp585
bats2,2071,9,7.8,ssp585
bats2,2071,10,7.82,ssp585
bats2,2071,11,7.85,ssp585
bats2,2071,12,7.87,ssp585
bats2,2072,1,7.88,ssp585
bats2,2072,2,7.88,ssp585
bats2,2072,3,7.88,ssp585
bats2,2072,4,7.88,ssp585
bats2,2072,5,7.86,ssp585
bats2,2072,6,7.82,ssp585
bats2,2072,7,7.79,ssp585
bats2,2072,8,7.79,ssp585
bats2,2072,9,7.79,ssp585
bats2,2072,10,7.82,ssp585
bats2,2072,11,7.85,ssp585
bats2,2072,12,7.86,ssp585
bats2,2073,1,7.87,ssp585
bats2,2073,2,7.87,ssp585
bats2,2073,3,7.87,ssp585
bats2,2073,4,7.88,ssp585
bats2,2073,5,7.86,ssp585
bats2,2073,6,7.82,ssp585
bats2,2073,7,7.79,ssp585
bats2,2073,8,7.78,ssp585
bats2,2073,9,7.8,ssp585
bats2,2073,10,7.82,ssp585
bats2,2073,11,7.84,ssp585
bats2,2073,12,7.86,ssp585
bats2,2074,1,7.86,ssp585
bats2,2074,2,7.87,ssp585
bats2,2074,3,7.87,ssp585
bats2,2074,4,7.87,ssp585
bats2,2074,5,7.85,ssp585
bats2,2074,6,7.81,ssp585
bats2,2074,7,7.79,ssp585
bats2,2074,8,7.77,ssp585
bats2,2074,9,7.78,ssp585
bats2,2074,10,7.81,ssp585
bats2,2074,11,7.83,ssp585
bats2,2074,12,7.85,ssp585
bats2,2075,1,7.86,ssp585
bats2,2075,2,7.86,ssp585
bats2,2075,3,7.86,ssp585
bats2,2075,4,7.86,ssp585
bats2,2075,5,7.85,ssp585
bats2,2075,6,7.81,ssp585
bats2,2075,7,7.78,ssp585
bats2,2075,8,7.77,ssp585
bats2,2075,9,7.78,ssp585
bats2,2075,10,7.8,ssp585
bats2,2075,11,7.83,ssp585
bats2,2075,12,7.84,ssp585
bats2,2076,1,7.85,ssp585
bats2,2076,2,7.85,ssp585
bats2,2076,3,7.86,ssp585
bats2,2076,4,7.86,ssp585
bats2,2076,5,7.84,ssp585
bats2,2076,6,7.79,ssp585
bats2,2076,7,7.77,ssp585
bats2,2076,8,7.76,ssp585
bats2,2076,9,7.77,ssp585
bats2,2076,10,7.8,ssp585
bats2,2076,11,7.82,ssp585
bats2,2076,12,7.84,ssp585
bats2,2077,1,7.84,ssp585
bats2,2077,2,7.84,ssp585
bats2,2077,3,7.85,ssp585
bats2,2077,4,7.85,ssp585
bats2,2077,5,7.83,ssp585
bats2,2077,6,7.79,ssp585
bats2,2077,7,7.77,ssp585
bats2,2077,8,7.76,ssp585
bats2,2077,9,7.77,ssp585
bats2,2077,10,7.79,ssp585
bats2,2077,11,7.82,ssp585
bats2,2077,12,7.83,ssp585
bats2,2078,1,7.84,ssp585
bats2,2078,2,7.84,ssp585
bats2,2078,3,7.85,ssp585
bats2,2078,4,7.85,ssp585
bats2,2078,5,7.83,ssp585
bats2,2078,6,7.79,ssp585
bats2,2078,7,7.76,ssp585
bats2,2078,8,7.75,ssp585
bats2,2078,9,7.76,ssp585
bats2,2078,10,7.79,ssp585
bats2,2078,11,7.81,ssp585
bats2,2078,12,7.82,ssp585
bats2,2079,1,7.83,ssp585
bats2,2079,2,7.83,ssp585
bats2,2079,3,7.84,ssp585
bats2,2079,4,7.84,ssp585
bats2,2079,5,7.82,ssp585
bats2,2079,6,7.78,ssp585
bats2,2079,7,7.76,ssp585
bats2,2079,8,7.75,ssp585
bats2,2079,9,7.75,ssp585
bats2,2079,10,7.78,ssp585
bats2,2079,11,7.8,ssp585
bats2,2079,12,7.82,ssp585
bats2,2080,1,7.83,ssp585
bats2,2080,2,7.83,ssp585
bats2,2080,3,7.83,ssp585
bats2,2080,4,7.84,ssp585
bats2,2080,5,7.82,ssp585
bats2,2080,6,7.77,ssp585
bats2,2080,7,7.75,ssp585
bats2,2080,8,7.74,ssp585
bats2,2080,9,7.75,ssp585
bats2,2080,10,7.78,ssp585
bats2,2080,11,7.8,ssp585
bats2,2080,12,7.81,ssp585
bats2,2081,1,7.82,ssp585
bats2,2081,2,7.82,ssp585
bats2,2081,3,7.82,ssp585
bats2,2081,4,7.82,ssp585
bats2,2081,5,7.81,ssp585
bats2,2081,6,7.77,ssp585
bats2,2081,7,7.74,ssp585
bats2,2081,8,7.74,ssp585
bats2,2081,9,7.74,ssp585
bats2,2081,10,7.77,ssp585
bats2,2081,11,7.79,ssp585
bats2,2081,12,7.81,ssp585
bats2,2082,1,7.81,ssp585
bats2,2082,2,7.81,ssp585
bats2,2082,3,7.81,ssp585
bats2,2082,4,7.82,ssp585
bats2,2082,5,7.8,ssp585
bats2,2082,6,7.76,ssp585
bats2,2082,7,7.73,ssp585
bats2,2082,8,7.73,ssp585
bats2,2082,9,7.74,ssp585
bats2,2082,10,7.76,ssp585
bats2,2082,11,7.79,ssp585
bats2,2082,12,7.8,ssp585
bats2,2083,1,7.81,ssp585
bats2,2083,2,7.81,ssp585
bats2,2083,3,7.81,ssp585
bats2,2083,4,7.82,ssp585
bats2,2083,5,7.8,ssp585
bats2,2083,6,7.76,ssp585
bats2,2083,7,7.73,ssp585
bats2,2083,8,7.72,ssp585
bats2,2083,9,7.74,ssp585
bats2,2083,10,7.76,ssp585
bats2,2083,11,7.78,ssp585
bats2,2083,12,7.8,ssp585
bats2,2084,1,7.8,ssp585
bats2,2084,2,7.8,ssp585
bats2,2084,3,7.8,ssp585
bats2,2084,4,7.8,ssp585
bats2,2084,5,7.78,ssp585
bats2,2084,6,7.74,ssp585
bats2,2084,7,7.72,ssp585
bats2,2084,8,7.72,ssp585
bats2,2084,9,7.73,ssp585
bats2,2084,10,7.75,ssp585
bats2,2084,11,7.78,ssp585
bats2,2084,12,7.79,ssp585
bats2,2085,1,7.8,ssp585
bats2,2085,2,7.8,ssp585
bats2,2085,3,7.81,ssp585
bats2,2085,4,7.8,ssp585
bats2,2085,5,7.78,ssp585
bats2,2085,6,7.74,ssp585
bats2,2085,7,7.72,ssp585
bats2,2085,8,7.71,ssp585
bats2,2085,9,7.72,ssp585
bats2,2085,10,7.74,ssp585
bats2,2085,11,7.77,ssp585
bats2,2085,12,7.79,ssp585
bats2,2086,1,7.79,ssp585
bats2,2086,2,7.79,ssp585
bats2,2086,3,7.79,ssp585
bats2,2086,4,7.79,ssp585
bats2,2086,5,7.77,ssp585
bats2,2086,6,7.74,ssp585
bats2,2086,7,7.71,ssp585
bats2,2086,8,7.71,ssp585
bats2,2086,9,7.72,ssp585
bats2,2086,10,7.74,ssp585
bats2,2086,11,7.77,ssp585
bats2,2086,12,7.78,ssp585
bats2,2087,1,7.79,ssp585
bats2,2087,2,7.79,ssp585
bats2,2087,3,7.79,ssp585
bats2,2087,4,7.8,ssp585
bats2,2087,5,7.77,ssp585
bats2,2087,6,7.74,ssp585
bats2,2087,7,7.71,ssp585
bats2,2087,8,7.71,ssp585
bats2,2087,9,7.72,ssp585
bats2,2087,10,7.74,ssp585
bats2,2087,11,7.77,ssp585
bats2,2087,12,7.78,ssp585
bats2,2088,1,7.78,ssp585
bats2,2088,2,7.78,ssp585
bats2,2088,3,7.79,ssp585
bats2,2088,4,7.79,ssp585
bats2,2088,5,7.77,ssp585
bats2,2088,6,7.73,ssp585
bats2,2088,7,7.71,ssp585
bats2,2088,8,7.7,ssp585
bats2,2088,9,7.71,ssp585
bats2,2088,10,7.74,ssp585
bats2,2088,11,7.76,ssp585
bats2,2088,12,7.77,ssp585
bats2,2089,1,7.77,ssp585
bats2,2089,2,7.77,ssp585
bats2,2089,3,7.77,ssp585
bats2,2089,4,7.77,ssp585
bats2,2089,5,7.75,ssp585
bats2,2089,6,7.72,ssp585
bats2,2089,7,7.7,ssp585
bats2,2089,8,7.69,ssp585
bats2,2089,9,7.7,ssp585
bats2,2089,10,7.73,ssp585
bats2,2089,11,7.75,ssp585
bats2,2089,12,7.77,ssp585
bats2,2090,1,7.77,ssp585
bats2,2090,2,7.77,ssp585
bats2,2090,3,7.77,ssp585
bats2,2090,4,7.78,ssp585
bats2,2090,5,7.76,ssp585
bats2,2090,6,7.72,ssp585
bats2,2090,7,7.69,ssp585
bats2,2090,8,7.69,ssp585
bats2,2090,9,7.7,ssp585
bats2,2090,10,7.73,ssp585
bats2,2090,11,7.75,ssp585
bats2,2090,12,7.76,ssp585
bats2,2091,1,7.76,ssp585
bats2,2091,2,7.76,ssp585
bats2,2091,3,7.77,ssp585
bats2,2091,4,7.77,ssp585
bats2,2091,5,7.75,ssp585
bats2,2091,6,7.71,ssp585
bats2,2091,7,7.69,ssp585
bats2,2091,8,7.68,ssp585
bats2,2091,9,7.69,ssp585
bats2,2091,10,7.72,ssp585
bats2,2091,11,7.74,ssp585
bats2,2091,12,7.75,ssp585
bats2,2092,1,7.76,ssp585
bats2,2092,2,7.76,ssp585
bats2,2092,3,7.76,ssp585
bats2,2092,4,7.75,ssp585
bats2,2092,5,7.73,ssp585
bats2,2092,6,7.7,ssp585
bats2,2092,7,7.68,ssp585
bats2,2092,8,7.68,ssp585
bats2,2092,9,7.69,ssp585
bats2,2092,10,7.72,ssp585
bats2,2092,11,7.74,ssp585
bats2,2092,12,7.75,ssp585
bats2,2093,1,7.75,ssp585
bats2,2093,2,7.75,ssp585
bats2,2093,3,7.75,ssp585
bats2,2093,4,7.74,ssp585
bats2,2093,5,7.72,ssp585
bats2,2093,6,7.69,ssp585
bats2,2093,7,7.68,ssp585
bats2,2093,8,7.67,ssp585
bats2,2093,9,7.68,ssp585
bats2,2093,10,7.71,ssp585
bats2,2093,11,7.73,ssp585
bats2,2093,12,7.74,ssp585
bats2,2094,1,7.75,ssp585
bats2,2094,2,7.75,ssp585
bats2,2094,3,7.75,ssp585
bats2,2094,4,7.75,ssp585
bats2,2094,5,7.73,ssp585
bats2,2094,6,7.69,ssp585
bats2,2094,7,7.67,ssp585
bats2,2094,8,7.67,ssp585
bats2,2094,9,7.68,ssp585
bats2,2094,10,7.7,ssp585
bats2,2094,11,7.72,ssp585
bats2,2094,12,7.73,ssp585
bats2,2095,1,7.74,ssp585
bats2,2095,2,7.74,ssp585
bats2,2095,3,7.74,ssp585
bats2,2095,4,7.74,ssp585
bats2,2095,5,7.72,ssp585
bats2,2095,6,7.69,ssp585
bats2,2095,7,7.67,ssp585
bats2,2095,8,7.67,ssp585
bats2,2095,9,7.68,ssp585
bats2,2095,10,7.7,ssp585
bats2,2095,11,7.72,ssp585
bats2,2095,12,7.73,ssp585
bats2,2096,1,7.73,ssp585
bats2,2096,2,7.73,ssp585
bats2,2096,3,7.74,ssp585
bats2,2096,4,7.74,ssp585
bats2,2096,5,7.72,ssp585
bats2,2096,6,7.68,ssp585
bats2,2096,7,7.67,ssp585
bats2,2096,8,7.66,ssp585
bats2,2096,9,7.67,ssp585
bats2,2096,10,7.69,ssp585
bats2,2096,11,7.71,ssp585
bats2,2096,12,7.72,ssp585
bats2,2097,1,7.73,ssp585
bats2,2097,2,7.73,ssp585
bats2,2097,3,7.73,ssp585
bats2,2097,4,7.73,ssp585
bats2,2097,5,7.71,ssp585
bats2,2097,6,7.68,ssp585
bats2,2097,7,7.66,ssp585
bats2,2097,8,7.66,ssp585
bats2,2097,9,7.67,ssp585
bats2,2097,10,7.69,ssp585
bats2,2097,11,7.71,ssp585
bats2,2097,12,7.72,ssp585
bats2,2098,1,7.72,ssp585
bats2,2098,2,7.73,ssp585
bats2,2098,3,7.73,ssp585
bats2,2098,4,7.73,ssp585
bats2,2098,5,7.7,ssp585
bats2,2098,6,7.67,ssp585
bats2,2098,7,7.65,ssp585
bats2,2098,8,7.65,ssp585
bats2,2098,9,7.66,ssp585
bats2,2098,10,7.68,ssp585
bats2,2098,11,7.7,ssp585
bats2,2098,12,7.72,ssp585
bats2,2099,1,7.72,ssp585
bats2,2099,2,7.72,ssp585
bats2,2099,3,7.72,ssp585
bats2,2099,4,7.72,ssp585
bats2,2099,5,7.7,ssp585
bats2,2099,6,7.66,ssp585
bats2,2099,7,7.65,ssp585
bats2,2099,8,7.65,ssp585
bats2,2099,9,7.66,ssp585
bats2,2099,10,7.68,ssp585
bats2,2099,11,7.7,ssp585
bats2,2099,12,7.71,ssp585
bats2,2100,1,7.72,ssp585
bats2,2100,2,7.71,ssp585
bats2,2100,3,7.72,ssp585
bats2,2100,4,7.71,ssp585
bats2,2100,5,7.7,ssp585
bats2,2100,6,7.67,ssp585
bats2,2100,7,7.64,ssp585
bats2,2100,8,7.64,ssp585
bats2,2100,9,7.65,ssp585
bats2,2100,10,7.68,ssp585
bats2,2100,11,7.69,ssp585
bats2,2100,12,7.7,ssp585
estoc,1850,1,8.17,historical
estoc,1850,2,8.18,historical
estoc,1850,3,8.18,historical
estoc,1850,4,8.18,historical
estoc,1850,5,8.17,historical
estoc,1850,6,8.17,historical
estoc,1850,7,8.16,historical
estoc,1850,8,8.14,historical
estoc,1850,9,8.14,historical
estoc,1850,10,8.14,historical
estoc,1850,11,8.15,historical
estoc,1850,12,8.17,historical
estoc,1851,1,8.17,historical
estoc,1851,2,8.18,historical
estoc,1851,3,8.18,historical
estoc,1851,4,8.18,historical
estoc,1851,5,8.17,historical
estoc,1851,6,8.16,historical
estoc,1851,7,8.15,historical
estoc,1851,8,8.14,historical
estoc,1851,9,8.13,historical
estoc,1851,10,8.13,historical
estoc,1851,11,8.15,historical
estoc,1851,12,8.16,historical
estoc,1852,1,8.17,historical
estoc,1852,2,8.17,historical
estoc,1852,3,8.18,historical
estoc,1852,4,8.17,historical
estoc,1852,5,8.17,historical
estoc,1852,6,8.16,historical
estoc,1852,7,8.15,historical
estoc,1852,8,8.14,historical
estoc,1852,9,8.13,historical
estoc,1852,10,8.14,historical
estoc,1852,11,8.15,historical
estoc,1852,12,8.16,historical
estoc,1853,1,8.17,historical
estoc,1853,2,8.18,historical
estoc,1853,3,8.18,historical
estoc,1853,4,8.18,historical
estoc,1853,5,8.17,historical
estoc,1853,6,8.16,historical
estoc,1853,7,8.14,historical
estoc,1853,8,8.13,historical
estoc,1853,9,8.13,historical
estoc,1853,10,8.13,historical
estoc,1853,11,8.15,historical
estoc,1853,12,8.16,historical
estoc,1854,1,8.17,historical
estoc,1854,2,8.18,historical
estoc,1854,3,8.18,historical
estoc,1854,4,8.18,historical
estoc,1854,5,8.17,historical
estoc,1854,6,8.16,historical
estoc,1854,7,8.15,historical
estoc,1854,8,8.14,historical
estoc,1854,9,8.13,historical
estoc,1854,10,8.14,historical
estoc,1854,11,8.15,historical
estoc,1854,12,8.16,historical
estoc,1855,1,8.17,historical
estoc,1855,2,8.17,historical
estoc,1855,3,8.18,historical
estoc,1855,4,8.18,historical
estoc,1855,5,8.17,historical
estoc,1855,6,8.16,historical
estoc,1855,7,8.15,historical
estoc,1855,8,8.14,historical
estoc,1855,9,8.14,historical
estoc,1855,10,8.14,historical
estoc,1855,11,8.15,historical
estoc,1855,12,8.17,historical
estoc,1856,1,8.18,historical
estoc,1856,2,8.18,historical
estoc,1856,3,8.18,historical
estoc,1856,4,8.18,historical
estoc,1856,5,8.17,historical
estoc,1856,6,8.16,historical
estoc,1856,7,8.14,historical
estoc,1856,8,8.13,historical
estoc,1856,9,8.13,historical
estoc,1856,10,8.13,historical
estoc,1856,11,8.15,historical
estoc,1856,12,8.16,historical
estoc,1857,1,8.17,historical
estoc,1857,2,8.18,historical
estoc,1857,3,8.18,historical
estoc,1857,4,8.18,historical
estoc,1857,5,8.17,historical
estoc,1857,6,8.16,historical
estoc,1857,7,8.14,historical
estoc,1857,8,8.13,historical
estoc,1857,9,8.12,historical
estoc,1857,10,8.14,historical
estoc,1857,11,8.15,historical
estoc,1857,12,8.16,historical
estoc,1858,1,8.17,historical
estoc,1858,2,8.17,historical
estoc,1858,3,8.18,historical
estoc,1858,4,8.18,historical
estoc,1858,5,8.17,historical
estoc,1858,6,8.16,historical
estoc,1858,7,8.15,historical
estoc,1858,8,8.14,historical
estoc,1858,9,8.13,historical
estoc,1858,10,8.14,historical
estoc,1858,11,8.15,historical
estoc,1858,12,8.16,historical
estoc,1859,1,8.17,historical
estoc,1859,2,8.18,historical
estoc,1859,3,8.18,historical
estoc,1859,4,8.17,historical
estoc,1859,5,8.17,historical
estoc,1859,6,8.16,historical
estoc,1859,7,8.15,historical
estoc,1859,8,8.14,historical
estoc,1859,9,8.13,historical
estoc,1859,10,8.14,historical
estoc,1859,11,8.15,historical
estoc,1859,12,8.17,historical
estoc,1860,1,8.17,historical
estoc,1860,2,8.17,historical
estoc,1860,3,8.18,historical
estoc,1860,4,8.17,historical
estoc,1860,5,8.17,historical
estoc,1860,6,8.16,historical
estoc,1860,7,8.15,historical
estoc,1860,8,8.13,historical
estoc,1860,9,8.13,historical
estoc,1860,10,8.14,historical
estoc,1860,11,8.15,historical
estoc,1860,12,8.17,historical
estoc,1861,1,8.17,historical
estoc,1861,2,8.18,historical
estoc,1861,3,8.18,historical
estoc,1861,4,8.18,historical
estoc,1861,5,8.17,historical
estoc,1861,6,8.16,historical
estoc,1861,7,8.15,historical
estoc,1861,8,8.14,historical
estoc,1861,9,8.14,historical
estoc,1861,10,8.14,historical
estoc,1861,11,8.15,historical
estoc,1861,12,8.16,historical
estoc,1862,1,8.17,historical
estoc,1862,2,8.17,historical
estoc,1862,3,8.18,historical
estoc,1862,4,8.17,historical
estoc,1862,5,8.17,historical
estoc,1862,6,8.16,historical
estoc,1862,7,8.15,historical
estoc,1862,8,8.14,historical
estoc,1862,9,8.13,historical
estoc,1862,10,8.13,historical
estoc,1862,11,8.15,historical
estoc,1862,12,8.16,historical
estoc,1863,1,8.17,historical
estoc,1863,2,8.17,historical
estoc,1863,3,8.17,historical
estoc,1863,4,8.17,historical
estoc,1863,5,8.17,historical
estoc,1863,6,8.16,historical
estoc,1863,7,8.14,historical
estoc,1863,8,8.13,historical
estoc,1863,9,8.13,historical
estoc,1863,10,8.13,historical
estoc,1863,11,8.15,historical
estoc,1863,12,8.16,historical
estoc,1864,1,8.17,historical
estoc,1864,2,8.17,historical
estoc,1864,3,8.18,historical
estoc,1864,4,8.17,historical
estoc,1864,5,8.17,historical
estoc,1864,6,8.16,historical
estoc,1864,7,8.15,historical
estoc,1864,8,8.13,historical
estoc,1864,9,8.13,historical
estoc,1864,10,8.13,historical
estoc,1864,11,8.15,historical
estoc,1864,12,8.16,historical
estoc,1865,1,8.17,historical
estoc,1865,2,8.17,historical
estoc,1865,3,8.17,historical
estoc,1865,4,8.17,historical
estoc,1865,5,8.17,historical
estoc,1865,6,8.16,historical
estoc,1865,7,8.14,historical
estoc,1865,8,8.13,historical
estoc,1865,9,8.13,historical
estoc,1865,10,8.13,historical
estoc,1865,11,8.15,historical
estoc,1865,12,8.16,historical
estoc,1866,1,8.17,historical
estoc,1866,2,8.17,historical
estoc,1866,3,8.18,historical
estoc,1866,4,8.17,historical
estoc,1866,5,8.17,historical
estoc,1866,6,8.16,historical
estoc,1866,7,8.15,historical
estoc,1866,8,8.14,historical
estoc,1866,9,8.13,historical
estoc,1866,10,8.13,historical
estoc,1866,11,8.15,historical
estoc,1866,12,8.16,historical
estoc,1867,1,8.17,historical
estoc,1867,2,8.17,historical
estoc,1867,3,8.18,historical
estoc,1867,4,8.18,historical
estoc,1867,5,8.17,historical
estoc,1867,6,8.17,historical
estoc,1867,7,8.15,historical
estoc,1867,8,8.14,historical
estoc,1867,9,8.13,historical
estoc,1867,10,8.14,historical
estoc,1867,11,8.15,historical
estoc,1867,12,8.16,historical
estoc,1868,1,8.17,historical
estoc,1868,2,8.18,historical
estoc,1868,3,8.18,historical
estoc,1868,4,8.17,historical
estoc,1868,5,8.17,historical
estoc,1868,6,8.16,historical
estoc,1868,7,8.14,historical
estoc,1868,8,8.14,historical
estoc,1868,9,8.13,historical
estoc,1868,10,8.14,historical
estoc,1868,11,8.15,historical
estoc,1868,12,8.16,historical
estoc,1869,1,8.17,historical
estoc,1869,2,8.17,historical
estoc,1869,3,8.17,historical
estoc,1869,4,8.17,historical
estoc,1869,5,8.16,historical
estoc,1869,6,8.16,historical
estoc,1869,7,8.15,historical
estoc,1869,8,8.13,historical
estoc,1869,9,8.12,historical
estoc,1869,10,8.13,historical
estoc,1869,11,8.14,historical
estoc,1869,12,8.16,historical
estoc,1870,1,8.17,historical
estoc,1870,2,8.17,historical
estoc,1870,3,8.18,historical
estoc,1870,4,8.17,historical
estoc,1870,5,8.17,historical
estoc,1870,6,8.16,historical
estoc,1870,7,8.14,historical
estoc,1870,8,8.13,historical
estoc,1870,9,8.12,historical
estoc,1870,10,8.13,historical
estoc,1870,11,8.14,historical
estoc,1870,12,8.16,historical
estoc,1871,1,8.17,historical
estoc,1871,2,8.17,historical
estoc,1871,3,8.17,historical
estoc,1871,4,8.17,historical
estoc,1871,5,8.17,historical
estoc,1871,6,8.16,historical
estoc,1871,7,8.15,historical
estoc,1871,8,8.13,historical
estoc,1871,9,8.13,historical
estoc,1871,10,8.14,historical
estoc,1871,11,8.15,historical
estoc,1871,12,8.16,historical
estoc,1872,1,8.17,historical
estoc,1872,2,8.17,historical
estoc,1872,3,8.18,historical
estoc,1872,4,8.17,historical
estoc,1872,5,8.17,historical
estoc,1872,6,8.16,historical
estoc,1872,7,8.15,historical
estoc,1872,8,8.14,historical
estoc,1872,9,8.13,historical
estoc,1872,10,8.14,historical
estoc,1872,11,8.15,historical
estoc,1872,12,8.16,historical
estoc,1873,1,8.17,historical
estoc,1873,2,8.17,historical
estoc,1873,3,8.17,historical
estoc,1873,4,8.17,historical
estoc,1873,5,8.17,historical
estoc,1873,6,8.16,historical
estoc,1873,7,8.15,historical
estoc,1873,8,8.13,historical
estoc,1873,9,8.13,historical
estoc,1873,10,8.13,historical
estoc,1873,11,8.14,historical
estoc,1873,12,8.16,historical
estoc,1874,1,8.17,historical
estoc,1874,2,8.17,historical
estoc,1874,3,8.18,historical
estoc,1874,4,8.17,historical
estoc,1874,5,8.17,historical
estoc,1874,6,8.16,historical
estoc,1874,7,8.15,historical
estoc,1874,8,8.13,historical
estoc,1874,9,8.12,historical
estoc,1874,10,8.13,historical
estoc,1874,11,8.15,historical
estoc,1874,12,8.16,historical
estoc,1875,1,8.17,historical
estoc,1875,2,8.17,historical
estoc,1875,3,8.17,historical
estoc,1875,4,8.17,historical
estoc,1875,5,8.17,historical
estoc,1875,6,8.16,historical
estoc,1875,7,8.14,historical
estoc,1875,8,8.13,historical
estoc,1875,9,8.13,historical
estoc,1875,10,8.13,historical
estoc,1875,11,8.14,historical
estoc,1875,12,8.16,historical
estoc,1876,1,8.16,historical
estoc,1876,2,8.17,historical
estoc,1876,3,8.18,historical
estoc,1876,4,8.17,historical
estoc,1876,5,8.17,historical
estoc,1876,6,8.16,historical
estoc,1876,7,8.14,historical
estoc,1876,8,8.13,historical
estoc,1876,9,8.12,historical
estoc,1876,10,8.12,historical
estoc,1876,11,8.14,historical
estoc,1876,12,8.16,historical
estoc,1877,1,8.17,historical
estoc,1877,2,8.18,historical
estoc,1877,3,8.18,historical
estoc,1877,4,8.18,historical
estoc,1877,5,8.17,historical
estoc,1877,6,8.16,historical
estoc,1877,7,8.15,historical
estoc,1877,8,8.13,historical
estoc,1877,9,8.12,historical
estoc,1877,10,8.13,historical
estoc,1877,11,8.14,historical
estoc,1877,12,8.16,historical
estoc,1878,1,8.17,historical
estoc,1878,2,8.17,historical
estoc,1878,3,8.17,historical
estoc,1878,4,8.17,historical
estoc,1878,5,8.17,historical
estoc,1878,6,8.16,historical
estoc,1878,7,8.14,historical
estoc,1878,8,8.13,historical
estoc,1878,9,8.13,historical
estoc,1878,10,8.13,historical
estoc,1878,11,8.14,historical
estoc,1878,12,8.16,historical
estoc,1879,1,8.16,historical
estoc,1879,2,8.17,historical
estoc,1879,3,8.17,historical
estoc,1879,4,8.17,historical
estoc,1879,5,8.17,historical
estoc,1879,6,8.16,historical
estoc,1879,7,8.15,historical
estoc,1879,8,8.13,historical
estoc,1879,9,8.12,historical
estoc,1879,10,8.13,historical
estoc,1879,11,8.15,historical
estoc,1879,12,8.16,historical
estoc,1880,1,8.17,historical
estoc,1880,2,8.17,historical
estoc,1880,3,8.17,historical
estoc,1880,4,8.17,historical
estoc,1880,5,8.16,historical
estoc,1880,6,8.16,historical
estoc,1880,7,8.14,historical
estoc,1880,8,8.13,historical
estoc,1880,9,8.12,historical
estoc,1880,10,8.13,historical
estoc,1880,11,8.15,historical
estoc,1880,12,8.16,historical
estoc,1881,1,8.17,historical
estoc,1881,2,8.17,historical
estoc,1881,3,8.17,historical
estoc,1881,4,8.17,historical
estoc,1881,5,8.17,historical
estoc,1881,6,8.16,historical
estoc,1881,7,8.15,historical
estoc,1881,8,8.14,historical
estoc,1881,9,8.13,historical
estoc,1881,10,8.14,historical
estoc,1881,11,8.15,historical
estoc,1881,12,8.16,historical
estoc,1882,1,8.17,historical
estoc,1882,2,8.17,historical
estoc,1882,3,8.17,historical
estoc,1882,4,8.17,historical
estoc,1882,5,8.17,historical
estoc,1882,6,8.16,historical
estoc,1882,7,8.15,historical
estoc,1882,8,8.13,historical
estoc,1882,9,8.13,historical
estoc,1882,10,8.13,historical
estoc,1882,11,8.14,historical
estoc,1882,12,8.16,historical
estoc,1883,1,8.17,historical
estoc,1883,2,8.17,historical
estoc,1883,3,8.17,historical
estoc,1883,4,8.17,historical
estoc,1883,5,8.16,historical
estoc,1883,6,8.15,historical
estoc,1883,7,8.14,historical
estoc,1883,8,8.13,historical
estoc,1883,9,8.13,historical
estoc,1883,10,8.13,historical
estoc,1883,11,8.15,historical
estoc,1883,12,8.16,historical
estoc,1884,1,8.17,historical
estoc,1884,2,8.18,historical
estoc,1884,3,8.18,historical
estoc,1884,4,8.18,historical
estoc,1884,5,8.17,historical
estoc,1884,6,8.16,historical
estoc,1884,7,8.14,historical
estoc,1884,8,8.13,historical
estoc,1884,9,8.13,historical
estoc,1884,10,8.13,historical
estoc,1884,11,8.15,historical
estoc,1884,12,8.16,historical
estoc,1885,1,8.17,historical
estoc,1885,2,8.17,historical
estoc,1885,3,8.17,historical
estoc,1885,4,8.17,historical
estoc,1885,5,8.16,historical
estoc,1885,6,8.15,historical
estoc,1885,7,8.14,historical
estoc,1885,8,8.13,historical
estoc,1885,9,8.12,historical
estoc,1885,10,8.13,historical
estoc,1885,11,8.15,historical
estoc,1885,12,8.16,historical
estoc,1886,1,8.17,historical
estoc,1886,2,8.18,historical
estoc,1886,3,8.18,historical
estoc,1886,4,8.17,historical
estoc,1886,5,8.17,historical
estoc,1886,6,8.16,historical
estoc,1886,7,8.15,historical
estoc,1886,8,8.14,historical
estoc,1886,9,8.13,historical
estoc,1886,10,8.13,historical
estoc,1886,11,8.15,historical
estoc,1886,12,8.16,historical
estoc,1887,1,8.17,historical
estoc,1887,2,8.17,historical
estoc,1887,3,8.17,historical
estoc,1887,4,8.17,historical
estoc,1887,5,8.17,historical
estoc,1887,6,8.16,historical
estoc,1887,7,8.15,historical
estoc,1887,8,8.14,historical
estoc,1887,9,8.13,historical
estoc,1887,10,8.13,historical
estoc,1887,11,8.14,historical
estoc,1887,12,8.16,historical
estoc,1888,1,8.17,historical
estoc,1888,2,8.17,historical
estoc,1888,3,8.17,historical
estoc,1888,4,8.17,historical
estoc,1888,5,8.17,historical
estoc,1888,6,8.15,historical
estoc,1888,7,8.14,historical
estoc,1888,8,8.13,historical
estoc,1888,9,8.13,historical
estoc,1888,10,8.13,historical
estoc,1888,11,8.15,historical
estoc,1888,12,8.16,historical
estoc,1889,1,8.16,historical
estoc,1889,2,8.17,historical
estoc,1889,3,8.17,historical
estoc,1889,4,8.17,historical
estoc,1889,5,8.16,historical
estoc,1889,6,8.15,historical
estoc,1889,7,8.14,historical
estoc,1889,8,8.13,historical
estoc,1889,9,8.12,historical
estoc,1889,10,8.13,historical
estoc,1889,11,8.14,historical
estoc,1889,12,8.15,historical
estoc,1890,1,8.16,historical
estoc,1890,2,8.17,historical
estoc,1890,3,8.17,historical
estoc,1890,4,8.17,historical
estoc,1890,5,8.16,historical
estoc,1890,6,8.15,historical
estoc,1890,7,8.14,historical
estoc,1890,8,8.13,historical
estoc,1890,9,8.13,historical
estoc,1890,10,8.13,historical
estoc,1890,11,8.15,historical
estoc,1890,12,8.16,historical
estoc,1891,1,8.17,historical
estoc,1891,2,8.17,historical
estoc,1891,3,8.17,historical
estoc,1891,4,8.17,historical
estoc,1891,5,8.16,historical
estoc,1891,6,8.15,historical
estoc,1891,7,8.14,historical
estoc,1891,8,8.12,historical
estoc,1891,9,8.12,historical
estoc,1891,10,8.12,historical
estoc,1891,11,8.14,historical
estoc,1891,12,8.15,historical
estoc,1892,1,8.16,historical
estoc,1892,2,8.17,historical
estoc,1892,3,8.17,historical
estoc,1892,4,8.17,historical
estoc,1892,5,8.16,historical
estoc,1892,6,8.15,historical
estoc,1892,7,8.14,historical
estoc,1892,8,8.13,historical
estoc,1892,9,8.13,historical
estoc,1892,10,8.13,historical
estoc,1892,11,8.14,historical
estoc,1892,12,8.15,historical
estoc,1893,1,8.17,historical
estoc,1893,2,8.17,historical
estoc,1893,3,8.17,historical
estoc,1893,4,8.17,historical
estoc,1893,5,8.16,historical
estoc,1893,6,8.15,historical
estoc,1893,7,8.14,historical
estoc,1893,8,8.13,historical
estoc,1893,9,8.12,historical
estoc,1893,10,8.13,historical
estoc,1893,11,8.14,historical
estoc,1893,12,8.16,historical
estoc,1894,1,8.16,historical
estoc,1894,2,8.17,historical
estoc,1894,3,8.17,historical
estoc,1894,4,8.16,historical
estoc,1894,5,8.16,historical
estoc,1894,6,8.15,historical
estoc,1894,7,8.13,historical
estoc,1894,8,8.13,historical
estoc,1894,9,8.12,historical
estoc,1894,10,8.13,historical
estoc,1894,11,8.14,historical
estoc,1894,12,8.16,historical
estoc,1895,1,8.17,historical
estoc,1895,2,8.17,historical
estoc,1895,3,8.17,historical
estoc,1895,4,8.16,historical
estoc,1895,5,8.16,historical
estoc,1895,6,8.15,historical
estoc,1895,7,8.14,historical
estoc,1895,8,8.13,historical
estoc,1895,9,8.12,historical
estoc,1895,10,8.13,historical
estoc,1895,11,8.14,historical
estoc,1895,12,8.15,historical
estoc,1896,1,8.16,historical
estoc,1896,2,8.17,historical
estoc,1896,3,8.17,historical
estoc,1896,4,8.17,historical
estoc,1896,5,8.16,historical
estoc,1896,6,8.15,historical
estoc,1896,7,8.14,historical
estoc,1896,8,8.13,historical
estoc,1896,9,8.12,historical
estoc,1896,10,8.13,historical
estoc,1896,11,8.14,historical
estoc,1896,12,8.15,historical
estoc,1897,1,8.16,historical
estoc,1897,2,8.17,historical
estoc,1897,3,8.17,historical
estoc,1897,4,8.16,historical
estoc,1897,5,8.16,historical
estoc,1897,6,8.15,historical
estoc,1897,7,8.13,historical
estoc,1897,8,8.12,historical
estoc,1897,9,8.12,historical
estoc,1897,10,8.13,historical
estoc,1897,11,8.14,historical
estoc,1897,12,8.15,historical
estoc,1898,1,8.16,historical
estoc,1898,2,8.16,historical
estoc,1898,3,8.16,historical
estoc,1898,4,8.16,historical
estoc,1898,5,8.16,historical
estoc,1898,6,8.15,historical
estoc,1898,7,8.13,historical
estoc,1898,8,8.12,historical
estoc,1898,9,8.12,historical
estoc,1898,10,8.13,historical
estoc,1898,11,8.14,historical
estoc,1898,12,8.16,historical
estoc,1899,1,8.17,historical
estoc,1899,2,8.17,historical
estoc,1899,3,8.17,historical
estoc,1899,4,8.16,historical
estoc,1899,5,8.16,historical
estoc,1899,6,8.15,historical
estoc,1899,7,8.13,historical
estoc,1899,8,8.12,historical
estoc,1899,9,8.12,historical
estoc,1899,10,8.13,historical
estoc,1899,11,8.14,historical
estoc,1899,12,8.16,historical
estoc,1900,1,8.16,historical
estoc,1900,2,8.17,historical
estoc,1900,3,8.17,historical
estoc,1900,4,8.17,historical
estoc,1900,5,8.16,historical
estoc,1900,6,8.15,historical
estoc,1900,7,8.14,historical
estoc,1900,8,8.12,historical
estoc,1900,9,8.12,historical
estoc,1900,10,8.12,historical
estoc,1900,11,8.14,historical
estoc,1900,12,8.15,historical
estoc,1901,1,8.16,historical
estoc,1901,2,8.16,historical
estoc,1901,3,8.17,historical
estoc,1901,4,8.17,historical
estoc,1901,5,8.16,historical
estoc,1901,6,8.16,historical
estoc,1901,7,8.14,historical
estoc,1901,8,8.13,historical
estoc,1901,9,8.12,historical
estoc,1901,10,8.13,historical
estoc,1901,11,8.14,historical
estoc,1901,12,8.15,historical
estoc,1902,1,8.16,historical
estoc,1902,2,8.16,historical
estoc,1902,3,8.17,historical
estoc,1902,4,8.17,historical
estoc,1902,5,8.16,historical
estoc,1902,6,8.15,historical
estoc,1902,7,8.14,historical
estoc,1902,8,8.13,historical
estoc,1902,9,8.12,historical
estoc,1902,10,8.13,historical
estoc,1902,11,8.14,historical
estoc,1902,12,8.16,historical
estoc,1903,1,8.17,historical
estoc,1903,2,8.17,historical
estoc,1903,3,8.17,historical
estoc,1903,4,8.17,historical
estoc,1903,5,8.16,historical
estoc,1903,6,8.15,historical
estoc,1903,7,8.14,historical
estoc,1903,8,8.13,historical
estoc,1903,9,8.13,historical
estoc,1903,10,8.13,historical
estoc,1903,11,8.14,historical
estoc,1903,12,8.15,historical
estoc,1904,1,8.16,historical
estoc,1904,2,8.16,historical
estoc,1904,3,8.17,historical
estoc,1904,4,8.17,historical
estoc,1904,5,8.16,historical
estoc,1904,6,8.15,historical
estoc,1904,7,8.14,historical
estoc,1904,8,8.13,historical
estoc,1904,9,8.12,historical
estoc,1904,10,8.12,historical
estoc,1904,11,8.14,historical
estoc,1904,12,8.15,historical
estoc,1905,1,8.16,historical
estoc,1905,2,8.16,historical
estoc,1905,3,8.16,historical
estoc,1905,4,8.16,historical
estoc,1905,5,8.15,historical
estoc,1905,6,8.14,historical
estoc,1905,7,8.14,historical
estoc,1905,8,8.13,historical
estoc,1905,9,8.12,historical
estoc,1905,10,8.12,historical
estoc,1905,11,8.14,historical
estoc,1905,12,8.15,historical
estoc,1906,1,8.16,historical
estoc,1906,2,8.16,historical
estoc,1906,3,8.16,historical
estoc,1906,4,8.16,historical
estoc,1906,5,8.16,historical
estoc,1906,6,8.15,historical
estoc,1906,7,8.13,historical
estoc,1906,8,8.12,historical
estoc,1906,9,8.12,historical
estoc,1906,10,8.12,historical
estoc,1906,11,8.13,historical
estoc,1906,12,8.15,historical
estoc,1907,1,8.16,historical
estoc,1907,2,8.16,historical
estoc,1907,3,8.16,historical
estoc,1907,4,8.16,historical
estoc,1907,5,8.15,historical
estoc,1907,6,8.15,historical
estoc,1907,7,8.13,historical
estoc,1907,8,8.12,historical
estoc,1907,9,8.11,historical
estoc,1907,10,8.12,historical
estoc,1907,11,8.13,historical
estoc,1907,12,8.15,historical
estoc,1908,1,8.16,historical
estoc,1908,2,8.16,historical
estoc,1908,3,8.16,historical
estoc,1908,4,8.16,historical
estoc,1908,5,8.16,historical
estoc,1908,6,8.15,historical
estoc,1908,7,8.13,historical
estoc,1908,8,8.12,historical
estoc,1908,9,8.11,historical
estoc,1908,10,8.12,historical
estoc,1908,11,8.14,historical
estoc,1908,12,8.15,historical
estoc,1909,1,8.16,historical
estoc,1909,2,8.16,historical
estoc,1909,3,8.16,historical
estoc,1909,4,8.16,historical
estoc,1909,5,8.16,historical
estoc,1909,6,8.15,historical
estoc,1909,7,8.14,historical
estoc,1909,8,8.12,historical
estoc,1909,9,8.11,historical
estoc,1909,10,8.12,historical
estoc,1909,11,8.14,historical
estoc,1909,12,8.15,historical
estoc,1910,1,8.16,historical
estoc,1910,2,8.16,historical
estoc,1910,3,8.16,historical
estoc,1910,4,8.16,historical
estoc,1910,5,8.15,historical
estoc,1910,6,8.14,historical
estoc,1910,7,8.13,historical
estoc,1910,8,8.12,historical
estoc,1910,9,8.11,historical
estoc,1910,10,8.13,historical
estoc,1910,11,8.14,historical
estoc,1910,12,8.16,historical
estoc,1911,1,8.16,historical
estoc,1911,2,8.17,historical
estoc,1911,3,8.16,historical
estoc,1911,4,8.17,historical
estoc,1911,5,8.16,historical
estoc,1911,6,8.15,historical
estoc,1911,7,8.13,historical
estoc,1911,8,8.12,historical
estoc,1911,9,8.12,historical
estoc,1911,10,8.12,historical
estoc,1911,11,8.14,historical
estoc,1911,12,8.15,historical
estoc,1912,1,8.16,historical
estoc,1912,2,8.16,historical
estoc,1912,3,8.16,historical
estoc,1912,4,8.16,historical
estoc,1912,5,8.16,historical
estoc,1912,6,8.15,historical
estoc,1912,7,8.14,historical
estoc,1912,8,8.13,historical
estoc,1912,9,8.12,historical
estoc,1912,10,8.13,historical
estoc,1912,11,8.14,historical
estoc,1912,12,8.15,historical
estoc,1913,1,8.15,historical
estoc,1913,2,8.16,historical
estoc,1913,3,8.16,historical
estoc,1913,4,8.15,historical
estoc,1913,5,8.15,historical
estoc,1913,6,8.14,historical
estoc,1913,7,8.14,historical
estoc,1913,8,8.13,historical
estoc,1913,9,8.12,historical
estoc,1913,10,8.12,historical
estoc,1913,11,8.14,historical
estoc,1913,12,8.14,historical
estoc,1914,1,8.15,historical
estoc,1914,2,8.15,historical
estoc,1914,3,8.15,historical
estoc,1914,4,8.15,historical
estoc,1914,5,8.15,historical
estoc,1914,6,8.14,historical
estoc,1914,7,8.13,historical
estoc,1914,8,8.12,historical
estoc,1914,9,8.11,historical
estoc,1914,10,8.12,historical
estoc,1914,11,8.13,historical
estoc,1914,12,8.15,historical
estoc,1915,1,8.15,historical
estoc,1915,2,8.15,historical
estoc,1915,3,8.16,historical
estoc,1915,4,8.16,historical
estoc,1915,5,8.15,historical
estoc,1915,6,8.14,historical
estoc,1915,7,8.13,historical
estoc,1915,8,8.12,historical
estoc,1915,9,8.11,historical
estoc,1915,10,8.12,historical
estoc,1915,11,8.13,historical
estoc,1915,12,8.14,historical
estoc,1916,1,8.15,historical
estoc,1916,2,8.15,historical
estoc,1916,3,8.16,historical
estoc,1916,4,8.15,historical
estoc,1916,5,8.15,historical
estoc,1916,6,8.14,historical
estoc,1916,7,8.13,historical
estoc,1916,8,8.12,historical
estoc,1916,9,8.12,historical
estoc,1916,10,8.12,historical
estoc,1916,11,8.13,historical
estoc,1916,12,8.14,historical
estoc,1917,1,8.15,historical
estoc,1917,2,8.16,historical
estoc,1917,3,8.16,historical
estoc,1917,4,8.16,historical
estoc,1917,5,8.16,historical
estoc,1917,6,8.15,historical
estoc,1917,7,8.13,historical
estoc,1917,8,8.12,historical
estoc,1917,9,8.11,historical
estoc,1917,10,8.12,historical
estoc,1917,11,8.13,historical
estoc,1917,12,8.14,historical
estoc,1918,1,8.15,historical
estoc,1918,2,8.16,historical
estoc,1918,3,8.16,historical
estoc,1918,4,8.16,historical
estoc,1918,5,8.15,historical
estoc,1918,6,8.14,historical
estoc,1918,7,8.13,historical
estoc,1918,8,8.12,historical
estoc,1918,9,8.12,historical
estoc,1918,10,8.12,historical
estoc,1918,11,8.14,historical
estoc,1918,12,8.15,historical
estoc,1919,1,8.16,historical
estoc,1919,2,8.16,historical
estoc,1919,3,8.16,historical
estoc,1919,4,8.16,historical
estoc,1919,5,8.16,historical
estoc,1919,6,8.14,historical
estoc,1919,7,8.13,historical
estoc,1919,8,8.12,historical
estoc,1919,9,8.12,historical
estoc,1919,10,8.13,historical
estoc,1919,11,8.13,historical
estoc,1919,12,8.14,historical
estoc,1920,1,8.15,historical
estoc,1920,2,8.15,historical
estoc,1920,3,8.16,historical
estoc,1920,4,8.15,historical
estoc,1920,5,8.15,historical
estoc,1920,6,8.14,historical
estoc,1920,7,8.13,historical
estoc,1920,8,8.11,historical
estoc,1920,9,8.11,historical
estoc,1920,10,8.12,historical
estoc,1920,11,8.13,historical
estoc,1920,12,8.14,historical
estoc,1921,1,8.15,historical
estoc,1921,2,8.15,historical
estoc,1921,3,8.15,historical
estoc,1921,4,8.15,historical
estoc,1921,5,8.15,historical
estoc,1921,6,8.14,historical
estoc,1921,7,8.13,historical
estoc,1921,8,8.12,historical
estoc,1921,9,8.11,historical
estoc,1921,10,8.12,historical
estoc,1921,11,8.13,historical
estoc,1921,12,8.14,historical
estoc,1922,1,8.15,historical
estoc,1922,2,8.15,historical
estoc,1922,3,8.16,historical
estoc,1922,4,8.15,historical
estoc,1922,5,8.15,historical
estoc,1922,6,8.14,historical
estoc,1922,7,8.12,historical
estoc,1922,8,8.11,historical
estoc,1922,9,8.11,historical
estoc,1922,10,8.11,historical
estoc,1922,11,8.12,historical
estoc,1922,12,8.14,historical
estoc,1923,1,8.15,historical
estoc,1923,2,8.15,historical
estoc,1923,3,8.15,historical
estoc,1923,4,8.15,historical
estoc,1923,5,8.15,historical
estoc,1923,6,8.14,historical
estoc,1923,7,8.13,historical
estoc,1923,8,8.12,historical
estoc,1923,9,8.11,historical
estoc,1923,10,8.11,historical
estoc,1923,11,8.13,historical
estoc,1923,12,8.14,historical
estoc,1924,1,8.15,historical
estoc,1924,2,8.15,historical
estoc,1924,3,8.15,historical
estoc,1924,4,8.15,historical
estoc,1924,5,8.14,historical
estoc,1924,6,8.13,historical
estoc,1924,7,8.12,historical
estoc,1924,8,8.12,historical
estoc,1924,9,8.11,historical
estoc,1924,10,8.12,historical
estoc,1924,11,8.13,historical
estoc,1924,12,8.14,historical
estoc,1925,1,8.15,historical
estoc,1925,2,8.15,historical
estoc,1925,3,8.15,historical
estoc,1925,4,8.15,historical
estoc,1925,5,8.15,historical
estoc,1925,6,8.14,historical
estoc,1925,7,8.13,historical
estoc,1925,8,8.11,historical
estoc,1925,9,8.11,historical
estoc,1925,10,8.11,historical
estoc,1925,11,8.13,historical
estoc,1925,12,8.14,historical
estoc,1926,1,8.15,historical
estoc,1926,2,8.15,historical
estoc,1926,3,8.15,historical
estoc,1926,4,8.15,historical
estoc,1926,5,8.15,historical
estoc,1926,6,8.14,historical
estoc,1926,7,8.13,historical
estoc,1926,8,8.11,historical
estoc,1926,9,8.11,historical
estoc,1926,10,8.11,historical
estoc,1926,11,8.13,historical
estoc,1926,12,8.14,historical
estoc,1927,1,8.15,historical
estoc,1927,2,8.15,historical
estoc,1927,3,8.15,historical
estoc,1927,4,8.15,historical
estoc,1927,5,8.15,historical
estoc,1927,6,8.14,historical
estoc,1927,7,8.13,historical
estoc,1927,8,8.12,historical
estoc,1927,9,8.11,historical
estoc,1927,10,8.11,historical
estoc,1927,11,8.12,historical
estoc,1927,12,8.14,historical
estoc,1928,1,8.15,historical
estoc,1928,2,8.15,historical
estoc,1928,3,8.15,historical
estoc,1928,4,8.15,historical
estoc,1928,5,8.15,historical
estoc,1928,6,8.14,historical
estoc,1928,7,8.13,historical
estoc,1928,8,8.11,historical
estoc,1928,9,8.11,historical
estoc,1928,10,8.11,historical
estoc,1928,11,8.13,historical
estoc,1928,12,8.14,historical
estoc,1929,1,8.15,historical
estoc,1929,2,8.15,historical
estoc,1929,3,8.15,historical
estoc,1929,4,8.15,historical
estoc,1929,5,8.15,historical
estoc,1929,6,8.14,historical
estoc,1929,7,8.13,historical
estoc,1929,8,8.12,historical
estoc,1929,9,8.11,historical
estoc,1929,10,8.11,historical
estoc,1929,11,8.12,historical
estoc,1929,12,8.13,historical
estoc,1930,1,8.14,historical
estoc,1930,2,8.15,historical
estoc,1930,3,8.15,historical
estoc,1930,4,8.15,historical
estoc,1930,5,8.14,historical
estoc,1930,6,8.14,historical
estoc,1930,7,8.13,historical
estoc,1930,8,8.11,historical
estoc,1930,9,8.11,historical
estoc,1930,10,8.11,historical
estoc,1930,11,8.13,historical
estoc,1930,12,8.14,historical
estoc,1931,1,8.15,historical
estoc,1931,2,8.15,historical
estoc,1931,3,8.16,historical
estoc,1931,4,8.16,historical
estoc,1931,5,8.15,historical
estoc,1931,6,8.14,historical
estoc,1931,7,8.13,historical
estoc,1931,8,8.12,historical
estoc,1931,9,8.11,historical
estoc,1931,10,8.12,historical
estoc,1931,11,8.13,historical
estoc,1931,12,8.14,historical
estoc,1932,1,8.15,historical
estoc,1932,2,8.16,historical
estoc,1932,3,8.16,historical
estoc,1932,4,8.15,historical
estoc,1932,5,8.15,historical
estoc,1932,6,8.14,historical
estoc,1932,7,8.13,historical
estoc,1932,8,8.12,historical
estoc,1932,9,8.11,historical
estoc,1932,10,8.12,historical
estoc,1932,11,8.13,historical
estoc,1932,12,8.15,historical
estoc,1933,1,8.15,historical
estoc,1933,2,8.16,historical
estoc,1933,3,8.16,historical
estoc,1933,4,8.16,historical
estoc,1933,5,8.15,historical
estoc,1933,6,8.14,historical
estoc,1933,7,8.13,historical
estoc,1933,8,8.11,historical
estoc,1933,9,8.11,historical
estoc,1933,10,8.12,historical
estoc,1933,11,8.13,historical
estoc,1933,12,8.15,historical
estoc,1934,1,8.15,historical
estoc,1934,2,8.15,historical
estoc,1934,3,8.16,historical
estoc,1934,4,8.16,historical
estoc,1934,5,8.15,historical
estoc,1934,6,8.14,historical
estoc,1934,7,8.13,historical
estoc,1934,8,8.12,historical
estoc,1934,9,8.11,historical
estoc,1934,10,8.11,historical
estoc,1934,11,8.13,historical
estoc,1934,12,8.14,historical
estoc,1935,1,8.15,historical
estoc,1935,2,8.15,historical
estoc,1935,3,8.15,historical
estoc,1935,4,8.15,historical
estoc,1935,5,8.15,historical
estoc,1935,6,8.14,historical
estoc,1935,7,8.12,historical
estoc,1935,8,8.11,historical
estoc,1935,9,8.11,historical
estoc,1935,10,8.11,historical
estoc,1935,11,8.13,historical
estoc,1935,12,8.14,historical
estoc,1936,1,8.15,historical
estoc,1936,2,8.15,historical
estoc,1936,3,8.15,historical
estoc,1936,4,8.15,historical
estoc,1936,5,8.15,historical
estoc,1936,6,8.14,historical
estoc,1936,7,8.12,historical
estoc,1936,8,8.11,historical
estoc,1936,9,8.11,historical
estoc,1936,10,8.11,historical
estoc,1936,11,8.13,historical
estoc,1936,12,8.14,historical
estoc,1937,1,8.15,historical
estoc,1937,2,8.15,historical
estoc,1937,3,8.15,historical
estoc,1937,4,8.14,historical
estoc,1937,5,8.14,historical
estoc,1937,6,8.13,historical
estoc,1937,7,8.12,historical
estoc,1937,8,8.11,historical
estoc,1937,9,8.1,historical
estoc,1937,10,8.11,historical
estoc,1937,11,8.12,historical
estoc,1937,12,8.14,historical
estoc,1938,1,8.15,historical
estoc,1938,2,8.15,historical
estoc,1938,3,8.15,historical
estoc,1938,4,8.15,historical
estoc,1938,5,8.14,historical
estoc,1938,6,8.13,historical
estoc,1938,7,8.12,historical
estoc,1938,8,8.11,historical
estoc,1938,9,8.1,historical
estoc,1938,10,8.11,historical
estoc,1938,11,8.12,historical
estoc,1938,12,8.14,historical
estoc,1939,1,8.15,historical
estoc,1939,2,8.15,historical
estoc,1939,3,8.15,historical
estoc,1939,4,8.15,historical
estoc,1939,5,8.14,historical
estoc,1939,6,8.13,historical
estoc,1939,7,8.12,historical
estoc,1939,8,8.11,historical
estoc,1939,9,8.1,historical
estoc,1939,10,8.11,historical
estoc,1939,11,8.12,historical
estoc,1939,12,8.14,historical
estoc,1940,1,8.15,historical
estoc,1940,2,8.15,historical
estoc,1940,3,8.15,historical
estoc,1940,4,8.14,historical
estoc,1940,5,8.14,historical
estoc,1940,6,8.13,historical
estoc,1940,7,8.12,historical
estoc,1940,8,8.11,historical
estoc,1940,9,8.1,historical
estoc,1940,10,8.11,historical
estoc,1940,11,8.12,historical
estoc,1940,12,8.14,historical
estoc,1941,1,8.15,historical
estoc,1941,2,8.15,historical
estoc,1941,3,8.15,historical
estoc,1941,4,8.15,historical
estoc,1941,5,8.14,historical
estoc,1941,6,8.13,historical
estoc,1941,7,8.12,historical
estoc,1941,8,8.11,historical
estoc,1941,9,8.1,historical
estoc,1941,10,8.11,historical
estoc,1941,11,8.12,historical
estoc,1941,12,8.14,historical
estoc,1942,1,8.14,historical
estoc,1942,2,8.15,historical
estoc,1942,3,8.15,historical
estoc,1942,4,8.14,historical
estoc,1942,5,8.14,historical
estoc,1942,6,8.13,historical
estoc,1942,7,8.12,historical
estoc,1942,8,8.11,historical
estoc,1942,9,8.1,historical
estoc,1942,10,8.1,historical
estoc,1942,11,8.12,historical
estoc,1942,12,8.14,historical
estoc,1943,1,8.14,historical
estoc,1943,2,8.15,historical
estoc,1943,3,8.14,historical
estoc,1943,4,8.14,historical
estoc,1943,5,8.14,historical
estoc,1943,6,8.14,historical
estoc,1943,7,8.13,historical
estoc,1943,8,8.12,historical
estoc,1943,9,8.11,historical
estoc,1943,10,8.11,historical
estoc,1943,11,8.12,historical
estoc,1943,12,8.14,historical
estoc,1944,1,8.15,historical
estoc,1944,2,8.15,historical
estoc,1944,3,8.15,historical
estoc,1944,4,8.15,historical
estoc,1944,5,8.15,historical
estoc,1944,6,8.13,historical
estoc,1944,7,8.12,historical
estoc,1944,8,8.11,historical
estoc,1944,9,8.1,historical
estoc,1944,10,8.11,historical
estoc,1944,11,8.13,historical
estoc,1944,12,8.14,historical
estoc,1945,1,8.15,historical
estoc,1945,2,8.15,historical
estoc,1945,3,8.15,historical
estoc,1945,4,8.15,historical
estoc,1945,5,8.14,historical
estoc,1945,6,8.13,historical
estoc,1945,7,8.12,historical
estoc,1945,8,8.11,historical
estoc,1945,9,8.11,historical
estoc,1945,10,8.11,historical
estoc,1945,11,8.13,historical
estoc,1945,12,8.14,historical
estoc,1946,1,8.15,historical
estoc,1946,2,8.15,historical
estoc,1946,3,8.15,historical
estoc,1946,4,8.15,historical
estoc,1946,5,8.15,historical
estoc,1946,6,8.14,historical
estoc,1946,7,8.13,historical
estoc,1946,8,8.12,historical
estoc,1946,9,8.11,historical
estoc,1946,10,8.12,historical
estoc,1946,11,8.12,historical
estoc,1946,12,8.13,historical
estoc,1947,1,8.14,historical
estoc,1947,2,8.14,historical
estoc,1947,3,8.15,historical
estoc,1947,4,8.15,historical
estoc,1947,5,8.14,historical
estoc,1947,6,8.13,historical
estoc,1947,7,8.12,historical
estoc,1947,8,8.11,historical
estoc,1947,9,8.1,historical
estoc,1947,10,8.11,historical
estoc,1947,11,8.12,historical
estoc,1947,12,8.13,historical
estoc,1948,1,8.14,historical
estoc,1948,2,8.15,historical
estoc,1948,3,8.15,historical
estoc,1948,4,8.14,historical
estoc,1948,5,8.14,historical
estoc,1948,6,8.13,historical
estoc,1948,7,8.12,historical
estoc,1948,8,8.11,historical
estoc,1948,9,8.1,historical
estoc,1948,10,8.1,historical
estoc,1948,11,8.12,historical
estoc,1948,12,8.14,historical
estoc,1949,1,8.14,historical
estoc,1949,2,8.14,historical
estoc,1949,3,8.14,historical
estoc,1949,4,8.14,historical
estoc,1949,5,8.13,historical
estoc,1949,6,8.13,historical
estoc,1949,7,8.12,historical
estoc,1949,8,8.11,historical
estoc,1949,9,8.1,historical
estoc,1949,10,8.1,historical
estoc,1949,11,8.12,historical
estoc,1949,12,8.13,historical
estoc,1950,1,8.14,historical
estoc,1950,2,8.15,historical
estoc,1950,3,8.15,historical
estoc,1950,4,8.15,historical
estoc,1950,5,8.14,historical
estoc,1950,6,8.13,historical
estoc,1950,7,8.12,historical
estoc,1950,8,8.11,historical
estoc,1950,9,8.11,historical
estoc,1950,10,8.11,historical
estoc,1950,11,8.12,historical
estoc,1950,12,8.13,historical
estoc,1951,1,8.14,historical
estoc,1951,2,8.15,historical
estoc,1951,3,8.15,historical
estoc,1951,4,8.14,historical
estoc,1951,5,8.14,historical
estoc,1951,6,8.13,historical
estoc,1951,7,8.12,historical
estoc,1951,8,8.11,historical
estoc,1951,9,8.11,historical
estoc,1951,10,8.11,historical
estoc,1951,11,8.12,historical
estoc,1951,12,8.14,historical
estoc,1952,1,8.14,historical
estoc,1952,2,8.15,historical
estoc,1952,3,8.15,historical
estoc,1952,4,8.15,historical
estoc,1952,5,8.14,historical
estoc,1952,6,8.13,historical
estoc,1952,7,8.12,historical
estoc,1952,8,8.11,historical
estoc,1952,9,8.1,historical
estoc,1952,10,8.11,historical
estoc,1952,11,8.12,historical
estoc,1952,12,8.14,historical
estoc,1953,1,8.14,historical
estoc,1953,2,8.14,historical
estoc,1953,3,8.15,historical
estoc,1953,4,8.14,historical
estoc,1953,5,8.14,historical
estoc,1953,6,8.13,historical
estoc,1953,7,8.12,historical
estoc,1953,8,8.11,historical
estoc,1953,9,8.1,historical
estoc,1953,10,8.11,historical
estoc,1953,11,8.12,historical
estoc,1953,12,8.14,historical
estoc,1954,1,8.14,historical
estoc,1954,2,8.14,historical
estoc,1954,3,8.15,historical
estoc,1954,4,8.14,historical
estoc,1954,5,8.14,historical
estoc,1954,6,8.13,historical
estoc,1954,7,8.12,historical
estoc,1954,8,8.11,historical
estoc,1954,9,8.1,historical
estoc,1954,10,8.11,historical
estoc,1954,11,8.12,historical
estoc,1954,12,8.13,historical
estoc,1955,1,8.14,historical
estoc,1955,2,8.14,historical
estoc,1955,3,8.15,historical
estoc,1955,4,8.14,historical
estoc,1955,5,8.14,historical
estoc,1955,6,8.13,historical
estoc,1955,7,8.12,historical
estoc,1955,8,8.11,historical
estoc,1955,9,8.1,historical
estoc,1955,10,8.1,historical
estoc,1955,11,8.12,historical
estoc,1955,12,8.13,historical
estoc,1956,1,8.14,historical
estoc,1956,2,8.14,historical
estoc,1956,3,8.14,historical
estoc,1956,4,8.14,historical
estoc,1956,5,8.14,historical
estoc,1956,6,8.13,historical
estoc,1956,7,8.12,historical
estoc,1956,8,8.11,historical
estoc,1956,9,8.1,historical
estoc,1956,10,8.11,historical
estoc,1956,11,8.12,historical
estoc,1956,12,8.14,historical
estoc,1957,1,8.14,historical
estoc,1957,2,8.14,historical
estoc,1957,3,8.15,historical
estoc,1957,4,8.15,historical
estoc,1957,5,8.14,historical
estoc,1957,6,8.13,historical
estoc,1957,7,8.12,historical
estoc,1957,8,8.11,historical
estoc,1957,9,8.11,historical
estoc,1957,10,8.11,historical
estoc,1957,11,8.12,historical
estoc,1957,12,8.13,historical
estoc,1958,1,8.14,historical
estoc,1958,2,8.15,historical
estoc,1958,3,8.15,historical
estoc,1958,4,8.15,historical
estoc,1958,5,8.14,historical
estoc,1958,6,8.13,historical
estoc,1958,7,8.12,historical
estoc,1958,8,8.11,historical
estoc,1958,9,8.1,historical
estoc,1958,10,8.11,historical
estoc,1958,11,8.12,historical
estoc,1958,12,8.14,historical
estoc,1959,1,8.14,historical
estoc,1959,2,8.14,historical
estoc,1959,3,8.14,historical
estoc,1959,4,8.14,historical
estoc,1959,5,8.14,historical
estoc,1959,6,8.13,historical
estoc,1959,7,8.12,historical
estoc,1959,8,8.11,historical
estoc,1959,9,8.11,historical
estoc,1959,10,8.11,historical
estoc,1959,11,8.13,historical
estoc,1959,12,8.13,historical
estoc,1960,1,8.14,historical
estoc,1960,2,8.14,historical
estoc,1960,3,8.15,historical
estoc,1960,4,8.14,historical
estoc,1960,5,8.14,historical
estoc,1960,6,8.13,historical
estoc,1960,7,8.12,historical
estoc,1960,8,8.11,historical
estoc,1960,9,8.11,historical
estoc,1960,10,8.11,historical
estoc,1960,11,8.12,historical
estoc,1960,12,8.13,historical
estoc,1961,1,8.14,historical
estoc,1961,2,8.14,historical
estoc,1961,3,8.14,historical
estoc,1961,4,8.14,historical
estoc,1961,5,8.14,historical
estoc,1961,6,8.13,historical
estoc,1961,7,8.12,historical
estoc,1961,8,8.11,historical
estoc,1961,9,8.1,historical
estoc,1961,10,8.1,historical
estoc,1961,11,8.12,historical
estoc,1961,12,8.13,historical
estoc,1962,1,8.14,historical
estoc,1962,2,8.14,historical
estoc,1962,3,8.14,historical
estoc,1962,4,8.14,historical
estoc,1962,5,8.14,historical
estoc,1962,6,8.13,historical
estoc,1962,7,8.11,historical
estoc,1962,8,8.1,historical
estoc,1962,9,8.1,historical
estoc,1962,10,8.1,historical
estoc,1962,11,8.12,historical
estoc,1962,12,8.13,historical
estoc,1963,1,8.14,historical
estoc,1963,2,8.14,historical
estoc,1963,3,8.14,historical
estoc,1963,4,8.14,historical
estoc,1963,5,8.14,historical
estoc,1963,6,8.13,historical
estoc,1963,7,8.12,historical
estoc,1963,8,8.11,historical
estoc,1963,9,8.11,historical
estoc,1963,10,8.11,historical
estoc,1963,11,8.12,historical
estoc,1963,12,8.13,historical
estoc,1964,1,8.14,historical
estoc,1964,2,8.14,historical
estoc,1964,3,8.14,historical
estoc,1964,4,8.13,historical
estoc,1964,5,8.13,historical
estoc,1964,6,8.12,historical
estoc,1964,7,8.11,historical
estoc,1964,8,8.1,historical
estoc,1964,9,8.1,historical
estoc,1964,10,8.1,historical
estoc,1964,11,8.12,historical
estoc,1964,12,8.13,historical
estoc,1965,1,8.13,historical
estoc,1965,2,8.14,historical
estoc,1965,3,8.14,historical
estoc,1965,4,8.14,historical
estoc,1965,5,8.13,historical
estoc,1965,6,8.12,historical
estoc,1965,7,8.12,historical
estoc,1965,8,8.11,historical
estoc,1965,9,8.1,historical
estoc,1965,10,8.11,historical
estoc,1965,11,8.12,historical
estoc,1965,12,8.13,historical
estoc,1966,1,8.14,historical
estoc,1966,2,8.14,historical
estoc,1966,3,8.14,historical
estoc,1966,4,8.14,historical
estoc,1966,5,8.13,historical
estoc,1966,6,8.12,historical
estoc,1966,7,8.11,historical
estoc,1966,8,8.1,historical
estoc,1966,9,8.1,historical
estoc,1966,10,8.1,historical
estoc,1966,11,8.11,historical
estoc,1966,12,8.13,historical
estoc,1967,1,8.13,historical
estoc,1967,2,8.13,historical
estoc,1967,3,8.13,historical
estoc,1967,4,8.13,historical
estoc,1967,5,8.13,historical
estoc,1967,6,8.12,historical
estoc,1967,7,8.11,historical
estoc,1967,8,8.1,historical
estoc,1967,9,8.09,historical
estoc,1967,10,8.1,historical
estoc,1967,11,8.11,historical
estoc,1967,12,8.12,historical
estoc,1968,1,8.13,historical
estoc,1968,2,8.14,historical
estoc,1968,3,8.14,historical
estoc,1968,4,8.13,historical
estoc,1968,5,8.13,historical
estoc,1968,6,8.12,historical
estoc,1968,7,8.11,historical
estoc,1968,8,8.1,historical
estoc,1968,9,8.09,historical
estoc,1968,10,8.1,historical
estoc,1968,11,8.11,historical
estoc,1968,12,8.13,historical
estoc,1969,1,8.14,historical
estoc,1969,2,8.14,historical
estoc,1969,3,8.14,historical
estoc,1969,4,8.14,historical
estoc,1969,5,8.13,historical
estoc,1969,6,8.12,historical
estoc,1969,7,8.11,historical
estoc,1969,8,8.1,historical
estoc,1969,9,8.1,historical
estoc,1969,10,8.11,historical
estoc,1969,11,8.12,historical
estoc,1969,12,8.13,historical
estoc,1970,1,8.14,historical
estoc,1970,2,8.14,historical
estoc,1970,3,8.13,historical
estoc,1970,4,8.14,historical
estoc,1970,5,8.13,historical
estoc,1970,6,8.12,historical
estoc,1970,7,8.11,historical
estoc,1970,8,8.1,historical
estoc,1970,9,8.1,historical
estoc,1970,10,8.1,historical
estoc,1970,11,8.12,historical
estoc,1970,12,8.13,historical
estoc,1971,1,8.14,historical
estoc,1971,2,8.14,historical
estoc,1971,3,8.14,historical
estoc,1971,4,8.14,historical
estoc,1971,5,8.13,historical
estoc,1971,6,8.13,historical
estoc,1971,7,8.11,historical
estoc,1971,8,8.1,historical
estoc,1971,9,8.1,historical
estoc,1971,10,8.1,historical
estoc,1971,11,8.12,historical
estoc,1971,12,8.13,historical
estoc,1972,1,8.13,historical
estoc,1972,2,8.13,historical
estoc,1972,3,8.13,historical
estoc,1972,4,8.13,historical
estoc,1972,5,8.13,historical
estoc,1972,6,8.12,historical
estoc,1972,7,8.12,historical
estoc,1972,8,8.1,historical
estoc,1972,9,8.1,historical
estoc,1972,10,8.1,historical
estoc,1972,11,8.11,historical
estoc,1972,12,8.13,historical
estoc,1973,1,8.14,historical
estoc,1973,2,8.14,historical
estoc,1973,3,8.14,historical
estoc,1973,4,8.14,historical
estoc,1973,5,8.13,historical
estoc,1973,6,8.12,historical
estoc,1973,7,8.11,historical
estoc,1973,8,8.1,historical
estoc,1973,9,8.09,historical
estoc,1973,10,8.1,historical
estoc,1973,11,8.11,historical
estoc,1973,12,8.12,historical
estoc,1974,1,8.13,historical
estoc,1974,2,8.14,historical
estoc,1974,3,8.14,historical
estoc,1974,4,8.13,historical
estoc,1974,5,8.13,historical
estoc,1974,6,8.12,historical
estoc,1974,7,8.1,historical
estoc,1974,8,8.09,historical
estoc,1974,9,8.09,historical
estoc,1974,10,8.09,historical
estoc,1974,11,8.11,historical
estoc,1974,12,8.12,historical
estoc,1975,1,8.13,historical
estoc,1975,2,8.13,historical
estoc,1975,3,8.13,historical
estoc,1975,4,8.13,historical
estoc,1975,5,8.12,historical
estoc,1975,6,8.11,historical
estoc,1975,7,8.1,historical
estoc,1975,8,8.09,historical
estoc,1975,9,8.09,historical
estoc,1975,10,8.09,historical
estoc,1975,11,8.11,historical
estoc,1975,12,8.12,historical
estoc,1976,1,8.13,historical
estoc,1976,2,8.13,historical
estoc,1976,3,8.13,historical
estoc,1976,4,8.12,historical
estoc,1976,5,8.12,historical
estoc,1976,6,8.11,historical
estoc,1976,7,8.1,historical
estoc,1976,8,8.09,historical
estoc,1976,9,8.09,historical
estoc,1976,10,8.09,historical
estoc,1976,11,8.1,historical
estoc,1976,12,8.12,historical
estoc,1977,1,8.12,historical
estoc,1977,2,8.13,historical
estoc,1977,3,8.13,historical
estoc,1977,4,8.13,historical
estoc,1977,5,8.12,historical
estoc,1977,6,8.11,historical
estoc,1977,7,8.1,historical
estoc,1977,8,8.09,historical
estoc,1977,9,8.08,historical
estoc,1977,10,8.09,historical
estoc,1977,11,8.1,historical
estoc,1977,12,8.12,historical
estoc,1978,1,8.12,historical
estoc,1978,2,8.13,historical
estoc,1978,3,8.13,historical
estoc,1978,4,8.13,historical
estoc,1978,5,8.12,historical
estoc,1978,6,8.12,historical
estoc,1978,7,8.1,historical
estoc,1978,8,8.09,historical
estoc,1978,9,8.09,historical
estoc,1978,10,8.09,historical
estoc,1978,11,8.1,historical
estoc,1978,12,8.12,historical
estoc,1979,1,8.12,historical
estoc,1979,2,8.13,historical
estoc,1979,3,8.13,historical
estoc,1979,4,8.13,historical
estoc,1979,5,8.12,historical
estoc,1979,6,8.11,historical
estoc,1979,7,8.1,historical
estoc,1979,8,8.09,historical
estoc,1979,9,8.08,historical
estoc,1979,10,8.09,historical
estoc,1979,11,8.1,historical
estoc,1979,12,8.11,historical
estoc,1980,1,8.12,historical
estoc,1980,2,8.13,historical
estoc,1980,3,8.12,historical
estoc,1980,4,8.12,historical
estoc,1980,5,8.12,historical
estoc,1980,6,8.11,historical
estoc,1980,7,8.1,historical
estoc,1980,8,8.08,historical
estoc,1980,9,8.08,historical
estoc,1980,10,8.09,historical
estoc,1980,11,8.1,historical
estoc,1980,12,8.11,historical
estoc,1981,1,8.12,historical
estoc,1981,2,8.12,historical
estoc,1981,3,8.12,historical
estoc,1981,4,8.12,historical
estoc,1981,5,8.12,historical
estoc,1981,6,8.11,historical
estoc,1981,7,8.09,historical
estoc,1981,8,8.09,historical
estoc,1981,9,8.08,historical
estoc,1981,10,8.09,historical
estoc,1981,11,8.1,historical
estoc,1981,12,8.11,historical
estoc,1982,1,8.12,historical
estoc,1982,2,8.12,historical
estoc,1982,3,8.12,historical
estoc,1982,4,8.12,historical
estoc,1982,5,8.11,historical
estoc,1982,6,8.11,historical
estoc,1982,7,8.1,historical
estoc,1982,8,8.09,historical
estoc,1982,9,8.08,historical
estoc,1982,10,8.09,historical
estoc,1982,11,8.1,historical
estoc,1982,12,8.11,historical
estoc,1983,1,8.11,historical
estoc,1983,2,8.12,historical
estoc,1983,3,8.12,historical
estoc,1983,4,8.12,historical
estoc,1983,5,8.11,historical
estoc,1983,6,8.1,historical
estoc,1983,7,8.09,historical
estoc,1983,8,8.08,historical
estoc,1983,9,8.08,historical
estoc,1983,10,8.08,historical
estoc,1983,11,8.1,historical
estoc,1983,12,8.11,historical
estoc,1984,1,8.12,historical
estoc,1984,2,8.12,historical
estoc,1984,3,8.12,historical
estoc,1984,4,8.12,historical
estoc,1984,5,8.12,historical
estoc,1984,6,8.11,historical
estoc,1984,7,8.1,historical
estoc,1984,8,8.09,historical
estoc,1984,9,8.08,historical
estoc,1984,10,8.08,historical
estoc,1984,11,8.1,historical
estoc,1984,12,8.11,historical
estoc,1985,1,8.11,historical
estoc,1985,2,8.12,historical
estoc,1985,3,8.12,historical
estoc,1985,4,8.12,historical
estoc,1985,5,8.11,historical
estoc,1985,6,8.1,historical
estoc,1985,7,8.09,historical
estoc,1985,8,8.08,historical
estoc,1985,9,8.08,historical
estoc,1985,10,8.08,historical
estoc,1985,11,8.09,historical
estoc,1985,12,8.11,historical
estoc,1986,1,8.11,historical
estoc,1986,2,8.11,historical
estoc,1986,3,8.11,historical
estoc,1986,4,8.11,historical
estoc,1986,5,8.11,historical
estoc,1986,6,8.1,historical
estoc,1986,7,8.09,historical
estoc,1986,8,8.08,historical
estoc,1986,9,8.08,historical
estoc,1986,10,8.08,historical
estoc,1986,11,8.09,historical
estoc,1986,12,8.11,historical
estoc,1987,1,8.11,historical
estoc,1987,2,8.11,historical
estoc,1987,3,8.11,historical
estoc,1987,4,8.11,historical
estoc,1987,5,8.11,historical
estoc,1987,6,8.1,historical
estoc,1987,7,8.09,historical
estoc,1987,8,8.08,historical
estoc,1987,9,8.07,historical
estoc,1987,10,8.08,historical
estoc,1987,11,8.09,historical
estoc,1987,12,8.1,historical
estoc,1988,1,8.11,historical
estoc,1988,2,8.11,historical
estoc,1988,3,8.11,historical
estoc,1988,4,8.11,historical
estoc,1988,5,8.11,historical
estoc,1988,6,8.1,historical
estoc,1988,7,8.09,historical
estoc,1988,8,8.08,historical
estoc,1988,9,8.07,historical
estoc,1988,10,8.08,historical
estoc,1988,11,8.09,historical
estoc,1988,12,8.1,historical
estoc,1989,1,8.11,historical
estoc,1989,2,8.11,historical
estoc,1989,3,8.11,historical
estoc,1989,4,8.11,historical
estoc,1989,5,8.11,historical
estoc,1989,6,8.1,historical
estoc,1989,7,8.09,historical
estoc,1989,8,8.08,historical
estoc,1989,9,8.07,historical
estoc,1989,10,8.08,historical
estoc,1989,11,8.09,historical
estoc,1989,12,8.1,historical
estoc,1990,1,8.11,historical
estoc,1990,2,8.11,historical
estoc,1990,3,8.11,historical
estoc,1990,4,8.1,historical
estoc,1990,5,8.1,historical
estoc,1990,6,8.09,historical
estoc,1990,7,8.08,historical
estoc,1990,8,8.07,historical
estoc,1990,9,8.07,historical
estoc,1990,10,8.07,historical
estoc,1990,11,8.08,historical
estoc,1990,12,8.1,historical
estoc,1991,1,8.1,historical
estoc,1991,2,8.11,historical
estoc,1991,3,8.11,historical
estoc,1991,4,8.11,historical
estoc,1991,5,8.1,historical
estoc,1991,6,8.09,historical
estoc,1991,7,8.08,historical
estoc,1991,8,8.07,historical
estoc,1991,9,8.07,historical
estoc,1991,10,8.07,historical
estoc,1991,11,8.09,historical
estoc,1991,12,8.1,historical
estoc,1992,1,8.11,historical
estoc,1992,2,8.11,historical
estoc,1992,3,8.11,historical
estoc,1992,4,8.1,historical
estoc,1992,5,8.1,historical
estoc,1992,6,8.09,historical
estoc,1992,7,8.08,historical
estoc,1992,8,8.07,historical
estoc,1992,9,8.06,historical
estoc,1992,10,8.07,historical
estoc,1992,11,8.08,historical
estoc,1992,12,8.1,historical
estoc,1993,1,8.1,historical
estoc,1993,2,8.11,historical
estoc,1993,3,8.1,historical
estoc,1993,4,8.1,historical
estoc,1993,5,8.09,historical
estoc,1993,6,8.08,historical
estoc,1993,7,8.08,historical
estoc,1993,8,8.07,historical
estoc,1993,9,8.07,historical
estoc,1993,10,8.07,historical
estoc,1993,11,8.08,historical
estoc,1993,12,8.1,historical
estoc,1994,1,8.1,historical
estoc,1994,2,8.11,historical
estoc,1994,3,8.11,historical
estoc,1994,4,8.1,historical
estoc,1994,5,8.1,historical
estoc,1994,6,8.09,historical
estoc,1994,7,8.08,historical
estoc,1994,8,8.07,historical
estoc,1994,9,8.06,historical
estoc,1994,10,8.07,historical
estoc,1994,11,8.08,historical
estoc,1994,12,8.09,historical
estoc,1995,1,8.1,historical
estoc,1995,2,8.1,historical
estoc,1995,3,8.1,historical
estoc,1995,4,8.11,historical
estoc,1995,5,8.1,historical
estoc,1995,6,8.09,historical
estoc,1995,7,8.08,historical
estoc,1995,8,8.07,historical
estoc,1995,9,8.06,historical
estoc,1995,10,8.06,historical
estoc,1995,11,8.08,historical
estoc,1995,12,8.09,historical
estoc,1996,1,8.1,historical
estoc,1996,2,8.1,historical
estoc,1996,3,8.1,historical
estoc,1996,4,8.09,historical
estoc,1996,5,8.1,historical
estoc,1996,6,8.09,historical
estoc,1996,7,8.08,historical
estoc,1996,8,8.07,historical
estoc,1996,9,8.06,historical
estoc,1996,10,8.06,historical
estoc,1996,11,8.08,historical
estoc,1996,12,8.09,historical
estoc,1997,1,8.1,historical
estoc,1997,2,8.1,historical
estoc,1997,3,8.1,historical
estoc,1997,4,8.1,historical
estoc,1997,5,8.1,historical
estoc,1997,6,8.09,historical
estoc,1997,7,8.07,historical
estoc,1997,8,8.06,historical
estoc,1997,9,8.06,historical
estoc,1997,10,8.06,historical
estoc,1997,11,8.08,historical
estoc,1997,12,8.09,historical
estoc,1998,1,8.09,historical
estoc,1998,2,8.1,historical
estoc,1998,3,8.1,historical
estoc,1998,4,8.1,historical
estoc,1998,5,8.1,historical
estoc,1998,6,8.09,historical
estoc,1998,7,8.08,historical
estoc,1998,8,8.07,historical
estoc,1998,9,8.06,historical
estoc,1998,10,8.06,historical
estoc,1998,11,8.07,historical
estoc,1998,12,8.08,historical
estoc,1999,1,8.09,historical
estoc,1999,2,8.09,historical
estoc,1999,3,8.09,historical
estoc,1999,4,8.09,historical
estoc,1999,5,8.09,historical
estoc,1999,6,8.08,historical
estoc,1999,7,8.07,historical
estoc,1999,8,8.06,historical
estoc,1999,9,8.05,historical
estoc,1999,10,8.05,historical
estoc,1999,11,8.07,historical
estoc,1999,12,8.08,historical
estoc,2000,1,8.09,historical
estoc,2000,2,8.09,historical
estoc,2000,3,8.09,historical
estoc,2000,4,8.09,historical
estoc,2000,5,8.09,historical
estoc,2000,6,8.08,historical
estoc,2000,7,8.07,historical
estoc,2000,8,8.06,historical
estoc,2000,9,8.05,historical
estoc,2000,10,8.06,historical
estoc,2000,11,8.07,historical
estoc,2000,12,8.08,historical
estoc,2001,1,8.09,historical
estoc,2001,2,8.09,historical
estoc,2001,3,8.09,historical
estoc,2001,4,8.09,historical
estoc,2001,5,8.09,historical
estoc,2001,6,8.08,historical
estoc,2001,7,8.07,historical
estoc,2001,8,8.06,historical
estoc,2001,9,8.05,historical
estoc,2001,10,8.06,historical
estoc,2001,11,8.07,historical
estoc,2001,12,8.08,historical
estoc,2002,1,8.09,historical
estoc,2002,2,8.09,historical
estoc,2002,3,8.09,historical
estoc,2002,4,8.09,historical
estoc,2002,5,8.09,historical
estoc,2002,6,8.08,historical
estoc,2002,7,8.07,historical
estoc,2002,8,8.06,historical
estoc,2002,9,8.05,historical
estoc,2002,10,8.05,historical
estoc,2002,11,8.07,historical
estoc,2002,12,8.08,historical
estoc,2003,1,8.09,historical
estoc,2003,2,8.09,historical
estoc,2003,3,8.09,historical
estoc,2003,4,8.08,historical
estoc,2003,5,8.08,historical
estoc,2003,6,8.08,historical
estoc,2003,7,8.06,historical
estoc,2003,8,8.05,historical
estoc,2003,9,8.04,historical
estoc,2003,10,8.05,historical
estoc,2003,11,8.07,historical
estoc,2003,12,8.08,historical
estoc,2004,1,8.09,historical
estoc,2004,2,8.09,historical
estoc,2004,3,8.09,historical
estoc,2004,4,8.09,historical
estoc,2004,5,8.08,historical
estoc,2004,6,8.07,historical
estoc,2004,7,8.06,historical
estoc,2004,8,8.06,historical
estoc,2004,9,8.05,historical
estoc,2004,10,8.06,historical
estoc,2004,11,8.07,historical
estoc,2004,12,8.08,historical
estoc,2005,1,8.09,historical
estoc,2005,2,8.09,historical
estoc,2005,3,8.09,historical
estoc,2005,4,8.08,historical
estoc,2005,5,8.08,historical
estoc,2005,6,8.07,historical
estoc,2005,7,8.06,historical
estoc,2005,8,8.05,historical
estoc,2005,9,8.05,historical
estoc,2005,10,8.06,historical
estoc,2005,11,8.07,historical
estoc,2005,12,8.08,historical
estoc,2006,1,8.08,historical
estoc,2006,2,8.08,historical
estoc,2006,3,8.08,historical
estoc,2006,4,8.08,historical
estoc,2006,5,8.08,historical
estoc,2006,6,8.07,historical
estoc,2006,7,8.06,historical
estoc,2006,8,8.05,historical
estoc,2006,9,8.05,historical
estoc,2006,10,8.05,historical
estoc,2006,11,8.06,historical
estoc,2006,12,8.07,historical
estoc,2007,1,8.08,historical
estoc,2007,2,8.08,historical
estoc,2007,3,8.08,historical
estoc,2007,4,8.08,historical
estoc,2007,5,8.08,historical
estoc,2007,6,8.06,historical
estoc,2007,7,8.05,historical
estoc,2007,8,8.05,historical
estoc,2007,9,8.04,historical
estoc,2007,10,8.05,historical
estoc,2007,11,8.06,historical
estoc,2007,12,8.07,historical
estoc,2008,1,8.08,historical
estoc,2008,2,8.08,historical
estoc,2008,3,8.09,historical
estoc,2008,4,8.08,historical
estoc,2008,5,8.08,historical
estoc,2008,6,8.07,historical
estoc,2008,7,8.06,historical
estoc,2008,8,8.05,historical
estoc,2008,9,8.04,historical
estoc,2008,10,8.05,historical
estoc,2008,11,8.06,historical
estoc,2008,12,8.07,historical
estoc,2009,1,8.07,historical
estoc,2009,2,8.08,historical
estoc,2009,3,8.08,historical
estoc,2009,4,8.07,historical
estoc,2009,5,8.07,historical
estoc,2009,6,8.06,historical
estoc,2009,7,8.05,historical
estoc,2009,8,8.04,historical
estoc,2009,9,8.03,historical
estoc,2009,10,8.04,historical
estoc,2009,11,8.06,historical
estoc,2009,12,8.07,historical
estoc,2010,1,8.07,historical
estoc,2010,2,8.07,historical
estoc,2010,3,8.07,historical
estoc,2010,4,8.07,historical
estoc,2010,5,8.07,historical
estoc,2010,6,8.06,historical
estoc,2010,7,8.05,historical
estoc,2010,8,8.04,historical
estoc,2010,9,8.04,historical
estoc,2010,10,8.05,historical
estoc,2010,11,8.06,historical
estoc,2010,12,8.07,historical
estoc,2011,1,8.07,historical
estoc,2011,2,8.07,historical
estoc,2011,3,8.08,historical
estoc,2011,4,8.07,historical
estoc,2011,5,8.07,historical
estoc,2011,6,8.06,historical
estoc,2011,7,8.05,historical
estoc,2011,8,8.04,historical
estoc,2011,9,8.04,historical
estoc,2011,10,8.04,historical
estoc,2011,11,8.05,historical
estoc,2011,12,8.07,historical
estoc,2012,1,8.07,historical
estoc,2012,2,8.08,historical
estoc,2012,3,8.08,historical
estoc,2012,4,8.07,historical
estoc,2012,5,8.07,historical
estoc,2012,6,8.06,historical
estoc,2012,7,8.05,historical
estoc,2012,8,8.04,historical
estoc,2012,9,8.03,historical
estoc,2012,10,8.04,historical
estoc,2012,11,8.05,historical
estoc,2012,12,8.06,historical
estoc,2013,1,8.07,historical
estoc,2013,2,8.07,historical
estoc,2013,3,8.07,historical
estoc,2013,4,8.07,historical
estoc,2013,5,8.07,historical
estoc,2013,6,8.05,historical
estoc,2013,7,8.05,historical
estoc,2013,8,8.04,historical
estoc,2013,9,8.03,historical
estoc,2013,10,8.03,historical
estoc,2013,11,8.04,historical
estoc,2013,12,8.06,historical
estoc,2014,1,8.06,historical
estoc,2014,2,8.07,historical
estoc,2014,3,8.07,historical
estoc,2014,4,8.07,historical
estoc,2014,5,8.07,historical
estoc,2014,6,8.06,historical
estoc,2014,7,8.04,historical
estoc,2014,8,8.03,historical
estoc,2014,9,8.03,historical
estoc,2014,10,8.03,historical
estoc,2014,11,8.05,historical
estoc,2014,12,8.06,historical
estoc,2015,1,8.06,ssp126
estoc,2015,2,8.06,ssp126
estoc,2015,3,8.07,ssp126
estoc,2015,4,8.06,ssp126
estoc,2015,5,8.06,ssp126
estoc,2015,6,8.05,ssp126
estoc,2015,7,8.03,ssp126
estoc,2015,8,8.03,ssp126
estoc,2015,9,8.02,ssp126
estoc,2015,10,8.03,ssp126
estoc,2015,11,8.04,ssp126
estoc,2015,12,8.05,ssp126
estoc,2016,1,8.06,ssp126
estoc,2016,2,8.06,ssp126
estoc,2016,3,8.06,ssp126
estoc,2016,4,8.06,ssp126
estoc,2016,5,8.06,ssp126
estoc,2016,6,8.05,ssp126
estoc,2016,7,8.03,ssp126
estoc,2016,8,8.03,ssp126
estoc,2016,9,8.02,ssp126
estoc,2016,10,8.03,ssp126
estoc,2016,11,8.04,ssp126
estoc,2016,12,8.05,ssp126
estoc,2017,1,8.05,ssp126
estoc,2017,2,8.06,ssp126
estoc,2017,3,8.06,ssp126
estoc,2017,4,8.05,ssp126
estoc,2017,5,8.05,ssp126
estoc,2017,6,8.04,ssp126
estoc,2017,7,8.04,ssp126
estoc,2017,8,8.03,ssp126
estoc,2017,9,8.02,ssp126
estoc,2017,10,8.02,ssp126
estoc,2017,11,8.04,ssp126
estoc,2017,12,8.05,ssp126
estoc,2018,1,8.06,ssp126
estoc,2018,2,8.06,ssp126
estoc,2018,3,8.06,ssp126
estoc,2018,4,8.06,ssp126
estoc,2018,5,8.05,ssp126
estoc,2018,6,8.04,ssp126
estoc,2018,7,8.03,ssp126
estoc,2018,8,8.02,ssp126
estoc,2018,9,8.02,ssp126
estoc,2018,10,8.02,ssp126
estoc,2018,11,8.04,ssp126
estoc,2018,12,8.05,ssp126
estoc,2019,1,8.05,ssp126
estoc,2019,2,8.06,ssp126
estoc,2019,3,8.06,ssp126
estoc,2019,4,8.05,ssp126
estoc,2019,5,8.05,ssp126
estoc,2019,6,8.04,ssp126
estoc,2019,7,8.03,ssp126
estoc,2019,8,8.02,ssp126
estoc,2019,9,8.02,ssp126
estoc,2019,10,8.02,ssp126
estoc,2019,11,8.03,ssp126
estoc,2019,12,8.04,ssp126
estoc,2020,1,8.05,ssp126
estoc,2020,2,8.05,ssp126
estoc,2020,3,8.05,ssp126
estoc,2020,4,8.05,ssp126
estoc,2020,5,8.05,ssp126
estoc,2020,6,8.04,ssp126
estoc,2020,7,8.03,ssp126
estoc,2020,8,8.02,ssp126
estoc,2020,9,8.01,ssp126
estoc,2020,10,8.02,ssp126
estoc,2020,11,8.03,ssp126
estoc,2020,12,8.04,ssp126
estoc,2021,1,8.05,ssp126
estoc,2021,2,8.05,ssp126
estoc,2021,3,8.05,ssp126
estoc,2021,4,8.04,ssp126
estoc,2021,5,8.04,ssp126
estoc,2021,6,8.03,ssp126
estoc,2021,7,8.02,ssp126
estoc,2021,8,8.01,ssp126
estoc,2021,9,8.01,ssp126
estoc,2021,10,8.01,ssp126
estoc,2021,11,8.02,ssp126
estoc,2021,12,8.04,ssp126
estoc,2022,1,8.04,ssp126
estoc,2022,2,8.05,ssp126
estoc,2022,3,8.04,ssp126
estoc,2022,4,8.04,ssp126
estoc,2022,5,8.04,ssp126
estoc,2022,6,8.03,ssp126
estoc,2022,7,8.01,ssp126
estoc,2022,8,8.01,ssp126
estoc,2022,9,8.01,ssp126
estoc,2022,10,8.01,ssp126
estoc,2022,11,8.02,ssp126
estoc,2022,12,8.03,ssp126
estoc,2023,1,8.04,ssp126
estoc,2023,2,8.05,ssp126
estoc,2023,3,8.05,ssp126
estoc,2023,4,8.04,ssp126
estoc,2023,5,8.04,ssp126
estoc,2023,6,8.03,ssp126
estoc,2023,7,8.02,ssp126
estoc,2023,8,8.01,ssp126
estoc,2023,9,8,ssp126
estoc,2023,10,8.01,ssp126
estoc,2023,11,8.02,ssp126
estoc,2023,12,8.04,ssp126
estoc,2024,1,8.04,ssp126
estoc,2024,2,8.05,ssp126
estoc,2024,3,8.04,ssp126
estoc,2024,4,8.04,ssp126
estoc,2024,5,8.04,ssp126
estoc,2024,6,8.03,ssp126
estoc,2024,7,8.02,ssp126
estoc,2024,8,8.01,ssp126
estoc,2024,9,8,ssp126
estoc,2024,10,8.01,ssp126
estoc,2024,11,8.02,ssp126
estoc,2024,12,8.03,ssp126
estoc,2025,1,8.04,ssp126
estoc,2025,2,8.04,ssp126
estoc,2025,3,8.04,ssp126
estoc,2025,4,8.04,ssp126
estoc,2025,5,8.03,ssp126
estoc,2025,6,8.03,ssp126
estoc,2025,7,8.02,ssp126
estoc,2025,8,8.01,ssp126
estoc,2025,9,8,ssp126
estoc,2025,10,8.01,ssp126
estoc,2025,11,8.02,ssp126
estoc,2025,12,8.03,ssp126
estoc,2026,1,8.04,ssp126
estoc,2026,2,8.04,ssp126
estoc,2026,3,8.04,ssp126
estoc,2026,4,8.04,ssp126
estoc,2026,5,8.03,ssp126
estoc,2026,6,8.02,ssp126
estoc,2026,7,8.01,ssp126
estoc,2026,8,8,ssp126
estoc,2026,9,8,ssp126
estoc,2026,10,8.01,ssp126
estoc,2026,11,8.02,ssp126
estoc,2026,12,8.03,ssp126
estoc,2027,1,8.04,ssp126
estoc,2027,2,8.04,ssp126
estoc,2027,3,8.04,ssp126
estoc,2027,4,8.04,ssp126
estoc,2027,5,8.03,ssp126
estoc,2027,6,8.03,ssp126
estoc,2027,7,8.02,ssp126
estoc,2027,8,8,ssp126
estoc,2027,9,8,ssp126
estoc,2027,10,8.01,ssp126
estoc,2027,11,8.02,ssp126
estoc,2027,12,8.03,ssp126
estoc,2028,1,8.04,ssp126
estoc,2028,2,8.04,ssp126
estoc,2028,3,8.04,ssp126
estoc,2028,4,8.03,ssp126
estoc,2028,5,8.03,ssp126
estoc,2028,6,8.02,ssp126
estoc,2028,7,8.01,ssp126
estoc,2028,8,8,ssp126
estoc,2028,9,7.99,ssp126
estoc,2028,10,8,ssp126
estoc,2028,11,8.01,ssp126
estoc,2028,12,8.02,ssp126
estoc,2029,1,8.03,ssp126
estoc,2029,2,8.03,ssp126
estoc,2029,3,8.03,ssp126
estoc,2029,4,8.03,ssp126
estoc,2029,5,8.03,ssp126
estoc,2029,6,8.01,ssp126
estoc,2029,7,8.01,ssp126
estoc,2029,8,8,ssp126
estoc,2029,9,7.99,ssp126
estoc,2029,10,8,ssp126
estoc,2029,11,8.01,ssp126
estoc,2029,12,8.02,ssp126
estoc,2030,1,8.03,ssp126
estoc,2030,2,8.03,ssp126
estoc,2030,3,8.03,ssp126
estoc,2030,4,8.03,ssp126
estoc,2030,5,8.03,ssp126
estoc,2030,6,8.02,ssp126
estoc,2030,7,8.01,ssp126
estoc,2030,8,8,ssp126
estoc,2030,9,8,ssp126
estoc,2030,10,8,ssp126
estoc,2030,11,8.02,ssp126
estoc,2030,12,8.03,ssp126
estoc,2031,1,8.03,ssp126
estoc,2031,2,8.03,ssp126
estoc,2031,3,8.03,ssp126
estoc,2031,4,8.03,ssp126
estoc,2031,5,8.02,ssp126
estoc,2031,6,8.02,ssp126
estoc,2031,7,8.01,ssp126
estoc,2031,8,8,ssp126
estoc,2031,9,8,ssp126
estoc,2031,10,8,ssp126
estoc,2031,11,8.01,ssp126
estoc,2031,12,8.03,ssp126
estoc,2032,1,8.03,ssp126
estoc,2032,2,8.03,ssp126
estoc,2032,3,8.03,ssp126
estoc,2032,4,8.03,ssp126
estoc,2032,5,8.02,ssp126
estoc,2032,6,8.02,ssp126
estoc,2032,7,8,ssp126
estoc,2032,8,8,ssp126
estoc,2032,9,7.99,ssp126
estoc,2032,10,7.99,ssp126
estoc,2032,11,8,ssp126
estoc,2032,12,8.02,ssp126
estoc,2033,1,8.02,ssp126
estoc,2033,2,8.02,ssp126
estoc,2033,3,8.02,ssp126
estoc,2033,4,8.02,ssp126
estoc,2033,5,8.02,ssp126
estoc,2033,6,8.02,ssp126
estoc,2033,7,8,ssp126
estoc,2033,8,7.99,ssp126
estoc,2033,9,7.98,ssp126
estoc,2033,10,7.99,ssp126
estoc,2033,11,8,ssp126
estoc,2033,12,8.02,ssp126
estoc,2034,1,8.02,ssp126
estoc,2034,2,8.02,ssp126
estoc,2034,3,8.02,ssp126
estoc,2034,4,8.02,ssp126
estoc,2034,5,8.02,ssp126
estoc,2034,6,8.01,ssp126
estoc,2034,7,8,ssp126
estoc,2034,8,7.99,ssp126
estoc,2034,9,7.98,ssp126
estoc,2034,10,7.99,ssp126
estoc,2034,11,8,ssp126
estoc,2034,12,8.02,ssp126
estoc,2035,1,8.02,ssp126
estoc,2035,2,8.02,ssp126
estoc,2035,3,8.02,ssp126
estoc,2035,4,8.02,ssp126
estoc,2035,5,8.02,ssp126
estoc,2035,6,8.01,ssp126
estoc,2035,7,8,ssp126
estoc,2035,8,7.99,ssp126
estoc,2035,9,7.98,ssp126
estoc,2035,10,7.99,ssp126
estoc,2035,11,8.01,ssp126
estoc,2035,12,8.02,ssp126
estoc,2036,1,8.02,ssp126
estoc,2036,2,8.03,ssp126
estoc,2036,3,8.03,ssp126
estoc,2036,4,8.03,ssp126
estoc,2036,5,8.02,ssp126
estoc,2036,6,8.01,ssp126
estoc,2036,7,8,ssp126
estoc,2036,8,7.99,ssp126
estoc,2036,9,7.99,ssp126
estoc,2036,10,7.99,ssp126
estoc,2036,11,8,ssp126
estoc,2036,12,8.01,ssp126
estoc,2037,1,8.01,ssp126
estoc,2037,2,8.02,ssp126
estoc,2037,3,8.02,ssp126
estoc,2037,4,8.02,ssp126
estoc,2037,5,8.01,ssp126
estoc,2037,6,8,ssp126
estoc,2037,7,7.99,ssp126
estoc,2037,8,7.98,ssp126
estoc,2037,9,7.98,ssp126
estoc,2037,10,7.99,ssp126
estoc,2037,11,8,ssp126
estoc,2037,12,8.01,ssp126
estoc,2038,1,8.01,ssp126
estoc,2038,2,8.01,ssp126
estoc,2038,3,8.01,ssp126
estoc,2038,4,8.01,ssp126
estoc,2038,5,8.01,ssp126
estoc,2038,6,8,ssp126
estoc,2038,7,7.99,ssp126
estoc,2038,8,7.98,ssp126
estoc,2038,9,7.98,ssp126
estoc,2038,10,7.98,ssp126
estoc,2038,11,8,ssp126
estoc,2038,12,8.01,ssp126
estoc,2039,1,8.01,ssp126
estoc,2039,2,8.01,ssp126
estoc,2039,3,8.01,ssp126
estoc,2039,4,8.02,ssp126
estoc,2039,5,8.01,ssp126
estoc,2039,6,8,ssp126
estoc,2039,7,7.99,ssp126
estoc,2039,8,7.99,ssp126
estoc,2039,9,7.99,ssp126
estoc,2039,10,7.99,ssp126
estoc,2039,11,8,ssp126
estoc,2039,12,8.01,ssp126
estoc,2040,1,8.01,ssp126
estoc,2040,2,8.02,ssp126
estoc,2040,3,8.02,ssp126
estoc,2040,4,8.02,ssp126
estoc,2040,5,8.01,ssp126
estoc,2040,6,8.01,ssp126
estoc,2040,7,8,ssp126
estoc,2040,8,7.99,ssp126
estoc,2040,9,7.98,ssp126
estoc,2040,10,7.99,ssp126
estoc,2040,11,8,ssp126
estoc,2040,12,8.01,ssp126
estoc,2041,1,8.02,ssp126
estoc,2041,2,8.02,ssp126
estoc,2041,3,8.02,ssp126
estoc,2041,4,8.01,ssp126
estoc,2041,5,8,ssp126
estoc,2041,6,7.99,ssp126
estoc,2041,7,7.99,ssp126
estoc,2041,8,7.98,ssp126
estoc,2041,9,7.98,ssp126
estoc,2041,10,7.98,ssp126
estoc,2041,11,7.99,ssp126
estoc,2041,12,8.01,ssp126
estoc,2042,1,8.01,ssp126
estoc,2042,2,8.01,ssp126
estoc,2042,3,8.01,ssp126
estoc,2042,4,8.01,ssp126
estoc,2042,5,8,ssp126
estoc,2042,6,7.99,ssp126
estoc,2042,7,7.99,ssp126
estoc,2042,8,7.97,ssp126
estoc,2042,9,7.97,ssp126
estoc,2042,10,7.98,ssp126
estoc,2042,11,7.99,ssp126
estoc,2042,12,8,ssp126
estoc,2043,1,8.01,ssp126
estoc,2043,2,8.01,ssp126
estoc,2043,3,8.01,ssp126
estoc,2043,4,8.01,ssp126
estoc,2043,5,8.01,ssp126
estoc,2043,6,8,ssp126
estoc,2043,7,7.99,ssp126
estoc,2043,8,7.99,ssp126
estoc,2043,9,7.98,ssp126
estoc,2043,10,7.98,ssp126
estoc,2043,11,7.99,ssp126
estoc,2043,12,8,ssp126
estoc,2044,1,8.01,ssp126
estoc,2044,2,8.01,ssp126
estoc,2044,3,8.01,ssp126
estoc,2044,4,8.01,ssp126
estoc,2044,5,8.01,ssp126
estoc,2044,6,8,ssp126
estoc,2044,7,7.99,ssp126
estoc,2044,8,7.98,ssp126
estoc,2044,9,7.97,ssp126
estoc,2044,10,7.98,ssp126
estoc,2044,11,7.99,ssp126
estoc,2044,12,8,ssp126
estoc,2045,1,8.01,ssp126
estoc,2045,2,8.01,ssp126
estoc,2045,3,8.01,ssp126
estoc,2045,4,8,ssp126
estoc,2045,5,8,ssp126
estoc,2045,6,8,ssp126
estoc,2045,7,7.99,ssp126
estoc,2045,8,7.98,ssp126
estoc,2045,9,7.97,ssp126
estoc,2045,10,7.97,ssp126
estoc,2045,11,7.99,ssp126
estoc,2045,12,8,ssp126
estoc,2046,1,8,ssp126
estoc,2046,2,8,ssp126
estoc,2046,3,8,ssp126
estoc,2046,4,8,ssp126
estoc,2046,5,8,ssp126
estoc,2046,6,8,ssp126
estoc,2046,7,7.99,ssp126
estoc,2046,8,7.98,ssp126
estoc,2046,9,7.97,ssp126
estoc,2046,10,7.98,ssp126
estoc,2046,11,7.99,ssp126
estoc,2046,12,8,ssp126
estoc,2047,1,8.01,ssp126
estoc,2047,2,8.01,ssp126
estoc,2047,3,8.01,ssp126
estoc,2047,4,8.01,ssp126
estoc,2047,5,8,ssp126
estoc,2047,6,8,ssp126
estoc,2047,7,7.98,ssp126
estoc,2047,8,7.97,ssp126
estoc,2047,9,7.97,ssp126
estoc,2047,10,7.97,ssp126
estoc,2047,11,7.99,ssp126
estoc,2047,12,8,ssp126
estoc,2048,1,8.01,ssp126
estoc,2048,2,8.01,ssp126
estoc,2048,3,8.01,ssp126
estoc,2048,4,8.01,ssp126
estoc,2048,5,8.01,ssp126
estoc,2048,6,8,ssp126
estoc,2048,7,7.99,ssp126
estoc,2048,8,7.98,ssp126
estoc,2048,9,7.97,ssp126
estoc,2048,10,7.97,ssp126
estoc,2048,11,7.99,ssp126
estoc,2048,12,8,ssp126
estoc,2049,1,8,ssp126
estoc,2049,2,8,ssp126
estoc,2049,3,8,ssp126
estoc,2049,4,8,ssp126
estoc,2049,5,7.99,ssp126
estoc,2049,6,7.99,ssp126
estoc,2049,7,7.98,ssp126
estoc,2049,8,7.97,ssp126
estoc,2049,9,7.97,ssp126
estoc,2049,10,7.97,ssp126
estoc,2049,11,7.99,ssp126
estoc,2049,12,8,ssp126
estoc,2050,1,8,ssp126
estoc,2050,2,8,ssp126
estoc,2050,3,8.01,ssp126
estoc,2050,4,8,ssp126
estoc,2050,5,8,ssp126
estoc,2050,6,7.99,ssp126
estoc,2050,7,7.98,ssp126
estoc,2050,8,7.97,ssp126
estoc,2050,9,7.97,ssp126
estoc,2050,10,7.97,ssp126
estoc,2050,11,7.98,ssp126
estoc,2050,12,8,ssp126
estoc,2051,1,8,ssp126
estoc,2051,2,8.01,ssp126
estoc,2051,3,8.01,ssp126
estoc,2051,4,8,ssp126
estoc,2051,5,8,ssp126
estoc,2051,6,7.99,ssp126
estoc,2051,7,7.98,ssp126
estoc,2051,8,7.97,ssp126
estoc,2051,9,7.96,ssp126
estoc,2051,10,7.97,ssp126
estoc,2051,11,7.98,ssp126
estoc,2051,12,8,ssp126
estoc,2052,1,8,ssp126
estoc,2052,2,8,ssp126
estoc,2052,3,8,ssp126
estoc,2052,4,7.99,ssp126
estoc,2052,5,7.99,ssp126
estoc,2052,6,7.99,ssp126
estoc,2052,7,7.98,ssp126
estoc,2052,8,7.97,ssp126
estoc,2052,9,7.97,ssp126
estoc,2052,10,7.97,ssp126
estoc,2052,11,7.98,ssp126
estoc,2052,12,8,ssp126
estoc,2053,1,8,ssp126
estoc,2053,2,8,ssp126
estoc,2053,3,8.01,ssp126
estoc,2053,4,8,ssp126
estoc,2053,5,8,ssp126
estoc,2053,6,7.99,ssp126
estoc,2053,7,7.98,ssp126
estoc,2053,8,7.97,ssp126
estoc,2053,9,7.97,ssp126
estoc,2053,10,7.97,ssp126
estoc,2053,11,7.98,ssp126
estoc,2053,12,8,ssp126
estoc,2054,1,8.01,ssp126
estoc,2054,2,8,ssp126
estoc,2054,3,8.01,ssp126
estoc,2054,4,8.01,ssp126
estoc,2054,5,8,ssp126
estoc,2054,6,7.99,ssp126
estoc,2054,7,7.98,ssp126
estoc,2054,8,7.98,ssp126
estoc,2054,9,7.97,ssp126
estoc,2054,10,7.97,ssp126
estoc,2054,11,7.98,ssp126
estoc,2054,12,7.99,ssp126
estoc,2055,1,8,ssp126
estoc,2055,2,8,ssp126
estoc,2055,3,8,ssp126
estoc,2055,4,8,ssp126
estoc,2055,5,8,ssp126
estoc,2055,6,7.99,ssp126
estoc,2055,7,7.97,ssp126
estoc,2055,8,7.96,ssp126
estoc,2055,9,7.96,ssp126
estoc,2055,10,7.96,ssp126
estoc,2055,11,7.98,ssp126
estoc,2055,12,8,ssp126
estoc,2056,1,8,ssp126
estoc,2056,2,8,ssp126
estoc,2056,3,8,ssp126
estoc,2056,4,8,ssp126
estoc,2056,5,7.99,ssp126
estoc,2056,6,7.99,ssp126
estoc,2056,7,7.97,ssp126
estoc,2056,8,7.97,ssp126
estoc,2056,9,7.96,ssp126
estoc,2056,10,7.97,ssp126
estoc,2056,11,7.98,ssp126
estoc,2056,12,8,ssp126
estoc,2057,1,8,ssp126
estoc,2057,2,8,ssp126
estoc,2057,3,8,ssp126
estoc,2057,4,8,ssp126
estoc,2057,5,7.99,ssp126
estoc,2057,6,7.99,ssp126
estoc,2057,7,7.98,ssp126
estoc,2057,8,7.97,ssp126
estoc,2057,9,7.96,ssp126
estoc,2057,10,7.97,ssp126
estoc,2057,11,7.98,ssp126
estoc,2057,12,7.99,ssp126
estoc,2058,1,8,ssp126
estoc,2058,2,8.01,ssp126
estoc,2058,3,8,ssp126
estoc,2058,4,8,ssp126
estoc,2058,5,7.99,ssp126
estoc,2058,6,7.99,ssp126
estoc,2058,7,7.98,ssp126
estoc,2058,8,7.97,ssp126
estoc,2058,9,7.97,ssp126
estoc,2058,10,7.97,ssp126
estoc,2058,11,7.99,ssp126
estoc,2058,12,8,ssp126
estoc,2059,1,8,ssp126
estoc,2059,2,8,ssp126
estoc,2059,3,8,ssp126
estoc,2059,4,8,ssp126
estoc,2059,5,8,ssp126
estoc,2059,6,8,ssp126
estoc,2059,7,7.98,ssp126
estoc,2059,8,7.97,ssp126
estoc,2059,9,7.97,ssp126
estoc,2059,10,7.97,ssp126
estoc,2059,11,7.98,ssp126
estoc,2059,12,7.99,ssp126
estoc,2060,1,8,ssp126
estoc,2060,2,8,ssp126
estoc,2060,3,8,ssp126
estoc,2060,4,7.99,ssp126
estoc,2060,5,7.99,ssp126
estoc,2060,6,7.98,ssp126
estoc,2060,7,7.97,ssp126
estoc,2060,8,7.97,ssp126
estoc,2060,9,7.96,ssp126
estoc,2060,10,7.96,ssp126
estoc,2060,11,7.98,ssp126
estoc,2060,12,7.99,ssp126
estoc,2061,1,8,ssp126
estoc,2061,2,8,ssp126
estoc,2061,3,8,ssp126
estoc,2061,4,8,ssp126
estoc,2061,5,7.99,ssp126
estoc,2061,6,7.98,ssp126
estoc,2061,7,7.97,ssp126
estoc,2061,8,7.97,ssp126
estoc,2061,9,7.96,ssp126
estoc,2061,10,7.97,ssp126
estoc,2061,11,7.98,ssp126
estoc,2061,12,7.99,ssp126
estoc,2062,1,8,ssp126
estoc,2062,2,8,ssp126
estoc,2062,3,8,ssp126
estoc,2062,4,7.99,ssp126
estoc,2062,5,7.99,ssp126
estoc,2062,6,7.98,ssp126
estoc,2062,7,7.97,ssp126
estoc,2062,8,7.97,ssp126
estoc,2062,9,7.97,ssp126
estoc,2062,10,7.97,ssp126
estoc,2062,11,7.98,ssp126
estoc,2062,12,7.99,ssp126
estoc,2063,1,8,ssp126
estoc,2063,2,8,ssp126
estoc,2063,3,8,ssp126
estoc,2063,4,8,ssp126
estoc,2063,5,7.99,ssp126
estoc,2063,6,7.99,ssp126
estoc,2063,7,7.98,ssp126
estoc,2063,8,7.97,ssp126
estoc,2063,9,7.96,ssp126
estoc,2063,10,7.97,ssp126
estoc,2063,11,7.98,ssp126
estoc,2063,12,7.99,ssp126
estoc,2064,1,8,ssp126
estoc,2064,2,8,ssp126
estoc,2064,3,8,ssp126
estoc,2064,4,8,ssp126
estoc,2064,5,7.99,ssp126
estoc,2064,6,7.99,ssp126
estoc,2064,7,7.98,ssp126
estoc,2064,8,7.97,ssp126
estoc,2064,9,7.96,ssp126
estoc,2064,10,7.97,ssp126
estoc,2064,11,7.98,ssp126
estoc,2064,12,7.99,ssp126
estoc,2065,1,8,ssp126
estoc,2065,2,8,ssp126
estoc,2065,3,8,ssp126
estoc,2065,4,7.99,ssp126
estoc,2065,5,7.99,ssp126
estoc,2065,6,7.98,ssp126
estoc,2065,7,7.97,ssp126
estoc,2065,8,7.96,ssp126
estoc,2065,9,7.96,ssp126
estoc,2065,10,7.96,ssp126
estoc,2065,11,7.98,ssp126
estoc,2065,12,7.99,ssp126
estoc,2066,1,7.99,ssp126
estoc,2066,2,7.99,ssp126
estoc,2066,3,7.99,ssp126
estoc,2066,4,7.99,ssp126
estoc,2066,5,7.99,ssp126
estoc,2066,6,7.98,ssp126
estoc,2066,7,7.97,ssp126
estoc,2066,8,7.96,ssp126
estoc,2066,9,7.96,ssp126
estoc,2066,10,7.97,ssp126
estoc,2066,11,7.98,ssp126
estoc,2066,12,7.99,ssp126
estoc,2067,1,7.99,ssp126
estoc,2067,2,8,ssp126
estoc,2067,3,8,ssp126
estoc,2067,4,8,ssp126
estoc,2067,5,7.99,ssp126
estoc,2067,6,7.98,ssp126
estoc,2067,7,7.97,ssp126
estoc,2067,8,7.96,ssp126
estoc,2067,9,7.96,ssp126
estoc,2067,10,7.97,ssp126
estoc,2067,11,7.98,ssp126
estoc,2067,12,8,ssp126
estoc,2068,1,8,ssp126
estoc,2068,2,8,ssp126
estoc,2068,3,8,ssp126
estoc,2068,4,8,ssp126
estoc,2068,5,8,ssp126
estoc,2068,6,7.99,ssp126
estoc,2068,7,7.97,ssp126
estoc,2068,8,7.96,ssp126
estoc,2068,9,7.96,ssp126
estoc,2068,10,7.96,ssp126
estoc,2068,11,7.98,ssp126
estoc,2068,12,7.99,ssp126
estoc,2069,1,7.99,ssp126
estoc,2069,2,7.99,ssp126
estoc,2069,3,8,ssp126
estoc,2069,4,7.99,ssp126
estoc,2069,5,7.99,ssp126
estoc,2069,6,7.98,ssp126
estoc,2069,7,7.97,ssp126
estoc,2069,8,7.96,ssp126
estoc,2069,9,7.96,ssp126
estoc,2069,10,7.96,ssp126
estoc,2069,11,7.98,ssp126
estoc,2069,12,7.99,ssp126
estoc,2070,1,7.99,ssp126
estoc,2070,2,7.99,ssp126
estoc,2070,3,8,ssp126
estoc,2070,4,7.99,ssp126
estoc,2070,5,7.99,ssp126
estoc,2070,6,7.99,ssp126
estoc,2070,7,7.97,ssp126
estoc,2070,8,7.97,ssp126
estoc,2070,9,7.96,ssp126
estoc,2070,10,7.96,ssp126
estoc,2070,11,7.98,ssp126
estoc,2070,12,7.99,ssp126
estoc,2071,1,7.99,ssp126
estoc,2071,2,8,ssp126
estoc,2071,3,8,ssp126
estoc,2071,4,7.99,ssp126
estoc,2071,5,7.99,ssp126
estoc,2071,6,7.98,ssp126
estoc,2071,7,7.98,ssp126
estoc,2071,8,7.97,ssp126
estoc,2071,9,7.96,ssp126
estoc,2071,10,7.97,ssp126
estoc,2071,11,7.98,ssp126
estoc,2071,12,8,ssp126
estoc,2072,1,8,ssp126
estoc,2072,2,8,ssp126
estoc,2072,3,8,ssp126
estoc,2072,4,8,ssp126
estoc,2072,5,8,ssp126
estoc,2072,6,7.99,ssp126
estoc,2072,7,7.97,ssp126
estoc,2072,8,7.96,ssp126
estoc,2072,9,7.96,ssp126
estoc,2072,10,7.97,ssp126
estoc,2072,11,7.98,ssp126
estoc,2072,12,8,ssp126
estoc,2073,1,8,ssp126
estoc,2073,2,8,ssp126
estoc,2073,3,8,ssp126
estoc,2073,4,7.99,ssp126
estoc,2073,5,7.99,ssp126
estoc,2073,6,7.98,ssp126
estoc,2073,7,7.97,ssp126
estoc,2073,8,7.96,ssp126
estoc,2073,9,7.96,ssp126
estoc,2073,10,7.97,ssp126
estoc,2073,11,7.98,ssp126
estoc,2073,12,7.99,ssp126
estoc,2074,1,8,ssp126
estoc,2074,2,8,ssp126
estoc,2074,3,8,ssp126
estoc,2074,4,8,ssp126
estoc,2074,5,8,ssp126
estoc,2074,6,7.99,ssp126
estoc,2074,7,7.97,ssp126
estoc,2074,8,7.97,ssp126
estoc,2074,9,7.96,ssp126
estoc,2074,10,7.97,ssp126
estoc,2074,11,7.98,ssp126
estoc,2074,12,7.99,ssp126
estoc,2075,1,7.99,ssp126
estoc,2075,2,8,ssp126
estoc,2075,3,8,ssp126
estoc,2075,4,7.99,ssp126
estoc,2075,5,7.99,ssp126
estoc,2075,6,7.99,ssp126
estoc,2075,7,7.98,ssp126
estoc,2075,8,7.97,ssp126
estoc,2075,9,7.97,ssp126
estoc,2075,10,7.97,ssp126
estoc,2075,11,7.98,ssp126
estoc,2075,12,7.99,ssp126
estoc,2076,1,8,ssp126
estoc,2076,2,8,ssp126
estoc,2076,3,8,ssp126
estoc,2076,4,8,ssp126
estoc,2076,5,8,ssp126
estoc,2076,6,7.99,ssp126
estoc,2076,7,7.98,ssp126
estoc,2076,8,7.96,ssp126
estoc,2076,9,7.96,ssp126
estoc,2076,10,7.97,ssp126
estoc,2076,11,7.98,ssp126
estoc,2076,12,7.99,ssp126
estoc,2077,1,8,ssp126
estoc,2077,2,8,ssp126
estoc,2077,3,8,ssp126
estoc,2077,4,7.99,ssp126
estoc,2077,5,7.99,ssp126
estoc,2077,6,7.98,ssp126
estoc,2077,7,7.97,ssp126
estoc,2077,8,7.97,ssp126
estoc,2077,9,7.97,ssp126
estoc,2077,10,7.97,ssp126
estoc,2077,11,7.98,ssp126
estoc,2077,12,8,ssp126
estoc,2078,1,8,ssp126
estoc,2078,2,8,ssp126
estoc,2078,3,8,ssp126
estoc,2078,4,7.99,ssp126
estoc,2078,5,7.99,ssp126
estoc,2078,6,7.98,ssp126
estoc,2078,7,7.97,ssp126
estoc,2078,8,7.97,ssp126
estoc,2078,9,7.96,ssp126
estoc,2078,10,7.97,ssp126
estoc,2078,11,7.98,ssp126
estoc,2078,12,7.99,ssp126
estoc,2079,1,8,ssp126
estoc,2079,2,8,ssp126
estoc,2079,3,8,ssp126
estoc,2079,4,8,ssp126
estoc,2079,5,7.99,ssp126
estoc,2079,6,7.99,ssp126
estoc,2079,7,7.98,ssp126
estoc,2079,8,7.97,ssp126
estoc,2079,9,7.96,ssp126
estoc,2079,10,7.97,ssp126
estoc,2079,11,7.99,ssp126
estoc,2079,12,8,ssp126
estoc,2080,1,8,ssp126
estoc,2080,2,8,ssp126
estoc,2080,3,8,ssp126
estoc,2080,4,8,ssp126
estoc,2080,5,8,ssp126
estoc,2080,6,7.99,ssp126
estoc,2080,7,7.98,ssp126
estoc,2080,8,7.97,ssp126
estoc,2080,9,7.97,ssp126
estoc,2080,10,7.97,ssp126
estoc,2080,11,7.98,ssp126
estoc,2080,12,7.99,ssp126
estoc,2081,1,8,ssp126
estoc,2081,2,8,ssp126
estoc,2081,3,8,ssp126
estoc,2081,4,8,ssp126
estoc,2081,5,7.99,ssp126
estoc,2081,6,7.98,ssp126
estoc,2081,7,7.97,ssp126
estoc,2081,8,7.97,ssp126
estoc,2081,9,7.97,ssp126
estoc,2081,10,7.97,ssp126
estoc,2081,11,7.99,ssp126
estoc,2081,12,8,ssp126
estoc,2082,1,8,ssp126
estoc,2082,2,8,ssp126
estoc,2082,3,8.01,ssp126
estoc,2082,4,8,ssp126
estoc,2082,5,7.99,ssp126
estoc,2082,6,7.99,ssp126
estoc,2082,7,7.98,ssp126
estoc,2082,8,7.97,ssp126
estoc,2082,9,7.97,ssp126
estoc,2082,10,7.97,ssp126
estoc,2082,11,7.99,ssp126
estoc,2082,12,8,ssp126
estoc,2083,1,8,ssp126
estoc,2083,2,8.01,ssp126
estoc,2083,3,8.01,ssp126
estoc,2083,4,8,ssp126
estoc,2083,5,7.99,ssp126
estoc,2083,6,7.99,ssp126
estoc,2083,7,7.98,ssp126
estoc,2083,8,7.97,ssp126
estoc,2083,9,7.97,ssp126
estoc,2083,10,7.97,ssp126
estoc,2083,11,7.98,ssp126
estoc,2083,12,7.99,ssp126
estoc,2084,1,8,ssp126
estoc,2084,2,8,ssp126
estoc,2084,3,8,ssp126
estoc,2084,4,8,ssp126
estoc,2084,5,7.99,ssp126
estoc,2084,6,7.99,ssp126
estoc,2084,7,7.98,ssp126
estoc,2084,8,7.97,ssp126
estoc,2084,9,7.97,ssp126
estoc,2084,10,7.97,ssp126
estoc,2084,11,7.99,ssp126
estoc,2084,12,8,ssp126
estoc,2085,1,8,ssp126
estoc,2085,2,8,ssp126
estoc,2085,3,8,ssp126
estoc,2085,4,8,ssp126
estoc,2085,5,8,ssp126
estoc,2085,6,7.99,ssp126
estoc,2085,7,7.98,ssp126
estoc,2085,8,7.97,ssp126
estoc,2085,9,7.97,ssp126
estoc,2085,10,7.97,ssp126
estoc,2085,11,7.99,ssp126
estoc,2085,12,8,ssp126
estoc,2086,1,8,ssp126
estoc,2086,2,8.01,ssp126
estoc,2086,3,8.01,ssp126
estoc,2086,4,8,ssp126
estoc,2086,5,8,ssp126
estoc,2086,6,7.99,ssp126
estoc,2086,7,7.98,ssp126
estoc,2086,8,7.98,ssp126
estoc,2086,9,7.97,ssp126
estoc,2086,10,7.98,ssp126
estoc,2086,11,7.99,ssp126
estoc,2086,12,8,ssp126
estoc,2087,1,8.01,ssp126
estoc,2087,2,8,ssp126
estoc,2087,3,8,ssp126
estoc,2087,4,8,ssp126
estoc,2087,5,8,ssp126
estoc,2087,6,8,ssp126
estoc,2087,7,7.99,ssp126
estoc,2087,8,7.98,ssp126
estoc,2087,9,7.98,ssp126
estoc,2087,10,7.98,ssp126
estoc,2087,11,8,ssp126
estoc,2087,12,8,ssp126
estoc,2088,1,8.01,ssp126
estoc,2088,2,8.01,ssp126
estoc,2088,3,8.01,ssp126
estoc,2088,4,8.01,ssp126
estoc,2088,5,8,ssp126
estoc,2088,6,8,ssp126
estoc,2088,7,7.99,ssp126
estoc,2088,8,7.98,ssp126
estoc,2088,9,7.98,ssp126
estoc,2088,10,7.98,ssp126
estoc,2088,11,7.99,ssp126
estoc,2088,12,8,ssp126
estoc,2089,1,8.01,ssp126
estoc,2089,2,8.01,ssp126
estoc,2089,3,8.01,ssp126
estoc,2089,4,8.01,ssp126
estoc,2089,5,8,ssp126
estoc,2089,6,7.99,ssp126
estoc,2089,7,7.98,ssp126
estoc,2089,8,7.98,ssp126
estoc,2089,9,7.98,ssp126
estoc,2089,10,7.98,ssp126
estoc,2089,11,7.99,ssp126
estoc,2089,12,8.01,ssp126
estoc,2090,1,8.01,ssp126
estoc,2090,2,8.01,ssp126
estoc,2090,3,8.02,ssp126
estoc,2090,4,8.01,ssp126
estoc,2090,5,8.01,ssp126
estoc,2090,6,8,ssp126
estoc,2090,7,7.98,ssp126
estoc,2090,8,7.97,ssp126
estoc,2090,9,7.96,ssp126
estoc,2090,10,7.97,ssp126
estoc,2090,11,7.99,ssp126
estoc,2090,12,8,ssp126
estoc,2091,1,8.01,ssp126
estoc,2091,2,8.01,ssp126
estoc,2091,3,8.01,ssp126
estoc,2091,4,8,ssp126
estoc,2091,5,8,ssp126
estoc,2091,6,7.99,ssp126
estoc,2091,7,7.99,ssp126
estoc,2091,8,7.98,ssp126
estoc,2091,9,7.97,ssp126
estoc,2091,10,7.98,ssp126
estoc,2091,11,7.99,ssp126
estoc,2091,12,8,ssp126
estoc,2092,1,8,ssp126
estoc,2092,2,8.01,ssp126
estoc,2092,3,8.01,ssp126
estoc,2092,4,8,ssp126
estoc,2092,5,8,ssp126
estoc,2092,6,7.99,ssp126
estoc,2092,7,7.99,ssp126
estoc,2092,8,7.98,ssp126
estoc,2092,9,7.97,ssp126
estoc,2092,10,7.97,ssp126
estoc,2092,11,7.99,ssp126
estoc,2092,12,8,ssp126
estoc,2093,1,8.01,ssp126
estoc,2093,2,8.01,ssp126
estoc,2093,3,8.01,ssp126
estoc,2093,4,8.01,ssp126
estoc,2093,5,8,ssp126
estoc,2093,6,7.99,ssp126
estoc,2093,7,7.98,ssp126
estoc,2093,8,7.98,ssp126
estoc,2093,9,7.97,ssp126
estoc,2093,10,7.98,ssp126
estoc,2093,11,8,ssp126
estoc,2093,12,8.01,ssp126
estoc,2094,1,8.01,ssp126
estoc,2094,2,8.01,ssp126
estoc,2094,3,8.02,ssp126
estoc,2094,4,8.01,ssp126
estoc,2094,5,8.01,ssp126
estoc,2094,6,8,ssp126
estoc,2094,7,8,ssp126
estoc,2094,8,7.99,ssp126
estoc,2094,9,7.98,ssp126
estoc,2094,10,7.98,ssp126
estoc,2094,11,8,ssp126
estoc,2094,12,8.01,ssp126
estoc,2095,1,8.01,ssp126
estoc,2095,2,8.01,ssp126
estoc,2095,3,8.02,ssp126
estoc,2095,4,8.01,ssp126
estoc,2095,5,8.01,ssp126
estoc,2095,6,8,ssp126
estoc,2095,7,7.99,ssp126
estoc,2095,8,7.98,ssp126
estoc,2095,9,7.97,ssp126
estoc,2095,10,7.98,ssp126
estoc,2095,11,7.99,ssp126
estoc,2095,12,8.01,ssp126
estoc,2096,1,8.02,ssp126
estoc,2096,2,8.01,ssp126
estoc,2096,3,8.02,ssp126
estoc,2096,4,8.02,ssp126
estoc,2096,5,8.01,ssp126
estoc,2096,6,8.01,ssp126
estoc,2096,7,8,ssp126
estoc,2096,8,7.98,ssp126
estoc,2096,9,7.98,ssp126
estoc,2096,10,7.98,ssp126
estoc,2096,11,7.99,ssp126
estoc,2096,12,8.01,ssp126
estoc,2097,1,8.01,ssp126
estoc,2097,2,8.01,ssp126
estoc,2097,3,8.01,ssp126
estoc,2097,4,8.02,ssp126
estoc,2097,5,8.01,ssp126
estoc,2097,6,8,ssp126
estoc,2097,7,7.99,ssp126
estoc,2097,8,7.99,ssp126
estoc,2097,9,7.98,ssp126
estoc,2097,10,7.98,ssp126
estoc,2097,11,7.99,ssp126
estoc,2097,12,8.01,ssp126
estoc,2098,1,8.02,ssp126
estoc,2098,2,8.02,ssp126
estoc,2098,3,8.02,ssp126
estoc,2098,4,8.02,ssp126
estoc,2098,5,8.01,ssp126
estoc,2098,6,8.01,ssp126
estoc,2098,7,7.99,ssp126
estoc,2098,8,7.99,ssp126
estoc,2098,9,7.99,ssp126
estoc,2098,10,7.99,ssp126
estoc,2098,11,8,ssp126
estoc,2098,12,8.01,ssp126
estoc,2099,1,8.02,ssp126
estoc,2099,2,8.02,ssp126
estoc,2099,3,8.01,ssp126
estoc,2099,4,8.01,ssp126
estoc,2099,5,8.01,ssp126
estoc,2099,6,8,ssp126
estoc,2099,7,8,ssp126
estoc,2099,8,7.99,ssp126
estoc,2099,9,7.99,ssp126
estoc,2099,10,7.99,ssp126
estoc,2099,11,8,ssp126
estoc,2099,12,8.01,ssp126
estoc,2100,1,8.01,ssp126
estoc,2100,2,8.01,ssp126
estoc,2100,3,8.02,ssp126
estoc,2100,4,8.01,ssp126
estoc,2100,5,8.01,ssp126
estoc,2100,6,8.01,ssp126
estoc,2100,7,8,ssp126
estoc,2100,8,7.99,ssp126
estoc,2100,9,7.99,ssp126
estoc,2100,10,7.99,ssp126
estoc,2100,11,8,ssp126
estoc,2100,12,8.01,ssp126
estoc,2015,1,8.06,ssp245
estoc,2015,2,8.06,ssp245
estoc,2015,3,8.07,ssp245
estoc,2015,4,8.07,ssp245
estoc,2015,5,8.06,ssp245
estoc,2015,6,8.05,ssp245
estoc,2015,7,8.04,ssp245
estoc,2015,8,8.03,ssp245
estoc,2015,9,8.02,ssp245
estoc,2015,10,8.03,ssp245
estoc,2015,11,8.04,ssp245
estoc,2015,12,8.05,ssp245
estoc,2016,1,8.06,ssp245
estoc,2016,2,8.06,ssp245
estoc,2016,3,8.06,ssp245
estoc,2016,4,8.06,ssp245
estoc,2016,5,8.05,ssp245
estoc,2016,6,8.04,ssp245
estoc,2016,7,8.03,ssp245
estoc,2016,8,8.02,ssp245
estoc,2016,9,8.02,ssp245
estoc,2016,10,8.02,ssp245
estoc,2016,11,8.03,ssp245
estoc,2016,12,8.05,ssp245
estoc,2017,1,8.06,ssp245
estoc,2017,2,8.06,ssp245
estoc,2017,3,8.06,ssp245
estoc,2017,4,8.05,ssp245
estoc,2017,5,8.05,ssp245
estoc,2017,6,8.04,ssp245
estoc,2017,7,8.03,ssp245
estoc,2017,8,8.02,ssp245
estoc,2017,9,8.02,ssp245
estoc,2017,10,8.03,ssp245
estoc,2017,11,8.04,ssp245
estoc,2017,12,8.05,ssp245
estoc,2018,1,8.06,ssp245
estoc,2018,2,8.06,ssp245
estoc,2018,3,8.06,ssp245
estoc,2018,4,8.06,ssp245
estoc,2018,5,8.06,ssp245
estoc,2018,6,8.05,ssp245
estoc,2018,7,8.03,ssp245
estoc,2018,8,8.02,ssp245
estoc,2018,9,8.02,ssp245
estoc,2018,10,8.02,ssp245
estoc,2018,11,8.04,ssp245
estoc,2018,12,8.05,ssp245
estoc,2019,1,8.06,ssp245
estoc,2019,2,8.06,ssp245
estoc,2019,3,8.06,ssp245
estoc,2019,4,8.05,ssp245
estoc,2019,5,8.05,ssp245
estoc,2019,6,8.04,ssp245
estoc,2019,7,8.02,ssp245
estoc,2019,8,8.02,ssp245
estoc,2019,9,8.02,ssp245
estoc,2019,10,8.02,ssp245
estoc,2019,11,8.03,ssp245
estoc,2019,12,8.05,ssp245
estoc,2020,1,8.06,ssp245
estoc,2020,2,8.06,ssp245
estoc,2020,3,8.06,ssp245
estoc,2020,4,8.05,ssp245
estoc,2020,5,8.05,ssp245
estoc,2020,6,8.04,ssp245
estoc,2020,7,8.03,ssp245
estoc,2020,8,8.02,ssp245
estoc,2020,9,8.01,ssp245
estoc,2020,10,8.02,ssp245
estoc,2020,11,8.03,ssp245
estoc,2020,12,8.04,ssp245
estoc,2021,1,8.05,ssp245
estoc,2021,2,8.05,ssp245
estoc,2021,3,8.05,ssp245
estoc,2021,4,8.05,ssp245
estoc,2021,5,8.04,ssp245
estoc,2021,6,8.03,ssp245
estoc,2021,7,8.02,ssp245
estoc,2021,8,8.01,ssp245
estoc,2021,9,8.01,ssp245
estoc,2021,10,8.01,ssp245
estoc,2021,11,8.02,ssp245
estoc,2021,12,8.04,ssp245
estoc,2022,1,8.04,ssp245
estoc,2022,2,8.05,ssp245
estoc,2022,3,8.05,ssp245
estoc,2022,4,8.05,ssp245
estoc,2022,5,8.05,ssp245
estoc,2022,6,8.03,ssp245
estoc,2022,7,8.02,ssp245
estoc,2022,8,8.01,ssp245
estoc,2022,9,8.01,ssp245
estoc,2022,10,8.01,ssp245
estoc,2022,11,8.03,ssp245
estoc,2022,12,8.04,ssp245
estoc,2023,1,8.05,ssp245
estoc,2023,2,8.05,ssp245
estoc,2023,3,8.05,ssp245
estoc,2023,4,8.05,ssp245
estoc,2023,5,8.04,ssp245
estoc,2023,6,8.03,ssp245
estoc,2023,7,8.03,ssp245
estoc,2023,8,8.02,ssp245
estoc,2023,9,8.01,ssp245
estoc,2023,10,8.01,ssp245
estoc,2023,11,8.02,ssp245
estoc,2023,12,8.04,ssp245
estoc,2024,1,8.04,ssp245
estoc,2024,2,8.05,ssp245
estoc,2024,3,8.05,ssp245
estoc,2024,4,8.04,ssp245
estoc,2024,5,8.04,ssp245
estoc,2024,6,8.03,ssp245
estoc,2024,7,8.02,ssp245
estoc,2024,8,8.01,ssp245
estoc,2024,9,8,ssp245
estoc,2024,10,8.01,ssp245
estoc,2024,11,8.02,ssp245
estoc,2024,12,8.03,ssp245
estoc,2025,1,8.04,ssp245
estoc,2025,2,8.05,ssp245
estoc,2025,3,8.04,ssp245
estoc,2025,4,8.04,ssp245
estoc,2025,5,8.03,ssp245
estoc,2025,6,8.02,ssp245
estoc,2025,7,8.01,ssp245
estoc,2025,8,8,ssp245
estoc,2025,9,8,ssp245
estoc,2025,10,8.01,ssp245
estoc,2025,11,8.02,ssp245
estoc,2025,12,8.04,ssp245
estoc,2026,1,8.04,ssp245
estoc,2026,2,8.04,ssp245
estoc,2026,3,8.04,ssp245
estoc,2026,4,8.04,ssp245
estoc,2026,5,8.03,ssp245
estoc,2026,6,8.02,ssp245
estoc,2026,7,8.01,ssp245
estoc,2026,8,8,ssp245
estoc,2026,9,8,ssp245
estoc,2026,10,8,ssp245
estoc,2026,11,8.01,ssp245
estoc,2026,12,8.03,ssp245
estoc,2027,1,8.04,ssp245
estoc,2027,2,8.05,ssp245
estoc,2027,3,8.04,ssp245
estoc,2027,4,8.04,ssp245
estoc,2027,5,8.03,ssp245
estoc,2027,6,8.02,ssp245
estoc,2027,7,8.01,ssp245
estoc,2027,8,8,ssp245
estoc,2027,9,7.99,ssp245
estoc,2027,10,8,ssp245
estoc,2027,11,8.01,ssp245
estoc,2027,12,8.03,ssp245
estoc,2028,1,8.04,ssp245
estoc,2028,2,8.04,ssp245
estoc,2028,3,8.04,ssp245
estoc,2028,4,8.04,ssp245
estoc,2028,5,8.03,ssp245
estoc,2028,6,8.01,ssp245
estoc,2028,7,8.01,ssp245
estoc,2028,8,8,ssp245
estoc,2028,9,8,ssp245
estoc,2028,10,8,ssp245
estoc,2028,11,8.01,ssp245
estoc,2028,12,8.03,ssp245
estoc,2029,1,8.03,ssp245
estoc,2029,2,8.03,ssp245
estoc,2029,3,8.04,ssp245
estoc,2029,4,8.03,ssp245
estoc,2029,5,8.02,ssp245
estoc,2029,6,8.01,ssp245
estoc,2029,7,8.01,ssp245
estoc,2029,8,8,ssp245
estoc,2029,9,7.99,ssp245
estoc,2029,10,8,ssp245
estoc,2029,11,8.01,ssp245
estoc,2029,12,8.02,ssp245
estoc,2030,1,8.03,ssp245
estoc,2030,2,8.03,ssp245
estoc,2030,3,8.03,ssp245
estoc,2030,4,8.03,ssp245
estoc,2030,5,8.02,ssp245
estoc,2030,6,8.02,ssp245
estoc,2030,7,8.01,ssp245
estoc,2030,8,8,ssp245
estoc,2030,9,8,ssp245
estoc,2030,10,8,ssp245
estoc,2030,11,8.01,ssp245
estoc,2030,12,8.02,ssp245
estoc,2031,1,8.03,ssp245
estoc,2031,2,8.03,ssp245
estoc,2031,3,8.03,ssp245
estoc,2031,4,8.03,ssp245
estoc,2031,5,8.02,ssp245
estoc,2031,6,8.02,ssp245
estoc,2031,7,8,ssp245
estoc,2031,8,7.99,ssp245
estoc,2031,9,7.99,ssp245
estoc,2031,10,7.99,ssp245
estoc,2031,11,8,ssp245
estoc,2031,12,8.01,ssp245
estoc,2032,1,8.02,ssp245
estoc,2032,2,8.03,ssp245
estoc,2032,3,8.03,ssp245
estoc,2032,4,8.02,ssp245
estoc,2032,5,8.02,ssp245
estoc,2032,6,8.01,ssp245
estoc,2032,7,8,ssp245
estoc,2032,8,7.99,ssp245
estoc,2032,9,7.98,ssp245
estoc,2032,10,7.99,ssp245
estoc,2032,11,8,ssp245
estoc,2032,12,8.02,ssp245
estoc,2033,1,8.02,ssp245
estoc,2033,2,8.03,ssp245
estoc,2033,3,8.02,ssp245
estoc,2033,4,8.02,ssp245
estoc,2033,5,8.02,ssp245
estoc,2033,6,8.01,ssp245
estoc,2033,7,7.99,ssp245
estoc,2033,8,7.99,ssp245
estoc,2033,9,7.98,ssp245
estoc,2033,10,7.99,ssp245
estoc,2033,11,8,ssp245
estoc,2033,12,8.01,ssp245
estoc,2034,1,8.02,ssp245
estoc,2034,2,8.02,ssp245
estoc,2034,3,8.02,ssp245
estoc,2034,4,8.02,ssp245
estoc,2034,5,8.01,ssp245
estoc,2034,6,8.01,ssp245
estoc,2034,7,7.99,ssp245
estoc,2034,8,7.98,ssp245
estoc,2034,9,7.98,ssp245
estoc,2034,10,7.98,ssp245
estoc,2034,11,8,ssp245
estoc,2034,12,8.01,ssp245
estoc,2035,1,8.02,ssp245
estoc,2035,2,8.02,ssp245
estoc,2035,3,8.02,ssp245
estoc,2035,4,8.02,ssp245
estoc,2035,5,8.01,ssp245
estoc,2035,6,8,ssp245
estoc,2035,7,7.99,ssp245
estoc,2035,8,7.99,ssp245
estoc,2035,9,7.98,ssp245
estoc,2035,10,7.98,ssp245
estoc,2035,11,8,ssp245
estoc,2035,12,8.01,ssp245
estoc,2036,1,8.01,ssp245
estoc,2036,2,8.01,ssp245
estoc,2036,3,8.01,ssp245
estoc,2036,4,8.02,ssp245
estoc,2036,5,8.01,ssp245
estoc,2036,6,8,ssp245
estoc,2036,7,7.99,ssp245
estoc,2036,8,7.98,ssp245
estoc,2036,9,7.98,ssp245
estoc,2036,10,7.98,ssp245
estoc,2036,11,7.99,ssp245
estoc,2036,12,8.01,ssp245
estoc,2037,1,8.01,ssp245
estoc,2037,2,8.01,ssp245
estoc,2037,3,8.01,ssp245
estoc,2037,4,8.01,ssp245
estoc,2037,5,8.01,ssp245
estoc,2037,6,8,ssp245
estoc,2037,7,7.99,ssp245
estoc,2037,8,7.97,ssp245
estoc,2037,9,7.97,ssp245
estoc,2037,10,7.98,ssp245
estoc,2037,11,7.99,ssp245
estoc,2037,12,8,ssp245
estoc,2038,1,8,ssp245
estoc,2038,2,8,ssp245
estoc,2038,3,8,ssp245
estoc,2038,4,8,ssp245
estoc,2038,5,8,ssp245
estoc,2038,6,7.99,ssp245
estoc,2038,7,7.98,ssp245
estoc,2038,8,7.97,ssp245
estoc,2038,9,7.96,ssp245
estoc,2038,10,7.97,ssp245
estoc,2038,11,7.98,ssp245
estoc,2038,12,7.99,ssp245
estoc,2039,1,8,ssp245
estoc,2039,2,8.01,ssp245
estoc,2039,3,8.01,ssp245
estoc,2039,4,8,ssp245
estoc,2039,5,8,ssp245
estoc,2039,6,7.99,ssp245
estoc,2039,7,7.98,ssp245
estoc,2039,8,7.97,ssp245
estoc,2039,9,7.97,ssp245
estoc,2039,10,7.97,ssp245
estoc,2039,11,7.99,ssp245
estoc,2039,12,8,ssp245
estoc,2040,1,8,ssp245
estoc,2040,2,8,ssp245
estoc,2040,3,8.01,ssp245
estoc,2040,4,8,ssp245
estoc,2040,5,8,ssp245
estoc,2040,6,7.99,ssp245
estoc,2040,7,7.98,ssp245
estoc,2040,8,7.97,ssp245
estoc,2040,9,7.97,ssp245
estoc,2040,10,7.97,ssp245
estoc,2040,11,7.98,ssp245
estoc,2040,12,7.99,ssp245
estoc,2041,1,8,ssp245
estoc,2041,2,8,ssp245
estoc,2041,3,8,ssp245
estoc,2041,4,8,ssp245
estoc,2041,5,7.99,ssp245
estoc,2041,6,7.99,ssp245
estoc,2041,7,7.98,ssp245
estoc,2041,8,7.98,ssp245
estoc,2041,9,7.97,ssp245
estoc,2041,10,7.98,ssp245
estoc,2041,11,7.98,ssp245
estoc,2041,12,7.99,ssp245
estoc,2042,1,7.99,ssp245
estoc,2042,2,8,ssp245
estoc,2042,3,8,ssp245
estoc,2042,4,8,ssp245
estoc,2042,5,7.99,ssp245
estoc,2042,6,7.99,ssp245
estoc,2042,7,7.97,ssp245
estoc,2042,8,7.96,ssp245
estoc,2042,9,7.96,ssp245
estoc,2042,10,7.96,ssp245
estoc,2042,11,7.98,ssp245
estoc,2042,12,7.99,ssp245
estoc,2043,1,8,ssp245
estoc,2043,2,8,ssp245
estoc,2043,3,8,ssp245
estoc,2043,4,7.99,ssp245
estoc,2043,5,7.99,ssp245
estoc,2043,6,7.98,ssp245
estoc,2043,7,7.97,ssp245
estoc,2043,8,7.97,ssp245
estoc,2043,9,7.97,ssp245
estoc,2043,10,7.97,ssp245
estoc,2043,11,7.98,ssp245
estoc,2043,12,7.99,ssp245
estoc,2044,1,8,ssp245
estoc,2044,2,8,ssp245
estoc,2044,3,8,ssp245
estoc,2044,4,7.99,ssp245
estoc,2044,5,7.99,ssp245
estoc,2044,6,7.98,ssp245
estoc,2044,7,7.97,ssp245
estoc,2044,8,7.96,ssp245
estoc,2044,9,7.96,ssp245
estoc,2044,10,7.96,ssp245
estoc,2044,11,7.97,ssp245
estoc,2044,12,7.99,ssp245
estoc,2045,1,7.99,ssp245
estoc,2045,2,7.99,ssp245
estoc,2045,3,8,ssp245
estoc,2045,4,8,ssp245
estoc,2045,5,7.99,ssp245
estoc,2045,6,7.98,ssp245
estoc,2045,7,7.97,ssp245
estoc,2045,8,7.96,ssp245
estoc,2045,9,7.95,ssp245
estoc,2045,10,7.96,ssp245
estoc,2045,11,7.97,ssp245
estoc,2045,12,7.98,ssp245
estoc,2046,1,7.99,ssp245
estoc,2046,2,7.99,ssp245
estoc,2046,3,8,ssp245
estoc,2046,4,7.99,ssp245
estoc,2046,5,7.98,ssp245
estoc,2046,6,7.97,ssp245
estoc,2046,7,7.97,ssp245
estoc,2046,8,7.96,ssp245
estoc,2046,9,7.95,ssp245
estoc,2046,10,7.95,ssp245
estoc,2046,11,7.96,ssp245
estoc,2046,12,7.98,ssp245
estoc,2047,1,7.98,ssp245
estoc,2047,2,7.98,ssp245
estoc,2047,3,7.99,ssp245
estoc,2047,4,7.98,ssp245
estoc,2047,5,7.98,ssp245
estoc,2047,6,7.97,ssp245
estoc,2047,7,7.96,ssp245
estoc,2047,8,7.95,ssp245
estoc,2047,9,7.95,ssp245
estoc,2047,10,7.95,ssp245
estoc,2047,11,7.97,ssp245
estoc,2047,12,7.98,ssp245
estoc,2048,1,7.98,ssp245
estoc,2048,2,7.98,ssp245
estoc,2048,3,7.98,ssp245
estoc,2048,4,7.98,ssp245
estoc,2048,5,7.97,ssp245
estoc,2048,6,7.97,ssp245
estoc,2048,7,7.96,ssp245
estoc,2048,8,7.95,ssp245
estoc,2048,9,7.94,ssp245
estoc,2048,10,7.95,ssp245
estoc,2048,11,7.96,ssp245
estoc,2048,12,7.97,ssp245
estoc,2049,1,7.98,ssp245
estoc,2049,2,7.98,ssp245
estoc,2049,3,7.98,ssp245
estoc,2049,4,7.98,ssp245
estoc,2049,5,7.98,ssp245
estoc,2049,6,7.97,ssp245
estoc,2049,7,7.95,ssp245
estoc,2049,8,7.95,ssp245
estoc,2049,9,7.94,ssp245
estoc,2049,10,7.95,ssp245
estoc,2049,11,7.96,ssp245
estoc,2049,12,7.97,ssp245
estoc,2050,1,7.98,ssp245
estoc,2050,2,7.98,ssp245
estoc,2050,3,7.98,ssp245
estoc,2050,4,7.98,ssp245
estoc,2050,5,7.97,ssp245
estoc,2050,6,7.96,ssp245
estoc,2050,7,7.95,ssp245
estoc,2050,8,7.94,ssp245
estoc,2050,9,7.94,ssp245
estoc,2050,10,7.95,ssp245
estoc,2050,11,7.96,ssp245
estoc,2050,12,7.97,ssp245
estoc,2051,1,7.97,ssp245
estoc,2051,2,7.98,ssp245
estoc,2051,3,7.97,ssp245
estoc,2051,4,7.97,ssp245
estoc,2051,5,7.97,ssp245
estoc,2051,6,7.96,ssp245
estoc,2051,7,7.95,ssp245
estoc,2051,8,7.94,ssp245
estoc,2051,9,7.94,ssp245
estoc,2051,10,7.95,ssp245
estoc,2051,11,7.96,ssp245
estoc,2051,12,7.97,ssp245
estoc,2052,1,7.98,ssp245
estoc,2052,2,7.98,ssp245
estoc,2052,3,7.98,ssp245
estoc,2052,4,7.97,ssp245
estoc,2052,5,7.97,ssp245
estoc,2052,6,7.96,ssp245
estoc,2052,7,7.95,ssp245
estoc,2052,8,7.94,ssp245
estoc,2052,9,7.94,ssp245
estoc,2052,10,7.95,ssp245
estoc,2052,11,7.95,ssp245
estoc,2052,12,7.96,ssp245
estoc,2053,1,7.97,ssp245
estoc,2053,2,7.97,ssp245
estoc,2053,3,7.97,ssp245
estoc,2053,4,7.97,ssp245
estoc,2053,5,7.96,ssp245
estoc,2053,6,7.96,ssp245
estoc,2053,7,7.95,ssp245
estoc,2053,8,7.94,ssp245
estoc,2053,9,7.94,ssp245
estoc,2053,10,7.94,ssp245
estoc,2053,11,7.95,ssp245
estoc,2053,12,7.96,ssp245
estoc,2054,1,7.96,ssp245
estoc,2054,2,7.97,ssp245
estoc,2054,3,7.96,ssp245
estoc,2054,4,7.96,ssp245
estoc,2054,5,7.96,ssp245
estoc,2054,6,7.95,ssp245
estoc,2054,7,7.94,ssp245
estoc,2054,8,7.94,ssp245
estoc,2054,9,7.93,ssp245
estoc,2054,10,7.94,ssp245
estoc,2054,11,7.95,ssp245
estoc,2054,12,7.96,ssp245
estoc,2055,1,7.97,ssp245
estoc,2055,2,7.97,ssp245
estoc,2055,3,7.97,ssp245
estoc,2055,4,7.96,ssp245
estoc,2055,5,7.96,ssp245
estoc,2055,6,7.95,ssp245
estoc,2055,7,7.94,ssp245
estoc,2055,8,7.94,ssp245
estoc,2055,9,7.94,ssp245
estoc,2055,10,7.94,ssp245
estoc,2055,11,7.95,ssp245
estoc,2055,12,7.96,ssp245
estoc,2056,1,7.96,ssp245
estoc,2056,2,7.97,ssp245
estoc,2056,3,7.96,ssp245
estoc,2056,4,7.97,ssp245
estoc,2056,5,7.96,ssp245
estoc,2056,6,7.95,ssp245
estoc,2056,7,7.94,ssp245
estoc,2056,8,7.94,ssp245
estoc,2056,9,7.93,ssp245
estoc,2056,10,7.94,ssp245
estoc,2056,11,7.95,ssp245
estoc,2056,12,7.96,ssp245
estoc,2057,1,7.97,ssp245
estoc,2057,2,7.97,ssp245
estoc,2057,3,7.97,ssp245
estoc,2057,4,7.96,ssp245
estoc,2057,5,7.96,ssp245
estoc,2057,6,7.95,ssp245
estoc,2057,7,7.94,ssp245
estoc,2057,8,7.93,ssp245
estoc,2057,9,7.93,ssp245
estoc,2057,10,7.94,ssp245
estoc,2057,11,7.95,ssp245
estoc,2057,12,7.96,ssp245
estoc,2058,1,7.96,ssp245
estoc,2058,2,7.97,ssp245
estoc,2058,3,7.97,ssp245
estoc,2058,4,7.96,ssp245
estoc,2058,5,7.96,ssp245
estoc,2058,6,7.95,ssp245
estoc,2058,7,7.94,ssp245
estoc,2058,8,7.93,ssp245
estoc,2058,9,7.93,ssp245
estoc,2058,10,7.93,ssp245
estoc,2058,11,7.94,ssp245
estoc,2058,12,7.95,ssp245
estoc,2059,1,7.96,ssp245
estoc,2059,2,7.95,ssp245
estoc,2059,3,7.95,ssp245
estoc,2059,4,7.95,ssp245
estoc,2059,5,7.95,ssp245
estoc,2059,6,7.94,ssp245
estoc,2059,7,7.93,ssp245
estoc,2059,8,7.92,ssp245
estoc,2059,9,7.92,ssp245
estoc,2059,10,7.92,ssp245
estoc,2059,11,7.93,ssp245
estoc,2059,12,7.95,ssp245
estoc,2060,1,7.95,ssp245
estoc,2060,2,7.95,ssp245
estoc,2060,3,7.96,ssp245
estoc,2060,4,7.95,ssp245
estoc,2060,5,7.95,ssp245
estoc,2060,6,7.94,ssp245
estoc,2060,7,7.93,ssp245
estoc,2060,8,7.92,ssp245
estoc,2060,9,7.92,ssp245
estoc,2060,10,7.93,ssp245
estoc,2060,11,7.94,ssp245
estoc,2060,12,7.95,ssp245
estoc,2061,1,7.95,ssp245
estoc,2061,2,7.96,ssp245
estoc,2061,3,7.95,ssp245
estoc,2061,4,7.95,ssp245
estoc,2061,5,7.95,ssp245
estoc,2061,6,7.94,ssp245
estoc,2061,7,7.93,ssp245
estoc,2061,8,7.93,ssp245
estoc,2061,9,7.92,ssp245
estoc,2061,10,7.93,ssp245
estoc,2061,11,7.94,ssp245
estoc,2061,12,7.95,ssp245
estoc,2062,1,7.95,ssp245
estoc,2062,2,7.96,ssp245
estoc,2062,3,7.96,ssp245
estoc,2062,4,7.95,ssp245
estoc,2062,5,7.95,ssp245
estoc,2062,6,7.94,ssp245
estoc,2062,7,7.93,ssp245
estoc,2062,8,7.92,ssp245
estoc,2062,9,7.92,ssp245
estoc,2062,10,7.92,ssp245
estoc,2062,11,7.93,ssp245
estoc,2062,12,7.95,ssp245
estoc,2063,1,7.95,ssp245
estoc,2063,2,7.95,ssp245
estoc,2063,3,7.95,ssp245
estoc,2063,4,7.95,ssp245
estoc,2063,5,7.94,ssp245
estoc,2063,6,7.94,ssp245
estoc,2063,7,7.93,ssp245
estoc,2063,8,7.92,ssp245
estoc,2063,9,7.92,ssp245
estoc,2063,10,7.92,ssp245
estoc,2063,11,7.93,ssp245
estoc,2063,12,7.94,ssp245
estoc,2064,1,7.95,ssp245
estoc,2064,2,7.95,ssp245
estoc,2064,3,7.95,ssp245
estoc,2064,4,7.94,ssp245
estoc,2064,5,7.94,ssp245
estoc,2064,6,7.93,ssp245
estoc,2064,7,7.93,ssp245
estoc,2064,8,7.92,ssp245
estoc,2064,9,7.92,ssp245
estoc,2064,10,7.92,ssp245
estoc,2064,11,7.93,ssp245
estoc,2064,12,7.94,ssp245
estoc,2065,1,7.94,ssp245
estoc,2065,2,7.95,ssp245
estoc,2065,3,7.95,ssp245
estoc,2065,4,7.95,ssp245
estoc,2065,5,7.94,ssp245
estoc,2065,6,7.93,ssp245
estoc,2065,7,7.92,ssp245
estoc,2065,8,7.92,ssp245
estoc,2065,9,7.92,ssp245
estoc,2065,10,7.92,ssp245
estoc,2065,11,7.93,ssp245
estoc,2065,12,7.94,ssp245
estoc,2066,1,7.95,ssp245
estoc,2066,2,7.94,ssp245
estoc,2066,3,7.95,ssp245
estoc,2066,4,7.94,ssp245
estoc,2066,5,7.94,ssp245
estoc,2066,6,7.93,ssp245
estoc,2066,7,7.92,ssp245
estoc,2066,8,7.92,ssp245
estoc,2066,9,7.91,ssp245
estoc,2066,10,7.92,ssp245
estoc,2066,11,7.93,ssp245
estoc,2066,12,7.94,ssp245
estoc,2067,1,7.94,ssp245
estoc,2067,2,7.94,ssp245
estoc,2067,3,7.94,ssp245
estoc,2067,4,7.94,ssp245
estoc,2067,5,7.94,ssp245
estoc,2067,6,7.93,ssp245
estoc,2067,7,7.92,ssp245
estoc,2067,8,7.92,ssp245
estoc,2067,9,7.91,ssp245
estoc,2067,10,7.92,ssp245
estoc,2067,11,7.92,ssp245
estoc,2067,12,7.93,ssp245
estoc,2068,1,7.94,ssp245
estoc,2068,2,7.94,ssp245
estoc,2068,3,7.94,ssp245
estoc,2068,4,7.94,ssp245
estoc,2068,5,7.93,ssp245
estoc,2068,6,7.93,ssp245
estoc,2068,7,7.92,ssp245
estoc,2068,8,7.91,ssp245
estoc,2068,9,7.91,ssp245
estoc,2068,10,7.92,ssp245
estoc,2068,11,7.93,ssp245
estoc,2068,12,7.94,ssp245
estoc,2069,1,7.94,ssp245
estoc,2069,2,7.94,ssp245
estoc,2069,3,7.94,ssp245
estoc,2069,4,7.94,ssp245
estoc,2069,5,7.94,ssp245
estoc,2069,6,7.93,ssp245
estoc,2069,7,7.92,ssp245
estoc,2069,8,7.91,ssp245
estoc,2069,9,7.91,ssp245
estoc,2069,10,7.91,ssp245
estoc,2069,11,7.93,ssp245
estoc,2069,12,7.94,ssp245
estoc,2070,1,7.94,ssp245
estoc,2070,2,7.94,ssp245
estoc,2070,3,7.94,ssp245
estoc,2070,4,7.94,ssp245
estoc,2070,5,7.94,ssp245
estoc,2070,6,7.94,ssp245
estoc,2070,7,7.92,ssp245
estoc,2070,8,7.92,ssp245
estoc,2070,9,7.91,ssp245
estoc,2070,10,7.91,ssp245
estoc,2070,11,7.92,ssp245
estoc,2070,12,7.93,ssp245
estoc,2071,1,7.93,ssp245
estoc,2071,2,7.93,ssp245
estoc,2071,3,7.93,ssp245
estoc,2071,4,7.93,ssp245
estoc,2071,5,7.93,ssp245
estoc,2071,6,7.92,ssp245
estoc,2071,7,7.91,ssp245
estoc,2071,8,7.91,ssp245
estoc,2071,9,7.91,ssp245
estoc,2071,10,7.91,ssp245
estoc,2071,11,7.91,ssp245
estoc,2071,12,7.93,ssp245
estoc,2072,1,7.92,ssp245
estoc,2072,2,7.93,ssp245
estoc,2072,3,7.93,ssp245
estoc,2072,4,7.93,ssp245
estoc,2072,5,7.93,ssp245
estoc,2072,6,7.92,ssp245
estoc,2072,7,7.91,ssp245
estoc,2072,8,7.9,ssp245
estoc,2072,9,7.9,ssp245
estoc,2072,10,7.9,ssp245
estoc,2072,11,7.91,ssp245
estoc,2072,12,7.92,ssp245
estoc,2073,1,7.93,ssp245
estoc,2073,2,7.93,ssp245
estoc,2073,3,7.93,ssp245
estoc,2073,4,7.93,ssp245
estoc,2073,5,7.92,ssp245
estoc,2073,6,7.91,ssp245
estoc,2073,7,7.91,ssp245
estoc,2073,8,7.9,ssp245
estoc,2073,9,7.9,ssp245
estoc,2073,10,7.9,ssp245
estoc,2073,11,7.91,ssp245
estoc,2073,12,7.93,ssp245
estoc,2074,1,7.93,ssp245
estoc,2074,2,7.93,ssp245
estoc,2074,3,7.93,ssp245
estoc,2074,4,7.93,ssp245
estoc,2074,5,7.93,ssp245
estoc,2074,6,7.92,ssp245
estoc,2074,7,7.91,ssp245
estoc,2074,8,7.9,ssp245
estoc,2074,9,7.9,ssp245
estoc,2074,10,7.9,ssp245
estoc,2074,11,7.91,ssp245
estoc,2074,12,7.93,ssp245
estoc,2075,1,7.93,ssp245
estoc,2075,2,7.93,ssp245
estoc,2075,3,7.93,ssp245
estoc,2075,4,7.93,ssp245
estoc,2075,5,7.93,ssp245
estoc,2075,6,7.92,ssp245
estoc,2075,7,7.91,ssp245
estoc,2075,8,7.91,ssp245
estoc,2075,9,7.9,ssp245
estoc,2075,10,7.9,ssp245
estoc,2075,11,7.91,ssp245
estoc,2075,12,7.92,ssp245
estoc,2076,1,7.93,ssp245
estoc,2076,2,7.93,ssp245
estoc,2076,3,7.93,ssp245
estoc,2076,4,7.92,ssp245
estoc,2076,5,7.92,ssp245
estoc,2076,6,7.91,ssp245
estoc,2076,7,7.9,ssp245
estoc,2076,8,7.9,ssp245
estoc,2076,9,7.89,ssp245
estoc,2076,10,7.9,ssp245
estoc,2076,11,7.91,ssp245
estoc,2076,12,7.92,ssp245
estoc,2077,1,7.93,ssp245
estoc,2077,2,7.93,ssp245
estoc,2077,3,7.93,ssp245
estoc,2077,4,7.93,ssp245
estoc,2077,5,7.92,ssp245
estoc,2077,6,7.91,ssp245
estoc,2077,7,7.91,ssp245
estoc,2077,8,7.9,ssp245
estoc,2077,9,7.9,ssp245
estoc,2077,10,7.9,ssp245
estoc,2077,11,7.91,ssp245
estoc,2077,12,7.92,ssp245
estoc,2078,1,7.92,ssp245
estoc,2078,2,7.92,ssp245
estoc,2078,3,7.93,ssp245
estoc,2078,4,7.92,ssp245
estoc,2078,5,7.92,ssp245
estoc,2078,6,7.91,ssp245
estoc,2078,7,7.9,ssp245
estoc,2078,8,7.9,ssp245
estoc,2078,9,7.89,ssp245
estoc,2078,10,7.9,ssp245
estoc,2078,11,7.91,ssp245
estoc,2078,12,7.92,ssp245
estoc,2079,1,7.92,ssp245
estoc,2079,2,7.92,ssp245
estoc,2079,3,7.93,ssp245
estoc,2079,4,7.93,ssp245
estoc,2079,5,7.92,ssp245
estoc,2079,6,7.91,ssp245
estoc,2079,7,7.9,ssp245
estoc,2079,8,7.9,ssp245
estoc,2079,9,7.89,ssp245
estoc,2079,10,7.89,ssp245
estoc,2079,11,7.91,ssp245
estoc,2079,12,7.92,ssp245
estoc,2080,1,7.92,ssp245
estoc,2080,2,7.92,ssp245
estoc,2080,3,7.92,ssp245
estoc,2080,4,7.91,ssp245
estoc,2080,5,7.91,ssp245
estoc,2080,6,7.91,ssp245
estoc,2080,7,7.9,ssp245
estoc,2080,8,7.9,ssp245
estoc,2080,9,7.89,ssp245
estoc,2080,10,7.9,ssp245
estoc,2080,11,7.91,ssp245
estoc,2080,12,7.91,ssp245
estoc,2081,1,7.92,ssp245
estoc,2081,2,7.92,ssp245
estoc,2081,3,7.92,ssp245
estoc,2081,4,7.92,ssp245
estoc,2081,5,7.91,ssp245
estoc,2081,6,7.91,ssp245
estoc,2081,7,7.9,ssp245
estoc,2081,8,7.89,ssp245
estoc,2081,9,7.89,ssp245
estoc,2081,10,7.89,ssp245
estoc,2081,11,7.91,ssp245
estoc,2081,12,7.92,ssp245
estoc,2082,1,7.92,ssp245
estoc,2082,2,7.92,ssp245
estoc,2082,3,7.92,ssp245
estoc,2082,4,7.91,ssp245
estoc,2082,5,7.91,ssp245
estoc,2082,6,7.91,ssp245
estoc,2082,7,7.9,ssp245
estoc,2082,8,7.89,ssp245
estoc,2082,9,7.89,ssp245
estoc,2082,10,7.89,ssp245
estoc,2082,11,7.91,ssp245
estoc,2082,12,7.92,ssp245
estoc,2083,1,7.92,ssp245
estoc,2083,2,7.92,ssp245
estoc,2083,3,7.92,ssp245
estoc,2083,4,7.91,ssp245
estoc,2083,5,7.91,ssp245
estoc,2083,6,7.9,ssp245
estoc,2083,7,7.89,ssp245
estoc,2083,8,7.88,ssp245
estoc,2083,9,7.88,ssp245
estoc,2083,10,7.89,ssp245
estoc,2083,11,7.9,ssp245
estoc,2083,12,7.91,ssp245
estoc,2084,1,7.92,ssp245
estoc,2084,2,7.92,ssp245
estoc,2084,3,7.92,ssp245
estoc,2084,4,7.92,ssp245
estoc,2084,5,7.92,ssp245
estoc,2084,6,7.91,ssp245
estoc,2084,7,7.9,ssp245
estoc,2084,8,7.89,ssp245
estoc,2084,9,7.89,ssp245
estoc,2084,10,7.89,ssp245
estoc,2084,11,7.9,ssp245
estoc,2084,12,7.91,ssp245
estoc,2085,1,7.92,ssp245
estoc,2085,2,7.91,ssp245
estoc,2085,3,7.91,ssp245
estoc,2085,4,7.91,ssp245
estoc,2085,5,7.91,ssp245
estoc,2085,6,7.9,ssp245
estoc,2085,7,7.89,ssp245
estoc,2085,8,7.88,ssp245
estoc,2085,9,7.88,ssp245
estoc,2085,10,7.88,ssp245
estoc,2085,11,7.9,ssp245
estoc,2085,12,7.91,ssp245
estoc,2086,1,7.92,ssp245
estoc,2086,2,7.92,ssp245
estoc,2086,3,7.92,ssp245
estoc,2086,4,7.91,ssp245
estoc,2086,5,7.91,ssp245
estoc,2086,6,7.9,ssp245
estoc,2086,7,7.89,ssp245
estoc,2086,8,7.89,ssp245
estoc,2086,9,7.88,ssp245
estoc,2086,10,7.89,ssp245
estoc,2086,11,7.9,ssp245
estoc,2086,12,7.92,ssp245
estoc,2087,1,7.92,ssp245
estoc,2087,2,7.92,ssp245
estoc,2087,3,7.92,ssp245
estoc,2087,4,7.91,ssp245
estoc,2087,5,7.91,ssp245
estoc,2087,6,7.9,ssp245
estoc,2087,7,7.9,ssp245
estoc,2087,8,7.9,ssp245
estoc,2087,9,7.89,ssp245
estoc,2087,10,7.9,ssp245
estoc,2087,11,7.91,ssp245
estoc,2087,12,7.92,ssp245
estoc,2088,1,7.92,ssp245
estoc,2088,2,7.91,ssp245
estoc,2088,3,7.92,ssp245
estoc,2088,4,7.92,ssp245
estoc,2088,5,7.91,ssp245
estoc,2088,6,7.9,ssp245
estoc,2088,7,7.89,ssp245
estoc,2088,8,7.89,ssp245
estoc,2088,9,7.88,ssp245
estoc,2088,10,7.88,ssp245
estoc,2088,11,7.9,ssp245
estoc,2088,12,7.91,ssp245
estoc,2089,1,7.9,ssp245
estoc,2089,2,7.91,ssp245
estoc,2089,3,7.91,ssp245
estoc,2089,4,7.9,ssp245
estoc,2089,5,7.9,ssp245
estoc,2089,6,7.9,ssp245
estoc,2089,7,7.89,ssp245
estoc,2089,8,7.88,ssp245
estoc,2089,9,7.88,ssp245
estoc,2089,10,7.88,ssp245
estoc,2089,11,7.9,ssp245
estoc,2089,12,7.91,ssp245
estoc,2090,1,7.91,ssp245
estoc,2090,2,7.91,ssp245
estoc,2090,3,7.91,ssp245
estoc,2090,4,7.91,ssp245
estoc,2090,5,7.9,ssp245
estoc,2090,6,7.9,ssp245
estoc,2090,7,7.89,ssp245
estoc,2090,8,7.89,ssp245
estoc,2090,9,7.88,ssp245
estoc,2090,10,7.89,ssp245
estoc,2090,11,7.9,ssp245
estoc,2090,12,7.91,ssp245
estoc,2091,1,7.91,ssp245
estoc,2091,2,7.91,ssp245
estoc,2091,3,7.91,ssp245
estoc,2091,4,7.91,ssp245
estoc,2091,5,7.91,ssp245
estoc,2091,6,7.9,ssp245
estoc,2091,7,7.89,ssp245
estoc,2091,8,7.89,ssp245
estoc,2091,9,7.89,ssp245
estoc,2091,10,7.89,ssp245
estoc,2091,11,7.9,ssp245
estoc,2091,12,7.91,ssp245
estoc,2092,1,7.91,ssp245
estoc,2092,2,7.92,ssp245
estoc,2092,3,7.91,ssp245
estoc,2092,4,7.91,ssp245
estoc,2092,5,7.9,ssp245
estoc,2092,6,7.89,ssp245
estoc,2092,7,7.89,ssp245
estoc,2092,8,7.89,ssp245
estoc,2092,9,7.88,ssp245
estoc,2092,10,7.88,ssp245
estoc,2092,11,7.9,ssp245
estoc,2092,12,7.91,ssp245
estoc,2093,1,7.91,ssp245
estoc,2093,2,7.91,ssp245
estoc,2093,3,7.91,ssp245
estoc,2093,4,7.91,ssp245
estoc,2093,5,7.9,ssp245
estoc,2093,6,7.89,ssp245
estoc,2093,7,7.89,ssp245
estoc,2093,8,7.89,ssp245
estoc,2093,9,7.88,ssp245
estoc,2093,10,7.89,ssp245
estoc,2093,11,7.9,ssp245
estoc,2093,12,7.91,ssp245
estoc,2094,1,7.92,ssp245
estoc,2094,2,7.91,ssp245
estoc,2094,3,7.91,ssp245
estoc,2094,4,7.91,ssp245
estoc,2094,5,7.91,ssp245
estoc,2094,6,7.9,ssp245
estoc,2094,7,7.89,ssp245
estoc,2094,8,7.89,ssp245
estoc,2094,9,7.88,ssp245
estoc,2094,10,7.89,ssp245
estoc,2094,11,7.9,ssp245
estoc,2094,12,7.91,ssp245
estoc,2095,1,7.91,ssp245
estoc,2095,2,7.91,ssp245
estoc,2095,3,7.91,ssp245
estoc,2095,4,7.91,ssp245
estoc,2095,5,7.9,ssp245
estoc,2095,6,7.9,ssp245
estoc,2095,7,7.89,ssp245
estoc,2095,8,7.89,ssp245
estoc,2095,9,7.89,ssp245
estoc,2095,10,7.89,ssp245
estoc,2095,11,7.9,ssp245
estoc,2095,12,7.91,ssp245
estoc,2096,1,7.91,ssp245
estoc,2096,2,7.91,ssp245
estoc,2096,3,7.91,ssp245
estoc,2096,4,7.91,ssp245
estoc,2096,5,7.91,ssp245
estoc,2096,6,7.9,ssp245
estoc,2096,7,7.89,ssp245
estoc,2096,8,7.89,ssp245
estoc,2096,9,7.88,ssp245
estoc,2096,10,7.89,ssp245
estoc,2096,11,7.9,ssp245
estoc,2096,12,7.91,ssp245
estoc,2097,1,7.91,ssp245
estoc,2097,2,7.91,ssp245
estoc,2097,3,7.92,ssp245
estoc,2097,4,7.91,ssp245
estoc,2097,5,7.91,ssp245
estoc,2097,6,7.9,ssp245
estoc,2097,7,7.9,ssp245
estoc,2097,8,7.89,ssp245
estoc,2097,9,7.89,ssp245
estoc,2097,10,7.89,ssp245
estoc,2097,11,7.9,ssp245
estoc,2097,12,7.91,ssp245
estoc,2098,1,7.91,ssp245
estoc,2098,2,7.91,ssp245
estoc,2098,3,7.91,ssp245
estoc,2098,4,7.91,ssp245
estoc,2098,5,7.9,ssp245
estoc,2098,6,7.9,ssp245
estoc,2098,7,7.9,ssp245
estoc,2098,8,7.89,ssp245
estoc,2098,9,7.88,ssp245
estoc,2098,10,7.89,ssp245
estoc,2098,11,7.9,ssp245
estoc,2098,12,7.91,ssp245
estoc,2099,1,7.91,ssp245
estoc,2099,2,7.91,ssp245
estoc,2099,3,7.91,ssp245
estoc,2099,4,7.9,ssp245
estoc,2099,5,7.9,ssp245
estoc,2099,6,7.9,ssp245
estoc,2099,7,7.88,ssp245
estoc,2099,8,7.88,ssp245
estoc,2099,9,7.88,ssp245
estoc,2099,10,7.88,ssp245
estoc,2099,11,7.89,ssp245
estoc,2099,12,7.9,ssp245
estoc,2100,1,7.91,ssp245
estoc,2100,2,7.91,ssp245
estoc,2100,3,7.91,ssp245
estoc,2100,4,7.9,ssp245
estoc,2100,5,7.9,ssp245
estoc,2100,6,7.89,ssp245
estoc,2100,7,7.88,ssp245
estoc,2100,8,7.88,ssp245
estoc,2100,9,7.87,ssp245
estoc,2100,10,7.87,ssp245
estoc,2100,11,7.89,ssp245
estoc,2100,12,7.9,ssp245
estoc,2015,1,8.06,ssp370
estoc,2015,2,8.06,ssp370
estoc,2015,3,8.06,ssp370
estoc,2015,4,8.06,ssp370
estoc,2015,5,8.06,ssp370
estoc,2015,6,8.05,ssp370
estoc,2015,7,8.03,ssp370
estoc,2015,8,8.02,ssp370
estoc,2015,9,8.02,ssp370
estoc,2015,10,8.02,ssp370
estoc,2015,11,8.03,ssp370
estoc,2015,12,8.05,ssp370
estoc,2016,1,8.06,ssp370
estoc,2016,2,8.06,ssp370
estoc,2016,3,8.06,ssp370
estoc,2016,4,8.06,ssp370
estoc,2016,5,8.05,ssp370
estoc,2016,6,8.04,ssp370
estoc,2016,7,8.04,ssp370
estoc,2016,8,8.03,ssp370
estoc,2016,9,8.02,ssp370
estoc,2016,10,8.02,ssp370
estoc,2016,11,8.04,ssp370
estoc,2016,12,8.05,ssp370
estoc,2017,1,8.05,ssp370
estoc,2017,2,8.06,ssp370
estoc,2017,3,8.06,ssp370
estoc,2017,4,8.05,ssp370
estoc,2017,5,8.05,ssp370
estoc,2017,6,8.04,ssp370
estoc,2017,7,8.03,ssp370
estoc,2017,8,8.02,ssp370
estoc,2017,9,8.01,ssp370
estoc,2017,10,8.02,ssp370
estoc,2017,11,8.03,ssp370
estoc,2017,12,8.05,ssp370
estoc,2018,1,8.05,ssp370
estoc,2018,2,8.06,ssp370
estoc,2018,3,8.06,ssp370
estoc,2018,4,8.05,ssp370
estoc,2018,5,8.05,ssp370
estoc,2018,6,8.04,ssp370
estoc,2018,7,8.03,ssp370
estoc,2018,8,8.02,ssp370
estoc,2018,9,8.02,ssp370
estoc,2018,10,8.02,ssp370
estoc,2018,11,8.03,ssp370
estoc,2018,12,8.05,ssp370
estoc,2019,1,8.05,ssp370
estoc,2019,2,8.06,ssp370
estoc,2019,3,8.06,ssp370
estoc,2019,4,8.06,ssp370
estoc,2019,5,8.05,ssp370
estoc,2019,6,8.04,ssp370
estoc,2019,7,8.03,ssp370
estoc,2019,8,8.02,ssp370
estoc,2019,9,8.01,ssp370
estoc,2019,10,8.02,ssp370
estoc,2019,11,8.03,ssp370
estoc,2019,12,8.04,ssp370
estoc,2020,1,8.05,ssp370
estoc,2020,2,8.06,ssp370
estoc,2020,3,8.05,ssp370
estoc,2020,4,8.05,ssp370
estoc,2020,5,8.05,ssp370
estoc,2020,6,8.04,ssp370
estoc,2020,7,8.03,ssp370
estoc,2020,8,8.02,ssp370
estoc,2020,9,8.02,ssp370
estoc,2020,10,8.02,ssp370
estoc,2020,11,8.03,ssp370
estoc,2020,12,8.05,ssp370
estoc,2021,1,8.05,ssp370
estoc,2021,2,8.05,ssp370
estoc,2021,3,8.05,ssp370
estoc,2021,4,8.05,ssp370
estoc,2021,5,8.04,ssp370
estoc,2021,6,8.04,ssp370
estoc,2021,7,8.03,ssp370
estoc,2021,8,8.02,ssp370
estoc,2021,9,8.01,ssp370
estoc,2021,10,8.02,ssp370
estoc,2021,11,8.03,ssp370
estoc,2021,12,8.04,ssp370
estoc,2022,1,8.05,ssp370
estoc,2022,2,8.05,ssp370
estoc,2022,3,8.05,ssp370
estoc,2022,4,8.04,ssp370
estoc,2022,5,8.03,ssp370
estoc,2022,6,8.03,ssp370
estoc,2022,7,8.02,ssp370
estoc,2022,8,8.01,ssp370
estoc,2022,9,8,ssp370
estoc,2022,10,8.01,ssp370
estoc,2022,11,8.02,ssp370
estoc,2022,12,8.03,ssp370
estoc,2023,1,8.04,ssp370
estoc,2023,2,8.04,ssp370
estoc,2023,3,8.04,ssp370
estoc,2023,4,8.03,ssp370
estoc,2023,5,8.03,ssp370
estoc,2023,6,8.02,ssp370
estoc,2023,7,8.01,ssp370
estoc,2023,8,8.01,ssp370
estoc,2023,9,8.01,ssp370
estoc,2023,10,8.01,ssp370
estoc,2023,11,8.02,ssp370
estoc,2023,12,8.03,ssp370
estoc,2024,1,8.04,ssp370
estoc,2024,2,8.04,ssp370
estoc,2024,3,8.04,ssp370
estoc,2024,4,8.04,ssp370
estoc,2024,5,8.04,ssp370
estoc,2024,6,8.03,ssp370
estoc,2024,7,8.01,ssp370
estoc,2024,8,8,ssp370
estoc,2024,9,8,ssp370
estoc,2024,10,8.01,ssp370
estoc,2024,11,8.02,ssp370
estoc,2024,12,8.03,ssp370
estoc,2025,1,8.03,ssp370
estoc,2025,2,8.04,ssp370
estoc,2025,3,8.04,ssp370
estoc,2025,4,8.04,ssp370
estoc,2025,5,8.03,ssp370
estoc,2025,6,8.03,ssp370
estoc,2025,7,8.01,ssp370
estoc,2025,8,8,ssp370
estoc,2025,9,8,ssp370
estoc,2025,10,8,ssp370
estoc,2025,11,8.02,ssp370
estoc,2025,12,8.03,ssp370
estoc,2026,1,8.04,ssp370
estoc,2026,2,8.04,ssp370
estoc,2026,3,8.04,ssp370
estoc,2026,4,8.04,ssp370
estoc,2026,5,8.03,ssp370
estoc,2026,6,8.03,ssp370
estoc,2026,7,8.02,ssp370
estoc,2026,8,8,ssp370
estoc,2026,9,8,ssp370
estoc,2026,10,8,ssp370
estoc,2026,11,8.01,ssp370
estoc,2026,12,8.03,ssp370
estoc,2027,1,8.03,ssp370
estoc,2027,2,8.04,ssp370
estoc,2027,3,8.03,ssp370
estoc,2027,4,8.03,ssp370
estoc,2027,5,8.03,ssp370
estoc,2027,6,8.02,ssp370
estoc,2027,7,8,ssp370
estoc,2027,8,8,ssp370
estoc,2027,9,8,ssp370
estoc,2027,10,8,ssp370
estoc,2027,11,8.01,ssp370
estoc,2027,12,8.02,ssp370
estoc,2028,1,8.03,ssp370
estoc,2028,2,8.03,ssp370
estoc,2028,3,8.03,ssp370
estoc,2028,4,8.03,ssp370
estoc,2028,5,8.02,ssp370
estoc,2028,6,8.02,ssp370
estoc,2028,7,8.01,ssp370
estoc,2028,8,8,ssp370
estoc,2028,9,7.99,ssp370
estoc,2028,10,8,ssp370
estoc,2028,11,8.01,ssp370
estoc,2028,12,8.02,ssp370
estoc,2029,1,8.03,ssp370
estoc,2029,2,8.03,ssp370
estoc,2029,3,8.03,ssp370
estoc,2029,4,8.02,ssp370
estoc,2029,5,8.02,ssp370
estoc,2029,6,8.01,ssp370
estoc,2029,7,8.01,ssp370
estoc,2029,8,8,ssp370
estoc,2029,9,8,ssp370
estoc,2029,10,8,ssp370
estoc,2029,11,8.01,ssp370
estoc,2029,12,8.02,ssp370
estoc,2030,1,8.02,ssp370
estoc,2030,2,8.03,ssp370
estoc,2030,3,8.03,ssp370
estoc,2030,4,8.03,ssp370
estoc,2030,5,8.02,ssp370
estoc,2030,6,8.01,ssp370
estoc,2030,7,8,ssp370
estoc,2030,8,7.99,ssp370
estoc,2030,9,7.99,ssp370
estoc,2030,10,7.99,ssp370
estoc,2030,11,8.01,ssp370
estoc,2030,12,8.02,ssp370
estoc,2031,1,8.02,ssp370
estoc,2031,2,8.03,ssp370
estoc,2031,3,8.02,ssp370
estoc,2031,4,8.02,ssp370
estoc,2031,5,8.01,ssp370
estoc,2031,6,8.01,ssp370
estoc,2031,7,8,ssp370
estoc,2031,8,7.99,ssp370
estoc,2031,9,7.98,ssp370
estoc,2031,10,7.99,ssp370
estoc,2031,11,8,ssp370
estoc,2031,12,8.01,ssp370
estoc,2032,1,8.02,ssp370
estoc,2032,2,8.02,ssp370
estoc,2032,3,8.02,ssp370
estoc,2032,4,8.02,ssp370
estoc,2032,5,8.01,ssp370
estoc,2032,6,8,ssp370
estoc,2032,7,7.99,ssp370
estoc,2032,8,7.98,ssp370
estoc,2032,9,7.97,ssp370
estoc,2032,10,7.98,ssp370
estoc,2032,11,8,ssp370
estoc,2032,12,8.01,ssp370
estoc,2033,1,8.01,ssp370
estoc,2033,2,8.01,ssp370
estoc,2033,3,8.01,ssp370
estoc,2033,4,8.01,ssp370
estoc,2033,5,8.01,ssp370
estoc,2033,6,8,ssp370
estoc,2033,7,7.99,ssp370
estoc,2033,8,7.98,ssp370
estoc,2033,9,7.98,ssp370
estoc,2033,10,7.98,ssp370
estoc,2033,11,7.99,ssp370
estoc,2033,12,8,ssp370
estoc,2034,1,8.01,ssp370
estoc,2034,2,8.01,ssp370
estoc,2034,3,8.01,ssp370
estoc,2034,4,8.01,ssp370
estoc,2034,5,8.01,ssp370
estoc,2034,6,7.99,ssp370
estoc,2034,7,7.99,ssp370
estoc,2034,8,7.98,ssp370
estoc,2034,9,7.98,ssp370
estoc,2034,10,7.98,ssp370
estoc,2034,11,7.99,ssp370
estoc,2034,12,8,ssp370
estoc,2035,1,8.01,ssp370
estoc,2035,2,8.01,ssp370
estoc,2035,3,8.01,ssp370
estoc,2035,4,8.01,ssp370
estoc,2035,5,8,ssp370
estoc,2035,6,8,ssp370
estoc,2035,7,7.99,ssp370
estoc,2035,8,7.98,ssp370
estoc,2035,9,7.98,ssp370
estoc,2035,10,7.98,ssp370
estoc,2035,11,7.99,ssp370
estoc,2035,12,8,ssp370
estoc,2036,1,8.01,ssp370
estoc,2036,2,8.01,ssp370
estoc,2036,3,8.01,ssp370
estoc,2036,4,8.01,ssp370
estoc,2036,5,8.01,ssp370
estoc,2036,6,8,ssp370
estoc,2036,7,7.98,ssp370
estoc,2036,8,7.98,ssp370
estoc,2036,9,7.97,ssp370
estoc,2036,10,7.97,ssp370
estoc,2036,11,7.98,ssp370
estoc,2036,12,7.99,ssp370
estoc,2037,1,8,ssp370
estoc,2037,2,8.01,ssp370
estoc,2037,3,8.01,ssp370
estoc,2037,4,8,ssp370
estoc,2037,5,8,ssp370
estoc,2037,6,7.99,ssp370
estoc,2037,7,7.98,ssp370
estoc,2037,8,7.96,ssp370
estoc,2037,9,7.96,ssp370
estoc,2037,10,7.97,ssp370
estoc,2037,11,7.98,ssp370
estoc,2037,12,7.99,ssp370
estoc,2038,1,8,ssp370
estoc,2038,2,8,ssp370
estoc,2038,3,8,ssp370
estoc,2038,4,8,ssp370
estoc,2038,5,7.99,ssp370
estoc,2038,6,7.98,ssp370
estoc,2038,7,7.97,ssp370
estoc,2038,8,7.97,ssp370
estoc,2038,9,7.96,ssp370
estoc,2038,10,7.97,ssp370
estoc,2038,11,7.98,ssp370
estoc,2038,12,7.99,ssp370
estoc,2039,1,8,ssp370
estoc,2039,2,8,ssp370
estoc,2039,3,8,ssp370
estoc,2039,4,7.99,ssp370
estoc,2039,5,7.98,ssp370
estoc,2039,6,7.98,ssp370
estoc,2039,7,7.96,ssp370
estoc,2039,8,7.96,ssp370
estoc,2039,9,7.95,ssp370
estoc,2039,10,7.95,ssp370
estoc,2039,11,7.97,ssp370
estoc,2039,12,7.99,ssp370
estoc,2040,1,7.99,ssp370
estoc,2040,2,7.99,ssp370
estoc,2040,3,7.99,ssp370
estoc,2040,4,7.99,ssp370
estoc,2040,5,7.99,ssp370
estoc,2040,6,7.98,ssp370
estoc,2040,7,7.97,ssp370
estoc,2040,8,7.96,ssp370
estoc,2040,9,7.95,ssp370
estoc,2040,10,7.95,ssp370
estoc,2040,11,7.96,ssp370
estoc,2040,12,7.98,ssp370
estoc,2041,1,7.98,ssp370
estoc,2041,2,7.98,ssp370
estoc,2041,3,7.98,ssp370
estoc,2041,4,7.98,ssp370
estoc,2041,5,7.98,ssp370
estoc,2041,6,7.98,ssp370
estoc,2041,7,7.97,ssp370
estoc,2041,8,7.96,ssp370
estoc,2041,9,7.95,ssp370
estoc,2041,10,7.96,ssp370
estoc,2041,11,7.97,ssp370
estoc,2041,12,7.98,ssp370
estoc,2042,1,7.98,ssp370
estoc,2042,2,7.98,ssp370
estoc,2042,3,7.98,ssp370
estoc,2042,4,7.99,ssp370
estoc,2042,5,7.98,ssp370
estoc,2042,6,7.97,ssp370
estoc,2042,7,7.96,ssp370
estoc,2042,8,7.95,ssp370
estoc,2042,9,7.95,ssp370
estoc,2042,10,7.95,ssp370
estoc,2042,11,7.96,ssp370
estoc,2042,12,7.98,ssp370
estoc,2043,1,7.98,ssp370
estoc,2043,2,7.98,ssp370
estoc,2043,3,7.98,ssp370
estoc,2043,4,7.97,ssp370
estoc,2043,5,7.97,ssp370
estoc,2043,6,7.96,ssp370
estoc,2043,7,7.96,ssp370
estoc,2043,8,7.95,ssp370
estoc,2043,9,7.95,ssp370
estoc,2043,10,7.95,ssp370
estoc,2043,11,7.96,ssp370
estoc,2043,12,7.97,ssp370
estoc,2044,1,7.97,ssp370
estoc,2044,2,7.98,ssp370
estoc,2044,3,7.98,ssp370
estoc,2044,4,7.97,ssp370
estoc,2044,5,7.97,ssp370
estoc,2044,6,7.96,ssp370
estoc,2044,7,7.95,ssp370
estoc,2044,8,7.94,ssp370
estoc,2044,9,7.93,ssp370
estoc,2044,10,7.94,ssp370
estoc,2044,11,7.95,ssp370
estoc,2044,12,7.97,ssp370
estoc,2045,1,7.97,ssp370
estoc,2045,2,7.97,ssp370
estoc,2045,3,7.97,ssp370
estoc,2045,4,7.96,ssp370
estoc,2045,5,7.96,ssp370
estoc,2045,6,7.96,ssp370
estoc,2045,7,7.95,ssp370
estoc,2045,8,7.94,ssp370
estoc,2045,9,7.94,ssp370
estoc,2045,10,7.94,ssp370
estoc,2045,11,7.96,ssp370
estoc,2045,12,7.97,ssp370
estoc,2046,1,7.97,ssp370
estoc,2046,2,7.97,ssp370
estoc,2046,3,7.97,ssp370
estoc,2046,4,7.96,ssp370
estoc,2046,5,7.96,ssp370
estoc,2046,6,7.95,ssp370
estoc,2046,7,7.94,ssp370
estoc,2046,8,7.94,ssp370
estoc,2046,9,7.93,ssp370
estoc,2046,10,7.93,ssp370
estoc,2046,11,7.95,ssp370
estoc,2046,12,7.96,ssp370
estoc,2047,1,7.96,ssp370
estoc,2047,2,7.96,ssp370
estoc,2047,3,7.97,ssp370
estoc,2047,4,7.96,ssp370
estoc,2047,5,7.96,ssp370
estoc,2047,6,7.95,ssp370
estoc,2047,7,7.94,ssp370
estoc,2047,8,7.93,ssp370
estoc,2047,9,7.93,ssp370
estoc,2047,10,7.93,ssp370
estoc,2047,11,7.94,ssp370
estoc,2047,12,7.96,ssp370
estoc,2048,1,7.96,ssp370
estoc,2048,2,7.96,ssp370
estoc,2048,3,7.96,ssp370
estoc,2048,4,7.96,ssp370
estoc,2048,5,7.95,ssp370
estoc,2048,6,7.95,ssp370
estoc,2048,7,7.94,ssp370
estoc,2048,8,7.94,ssp370
estoc,2048,9,7.94,ssp370
estoc,2048,10,7.94,ssp370
estoc,2048,11,7.95,ssp370
estoc,2048,12,7.96,ssp370
estoc,2049,1,7.96,ssp370
estoc,2049,2,7.96,ssp370
estoc,2049,3,7.96,ssp370
estoc,2049,4,7.96,ssp370
estoc,2049,5,7.96,ssp370
estoc,2049,6,7.94,ssp370
estoc,2049,7,7.94,ssp370
estoc,2049,8,7.93,ssp370
estoc,2049,9,7.93,ssp370
estoc,2049,10,7.93,ssp370
estoc,2049,11,7.94,ssp370
estoc,2049,12,7.95,ssp370
estoc,2050,1,7.96,ssp370
estoc,2050,2,7.96,ssp370
estoc,2050,3,7.96,ssp370
estoc,2050,4,7.96,ssp370
estoc,2050,5,7.95,ssp370
estoc,2050,6,7.94,ssp370
estoc,2050,7,7.94,ssp370
estoc,2050,8,7.93,ssp370
estoc,2050,9,7.92,ssp370
estoc,2050,10,7.93,ssp370
estoc,2050,11,7.94,ssp370
estoc,2050,12,7.94,ssp370
estoc,2051,1,7.95,ssp370
estoc,2051,2,7.95,ssp370
estoc,2051,3,7.95,ssp370
estoc,2051,4,7.95,ssp370
estoc,2051,5,7.94,ssp370
estoc,2051,6,7.94,ssp370
estoc,2051,7,7.92,ssp370
estoc,2051,8,7.92,ssp370
estoc,2051,9,7.91,ssp370
estoc,2051,10,7.91,ssp370
estoc,2051,11,7.93,ssp370
estoc,2051,12,7.95,ssp370
estoc,2052,1,7.95,ssp370
estoc,2052,2,7.95,ssp370
estoc,2052,3,7.95,ssp370
estoc,2052,4,7.95,ssp370
estoc,2052,5,7.94,ssp370
estoc,2052,6,7.93,ssp370
estoc,2052,7,7.92,ssp370
estoc,2052,8,7.91,ssp370
estoc,2052,9,7.91,ssp370
estoc,2052,10,7.92,ssp370
estoc,2052,11,7.93,ssp370
estoc,2052,12,7.94,ssp370
estoc,2053,1,7.95,ssp370
estoc,2053,2,7.95,ssp370
estoc,2053,3,7.95,ssp370
estoc,2053,4,7.94,ssp370
estoc,2053,5,7.94,ssp370
estoc,2053,6,7.93,ssp370
estoc,2053,7,7.92,ssp370
estoc,2053,8,7.92,ssp370
estoc,2053,9,7.91,ssp370
estoc,2053,10,7.92,ssp370
estoc,2053,11,7.93,ssp370
estoc,2053,12,7.94,ssp370
estoc,2054,1,7.95,ssp370
estoc,2054,2,7.95,ssp370
estoc,2054,3,7.95,ssp370
estoc,2054,4,7.94,ssp370
estoc,2054,5,7.94,ssp370
estoc,2054,6,7.93,ssp370
estoc,2054,7,7.93,ssp370
estoc,2054,8,7.92,ssp370
estoc,2054,9,7.91,ssp370
estoc,2054,10,7.92,ssp370
estoc,2054,11,7.93,ssp370
estoc,2054,12,7.93,ssp370
estoc,2055,1,7.94,ssp370
estoc,2055,2,7.94,ssp370
estoc,2055,3,7.95,ssp370
estoc,2055,4,7.95,ssp370
estoc,2055,5,7.94,ssp370
estoc,2055,6,7.93,ssp370
estoc,2055,7,7.92,ssp370
estoc,2055,8,7.91,ssp370
estoc,2055,9,7.91,ssp370
estoc,2055,10,7.91,ssp370
estoc,2055,11,7.92,ssp370
estoc,2055,12,7.93,ssp370
estoc,2056,1,7.94,ssp370
estoc,2056,2,7.94,ssp370
estoc,2056,3,7.94,ssp370
estoc,2056,4,7.94,ssp370
estoc,2056,5,7.93,ssp370
estoc,2056,6,7.92,ssp370
estoc,2056,7,7.91,ssp370
estoc,2056,8,7.9,ssp370
estoc,2056,9,7.9,ssp370
estoc,2056,10,7.91,ssp370
estoc,2056,11,7.92,ssp370
estoc,2056,12,7.93,ssp370
estoc,2057,1,7.94,ssp370
estoc,2057,2,7.94,ssp370
estoc,2057,3,7.94,ssp370
estoc,2057,4,7.93,ssp370
estoc,2057,5,7.93,ssp370
estoc,2057,6,7.92,ssp370
estoc,2057,7,7.91,ssp370
estoc,2057,8,7.9,ssp370
estoc,2057,9,7.9,ssp370
estoc,2057,10,7.9,ssp370
estoc,2057,11,7.91,ssp370
estoc,2057,12,7.92,ssp370
estoc,2058,1,7.93,ssp370
estoc,2058,2,7.93,ssp370
estoc,2058,3,7.93,ssp370
estoc,2058,4,7.93,ssp370
estoc,2058,5,7.92,ssp370
estoc,2058,6,7.91,ssp370
estoc,2058,7,7.9,ssp370
estoc,2058,8,7.9,ssp370
estoc,2058,9,7.89,ssp370
estoc,2058,10,7.9,ssp370
estoc,2058,11,7.91,ssp370
estoc,2058,12,7.91,ssp370
estoc,2059,1,7.92,ssp370
estoc,2059,2,7.93,ssp370
estoc,2059,3,7.92,ssp370
estoc,2059,4,7.92,ssp370
estoc,2059,5,7.92,ssp370
estoc,2059,6,7.92,ssp370
estoc,2059,7,7.91,ssp370
estoc,2059,8,7.9,ssp370
estoc,2059,9,7.89,ssp370
estoc,2059,10,7.9,ssp370
estoc,2059,11,7.91,ssp370
estoc,2059,12,7.92,ssp370
estoc,2060,1,7.92,ssp370
estoc,2060,2,7.92,ssp370
estoc,2060,3,7.92,ssp370
estoc,2060,4,7.92,ssp370
estoc,2060,5,7.92,ssp370
estoc,2060,6,7.91,ssp370
estoc,2060,7,7.9,ssp370
estoc,2060,8,7.89,ssp370
estoc,2060,9,7.89,ssp370
estoc,2060,10,7.9,ssp370
estoc,2060,11,7.91,ssp370
estoc,2060,12,7.92,ssp370
estoc,2061,1,7.92,ssp370
estoc,2061,2,7.92,ssp370
estoc,2061,3,7.92,ssp370
estoc,2061,4,7.92,ssp370
estoc,2061,5,7.91,ssp370
estoc,2061,6,7.91,ssp370
estoc,2061,7,7.9,ssp370
estoc,2061,8,7.9,ssp370
estoc,2061,9,7.89,ssp370
estoc,2061,10,7.89,ssp370
estoc,2061,11,7.9,ssp370
estoc,2061,12,7.91,ssp370
estoc,2062,1,7.92,ssp370
estoc,2062,2,7.92,ssp370
estoc,2062,3,7.92,ssp370
estoc,2062,4,7.92,ssp370
estoc,2062,5,7.91,ssp370
estoc,2062,6,7.9,ssp370
estoc,2062,7,7.9,ssp370
estoc,2062,8,7.89,ssp370
estoc,2062,9,7.88,ssp370
estoc,2062,10,7.89,ssp370
estoc,2062,11,7.9,ssp370
estoc,2062,12,7.91,ssp370
estoc,2063,1,7.92,ssp370
estoc,2063,2,7.92,ssp370
estoc,2063,3,7.92,ssp370
estoc,2063,4,7.91,ssp370
estoc,2063,5,7.91,ssp370
estoc,2063,6,7.9,ssp370
estoc,2063,7,7.89,ssp370
estoc,2063,8,7.89,ssp370
estoc,2063,9,7.89,ssp370
estoc,2063,10,7.89,ssp370
estoc,2063,11,7.9,ssp370
estoc,2063,12,7.91,ssp370
estoc,2064,1,7.91,ssp370
estoc,2064,2,7.91,ssp370
estoc,2064,3,7.91,ssp370
estoc,2064,4,7.91,ssp370
estoc,2064,5,7.91,ssp370
estoc,2064,6,7.9,ssp370
estoc,2064,7,7.89,ssp370
estoc,2064,8,7.88,ssp370
estoc,2064,9,7.88,ssp370
estoc,2064,10,7.88,ssp370
estoc,2064,11,7.89,ssp370
estoc,2064,12,7.9,ssp370
estoc,2065,1,7.9,ssp370
estoc,2065,2,7.9,ssp370
estoc,2065,3,7.9,ssp370
estoc,2065,4,7.9,ssp370
estoc,2065,5,7.9,ssp370
estoc,2065,6,7.89,ssp370
estoc,2065,7,7.88,ssp370
estoc,2065,8,7.87,ssp370
estoc,2065,9,7.87,ssp370
estoc,2065,10,7.87,ssp370
estoc,2065,11,7.88,ssp370
estoc,2065,12,7.89,ssp370
estoc,2066,1,7.9,ssp370
estoc,2066,2,7.9,ssp370
estoc,2066,3,7.9,ssp370
estoc,2066,4,7.9,ssp370
estoc,2066,5,7.9,ssp370
estoc,2066,6,7.89,ssp370
estoc,2066,7,7.88,ssp370
estoc,2066,8,7.87,ssp370
estoc,2066,9,7.86,ssp370
estoc,2066,10,7.87,ssp370
estoc,2066,11,7.89,ssp370
estoc,2066,12,7.89,ssp370
estoc,2067,1,7.9,ssp370
estoc,2067,2,7.9,ssp370
estoc,2067,3,7.89,ssp370
estoc,2067,4,7.89,ssp370
estoc,2067,5,7.89,ssp370
estoc,2067,6,7.88,ssp370
estoc,2067,7,7.87,ssp370
estoc,2067,8,7.87,ssp370
estoc,2067,9,7.86,ssp370
estoc,2067,10,7.86,ssp370
estoc,2067,11,7.88,ssp370
estoc,2067,12,7.89,ssp370
estoc,2068,1,7.89,ssp370
estoc,2068,2,7.89,ssp370
estoc,2068,3,7.89,ssp370
estoc,2068,4,7.89,ssp370
estoc,2068,5,7.89,ssp370
estoc,2068,6,7.88,ssp370
estoc,2068,7,7.87,ssp370
estoc,2068,8,7.86,ssp370
estoc,2068,9,7.86,ssp370
estoc,2068,10,7.86,ssp370
estoc,2068,11,7.87,ssp370
estoc,2068,12,7.88,ssp370
estoc,2069,1,7.89,ssp370
estoc,2069,2,7.89,ssp370
estoc,2069,3,7.89,ssp370
estoc,2069,4,7.89,ssp370
estoc,2069,5,7.88,ssp370
estoc,2069,6,7.88,ssp370
estoc,2069,7,7.87,ssp370
estoc,2069,8,7.86,ssp370
estoc,2069,9,7.86,ssp370
estoc,2069,10,7.86,ssp370
estoc,2069,11,7.87,ssp370
estoc,2069,12,7.88,ssp370
estoc,2070,1,7.88,ssp370
estoc,2070,2,7.88,ssp370
estoc,2070,3,7.88,ssp370
estoc,2070,4,7.88,ssp370
estoc,2070,5,7.88,ssp370
estoc,2070,6,7.87,ssp370
estoc,2070,7,7.87,ssp370
estoc,2070,8,7.86,ssp370
estoc,2070,9,7.86,ssp370
estoc,2070,10,7.86,ssp370
estoc,2070,11,7.87,ssp370
estoc,2070,12,7.88,ssp370
estoc,2071,1,7.88,ssp370
estoc,2071,2,7.88,ssp370
estoc,2071,3,7.88,ssp370
estoc,2071,4,7.88,ssp370
estoc,2071,5,7.88,ssp370
estoc,2071,6,7.87,ssp370
estoc,2071,7,7.86,ssp370
estoc,2071,8,7.85,ssp370
estoc,2071,9,7.85,ssp370
estoc,2071,10,7.85,ssp370
estoc,2071,11,7.86,ssp370
estoc,2071,12,7.87,ssp370
estoc,2072,1,7.88,ssp370
estoc,2072,2,7.88,ssp370
estoc,2072,3,7.88,ssp370
estoc,2072,4,7.87,ssp370
estoc,2072,5,7.87,ssp370
estoc,2072,6,7.86,ssp370
estoc,2072,7,7.85,ssp370
estoc,2072,8,7.85,ssp370
estoc,2072,9,7.84,ssp370
estoc,2072,10,7.84,ssp370
estoc,2072,11,7.86,ssp370
estoc,2072,12,7.87,ssp370
estoc,2073,1,7.88,ssp370
estoc,2073,2,7.87,ssp370
estoc,2073,3,7.87,ssp370
estoc,2073,4,7.87,ssp370
estoc,2073,5,7.87,ssp370
estoc,2073,6,7.86,ssp370
estoc,2073,7,7.85,ssp370
estoc,2073,8,7.85,ssp370
estoc,2073,9,7.84,ssp370
estoc,2073,10,7.84,ssp370
estoc,2073,11,7.85,ssp370
estoc,2073,12,7.87,ssp370
estoc,2074,1,7.88,ssp370
estoc,2074,2,7.87,ssp370
estoc,2074,3,7.87,ssp370
estoc,2074,4,7.87,ssp370
estoc,2074,5,7.87,ssp370
estoc,2074,6,7.85,ssp370
estoc,2074,7,7.85,ssp370
estoc,2074,8,7.84,ssp370
estoc,2074,9,7.84,ssp370
estoc,2074,10,7.84,ssp370
estoc,2074,11,7.85,ssp370
estoc,2074,12,7.87,ssp370
estoc,2075,1,7.87,ssp370
estoc,2075,2,7.87,ssp370
estoc,2075,3,7.87,ssp370
estoc,2075,4,7.87,ssp370
estoc,2075,5,7.86,ssp370
estoc,2075,6,7.85,ssp370
estoc,2075,7,7.84,ssp370
estoc,2075,8,7.84,ssp370
estoc,2075,9,7.83,ssp370
estoc,2075,10,7.84,ssp370
estoc,2075,11,7.85,ssp370
estoc,2075,12,7.86,ssp370
estoc,2076,1,7.87,ssp370
estoc,2076,2,7.86,ssp370
estoc,2076,3,7.86,ssp370
estoc,2076,4,7.87,ssp370
estoc,2076,5,7.87,ssp370
estoc,2076,6,7.86,ssp370
estoc,2076,7,7.85,ssp370
estoc,2076,8,7.84,ssp370
estoc,2076,9,7.84,ssp370
estoc,2076,10,7.84,ssp370
estoc,2076,11,7.85,ssp370
estoc,2076,12,7.86,ssp370
estoc,2077,1,7.86,ssp370
estoc,2077,2,7.86,ssp370
estoc,2077,3,7.86,ssp370
estoc,2077,4,7.86,ssp370
estoc,2077,5,7.86,ssp370
estoc,2077,6,7.86,ssp370
estoc,2077,7,7.85,ssp370
estoc,2077,8,7.84,ssp370
estoc,2077,9,7.83,ssp370
estoc,2077,10,7.84,ssp370
estoc,2077,11,7.85,ssp370
estoc,2077,12,7.86,ssp370
estoc,2078,1,7.86,ssp370
estoc,2078,2,7.86,ssp370
estoc,2078,3,7.85,ssp370
estoc,2078,4,7.86,ssp370
estoc,2078,5,7.85,ssp370
estoc,2078,6,7.84,ssp370
estoc,2078,7,7.84,ssp370
estoc,2078,8,7.83,ssp370
estoc,2078,9,7.83,ssp370
estoc,2078,10,7.83,ssp370
estoc,2078,11,7.84,ssp370
estoc,2078,12,7.85,ssp370
estoc,2079,1,7.86,ssp370
estoc,2079,2,7.85,ssp370
estoc,2079,3,7.86,ssp370
estoc,2079,4,7.85,ssp370
estoc,2079,5,7.85,ssp370
estoc,2079,6,7.84,ssp370
estoc,2079,7,7.83,ssp370
estoc,2079,8,7.83,ssp370
estoc,2079,9,7.82,ssp370
estoc,2079,10,7.83,ssp370
estoc,2079,11,7.84,ssp370
estoc,2079,12,7.85,ssp370
estoc,2080,1,7.86,ssp370
estoc,2080,2,7.85,ssp370
estoc,2080,3,7.85,ssp370
estoc,2080,4,7.85,ssp370
estoc,2080,5,7.84,ssp370
estoc,2080,6,7.83,ssp370
estoc,2080,7,7.83,ssp370
estoc,2080,8,7.83,ssp370
estoc,2080,9,7.82,ssp370
estoc,2080,10,7.82,ssp370
estoc,2080,11,7.83,ssp370
estoc,2080,12,7.84,ssp370
estoc,2081,1,7.84,ssp370
estoc,2081,2,7.85,ssp370
estoc,2081,3,7.85,ssp370
estoc,2081,4,7.84,ssp370
estoc,2081,5,7.83,ssp370
estoc,2081,6,7.83,ssp370
estoc,2081,7,7.82,ssp370
estoc,2081,8,7.82,ssp370
estoc,2081,9,7.82,ssp370
estoc,2081,10,7.82,ssp370
estoc,2081,11,7.83,ssp370
estoc,2081,12,7.84,ssp370
estoc,2082,1,7.84,ssp370
estoc,2082,2,7.84,ssp370
estoc,2082,3,7.84,ssp370
estoc,2082,4,7.84,ssp370
estoc,2082,5,7.84,ssp370
estoc,2082,6,7.83,ssp370
estoc,2082,7,7.82,ssp370
estoc,2082,8,7.82,ssp370
estoc,2082,9,7.81,ssp370
estoc,2082,10,7.81,ssp370
estoc,2082,11,7.83,ssp370
estoc,2082,12,7.83,ssp370
estoc,2083,1,7.84,ssp370
estoc,2083,2,7.84,ssp370
estoc,2083,3,7.84,ssp370
estoc,2083,4,7.84,ssp370
estoc,2083,5,7.84,ssp370
estoc,2083,6,7.83,ssp370
estoc,2083,7,7.82,ssp370
estoc,2083,8,7.81,ssp370
estoc,2083,9,7.81,ssp370
estoc,2083,10,7.81,ssp370
estoc,2083,11,7.82,ssp370
estoc,2083,12,7.83,ssp370
estoc,2084,1,7.84,ssp370
estoc,2084,2,7.83,ssp370
estoc,2084,3,7.83,ssp370
estoc,2084,4,7.83,ssp370
estoc,2084,5,7.82,ssp370
estoc,2084,6,7.82,ssp370
estoc,2084,7,7.81,ssp370
estoc,2084,8,7.81,ssp370
estoc,2084,9,7.8,ssp370
estoc,2084,10,7.81,ssp370
estoc,2084,11,7.82,ssp370
estoc,2084,12,7.83,ssp370
estoc,2085,1,7.83,ssp370
estoc,2085,2,7.83,ssp370
estoc,2085,3,7.83,ssp370
estoc,2085,4,7.83,ssp370
estoc,2085,5,7.82,ssp370
estoc,2085,6,7.81,ssp370
estoc,2085,7,7.81,ssp370
estoc,2085,8,7.8,ssp370
estoc,2085,9,7.8,ssp370
estoc,2085,10,7.81,ssp370
estoc,2085,11,7.82,ssp370
estoc,2085,12,7.83,ssp370
estoc,2086,1,7.83,ssp370
estoc,2086,2,7.83,ssp370
estoc,2086,3,7.83,ssp370
estoc,2086,4,7.83,ssp370
estoc,2086,5,7.83,ssp370
estoc,2086,6,7.82,ssp370
estoc,2086,7,7.81,ssp370
estoc,2086,8,7.81,ssp370
estoc,2086,9,7.8,ssp370
estoc,2086,10,7.8,ssp370
estoc,2086,11,7.81,ssp370
estoc,2086,12,7.82,ssp370
estoc,2087,1,7.82,ssp370
estoc,2087,2,7.82,ssp370
estoc,2087,3,7.83,ssp370
estoc,2087,4,7.82,ssp370
estoc,2087,5,7.82,ssp370
estoc,2087,6,7.82,ssp370
estoc,2087,7,7.81,ssp370
estoc,2087,8,7.8,ssp370
estoc,2087,9,7.8,ssp370
estoc,2087,10,7.8,ssp370
estoc,2087,11,7.81,ssp370
estoc,2087,12,7.82,ssp370
estoc,2088,1,7.83,ssp370
estoc,2088,2,7.83,ssp370
estoc,2088,3,7.83,ssp370
estoc,2088,4,7.82,ssp370
estoc,2088,5,7.81,ssp370
estoc,2088,6,7.81,ssp370
estoc,2088,7,7.8,ssp370
estoc,2088,8,7.8,ssp370
estoc,2088,9,7.8,ssp370
estoc,2088,10,7.8,ssp370
estoc,2088,11,7.8,ssp370
estoc,2088,12,7.81,ssp370
estoc,2089,1,7.81,ssp370
estoc,2089,2,7.82,ssp370
estoc,2089,3,7.81,ssp370
estoc,2089,4,7.81,ssp370
estoc,2089,5,7.8,ssp370
estoc,2089,6,7.8,ssp370
estoc,2089,7,7.79,ssp370
estoc,2089,8,7.79,ssp370
estoc,2089,9,7.79,ssp370
estoc,2089,10,7.79,ssp370
estoc,2089,11,7.8,ssp370
estoc,2089,12,7.81,ssp370
estoc,2090,1,7.81,ssp370
estoc,2090,2,7.81,ssp370
estoc,2090,3,7.81,ssp370
estoc,2090,4,7.81,ssp370
estoc,2090,5,7.81,ssp370
estoc,2090,6,7.8,ssp370
estoc,2090,7,7.79,ssp370
estoc,2090,8,7.78,ssp370
estoc,2090,9,7.78,ssp370
estoc,2090,10,7.79,ssp370
estoc,2090,11,7.8,ssp370
estoc,2090,12,7.81,ssp370
estoc,2091,1,7.81,ssp370
estoc,2091,2,7.81,ssp370
estoc,2091,3,7.81,ssp370
estoc,2091,4,7.81,ssp370
estoc,2091,5,7.81,ssp370
estoc,2091,6,7.8,ssp370
estoc,2091,7,7.8,ssp370
estoc,2091,8,7.79,ssp370
estoc,2091,9,7.78,ssp370
estoc,2091,10,7.79,ssp370
estoc,2091,11,7.8,ssp370
estoc,2091,12,7.81,ssp370
estoc,2092,1,7.81,ssp370
estoc,2092,2,7.81,ssp370
estoc,2092,3,7.81,ssp370
estoc,2092,4,7.8,ssp370
estoc,2092,5,7.8,ssp370
estoc,2092,6,7.79,ssp370
estoc,2092,7,7.79,ssp370
estoc,2092,8,7.78,ssp370
estoc,2092,9,7.78,ssp370
estoc,2092,10,7.79,ssp370
estoc,2092,11,7.8,ssp370
estoc,2092,12,7.8,ssp370
estoc,2093,1,7.81,ssp370
estoc,2093,2,7.81,ssp370
estoc,2093,3,7.81,ssp370
estoc,2093,4,7.8,ssp370
estoc,2093,5,7.8,ssp370
estoc,2093,6,7.79,ssp370
estoc,2093,7,7.79,ssp370
estoc,2093,8,7.78,ssp370
estoc,2093,9,7.78,ssp370
estoc,2093,10,7.79,ssp370
estoc,2093,11,7.79,ssp370
estoc,2093,12,7.8,ssp370
estoc,2094,1,7.8,ssp370
estoc,2094,2,7.8,ssp370
estoc,2094,3,7.8,ssp370
estoc,2094,4,7.79,ssp370
estoc,2094,5,7.79,ssp370
estoc,2094,6,7.79,ssp370
estoc,2094,7,7.78,ssp370
estoc,2094,8,7.77,ssp370
estoc,2094,9,7.78,ssp370
estoc,2094,10,7.78,ssp370
estoc,2094,11,7.79,ssp370
estoc,2094,12,7.8,ssp370
estoc,2095,1,7.8,ssp370
estoc,2095,2,7.8,ssp370
estoc,2095,3,7.8,ssp370
estoc,2095,4,7.79,ssp370
estoc,2095,5,7.8,ssp370
estoc,2095,6,7.79,ssp370
estoc,2095,7,7.78,ssp370
estoc,2095,8,7.77,ssp370
estoc,2095,9,7.77,ssp370
estoc,2095,10,7.77,ssp370
estoc,2095,11,7.78,ssp370
estoc,2095,12,7.79,ssp370
estoc,2096,1,7.79,ssp370
estoc,2096,2,7.8,ssp370
estoc,2096,3,7.8,ssp370
estoc,2096,4,7.79,ssp370
estoc,2096,5,7.79,ssp370
estoc,2096,6,7.78,ssp370
estoc,2096,7,7.77,ssp370
estoc,2096,8,7.77,ssp370
estoc,2096,9,7.77,ssp370
estoc,2096,10,7.77,ssp370
estoc,2096,11,7.78,ssp370
estoc,2096,12,7.79,ssp370
estoc,2097,1,7.8,ssp370
estoc,2097,2,7.8,ssp370
estoc,2097,3,7.8,ssp370
estoc,2097,4,7.79,ssp370
estoc,2097,5,7.79,ssp370
estoc,2097,6,7.78,ssp370
estoc,2097,7,7.77,ssp370
estoc,2097,8,7.76,ssp370
estoc,2097,9,7.76,ssp370
estoc,2097,10,7.77,ssp370
estoc,2097,11,7.77,ssp370
estoc,2097,12,7.78,ssp370
estoc,2098,1,7.78,ssp370
estoc,2098,2,7.78,ssp370
estoc,2098,3,7.78,ssp370
estoc,2098,4,7.78,ssp370
estoc,2098,5,7.78,ssp370
estoc,2098,6,7.76,ssp370
estoc,2098,7,7.76,ssp370
estoc,2098,8,7.75,ssp370
estoc,2098,9,7.76,ssp370
estoc,2098,10,7.76,ssp370
estoc,2098,11,7.76,ssp370
estoc,2098,12,7.77,ssp370
estoc,2099,1,7.78,ssp370
estoc,2099,2,7.78,ssp370
estoc,2099,3,7.78,ssp370
estoc,2099,4,7.77,ssp370
estoc,2099,5,7.78,ssp370
estoc,2099,6,7.77,ssp370
estoc,2099,7,7.76,ssp370
estoc,2099,8,7.76,ssp370
estoc,2099,9,7.76,ssp370
estoc,2099,10,7.76,ssp370
estoc,2099,11,7.76,ssp370
estoc,2099,12,7.77,ssp370
estoc,2100,1,7.78,ssp370
estoc,2100,2,7.78,ssp370
estoc,2100,3,7.78,ssp370
estoc,2100,4,7.77,ssp370
estoc,2100,5,7.77,ssp370
estoc,2100,6,7.76,ssp370
estoc,2100,7,7.76,ssp370
estoc,2100,8,7.75,ssp370
estoc,2100,9,7.75,ssp370
estoc,2100,10,7.75,ssp370
estoc,2100,11,7.76,ssp370
estoc,2100,12,7.77,ssp370
estoc,2015,1,8.06,ssp585
estoc,2015,2,8.07,ssp585
estoc,2015,3,8.07,ssp585
estoc,2015,4,8.07,ssp585
estoc,2015,5,8.06,ssp585
estoc,2015,6,8.05,ssp585
estoc,2015,7,8.04,ssp585
estoc,2015,8,8.03,ssp585
estoc,2015,9,8.03,ssp585
estoc,2015,10,8.03,ssp585
estoc,2015,11,8.04,ssp585
estoc,2015,12,8.06,ssp585
estoc,2016,1,8.06,ssp585
estoc,2016,2,8.07,ssp585
estoc,2016,3,8.06,ssp585
estoc,2016,4,8.06,ssp585
estoc,2016,5,8.06,ssp585
estoc,2016,6,8.05,ssp585
estoc,2016,7,8.03,ssp585
estoc,2016,8,8.02,ssp585
estoc,2016,9,8.01,ssp585
estoc,2016,10,8.02,ssp585
estoc,2016,11,8.04,ssp585
estoc,2016,12,8.05,ssp585
estoc,2017,1,8.06,ssp585
estoc,2017,2,8.06,ssp585
estoc,2017,3,8.06,ssp585
estoc,2017,4,8.06,ssp585
estoc,2017,5,8.05,ssp585
estoc,2017,6,8.04,ssp585
estoc,2017,7,8.02,ssp585
estoc,2017,8,8.01,ssp585
estoc,2017,9,8.01,ssp585
estoc,2017,10,8.02,ssp585
estoc,2017,11,8.03,ssp585
estoc,2017,12,8.05,ssp585
estoc,2018,1,8.06,ssp585
estoc,2018,2,8.06,ssp585
estoc,2018,3,8.06,ssp585
estoc,2018,4,8.06,ssp585
estoc,2018,5,8.05,ssp585
estoc,2018,6,8.04,ssp585
estoc,2018,7,8.03,ssp585
estoc,2018,8,8.02,ssp585
estoc,2018,9,8.02,ssp585
estoc,2018,10,8.02,ssp585
estoc,2018,11,8.03,ssp585
estoc,2018,12,8.05,ssp585
estoc,2019,1,8.05,ssp585
estoc,2019,2,8.06,ssp585
estoc,2019,3,8.06,ssp585
estoc,2019,4,8.05,ssp585
estoc,2019,5,8.05,ssp585
estoc,2019,6,8.04,ssp585
estoc,2019,7,8.03,ssp585
estoc,2019,8,8.02,ssp585
estoc,2019,9,8.02,ssp585
estoc,2019,10,8.02,ssp585
estoc,2019,11,8.03,ssp585
estoc,2019,12,8.05,ssp585
estoc,2020,1,8.05,ssp585
estoc,2020,2,8.06,ssp585
estoc,2020,3,8.06,ssp585
estoc,2020,4,8.05,ssp585
estoc,2020,5,8.05,ssp585
estoc,2020,6,8.04,ssp585
estoc,2020,7,8.03,ssp585
estoc,2020,8,8.02,ssp585
estoc,2020,9,8.02,ssp585
estoc,2020,10,8.02,ssp585
estoc,2020,11,8.03,ssp585
estoc,2020,12,8.04,ssp585
estoc,2021,1,8.05,ssp585
estoc,2021,2,8.05,ssp585
estoc,2021,3,8.06,ssp585
estoc,2021,4,8.05,ssp585
estoc,2021,5,8.05,ssp585
estoc,2021,6,8.04,ssp585
estoc,2021,7,8.03,ssp585
estoc,2021,8,8.01,ssp585
estoc,2021,9,8,ssp585
estoc,2021,10,8.01,ssp585
estoc,2021,11,8.03,ssp585
estoc,2021,12,8.04,ssp585
estoc,2022,1,8.04,ssp585
estoc,2022,2,8.05,ssp585
estoc,2022,3,8.05,ssp585
estoc,2022,4,8.05,ssp585
estoc,2022,5,8.04,ssp585
estoc,2022,6,8.04,ssp585
estoc,2022,7,8.03,ssp585
estoc,2022,8,8.01,ssp585
estoc,2022,9,8.01,ssp585
estoc,2022,10,8.01,ssp585
estoc,2022,11,8.02,ssp585
estoc,2022,12,8.04,ssp585
estoc,2023,1,8.05,ssp585
estoc,2023,2,8.05,ssp585
estoc,2023,3,8.05,ssp585
estoc,2023,4,8.04,ssp585
estoc,2023,5,8.04,ssp585
estoc,2023,6,8.03,ssp585
estoc,2023,7,8.02,ssp585
estoc,2023,8,8.01,ssp585
estoc,2023,9,8.01,ssp585
estoc,2023,10,8.01,ssp585
estoc,2023,11,8.02,ssp585
estoc,2023,12,8.03,ssp585
estoc,2024,1,8.04,ssp585
estoc,2024,2,8.04,ssp585
estoc,2024,3,8.04,ssp585
estoc,2024,4,8.04,ssp585
estoc,2024,5,8.04,ssp585
estoc,2024,6,8.03,ssp585
estoc,2024,7,8.02,ssp585
estoc,2024,8,8.01,ssp585
estoc,2024,9,8.01,ssp585
estoc,2024,10,8.01,ssp585
estoc,2024,11,8.02,ssp585
estoc,2024,12,8.03,ssp585
estoc,2025,1,8.04,ssp585
estoc,2025,2,8.04,ssp585
estoc,2025,3,8.04,ssp585
estoc,2025,4,8.04,ssp585
estoc,2025,5,8.04,ssp585
estoc,2025,6,8.03,ssp585
estoc,2025,7,8.01,ssp585
estoc,2025,8,8.01,ssp585
estoc,2025,9,8,ssp585
estoc,2025,10,8,ssp585
estoc,2025,11,8.02,ssp585
estoc,2025,12,8.03,ssp585
estoc,2026,1,8.04,ssp585
estoc,2026,2,8.04,ssp585
estoc,2026,3,8.04,ssp585
estoc,2026,4,8.03,ssp585
estoc,2026,5,8.03,ssp585
estoc,2026,6,8.02,ssp585
estoc,2026,7,8.01,ssp585
estoc,2026,8,8.01,ssp585
estoc,2026,9,8,ssp585
estoc,2026,10,8,ssp585
estoc,2026,11,8.02,ssp585
estoc,2026,12,8.03,ssp585
estoc,2027,1,8.03,ssp585
estoc,2027,2,8.03,ssp585
estoc,2027,3,8.04,ssp585
estoc,2027,4,8.03,ssp585
estoc,2027,5,8.02,ssp585
estoc,2027,6,8.02,ssp585
estoc,2027,7,8.01,ssp585
estoc,2027,8,8,ssp585
estoc,2027,9,7.99,ssp585
estoc,2027,10,7.99,ssp585
estoc,2027,11,8.01,ssp585
estoc,2027,12,8.02,ssp585
estoc,2028,1,8.03,ssp585
estoc,2028,2,8.03,ssp585
estoc,2028,3,8.03,ssp585
estoc,2028,4,8.03,ssp585
estoc,2028,5,8.03,ssp585
estoc,2028,6,8.01,ssp585
estoc,2028,7,8,ssp585
estoc,2028,8,7.99,ssp585
estoc,2028,9,7.99,ssp585
estoc,2028,10,8,ssp585
estoc,2028,11,8.01,ssp585
estoc,2028,12,8.02,ssp585
estoc,2029,1,8.03,ssp585
estoc,2029,2,8.03,ssp585
estoc,2029,3,8.03,ssp585
estoc,2029,4,8.02,ssp585
estoc,2029,5,8.02,ssp585
estoc,2029,6,8.01,ssp585
estoc,2029,7,8,ssp585
estoc,2029,8,7.99,ssp585
estoc,2029,9,7.99,ssp585
estoc,2029,10,7.99,ssp585
estoc,2029,11,8,ssp585
estoc,2029,12,8.02,ssp585
estoc,2030,1,8.03,ssp585
estoc,2030,2,8.03,ssp585
estoc,2030,3,8.03,ssp585
estoc,2030,4,8.03,ssp585
estoc,2030,5,8.02,ssp585
estoc,2030,6,8.01,ssp585
estoc,2030,7,8,ssp585
estoc,2030,8,7.99,ssp585
estoc,2030,9,7.99,ssp585
estoc,2030,10,7.99,ssp585
estoc,2030,11,8,ssp585
estoc,2030,12,8.02,ssp585
estoc,2031,1,8.02,ssp585
estoc,2031,2,8.03,ssp585
estoc,2031,3,8.03,ssp585
estoc,2031,4,8.02,ssp585
estoc,2031,5,8.02,ssp585
estoc,2031,6,8.01,ssp585
estoc,2031,7,7.99,ssp585
estoc,2031,8,7.99,ssp585
estoc,2031,9,7.98,ssp585
estoc,2031,10,7.98,ssp585
estoc,2031,11,7.99,ssp585
estoc,2031,12,8.01,ssp585
estoc,2032,1,8.01,ssp585
estoc,2032,2,8.01,ssp585
estoc,2032,3,8.02,ssp585
estoc,2032,4,8.02,ssp585
estoc,2032,5,8.02,ssp585
estoc,2032,6,8.01,ssp585
estoc,2032,7,7.99,ssp585
estoc,2032,8,7.98,ssp585
estoc,2032,9,7.98,ssp585
estoc,2032,10,7.98,ssp585
estoc,2032,11,8,ssp585
estoc,2032,12,8.01,ssp585
estoc,2033,1,8.01,ssp585
estoc,2033,2,8.02,ssp585
estoc,2033,3,8.02,ssp585
estoc,2033,4,8.01,ssp585
estoc,2033,5,8.01,ssp585
estoc,2033,6,8,ssp585
estoc,2033,7,7.99,ssp585
estoc,2033,8,7.98,ssp585
estoc,2033,9,7.98,ssp585
estoc,2033,10,7.98,ssp585
estoc,2033,11,7.99,ssp585
estoc,2033,12,8,ssp585
estoc,2034,1,8.01,ssp585
estoc,2034,2,8.01,ssp585
estoc,2034,3,8.01,ssp585
estoc,2034,4,8.01,ssp585
estoc,2034,5,8,ssp585
estoc,2034,6,7.99,ssp585
estoc,2034,7,7.98,ssp585
estoc,2034,8,7.97,ssp585
estoc,2034,9,7.97,ssp585
estoc,2034,10,7.98,ssp585
estoc,2034,11,7.99,ssp585
estoc,2034,12,8,ssp585
estoc,2035,1,8,ssp585
estoc,2035,2,8,ssp585
estoc,2035,3,8,ssp585
estoc,2035,4,8,ssp585
estoc,2035,5,8,ssp585
estoc,2035,6,7.99,ssp585
estoc,2035,7,7.98,ssp585
estoc,2035,8,7.97,ssp585
estoc,2035,9,7.97,ssp585
estoc,2035,10,7.97,ssp585
estoc,2035,11,7.98,ssp585
estoc,2035,12,8,ssp585
estoc,2036,1,8,ssp585
estoc,2036,2,8,ssp585
estoc,2036,3,8,ssp585
estoc,2036,4,8,ssp585
estoc,2036,5,8,ssp585
estoc,2036,6,7.99,ssp585
estoc,2036,7,7.98,ssp585
estoc,2036,8,7.97,ssp585
estoc,2036,9,7.96,ssp585
estoc,2036,10,7.97,ssp585
estoc,2036,11,7.98,ssp585
estoc,2036,12,7.99,ssp585
estoc,2037,1,8,ssp585
estoc,2037,2,8,ssp585
estoc,2037,3,8,ssp585
estoc,2037,4,8,ssp585
estoc,2037,5,7.99,ssp585
estoc,2037,6,7.98,ssp585
estoc,2037,7,7.98,ssp585
estoc,2037,8,7.97,ssp585
estoc,2037,9,7.97,ssp585
estoc,2037,10,7.97,ssp585
estoc,2037,11,7.98,ssp585
estoc,2037,12,7.99,ssp585
estoc,2038,1,7.99,ssp585
estoc,2038,2,7.99,ssp585
estoc,2038,3,8,ssp585
estoc,2038,4,8,ssp585
estoc,2038,5,7.99,ssp585
estoc,2038,6,7.98,ssp585
estoc,2038,7,7.97,ssp585
estoc,2038,8,7.96,ssp585
estoc,2038,9,7.95,ssp585
estoc,2038,10,7.96,ssp585
estoc,2038,11,7.97,ssp585
estoc,2038,12,7.99,ssp585
estoc,2039,1,7.99,ssp585
estoc,2039,2,7.99,ssp585
estoc,2039,3,7.99,ssp585
estoc,2039,4,7.99,ssp585
estoc,2039,5,7.99,ssp585
estoc,2039,6,7.98,ssp585
estoc,2039,7,7.97,ssp585
estoc,2039,8,7.96,ssp585
estoc,2039,9,7.96,ssp585
estoc,2039,10,7.96,ssp585
estoc,2039,11,7.97,ssp585
estoc,2039,12,7.98,ssp585
estoc,2040,1,7.98,ssp585
estoc,2040,2,7.99,ssp585
estoc,2040,3,7.99,ssp585
estoc,2040,4,7.98,ssp585
estoc,2040,5,7.98,ssp585
estoc,2040,6,7.97,ssp585
estoc,2040,7,7.96,ssp585
estoc,2040,8,7.95,ssp585
estoc,2040,9,7.95,ssp585
estoc,2040,10,7.96,ssp585
estoc,2040,11,7.97,ssp585
estoc,2040,12,7.98,ssp585
estoc,2041,1,7.99,ssp585
estoc,2041,2,7.99,ssp585
estoc,2041,3,7.99,ssp585
estoc,2041,4,7.99,ssp585
estoc,2041,5,7.98,ssp585
estoc,2041,6,7.97,ssp585
estoc,2041,7,7.96,ssp585
estoc,2041,8,7.96,ssp585
estoc,2041,9,7.95,ssp585
estoc,2041,10,7.95,ssp585
estoc,2041,11,7.96,ssp585
estoc,2041,12,7.97,ssp585
estoc,2042,1,7.98,ssp585
estoc,2042,2,7.98,ssp585
estoc,2042,3,7.98,ssp585
estoc,2042,4,7.98,ssp585
estoc,2042,5,7.97,ssp585
estoc,2042,6,7.96,ssp585
estoc,2042,7,7.95,ssp585
estoc,2042,8,7.94,ssp585
estoc,2042,9,7.94,ssp585
estoc,2042,10,7.94,ssp585
estoc,2042,11,7.96,ssp585
estoc,2042,12,7.97,ssp585
estoc,2043,1,7.98,ssp585
estoc,2043,2,7.97,ssp585
estoc,2043,3,7.97,ssp585
estoc,2043,4,7.97,ssp585
estoc,2043,5,7.97,ssp585
estoc,2043,6,7.96,ssp585
estoc,2043,7,7.95,ssp585
estoc,2043,8,7.94,ssp585
estoc,2043,9,7.94,ssp585
estoc,2043,10,7.94,ssp585
estoc,2043,11,7.95,ssp585
estoc,2043,12,7.97,ssp585
estoc,2044,1,7.97,ssp585
estoc,2044,2,7.97,ssp585
estoc,2044,3,7.98,ssp585
estoc,2044,4,7.97,ssp585
estoc,2044,5,7.97,ssp585
estoc,2044,6,7.96,ssp585
estoc,2044,7,7.94,ssp585
estoc,2044,8,7.94,ssp585
estoc,2044,9,7.94,ssp585
estoc,2044,10,7.94,ssp585
estoc,2044,11,7.95,ssp585
estoc,2044,12,7.96,ssp585
estoc,2045,1,7.97,ssp585
estoc,2045,2,7.97,ssp585
estoc,2045,3,7.98,ssp585
estoc,2045,4,7.97,ssp585
estoc,2045,5,7.97,ssp585
estoc,2045,6,7.95,ssp585
estoc,2045,7,7.94,ssp585
estoc,2045,8,7.93,ssp585
estoc,2045,9,7.93,ssp585
estoc,2045,10,7.94,ssp585
estoc,2045,11,7.95,ssp585
estoc,2045,12,7.96,ssp585
estoc,2046,1,7.96,ssp585
estoc,2046,2,7.96,ssp585
estoc,2046,3,7.97,ssp585
estoc,2046,4,7.96,ssp585
estoc,2046,5,7.96,ssp585
estoc,2046,6,7.95,ssp585
estoc,2046,7,7.94,ssp585
estoc,2046,8,7.93,ssp585
estoc,2046,9,7.92,ssp585
estoc,2046,10,7.93,ssp585
estoc,2046,11,7.94,ssp585
estoc,2046,12,7.95,ssp585
estoc,2047,1,7.95,ssp585
estoc,2047,2,7.96,ssp585
estoc,2047,3,7.96,ssp585
estoc,2047,4,7.96,ssp585
estoc,2047,5,7.95,ssp585
estoc,2047,6,7.94,ssp585
estoc,2047,7,7.93,ssp585
estoc,2047,8,7.92,ssp585
estoc,2047,9,7.92,ssp585
estoc,2047,10,7.92,ssp585
estoc,2047,11,7.94,ssp585
estoc,2047,12,7.95,ssp585
estoc,2048,1,7.96,ssp585
estoc,2048,2,7.96,ssp585
estoc,2048,3,7.96,ssp585
estoc,2048,4,7.96,ssp585
estoc,2048,5,7.95,ssp585
estoc,2048,6,7.94,ssp585
estoc,2048,7,7.93,ssp585
estoc,2048,8,7.92,ssp585
estoc,2048,9,7.92,ssp585
estoc,2048,10,7.92,ssp585
estoc,2048,11,7.94,ssp585
estoc,2048,12,7.95,ssp585
estoc,2049,1,7.95,ssp585
estoc,2049,2,7.96,ssp585
estoc,2049,3,7.96,ssp585
estoc,2049,4,7.95,ssp585
estoc,2049,5,7.95,ssp585
estoc,2049,6,7.94,ssp585
estoc,2049,7,7.93,ssp585
estoc,2049,8,7.92,ssp585
estoc,2049,9,7.92,ssp585
estoc,2049,10,7.93,ssp585
estoc,2049,11,7.93,ssp585
estoc,2049,12,7.94,ssp585
estoc,2050,1,7.95,ssp585
estoc,2050,2,7.95,ssp585
estoc,2050,3,7.95,ssp585
estoc,2050,4,7.95,ssp585
estoc,2050,5,7.94,ssp585
estoc,2050,6,7.94,ssp585
estoc,2050,7,7.93,ssp585
estoc,2050,8,7.92,ssp585
estoc,2050,9,7.92,ssp585
estoc,2050,10,7.92,ssp585
estoc,2050,11,7.93,ssp585
estoc,2050,12,7.94,ssp585
estoc,2051,1,7.94,ssp585
estoc,2051,2,7.94,ssp585
estoc,2051,3,7.95,ssp585
estoc,2051,4,7.94,ssp585
estoc,2051,5,7.93,ssp585
estoc,2051,6,7.93,ssp585
estoc,2051,7,7.92,ssp585
estoc,2051,8,7.91,ssp585
estoc,2051,9,7.91,ssp585
estoc,2051,10,7.91,ssp585
estoc,2051,11,7.92,ssp585
estoc,2051,12,7.93,ssp585
estoc,2052,1,7.94,ssp585
estoc,2052,2,7.93,ssp585
estoc,2052,3,7.94,ssp585
estoc,2052,4,7.93,ssp585
estoc,2052,5,7.93,ssp585
estoc,2052,6,7.92,ssp585
estoc,2052,7,7.91,ssp585
estoc,2052,8,7.91,ssp585
estoc,2052,9,7.9,ssp585
estoc,2052,10,7.91,ssp585
estoc,2052,11,7.92,ssp585
estoc,2052,12,7.93,ssp585
estoc,2053,1,7.93,ssp585
estoc,2053,2,7.93,ssp585
estoc,2053,3,7.94,ssp585
estoc,2053,4,7.93,ssp585
estoc,2053,5,7.93,ssp585
estoc,2053,6,7.92,ssp585
estoc,2053,7,7.91,ssp585
estoc,2053,8,7.9,ssp585
estoc,2053,9,7.9,ssp585
estoc,2053,10,7.9,ssp585
estoc,2053,11,7.92,ssp585
estoc,2053,12,7.93,ssp585
estoc,2054,1,7.93,ssp585
estoc,2054,2,7.93,ssp585
estoc,2054,3,7.93,ssp585
estoc,2054,4,7.93,ssp585
estoc,2054,5,7.93,ssp585
estoc,2054,6,7.92,ssp585
estoc,2054,7,7.91,ssp585
estoc,2054,8,7.89,ssp585
estoc,2054,9,7.89,ssp585
estoc,2054,10,7.89,ssp585
estoc,2054,11,7.91,ssp585
estoc,2054,12,7.92,ssp585
estoc,2055,1,7.92,ssp585
estoc,2055,2,7.93,ssp585
estoc,2055,3,7.93,ssp585
estoc,2055,4,7.92,ssp585
estoc,2055,5,7.92,ssp585
estoc,2055,6,7.9,ssp585
estoc,2055,7,7.9,ssp585
estoc,2055,8,7.89,ssp585
estoc,2055,9,7.89,ssp585
estoc,2055,10,7.89,ssp585
estoc,2055,11,7.9,ssp585
estoc,2055,12,7.91,ssp585
estoc,2056,1,7.91,ssp585
estoc,2056,2,7.91,ssp585
estoc,2056,3,7.92,ssp585
estoc,2056,4,7.91,ssp585
estoc,2056,5,7.91,ssp585
estoc,2056,6,7.9,ssp585
estoc,2056,7,7.89,ssp585
estoc,2056,8,7.88,ssp585
estoc,2056,9,7.88,ssp585
estoc,2056,10,7.88,ssp585
estoc,2056,11,7.89,ssp585
estoc,2056,12,7.91,ssp585
estoc,2057,1,7.91,ssp585
estoc,2057,2,7.91,ssp585
estoc,2057,3,7.91,ssp585
estoc,2057,4,7.91,ssp585
estoc,2057,5,7.91,ssp585
estoc,2057,6,7.9,ssp585
estoc,2057,7,7.88,ssp585
estoc,2057,8,7.88,ssp585
estoc,2057,9,7.87,ssp585
estoc,2057,10,7.88,ssp585
estoc,2057,11,7.89,ssp585
estoc,2057,12,7.9,ssp585
estoc,2058,1,7.9,ssp585
estoc,2058,2,7.9,ssp585
estoc,2058,3,7.91,ssp585
estoc,2058,4,7.92,ssp585
estoc,2058,5,7.9,ssp585
estoc,2058,6,7.89,ssp585
estoc,2058,7,7.88,ssp585
estoc,2058,8,7.87,ssp585
estoc,2058,9,7.87,ssp585
estoc,2058,10,7.87,ssp585
estoc,2058,11,7.89,ssp585
estoc,2058,12,7.9,ssp585
estoc,2059,1,7.9,ssp585
estoc,2059,2,7.9,ssp585
estoc,2059,3,7.9,ssp585
estoc,2059,4,7.9,ssp585
estoc,2059,5,7.9,ssp585
estoc,2059,6,7.89,ssp585
estoc,2059,7,7.89,ssp585
estoc,2059,8,7.88,ssp585
estoc,2059,9,7.87,ssp585
estoc,2059,10,7.88,ssp585
estoc,2059,11,7.88,ssp585
estoc,2059,12,7.89,ssp585
estoc,2060,1,7.89,ssp585
estoc,2060,2,7.89,ssp585
estoc,2060,3,7.9,ssp585
estoc,2060,4,7.89,ssp585
estoc,2060,5,7.89,ssp585
estoc,2060,6,7.88,ssp585
estoc,2060,7,7.87,ssp585
estoc,2060,8,7.86,ssp585
estoc,2060,9,7.86,ssp585
estoc,2060,10,7.87,ssp585
estoc,2060,11,7.88,ssp585
estoc,2060,12,7.89,ssp585
estoc,2061,1,7.89,ssp585
estoc,2061,2,7.9,ssp585
estoc,2061,3,7.89,ssp585
estoc,2061,4,7.89,ssp585
estoc,2061,5,7.88,ssp585
estoc,2061,6,7.87,ssp585
estoc,2061,7,7.87,ssp585
estoc,2061,8,7.86,ssp585
estoc,2061,9,7.85,ssp585
estoc,2061,10,7.86,ssp585
estoc,2061,11,7.87,ssp585
estoc,2061,12,7.88,ssp585
estoc,2062,1,7.88,ssp585
estoc,2062,2,7.88,ssp585
estoc,2062,3,7.88,ssp585
estoc,2062,4,7.88,ssp585
estoc,2062,5,7.88,ssp585
estoc,2062,6,7.87,ssp585
estoc,2062,7,7.86,ssp585
estoc,2062,8,7.85,ssp585
estoc,2062,9,7.85,ssp585
estoc,2062,10,7.85,ssp585
estoc,2062,11,7.86,ssp585
estoc,2062,12,7.87,ssp585
estoc,2063,1,7.88,ssp585
estoc,2063,2,7.88,ssp585
estoc,2063,3,7.88,ssp585
estoc,2063,4,7.88,ssp585
estoc,2063,5,7.87,ssp585
estoc,2063,6,7.87,ssp585
estoc,2063,7,7.86,ssp585
estoc,2063,8,7.85,ssp585
estoc,2063,9,7.84,ssp585
estoc,2063,10,7.84,ssp585
estoc,2063,11,7.86,ssp585
estoc,2063,12,7.87,ssp585
estoc,2064,1,7.87,ssp585
estoc,2064,2,7.87,ssp585
estoc,2064,3,7.87,ssp585
estoc,2064,4,7.87,ssp585
estoc,2064,5,7.86,ssp585
estoc,2064,6,7.86,ssp585
estoc,2064,7,7.85,ssp585
estoc,2064,8,7.84,ssp585
estoc,2064,9,7.84,ssp585
estoc,2064,10,7.85,ssp585
estoc,2064,11,7.86,ssp585
estoc,2064,12,7.87,ssp585
estoc,2065,1,7.87,ssp585
estoc,2065,2,7.87,ssp585
estoc,2065,3,7.87,ssp585
estoc,2065,4,7.87,ssp585
estoc,2065,5,7.86,ssp585
estoc,2065,6,7.85,ssp585
estoc,2065,7,7.84,ssp585
estoc,2065,8,7.84,ssp585
estoc,2065,9,7.84,ssp585
estoc,2065,10,7.84,ssp585
estoc,2065,11,7.85,ssp585
estoc,2065,12,7.86,ssp585
estoc,2066,1,7.87,ssp585
estoc,2066,2,7.87,ssp585
estoc,2066,3,7.87,ssp585
estoc,2066,4,7.86,ssp585
estoc,2066,5,7.85,ssp585
estoc,2066,6,7.85,ssp585
estoc,2066,7,7.84,ssp585
estoc,2066,8,7.83,ssp585
estoc,2066,9,7.83,ssp585
estoc,2066,10,7.84,ssp585
estoc,2066,11,7.85,ssp585
estoc,2066,12,7.85,ssp585
estoc,2067,1,7.86,ssp585
estoc,2067,2,7.86,ssp585
estoc,2067,3,7.86,ssp585
estoc,2067,4,7.85,ssp585
estoc,2067,5,7.85,ssp585
estoc,2067,6,7.84,ssp585
estoc,2067,7,7.83,ssp585
estoc,2067,8,7.83,ssp585
estoc,2067,9,7.82,ssp585
estoc,2067,10,7.83,ssp585
estoc,2067,11,7.84,ssp585
estoc,2067,12,7.84,ssp585
estoc,2068,1,7.85,ssp585
estoc,2068,2,7.85,ssp585
estoc,2068,3,7.85,ssp585
estoc,2068,4,7.84,ssp585
estoc,2068,5,7.84,ssp585
estoc,2068,6,7.84,ssp585
estoc,2068,7,7.83,ssp585
estoc,2068,8,7.82,ssp585
estoc,2068,9,7.82,ssp585
estoc,2068,10,7.83,ssp585
estoc,2068,11,7.84,ssp585
estoc,2068,12,7.84,ssp585
estoc,2069,1,7.84,ssp585
estoc,2069,2,7.84,ssp585
estoc,2069,3,7.85,ssp585
estoc,2069,4,7.84,ssp585
estoc,2069,5,7.84,ssp585
estoc,2069,6,7.83,ssp585
estoc,2069,7,7.82,ssp585
estoc,2069,8,7.82,ssp585
estoc,2069,9,7.82,ssp585
estoc,2069,10,7.82,ssp585
estoc,2069,11,7.83,ssp585
estoc,2069,12,7.84,ssp585
estoc,2070,1,7.84,ssp585
estoc,2070,2,7.84,ssp585
estoc,2070,3,7.84,ssp585
estoc,2070,4,7.84,ssp585
estoc,2070,5,7.83,ssp585
estoc,2070,6,7.81,ssp585
estoc,2070,7,7.81,ssp585
estoc,2070,8,7.81,ssp585
estoc,2070,9,7.81,ssp585
estoc,2070,10,7.81,ssp585
estoc,2070,11,7.82,ssp585
estoc,2070,12,7.83,ssp585
estoc,2071,1,7.83,ssp585
estoc,2071,2,7.83,ssp585
estoc,2071,3,7.83,ssp585
estoc,2071,4,7.83,ssp585
estoc,2071,5,7.83,ssp585
estoc,2071,6,7.82,ssp585
estoc,2071,7,7.81,ssp585
estoc,2071,8,7.81,ssp585
estoc,2071,9,7.8,ssp585
estoc,2071,10,7.81,ssp585
estoc,2071,11,7.82,ssp585
estoc,2071,12,7.82,ssp585
estoc,2072,1,7.83,ssp585
estoc,2072,2,7.83,ssp585
estoc,2072,3,7.83,ssp585
estoc,2072,4,7.82,ssp585
estoc,2072,5,7.82,ssp585
estoc,2072,6,7.81,ssp585
estoc,2072,7,7.8,ssp585
estoc,2072,8,7.8,ssp585
estoc,2072,9,7.8,ssp585
estoc,2072,10,7.8,ssp585
estoc,2072,11,7.81,ssp585
estoc,2072,12,7.82,ssp585
estoc,2073,1,7.83,ssp585
estoc,2073,2,7.83,ssp585
estoc,2073,3,7.82,ssp585
estoc,2073,4,7.82,ssp585
estoc,2073,5,7.82,ssp585
estoc,2073,6,7.81,ssp585
estoc,2073,7,7.81,ssp585
estoc,2073,8,7.8,ssp585
estoc,2073,9,7.79,ssp585
estoc,2073,10,7.8,ssp585
estoc,2073,11,7.81,ssp585
estoc,2073,12,7.82,ssp585
estoc,2074,1,7.82,ssp585
estoc,2074,2,7.83,ssp585
estoc,2074,3,7.83,ssp585
estoc,2074,4,7.82,ssp585
estoc,2074,5,7.81,ssp585
estoc,2074,6,7.8,ssp585
estoc,2074,7,7.79,ssp585
estoc,2074,8,7.79,ssp585
estoc,2074,9,7.78,ssp585
estoc,2074,10,7.79,ssp585
estoc,2074,11,7.8,ssp585
estoc,2074,12,7.81,ssp585
estoc,2075,1,7.82,ssp585
estoc,2075,2,7.82,ssp585
estoc,2075,3,7.82,ssp585
estoc,2075,4,7.82,ssp585
estoc,2075,5,7.81,ssp585
estoc,2075,6,7.8,ssp585
estoc,2075,7,7.79,ssp585
estoc,2075,8,7.78,ssp585
estoc,2075,9,7.78,ssp585
estoc,2075,10,7.78,ssp585
estoc,2075,11,7.79,ssp585
estoc,2075,12,7.8,ssp585
estoc,2076,1,7.81,ssp585
estoc,2076,2,7.81,ssp585
estoc,2076,3,7.81,ssp585
estoc,2076,4,7.81,ssp585
estoc,2076,5,7.8,ssp585
estoc,2076,6,7.79,ssp585
estoc,2076,7,7.79,ssp585
estoc,2076,8,7.78,ssp585
estoc,2076,9,7.78,ssp585
estoc,2076,10,7.78,ssp585
estoc,2076,11,7.79,ssp585
estoc,2076,12,7.8,ssp585
estoc,2077,1,7.81,ssp585
estoc,2077,2,7.81,ssp585
estoc,2077,3,7.81,ssp585
estoc,2077,4,7.81,ssp585
estoc,2077,5,7.8,ssp585
estoc,2077,6,7.8,ssp585
estoc,2077,7,7.78,ssp585
estoc,2077,8,7.78,ssp585
estoc,2077,9,7.77,ssp585
estoc,2077,10,7.78,ssp585
estoc,2077,11,7.79,ssp585
estoc,2077,12,7.79,ssp585
estoc,2078,1,7.8,ssp585
estoc,2078,2,7.79,ssp585
estoc,2078,3,7.79,ssp585
estoc,2078,4,7.79,ssp585
estoc,2078,5,7.79,ssp585
estoc,2078,6,7.78,ssp585
estoc,2078,7,7.78,ssp585
estoc,2078,8,7.77,ssp585
estoc,2078,9,7.77,ssp585
estoc,2078,10,7.77,ssp585
estoc,2078,11,7.78,ssp585
estoc,2078,12,7.79,ssp585
estoc,2079,1,7.79,ssp585
estoc,2079,2,7.79,ssp585
estoc,2079,3,7.79,ssp585
estoc,2079,4,7.79,ssp585
estoc,2079,5,7.78,ssp585
estoc,2079,6,7.78,ssp585
estoc,2079,7,7.76,ssp585
estoc,2079,8,7.76,ssp585
estoc,2079,9,7.76,ssp585
estoc,2079,10,7.76,ssp585
estoc,2079,11,7.77,ssp585
estoc,2079,12,7.78,ssp585
estoc,2080,1,7.79,ssp585
estoc,2080,2,7.78,ssp585
estoc,2080,3,7.78,ssp585
estoc,2080,4,7.78,ssp585
estoc,2080,5,7.77,ssp585
estoc,2080,6,7.77,ssp585
estoc,2080,7,7.76,ssp585
estoc,2080,8,7.75,ssp585
estoc,2080,9,7.75,ssp585
estoc,2080,10,7.76,ssp585
estoc,2080,11,7.77,ssp585
estoc,2080,12,7.78,ssp585
estoc,2081,1,7.78,ssp585
estoc,2081,2,7.78,ssp585
estoc,2081,3,7.78,ssp585
estoc,2081,4,7.78,ssp585
estoc,2081,5,7.77,ssp585
estoc,2081,6,7.77,ssp585
estoc,2081,7,7.76,ssp585
estoc,2081,8,7.75,ssp585
estoc,2081,9,7.75,ssp585
estoc,2081,10,7.75,ssp585
estoc,2081,11,7.76,ssp585
estoc,2081,12,7.77,ssp585
estoc,2082,1,7.78,ssp585
estoc,2082,2,7.77,ssp585
estoc,2082,3,7.77,ssp585
estoc,2082,4,7.77,ssp585
estoc,2082,5,7.77,ssp585
estoc,2082,6,7.76,ssp585
estoc,2082,7,7.75,ssp585
estoc,2082,8,7.74,ssp585
estoc,2082,9,7.74,ssp585
estoc,2082,10,7.75,ssp585
estoc,2082,11,7.76,ssp585
estoc,2082,12,7.77,ssp585
estoc,2083,1,7.77,ssp585
estoc,2083,2,7.77,ssp585
estoc,2083,3,7.76,ssp585
estoc,2083,4,7.76,ssp585
estoc,2083,5,7.76,ssp585
estoc,2083,6,7.75,ssp585
estoc,2083,7,7.75,ssp585
estoc,2083,8,7.74,ssp585
estoc,2083,9,7.74,ssp585
estoc,2083,10,7.74,ssp585
estoc,2083,11,7.75,ssp585
estoc,2083,12,7.76,ssp585
estoc,2084,1,7.76,ssp585
estoc,2084,2,7.76,ssp585
estoc,2084,3,7.76,ssp585
estoc,2084,4,7.75,ssp585
estoc,2084,5,7.75,ssp585
estoc,2084,6,7.74,ssp585
estoc,2084,7,7.74,ssp585
estoc,2084,8,7.73,ssp585
estoc,2084,9,7.73,ssp585
estoc,2084,10,7.74,ssp585
estoc,2084,11,7.74,ssp585
estoc,2084,12,7.75,ssp585
estoc,2085,1,7.76,ssp585
estoc,2085,2,7.76,ssp585
estoc,2085,3,7.76,ssp585
estoc,2085,4,7.75,ssp585
estoc,2085,5,7.75,ssp585
estoc,2085,6,7.74,ssp585
estoc,2085,7,7.73,ssp585
estoc,2085,8,7.73,ssp585
estoc,2085,9,7.72,ssp585
estoc,2085,10,7.73,ssp585
estoc,2085,11,7.74,ssp585
estoc,2085,12,7.74,ssp585
estoc,2086,1,7.75,ssp585
estoc,2086,2,7.75,ssp585
estoc,2086,3,7.74,ssp585
estoc,2086,4,7.74,ssp585
estoc,2086,5,7.74,ssp585
estoc,2086,6,7.74,ssp585
estoc,2086,7,7.72,ssp585
estoc,2086,8,7.72,ssp585
estoc,2086,9,7.72,ssp585
estoc,2086,10,7.72,ssp585
estoc,2086,11,7.73,ssp585
estoc,2086,12,7.74,ssp585
estoc,2087,1,7.75,ssp585
estoc,2087,2,7.75,ssp585
estoc,2087,3,7.75,ssp585
estoc,2087,4,7.74,ssp585
estoc,2087,5,7.73,ssp585
estoc,2087,6,7.73,ssp585
estoc,2087,7,7.72,ssp585
estoc,2087,8,7.72,ssp585
estoc,2087,9,7.72,ssp585
estoc,2087,10,7.72,ssp585
estoc,2087,11,7.72,ssp585
estoc,2087,12,7.73,ssp585
estoc,2088,1,7.74,ssp585
estoc,2088,2,7.74,ssp585
estoc,2088,3,7.74,ssp585
estoc,2088,4,7.74,ssp585
estoc,2088,5,7.73,ssp585
estoc,2088,6,7.73,ssp585
estoc,2088,7,7.72,ssp585
estoc,2088,8,7.71,ssp585
estoc,2088,9,7.71,ssp585
estoc,2088,10,7.71,ssp585
estoc,2088,11,7.72,ssp585
estoc,2088,12,7.73,ssp585
estoc,2089,1,7.74,ssp585
estoc,2089,2,7.74,ssp585
estoc,2089,3,7.74,ssp585
estoc,2089,4,7.73,ssp585
estoc,2089,5,7.73,ssp585
estoc,2089,6,7.72,ssp585
estoc,2089,7,7.71,ssp585
estoc,2089,8,7.71,ssp585
estoc,2089,9,7.7,ssp585
estoc,2089,10,7.71,ssp585
estoc,2089,11,7.72,ssp585
estoc,2089,12,7.73,ssp585
estoc,2090,1,7.73,ssp585
estoc,2090,2,7.73,ssp585
estoc,2090,3,7.73,ssp585
estoc,2090,4,7.73,ssp585
estoc,2090,5,7.72,ssp585
estoc,2090,6,7.71,ssp585
estoc,2090,7,7.71,ssp585
estoc,2090,8,7.7,ssp585
estoc,2090,9,7.7,ssp585
estoc,2090,10,7.7,ssp585
estoc,2090,11,7.71,ssp585
estoc,2090,12,7.72,ssp585
estoc,2091,1,7.73,ssp585
estoc,2091,2,7.73,ssp585
estoc,2091,3,7.72,ssp585
estoc,2091,4,7.72,ssp585
estoc,2091,5,7.71,ssp585
estoc,2091,6,7.71,ssp585
estoc,2091,7,7.7,ssp585
estoc,2091,8,7.7,ssp585
estoc,2091,9,7.69,ssp585
estoc,2091,10,7.69,ssp585
estoc,2091,11,7.7,ssp585
estoc,2091,12,7.71,ssp585
estoc,2092,1,7.72,ssp585
estoc,2092,2,7.72,ssp585
estoc,2092,3,7.71,ssp585
estoc,2092,4,7.71,ssp585
estoc,2092,5,7.71,ssp585
estoc,2092,6,7.7,ssp585
estoc,2092,7,7.69,ssp585
estoc,2092,8,7.69,ssp585
estoc,2092,9,7.68,ssp585
estoc,2092,10,7.69,ssp585
estoc,2092,11,7.7,ssp585
estoc,2092,12,7.71,ssp585
estoc,2093,1,7.71,ssp585
estoc,2093,2,7.71,ssp585
estoc,2093,3,7.71,ssp585
estoc,2093,4,7.71,ssp585
estoc,2093,5,7.7,ssp585
estoc,2093,6,7.7,ssp585
estoc,2093,7,7.68,ssp585
estoc,2093,8,7.68,ssp585
estoc,2093,9,7.68,ssp585
estoc,2093,10,7.69,ssp585
estoc,2093,11,7.69,ssp585
estoc,2093,12,7.7,ssp585
estoc,2094,1,7.71,ssp585
estoc,2094,2,7.71,ssp585
estoc,2094,3,7.71,ssp585
estoc,2094,4,7.7,ssp585
estoc,2094,5,7.7,ssp585
estoc,2094,6,7.69,ssp585
estoc,2094,7,7.69,ssp585
estoc,2094,8,7.68,ssp585
estoc,2094,9,7.68,ssp585
estoc,2094,10,7.68,ssp585
estoc,2094,11,7.69,ssp585
estoc,2094,12,7.7,ssp585
estoc,2095,1,7.7,ssp585
estoc,2095,2,7.7,ssp585
estoc,2095,3,7.69,ssp585
estoc,2095,4,7.69,ssp585
estoc,2095,5,7.69,ssp585
estoc,2095,6,7.69,ssp585
estoc,2095,7,7.68,ssp585
estoc,2095,8,7.68,ssp585
estoc,2095,9,7.68,ssp585
estoc,2095,10,7.68,ssp585
estoc,2095,11,7.69,ssp585
estoc,2095,12,7.7,ssp585
estoc,2096,1,7.7,ssp585
estoc,2096,2,7.7,ssp585
estoc,2096,3,7.7,ssp585
estoc,2096,4,7.69,ssp585
estoc,2096,5,7.69,ssp585
estoc,2096,6,7.68,ssp585
estoc,2096,7,7.67,ssp585
estoc,2096,8,7.67,ssp585
estoc,2096,9,7.67,ssp585
estoc,2096,10,7.67,ssp585
estoc,2096,11,7.68,ssp585
estoc,2096,12,7.69,ssp585
estoc,2097,1,7.69,ssp585
estoc,2097,2,7.69,ssp585
estoc,2097,3,7.69,ssp585
estoc,2097,4,7.69,ssp585
estoc,2097,5,7.68,ssp585
estoc,2097,6,7.67,ssp585
estoc,2097,7,7.66,ssp585
estoc,2097,8,7.66,ssp585
estoc,2097,9,7.66,ssp585
estoc,2097,10,7.66,ssp585
estoc,2097,11,7.67,ssp585
estoc,2097,12,7.68,ssp585
estoc,2098,1,7.68,ssp585
estoc,2098,2,7.68,ssp585
estoc,2098,3,7.68,ssp585
estoc,2098,4,7.68,ssp585
estoc,2098,5,7.67,ssp585
estoc,2098,6,7.67,ssp585
estoc,2098,7,7.66,ssp585
estoc,2098,8,7.66,ssp585
estoc,2098,9,7.66,ssp585
estoc,2098,10,7.66,ssp585
estoc,2098,11,7.67,ssp585
estoc,2098,12,7.67,ssp585
estoc,2099,1,7.67,ssp585
estoc,2099,2,7.67,ssp585
estoc,2099,3,7.67,ssp585
estoc,2099,4,7.67,ssp585
estoc,2099,5,7.67,ssp585
estoc,2099,6,7.66,ssp585
estoc,2099,7,7.66,ssp585
estoc,2099,8,7.65,ssp585
estoc,2099,9,7.65,ssp585
estoc,2099,10,7.66,ssp585
estoc,2099,11,7.67,ssp585
estoc,2099,12,7.67,ssp585
estoc,2100,1,7.67,ssp585
estoc,2100,2,7.67,ssp585
estoc,2100,3,7.67,ssp585
estoc,2100,4,7.67,ssp585
estoc,2100,5,7.66,ssp585
estoc,2100,6,7.66,ssp585
estoc,2100,7,7.66,ssp585
estoc,2100,8,7.65,ssp585
estoc,2100,9,7.65,ssp585
estoc,2100,10,7.65,ssp585
estoc,2100,11,7.66,ssp585
estoc,2100,12,7.66,ssp585
hot,1850,1,8.18,historical
hot,1850,2,8.19,historical
hot,1850,3,8.19,historical
hot,1850,4,8.19,historical
hot,1850,5,8.17,historical
hot,1850,6,8.16,historical
hot,1850,7,8.16,historical
hot,1850,8,8.15,historical
hot,1850,9,8.15,historical
hot,1850,10,8.16,historical
hot,1850,11,8.17,historical
hot,1850,12,8.17,historical
hot,1851,1,8.18,historical
hot,1851,2,8.19,historical
hot,1851,3,8.19,historical
hot,1851,4,8.19,historical
hot,1851,5,8.18,historical
hot,1851,6,8.16,historical
hot,1851,7,8.16,historical
hot,1851,8,8.15,historical
hot,1851,9,8.15,historical
hot,1851,10,8.15,historical
hot,1851,11,8.16,historical
hot,1851,12,8.18,historical
hot,1852,1,8.19,historical
hot,1852,2,8.19,historical
hot,1852,3,8.19,historical
hot,1852,4,8.19,historical
hot,1852,5,8.18,historical
hot,1852,6,8.17,historical
hot,1852,7,8.16,historical
hot,1852,8,8.16,historical
hot,1852,9,8.16,historical
hot,1852,10,8.16,historical
hot,1852,11,8.17,historical
hot,1852,12,8.18,historical
hot,1853,1,8.19,historical
hot,1853,2,8.2,historical
hot,1853,3,8.2,historical
hot,1853,4,8.19,historical
hot,1853,5,8.18,historical
hot,1853,6,8.16,historical
hot,1853,7,8.16,historical
hot,1853,8,8.16,historical
hot,1853,9,8.16,historical
hot,1853,10,8.16,historical
hot,1853,11,8.17,historical
hot,1853,12,8.18,historical
hot,1854,1,8.19,historical
hot,1854,2,8.2,historical
hot,1854,3,8.2,historical
hot,1854,4,8.19,historical
hot,1854,5,8.18,historical
hot,1854,6,8.17,historical
hot,1854,7,8.17,historical
hot,1854,8,8.16,historical
hot,1854,9,8.16,historical
hot,1854,10,8.16,historical
hot,1854,11,8.17,historical
hot,1854,12,8.18,historical
hot,1855,1,8.19,historical
hot,1855,2,8.19,historical
hot,1855,3,8.19,historical
hot,1855,4,8.19,historical
hot,1855,5,8.17,historical
hot,1855,6,8.16,historical
hot,1855,7,8.15,historical
hot,1855,8,8.15,historical
hot,1855,9,8.15,historical
hot,1855,10,8.16,historical
hot,1855,11,8.17,historical
hot,1855,12,8.18,historical
hot,1856,1,8.19,historical
hot,1856,2,8.19,historical
hot,1856,3,8.19,historical
hot,1856,4,8.19,historical
hot,1856,5,8.18,historical
hot,1856,6,8.17,historical
hot,1856,7,8.16,historical
hot,1856,8,8.16,historical
hot,1856,9,8.16,historical
hot,1856,10,8.16,historical
hot,1856,11,8.17,historical
hot,1856,12,8.18,historical
hot,1857,1,8.19,historical
hot,1857,2,8.19,historical
hot,1857,3,8.19,historical
hot,1857,4,8.19,historical
hot,1857,5,8.18,historical
hot,1857,6,8.17,historical
hot,1857,7,8.16,historical
hot,1857,8,8.16,historical
hot,1857,9,8.16,historical
hot,1857,10,8.17,historical
hot,1857,11,8.18,historical
hot,1857,12,8.19,historical
hot,1858,1,8.19,historical
hot,1858,2,8.2,historical
hot,1858,3,8.19,historical
hot,1858,4,8.19,historical
hot,1858,5,8.18,historical
hot,1858,6,8.17,historical
hot,1858,7,8.16,historical
hot,1858,8,8.16,historical
hot,1858,9,8.16,historical
hot,1858,10,8.17,historical
hot,1858,11,8.17,historical
hot,1858,12,8.18,historical
hot,1859,1,8.19,historical
hot,1859,2,8.2,historical
hot,1859,3,8.19,historical
hot,1859,4,8.19,historical
hot,1859,5,8.18,historical
hot,1859,6,8.17,historical
hot,1859,7,8.16,historical
hot,1859,8,8.16,historical
hot,1859,9,8.15,historical
hot,1859,10,8.16,historical
hot,1859,11,8.17,historical
hot,1859,12,8.18,historical
hot,1860,1,8.19,historical
hot,1860,2,8.19,historical
hot,1860,3,8.19,historical
hot,1860,4,8.19,historical
hot,1860,5,8.18,historical
hot,1860,6,8.17,historical
hot,1860,7,8.16,historical
hot,1860,8,8.15,historical
hot,1860,9,8.15,historical
hot,1860,10,8.16,historical
hot,1860,11,8.17,historical
hot,1860,12,8.18,historical
hot,1861,1,8.19,historical
hot,1861,2,8.19,historical
hot,1861,3,8.19,historical
hot,1861,4,8.18,historical
hot,1861,5,8.17,historical
hot,1861,6,8.16,historical
hot,1861,7,8.15,historical
hot,1861,8,8.15,historical
hot,1861,9,8.15,historical
hot,1861,10,8.15,historical
hot,1861,11,8.16,historical
hot,1861,12,8.18,historical
hot,1862,1,8.18,historical
hot,1862,2,8.19,historical
hot,1862,3,8.19,historical
hot,1862,4,8.18,historical
hot,1862,5,8.17,historical
hot,1862,6,8.16,historical
hot,1862,7,8.15,historical
hot,1862,8,8.15,historical
hot,1862,9,8.15,historical
hot,1862,10,8.16,historical
hot,1862,11,8.17,historical
hot,1862,12,8.18,historical
hot,1863,1,8.18,historical
hot,1863,2,8.19,historical
hot,1863,3,8.19,historical
hot,1863,4,8.18,historical
hot,1863,5,8.17,historical
hot,1863,6,8.16,historical
hot,1863,7,8.15,historical
hot,1863,8,8.15,historical
hot,1863,9,8.15,historical
hot,1863,10,8.15,historical
hot,1863,11,8.16,historical
hot,1863,12,8.17,historical
hot,1864,1,8.18,historical
hot,1864,2,8.19,historical
hot,1864,3,8.19,historical
hot,1864,4,8.18,historical
hot,1864,5,8.17,historical
hot,1864,6,8.16,historical
hot,1864,7,8.15,historical
hot,1864,8,8.15,historical
hot,1864,9,8.15,historical
hot,1864,10,8.15,historical
hot,1864,11,8.16,historical
hot,1864,12,8.17,historical
hot,1865,1,8.18,historical
hot,1865,2,8.19,historical
hot,1865,3,8.19,historical
hot,1865,4,8.18,historical
hot,1865,5,8.17,historical
hot,1865,6,8.16,historical
hot,1865,7,8.16,historical
hot,1865,8,8.15,historical
hot,1865,9,8.15,historical
hot,1865,10,8.16,historical
hot,1865,11,8.16,historical
hot,1865,12,8.17,historical
hot,1866,1,8.18,historical
hot,1866,2,8.19,historical
hot,1866,3,8.19,historical
hot,1866,4,8.19,historical
hot,1866,5,8.18,historical
hot,1866,6,8.16,historical
hot,1866,7,8.15,historical
hot,1866,8,8.15,historical
hot,1866,9,8.15,historical
hot,1866,10,8.16,historical
hot,1866,11,8.17,historical
hot,1866,12,8.18,historical
hot,1867,1,8.18,historical
hot,1867,2,8.19,historical
hot,1867,3,8.19,historical
hot,1867,4,8.19,historical
hot,1867,5,8.18,historical
hot,1867,6,8.16,historical
hot,1867,7,8.15,historical
hot,1867,8,8.15,historical
hot,1867,9,8.15,historical
hot,1867,10,8.15,historical
hot,1867,11,8.16,historical
hot,1867,12,8.18,historical
hot,1868,1,8.19,historical
hot,1868,2,8.19,historical
hot,1868,3,8.19,historical
hot,1868,4,8.19,historical
hot,1868,5,8.18,historical
hot,1868,6,8.17,historical
hot,1868,7,8.16,historical
hot,1868,8,8.15,historical
hot,1868,9,8.15,historical
hot,1868,10,8.16,historical
hot,1868,11,8.17,historical
hot,1868,12,8.18,historical
hot,1869,1,8.18,historical
hot,1869,2,8.19,historical
hot,1869,3,8.19,historical
hot,1869,4,8.19,historical
hot,1869,5,8.18,historical
hot,1869,6,8.16,historical
hot,1869,7,8.16,historical
hot,1869,8,8.15,historical
hot,1869,9,8.16,historical
hot,1869,10,8.16,historical
hot,1869,11,8.17,historical
hot,1869,12,8.18,historical
hot,1870,1,8.19,historical
hot,1870,2,8.19,historical
hot,1870,3,8.18,historical
hot,1870,4,8.18,historical
hot,1870,5,8.17,historical
hot,1870,6,8.17,historical
hot,1870,7,8.16,historical
hot,1870,8,8.16,historical
hot,1870,9,8.16,historical
hot,1870,10,8.16,historical
hot,1870,11,8.17,historical
hot,1870,12,8.18,historical
hot,1871,1,8.19,historical
hot,1871,2,8.19,historical
hot,1871,3,8.19,historical
hot,1871,4,8.18,historical
hot,1871,5,8.17,historical
hot,1871,6,8.16,historical
hot,1871,7,8.16,historical
hot,1871,8,8.15,historical
hot,1871,9,8.15,historical
hot,1871,10,8.15,historical
hot,1871,11,8.16,historical
hot,1871,12,8.18,historical
hot,1872,1,8.19,historical
hot,1872,2,8.19,historical
hot,1872,3,8.19,historical
hot,1872,4,8.19,historical
hot,1872,5,8.18,historical
hot,1872,6,8.16,historical
hot,1872,7,8.16,historical
hot,1872,8,8.15,historical
hot,1872,9,8.15,historical
hot,1872,10,8.15,historical
hot,1872,11,8.16,historical
hot,1872,12,8.18,historical
hot,1873,1,8.18,historical
hot,1873,2,8.19,historical
hot,1873,3,8.19,historical
hot,1873,4,8.18,historical
hot,1873,5,8.17,historical
hot,1873,6,8.16,historical
hot,1873,7,8.15,historical
hot,1873,8,8.14,historical
hot,1873,9,8.14,historical
hot,1873,10,8.15,historical
hot,1873,11,8.16,historical
hot,1873,12,8.17,historical
hot,1874,1,8.18,historical
hot,1874,2,8.18,historical
hot,1874,3,8.19,historical
hot,1874,4,8.19,historical
hot,1874,5,8.17,historical
hot,1874,6,8.15,historical
hot,1874,7,8.15,historical
hot,1874,8,8.15,historical
hot,1874,9,8.15,historical
hot,1874,10,8.16,historical
hot,1874,11,8.17,historical
hot,1874,12,8.18,historical
hot,1875,1,8.19,historical
hot,1875,2,8.19,historical
hot,1875,3,8.19,historical
hot,1875,4,8.19,historical
hot,1875,5,8.18,historical
hot,1875,6,8.16,historical
hot,1875,7,8.16,historical
hot,1875,8,8.15,historical
hot,1875,9,8.15,historical
hot,1875,10,8.16,historical
hot,1875,11,8.17,historical
hot,1875,12,8.18,historical
hot,1876,1,8.18,historical
hot,1876,2,8.19,historical
hot,1876,3,8.19,historical
hot,1876,4,8.18,historical
hot,1876,5,8.17,historical
hot,1876,6,8.16,historical
hot,1876,7,8.15,historical
hot,1876,8,8.14,historical
hot,1876,9,8.14,historical
hot,1876,10,8.15,historical
hot,1876,11,8.16,historical
hot,1876,12,8.17,historical
hot,1877,1,8.18,historical
hot,1877,2,8.19,historical
hot,1877,3,8.19,historical
hot,1877,4,8.18,historical
hot,1877,5,8.18,historical
hot,1877,6,8.16,historical
hot,1877,7,8.16,historical
hot,1877,8,8.15,historical
hot,1877,9,8.15,historical
hot,1877,10,8.16,historical
hot,1877,11,8.17,historical
hot,1877,12,8.18,historical
hot,1878,1,8.19,historical
hot,1878,2,8.19,historical
hot,1878,3,8.19,historical
hot,1878,4,8.18,historical
hot,1878,5,8.17,historical
hot,1878,6,8.15,historical
hot,1878,7,8.15,historical
hot,1878,8,8.15,historical
hot,1878,9,8.15,historical
hot,1878,10,8.15,historical
hot,1878,11,8.16,historical
hot,1878,12,8.17,historical
hot,1879,1,8.18,historical
hot,1879,2,8.19,historical
hot,1879,3,8.19,historical
hot,1879,4,8.18,historical
hot,1879,5,8.17,historical
hot,1879,6,8.16,historical
hot,1879,7,8.16,historical
hot,1879,8,8.15,historical
hot,1879,9,8.15,historical
hot,1879,10,8.15,historical
hot,1879,11,8.16,historical
hot,1879,12,8.17,historical
hot,1880,1,8.18,historical
hot,1880,2,8.18,historical
hot,1880,3,8.19,historical
hot,1880,4,8.18,historical
hot,1880,5,8.17,historical
hot,1880,6,8.16,historical
hot,1880,7,8.15,historical
hot,1880,8,8.15,historical
hot,1880,9,8.15,historical
hot,1880,10,8.16,historical
hot,1880,11,8.16,historical
hot,1880,12,8.18,historical
hot,1881,1,8.18,historical
hot,1881,2,8.19,historical
hot,1881,3,8.19,historical
hot,1881,4,8.19,historical
hot,1881,5,8.18,historical
hot,1881,6,8.16,historical
hot,1881,7,8.16,historical
hot,1881,8,8.15,historical
hot,1881,9,8.15,historical
hot,1881,10,8.15,historical
hot,1881,11,8.16,historical
hot,1881,12,8.18,historical
hot,1882,1,8.18,historical
hot,1882,2,8.19,historical
hot,1882,3,8.18,historical
hot,1882,4,8.18,historical
hot,1882,5,8.17,historical
hot,1882,6,8.16,historical
hot,1882,7,8.15,historical
hot,1882,8,8.15,historical
hot,1882,9,8.15,historical
hot,1882,10,8.15,historical
hot,1882,11,8.16,historical
hot,1882,12,8.17,historical
hot,1883,1,8.18,historical
hot,1883,2,8.18,historical
hot,1883,3,8.18,historical
hot,1883,4,8.17,historical
hot,1883,5,8.16,historical
hot,1883,6,8.16,historical
hot,1883,7,8.15,historical
hot,1883,8,8.15,historical
hot,1883,9,8.15,historical
hot,1883,10,8.15,historical
hot,1883,11,8.16,historical
hot,1883,12,8.17,historical
hot,1884,1,8.18,historical
hot,1884,2,8.19,historical
hot,1884,3,8.19,historical
hot,1884,4,8.18,historical
hot,1884,5,8.17,historical
hot,1884,6,8.16,historical
hot,1884,7,8.16,historical
hot,1884,8,8.16,historical
hot,1884,9,8.16,historical
hot,1884,10,8.16,historical
hot,1884,11,8.17,historical
hot,1884,12,8.18,historical
hot,1885,1,8.18,historical
hot,1885,2,8.18,historical
hot,1885,3,8.18,historical
hot,1885,4,8.18,historical
hot,1885,5,8.17,historical
hot,1885,6,8.16,historical
hot,1885,7,8.15,historical
hot,1885,8,8.15,historical
hot,1885,9,8.15,historical
hot,1885,10,8.15,historical
hot,1885,11,8.16,historical
hot,1885,12,8.17,historical
hot,1886,1,8.18,historical
hot,1886,2,8.18,historical
hot,1886,3,8.18,historical
hot,1886,4,8.18,historical
hot,1886,5,8.17,historical
hot,1886,6,8.16,historical
hot,1886,7,8.15,historical
hot,1886,8,8.15,historical
hot,1886,9,8.15,historical
hot,1886,10,8.15,historical
hot,1886,11,8.16,historical
hot,1886,12,8.17,historical
hot,1887,1,8.18,historical
hot,1887,2,8.18,historical
hot,1887,3,8.18,historical
hot,1887,4,8.17,historical
hot,1887,5,8.16,historical
hot,1887,6,8.15,historical
hot,1887,7,8.15,historical
hot,1887,8,8.15,historical
hot,1887,9,8.15,historical
hot,1887,10,8.15,historical
hot,1887,11,8.16,historical
hot,1887,12,8.17,historical
hot,1888,1,8.18,historical
hot,1888,2,8.19,historical
hot,1888,3,8.19,historical
hot,1888,4,8.18,historical
hot,1888,5,8.17,historical
hot,1888,6,8.16,historical
hot,1888,7,8.15,historical
hot,1888,8,8.15,historical
hot,1888,9,8.15,historical
hot,1888,10,8.15,historical
hot,1888,11,8.16,historical
hot,1888,12,8.17,historical
hot,1889,1,8.18,historical
hot,1889,2,8.18,historical
hot,1889,3,8.18,historical
hot,1889,4,8.18,historical
hot,1889,5,8.18,historical
hot,1889,6,8.16,historical
hot,1889,7,8.16,historical
hot,1889,8,8.15,historical
hot,1889,9,8.15,historical
hot,1889,10,8.15,historical
hot,1889,11,8.17,historical
hot,1889,12,8.18,historical
hot,1890,1,8.18,historical
hot,1890,2,8.19,historical
hot,1890,3,8.19,historical
hot,1890,4,8.18,historical
hot,1890,5,8.17,historical
hot,1890,6,8.16,historical
hot,1890,7,8.15,historical
hot,1890,8,8.15,historical
hot,1890,9,8.15,historical
hot,1890,10,8.15,historical
hot,1890,11,8.16,historical
hot,1890,12,8.17,historical
hot,1891,1,8.18,historical
hot,1891,2,8.19,historical
hot,1891,3,8.19,historical
hot,1891,4,8.19,historical
hot,1891,5,8.17,historical
hot,1891,6,8.16,historical
hot,1891,7,8.15,historical
hot,1891,8,8.15,historical
hot,1891,9,8.14,historical
hot,1891,10,8.15,historical
hot,1891,11,8.16,historical
hot,1891,12,8.17,historical
hot,1892,1,8.18,historical
hot,1892,2,8.18,historical
hot,1892,3,8.18,historical
hot,1892,4,8.18,historical
hot,1892,5,8.17,historical
hot,1892,6,8.16,historical
hot,1892,7,8.15,historical
hot,1892,8,8.15,historical
hot,1892,9,8.15,historical
hot,1892,10,8.16,historical
hot,1892,11,8.16,historical
hot,1892,12,8.17,historical
hot,1893,1,8.18,historical
hot,1893,2,8.18,historical
hot,1893,3,8.19,historical
hot,1893,4,8.18,historical
hot,1893,5,8.17,historical
hot,1893,6,8.15,historical
hot,1893,7,8.15,historical
hot,1893,8,8.14,historical
hot,1893,9,8.15,historical
hot,1893,10,8.15,historical
hot,1893,11,8.16,historical
hot,1893,12,8.17,historical
hot,1894,1,8.18,historical
hot,1894,2,8.19,historical
hot,1894,3,8.18,historical
hot,1894,4,8.18,historical
hot,1894,5,8.17,historical
hot,1894,6,8.16,historical
hot,1894,7,8.15,historical
hot,1894,8,8.14,historical
hot,1894,9,8.15,historical
hot,1894,10,8.15,historical
hot,1894,11,8.16,historical
hot,1894,12,8.17,historical
hot,1895,1,8.18,historical
hot,1895,2,8.19,historical
hot,1895,3,8.19,historical
hot,1895,4,8.18,historical
hot,1895,5,8.18,historical
hot,1895,6,8.16,historical
hot,1895,7,8.15,historical
hot,1895,8,8.15,historical
hot,1895,9,8.15,historical
hot,1895,10,8.15,historical
hot,1895,11,8.16,historical
hot,1895,12,8.17,historical
hot,1896,1,8.18,historical
hot,1896,2,8.18,historical
hot,1896,3,8.18,historical
hot,1896,4,8.18,historical
hot,1896,5,8.17,historical
hot,1896,6,8.16,historical
hot,1896,7,8.15,historical
hot,1896,8,8.15,historical
hot,1896,9,8.15,historical
hot,1896,10,8.16,historical
hot,1896,11,8.17,historical
hot,1896,12,8.17,historical
hot,1897,1,8.18,historical
hot,1897,2,8.18,historical
hot,1897,3,8.18,historical
hot,1897,4,8.17,historical
hot,1897,5,8.16,historical
hot,1897,6,8.15,historical
hot,1897,7,8.14,historical
hot,1897,8,8.14,historical
hot,1897,9,8.14,historical
hot,1897,10,8.14,historical
hot,1897,11,8.15,historical
hot,1897,12,8.17,historical
hot,1898,1,8.18,historical
hot,1898,2,8.18,historical
hot,1898,3,8.18,historical
hot,1898,4,8.17,historical
hot,1898,5,8.16,historical
hot,1898,6,8.15,historical
hot,1898,7,8.15,historical
hot,1898,8,8.14,historical
hot,1898,9,8.14,historical
hot,1898,10,8.14,historical
hot,1898,11,8.16,historical
hot,1898,12,8.17,historical
hot,1899,1,8.18,historical
hot,1899,2,8.18,historical
hot,1899,3,8.18,historical
hot,1899,4,8.18,historical
hot,1899,5,8.17,historical
hot,1899,6,8.16,historical
hot,1899,7,8.15,historical
hot,1899,8,8.15,historical
hot,1899,9,8.15,historical
hot,1899,10,8.15,historical
hot,1899,11,8.16,historical
hot,1899,12,8.17,historical
hot,1900,1,8.18,historical
hot,1900,2,8.18,historical
hot,1900,3,8.18,historical
hot,1900,4,8.18,historical
hot,1900,5,8.17,historical
hot,1900,6,8.16,historical
hot,1900,7,8.15,historical
hot,1900,8,8.15,historical
hot,1900,9,8.15,historical
hot,1900,10,8.15,historical
hot,1900,11,8.16,historical
hot,1900,12,8.17,historical
hot,1901,1,8.18,historical
hot,1901,2,8.18,historical
hot,1901,3,8.18,historical
hot,1901,4,8.18,historical
hot,1901,5,8.17,historical
hot,1901,6,8.15,historical
hot,1901,7,8.14,historical
hot,1901,8,8.14,historical
hot,1901,9,8.14,historical
hot,1901,10,8.15,historical
hot,1901,11,8.16,historical
hot,1901,12,8.17,historical
hot,1902,1,8.17,historical
hot,1902,2,8.18,historical
hot,1902,3,8.18,historical
hot,1902,4,8.17,historical
hot,1902,5,8.16,historical
hot,1902,6,8.15,historical
hot,1902,7,8.15,historical
hot,1902,8,8.14,historical
hot,1902,9,8.14,historical
hot,1902,10,8.15,historical
hot,1902,11,8.16,historical
hot,1902,12,8.17,historical
hot,1903,1,8.18,historical
hot,1903,2,8.18,historical
hot,1903,3,8.18,historical
hot,1903,4,8.18,historical
hot,1903,5,8.17,historical
hot,1903,6,8.15,historical
hot,1903,7,8.14,historical
hot,1903,8,8.14,historical
hot,1903,9,8.14,historical
hot,1903,10,8.15,historical
hot,1903,11,8.16,historical
hot,1903,12,8.17,historical
hot,1904,1,8.18,historical
hot,1904,2,8.18,historical
hot,1904,3,8.18,historical
hot,1904,4,8.18,historical
hot,1904,5,8.16,historical
hot,1904,6,8.15,historical
hot,1904,7,8.14,historical
hot,1904,8,8.14,historical
hot,1904,9,8.13,historical
hot,1904,10,8.14,historical
hot,1904,11,8.15,historical
hot,1904,12,8.16,historical
hot,1905,1,8.17,historical
hot,1905,2,8.18,historical
hot,1905,3,8.18,historical
hot,1905,4,8.18,historical
hot,1905,5,8.17,historical
hot,1905,6,8.15,historical
hot,1905,7,8.15,historical
hot,1905,8,8.14,historical
hot,1905,9,8.14,historical
hot,1905,10,8.15,historical
hot,1905,11,8.16,historical
hot,1905,12,8.17,historical
hot,1906,1,8.18,historical
hot,1906,2,8.18,historical
hot,1906,3,8.18,historical
hot,1906,4,8.18,historical
hot,1906,5,8.17,historical
hot,1906,6,8.15,historical
hot,1906,7,8.14,historical
hot,1906,8,8.14,historical
hot,1906,9,8.14,historical
hot,1906,10,8.15,historical
hot,1906,11,8.15,historical
hot,1906,12,8.16,historical
hot,1907,1,8.17,historical
hot,1907,2,8.18,historical
hot,1907,3,8.18,historical
hot,1907,4,8.17,historical
hot,1907,5,8.16,historical
hot,1907,6,8.15,historical
hot,1907,7,8.14,historical
hot,1907,8,8.14,historical
hot,1907,9,8.14,historical
hot,1907,10,8.14,historical
hot,1907,11,8.15,historical
hot,1907,12,8.16,historical
hot,1908,1,8.17,historical
hot,1908,2,8.18,historical
hot,1908,3,8.18,historical
hot,1908,4,8.17,historical
hot,1908,5,8.16,historical
hot,1908,6,8.15,historical
hot,1908,7,8.14,historical
hot,1908,8,8.14,historical
hot,1908,9,8.14,historical
hot,1908,10,8.15,historical
hot,1908,11,8.16,historical
hot,1908,12,8.17,historical
hot,1909,1,8.17,historical
hot,1909,2,8.18,historical
hot,1909,3,8.18,historical
hot,1909,4,8.17,historical
hot,1909,5,8.16,historical
hot,1909,6,8.15,historical
hot,1909,7,8.15,historical
hot,1909,8,8.14,historical
hot,1909,9,8.14,historical
hot,1909,10,8.15,historical
hot,1909,11,8.16,historical
hot,1909,12,8.16,historical
hot,1910,1,8.17,historical
hot,1910,2,8.18,historical
hot,1910,3,8.18,historical
hot,1910,4,8.18,historical
hot,1910,5,8.16,historical
hot,1910,6,8.15,historical
hot,1910,7,8.14,historical
hot,1910,8,8.14,historical
hot,1910,9,8.14,historical
hot,1910,10,8.15,historical
hot,1910,11,8.16,historical
hot,1910,12,8.17,historical
hot,1911,1,8.18,historical
hot,1911,2,8.18,historical
hot,1911,3,8.18,historical
hot,1911,4,8.17,historical
hot,1911,5,8.16,historical
hot,1911,6,8.15,historical
hot,1911,7,8.14,historical
hot,1911,8,8.14,historical
hot,1911,9,8.14,historical
hot,1911,10,8.14,historical
hot,1911,11,8.15,historical
hot,1911,12,8.17,historical
hot,1912,1,8.18,historical
hot,1912,2,8.18,historical
hot,1912,3,8.18,historical
hot,1912,4,8.18,historical
hot,1912,5,8.17,historical
hot,1912,6,8.15,historical
hot,1912,7,8.14,historical
hot,1912,8,8.14,historical
hot,1912,9,8.14,historical
hot,1912,10,8.15,historical
hot,1912,11,8.16,historical
hot,1912,12,8.17,historical
hot,1913,1,8.18,historical
hot,1913,2,8.18,historical
hot,1913,3,8.19,historical
hot,1913,4,8.18,historical
hot,1913,5,8.17,historical
hot,1913,6,8.15,historical
hot,1913,7,8.14,historical
hot,1913,8,8.14,historical
hot,1913,9,8.14,historical
hot,1913,10,8.14,historical
hot,1913,11,8.16,historical
hot,1913,12,8.17,historical
hot,1914,1,8.17,historical
hot,1914,2,8.18,historical
hot,1914,3,8.18,historical
hot,1914,4,8.17,historical
hot,1914,5,8.16,historical
hot,1914,6,8.15,historical
hot,1914,7,8.14,historical
hot,1914,8,8.14,historical
hot,1914,9,8.14,historical
hot,1914,10,8.15,historical
hot,1914,11,8.16,historical
hot,1914,12,8.17,historical
hot,1915,1,8.17,historical
hot,1915,2,8.18,historical
hot,1915,3,8.18,historical
hot,1915,4,8.17,historical
hot,1915,5,8.16,historical
hot,1915,6,8.14,historical
hot,1915,7,8.14,historical
hot,1915,8,8.14,historical
hot,1915,9,8.14,historical
hot,1915,10,8.15,historical
hot,1915,11,8.16,historical
hot,1915,12,8.17,historical
hot,1916,1,8.18,historical
hot,1916,2,8.18,historical
hot,1916,3,8.18,historical
hot,1916,4,8.17,historical
hot,1916,5,8.16,historical
hot,1916,6,8.15,historical
hot,1916,7,8.14,historical
hot,1916,8,8.14,historical
hot,1916,9,8.14,historical
hot,1916,10,8.14,historical
hot,1916,11,8.15,historical
hot,1916,12,8.16,historical
hot,1917,1,8.17,historical
hot,1917,2,8.17,historical
hot,1917,3,8.17,historical
hot,1917,4,8.16,historical
hot,1917,5,8.15,historical
hot,1917,6,8.15,historical
hot,1917,7,8.14,historical
hot,1917,8,8.14,historical
hot,1917,9,8.14,historical
hot,1917,10,8.14,historical
hot,1917,11,8.15,historical
hot,1917,12,8.16,historical
hot,1918,1,8.17,historical
hot,1918,2,8.17,historical
hot,1918,3,8.17,historical
hot,1918,4,8.16,historical
hot,1918,5,8.15,historical
hot,1918,6,8.14,historical
hot,1918,7,8.13,historical
hot,1918,8,8.13,historical
hot,1918,9,8.13,historical
hot,1918,10,8.13,historical
hot,1918,11,8.14,historical
hot,1918,12,8.15,historical
hot,1919,1,8.16,historical
hot,1919,2,8.17,historical
hot,1919,3,8.17,historical
hot,1919,4,8.17,historical
hot,1919,5,8.16,historical
hot,1919,6,8.14,historical
hot,1919,7,8.14,historical
hot,1919,8,8.13,historical
hot,1919,9,8.13,historical
hot,1919,10,8.13,historical
hot,1919,11,8.14,historical
hot,1919,12,8.15,historical
hot,1920,1,8.16,historical
hot,1920,2,8.17,historical
hot,1920,3,8.17,historical
hot,1920,4,8.17,historical
hot,1920,5,8.16,historical
hot,1920,6,8.15,historical
hot,1920,7,8.14,historical
hot,1920,8,8.14,historical
hot,1920,9,8.14,historical
hot,1920,10,8.15,historical
hot,1920,11,8.15,historical
hot,1920,12,8.16,historical
hot,1921,1,8.17,historical
hot,1921,2,8.17,historical
hot,1921,3,8.17,historical
hot,1921,4,8.17,historical
hot,1921,5,8.16,historical
hot,1921,6,8.14,historical
hot,1921,7,8.14,historical
hot,1921,8,8.14,historical
hot,1921,9,8.14,historical
hot,1921,10,8.14,historical
hot,1921,11,8.15,historical
hot,1921,12,8.16,historical
hot,1922,1,8.17,historical
hot,1922,2,8.18,historical
hot,1922,3,8.17,historical
hot,1922,4,8.17,historical
hot,1922,5,8.16,historical
hot,1922,6,8.15,historical
hot,1922,7,8.14,historical
hot,1922,8,8.13,historical
hot,1922,9,8.13,historical
hot,1922,10,8.14,historical
hot,1922,11,8.15,historical
hot,1922,12,8.16,historical
hot,1923,1,8.17,historical
hot,1923,2,8.17,historical
hot,1923,3,8.17,historical
hot,1923,4,8.17,historical
hot,1923,5,8.15,historical
hot,1923,6,8.15,historical
hot,1923,7,8.14,historical
hot,1923,8,8.13,historical
hot,1923,9,8.13,historical
hot,1923,10,8.13,historical
hot,1923,11,8.15,historical
hot,1923,12,8.16,historical
hot,1924,1,8.17,historical
hot,1924,2,8.17,historical
hot,1924,3,8.17,historical
hot,1924,4,8.17,historical
hot,1924,5,8.15,historical
hot,1924,6,8.14,historical
hot,1924,7,8.13,historical
hot,1924,8,8.13,historical
hot,1924,9,8.13,historical
hot,1924,10,8.14,historical
hot,1924,11,8.15,historical
hot,1924,12,8.16,historical
hot,1925,1,8.17,historical
hot,1925,2,8.17,historical
hot,1925,3,8.17,historical
hot,1925,4,8.16,historical
hot,1925,5,8.16,historical
hot,1925,6,8.15,historical
hot,1925,7,8.14,historical
hot,1925,8,8.14,historical
hot,1925,9,8.14,historical
hot,1925,10,8.14,historical
hot,1925,11,8.15,historical
hot,1925,12,8.16,historical
hot,1926,1,8.17,historical
hot,1926,2,8.17,historical
hot,1926,3,8.18,historical
hot,1926,4,8.17,historical
hot,1926,5,8.15,historical
hot,1926,6,8.14,historical
hot,1926,7,8.14,historical
hot,1926,8,8.13,historical
hot,1926,9,8.13,historical
hot,1926,10,8.14,historical
hot,1926,11,8.14,historical
hot,1926,12,8.16,historical
hot,1927,1,8.17,historical
hot,1927,2,8.17,historical
hot,1927,3,8.17,historical
hot,1927,4,8.16,historical
hot,1927,5,8.15,historical
hot,1927,6,8.14,historical
hot,1927,7,8.13,historical
hot,1927,8,8.13,historical
hot,1927,9,8.13,historical
hot,1927,10,8.13,historical
hot,1927,11,8.15,historical
hot,1927,12,8.16,historical
hot,1928,1,8.16,historical
hot,1928,2,8.17,historical
hot,1928,3,8.17,historical
hot,1928,4,8.16,historical
hot,1928,5,8.15,historical
hot,1928,6,8.14,historical
hot,1928,7,8.13,historical
hot,1928,8,8.13,historical
hot,1928,9,8.13,historical
hot,1928,10,8.13,historical
hot,1928,11,8.14,historical
hot,1928,12,8.16,historical
hot,1929,1,8.16,historical
hot,1929,2,8.17,historical
hot,1929,3,8.17,historical
hot,1929,4,8.17,historical
hot,1929,5,8.15,historical
hot,1929,6,8.14,historical
hot,1929,7,8.13,historical
hot,1929,8,8.13,historical
hot,1929,9,8.13,historical
hot,1929,10,8.14,historical
hot,1929,11,8.14,historical
hot,1929,12,8.16,historical
hot,1930,1,8.16,historical
hot,1930,2,8.16,historical
hot,1930,3,8.16,historical
hot,1930,4,8.16,historical
hot,1930,5,8.15,historical
hot,1930,6,8.14,historical
hot,1930,7,8.14,historical
hot,1930,8,8.13,historical
hot,1930,9,8.13,historical
hot,1930,10,8.14,historical
hot,1930,11,8.14,historical
hot,1930,12,8.15,historical
hot,1931,1,8.16,historical
hot,1931,2,8.17,historical
hot,1931,3,8.17,historical
hot,1931,4,8.16,historical
hot,1931,5,8.15,historical
hot,1931,6,8.14,historical
hot,1931,7,8.13,historical
hot,1931,8,8.13,historical
hot,1931,9,8.13,historical
hot,1931,10,8.13,historical
hot,1931,11,8.14,historical
hot,1931,12,8.15,historical
hot,1932,1,8.16,historical
hot,1932,2,8.17,historical
hot,1932,3,8.16,historical
hot,1932,4,8.16,historical
hot,1932,5,8.15,historical
hot,1932,6,8.14,historical
hot,1932,7,8.14,historical
hot,1932,8,8.13,historical
hot,1932,9,8.13,historical
hot,1932,10,8.14,historical
hot,1932,11,8.15,historical
hot,1932,12,8.16,historical
hot,1933,1,8.16,historical
hot,1933,2,8.17,historical
hot,1933,3,8.17,historical
hot,1933,4,8.17,historical
hot,1933,5,8.16,historical
hot,1933,6,8.14,historical
hot,1933,7,8.14,historical
hot,1933,8,8.14,historical
hot,1933,9,8.14,historical
hot,1933,10,8.14,historical
hot,1933,11,8.15,historical
hot,1933,12,8.16,historical
hot,1934,1,8.17,historical
hot,1934,2,8.17,historical
hot,1934,3,8.17,historical
hot,1934,4,8.16,historical
hot,1934,5,8.15,historical
hot,1934,6,8.14,historical
hot,1934,7,8.13,historical
hot,1934,8,8.13,historical
hot,1934,9,8.13,historical
hot,1934,10,8.14,historical
hot,1934,11,8.15,historical
hot,1934,12,8.16,historical
hot,1935,1,8.17,historical
hot,1935,2,8.17,historical
hot,1935,3,8.17,historical
hot,1935,4,8.17,historical
hot,1935,5,8.16,historical
hot,1935,6,8.14,historical
hot,1935,7,8.14,historical
hot,1935,8,8.14,historical
hot,1935,9,8.14,historical
hot,1935,10,8.14,historical
hot,1935,11,8.15,historical
hot,1935,12,8.16,historical
hot,1936,1,8.16,historical
hot,1936,2,8.17,historical
hot,1936,3,8.17,historical
hot,1936,4,8.17,historical
hot,1936,5,8.16,historical
hot,1936,6,8.14,historical
hot,1936,7,8.13,historical
hot,1936,8,8.13,historical
hot,1936,9,8.13,historical
hot,1936,10,8.13,historical
hot,1936,11,8.14,historical
hot,1936,12,8.15,historical
hot,1937,1,8.16,historical
hot,1937,2,8.16,historical
hot,1937,3,8.16,historical
hot,1937,4,8.17,historical
hot,1937,5,8.16,historical
hot,1937,6,8.14,historical
hot,1937,7,8.13,historical
hot,1937,8,8.13,historical
hot,1937,9,8.13,historical
hot,1937,10,8.13,historical
hot,1937,11,8.14,historical
hot,1937,12,8.15,historical
hot,1938,1,8.16,historical
hot,1938,2,8.16,historical
hot,1938,3,8.16,historical
hot,1938,4,8.16,historical
hot,1938,5,8.15,historical
hot,1938,6,8.14,historical
hot,1938,7,8.13,historical
hot,1938,8,8.13,historical
hot,1938,9,8.13,historical
hot,1938,10,8.13,historical
hot,1938,11,8.14,historical
hot,1938,12,8.15,historical
hot,1939,1,8.16,historical
hot,1939,2,8.16,historical
hot,1939,3,8.16,historical
hot,1939,4,8.15,historical
hot,1939,5,8.14,historical
hot,1939,6,8.13,historical
hot,1939,7,8.13,historical
hot,1939,8,8.12,historical
hot,1939,9,8.12,historical
hot,1939,10,8.12,historical
hot,1939,11,8.13,historical
hot,1939,12,8.14,historical
hot,1940,1,8.15,historical
hot,1940,2,8.16,historical
hot,1940,3,8.16,historical
hot,1940,4,8.15,historical
hot,1940,5,8.14,historical
hot,1940,6,8.13,historical
hot,1940,7,8.13,historical
hot,1940,8,8.12,historical
hot,1940,9,8.12,historical
hot,1940,10,8.13,historical
hot,1940,11,8.14,historical
hot,1940,12,8.15,historical
hot,1941,1,8.16,historical
hot,1941,2,8.16,historical
hot,1941,3,8.16,historical
hot,1941,4,8.16,historical
hot,1941,5,8.15,historical
hot,1941,6,8.14,historical
hot,1941,7,8.13,historical
hot,1941,8,8.12,historical
hot,1941,9,8.12,historical
hot,1941,10,8.13,historical
hot,1941,11,8.14,historical
hot,1941,12,8.15,historical
hot,1942,1,8.16,historical
hot,1942,2,8.16,historical
hot,1942,3,8.16,historical
hot,1942,4,8.16,historical
hot,1942,5,8.15,historical
hot,1942,6,8.13,historical
hot,1942,7,8.12,historical
hot,1942,8,8.12,historical
hot,1942,9,8.12,historical
hot,1942,10,8.13,historical
hot,1942,11,8.14,historical
hot,1942,12,8.15,historical
hot,1943,1,8.16,historical
hot,1943,2,8.17,historical
hot,1943,3,8.17,historical
hot,1943,4,8.16,historical
hot,1943,5,8.15,historical
hot,1943,6,8.14,historical
hot,1943,7,8.13,historical
hot,1943,8,8.13,historical
hot,1943,9,8.13,historical
hot,1943,10,8.13,historical
hot,1943,11,8.15,historical
hot,1943,12,8.16,historical
hot,1944,1,8.16,historical
hot,1944,2,8.17,historical
hot,1944,3,8.17,historical
hot,1944,4,8.16,historical
hot,1944,5,8.14,historical
hot,1944,6,8.13,historical
hot,1944,7,8.13,historical
hot,1944,8,8.13,historical
hot,1944,9,8.13,historical
hot,1944,10,8.13,historical
hot,1944,11,8.14,historical
hot,1944,12,8.15,historical
hot,1945,1,8.16,historical
hot,1945,2,8.17,historical
hot,1945,3,8.17,historical
hot,1945,4,8.16,historical
hot,1945,5,8.15,historical
hot,1945,6,8.13,historical
hot,1945,7,8.13,historical
hot,1945,8,8.13,historical
hot,1945,9,8.13,historical
hot,1945,10,8.13,historical
hot,1945,11,8.14,historical
hot,1945,12,8.15,historical
hot,1946,1,8.16,historical
hot,1946,2,8.16,historical
hot,1946,3,8.16,historical
hot,1946,4,8.16,historical
hot,1946,5,8.14,historical
hot,1946,6,8.13,historical
hot,1946,7,8.12,historical
hot,1946,8,8.12,historical
hot,1946,9,8.12,historical
hot,1946,10,8.12,historical
hot,1946,11,8.13,historical
hot,1946,12,8.15,historical
hot,1947,1,8.15,historical
hot,1947,2,8.16,historical
hot,1947,3,8.16,historical
hot,1947,4,8.16,historical
hot,1947,5,8.14,historical
hot,1947,6,8.13,historical
hot,1947,7,8.13,historical
hot,1947,8,8.12,historical
hot,1947,9,8.12,historical
hot,1947,10,8.13,historical
hot,1947,11,8.14,historical
hot,1947,12,8.15,historical
hot,1948,1,8.16,historical
hot,1948,2,8.16,historical
hot,1948,3,8.16,historical
hot,1948,4,8.15,historical
hot,1948,5,8.14,historical
hot,1948,6,8.13,historical
hot,1948,7,8.12,historical
hot,1948,8,8.12,historical
hot,1948,9,8.12,historical
hot,1948,10,8.13,historical
hot,1948,11,8.14,historical
hot,1948,12,8.15,historical
hot,1949,1,8.15,historical
hot,1949,2,8.16,historical
hot,1949,3,8.16,historical
hot,1949,4,8.15,historical
hot,1949,5,8.14,historical
hot,1949,6,8.13,historical
hot,1949,7,8.12,historical
hot,1949,8,8.12,historical
hot,1949,9,8.12,historical
hot,1949,10,8.12,historical
hot,1949,11,8.13,historical
hot,1949,12,8.14,historical
hot,1950,1,8.15,historical
hot,1950,2,8.16,historical
hot,1950,3,8.16,historical
hot,1950,4,8.15,historical
hot,1950,5,8.15,historical
hot,1950,6,8.14,historical
hot,1950,7,8.13,historical
hot,1950,8,8.13,historical
hot,1950,9,8.13,historical
hot,1950,10,8.13,historical
hot,1950,11,8.14,historical
hot,1950,12,8.15,historical
hot,1951,1,8.16,historical
hot,1951,2,8.16,historical
hot,1951,3,8.16,historical
hot,1951,4,8.15,historical
hot,1951,5,8.14,historical
hot,1951,6,8.13,historical
hot,1951,7,8.13,historical
hot,1951,8,8.13,historical
hot,1951,9,8.13,historical
hot,1951,10,8.13,historical
hot,1951,11,8.14,historical
hot,1951,12,8.15,historical
hot,1952,1,8.16,historical
hot,1952,2,8.17,historical
hot,1952,3,8.16,historical
hot,1952,4,8.15,historical
hot,1952,5,8.15,historical
hot,1952,6,8.14,historical
hot,1952,7,8.13,historical
hot,1952,8,8.12,historical
hot,1952,9,8.12,historical
hot,1952,10,8.13,historical
hot,1952,11,8.14,historical
hot,1952,12,8.15,historical
hot,1953,1,8.16,historical
hot,1953,2,8.17,historical
hot,1953,3,8.17,historical
hot,1953,4,8.16,historical
hot,1953,5,8.15,historical
hot,1953,6,8.13,historical
hot,1953,7,8.13,historical
hot,1953,8,8.12,historical
hot,1953,9,8.12,historical
hot,1953,10,8.13,historical
hot,1953,11,8.14,historical
hot,1953,12,8.15,historical
hot,1954,1,8.15,historical
hot,1954,2,8.16,historical
hot,1954,3,8.16,historical
hot,1954,4,8.16,historical
hot,1954,5,8.15,historical
hot,1954,6,8.13,historical
hot,1954,7,8.12,historical
hot,1954,8,8.12,historical
hot,1954,9,8.12,historical
hot,1954,10,8.12,historical
hot,1954,11,8.13,historical
hot,1954,12,8.14,historical
hot,1955,1,8.15,historical
hot,1955,2,8.15,historical
hot,1955,3,8.15,historical
hot,1955,4,8.15,historical
hot,1955,5,8.15,historical
hot,1955,6,8.13,historical
hot,1955,7,8.13,historical
hot,1955,8,8.12,historical
hot,1955,9,8.12,historical
hot,1955,10,8.13,historical
hot,1955,11,8.13,historical
hot,1955,12,8.14,historical
hot,1956,1,8.15,historical
hot,1956,2,8.16,historical
hot,1956,3,8.15,historical
hot,1956,4,8.15,historical
hot,1956,5,8.14,historical
hot,1956,6,8.13,historical
hot,1956,7,8.12,historical
hot,1956,8,8.12,historical
hot,1956,9,8.12,historical
hot,1956,10,8.12,historical
hot,1956,11,8.13,historical
hot,1956,12,8.14,historical
hot,1957,1,8.15,historical
hot,1957,2,8.15,historical
hot,1957,3,8.15,historical
hot,1957,4,8.15,historical
hot,1957,5,8.14,historical
hot,1957,6,8.12,historical
hot,1957,7,8.12,historical
hot,1957,8,8.12,historical
hot,1957,9,8.12,historical
hot,1957,10,8.12,historical
hot,1957,11,8.13,historical
hot,1957,12,8.14,historical
hot,1958,1,8.15,historical
hot,1958,2,8.15,historical
hot,1958,3,8.15,historical
hot,1958,4,8.15,historical
hot,1958,5,8.14,historical
hot,1958,6,8.13,historical
hot,1958,7,8.12,historical
hot,1958,8,8.12,historical
hot,1958,9,8.11,historical
hot,1958,10,8.12,historical
hot,1958,11,8.13,historical
hot,1958,12,8.14,historical
hot,1959,1,8.15,historical
hot,1959,2,8.15,historical
hot,1959,3,8.15,historical
hot,1959,4,8.15,historical
hot,1959,5,8.13,historical
hot,1959,6,8.13,historical
hot,1959,7,8.12,historical
hot,1959,8,8.12,historical
hot,1959,9,8.12,historical
hot,1959,10,8.12,historical
hot,1959,11,8.13,historical
hot,1959,12,8.14,historical
hot,1960,1,8.15,historical
hot,1960,2,8.15,historical
hot,1960,3,8.15,historical
hot,1960,4,8.15,historical
hot,1960,5,8.14,historical
hot,1960,6,8.13,historical
hot,1960,7,8.12,historical
hot,1960,8,8.12,historical
hot,1960,9,8.12,historical
hot,1960,10,8.13,historical
hot,1960,11,8.14,historical
hot,1960,12,8.15,historical
hot,1961,1,8.15,historical
hot,1961,2,8.16,historical
hot,1961,3,8.15,historical
hot,1961,4,8.15,historical
hot,1961,5,8.15,historical
hot,1961,6,8.13,historical
hot,1961,7,8.12,historical
hot,1961,8,8.12,historical
hot,1961,9,8.12,historical
hot,1961,10,8.13,historical
hot,1961,11,8.14,historical
hot,1961,12,8.15,historical
hot,1962,1,8.16,historical
hot,1962,2,8.16,historical
hot,1962,3,8.17,historical
hot,1962,4,8.16,historical
hot,1962,5,8.15,historical
hot,1962,6,8.13,historical
hot,1962,7,8.13,historical
hot,1962,8,8.12,historical
hot,1962,9,8.12,historical
hot,1962,10,8.12,historical
hot,1962,11,8.13,historical
hot,1962,12,8.15,historical
hot,1963,1,8.15,historical
hot,1963,2,8.16,historical
hot,1963,3,8.16,historical
hot,1963,4,8.15,historical
hot,1963,5,8.14,historical
hot,1963,6,8.13,historical
hot,1963,7,8.12,historical
hot,1963,8,8.12,historical
hot,1963,9,8.12,historical
hot,1963,10,8.12,historical
hot,1963,11,8.13,historical
hot,1963,12,8.14,historical
hot,1964,1,8.15,historical
hot,1964,2,8.15,historical
hot,1964,3,8.15,historical
hot,1964,4,8.15,historical
hot,1964,5,8.14,historical
hot,1964,6,8.12,historical
hot,1964,7,8.12,historical
hot,1964,8,8.11,historical
hot,1964,9,8.11,historical
hot,1964,10,8.12,historical
hot,1964,11,8.13,historical
hot,1964,12,8.14,historical
hot,1965,1,8.15,historical
hot,1965,2,8.16,historical
hot,1965,3,8.16,historical
hot,1965,4,8.15,historical
hot,1965,5,8.14,historical
hot,1965,6,8.13,historical
hot,1965,7,8.12,historical
hot,1965,8,8.11,historical
hot,1965,9,8.11,historical
hot,1965,10,8.12,historical
hot,1965,11,8.14,historical
hot,1965,12,8.14,historical
hot,1966,1,8.15,historical
hot,1966,2,8.16,historical
hot,1966,3,8.16,historical
hot,1966,4,8.15,historical
hot,1966,5,8.13,historical
hot,1966,6,8.12,historical
hot,1966,7,8.12,historical
hot,1966,8,8.12,historical
hot,1966,9,8.12,historical
hot,1966,10,8.13,historical
hot,1966,11,8.14,historical
hot,1966,12,8.15,historical
hot,1967,1,8.15,historical
hot,1967,2,8.15,historical
hot,1967,3,8.15,historical
hot,1967,4,8.15,historical
hot,1967,5,8.14,historical
hot,1967,6,8.13,historical
hot,1967,7,8.13,historical
hot,1967,8,8.13,historical
hot,1967,9,8.13,historical
hot,1967,10,8.13,historical
hot,1967,11,8.14,historical
hot,1967,12,8.15,historical
hot,1968,1,8.15,historical
hot,1968,2,8.16,historical
hot,1968,3,8.15,historical
hot,1968,4,8.14,historical
hot,1968,5,8.13,historical
hot,1968,6,8.12,historical
hot,1968,7,8.12,historical
hot,1968,8,8.12,historical
hot,1968,9,8.12,historical
hot,1968,10,8.12,historical
hot,1968,11,8.13,historical
hot,1968,12,8.14,historical
hot,1969,1,8.15,historical
hot,1969,2,8.15,historical
hot,1969,3,8.15,historical
hot,1969,4,8.15,historical
hot,1969,5,8.13,historical
hot,1969,6,8.13,historical
hot,1969,7,8.12,historical
hot,1969,8,8.12,historical
hot,1969,9,8.12,historical
hot,1969,10,8.12,historical
hot,1969,11,8.13,historical
hot,1969,12,8.14,historical
hot,1970,1,8.15,historical
hot,1970,2,8.15,historical
hot,1970,3,8.16,historical
hot,1970,4,8.15,historical
hot,1970,5,8.14,historical
hot,1970,6,8.13,historical
hot,1970,7,8.12,historical
hot,1970,8,8.12,historical
hot,1970,9,8.12,historical
hot,1970,10,8.13,historical
hot,1970,11,8.14,historical
hot,1970,12,8.14,historical
hot,1971,1,8.15,historical
hot,1971,2,8.16,historical
hot,1971,3,8.15,historical
hot,1971,4,8.14,historical
hot,1971,5,8.13,historical
hot,1971,6,8.12,historical
hot,1971,7,8.12,historical
hot,1971,8,8.11,historical
hot,1971,9,8.11,historical
hot,1971,10,8.12,historical
hot,1971,11,8.13,historical
hot,1971,12,8.14,historical
hot,1972,1,8.14,historical
hot,1972,2,8.15,historical
hot,1972,3,8.15,historical
hot,1972,4,8.14,historical
hot,1972,5,8.13,historical
hot,1972,6,8.12,historical
hot,1972,7,8.11,historical
hot,1972,8,8.11,historical
hot,1972,9,8.11,historical
hot,1972,10,8.12,historical
hot,1972,11,8.12,historical
hot,1972,12,8.13,historical
hot,1973,1,8.14,historical
hot,1973,2,8.14,historical
hot,1973,3,8.14,historical
hot,1973,4,8.14,historical
hot,1973,5,8.13,historical
hot,1973,6,8.12,historical
hot,1973,7,8.12,historical
hot,1973,8,8.11,historical
hot,1973,9,8.11,historical
hot,1973,10,8.12,historical
hot,1973,11,8.13,historical
hot,1973,12,8.13,historical
hot,1974,1,8.14,historical
hot,1974,2,8.15,historical
hot,1974,3,8.15,historical
hot,1974,4,8.14,historical
hot,1974,5,8.13,historical
hot,1974,6,8.12,historical
hot,1974,7,8.11,historical
hot,1974,8,8.11,historical
hot,1974,9,8.11,historical
hot,1974,10,8.11,historical
hot,1974,11,8.12,historical
hot,1974,12,8.13,historical
hot,1975,1,8.14,historical
hot,1975,2,8.14,historical
hot,1975,3,8.15,historical
hot,1975,4,8.14,historical
hot,1975,5,8.13,historical
hot,1975,6,8.12,historical
hot,1975,7,8.11,historical
hot,1975,8,8.11,historical
hot,1975,9,8.11,historical
hot,1975,10,8.12,historical
hot,1975,11,8.13,historical
hot,1975,12,8.14,historical
hot,1976,1,8.14,historical
hot,1976,2,8.14,historical
hot,1976,3,8.14,historical
hot,1976,4,8.13,historical
hot,1976,5,8.13,historical
hot,1976,6,8.12,historical
hot,1976,7,8.11,historical
hot,1976,8,8.11,historical
hot,1976,9,8.11,historical
hot,1976,10,8.11,historical
hot,1976,11,8.12,historical
hot,1976,12,8.13,historical
hot,1977,1,8.14,historical
hot,1977,2,8.14,historical
hot,1977,3,8.14,historical
hot,1977,4,8.14,historical
hot,1977,5,8.13,historical
hot,1977,6,8.11,historical
hot,1977,7,8.11,historical
hot,1977,8,8.11,historical
hot,1977,9,8.11,historical
hot,1977,10,8.12,historical
hot,1977,11,8.12,historical
hot,1977,12,8.14,historical
hot,1978,1,8.14,historical
hot,1978,2,8.14,historical
hot,1978,3,8.15,historical
hot,1978,4,8.14,historical
hot,1978,5,8.13,historical
hot,1978,6,8.11,historical
hot,1978,7,8.11,historical
hot,1978,8,8.11,historical
hot,1978,9,8.11,historical
hot,1978,10,8.11,historical
hot,1978,11,8.12,historical
hot,1978,12,8.13,historical
hot,1979,1,8.13,historical
hot,1979,2,8.14,historical
hot,1979,3,8.14,historical
hot,1979,4,8.14,historical
hot,1979,5,8.13,historical
hot,1979,6,8.12,historical
hot,1979,7,8.11,historical
hot,1979,8,8.11,historical
hot,1979,9,8.11,historical
hot,1979,10,8.11,historical
hot,1979,11,8.12,historical
hot,1979,12,8.12,historical
hot,1980,1,8.14,historical
hot,1980,2,8.14,historical
hot,1980,3,8.14,historical
hot,1980,4,8.13,historical
hot,1980,5,8.12,historical
hot,1980,6,8.11,historical
hot,1980,7,8.1,historical
hot,1980,8,8.1,historical
hot,1980,9,8.1,historical
hot,1980,10,8.11,historical
hot,1980,11,8.11,historical
hot,1980,12,8.12,historical
hot,1981,1,8.13,historical
hot,1981,2,8.13,historical
hot,1981,3,8.13,historical
hot,1981,4,8.13,historical
hot,1981,5,8.12,historical
hot,1981,6,8.11,historical
hot,1981,7,8.1,historical
hot,1981,8,8.1,historical
hot,1981,9,8.1,historical
hot,1981,10,8.11,historical
hot,1981,11,8.11,historical
hot,1981,12,8.12,historical
hot,1982,1,8.13,historical
hot,1982,2,8.13,historical
hot,1982,3,8.13,historical
hot,1982,4,8.13,historical
hot,1982,5,8.12,historical
hot,1982,6,8.11,historical
hot,1982,7,8.1,historical
hot,1982,8,8.1,historical
hot,1982,9,8.1,historical
hot,1982,10,8.1,historical
hot,1982,11,8.11,historical
hot,1982,12,8.12,historical
hot,1983,1,8.13,historical
hot,1983,2,8.13,historical
hot,1983,3,8.13,historical
hot,1983,4,8.13,historical
hot,1983,5,8.11,historical
hot,1983,6,8.1,historical
hot,1983,7,8.1,historical
hot,1983,8,8.1,historical
hot,1983,9,8.1,historical
hot,1983,10,8.1,historical
hot,1983,11,8.11,historical
hot,1983,12,8.12,historical
hot,1984,1,8.13,historical
hot,1984,2,8.13,historical
hot,1984,3,8.13,historical
hot,1984,4,8.12,historical
hot,1984,5,8.11,historical
hot,1984,6,8.1,historical
hot,1984,7,8.1,historical
hot,1984,8,8.1,historical
hot,1984,9,8.1,historical
hot,1984,10,8.1,historical
hot,1984,11,8.11,historical
hot,1984,12,8.12,historical
hot,1985,1,8.12,historical
hot,1985,2,8.13,historical
hot,1985,3,8.12,historical
hot,1985,4,8.12,historical
hot,1985,5,8.11,historical
hot,1985,6,8.1,historical
hot,1985,7,8.1,historical
hot,1985,8,8.1,historical
hot,1985,9,8.1,historical
hot,1985,10,8.11,historical
hot,1985,11,8.12,historical
hot,1985,12,8.13,historical
hot,1986,1,8.13,historical
hot,1986,2,8.13,historical
hot,1986,3,8.13,historical
hot,1986,4,8.13,historical
hot,1986,5,8.12,historical
hot,1986,6,8.1,historical
hot,1986,7,8.1,historical
hot,1986,8,8.1,historical
hot,1986,9,8.1,historical
hot,1986,10,8.11,historical
hot,1986,11,8.11,historical
hot,1986,12,8.12,historical
hot,1987,1,8.13,historical
hot,1987,2,8.13,historical
hot,1987,3,8.13,historical
hot,1987,4,8.12,historical
hot,1987,5,8.12,historical
hot,1987,6,8.1,historical
hot,1987,7,8.09,historical
hot,1987,8,8.09,historical
hot,1987,9,8.09,historical
hot,1987,10,8.1,historical
hot,1987,11,8.11,historical
hot,1987,12,8.12,historical
hot,1988,1,8.13,historical
hot,1988,2,8.13,historical
hot,1988,3,8.13,historical
hot,1988,4,8.13,historical
hot,1988,5,8.11,historical
hot,1988,6,8.1,historical
hot,1988,7,8.09,historical
hot,1988,8,8.09,historical
hot,1988,9,8.09,historical
hot,1988,10,8.1,historical
hot,1988,11,8.11,historical
hot,1988,12,8.11,historical
hot,1989,1,8.11,historical
hot,1989,2,8.12,historical
hot,1989,3,8.11,historical
hot,1989,4,8.11,historical
hot,1989,5,8.1,historical
hot,1989,6,8.09,historical
hot,1989,7,8.08,historical
hot,1989,8,8.07,historical
hot,1989,9,8.07,historical
hot,1989,10,8.08,historical
hot,1989,11,8.09,historical
hot,1989,12,8.1,historical
hot,1990,1,8.11,historical
hot,1990,2,8.11,historical
hot,1990,3,8.12,historical
hot,1990,4,8.11,historical
hot,1990,5,8.1,historical
hot,1990,6,8.09,historical
hot,1990,7,8.08,historical
hot,1990,8,8.08,historical
hot,1990,9,8.08,historical
hot,1990,10,8.09,historical
hot,1990,11,8.1,historical
hot,1990,12,8.11,historical
hot,1991,1,8.11,historical
hot,1991,2,8.12,historical
hot,1991,3,8.12,historical
hot,1991,4,8.11,historical
hot,1991,5,8.11,historical
hot,1991,6,8.1,historical
hot,1991,7,8.09,historical
hot,1991,8,8.09,historical
hot,1991,9,8.09,historical
hot,1991,10,8.09,historical
hot,1991,11,8.1,historical
hot,1991,12,8.11,historical
hot,1992,1,8.12,historical
hot,1992,2,8.13,historical
hot,1992,3,8.12,historical
hot,1992,4,8.12,historical
hot,1992,5,8.11,historical
hot,1992,6,8.09,historical
hot,1992,7,8.09,historical
hot,1992,8,8.08,historical
hot,1992,9,8.08,historical
hot,1992,10,8.09,historical
hot,1992,11,8.1,historical
hot,1992,12,8.11,historical
hot,1993,1,8.11,historical
hot,1993,2,8.12,historical
hot,1993,3,8.12,historical
hot,1993,4,8.11,historical
hot,1993,5,8.1,historical
hot,1993,6,8.09,historical
hot,1993,7,8.08,historical
hot,1993,8,8.08,historical
hot,1993,9,8.08,historical
hot,1993,10,8.08,historical
hot,1993,11,8.1,historical
hot,1993,12,8.11,historical
hot,1994,1,8.12,historical
hot,1994,2,8.12,historical
hot,1994,3,8.12,historical
hot,1994,4,8.12,historical
hot,1994,5,8.1,historical
hot,1994,6,8.08,historical
hot,1994,7,8.08,historical
hot,1994,8,8.08,historical
hot,1994,9,8.08,historical
hot,1994,10,8.08,historical
hot,1994,11,8.09,historical
hot,1994,12,8.1,historical
hot,1995,1,8.11,historical
hot,1995,2,8.12,historical
hot,1995,3,8.12,historical
hot,1995,4,8.11,historical
hot,1995,5,8.1,historical
hot,1995,6,8.09,historical
hot,1995,7,8.08,historical
hot,1995,8,8.08,historical
hot,1995,9,8.08,historical
hot,1995,10,8.09,historical
hot,1995,11,8.09,historical
hot,1995,12,8.1,historical
hot,1996,1,8.11,historical
hot,1996,2,8.12,historical
hot,1996,3,8.11,historical
hot,1996,4,8.11,historical
hot,1996,5,8.1,historical
hot,1996,6,8.09,historical
hot,1996,7,8.08,historical
hot,1996,8,8.08,historical
hot,1996,9,8.08,historical
hot,1996,10,8.08,historical
hot,1996,11,8.09,historical
hot,1996,12,8.1,historical
hot,1997,1,8.11,historical
hot,1997,2,8.11,historical
hot,1997,3,8.11,historical
hot,1997,4,8.11,historical
hot,1997,5,8.1,historical
hot,1997,6,8.08,historical
hot,1997,7,8.08,historical
hot,1997,8,8.08,historical
hot,1997,9,8.08,historical
hot,1997,10,8.08,historical
hot,1997,11,8.09,historical
hot,1997,12,8.1,historical
hot,1998,1,8.11,historical
hot,1998,2,8.11,historical
hot,1998,3,8.11,historical
hot,1998,4,8.11,historical
hot,1998,5,8.09,historical
hot,1998,6,8.08,historical
hot,1998,7,8.08,historical
hot,1998,8,8.07,historical
hot,1998,9,8.07,historical
hot,1998,10,8.08,historical
hot,1998,11,8.09,historical
hot,1998,12,8.09,historical
hot,1999,1,8.1,historical
hot,1999,2,8.1,historical
hot,1999,3,8.1,historical
hot,1999,4,8.11,historical
hot,1999,5,8.09,historical
hot,1999,6,8.08,historical
hot,1999,7,8.07,historical
hot,1999,8,8.07,historical
hot,1999,9,8.07,historical
hot,1999,10,8.08,historical
hot,1999,11,8.09,historical
hot,1999,12,8.09,historical
hot,2000,1,8.1,historical
hot,2000,2,8.1,historical
hot,2000,3,8.1,historical
hot,2000,4,8.1,historical
hot,2000,5,8.09,historical
hot,2000,6,8.08,historical
hot,2000,7,8.08,historical
hot,2000,8,8.07,historical
hot,2000,9,8.08,historical
hot,2000,10,8.08,historical
hot,2000,11,8.09,historical
hot,2000,12,8.1,historical
hot,2001,1,8.11,historical
hot,2001,2,8.11,historical
hot,2001,3,8.11,historical
hot,2001,4,8.1,historical
hot,2001,5,8.09,historical
hot,2001,6,8.07,historical
hot,2001,7,8.07,historical
hot,2001,8,8.07,historical
hot,2001,9,8.07,historical
hot,2001,10,8.08,historical
hot,2001,11,8.09,historical
hot,2001,12,8.1,historical
hot,2002,1,8.1,historical
hot,2002,2,8.1,historical
hot,2002,3,8.1,historical
hot,2002,4,8.1,historical
hot,2002,5,8.09,historical
hot,2002,6,8.07,historical
hot,2002,7,8.07,historical
hot,2002,8,8.07,historical
hot,2002,9,8.07,historical
hot,2002,10,8.07,historical
hot,2002,11,8.08,historical
hot,2002,12,8.09,historical
hot,2003,1,8.09,historical
hot,2003,2,8.1,historical
hot,2003,3,8.1,historical
hot,2003,4,8.1,historical
hot,2003,5,8.08,historical
hot,2003,6,8.07,historical
hot,2003,7,8.06,historical
hot,2003,8,8.06,historical
hot,2003,9,8.07,historical
hot,2003,10,8.07,historical
hot,2003,11,8.08,historical
hot,2003,12,8.09,historical
hot,2004,1,8.09,historical
hot,2004,2,8.09,historical
hot,2004,3,8.09,historical
hot,2004,4,8.09,historical
hot,2004,5,8.08,historical
hot,2004,6,8.07,historical
hot,2004,7,8.07,historical
hot,2004,8,8.06,historical
hot,2004,9,8.06,historical
hot,2004,10,8.07,historical
hot,2004,11,8.08,historical
hot,2004,12,8.09,historical
hot,2005,1,8.1,historical
hot,2005,2,8.1,historical
hot,2005,3,8.1,historical
hot,2005,4,8.09,historical
hot,2005,5,8.09,historical
hot,2005,6,8.07,historical
hot,2005,7,8.07,historical
hot,2005,8,8.06,historical
hot,2005,9,8.06,historical
hot,2005,10,8.06,historical
hot,2005,11,8.07,historical
hot,2005,12,8.08,historical
hot,2006,1,8.08,historical
hot,2006,2,8.09,historical
hot,2006,3,8.09,historical
hot,2006,4,8.09,historical
hot,2006,5,8.08,historical
hot,2006,6,8.07,historical
hot,2006,7,8.06,historical
hot,2006,8,8.06,historical
hot,2006,9,8.06,historical
hot,2006,10,8.07,historical
hot,2006,11,8.08,historical
hot,2006,12,8.08,historical
hot,2007,1,8.09,historical
hot,2007,2,8.09,historical
hot,2007,3,8.09,historical
hot,2007,4,8.09,historical
hot,2007,5,8.07,historical
hot,2007,6,8.06,historical
hot,2007,7,8.06,historical
hot,2007,8,8.05,historical
hot,2007,9,8.05,historical
hot,2007,10,8.06,historical
hot,2007,11,8.07,historical
hot,2007,12,8.08,historical
hot,2008,1,8.09,historical
hot,2008,2,8.09,historical
hot,2008,3,8.09,historical
hot,2008,4,8.08,historical
hot,2008,5,8.07,historical
hot,2008,6,8.06,historical
hot,2008,7,8.05,historical
hot,2008,8,8.05,historical
hot,2008,9,8.05,historical
hot,2008,10,8.06,historical
hot,2008,11,8.07,historical
hot,2008,12,8.08,historical
hot,2009,1,8.08,historical
hot,2009,2,8.09,historical
hot,2009,3,8.09,historical
hot,2009,4,8.08,historical
hot,2009,5,8.07,historical
hot,2009,6,8.06,historical
hot,2009,7,8.06,historical
hot,2009,8,8.06,historical
hot,2009,9,8.06,historical
hot,2009,10,8.06,historical
hot,2009,11,8.07,historical
hot,2009,12,8.08,historical
hot,2010,1,8.09,historical
hot,2010,2,8.09,historical
hot,2010,3,8.09,historical
hot,2010,4,8.09,historical
hot,2010,5,8.07,historical
hot,2010,6,8.06,historical
hot,2010,7,8.06,historical
hot,2010,8,8.05,historical
hot,2010,9,8.06,historical
hot,2010,10,8.06,historical
hot,2010,11,8.06,historical
hot,2010,12,8.07,historical
hot,2011,1,8.08,historical
hot,2011,2,8.09,historical
hot,2011,3,8.09,historical
hot,2011,4,8.08,historical
hot,2011,5,8.07,historical
hot,2011,6,8.06,historical
hot,2011,7,8.06,historical
hot,2011,8,8.05,historical
hot,2011,9,8.05,historical
hot,2011,10,8.05,historical
hot,2011,11,8.06,historical
hot,2011,12,8.07,historical
hot,2012,1,8.08,historical
hot,2012,2,8.08,historical
hot,2012,3,8.08,historical
hot,2012,4,8.08,historical
hot,2012,5,8.07,historical
hot,2012,6,8.06,historical
hot,2012,7,8.05,historical
hot,2012,8,8.05,historical
hot,2012,9,8.05,historical
hot,2012,10,8.05,historical
hot,2012,11,8.06,historical
hot,2012,12,8.07,historical
hot,2013,1,8.08,historical
hot,2013,2,8.08,historical
hot,2013,3,8.08,historical
hot,2013,4,8.08,historical
hot,2013,5,8.07,historical
hot,2013,6,8.05,historical
hot,2013,7,8.04,historical
hot,2013,8,8.04,historical
hot,2013,9,8.04,historical
hot,2013,10,8.04,historical
hot,2013,11,8.05,historical
hot,2013,12,8.07,historical
hot,2014,1,8.08,historical
hot,2014,2,8.08,historical
hot,2014,3,8.08,historical
hot,2014,4,8.07,historical
hot,2014,5,8.06,historical
hot,2014,6,8.05,historical
hot,2014,7,8.04,historical
hot,2014,8,8.04,historical
hot,2014,9,8.03,historical
hot,2014,10,8.04,historical
hot,2014,11,8.05,historical
hot,2014,12,8.06,historical
hot,2015,1,8.07,ssp126
hot,2015,2,8.07,ssp126
hot,2015,3,8.07,ssp126
hot,2015,4,8.07,ssp126
hot,2015,5,8.06,ssp126
hot,2015,6,8.05,ssp126
hot,2015,7,8.05,ssp126
hot,2015,8,8.04,ssp126
hot,2015,9,8.04,ssp126
hot,2015,10,8.05,ssp126
hot,2015,11,8.06,ssp126
hot,2015,12,8.07,ssp126
hot,2016,1,8.07,ssp126
hot,2016,2,8.08,ssp126
hot,2016,3,8.08,ssp126
hot,2016,4,8.07,ssp126
hot,2016,5,8.05,ssp126
hot,2016,6,8.04,ssp126
hot,2016,7,8.04,ssp126
hot,2016,8,8.03,ssp126
hot,2016,9,8.04,ssp126
hot,2016,10,8.04,ssp126
hot,2016,11,8.05,ssp126
hot,2016,12,8.06,ssp126
hot,2017,1,8.07,ssp126
hot,2017,2,8.07,ssp126
hot,2017,3,8.07,ssp126
hot,2017,4,8.07,ssp126
hot,2017,5,8.05,ssp126
hot,2017,6,8.04,ssp126
hot,2017,7,8.04,ssp126
hot,2017,8,8.03,ssp126
hot,2017,9,8.03,ssp126
hot,2017,10,8.04,ssp126
hot,2017,11,8.05,ssp126
hot,2017,12,8.06,ssp126
hot,2018,1,8.06,ssp126
hot,2018,2,8.07,ssp126
hot,2018,3,8.07,ssp126
hot,2018,4,8.06,ssp126
hot,2018,5,8.05,ssp126
hot,2018,6,8.04,ssp126
hot,2018,7,8.03,ssp126
hot,2018,8,8.03,ssp126
hot,2018,9,8.03,ssp126
hot,2018,10,8.04,ssp126
hot,2018,11,8.05,ssp126
hot,2018,12,8.06,ssp126
hot,2019,1,8.06,ssp126
hot,2019,2,8.07,ssp126
hot,2019,3,8.07,ssp126
hot,2019,4,8.06,ssp126
hot,2019,5,8.05,ssp126
hot,2019,6,8.04,ssp126
hot,2019,7,8.03,ssp126
hot,2019,8,8.03,ssp126
hot,2019,9,8.03,ssp126
hot,2019,10,8.03,ssp126
hot,2019,11,8.05,ssp126
hot,2019,12,8.06,ssp126
hot,2020,1,8.07,ssp126
hot,2020,2,8.07,ssp126
hot,2020,3,8.07,ssp126
hot,2020,4,8.06,ssp126
hot,2020,5,8.05,ssp126
hot,2020,6,8.04,ssp126
hot,2020,7,8.03,ssp126
hot,2020,8,8.02,ssp126
hot,2020,9,8.03,ssp126
hot,2020,10,8.03,ssp126
hot,2020,11,8.04,ssp126
hot,2020,12,8.05,ssp126
hot,2021,1,8.06,ssp126
hot,2021,2,8.06,ssp126
hot,2021,3,8.06,ssp126
hot,2021,4,8.06,ssp126
hot,2021,5,8.05,ssp126
hot,2021,6,8.04,ssp126
hot,2021,7,8.03,ssp126
hot,2021,8,8.02,ssp126
hot,2021,9,8.03,ssp126
hot,2021,10,8.03,ssp126
hot,2021,11,8.04,ssp126
hot,2021,12,8.05,ssp126
hot,2022,1,8.06,ssp126
hot,2022,2,8.06,ssp126
hot,2022,3,8.06,ssp126
hot,2022,4,8.06,ssp126
hot,2022,5,8.04,ssp126
hot,2022,6,8.02,ssp126
hot,2022,7,8.02,ssp126
hot,2022,8,8.02,ssp126
hot,2022,9,8.02,ssp126
hot,2022,10,8.02,ssp126
hot,2022,11,8.04,ssp126
hot,2022,12,8.05,ssp126
hot,2023,1,8.05,ssp126
hot,2023,2,8.05,ssp126
hot,2023,3,8.05,ssp126
hot,2023,4,8.05,ssp126
hot,2023,5,8.04,ssp126
hot,2023,6,8.02,ssp126
hot,2023,7,8.02,ssp126
hot,2023,8,8.01,ssp126
hot,2023,9,8.02,ssp126
hot,2023,10,8.02,ssp126
hot,2023,11,8.03,ssp126
hot,2023,12,8.04,ssp126
hot,2024,1,8.05,ssp126
hot,2024,2,8.05,ssp126
hot,2024,3,8.05,ssp126
hot,2024,4,8.05,ssp126
hot,2024,5,8.04,ssp126
hot,2024,6,8.03,ssp126
hot,2024,7,8.02,ssp126
hot,2024,8,8.02,ssp126
hot,2024,9,8.02,ssp126
hot,2024,10,8.02,ssp126
hot,2024,11,8.03,ssp126
hot,2024,12,8.04,ssp126
hot,2025,1,8.04,ssp126
hot,2025,2,8.05,ssp126
hot,2025,3,8.05,ssp126
hot,2025,4,8.05,ssp126
hot,2025,5,8.03,ssp126
hot,2025,6,8.02,ssp126
hot,2025,7,8.02,ssp126
hot,2025,8,8.01,ssp126
hot,2025,9,8.01,ssp126
hot,2025,10,8.01,ssp126
hot,2025,11,8.02,ssp126
hot,2025,12,8.03,ssp126
hot,2026,1,8.04,ssp126
hot,2026,2,8.04,ssp126
hot,2026,3,8.04,ssp126
hot,2026,4,8.04,ssp126
hot,2026,5,8.03,ssp126
hot,2026,6,8.02,ssp126
hot,2026,7,8.01,ssp126
hot,2026,8,8.01,ssp126
hot,2026,9,8.01,ssp126
hot,2026,10,8.01,ssp126
hot,2026,11,8.02,ssp126
hot,2026,12,8.03,ssp126
hot,2027,1,8.04,ssp126
hot,2027,2,8.04,ssp126
hot,2027,3,8.04,ssp126
hot,2027,4,8.03,ssp126
hot,2027,5,8.02,ssp126
hot,2027,6,8.02,ssp126
hot,2027,7,8.01,ssp126
hot,2027,8,8.01,ssp126
hot,2027,9,8,ssp126
hot,2027,10,8.01,ssp126
hot,2027,11,8.02,ssp126
hot,2027,12,8.03,ssp126
hot,2028,1,8.03,ssp126
hot,2028,2,8.04,ssp126
hot,2028,3,8.04,ssp126
hot,2028,4,8.04,ssp126
hot,2028,5,8.03,ssp126
hot,2028,6,8.02,ssp126
hot,2028,7,8.01,ssp126
hot,2028,8,8.01,ssp126
hot,2028,9,8.01,ssp126
hot,2028,10,8.02,ssp126
hot,2028,11,8.03,ssp126
hot,2028,12,8.03,ssp126
hot,2029,1,8.04,ssp126
hot,2029,2,8.04,ssp126
hot,2029,3,8.04,ssp126
hot,2029,4,8.04,ssp126
hot,2029,5,8.03,ssp126
hot,2029,6,8.02,ssp126
hot,2029,7,8.01,ssp126
hot,2029,8,8.01,ssp126
hot,2029,9,8.01,ssp126
hot,2029,10,8.01,ssp126
hot,2029,11,8.02,ssp126
hot,2029,12,8.03,ssp126
hot,2030,1,8.04,ssp126
hot,2030,2,8.04,ssp126
hot,2030,3,8.04,ssp126
hot,2030,4,8.04,ssp126
hot,2030,5,8.03,ssp126
hot,2030,6,8.01,ssp126
hot,2030,7,8.01,ssp126
hot,2030,8,8,ssp126
hot,2030,9,8,ssp126
hot,2030,10,8.01,ssp126
hot,2030,11,8.02,ssp126
hot,2030,12,8.03,ssp126
hot,2031,1,8.04,ssp126
hot,2031,2,8.04,ssp126
hot,2031,3,8.04,ssp126
hot,2031,4,8.03,ssp126
hot,2031,5,8.02,ssp126
hot,2031,6,8.01,ssp126
hot,2031,7,8,ssp126
hot,2031,8,8,ssp126
hot,2031,9,8,ssp126
hot,2031,10,8,ssp126
hot,2031,11,8.02,ssp126
hot,2031,12,8.03,ssp126
hot,2032,1,8.04,ssp126
hot,2032,2,8.04,ssp126
hot,2032,3,8.04,ssp126
hot,2032,4,8.04,ssp126
hot,2032,5,8.02,ssp126
hot,2032,6,8.02,ssp126
hot,2032,7,8.01,ssp126
hot,2032,8,8.01,ssp126
hot,2032,9,8.01,ssp126
hot,2032,10,8.01,ssp126
hot,2032,11,8.02,ssp126
hot,2032,12,8.03,ssp126
hot,2033,1,8.04,ssp126
hot,2033,2,8.04,ssp126
hot,2033,3,8.04,ssp126
hot,2033,4,8.03,ssp126
hot,2033,5,8.02,ssp126
hot,2033,6,8,ssp126
hot,2033,7,8,ssp126
hot,2033,8,8,ssp126
hot,2033,9,8,ssp126
hot,2033,10,8.01,ssp126
hot,2033,11,8.02,ssp126
hot,2033,12,8.02,ssp126
hot,2034,1,8.03,ssp126
hot,2034,2,8.04,ssp126
hot,2034,3,8.04,ssp126
hot,2034,4,8.03,ssp126
hot,2034,5,8.02,ssp126
hot,2034,6,8.01,ssp126
hot,2034,7,8,ssp126
hot,2034,8,8,ssp126
hot,2034,9,8,ssp126
hot,2034,10,8.01,ssp126
hot,2034,11,8.02,ssp126
hot,2034,12,8.02,ssp126
hot,2035,1,8.03,ssp126
hot,2035,2,8.03,ssp126
hot,2035,3,8.03,ssp126
hot,2035,4,8.02,ssp126
hot,2035,5,8.01,ssp126
hot,2035,6,8,ssp126
hot,2035,7,7.99,ssp126
hot,2035,8,7.99,ssp126
hot,2035,9,7.99,ssp126
hot,2035,10,7.99,ssp126
hot,2035,11,8,ssp126
hot,2035,12,8.02,ssp126
hot,2036,1,8.03,ssp126
hot,2036,2,8.03,ssp126
hot,2036,3,8.03,ssp126
hot,2036,4,8.02,ssp126
hot,2036,5,8.01,ssp126
hot,2036,6,8,ssp126
hot,2036,7,7.99,ssp126
hot,2036,8,7.99,ssp126
hot,2036,9,7.99,ssp126
hot,2036,10,8,ssp126
hot,2036,11,8.01,ssp126
hot,2036,12,8.02,ssp126
hot,2037,1,8.02,ssp126
hot,2037,2,8.03,ssp126
hot,2037,3,8.02,ssp126
hot,2037,4,8.02,ssp126
hot,2037,5,8.01,ssp126
hot,2037,6,8,ssp126
hot,2037,7,7.99,ssp126
hot,2037,8,7.99,ssp126
hot,2037,9,7.99,ssp126
hot,2037,10,8,ssp126
hot,2037,11,8.01,ssp126
hot,2037,12,8.02,ssp126
hot,2038,1,8.03,ssp126
hot,2038,2,8.03,ssp126
hot,2038,3,8.03,ssp126
hot,2038,4,8.02,ssp126
hot,2038,5,8.01,ssp126
hot,2038,6,8,ssp126
hot,2038,7,7.99,ssp126
hot,2038,8,7.99,ssp126
hot,2038,9,7.99,ssp126
hot,2038,10,8,ssp126
hot,2038,11,8.01,ssp126
hot,2038,12,8.02,ssp126
hot,2039,1,8.02,ssp126
hot,2039,2,8.02,ssp126
hot,2039,3,8.02,ssp126
hot,2039,4,8.02,ssp126
hot,2039,5,8.01,ssp126
hot,2039,6,8,ssp126
hot,2039,7,7.99,ssp126
hot,2039,8,7.99,ssp126
hot,2039,9,7.99,ssp126
hot,2039,10,7.99,ssp126
hot,2039,11,8.01,ssp126
hot,2039,12,8.02,ssp126
hot,2040,1,8.02,ssp126
hot,2040,2,8.02,ssp126
hot,2040,3,8.02,ssp126
hot,2040,4,8.02,ssp126
hot,2040,5,8.01,ssp126
hot,2040,6,7.99,ssp126
hot,2040,7,7.99,ssp126
hot,2040,8,7.98,ssp126
hot,2040,9,7.98,ssp126
hot,2040,10,7.99,ssp126
hot,2040,11,8,ssp126
hot,2040,12,8.01,ssp126
hot,2041,1,8.02,ssp126
hot,2041,2,8.02,ssp126
hot,2041,3,8.02,ssp126
hot,2041,4,8.01,ssp126
hot,2041,5,8,ssp126
hot,2041,6,7.99,ssp126
hot,2041,7,7.99,ssp126
hot,2041,8,7.99,ssp126
hot,2041,9,7.98,ssp126
hot,2041,10,7.99,ssp126
hot,2041,11,8,ssp126
hot,2041,12,8.01,ssp126
hot,2042,1,8.02,ssp126
hot,2042,2,8.02,ssp126
hot,2042,3,8.02,ssp126
hot,2042,4,8.01,ssp126
hot,2042,5,8,ssp126
hot,2042,6,7.99,ssp126
hot,2042,7,7.99,ssp126
hot,2042,8,7.99,ssp126
hot,2042,9,7.99,ssp126
hot,2042,10,7.99,ssp126
hot,2042,11,8,ssp126
hot,2042,12,8.01,ssp126
hot,2043,1,8.02,ssp126
hot,2043,2,8.02,ssp126
hot,2043,3,8.02,ssp126
hot,2043,4,8.02,ssp126
hot,2043,5,8.01,ssp126
hot,2043,6,7.99,ssp126
hot,2043,7,7.98,ssp126
hot,2043,8,7.98,ssp126
hot,2043,9,7.98,ssp126
hot,2043,10,7.98,ssp126
hot,2043,11,7.99,ssp126
hot,2043,12,8,ssp126
hot,2044,1,8.01,ssp126
hot,2044,2,8.01,ssp126
hot,2044,3,8.01,ssp126
hot,2044,4,8.01,ssp126
hot,2044,5,8,ssp126
hot,2044,6,7.98,ssp126
hot,2044,7,7.98,ssp126
hot,2044,8,7.98,ssp126
hot,2044,9,7.98,ssp126
hot,2044,10,7.99,ssp126
hot,2044,11,8,ssp126
hot,2044,12,8.01,ssp126
hot,2045,1,8.02,ssp126
hot,2045,2,8.02,ssp126
hot,2045,3,8.02,ssp126
hot,2045,4,8.01,ssp126
hot,2045,5,8,ssp126
hot,2045,6,7.99,ssp126
hot,2045,7,7.98,ssp126
hot,2045,8,7.98,ssp126
hot,2045,9,7.98,ssp126
hot,2045,10,7.99,ssp126
hot,2045,11,8,ssp126
hot,2045,12,8.01,ssp126
hot,2046,1,8.01,ssp126
hot,2046,2,8.01,ssp126
hot,2046,3,8.01,ssp126
hot,2046,4,8.01,ssp126
hot,2046,5,8,ssp126
hot,2046,6,7.99,ssp126
hot,2046,7,7.98,ssp126
hot,2046,8,7.98,ssp126
hot,2046,9,7.98,ssp126
hot,2046,10,7.99,ssp126
hot,2046,11,8,ssp126
hot,2046,12,8.01,ssp126
hot,2047,1,8.02,ssp126
hot,2047,2,8.02,ssp126
hot,2047,3,8.02,ssp126
hot,2047,4,8.01,ssp126
hot,2047,5,8,ssp126
hot,2047,6,7.99,ssp126
hot,2047,7,7.99,ssp126
hot,2047,8,7.98,ssp126
hot,2047,9,7.98,ssp126
hot,2047,10,7.99,ssp126
hot,2047,11,8,ssp126
hot,2047,12,8,ssp126
hot,2048,1,8.01,ssp126
hot,2048,2,8.01,ssp126
hot,2048,3,8.01,ssp126
hot,2048,4,8.01,ssp126
hot,2048,5,8,ssp126
hot,2048,6,7.99,ssp126
hot,2048,7,7.98,ssp126
hot,2048,8,7.97,ssp126
hot,2048,9,7.97,ssp126
hot,2048,10,7.98,ssp126
hot,2048,11,7.99,ssp126
hot,2048,12,8,ssp126
hot,2049,1,8.01,ssp126
hot,2049,2,8.01,ssp126
hot,2049,3,8.01,ssp126
hot,2049,4,8.01,ssp126
hot,2049,5,8,ssp126
hot,2049,6,7.99,ssp126
hot,2049,7,7.98,ssp126
hot,2049,8,7.97,ssp126
hot,2049,9,7.98,ssp126
hot,2049,10,7.98,ssp126
hot,2049,11,7.99,ssp126
hot,2049,12,8.01,ssp126
hot,2050,1,8.01,ssp126
hot,2050,2,8.01,ssp126
hot,2050,3,8.01,ssp126
hot,2050,4,8.01,ssp126
hot,2050,5,8,ssp126
hot,2050,6,7.98,ssp126
hot,2050,7,7.98,ssp126
hot,2050,8,7.97,ssp126
hot,2050,9,7.97,ssp126
hot,2050,10,7.98,ssp126
hot,2050,11,7.99,ssp126
hot,2050,12,8,ssp126
hot,2051,1,8.01,ssp126
hot,2051,2,8.01,ssp126
hot,2051,3,8.01,ssp126
hot,2051,4,8.01,ssp126
hot,2051,5,8,ssp126
hot,2051,6,7.99,ssp126
hot,2051,7,7.98,ssp126
hot,2051,8,7.98,ssp126
hot,2051,9,7.98,ssp126
hot,2051,10,7.99,ssp126
hot,2051,11,8,ssp126
hot,2051,12,8.01,ssp126
hot,2052,1,8.01,ssp126
hot,2052,2,8.01,ssp126
hot,2052,3,8.01,ssp126
hot,2052,4,8,ssp126
hot,2052,5,8,ssp126
hot,2052,6,7.99,ssp126
hot,2052,7,7.98,ssp126
hot,2052,8,7.98,ssp126
hot,2052,9,7.98,ssp126
hot,2052,10,7.99,ssp126
hot,2052,11,8,ssp126
hot,2052,12,8.01,ssp126
hot,2053,1,8.01,ssp126
hot,2053,2,8.01,ssp126
hot,2053,3,8.01,ssp126
hot,2053,4,8,ssp126
hot,2053,5,7.99,ssp126
hot,2053,6,7.98,ssp126
hot,2053,7,7.98,ssp126
hot,2053,8,7.98,ssp126
hot,2053,9,7.98,ssp126
hot,2053,10,7.99,ssp126
hot,2053,11,7.99,ssp126
hot,2053,12,8,ssp126
hot,2054,1,8.01,ssp126
hot,2054,2,8.01,ssp126
hot,2054,3,8.01,ssp126
hot,2054,4,8,ssp126
hot,2054,5,7.99,ssp126
hot,2054,6,7.98,ssp126
hot,2054,7,7.98,ssp126
hot,2054,8,7.97,ssp126
hot,2054,9,7.97,ssp126
hot,2054,10,7.98,ssp126
hot,2054,11,7.99,ssp126
hot,2054,12,8,ssp126
hot,2055,1,8,ssp126
hot,2055,2,8.01,ssp126
hot,2055,3,8.01,ssp126
hot,2055,4,8,ssp126
hot,2055,5,7.99,ssp126
hot,2055,6,7.98,ssp126
hot,2055,7,7.97,ssp126
hot,2055,8,7.97,ssp126
hot,2055,9,7.97,ssp126
hot,2055,10,7.97,ssp126
hot,2055,11,7.98,ssp126
hot,2055,12,8,ssp126
hot,2056,1,8,ssp126
hot,2056,2,8.01,ssp126
hot,2056,3,8.01,ssp126
hot,2056,4,8,ssp126
hot,2056,5,7.99,ssp126
hot,2056,6,7.98,ssp126
hot,2056,7,7.98,ssp126
hot,2056,8,7.97,ssp126
hot,2056,9,7.97,ssp126
hot,2056,10,7.98,ssp126
hot,2056,11,7.99,ssp126
hot,2056,12,8.01,ssp126
hot,2057,1,8.01,ssp126
hot,2057,2,8.01,ssp126
hot,2057,3,8.01,ssp126
hot,2057,4,8,ssp126
hot,2057,5,7.99,ssp126
hot,2057,6,7.98,ssp126
hot,2057,7,7.98,ssp126
hot,2057,8,7.97,ssp126
hot,2057,9,7.97,ssp126
hot,2057,10,7.98,ssp126
hot,2057,11,7.99,ssp126
hot,2057,12,8,ssp126
hot,2058,1,8.01,ssp126
hot,2058,2,8.01,ssp126
hot,2058,3,8.01,ssp126
hot,2058,4,8,ssp126
hot,2058,5,7.99,ssp126
hot,2058,6,7.98,ssp126
hot,2058,7,7.98,ssp126
hot,2058,8,7.97,ssp126
hot,2058,9,7.97,ssp126
hot,2058,10,7.98,ssp126
hot,2058,11,7.99,ssp126
hot,2058,12,7.99,ssp126
hot,2059,1,8,ssp126
hot,2059,2,8,ssp126
hot,2059,3,8,ssp126
hot,2059,4,8,ssp126
hot,2059,5,7.99,ssp126
hot,2059,6,7.97,ssp126
hot,2059,7,7.97,ssp126
hot,2059,8,7.97,ssp126
hot,2059,9,7.97,ssp126
hot,2059,10,7.97,ssp126
hot,2059,11,7.99,ssp126
hot,2059,12,8,ssp126
hot,2060,1,8.01,ssp126
hot,2060,2,8.01,ssp126
hot,2060,3,8.01,ssp126
hot,2060,4,8.01,ssp126
hot,2060,5,7.99,ssp126
hot,2060,6,7.98,ssp126
hot,2060,7,7.97,ssp126
hot,2060,8,7.97,ssp126
hot,2060,9,7.98,ssp126
hot,2060,10,7.98,ssp126
hot,2060,11,7.99,ssp126
hot,2060,12,8,ssp126
hot,2061,1,8,ssp126
hot,2061,2,8.01,ssp126
hot,2061,3,8.01,ssp126
hot,2061,4,8,ssp126
hot,2061,5,8,ssp126
hot,2061,6,7.98,ssp126
hot,2061,7,7.98,ssp126
hot,2061,8,7.97,ssp126
hot,2061,9,7.97,ssp126
hot,2061,10,7.98,ssp126
hot,2061,11,7.99,ssp126
hot,2061,12,8,ssp126
hot,2062,1,8.01,ssp126
hot,2062,2,8.01,ssp126
hot,2062,3,8.01,ssp126
hot,2062,4,8,ssp126
hot,2062,5,8,ssp126
hot,2062,6,7.99,ssp126
hot,2062,7,7.98,ssp126
hot,2062,8,7.97,ssp126
hot,2062,9,7.97,ssp126
hot,2062,10,7.98,ssp126
hot,2062,11,7.99,ssp126
hot,2062,12,8,ssp126
hot,2063,1,8.01,ssp126
hot,2063,2,8.01,ssp126
hot,2063,3,8.01,ssp126
hot,2063,4,8.01,ssp126
hot,2063,5,7.99,ssp126
hot,2063,6,7.98,ssp126
hot,2063,7,7.98,ssp126
hot,2063,8,7.97,ssp126
hot,2063,9,7.97,ssp126
hot,2063,10,7.98,ssp126
hot,2063,11,7.99,ssp126
hot,2063,12,8,ssp126
hot,2064,1,8.01,ssp126
hot,2064,2,8.01,ssp126
hot,2064,3,8.01,ssp126
hot,2064,4,8,ssp126
hot,2064,5,7.99,ssp126
hot,2064,6,7.98,ssp126
hot,2064,7,7.97,ssp126
hot,2064,8,7.97,ssp126
hot,2064,9,7.97,ssp126
hot,2064,10,7.98,ssp126
hot,2064,11,7.99,ssp126
hot,2064,12,7.99,ssp126
hot,2065,1,8,ssp126
hot,2065,2,8,ssp126
hot,2065,3,8,ssp126
hot,2065,4,8,ssp126
hot,2065,5,7.99,ssp126
hot,2065,6,7.98,ssp126
hot,2065,7,7.97,ssp126
hot,2065,8,7.97,ssp126
hot,2065,9,7.97,ssp126
hot,2065,10,7.98,ssp126
hot,2065,11,7.99,ssp126
hot,2065,12,8,ssp126
hot,2066,1,8.01,ssp126
hot,2066,2,8.01,ssp126
hot,2066,3,8.01,ssp126
hot,2066,4,8,ssp126
hot,2066,5,7.99,ssp126
hot,2066,6,7.98,ssp126
hot,2066,7,7.98,ssp126
hot,2066,8,7.98,ssp126
hot,2066,9,7.98,ssp126
hot,2066,10,7.98,ssp126
hot,2066,11,7.99,ssp126
hot,2066,12,8,ssp126
hot,2067,1,8,ssp126
hot,2067,2,8.01,ssp126
hot,2067,3,8.01,ssp126
hot,2067,4,8,ssp126
hot,2067,5,8,ssp126
hot,2067,6,7.98,ssp126
hot,2067,7,7.98,ssp126
hot,2067,8,7.97,ssp126
hot,2067,9,7.97,ssp126
hot,2067,10,7.98,ssp126
hot,2067,11,7.99,ssp126
hot,2067,12,8,ssp126
hot,2068,1,8,ssp126
hot,2068,2,8.01,ssp126
hot,2068,3,8,ssp126
hot,2068,4,8,ssp126
hot,2068,5,7.99,ssp126
hot,2068,6,7.98,ssp126
hot,2068,7,7.97,ssp126
hot,2068,8,7.97,ssp126
hot,2068,9,7.97,ssp126
hot,2068,10,7.98,ssp126
hot,2068,11,7.99,ssp126
hot,2068,12,8,ssp126
hot,2069,1,8.01,ssp126
hot,2069,2,8.01,ssp126
hot,2069,3,8.01,ssp126
hot,2069,4,8,ssp126
hot,2069,5,7.99,ssp126
hot,2069,6,7.98,ssp126
hot,2069,7,7.98,ssp126
hot,2069,8,7.97,ssp126
hot,2069,9,7.97,ssp126
hot,2069,10,7.98,ssp126
hot,2069,11,7.99,ssp126
hot,2069,12,8,ssp126
hot,2070,1,8.01,ssp126
hot,2070,2,8.01,ssp126
hot,2070,3,8.01,ssp126
hot,2070,4,8,ssp126
hot,2070,5,7.99,ssp126
hot,2070,6,7.98,ssp126
hot,2070,7,7.98,ssp126
hot,2070,8,7.97,ssp126
hot,2070,9,7.97,ssp126
hot,2070,10,7.98,ssp126
hot,2070,11,7.99,ssp126
hot,2070,12,8,ssp126
hot,2071,1,8.01,ssp126
hot,2071,2,8.01,ssp126
hot,2071,3,8,ssp126
hot,2071,4,8,ssp126
hot,2071,5,7.99,ssp126
hot,2071,6,7.98,ssp126
hot,2071,7,7.98,ssp126
hot,2071,8,7.97,ssp126
hot,2071,9,7.97,ssp126
hot,2071,10,7.98,ssp126
hot,2071,11,7.99,ssp126
hot,2071,12,7.99,ssp126
hot,2072,1,8,ssp126
hot,2072,2,8.01,ssp126
hot,2072,3,8,ssp126
hot,2072,4,8,ssp126
hot,2072,5,7.99,ssp126
hot,2072,6,7.98,ssp126
hot,2072,7,7.97,ssp126
hot,2072,8,7.97,ssp126
hot,2072,9,7.98,ssp126
hot,2072,10,7.98,ssp126
hot,2072,11,7.99,ssp126
hot,2072,12,8,ssp126
hot,2073,1,8.01,ssp126
hot,2073,2,8.01,ssp126
hot,2073,3,8.01,ssp126
hot,2073,4,8,ssp126
hot,2073,5,7.99,ssp126
hot,2073,6,7.98,ssp126
hot,2073,7,7.97,ssp126
hot,2073,8,7.97,ssp126
hot,2073,9,7.97,ssp126
hot,2073,10,7.98,ssp126
hot,2073,11,7.99,ssp126
hot,2073,12,8,ssp126
hot,2074,1,8.01,ssp126
hot,2074,2,8.01,ssp126
hot,2074,3,8.01,ssp126
hot,2074,4,8,ssp126
hot,2074,5,8,ssp126
hot,2074,6,7.98,ssp126
hot,2074,7,7.98,ssp126
hot,2074,8,7.97,ssp126
hot,2074,9,7.97,ssp126
hot,2074,10,7.98,ssp126
hot,2074,11,7.99,ssp126
hot,2074,12,8,ssp126
hot,2075,1,8.01,ssp126
hot,2075,2,8.01,ssp126
hot,2075,3,8.01,ssp126
hot,2075,4,8.01,ssp126
hot,2075,5,8,ssp126
hot,2075,6,7.99,ssp126
hot,2075,7,7.98,ssp126
hot,2075,8,7.97,ssp126
hot,2075,9,7.97,ssp126
hot,2075,10,7.98,ssp126
hot,2075,11,7.99,ssp126
hot,2075,12,7.99,ssp126
hot,2076,1,8,ssp126
hot,2076,2,8,ssp126
hot,2076,3,8,ssp126
hot,2076,4,8,ssp126
hot,2076,5,7.99,ssp126
hot,2076,6,7.98,ssp126
hot,2076,7,7.98,ssp126
hot,2076,8,7.97,ssp126
hot,2076,9,7.97,ssp126
hot,2076,10,7.98,ssp126
hot,2076,11,7.99,ssp126
hot,2076,12,8,ssp126
hot,2077,1,8.01,ssp126
hot,2077,2,8.01,ssp126
hot,2077,3,8.01,ssp126
hot,2077,4,8.01,ssp126
hot,2077,5,7.99,ssp126
hot,2077,6,7.98,ssp126
hot,2077,7,7.97,ssp126
hot,2077,8,7.97,ssp126
hot,2077,9,7.97,ssp126
hot,2077,10,7.98,ssp126
hot,2077,11,7.99,ssp126
hot,2077,12,8,ssp126
hot,2078,1,8.01,ssp126
hot,2078,2,8.01,ssp126
hot,2078,3,8.01,ssp126
hot,2078,4,8,ssp126
hot,2078,5,7.99,ssp126
hot,2078,6,7.98,ssp126
hot,2078,7,7.97,ssp126
hot,2078,8,7.97,ssp126
hot,2078,9,7.97,ssp126
hot,2078,10,7.98,ssp126
hot,2078,11,7.99,ssp126
hot,2078,12,8,ssp126
hot,2079,1,8.01,ssp126
hot,2079,2,8.01,ssp126
hot,2079,3,8.01,ssp126
hot,2079,4,8,ssp126
hot,2079,5,7.99,ssp126
hot,2079,6,7.98,ssp126
hot,2079,7,7.98,ssp126
hot,2079,8,7.97,ssp126
hot,2079,9,7.98,ssp126
hot,2079,10,7.98,ssp126
hot,2079,11,7.99,ssp126
hot,2079,12,8,ssp126
hot,2080,1,8.01,ssp126
hot,2080,2,8.02,ssp126
hot,2080,3,8.02,ssp126
hot,2080,4,8.01,ssp126
hot,2080,5,8,ssp126
hot,2080,6,7.98,ssp126
hot,2080,7,7.98,ssp126
hot,2080,8,7.97,ssp126
hot,2080,9,7.97,ssp126
hot,2080,10,7.98,ssp126
hot,2080,11,7.99,ssp126
hot,2080,12,8,ssp126
hot,2081,1,8.01,ssp126
hot,2081,2,8.01,ssp126
hot,2081,3,8.02,ssp126
hot,2081,4,8.01,ssp126
hot,2081,5,8,ssp126
hot,2081,6,7.99,ssp126
hot,2081,7,7.98,ssp126
hot,2081,8,7.98,ssp126
hot,2081,9,7.98,ssp126
hot,2081,10,7.99,ssp126
hot,2081,11,8,ssp126
hot,2081,12,8,ssp126
hot,2082,1,8.01,ssp126
hot,2082,2,8.02,ssp126
hot,2082,3,8.02,ssp126
hot,2082,4,8.01,ssp126
hot,2082,5,8,ssp126
hot,2082,6,7.99,ssp126
hot,2082,7,7.98,ssp126
hot,2082,8,7.98,ssp126
hot,2082,9,7.98,ssp126
hot,2082,10,7.98,ssp126
hot,2082,11,7.99,ssp126
hot,2082,12,8,ssp126
hot,2083,1,8.01,ssp126
hot,2083,2,8.01,ssp126
hot,2083,3,8.01,ssp126
hot,2083,4,8.01,ssp126
hot,2083,5,8,ssp126
hot,2083,6,7.99,ssp126
hot,2083,7,7.98,ssp126
hot,2083,8,7.98,ssp126
hot,2083,9,7.98,ssp126
hot,2083,10,7.99,ssp126
hot,2083,11,8,ssp126
hot,2083,12,8.01,ssp126
hot,2084,1,8.02,ssp126
hot,2084,2,8.02,ssp126
hot,2084,3,8.02,ssp126
hot,2084,4,8.01,ssp126
hot,2084,5,8,ssp126
hot,2084,6,7.99,ssp126
hot,2084,7,7.98,ssp126
hot,2084,8,7.98,ssp126
hot,2084,9,7.98,ssp126
hot,2084,10,7.99,ssp126
hot,2084,11,8,ssp126
hot,2084,12,8.01,ssp126
hot,2085,1,8.01,ssp126
hot,2085,2,8.02,ssp126
hot,2085,3,8.01,ssp126
hot,2085,4,8.01,ssp126
hot,2085,5,8,ssp126
hot,2085,6,7.98,ssp126
hot,2085,7,7.98,ssp126
hot,2085,8,7.98,ssp126
hot,2085,9,7.98,ssp126
hot,2085,10,7.98,ssp126
hot,2085,11,7.99,ssp126
hot,2085,12,8,ssp126
hot,2086,1,8.01,ssp126
hot,2086,2,8.02,ssp126
hot,2086,3,8.01,ssp126
hot,2086,4,8.01,ssp126
hot,2086,5,7.99,ssp126
hot,2086,6,7.99,ssp126
hot,2086,7,7.98,ssp126
hot,2086,8,7.98,ssp126
hot,2086,9,7.98,ssp126
hot,2086,10,7.99,ssp126
hot,2086,11,8,ssp126
hot,2086,12,8.01,ssp126
hot,2087,1,8.01,ssp126
hot,2087,2,8.02,ssp126
hot,2087,3,8.02,ssp126
hot,2087,4,8.01,ssp126
hot,2087,5,8,ssp126
hot,2087,6,7.99,ssp126
hot,2087,7,7.99,ssp126
hot,2087,8,7.98,ssp126
hot,2087,9,7.98,ssp126
hot,2087,10,7.99,ssp126
hot,2087,11,8,ssp126
hot,2087,12,8.01,ssp126
hot,2088,1,8.01,ssp126
hot,2088,2,8.02,ssp126
hot,2088,3,8.01,ssp126
hot,2088,4,8.01,ssp126
hot,2088,5,8,ssp126
hot,2088,6,7.99,ssp126
hot,2088,7,7.99,ssp126
hot,2088,8,7.98,ssp126
hot,2088,9,7.98,ssp126
hot,2088,10,7.98,ssp126
hot,2088,11,8,ssp126
hot,2088,12,8.01,ssp126
hot,2089,1,8.01,ssp126
hot,2089,2,8.02,ssp126
hot,2089,3,8.02,ssp126
hot,2089,4,8.01,ssp126
hot,2089,5,8,ssp126
hot,2089,6,7.99,ssp126
hot,2089,7,7.99,ssp126
hot,2089,8,7.98,ssp126
hot,2089,9,7.98,ssp126
hot,2089,10,7.99,ssp126
hot,2089,11,7.99,ssp126
hot,2089,12,8.01,ssp126
hot,2090,1,8.01,ssp126
hot,2090,2,8.02,ssp126
hot,2090,3,8.02,ssp126
hot,2090,4,8.01,ssp126
hot,2090,5,8,ssp126
hot,2090,6,7.99,ssp126
hot,2090,7,7.99,ssp126
hot,2090,8,7.98,ssp126
hot,2090,9,7.99,ssp126
hot,2090,10,7.99,ssp126
hot,2090,11,8,ssp126
hot,2090,12,8.01,ssp126
hot,2091,1,8.01,ssp126
hot,2091,2,8.02,ssp126
hot,2091,3,8.02,ssp126
hot,2091,4,8.02,ssp126
hot,2091,5,8.01,ssp126
hot,2091,6,7.99,ssp126
hot,2091,7,7.99,ssp126
hot,2091,8,7.98,ssp126
hot,2091,9,7.98,ssp126
hot,2091,10,7.99,ssp126
hot,2091,11,8,ssp126
hot,2091,12,8.01,ssp126
hot,2092,1,8.02,ssp126
hot,2092,2,8.02,ssp126
hot,2092,3,8.02,ssp126
hot,2092,4,8.02,ssp126
hot,2092,5,8.01,ssp126
hot,2092,6,8,ssp126
hot,2092,7,7.99,ssp126
hot,2092,8,7.98,ssp126
hot,2092,9,7.98,ssp126
hot,2092,10,7.99,ssp126
hot,2092,11,8,ssp126
hot,2092,12,8.01,ssp126
hot,2093,1,8.02,ssp126
hot,2093,2,8.02,ssp126
hot,2093,3,8.02,ssp126
hot,2093,4,8.01,ssp126
hot,2093,5,8,ssp126
hot,2093,6,7.99,ssp126
hot,2093,7,7.99,ssp126
hot,2093,8,7.99,ssp126
hot,2093,9,7.99,ssp126
hot,2093,10,7.99,ssp126
hot,2093,11,8,ssp126
hot,2093,12,8.01,ssp126
hot,2094,1,8.02,ssp126
hot,2094,2,8.02,ssp126
hot,2094,3,8.03,ssp126
hot,2094,4,8.02,ssp126
hot,2094,5,8.01,ssp126
hot,2094,6,7.99,ssp126
hot,2094,7,7.99,ssp126
hot,2094,8,7.98,ssp126
hot,2094,9,7.99,ssp126
hot,2094,10,7.99,ssp126
hot,2094,11,8,ssp126
hot,2094,12,8.01,ssp126
hot,2095,1,8.02,ssp126
hot,2095,2,8.03,ssp126
hot,2095,3,8.02,ssp126
hot,2095,4,8.02,ssp126
hot,2095,5,8.01,ssp126
hot,2095,6,8,ssp126
hot,2095,7,7.99,ssp126
hot,2095,8,7.99,ssp126
hot,2095,9,7.99,ssp126
hot,2095,10,8,ssp126
hot,2095,11,8.01,ssp126
hot,2095,12,8.01,ssp126
hot,2096,1,8.02,ssp126
hot,2096,2,8.02,ssp126
hot,2096,3,8.02,ssp126
hot,2096,4,8.01,ssp126
hot,2096,5,8,ssp126
hot,2096,6,7.99,ssp126
hot,2096,7,7.99,ssp126
hot,2096,8,7.98,ssp126
hot,2096,9,7.99,ssp126
hot,2096,10,7.99,ssp126
hot,2096,11,8,ssp126
hot,2096,12,8.01,ssp126
hot,2097,1,8.02,ssp126
hot,2097,2,8.02,ssp126
hot,2097,3,8.02,ssp126
hot,2097,4,8.02,ssp126
hot,2097,5,8,ssp126
hot,2097,6,8,ssp126
hot,2097,7,7.99,ssp126
hot,2097,8,7.99,ssp126
hot,2097,9,7.99,ssp126
hot,2097,10,8,ssp126
hot,2097,11,8.01,ssp126
hot,2097,12,8.02,ssp126
hot,2098,1,8.03,ssp126
hot,2098,2,8.03,ssp126
hot,2098,3,8.03,ssp126
hot,2098,4,8.02,ssp126
hot,2098,5,8.01,ssp126
hot,2098,6,8,ssp126
hot,2098,7,7.99,ssp126
hot,2098,8,7.98,ssp126
hot,2098,9,7.98,ssp126
hot,2098,10,7.99,ssp126
hot,2098,11,8,ssp126
hot,2098,12,8.01,ssp126
hot,2099,1,8.02,ssp126
hot,2099,2,8.02,ssp126
hot,2099,3,8.02,ssp126
hot,2099,4,8.02,ssp126
hot,2099,5,8,ssp126
hot,2099,6,7.99,ssp126
hot,2099,7,7.99,ssp126
hot,2099,8,7.99,ssp126
hot,2099,9,7.99,ssp126
hot,2099,10,8,ssp126
hot,2099,11,8.01,ssp126
hot,2099,12,8.02,ssp126
hot,2100,1,8.02,ssp126
hot,2100,2,8.03,ssp126
hot,2100,3,8.03,ssp126
hot,2100,4,8.02,ssp126
hot,2100,5,8.01,ssp126
hot,2100,6,8,ssp126
hot,2100,7,8,ssp126
hot,2100,8,7.99,ssp126
hot,2100,9,7.99,ssp126
hot,2100,10,8,ssp126
hot,2100,11,8.01,ssp126
hot,2100,12,8.02,ssp126
hot,2015,1,8.07,ssp245
hot,2015,2,8.08,ssp245
hot,2015,3,8.07,ssp245
hot,2015,4,8.07,ssp245
hot,2015,5,8.06,ssp245
hot,2015,6,8.05,ssp245
hot,2015,7,8.05,ssp245
hot,2015,8,8.04,ssp245
hot,2015,9,8.04,ssp245
hot,2015,10,8.04,ssp245
hot,2015,11,8.05,ssp245
hot,2015,12,8.07,ssp245
hot,2016,1,8.07,ssp245
hot,2016,2,8.07,ssp245
hot,2016,3,8.07,ssp245
hot,2016,4,8.07,ssp245
hot,2016,5,8.05,ssp245
hot,2016,6,8.04,ssp245
hot,2016,7,8.04,ssp245
hot,2016,8,8.03,ssp245
hot,2016,9,8.03,ssp245
hot,2016,10,8.04,ssp245
hot,2016,11,8.05,ssp245
hot,2016,12,8.06,ssp245
hot,2017,1,8.07,ssp245
hot,2017,2,8.08,ssp245
hot,2017,3,8.07,ssp245
hot,2017,4,8.07,ssp245
hot,2017,5,8.06,ssp245
hot,2017,6,8.04,ssp245
hot,2017,7,8.03,ssp245
hot,2017,8,8.03,ssp245
hot,2017,9,8.03,ssp245
hot,2017,10,8.04,ssp245
hot,2017,11,8.05,ssp245
hot,2017,12,8.06,ssp245
hot,2018,1,8.06,ssp245
hot,2018,2,8.07,ssp245
hot,2018,3,8.07,ssp245
hot,2018,4,8.06,ssp245
hot,2018,5,8.05,ssp245
hot,2018,6,8.04,ssp245
hot,2018,7,8.03,ssp245
hot,2018,8,8.03,ssp245
hot,2018,9,8.03,ssp245
hot,2018,10,8.04,ssp245
hot,2018,11,8.05,ssp245
hot,2018,12,8.06,ssp245
hot,2019,1,8.07,ssp245
hot,2019,2,8.07,ssp245
hot,2019,3,8.07,ssp245
hot,2019,4,8.06,ssp245
hot,2019,5,8.05,ssp245
hot,2019,6,8.04,ssp245
hot,2019,7,8.04,ssp245
hot,2019,8,8.03,ssp245
hot,2019,9,8.03,ssp245
hot,2019,10,8.04,ssp245
hot,2019,11,8.05,ssp245
hot,2019,12,8.06,ssp245
hot,2020,1,8.07,ssp245
hot,2020,2,8.07,ssp245
hot,2020,3,8.07,ssp245
hot,2020,4,8.06,ssp245
hot,2020,5,8.05,ssp245
hot,2020,6,8.04,ssp245
hot,2020,7,8.03,ssp245
hot,2020,8,8.03,ssp245
hot,2020,9,8.03,ssp245
hot,2020,10,8.03,ssp245
hot,2020,11,8.04,ssp245
hot,2020,12,8.05,ssp245
hot,2021,1,8.06,ssp245
hot,2021,2,8.06,ssp245
hot,2021,3,8.06,ssp245
hot,2021,4,8.06,ssp245
hot,2021,5,8.05,ssp245
hot,2021,6,8.04,ssp245
hot,2021,7,8.03,ssp245
hot,2021,8,8.03,ssp245
hot,2021,9,8.03,ssp245
hot,2021,10,8.03,ssp245
hot,2021,11,8.04,ssp245
hot,2021,12,8.05,ssp245
hot,2022,1,8.06,ssp245
hot,2022,2,8.06,ssp245
hot,2022,3,8.06,ssp245
hot,2022,4,8.06,ssp245
hot,2022,5,8.05,ssp245
hot,2022,6,8.03,ssp245
hot,2022,7,8.03,ssp245
hot,2022,8,8.02,ssp245
hot,2022,9,8.03,ssp245
hot,2022,10,8.03,ssp245
hot,2022,11,8.04,ssp245
hot,2022,12,8.05,ssp245
hot,2023,1,8.06,ssp245
hot,2023,2,8.06,ssp245
hot,2023,3,8.06,ssp245
hot,2023,4,8.05,ssp245
hot,2023,5,8.04,ssp245
hot,2023,6,8.03,ssp245
hot,2023,7,8.02,ssp245
hot,2023,8,8.02,ssp245
hot,2023,9,8.02,ssp245
hot,2023,10,8.02,ssp245
hot,2023,11,8.03,ssp245
hot,2023,12,8.04,ssp245
hot,2024,1,8.05,ssp245
hot,2024,2,8.06,ssp245
hot,2024,3,8.05,ssp245
hot,2024,4,8.05,ssp245
hot,2024,5,8.04,ssp245
hot,2024,6,8.03,ssp245
hot,2024,7,8.02,ssp245
hot,2024,8,8.02,ssp245
hot,2024,9,8.02,ssp245
hot,2024,10,8.03,ssp245
hot,2024,11,8.04,ssp245
hot,2024,12,8.05,ssp245
hot,2025,1,8.06,ssp245
hot,2025,2,8.06,ssp245
hot,2025,3,8.06,ssp245
hot,2025,4,8.05,ssp245
hot,2025,5,8.04,ssp245
hot,2025,6,8.02,ssp245
hot,2025,7,8.02,ssp245
hot,2025,8,8.01,ssp245
hot,2025,9,8.02,ssp245
hot,2025,10,8.02,ssp245
hot,2025,11,8.03,ssp245
hot,2025,12,8.04,ssp245
hot,2026,1,8.05,ssp245
hot,2026,2,8.05,ssp245
hot,2026,3,8.05,ssp245
hot,2026,4,8.04,ssp245
hot,2026,5,8.03,ssp245
hot,2026,6,8.02,ssp245
hot,2026,7,8.02,ssp245
hot,2026,8,8.02,ssp245
hot,2026,9,8.02,ssp245
hot,2026,10,8.02,ssp245
hot,2026,11,8.03,ssp245
hot,2026,12,8.04,ssp245
hot,2027,1,8.04,ssp245
hot,2027,2,8.04,ssp245
hot,2027,3,8.04,ssp245
hot,2027,4,8.04,ssp245
hot,2027,5,8.03,ssp245
hot,2027,6,8.02,ssp245
hot,2027,7,8.01,ssp245
hot,2027,8,8.01,ssp245
hot,2027,9,8,ssp245
hot,2027,10,8.01,ssp245
hot,2027,11,8.02,ssp245
hot,2027,12,8.03,ssp245
hot,2028,1,8.03,ssp245
hot,2028,2,8.03,ssp245
hot,2028,3,8.03,ssp245
hot,2028,4,8.03,ssp245
hot,2028,5,8.02,ssp245
hot,2028,6,8.01,ssp245
hot,2028,7,8.01,ssp245
hot,2028,8,8,ssp245
hot,2028,9,8,ssp245
hot,2028,10,8.01,ssp245
hot,2028,11,8.02,ssp245
hot,2028,12,8.03,ssp245
hot,2029,1,8.03,ssp245
hot,2029,2,8.04,ssp245
hot,2029,3,8.03,ssp245
hot,2029,4,8.03,ssp245
hot,2029,5,8.02,ssp245
hot,2029,6,8.01,ssp245
hot,2029,7,8,ssp245
hot,2029,8,8,ssp245
hot,2029,9,8,ssp245
hot,2029,10,8,ssp245
hot,2029,11,8.02,ssp245
hot,2029,12,8.03,ssp245
hot,2030,1,8.03,ssp245
hot,2030,2,8.04,ssp245
hot,2030,3,8.04,ssp245
hot,2030,4,8.03,ssp245
hot,2030,5,8.03,ssp245
hot,2030,6,8.02,ssp245
hot,2030,7,8.01,ssp245
hot,2030,8,8,ssp245
hot,2030,9,8,ssp245
hot,2030,10,8.01,ssp245
hot,2030,11,8.02,ssp245
hot,2030,12,8.03,ssp245
hot,2031,1,8.03,ssp245
hot,2031,2,8.03,ssp245
hot,2031,3,8.03,ssp245
hot,2031,4,8.03,ssp245
hot,2031,5,8.02,ssp245
hot,2031,6,8.01,ssp245
hot,2031,7,8,ssp245
hot,2031,8,8,ssp245
hot,2031,9,8,ssp245
hot,2031,10,8,ssp245
hot,2031,11,8.02,ssp245
hot,2031,12,8.02,ssp245
hot,2032,1,8.03,ssp245
hot,2032,2,8.03,ssp245
hot,2032,3,8.03,ssp245
hot,2032,4,8.03,ssp245
hot,2032,5,8.01,ssp245
hot,2032,6,8,ssp245
hot,2032,7,8,ssp245
hot,2032,8,7.99,ssp245
hot,2032,9,7.99,ssp245
hot,2032,10,8,ssp245
hot,2032,11,8.01,ssp245
hot,2032,12,8.01,ssp245
hot,2033,1,8.02,ssp245
hot,2033,2,8.02,ssp245
hot,2033,3,8.02,ssp245
hot,2033,4,8.02,ssp245
hot,2033,5,8.01,ssp245
hot,2033,6,8.01,ssp245
hot,2033,7,8,ssp245
hot,2033,8,8,ssp245
hot,2033,9,8,ssp245
hot,2033,10,8,ssp245
hot,2033,11,8.01,ssp245
hot,2033,12,8.02,ssp245
hot,2034,1,8.03,ssp245
hot,2034,2,8.03,ssp245
hot,2034,3,8.02,ssp245
hot,2034,4,8.02,ssp245
hot,2034,5,8.01,ssp245
hot,2034,6,7.99,ssp245
hot,2034,7,7.99,ssp245
hot,2034,8,7.99,ssp245
hot,2034,9,7.99,ssp245
hot,2034,10,8,ssp245
hot,2034,11,8.01,ssp245
hot,2034,12,8.01,ssp245
hot,2035,1,8.02,ssp245
hot,2035,2,8.02,ssp245
hot,2035,3,8.02,ssp245
hot,2035,4,8.02,ssp245
hot,2035,5,8.01,ssp245
hot,2035,6,7.99,ssp245
hot,2035,7,7.99,ssp245
hot,2035,8,7.98,ssp245
hot,2035,9,7.98,ssp245
hot,2035,10,7.99,ssp245
hot,2035,11,8,ssp245
hot,2035,12,8.01,ssp245
hot,2036,1,8.01,ssp245
hot,2036,2,8.02,ssp245
hot,2036,3,8.01,ssp245
hot,2036,4,8.01,ssp245
hot,2036,5,8,ssp245
hot,2036,6,7.99,ssp245
hot,2036,7,7.98,ssp245
hot,2036,8,7.98,ssp245
hot,2036,9,7.98,ssp245
hot,2036,10,7.99,ssp245
hot,2036,11,8,ssp245
hot,2036,12,8,ssp245
hot,2037,1,8.01,ssp245
hot,2037,2,8.01,ssp245
hot,2037,3,8.01,ssp245
hot,2037,4,8.01,ssp245
hot,2037,5,8,ssp245
hot,2037,6,7.99,ssp245
hot,2037,7,7.98,ssp245
hot,2037,8,7.98,ssp245
hot,2037,9,7.98,ssp245
hot,2037,10,7.98,ssp245
hot,2037,11,7.99,ssp245
hot,2037,12,8.01,ssp245
hot,2038,1,8.01,ssp245
hot,2038,2,8.01,ssp245
hot,2038,3,8.02,ssp245
hot,2038,4,8.01,ssp245
hot,2038,5,8,ssp245
hot,2038,6,7.99,ssp245
hot,2038,7,7.98,ssp245
hot,2038,8,7.98,ssp245
hot,2038,9,7.98,ssp245
hot,2038,10,7.98,ssp245
hot,2038,11,7.99,ssp245
hot,2038,12,8,ssp245
hot,2039,1,8.01,ssp245
hot,2039,2,8.01,ssp245
hot,2039,3,8.01,ssp245
hot,2039,4,8,ssp245
hot,2039,5,7.99,ssp245
hot,2039,6,7.98,ssp245
hot,2039,7,7.98,ssp245
hot,2039,8,7.98,ssp245
hot,2039,9,7.98,ssp245
hot,2039,10,7.98,ssp245
hot,2039,11,7.99,ssp245
hot,2039,12,8,ssp245
hot,2040,1,8.01,ssp245
hot,2040,2,8.01,ssp245
hot,2040,3,8.01,ssp245
hot,2040,4,8,ssp245
hot,2040,5,7.99,ssp245
hot,2040,6,7.98,ssp245
hot,2040,7,7.98,ssp245
hot,2040,8,7.97,ssp245
hot,2040,9,7.97,ssp245
hot,2040,10,7.98,ssp245
hot,2040,11,7.99,ssp245
hot,2040,12,8,ssp245
hot,2041,1,8.01,ssp245
hot,2041,2,8.01,ssp245
hot,2041,3,8.01,ssp245
hot,2041,4,8,ssp245
hot,2041,5,7.99,ssp245
hot,2041,6,7.98,ssp245
hot,2041,7,7.98,ssp245
hot,2041,8,7.97,ssp245
hot,2041,9,7.97,ssp245
hot,2041,10,7.98,ssp245
hot,2041,11,7.99,ssp245
hot,2041,12,8,ssp245
hot,2042,1,8,ssp245
hot,2042,2,8.01,ssp245
hot,2042,3,8,ssp245
hot,2042,4,8,ssp245
hot,2042,5,7.99,ssp245
hot,2042,6,7.98,ssp245
hot,2042,7,7.97,ssp245
hot,2042,8,7.97,ssp245
hot,2042,9,7.97,ssp245
hot,2042,10,7.97,ssp245
hot,2042,11,7.99,ssp245
hot,2042,12,7.99,ssp245
hot,2043,1,8,ssp245
hot,2043,2,8,ssp245
hot,2043,3,8,ssp245
hot,2043,4,8,ssp245
hot,2043,5,7.99,ssp245
hot,2043,6,7.98,ssp245
hot,2043,7,7.97,ssp245
hot,2043,8,7.97,ssp245
hot,2043,9,7.97,ssp245
hot,2043,10,7.97,ssp245
hot,2043,11,7.98,ssp245
hot,2043,12,8,ssp245
hot,2044,1,8,ssp245
hot,2044,2,8,ssp245
hot,2044,3,8,ssp245
hot,2044,4,7.99,ssp245
hot,2044,5,7.98,ssp245
hot,2044,6,7.97,ssp245
hot,2044,7,7.97,ssp245
hot,2044,8,7.96,ssp245
hot,2044,9,7.96,ssp245
hot,2044,10,7.97,ssp245
hot,2044,11,7.97,ssp245
hot,2044,12,7.98,ssp245
hot,2045,1,7.99,ssp245
hot,2045,2,8,ssp245
hot,2045,3,8,ssp245
hot,2045,4,7.99,ssp245
hot,2045,5,7.98,ssp245
hot,2045,6,7.97,ssp245
hot,2045,7,7.96,ssp245
hot,2045,8,7.96,ssp245
hot,2045,9,7.96,ssp245
hot,2045,10,7.96,ssp245
hot,2045,11,7.97,ssp245
hot,2045,12,7.98,ssp245
hot,2046,1,7.99,ssp245
hot,2046,2,7.99,ssp245
hot,2046,3,7.99,ssp245
hot,2046,4,7.99,ssp245
hot,2046,5,7.98,ssp245
hot,2046,6,7.97,ssp245
hot,2046,7,7.97,ssp245
hot,2046,8,7.96,ssp245
hot,2046,9,7.96,ssp245
hot,2046,10,7.97,ssp245
hot,2046,11,7.98,ssp245
hot,2046,12,7.99,ssp245
hot,2047,1,7.99,ssp245
hot,2047,2,7.99,ssp245
hot,2047,3,7.99,ssp245
hot,2047,4,7.99,ssp245
hot,2047,5,7.98,ssp245
hot,2047,6,7.96,ssp245
hot,2047,7,7.96,ssp245
hot,2047,8,7.96,ssp245
hot,2047,9,7.95,ssp245
hot,2047,10,7.96,ssp245
hot,2047,11,7.97,ssp245
hot,2047,12,7.98,ssp245
hot,2048,1,7.99,ssp245
hot,2048,2,7.99,ssp245
hot,2048,3,7.99,ssp245
hot,2048,4,7.99,ssp245
hot,2048,5,7.98,ssp245
hot,2048,6,7.97,ssp245
hot,2048,7,7.96,ssp245
hot,2048,8,7.96,ssp245
hot,2048,9,7.95,ssp245
hot,2048,10,7.96,ssp245
hot,2048,11,7.97,ssp245
hot,2048,12,7.98,ssp245
hot,2049,1,7.99,ssp245
hot,2049,2,7.99,ssp245
hot,2049,3,7.99,ssp245
hot,2049,4,7.98,ssp245
hot,2049,5,7.97,ssp245
hot,2049,6,7.96,ssp245
hot,2049,7,7.96,ssp245
hot,2049,8,7.95,ssp245
hot,2049,9,7.95,ssp245
hot,2049,10,7.96,ssp245
hot,2049,11,7.97,ssp245
hot,2049,12,7.98,ssp245
hot,2050,1,7.99,ssp245
hot,2050,2,7.99,ssp245
hot,2050,3,7.99,ssp245
hot,2050,4,7.98,ssp245
hot,2050,5,7.97,ssp245
hot,2050,6,7.96,ssp245
hot,2050,7,7.95,ssp245
hot,2050,8,7.95,ssp245
hot,2050,9,7.95,ssp245
hot,2050,10,7.96,ssp245
hot,2050,11,7.97,ssp245
hot,2050,12,7.98,ssp245
hot,2051,1,7.98,ssp245
hot,2051,2,7.99,ssp245
hot,2051,3,7.99,ssp245
hot,2051,4,7.98,ssp245
hot,2051,5,7.97,ssp245
hot,2051,6,7.96,ssp245
hot,2051,7,7.95,ssp245
hot,2051,8,7.95,ssp245
hot,2051,9,7.95,ssp245
hot,2051,10,7.96,ssp245
hot,2051,11,7.97,ssp245
hot,2051,12,7.98,ssp245
hot,2052,1,7.98,ssp245
hot,2052,2,7.99,ssp245
hot,2052,3,7.99,ssp245
hot,2052,4,7.98,ssp245
hot,2052,5,7.97,ssp245
hot,2052,6,7.96,ssp245
hot,2052,7,7.95,ssp245
hot,2052,8,7.95,ssp245
hot,2052,9,7.95,ssp245
hot,2052,10,7.95,ssp245
hot,2052,11,7.97,ssp245
hot,2052,12,7.97,ssp245
hot,2053,1,7.98,ssp245
hot,2053,2,7.98,ssp245
hot,2053,3,7.98,ssp245
hot,2053,4,7.97,ssp245
hot,2053,5,7.95,ssp245
hot,2053,6,7.94,ssp245
hot,2053,7,7.94,ssp245
hot,2053,8,7.94,ssp245
hot,2053,9,7.94,ssp245
hot,2053,10,7.95,ssp245
hot,2053,11,7.96,ssp245
hot,2053,12,7.96,ssp245
hot,2054,1,7.97,ssp245
hot,2054,2,7.97,ssp245
hot,2054,3,7.97,ssp245
hot,2054,4,7.96,ssp245
hot,2054,5,7.96,ssp245
hot,2054,6,7.95,ssp245
hot,2054,7,7.94,ssp245
hot,2054,8,7.94,ssp245
hot,2054,9,7.94,ssp245
hot,2054,10,7.94,ssp245
hot,2054,11,7.95,ssp245
hot,2054,12,7.96,ssp245
hot,2055,1,7.97,ssp245
hot,2055,2,7.97,ssp245
hot,2055,3,7.97,ssp245
hot,2055,4,7.97,ssp245
hot,2055,5,7.96,ssp245
hot,2055,6,7.95,ssp245
hot,2055,7,7.94,ssp245
hot,2055,8,7.94,ssp245
hot,2055,9,7.94,ssp245
hot,2055,10,7.95,ssp245
hot,2055,11,7.95,ssp245
hot,2055,12,7.96,ssp245
hot,2056,1,7.97,ssp245
hot,2056,2,7.97,ssp245
hot,2056,3,7.97,ssp245
hot,2056,4,7.97,ssp245
hot,2056,5,7.96,ssp245
hot,2056,6,7.94,ssp245
hot,2056,7,7.94,ssp245
hot,2056,8,7.94,ssp245
hot,2056,9,7.94,ssp245
hot,2056,10,7.94,ssp245
hot,2056,11,7.95,ssp245
hot,2056,12,7.96,ssp245
hot,2057,1,7.97,ssp245
hot,2057,2,7.97,ssp245
hot,2057,3,7.97,ssp245
hot,2057,4,7.96,ssp245
hot,2057,5,7.96,ssp245
hot,2057,6,7.95,ssp245
hot,2057,7,7.94,ssp245
hot,2057,8,7.94,ssp245
hot,2057,9,7.94,ssp245
hot,2057,10,7.94,ssp245
hot,2057,11,7.95,ssp245
hot,2057,12,7.96,ssp245
hot,2058,1,7.96,ssp245
hot,2058,2,7.97,ssp245
hot,2058,3,7.96,ssp245
hot,2058,4,7.96,ssp245
hot,2058,5,7.94,ssp245
hot,2058,6,7.93,ssp245
hot,2058,7,7.93,ssp245
hot,2058,8,7.93,ssp245
hot,2058,9,7.93,ssp245
hot,2058,10,7.94,ssp245
hot,2058,11,7.95,ssp245
hot,2058,12,7.96,ssp245
hot,2059,1,7.97,ssp245
hot,2059,2,7.97,ssp245
hot,2059,3,7.97,ssp245
hot,2059,4,7.96,ssp245
hot,2059,5,7.95,ssp245
hot,2059,6,7.94,ssp245
hot,2059,7,7.93,ssp245
hot,2059,8,7.93,ssp245
hot,2059,9,7.93,ssp245
hot,2059,10,7.94,ssp245
hot,2059,11,7.95,ssp245
hot,2059,12,7.96,ssp245
hot,2060,1,7.96,ssp245
hot,2060,2,7.97,ssp245
hot,2060,3,7.97,ssp245
hot,2060,4,7.96,ssp245
hot,2060,5,7.95,ssp245
hot,2060,6,7.94,ssp245
hot,2060,7,7.93,ssp245
hot,2060,8,7.93,ssp245
hot,2060,9,7.92,ssp245
hot,2060,10,7.93,ssp245
hot,2060,11,7.94,ssp245
hot,2060,12,7.95,ssp245
hot,2061,1,7.96,ssp245
hot,2061,2,7.96,ssp245
hot,2061,3,7.96,ssp245
hot,2061,4,7.96,ssp245
hot,2061,5,7.95,ssp245
hot,2061,6,7.93,ssp245
hot,2061,7,7.93,ssp245
hot,2061,8,7.93,ssp245
hot,2061,9,7.92,ssp245
hot,2061,10,7.93,ssp245
hot,2061,11,7.94,ssp245
hot,2061,12,7.95,ssp245
hot,2062,1,7.96,ssp245
hot,2062,2,7.96,ssp245
hot,2062,3,7.96,ssp245
hot,2062,4,7.95,ssp245
hot,2062,5,7.94,ssp245
hot,2062,6,7.94,ssp245
hot,2062,7,7.93,ssp245
hot,2062,8,7.93,ssp245
hot,2062,9,7.93,ssp245
hot,2062,10,7.93,ssp245
hot,2062,11,7.94,ssp245
hot,2062,12,7.95,ssp245
hot,2063,1,7.96,ssp245
hot,2063,2,7.96,ssp245
hot,2063,3,7.96,ssp245
hot,2063,4,7.96,ssp245
hot,2063,5,7.94,ssp245
hot,2063,6,7.93,ssp245
hot,2063,7,7.93,ssp245
hot,2063,8,7.93,ssp245
hot,2063,9,7.93,ssp245
hot,2063,10,7.93,ssp245
hot,2063,11,7.94,ssp245
hot,2063,12,7.95,ssp245
hot,2064,1,7.95,ssp245
hot,2064,2,7.95,ssp245
hot,2064,3,7.95,ssp245
hot,2064,4,7.95,ssp245
hot,2064,5,7.94,ssp245
hot,2064,6,7.92,ssp245
hot,2064,7,7.92,ssp245
hot,2064,8,7.92,ssp245
hot,2064,9,7.92,ssp245
hot,2064,10,7.93,ssp245
hot,2064,11,7.93,ssp245
hot,2064,12,7.94,ssp245
hot,2065,1,7.95,ssp245
hot,2065,2,7.95,ssp245
hot,2065,3,7.95,ssp245
hot,2065,4,7.95,ssp245
hot,2065,5,7.94,ssp245
hot,2065,6,7.93,ssp245
hot,2065,7,7.92,ssp245
hot,2065,8,7.92,ssp245
hot,2065,9,7.92,ssp245
hot,2065,10,7.92,ssp245
hot,2065,11,7.94,ssp245
hot,2065,12,7.94,ssp245
hot,2066,1,7.95,ssp245
hot,2066,2,7.95,ssp245
hot,2066,3,7.95,ssp245
hot,2066,4,7.95,ssp245
hot,2066,5,7.94,ssp245
hot,2066,6,7.92,ssp245
hot,2066,7,7.92,ssp245
hot,2066,8,7.92,ssp245
hot,2066,9,7.92,ssp245
hot,2066,10,7.92,ssp245
hot,2066,11,7.93,ssp245
hot,2066,12,7.94,ssp245
hot,2067,1,7.95,ssp245
hot,2067,2,7.95,ssp245
hot,2067,3,7.95,ssp245
hot,2067,4,7.95,ssp245
hot,2067,5,7.93,ssp245
hot,2067,6,7.92,ssp245
hot,2067,7,7.92,ssp245
hot,2067,8,7.92,ssp245
hot,2067,9,7.91,ssp245
hot,2067,10,7.92,ssp245
hot,2067,11,7.93,ssp245
hot,2067,12,7.94,ssp245
hot,2068,1,7.95,ssp245
hot,2068,2,7.95,ssp245
hot,2068,3,7.95,ssp245
hot,2068,4,7.94,ssp245
hot,2068,5,7.93,ssp245
hot,2068,6,7.92,ssp245
hot,2068,7,7.91,ssp245
hot,2068,8,7.91,ssp245
hot,2068,9,7.91,ssp245
hot,2068,10,7.92,ssp245
hot,2068,11,7.93,ssp245
hot,2068,12,7.93,ssp245
hot,2069,1,7.94,ssp245
hot,2069,2,7.94,ssp245
hot,2069,3,7.94,ssp245
hot,2069,4,7.94,ssp245
hot,2069,5,7.93,ssp245
hot,2069,6,7.92,ssp245
hot,2069,7,7.91,ssp245
hot,2069,8,7.91,ssp245
hot,2069,9,7.91,ssp245
hot,2069,10,7.91,ssp245
hot,2069,11,7.92,ssp245
hot,2069,12,7.93,ssp245
hot,2070,1,7.94,ssp245
hot,2070,2,7.94,ssp245
hot,2070,3,7.94,ssp245
hot,2070,4,7.93,ssp245
hot,2070,5,7.93,ssp245
hot,2070,6,7.91,ssp245
hot,2070,7,7.91,ssp245
hot,2070,8,7.91,ssp245
hot,2070,9,7.9,ssp245
hot,2070,10,7.91,ssp245
hot,2070,11,7.92,ssp245
hot,2070,12,7.93,ssp245
hot,2071,1,7.93,ssp245
hot,2071,2,7.93,ssp245
hot,2071,3,7.93,ssp245
hot,2071,4,7.93,ssp245
hot,2071,5,7.93,ssp245
hot,2071,6,7.92,ssp245
hot,2071,7,7.91,ssp245
hot,2071,8,7.91,ssp245
hot,2071,9,7.91,ssp245
hot,2071,10,7.91,ssp245
hot,2071,11,7.93,ssp245
hot,2071,12,7.94,ssp245
hot,2072,1,7.94,ssp245
hot,2072,2,7.94,ssp245
hot,2072,3,7.94,ssp245
hot,2072,4,7.93,ssp245
hot,2072,5,7.92,ssp245
hot,2072,6,7.92,ssp245
hot,2072,7,7.91,ssp245
hot,2072,8,7.91,ssp245
hot,2072,9,7.9,ssp245
hot,2072,10,7.91,ssp245
hot,2072,11,7.92,ssp245
hot,2072,12,7.93,ssp245
hot,2073,1,7.94,ssp245
hot,2073,2,7.94,ssp245
hot,2073,3,7.94,ssp245
hot,2073,4,7.93,ssp245
hot,2073,5,7.92,ssp245
hot,2073,6,7.91,ssp245
hot,2073,7,7.91,ssp245
hot,2073,8,7.9,ssp245
hot,2073,9,7.9,ssp245
hot,2073,10,7.91,ssp245
hot,2073,11,7.92,ssp245
hot,2073,12,7.93,ssp245
hot,2074,1,7.94,ssp245
hot,2074,2,7.94,ssp245
hot,2074,3,7.94,ssp245
hot,2074,4,7.93,ssp245
hot,2074,5,7.92,ssp245
hot,2074,6,7.91,ssp245
hot,2074,7,7.91,ssp245
hot,2074,8,7.9,ssp245
hot,2074,9,7.9,ssp245
hot,2074,10,7.91,ssp245
hot,2074,11,7.92,ssp245
hot,2074,12,7.93,ssp245
hot,2075,1,7.94,ssp245
hot,2075,2,7.94,ssp245
hot,2075,3,7.94,ssp245
hot,2075,4,7.94,ssp245
hot,2075,5,7.93,ssp245
hot,2075,6,7.91,ssp245
hot,2075,7,7.9,ssp245
hot,2075,8,7.9,ssp245
hot,2075,9,7.9,ssp245
hot,2075,10,7.91,ssp245
hot,2075,11,7.92,ssp245
hot,2075,12,7.93,ssp245
hot,2076,1,7.94,ssp245
hot,2076,2,7.94,ssp245
hot,2076,3,7.93,ssp245
hot,2076,4,7.93,ssp245
hot,2076,5,7.92,ssp245
hot,2076,6,7.91,ssp245
hot,2076,7,7.9,ssp245
hot,2076,8,7.9,ssp245
hot,2076,9,7.9,ssp245
hot,2076,10,7.9,ssp245
hot,2076,11,7.91,ssp245
hot,2076,12,7.92,ssp245
hot,2077,1,7.93,ssp245
hot,2077,2,7.93,ssp245
hot,2077,3,7.93,ssp245
hot,2077,4,7.92,ssp245
hot,2077,5,7.91,ssp245
hot,2077,6,7.91,ssp245
hot,2077,7,7.9,ssp245
hot,2077,8,7.9,ssp245
hot,2077,9,7.9,ssp245
hot,2077,10,7.91,ssp245
hot,2077,11,7.92,ssp245
hot,2077,12,7.93,ssp245
hot,2078,1,7.93,ssp245
hot,2078,2,7.93,ssp245
hot,2078,3,7.93,ssp245
hot,2078,4,7.92,ssp245
hot,2078,5,7.91,ssp245
hot,2078,6,7.91,ssp245
hot,2078,7,7.9,ssp245
hot,2078,8,7.9,ssp245
hot,2078,9,7.9,ssp245
hot,2078,10,7.9,ssp245
hot,2078,11,7.91,ssp245
hot,2078,12,7.92,ssp245
hot,2079,1,7.93,ssp245
hot,2079,2,7.93,ssp245
hot,2079,3,7.93,ssp245
hot,2079,4,7.92,ssp245
hot,2079,5,7.91,ssp245
hot,2079,6,7.9,ssp245
hot,2079,7,7.89,ssp245
hot,2079,8,7.89,ssp245
hot,2079,9,7.89,ssp245
hot,2079,10,7.9,ssp245
hot,2079,11,7.91,ssp245
hot,2079,12,7.92,ssp245
hot,2080,1,7.92,ssp245
hot,2080,2,7.93,ssp245
hot,2080,3,7.92,ssp245
hot,2080,4,7.92,ssp245
hot,2080,5,7.91,ssp245
hot,2080,6,7.9,ssp245
hot,2080,7,7.9,ssp245
hot,2080,8,7.89,ssp245
hot,2080,9,7.89,ssp245
hot,2080,10,7.9,ssp245
hot,2080,11,7.91,ssp245
hot,2080,12,7.92,ssp245
hot,2081,1,7.92,ssp245
hot,2081,2,7.93,ssp245
hot,2081,3,7.93,ssp245
hot,2081,4,7.92,ssp245
hot,2081,5,7.9,ssp245
hot,2081,6,7.9,ssp245
hot,2081,7,7.89,ssp245
hot,2081,8,7.89,ssp245
hot,2081,9,7.89,ssp245
hot,2081,10,7.89,ssp245
hot,2081,11,7.91,ssp245
hot,2081,12,7.92,ssp245
hot,2082,1,7.93,ssp245
hot,2082,2,7.93,ssp245
hot,2082,3,7.93,ssp245
hot,2082,4,7.93,ssp245
hot,2082,5,7.91,ssp245
hot,2082,6,7.9,ssp245
hot,2082,7,7.89,ssp245
hot,2082,8,7.89,ssp245
hot,2082,9,7.89,ssp245
hot,2082,10,7.9,ssp245
hot,2082,11,7.91,ssp245
hot,2082,12,7.92,ssp245
hot,2083,1,7.92,ssp245
hot,2083,2,7.92,ssp245
hot,2083,3,7.92,ssp245
hot,2083,4,7.92,ssp245
hot,2083,5,7.91,ssp245
hot,2083,6,7.89,ssp245
hot,2083,7,7.89,ssp245
hot,2083,8,7.89,ssp245
hot,2083,9,7.89,ssp245
hot,2083,10,7.9,ssp245
hot,2083,11,7.91,ssp245
hot,2083,12,7.92,ssp245
hot,2084,1,7.92,ssp245
hot,2084,2,7.93,ssp245
hot,2084,3,7.92,ssp245
hot,2084,4,7.92,ssp245
hot,2084,5,7.91,ssp245
hot,2084,6,7.9,ssp245
hot,2084,7,7.89,ssp245
hot,2084,8,7.89,ssp245
hot,2084,9,7.89,ssp245
hot,2084,10,7.9,ssp245
hot,2084,11,7.91,ssp245
hot,2084,12,7.92,ssp245
hot,2085,1,7.92,ssp245
hot,2085,2,7.93,ssp245
hot,2085,3,7.92,ssp245
hot,2085,4,7.92,ssp245
hot,2085,5,7.91,ssp245
hot,2085,6,7.9,ssp245
hot,2085,7,7.89,ssp245
hot,2085,8,7.89,ssp245
hot,2085,9,7.89,ssp245
hot,2085,10,7.89,ssp245
hot,2085,11,7.9,ssp245
hot,2085,12,7.91,ssp245
hot,2086,1,7.92,ssp245
hot,2086,2,7.93,ssp245
hot,2086,3,7.92,ssp245
hot,2086,4,7.92,ssp245
hot,2086,5,7.91,ssp245
hot,2086,6,7.9,ssp245
hot,2086,7,7.89,ssp245
hot,2086,8,7.89,ssp245
hot,2086,9,7.89,ssp245
hot,2086,10,7.9,ssp245
hot,2086,11,7.91,ssp245
hot,2086,12,7.92,ssp245
hot,2087,1,7.92,ssp245
hot,2087,2,7.92,ssp245
hot,2087,3,7.92,ssp245
hot,2087,4,7.92,ssp245
hot,2087,5,7.9,ssp245
hot,2087,6,7.9,ssp245
hot,2087,7,7.89,ssp245
hot,2087,8,7.89,ssp245
hot,2087,9,7.89,ssp245
hot,2087,10,7.89,ssp245
hot,2087,11,7.9,ssp245
hot,2087,12,7.91,ssp245
hot,2088,1,7.92,ssp245
hot,2088,2,7.92,ssp245
hot,2088,3,7.92,ssp245
hot,2088,4,7.91,ssp245
hot,2088,5,7.91,ssp245
hot,2088,6,7.9,ssp245
hot,2088,7,7.89,ssp245
hot,2088,8,7.89,ssp245
hot,2088,9,7.89,ssp245
hot,2088,10,7.89,ssp245
hot,2088,11,7.9,ssp245
hot,2088,12,7.91,ssp245
hot,2089,1,7.92,ssp245
hot,2089,2,7.92,ssp245
hot,2089,3,7.92,ssp245
hot,2089,4,7.91,ssp245
hot,2089,5,7.9,ssp245
hot,2089,6,7.89,ssp245
hot,2089,7,7.88,ssp245
hot,2089,8,7.88,ssp245
hot,2089,9,7.88,ssp245
hot,2089,10,7.89,ssp245
hot,2089,11,7.9,ssp245
hot,2089,12,7.91,ssp245
hot,2090,1,7.92,ssp245
hot,2090,2,7.92,ssp245
hot,2090,3,7.92,ssp245
hot,2090,4,7.91,ssp245
hot,2090,5,7.9,ssp245
hot,2090,6,7.89,ssp245
hot,2090,7,7.89,ssp245
hot,2090,8,7.88,ssp245
hot,2090,9,7.88,ssp245
hot,2090,10,7.89,ssp245
hot,2090,11,7.9,ssp245
hot,2090,12,7.91,ssp245
hot,2091,1,7.91,ssp245
hot,2091,2,7.92,ssp245
hot,2091,3,7.92,ssp245
hot,2091,4,7.91,ssp245
hot,2091,5,7.9,ssp245
hot,2091,6,7.89,ssp245
hot,2091,7,7.88,ssp245
hot,2091,8,7.88,ssp245
hot,2091,9,7.88,ssp245
hot,2091,10,7.89,ssp245
hot,2091,11,7.9,ssp245
hot,2091,12,7.91,ssp245
hot,2092,1,7.92,ssp245
hot,2092,2,7.92,ssp245
hot,2092,3,7.92,ssp245
hot,2092,4,7.91,ssp245
hot,2092,5,7.9,ssp245
hot,2092,6,7.89,ssp245
hot,2092,7,7.89,ssp245
hot,2092,8,7.88,ssp245
hot,2092,9,7.88,ssp245
hot,2092,10,7.89,ssp245
hot,2092,11,7.9,ssp245
hot,2092,12,7.91,ssp245
hot,2093,1,7.91,ssp245
hot,2093,2,7.92,ssp245
hot,2093,3,7.91,ssp245
hot,2093,4,7.91,ssp245
hot,2093,5,7.9,ssp245
hot,2093,6,7.89,ssp245
hot,2093,7,7.88,ssp245
hot,2093,8,7.88,ssp245
hot,2093,9,7.88,ssp245
hot,2093,10,7.89,ssp245
hot,2093,11,7.9,ssp245
hot,2093,12,7.91,ssp245
hot,2094,1,7.92,ssp245
hot,2094,2,7.92,ssp245
hot,2094,3,7.92,ssp245
hot,2094,4,7.92,ssp245
hot,2094,5,7.9,ssp245
hot,2094,6,7.89,ssp245
hot,2094,7,7.89,ssp245
hot,2094,8,7.88,ssp245
hot,2094,9,7.88,ssp245
hot,2094,10,7.89,ssp245
hot,2094,11,7.9,ssp245
hot,2094,12,7.91,ssp245
hot,2095,1,7.92,ssp245
hot,2095,2,7.92,ssp245
hot,2095,3,7.92,ssp245
hot,2095,4,7.91,ssp245
hot,2095,5,7.9,ssp245
hot,2095,6,7.89,ssp245
hot,2095,7,7.89,ssp245
hot,2095,8,7.88,ssp245
hot,2095,9,7.88,ssp245
hot,2095,10,7.89,ssp245
hot,2095,11,7.9,ssp245
hot,2095,12,7.91,ssp245
hot,2096,1,7.92,ssp245
hot,2096,2,7.92,ssp245
hot,2096,3,7.92,ssp245
hot,2096,4,7.91,ssp245
hot,2096,5,7.9,ssp245
hot,2096,6,7.89,ssp245
hot,2096,7,7.88,ssp245
hot,2096,8,7.88,ssp245
hot,2096,9,7.88,ssp245
hot,2096,10,7.89,ssp245
hot,2096,11,7.9,ssp245
hot,2096,12,7.91,ssp245
hot,2097,1,7.92,ssp245
hot,2097,2,7.92,ssp245
hot,2097,3,7.92,ssp245
hot,2097,4,7.9,ssp245
hot,2097,5,7.9,ssp245
hot,2097,6,7.89,ssp245
hot,2097,7,7.88,ssp245
hot,2097,8,7.88,ssp245
hot,2097,9,7.88,ssp245
hot,2097,10,7.89,ssp245
hot,2097,11,7.9,ssp245
hot,2097,12,7.91,ssp245
hot,2098,1,7.91,ssp245
hot,2098,2,7.91,ssp245
hot,2098,3,7.91,ssp245
hot,2098,4,7.91,ssp245
hot,2098,5,7.9,ssp245
hot,2098,6,7.89,ssp245
hot,2098,7,7.88,ssp245
hot,2098,8,7.88,ssp245
hot,2098,9,7.88,ssp245
hot,2098,10,7.88,ssp245
hot,2098,11,7.89,ssp245
hot,2098,12,7.9,ssp245
hot,2099,1,7.91,ssp245
hot,2099,2,7.91,ssp245
hot,2099,3,7.91,ssp245
hot,2099,4,7.91,ssp245
hot,2099,5,7.9,ssp245
hot,2099,6,7.89,ssp245
hot,2099,7,7.89,ssp245
hot,2099,8,7.88,ssp245
hot,2099,9,7.88,ssp245
hot,2099,10,7.89,ssp245
hot,2099,11,7.9,ssp245
hot,2099,12,7.91,ssp245
hot,2100,1,7.91,ssp245
hot,2100,2,7.92,ssp245
hot,2100,3,7.91,ssp245
hot,2100,4,7.91,ssp245
hot,2100,5,7.9,ssp245
hot,2100,6,7.89,ssp245
hot,2100,7,7.88,ssp245
hot,2100,8,7.88,ssp245
hot,2100,9,7.88,ssp245
hot,2100,10,7.89,ssp245
hot,2100,11,7.9,ssp245
hot,2100,12,7.91,ssp245
hot,2015,1,8.07,ssp370
hot,2015,2,8.08,ssp370
hot,2015,3,8.07,ssp370
hot,2015,4,8.07,ssp370
hot,2015,5,8.07,ssp370
hot,2015,6,8.05,ssp370
hot,2015,7,8.05,ssp370
hot,2015,8,8.05,ssp370
hot,2015,9,8.05,ssp370
hot,2015,10,8.05,ssp370
hot,2015,11,8.06,ssp370
hot,2015,12,8.07,ssp370
hot,2016,1,8.07,ssp370
hot,2016,2,8.08,ssp370
hot,2016,3,8.08,ssp370
hot,2016,4,8.07,ssp370
hot,2016,5,8.06,ssp370
hot,2016,6,8.05,ssp370
hot,2016,7,8.04,ssp370
hot,2016,8,8.04,ssp370
hot,2016,9,8.04,ssp370
hot,2016,10,8.04,ssp370
hot,2016,11,8.06,ssp370
hot,2016,12,8.06,ssp370
hot,2017,1,8.07,ssp370
hot,2017,2,8.07,ssp370
hot,2017,3,8.07,ssp370
hot,2017,4,8.07,ssp370
hot,2017,5,8.05,ssp370
hot,2017,6,8.04,ssp370
hot,2017,7,8.04,ssp370
hot,2017,8,8.04,ssp370
hot,2017,9,8.04,ssp370
hot,2017,10,8.04,ssp370
hot,2017,11,8.05,ssp370
hot,2017,12,8.06,ssp370
hot,2018,1,8.07,ssp370
hot,2018,2,8.07,ssp370
hot,2018,3,8.07,ssp370
hot,2018,4,8.06,ssp370
hot,2018,5,8.05,ssp370
hot,2018,6,8.04,ssp370
hot,2018,7,8.04,ssp370
hot,2018,8,8.04,ssp370
hot,2018,9,8.04,ssp370
hot,2018,10,8.04,ssp370
hot,2018,11,8.05,ssp370
hot,2018,12,8.06,ssp370
hot,2019,1,8.07,ssp370
hot,2019,2,8.07,ssp370
hot,2019,3,8.07,ssp370
hot,2019,4,8.06,ssp370
hot,2019,5,8.05,ssp370
hot,2019,6,8.04,ssp370
hot,2019,7,8.03,ssp370
hot,2019,8,8.03,ssp370
hot,2019,9,8.03,ssp370
hot,2019,10,8.04,ssp370
hot,2019,11,8.04,ssp370
hot,2019,12,8.05,ssp370
hot,2020,1,8.06,ssp370
hot,2020,2,8.06,ssp370
hot,2020,3,8.06,ssp370
hot,2020,4,8.06,ssp370
hot,2020,5,8.05,ssp370
hot,2020,6,8.04,ssp370
hot,2020,7,8.03,ssp370
hot,2020,8,8.03,ssp370
hot,2020,9,8.03,ssp370
hot,2020,10,8.03,ssp370
hot,2020,11,8.04,ssp370
hot,2020,12,8.05,ssp370
hot,2021,1,8.05,ssp370
hot,2021,2,8.06,ssp370
hot,2021,3,8.06,ssp370
hot,2021,4,8.05,ssp370
hot,2021,5,8.04,ssp370
hot,2021,6,8.04,ssp370
hot,2021,7,8.03,ssp370
hot,2021,8,8.03,ssp370
hot,2021,9,8.03,ssp370
hot,2021,10,8.03,ssp370
hot,2021,11,8.04,ssp370
hot,2021,12,8.05,ssp370
hot,2022,1,8.06,ssp370
hot,2022,2,8.06,ssp370
hot,2022,3,8.06,ssp370
hot,2022,4,8.05,ssp370
hot,2022,5,8.04,ssp370
hot,2022,6,8.03,ssp370
hot,2022,7,8.03,ssp370
hot,2022,8,8.02,ssp370
hot,2022,9,8.02,ssp370
hot,2022,10,8.03,ssp370
hot,2022,11,8.03,ssp370
hot,2022,12,8.04,ssp370
hot,2023,1,8.05,ssp370
hot,2023,2,8.05,ssp370
hot,2023,3,8.06,ssp370
hot,2023,4,8.05,ssp370
hot,2023,5,8.04,ssp370
hot,2023,6,8.03,ssp370
hot,2023,7,8.02,ssp370
hot,2023,8,8.02,ssp370
hot,2023,9,8.02,ssp370
hot,2023,10,8.02,ssp370
hot,2023,11,8.03,ssp370
hot,2023,12,8.04,ssp370
hot,2024,1,8.05,ssp370
hot,2024,2,8.05,ssp370
hot,2024,3,8.05,ssp370
hot,2024,4,8.04,ssp370
hot,2024,5,8.03,ssp370
hot,2024,6,8.02,ssp370
hot,2024,7,8.02,ssp370
hot,2024,8,8.01,ssp370
hot,2024,9,8.02,ssp370
hot,2024,10,8.02,ssp370
hot,2024,11,8.03,ssp370
hot,2024,12,8.04,ssp370
hot,2025,1,8.05,ssp370
hot,2025,2,8.05,ssp370
hot,2025,3,8.05,ssp370
hot,2025,4,8.04,ssp370
hot,2025,5,8.03,ssp370
hot,2025,6,8.02,ssp370
hot,2025,7,8.02,ssp370
hot,2025,8,8.01,ssp370
hot,2025,9,8.01,ssp370
hot,2025,10,8.02,ssp370
hot,2025,11,8.03,ssp370
hot,2025,12,8.04,ssp370
hot,2026,1,8.05,ssp370
hot,2026,2,8.05,ssp370
hot,2026,3,8.05,ssp370
hot,2026,4,8.04,ssp370
hot,2026,5,8.03,ssp370
hot,2026,6,8.02,ssp370
hot,2026,7,8.02,ssp370
hot,2026,8,8.02,ssp370
hot,2026,9,8.02,ssp370
hot,2026,10,8.02,ssp370
hot,2026,11,8.03,ssp370
hot,2026,12,8.04,ssp370
hot,2027,1,8.04,ssp370
hot,2027,2,8.04,ssp370
hot,2027,3,8.04,ssp370
hot,2027,4,8.04,ssp370
hot,2027,5,8.03,ssp370
hot,2027,6,8.01,ssp370
hot,2027,7,8.01,ssp370
hot,2027,8,8,ssp370
hot,2027,9,8,ssp370
hot,2027,10,8.01,ssp370
hot,2027,11,8.02,ssp370
hot,2027,12,8.03,ssp370
hot,2028,1,8.04,ssp370
hot,2028,2,8.04,ssp370
hot,2028,3,8.04,ssp370
hot,2028,4,8.04,ssp370
hot,2028,5,8.02,ssp370
hot,2028,6,8.01,ssp370
hot,2028,7,8.01,ssp370
hot,2028,8,8,ssp370
hot,2028,9,8,ssp370
hot,2028,10,8.01,ssp370
hot,2028,11,8.02,ssp370
hot,2028,12,8.03,ssp370
hot,2029,1,8.04,ssp370
hot,2029,2,8.04,ssp370
hot,2029,3,8.04,ssp370
hot,2029,4,8.03,ssp370
hot,2029,5,8.02,ssp370
hot,2029,6,8.01,ssp370
hot,2029,7,8,ssp370
hot,2029,8,8,ssp370
hot,2029,9,8,ssp370
hot,2029,10,8.01,ssp370
hot,2029,11,8.01,ssp370
hot,2029,12,8.02,ssp370
hot,2030,1,8.03,ssp370
hot,2030,2,8.03,ssp370
hot,2030,3,8.03,ssp370
hot,2030,4,8.03,ssp370
hot,2030,5,8.02,ssp370
hot,2030,6,8,ssp370
hot,2030,7,8,ssp370
hot,2030,8,8,ssp370
hot,2030,9,8,ssp370
hot,2030,10,8,ssp370
hot,2030,11,8.01,ssp370
hot,2030,12,8.02,ssp370
hot,2031,1,8.02,ssp370
hot,2031,2,8.02,ssp370
hot,2031,3,8.02,ssp370
hot,2031,4,8.02,ssp370
hot,2031,5,8.01,ssp370
hot,2031,6,8,ssp370
hot,2031,7,7.99,ssp370
hot,2031,8,7.99,ssp370
hot,2031,9,7.99,ssp370
hot,2031,10,7.99,ssp370
hot,2031,11,8,ssp370
hot,2031,12,8.01,ssp370
hot,2032,1,8.02,ssp370
hot,2032,2,8.02,ssp370
hot,2032,3,8.02,ssp370
hot,2032,4,8.02,ssp370
hot,2032,5,8.01,ssp370
hot,2032,6,8,ssp370
hot,2032,7,7.99,ssp370
hot,2032,8,7.99,ssp370
hot,2032,9,7.99,ssp370
hot,2032,10,8,ssp370
hot,2032,11,8,ssp370
hot,2032,12,8.01,ssp370
hot,2033,1,8.02,ssp370
hot,2033,2,8.02,ssp370
hot,2033,3,8.02,ssp370
hot,2033,4,8.01,ssp370
hot,2033,5,8,ssp370
hot,2033,6,7.99,ssp370
hot,2033,7,7.99,ssp370
hot,2033,8,7.98,ssp370
hot,2033,9,7.99,ssp370
hot,2033,10,7.99,ssp370
hot,2033,11,8,ssp370
hot,2033,12,8.01,ssp370
hot,2034,1,8.02,ssp370
hot,2034,2,8.02,ssp370
hot,2034,3,8.02,ssp370
hot,2034,4,8.01,ssp370
hot,2034,5,8,ssp370
hot,2034,6,7.99,ssp370
hot,2034,7,7.99,ssp370
hot,2034,8,7.98,ssp370
hot,2034,9,7.98,ssp370
hot,2034,10,7.99,ssp370
hot,2034,11,8,ssp370
hot,2034,12,8.01,ssp370
hot,2035,1,8.02,ssp370
hot,2035,2,8.02,ssp370
hot,2035,3,8.01,ssp370
hot,2035,4,8.01,ssp370
hot,2035,5,8,ssp370
hot,2035,6,7.99,ssp370
hot,2035,7,7.99,ssp370
hot,2035,8,7.98,ssp370
hot,2035,9,7.98,ssp370
hot,2035,10,7.99,ssp370
hot,2035,11,8,ssp370
hot,2035,12,8,ssp370
hot,2036,1,8.01,ssp370
hot,2036,2,8.01,ssp370
hot,2036,3,8,ssp370
hot,2036,4,8,ssp370
hot,2036,5,7.99,ssp370
hot,2036,6,7.98,ssp370
hot,2036,7,7.98,ssp370
hot,2036,8,7.97,ssp370
hot,2036,9,7.97,ssp370
hot,2036,10,7.98,ssp370
hot,2036,11,7.99,ssp370
hot,2036,12,8,ssp370
hot,2037,1,8.01,ssp370
hot,2037,2,8.01,ssp370
hot,2037,3,8.01,ssp370
hot,2037,4,8,ssp370
hot,2037,5,7.99,ssp370
hot,2037,6,7.98,ssp370
hot,2037,7,7.98,ssp370
hot,2037,8,7.97,ssp370
hot,2037,9,7.98,ssp370
hot,2037,10,7.98,ssp370
hot,2037,11,7.99,ssp370
hot,2037,12,8,ssp370
hot,2038,1,8.01,ssp370
hot,2038,2,8.01,ssp370
hot,2038,3,8.01,ssp370
hot,2038,4,8,ssp370
hot,2038,5,7.99,ssp370
hot,2038,6,7.98,ssp370
hot,2038,7,7.98,ssp370
hot,2038,8,7.98,ssp370
hot,2038,9,7.97,ssp370
hot,2038,10,7.98,ssp370
hot,2038,11,7.99,ssp370
hot,2038,12,8,ssp370
hot,2039,1,8,ssp370
hot,2039,2,8.01,ssp370
hot,2039,3,8,ssp370
hot,2039,4,8,ssp370
hot,2039,5,7.99,ssp370
hot,2039,6,7.97,ssp370
hot,2039,7,7.97,ssp370
hot,2039,8,7.97,ssp370
hot,2039,9,7.97,ssp370
hot,2039,10,7.97,ssp370
hot,2039,11,7.98,ssp370
hot,2039,12,7.99,ssp370
hot,2040,1,8,ssp370
hot,2040,2,8,ssp370
hot,2040,3,7.99,ssp370
hot,2040,4,7.99,ssp370
hot,2040,5,7.98,ssp370
hot,2040,6,7.97,ssp370
hot,2040,7,7.96,ssp370
hot,2040,8,7.96,ssp370
hot,2040,9,7.96,ssp370
hot,2040,10,7.97,ssp370
hot,2040,11,7.98,ssp370
hot,2040,12,7.98,ssp370
hot,2041,1,7.99,ssp370
hot,2041,2,7.99,ssp370
hot,2041,3,7.99,ssp370
hot,2041,4,7.98,ssp370
hot,2041,5,7.98,ssp370
hot,2041,6,7.96,ssp370
hot,2041,7,7.96,ssp370
hot,2041,8,7.96,ssp370
hot,2041,9,7.95,ssp370
hot,2041,10,7.96,ssp370
hot,2041,11,7.97,ssp370
hot,2041,12,7.98,ssp370
hot,2042,1,7.99,ssp370
hot,2042,2,7.99,ssp370
hot,2042,3,7.99,ssp370
hot,2042,4,7.98,ssp370
hot,2042,5,7.98,ssp370
hot,2042,6,7.96,ssp370
hot,2042,7,7.95,ssp370
hot,2042,8,7.95,ssp370
hot,2042,9,7.95,ssp370
hot,2042,10,7.96,ssp370
hot,2042,11,7.97,ssp370
hot,2042,12,7.98,ssp370
hot,2043,1,7.99,ssp370
hot,2043,2,7.99,ssp370
hot,2043,3,7.99,ssp370
hot,2043,4,7.99,ssp370
hot,2043,5,7.97,ssp370
hot,2043,6,7.96,ssp370
hot,2043,7,7.95,ssp370
hot,2043,8,7.95,ssp370
hot,2043,9,7.95,ssp370
hot,2043,10,7.95,ssp370
hot,2043,11,7.96,ssp370
hot,2043,12,7.97,ssp370
hot,2044,1,7.98,ssp370
hot,2044,2,7.98,ssp370
hot,2044,3,7.98,ssp370
hot,2044,4,7.98,ssp370
hot,2044,5,7.97,ssp370
hot,2044,6,7.96,ssp370
hot,2044,7,7.95,ssp370
hot,2044,8,7.95,ssp370
hot,2044,9,7.95,ssp370
hot,2044,10,7.95,ssp370
hot,2044,11,7.96,ssp370
hot,2044,12,7.97,ssp370
hot,2045,1,7.98,ssp370
hot,2045,2,7.98,ssp370
hot,2045,3,7.98,ssp370
hot,2045,4,7.97,ssp370
hot,2045,5,7.97,ssp370
hot,2045,6,7.96,ssp370
hot,2045,7,7.95,ssp370
hot,2045,8,7.94,ssp370
hot,2045,9,7.95,ssp370
hot,2045,10,7.95,ssp370
hot,2045,11,7.96,ssp370
hot,2045,12,7.97,ssp370
hot,2046,1,7.98,ssp370
hot,2046,2,7.98,ssp370
hot,2046,3,7.98,ssp370
hot,2046,4,7.97,ssp370
hot,2046,5,7.96,ssp370
hot,2046,6,7.96,ssp370
hot,2046,7,7.95,ssp370
hot,2046,8,7.94,ssp370
hot,2046,9,7.94,ssp370
hot,2046,10,7.95,ssp370
hot,2046,11,7.96,ssp370
hot,2046,12,7.97,ssp370
hot,2047,1,7.97,ssp370
hot,2047,2,7.97,ssp370
hot,2047,3,7.97,ssp370
hot,2047,4,7.96,ssp370
hot,2047,5,7.96,ssp370
hot,2047,6,7.95,ssp370
hot,2047,7,7.94,ssp370
hot,2047,8,7.94,ssp370
hot,2047,9,7.94,ssp370
hot,2047,10,7.94,ssp370
hot,2047,11,7.95,ssp370
hot,2047,12,7.96,ssp370
hot,2048,1,7.97,ssp370
hot,2048,2,7.97,ssp370
hot,2048,3,7.97,ssp370
hot,2048,4,7.96,ssp370
hot,2048,5,7.95,ssp370
hot,2048,6,7.94,ssp370
hot,2048,7,7.94,ssp370
hot,2048,8,7.93,ssp370
hot,2048,9,7.93,ssp370
hot,2048,10,7.94,ssp370
hot,2048,11,7.95,ssp370
hot,2048,12,7.96,ssp370
hot,2049,1,7.97,ssp370
hot,2049,2,7.97,ssp370
hot,2049,3,7.96,ssp370
hot,2049,4,7.95,ssp370
hot,2049,5,7.95,ssp370
hot,2049,6,7.94,ssp370
hot,2049,7,7.93,ssp370
hot,2049,8,7.93,ssp370
hot,2049,9,7.93,ssp370
hot,2049,10,7.94,ssp370
hot,2049,11,7.94,ssp370
hot,2049,12,7.95,ssp370
hot,2050,1,7.96,ssp370
hot,2050,2,7.96,ssp370
hot,2050,3,7.96,ssp370
hot,2050,4,7.95,ssp370
hot,2050,5,7.95,ssp370
hot,2050,6,7.94,ssp370
hot,2050,7,7.93,ssp370
hot,2050,8,7.93,ssp370
hot,2050,9,7.93,ssp370
hot,2050,10,7.93,ssp370
hot,2050,11,7.94,ssp370
hot,2050,12,7.95,ssp370
hot,2051,1,7.95,ssp370
hot,2051,2,7.96,ssp370
hot,2051,3,7.96,ssp370
hot,2051,4,7.95,ssp370
hot,2051,5,7.94,ssp370
hot,2051,6,7.93,ssp370
hot,2051,7,7.93,ssp370
hot,2051,8,7.92,ssp370
hot,2051,9,7.92,ssp370
hot,2051,10,7.93,ssp370
hot,2051,11,7.94,ssp370
hot,2051,12,7.95,ssp370
hot,2052,1,7.95,ssp370
hot,2052,2,7.96,ssp370
hot,2052,3,7.95,ssp370
hot,2052,4,7.95,ssp370
hot,2052,5,7.94,ssp370
hot,2052,6,7.93,ssp370
hot,2052,7,7.93,ssp370
hot,2052,8,7.92,ssp370
hot,2052,9,7.93,ssp370
hot,2052,10,7.93,ssp370
hot,2052,11,7.94,ssp370
hot,2052,12,7.95,ssp370
hot,2053,1,7.95,ssp370
hot,2053,2,7.96,ssp370
hot,2053,3,7.95,ssp370
hot,2053,4,7.94,ssp370
hot,2053,5,7.93,ssp370
hot,2053,6,7.93,ssp370
hot,2053,7,7.92,ssp370
hot,2053,8,7.92,ssp370
hot,2053,9,7.92,ssp370
hot,2053,10,7.92,ssp370
hot,2053,11,7.93,ssp370
hot,2053,12,7.94,ssp370
hot,2054,1,7.95,ssp370
hot,2054,2,7.95,ssp370
hot,2054,3,7.95,ssp370
hot,2054,4,7.94,ssp370
hot,2054,5,7.93,ssp370
hot,2054,6,7.92,ssp370
hot,2054,7,7.91,ssp370
hot,2054,8,7.91,ssp370
hot,2054,9,7.91,ssp370
hot,2054,10,7.92,ssp370
hot,2054,11,7.93,ssp370
hot,2054,12,7.94,ssp370
hot,2055,1,7.95,ssp370
hot,2055,2,7.95,ssp370
hot,2055,3,7.95,ssp370
hot,2055,4,7.94,ssp370
hot,2055,5,7.92,ssp370
hot,2055,6,7.92,ssp370
hot,2055,7,7.91,ssp370
hot,2055,8,7.9,ssp370
hot,2055,9,7.91,ssp370
hot,2055,10,7.91,ssp370
hot,2055,11,7.92,ssp370
hot,2055,12,7.93,ssp370
hot,2056,1,7.94,ssp370
hot,2056,2,7.94,ssp370
hot,2056,3,7.94,ssp370
hot,2056,4,7.94,ssp370
hot,2056,5,7.93,ssp370
hot,2056,6,7.92,ssp370
hot,2056,7,7.91,ssp370
hot,2056,8,7.91,ssp370
hot,2056,9,7.91,ssp370
hot,2056,10,7.91,ssp370
hot,2056,11,7.92,ssp370
hot,2056,12,7.93,ssp370
hot,2057,1,7.94,ssp370
hot,2057,2,7.94,ssp370
hot,2057,3,7.94,ssp370
hot,2057,4,7.94,ssp370
hot,2057,5,7.93,ssp370
hot,2057,6,7.91,ssp370
hot,2057,7,7.91,ssp370
hot,2057,8,7.9,ssp370
hot,2057,9,7.9,ssp370
hot,2057,10,7.91,ssp370
hot,2057,11,7.92,ssp370
hot,2057,12,7.93,ssp370
hot,2058,1,7.93,ssp370
hot,2058,2,7.93,ssp370
hot,2058,3,7.93,ssp370
hot,2058,4,7.93,ssp370
hot,2058,5,7.92,ssp370
hot,2058,6,7.91,ssp370
hot,2058,7,7.91,ssp370
hot,2058,8,7.91,ssp370
hot,2058,9,7.91,ssp370
hot,2058,10,7.91,ssp370
hot,2058,11,7.92,ssp370
hot,2058,12,7.93,ssp370
hot,2059,1,7.93,ssp370
hot,2059,2,7.93,ssp370
hot,2059,3,7.93,ssp370
hot,2059,4,7.92,ssp370
hot,2059,5,7.92,ssp370
hot,2059,6,7.91,ssp370
hot,2059,7,7.9,ssp370
hot,2059,8,7.9,ssp370
hot,2059,9,7.9,ssp370
hot,2059,10,7.9,ssp370
hot,2059,11,7.91,ssp370
hot,2059,12,7.92,ssp370
hot,2060,1,7.93,ssp370
hot,2060,2,7.93,ssp370
hot,2060,3,7.93,ssp370
hot,2060,4,7.92,ssp370
hot,2060,5,7.91,ssp370
hot,2060,6,7.9,ssp370
hot,2060,7,7.9,ssp370
hot,2060,8,7.89,ssp370
hot,2060,9,7.89,ssp370
hot,2060,10,7.9,ssp370
hot,2060,11,7.91,ssp370
hot,2060,12,7.92,ssp370
hot,2061,1,7.93,ssp370
hot,2061,2,7.93,ssp370
hot,2061,3,7.92,ssp370
hot,2061,4,7.92,ssp370
hot,2061,5,7.91,ssp370
hot,2061,6,7.9,ssp370
hot,2061,7,7.89,ssp370
hot,2061,8,7.89,ssp370
hot,2061,9,7.89,ssp370
hot,2061,10,7.89,ssp370
hot,2061,11,7.91,ssp370
hot,2061,12,7.92,ssp370
hot,2062,1,7.93,ssp370
hot,2062,2,7.93,ssp370
hot,2062,3,7.93,ssp370
hot,2062,4,7.92,ssp370
hot,2062,5,7.91,ssp370
hot,2062,6,7.89,ssp370
hot,2062,7,7.89,ssp370
hot,2062,8,7.89,ssp370
hot,2062,9,7.89,ssp370
hot,2062,10,7.89,ssp370
hot,2062,11,7.9,ssp370
hot,2062,12,7.91,ssp370
hot,2063,1,7.91,ssp370
hot,2063,2,7.91,ssp370
hot,2063,3,7.92,ssp370
hot,2063,4,7.9,ssp370
hot,2063,5,7.89,ssp370
hot,2063,6,7.88,ssp370
hot,2063,7,7.88,ssp370
hot,2063,8,7.88,ssp370
hot,2063,9,7.88,ssp370
hot,2063,10,7.89,ssp370
hot,2063,11,7.9,ssp370
hot,2063,12,7.9,ssp370
hot,2064,1,7.91,ssp370
hot,2064,2,7.91,ssp370
hot,2064,3,7.91,ssp370
hot,2064,4,7.9,ssp370
hot,2064,5,7.9,ssp370
hot,2064,6,7.88,ssp370
hot,2064,7,7.88,ssp370
hot,2064,8,7.88,ssp370
hot,2064,9,7.88,ssp370
hot,2064,10,7.89,ssp370
hot,2064,11,7.89,ssp370
hot,2064,12,7.9,ssp370
hot,2065,1,7.91,ssp370
hot,2065,2,7.91,ssp370
hot,2065,3,7.9,ssp370
hot,2065,4,7.9,ssp370
hot,2065,5,7.89,ssp370
hot,2065,6,7.88,ssp370
hot,2065,7,7.88,ssp370
hot,2065,8,7.87,ssp370
hot,2065,9,7.87,ssp370
hot,2065,10,7.88,ssp370
hot,2065,11,7.89,ssp370
hot,2065,12,7.9,ssp370
hot,2066,1,7.91,ssp370
hot,2066,2,7.9,ssp370
hot,2066,3,7.9,ssp370
hot,2066,4,7.9,ssp370
hot,2066,5,7.89,ssp370
hot,2066,6,7.87,ssp370
hot,2066,7,7.87,ssp370
hot,2066,8,7.87,ssp370
hot,2066,9,7.87,ssp370
hot,2066,10,7.87,ssp370
hot,2066,11,7.88,ssp370
hot,2066,12,7.89,ssp370
hot,2067,1,7.9,ssp370
hot,2067,2,7.9,ssp370
hot,2067,3,7.9,ssp370
hot,2067,4,7.9,ssp370
hot,2067,5,7.88,ssp370
hot,2067,6,7.86,ssp370
hot,2067,7,7.86,ssp370
hot,2067,8,7.86,ssp370
hot,2067,9,7.86,ssp370
hot,2067,10,7.87,ssp370
hot,2067,11,7.88,ssp370
hot,2067,12,7.89,ssp370
hot,2068,1,7.89,ssp370
hot,2068,2,7.9,ssp370
hot,2068,3,7.9,ssp370
hot,2068,4,7.89,ssp370
hot,2068,5,7.88,ssp370
hot,2068,6,7.87,ssp370
hot,2068,7,7.87,ssp370
hot,2068,8,7.86,ssp370
hot,2068,9,7.86,ssp370
hot,2068,10,7.87,ssp370
hot,2068,11,7.88,ssp370
hot,2068,12,7.89,ssp370
hot,2069,1,7.9,ssp370
hot,2069,2,7.9,ssp370
hot,2069,3,7.9,ssp370
hot,2069,4,7.89,ssp370
hot,2069,5,7.88,ssp370
hot,2069,6,7.86,ssp370
hot,2069,7,7.86,ssp370
hot,2069,8,7.86,ssp370
hot,2069,9,7.86,ssp370
hot,2069,10,7.86,ssp370
hot,2069,11,7.88,ssp370
hot,2069,12,7.89,ssp370
hot,2070,1,7.89,ssp370
hot,2070,2,7.89,ssp370
hot,2070,3,7.89,ssp370
hot,2070,4,7.89,ssp370
hot,2070,5,7.88,ssp370
hot,2070,6,7.87,ssp370
hot,2070,7,7.86,ssp370
hot,2070,8,7.85,ssp370
hot,2070,9,7.85,ssp370
hot,2070,10,7.86,ssp370
hot,2070,11,7.87,ssp370
hot,2070,12,7.88,ssp370
hot,2071,1,7.88,ssp370
hot,2071,2,7.89,ssp370
hot,2071,3,7.88,ssp370
hot,2071,4,7.88,ssp370
hot,2071,5,7.87,ssp370
hot,2071,6,7.86,ssp370
hot,2071,7,7.85,ssp370
hot,2071,8,7.85,ssp370
hot,2071,9,7.85,ssp370
hot,2071,10,7.85,ssp370
hot,2071,11,7.87,ssp370
hot,2071,12,7.88,ssp370
hot,2072,1,7.88,ssp370
hot,2072,2,7.89,ssp370
hot,2072,3,7.88,ssp370
hot,2072,4,7.88,ssp370
hot,2072,5,7.87,ssp370
hot,2072,6,7.86,ssp370
hot,2072,7,7.85,ssp370
hot,2072,8,7.85,ssp370
hot,2072,9,7.85,ssp370
hot,2072,10,7.85,ssp370
hot,2072,11,7.86,ssp370
hot,2072,12,7.87,ssp370
hot,2073,1,7.88,ssp370
hot,2073,2,7.88,ssp370
hot,2073,3,7.88,ssp370
hot,2073,4,7.87,ssp370
hot,2073,5,7.86,ssp370
hot,2073,6,7.85,ssp370
hot,2073,7,7.85,ssp370
hot,2073,8,7.85,ssp370
hot,2073,9,7.85,ssp370
hot,2073,10,7.85,ssp370
hot,2073,11,7.86,ssp370
hot,2073,12,7.87,ssp370
hot,2074,1,7.87,ssp370
hot,2074,2,7.88,ssp370
hot,2074,3,7.88,ssp370
hot,2074,4,7.87,ssp370
hot,2074,5,7.86,ssp370
hot,2074,6,7.85,ssp370
hot,2074,7,7.84,ssp370
hot,2074,8,7.84,ssp370
hot,2074,9,7.84,ssp370
hot,2074,10,7.85,ssp370
hot,2074,11,7.86,ssp370
hot,2074,12,7.87,ssp370
hot,2075,1,7.87,ssp370
hot,2075,2,7.87,ssp370
hot,2075,3,7.87,ssp370
hot,2075,4,7.86,ssp370
hot,2075,5,7.85,ssp370
hot,2075,6,7.85,ssp370
hot,2075,7,7.84,ssp370
hot,2075,8,7.84,ssp370
hot,2075,9,7.84,ssp370
hot,2075,10,7.85,ssp370
hot,2075,11,7.86,ssp370
hot,2075,12,7.86,ssp370
hot,2076,1,7.87,ssp370
hot,2076,2,7.87,ssp370
hot,2076,3,7.87,ssp370
hot,2076,4,7.87,ssp370
hot,2076,5,7.85,ssp370
hot,2076,6,7.84,ssp370
hot,2076,7,7.84,ssp370
hot,2076,8,7.83,ssp370
hot,2076,9,7.83,ssp370
hot,2076,10,7.84,ssp370
hot,2076,11,7.85,ssp370
hot,2076,12,7.86,ssp370
hot,2077,1,7.86,ssp370
hot,2077,2,7.87,ssp370
hot,2077,3,7.86,ssp370
hot,2077,4,7.86,ssp370
hot,2077,5,7.85,ssp370
hot,2077,6,7.84,ssp370
hot,2077,7,7.83,ssp370
hot,2077,8,7.83,ssp370
hot,2077,9,7.83,ssp370
hot,2077,10,7.83,ssp370
hot,2077,11,7.84,ssp370
hot,2077,12,7.85,ssp370
hot,2078,1,7.86,ssp370
hot,2078,2,7.86,ssp370
hot,2078,3,7.85,ssp370
hot,2078,4,7.85,ssp370
hot,2078,5,7.84,ssp370
hot,2078,6,7.83,ssp370
hot,2078,7,7.83,ssp370
hot,2078,8,7.83,ssp370
hot,2078,9,7.83,ssp370
hot,2078,10,7.83,ssp370
hot,2078,11,7.84,ssp370
hot,2078,12,7.85,ssp370
hot,2079,1,7.85,ssp370
hot,2079,2,7.85,ssp370
hot,2079,3,7.85,ssp370
hot,2079,4,7.85,ssp370
hot,2079,5,7.84,ssp370
hot,2079,6,7.83,ssp370
hot,2079,7,7.83,ssp370
hot,2079,8,7.82,ssp370
hot,2079,9,7.82,ssp370
hot,2079,10,7.83,ssp370
hot,2079,11,7.84,ssp370
hot,2079,12,7.85,ssp370
hot,2080,1,7.85,ssp370
hot,2080,2,7.86,ssp370
hot,2080,3,7.86,ssp370
hot,2080,4,7.85,ssp370
hot,2080,5,7.84,ssp370
hot,2080,6,7.83,ssp370
hot,2080,7,7.82,ssp370
hot,2080,8,7.82,ssp370
hot,2080,9,7.82,ssp370
hot,2080,10,7.82,ssp370
hot,2080,11,7.84,ssp370
hot,2080,12,7.84,ssp370
hot,2081,1,7.85,ssp370
hot,2081,2,7.85,ssp370
hot,2081,3,7.84,ssp370
hot,2081,4,7.84,ssp370
hot,2081,5,7.83,ssp370
hot,2081,6,7.82,ssp370
hot,2081,7,7.81,ssp370
hot,2081,8,7.81,ssp370
hot,2081,9,7.81,ssp370
hot,2081,10,7.82,ssp370
hot,2081,11,7.83,ssp370
hot,2081,12,7.84,ssp370
hot,2082,1,7.84,ssp370
hot,2082,2,7.84,ssp370
hot,2082,3,7.84,ssp370
hot,2082,4,7.83,ssp370
hot,2082,5,7.82,ssp370
hot,2082,6,7.82,ssp370
hot,2082,7,7.81,ssp370
hot,2082,8,7.81,ssp370
hot,2082,9,7.81,ssp370
hot,2082,10,7.82,ssp370
hot,2082,11,7.83,ssp370
hot,2082,12,7.84,ssp370
hot,2083,1,7.84,ssp370
hot,2083,2,7.85,ssp370
hot,2083,3,7.84,ssp370
hot,2083,4,7.84,ssp370
hot,2083,5,7.83,ssp370
hot,2083,6,7.82,ssp370
hot,2083,7,7.81,ssp370
hot,2083,8,7.81,ssp370
hot,2083,9,7.81,ssp370
hot,2083,10,7.81,ssp370
hot,2083,11,7.82,ssp370
hot,2083,12,7.83,ssp370
hot,2084,1,7.84,ssp370
hot,2084,2,7.84,ssp370
hot,2084,3,7.83,ssp370
hot,2084,4,7.83,ssp370
hot,2084,5,7.82,ssp370
hot,2084,6,7.81,ssp370
hot,2084,7,7.81,ssp370
hot,2084,8,7.81,ssp370
hot,2084,9,7.8,ssp370
hot,2084,10,7.81,ssp370
hot,2084,11,7.82,ssp370
hot,2084,12,7.82,ssp370
hot,2085,1,7.83,ssp370
hot,2085,2,7.84,ssp370
hot,2085,3,7.83,ssp370
hot,2085,4,7.82,ssp370
hot,2085,5,7.82,ssp370
hot,2085,6,7.81,ssp370
hot,2085,7,7.8,ssp370
hot,2085,8,7.8,ssp370
hot,2085,9,7.8,ssp370
hot,2085,10,7.8,ssp370
hot,2085,11,7.81,ssp370
hot,2085,12,7.82,ssp370
hot,2086,1,7.83,ssp370
hot,2086,2,7.83,ssp370
hot,2086,3,7.83,ssp370
hot,2086,4,7.82,ssp370
hot,2086,5,7.81,ssp370
hot,2086,6,7.8,ssp370
hot,2086,7,7.8,ssp370
hot,2086,8,7.8,ssp370
hot,2086,9,7.8,ssp370
hot,2086,10,7.8,ssp370
hot,2086,11,7.81,ssp370
hot,2086,12,7.82,ssp370
hot,2087,1,7.83,ssp370
hot,2087,2,7.83,ssp370
hot,2087,3,7.82,ssp370
hot,2087,4,7.81,ssp370
hot,2087,5,7.8,ssp370
hot,2087,6,7.79,ssp370
hot,2087,7,7.79,ssp370
hot,2087,8,7.79,ssp370
hot,2087,9,7.79,ssp370
hot,2087,10,7.8,ssp370
hot,2087,11,7.81,ssp370
hot,2087,12,7.81,ssp370
hot,2088,1,7.82,ssp370
hot,2088,2,7.82,ssp370
hot,2088,3,7.82,ssp370
hot,2088,4,7.81,ssp370
hot,2088,5,7.81,ssp370
hot,2088,6,7.8,ssp370
hot,2088,7,7.79,ssp370
hot,2088,8,7.79,ssp370
hot,2088,9,7.79,ssp370
hot,2088,10,7.8,ssp370
hot,2088,11,7.81,ssp370
hot,2088,12,7.82,ssp370
hot,2089,1,7.82,ssp370
hot,2089,2,7.82,ssp370
hot,2089,3,7.82,ssp370
hot,2089,4,7.82,ssp370
hot,2089,5,7.8,ssp370
hot,2089,6,7.79,ssp370
hot,2089,7,7.78,ssp370
hot,2089,8,7.78,ssp370
hot,2089,9,7.78,ssp370
hot,2089,10,7.79,ssp370
hot,2089,11,7.8,ssp370
hot,2089,12,7.81,ssp370
hot,2090,1,7.82,ssp370
hot,2090,2,7.82,ssp370
hot,2090,3,7.81,ssp370
hot,2090,4,7.81,ssp370
hot,2090,5,7.8,ssp370
hot,2090,6,7.79,ssp370
hot,2090,7,7.78,ssp370
hot,2090,8,7.78,ssp370
hot,2090,9,7.78,ssp370
hot,2090,10,7.79,ssp370
hot,2090,11,7.8,ssp370
hot,2090,12,7.81,ssp370
hot,2091,1,7.81,ssp370
hot,2091,2,7.81,ssp370
hot,2091,3,7.81,ssp370
hot,2091,4,7.8,ssp370
hot,2091,5,7.8,ssp370
hot,2091,6,7.79,ssp370
hot,2091,7,7.78,ssp370
hot,2091,8,7.78,ssp370
hot,2091,9,7.78,ssp370
hot,2091,10,7.79,ssp370
hot,2091,11,7.8,ssp370
hot,2091,12,7.8,ssp370
hot,2092,1,7.81,ssp370
hot,2092,2,7.81,ssp370
hot,2092,3,7.81,ssp370
hot,2092,4,7.8,ssp370
hot,2092,5,7.79,ssp370
hot,2092,6,7.78,ssp370
hot,2092,7,7.77,ssp370
hot,2092,8,7.77,ssp370
hot,2092,9,7.77,ssp370
hot,2092,10,7.78,ssp370
hot,2092,11,7.79,ssp370
hot,2092,12,7.8,ssp370
hot,2093,1,7.8,ssp370
hot,2093,2,7.8,ssp370
hot,2093,3,7.8,ssp370
hot,2093,4,7.79,ssp370
hot,2093,5,7.79,ssp370
hot,2093,6,7.78,ssp370
hot,2093,7,7.77,ssp370
hot,2093,8,7.77,ssp370
hot,2093,9,7.77,ssp370
hot,2093,10,7.77,ssp370
hot,2093,11,7.78,ssp370
hot,2093,12,7.79,ssp370
hot,2094,1,7.8,ssp370
hot,2094,2,7.79,ssp370
hot,2094,3,7.8,ssp370
hot,2094,4,7.79,ssp370
hot,2094,5,7.78,ssp370
hot,2094,6,7.77,ssp370
hot,2094,7,7.77,ssp370
hot,2094,8,7.77,ssp370
hot,2094,9,7.77,ssp370
hot,2094,10,7.77,ssp370
hot,2094,11,7.78,ssp370
hot,2094,12,7.79,ssp370
hot,2095,1,7.79,ssp370
hot,2095,2,7.79,ssp370
hot,2095,3,7.79,ssp370
hot,2095,4,7.79,ssp370
hot,2095,5,7.78,ssp370
hot,2095,6,7.76,ssp370
hot,2095,7,7.76,ssp370
hot,2095,8,7.76,ssp370
hot,2095,9,7.77,ssp370
hot,2095,10,7.77,ssp370
hot,2095,11,7.78,ssp370
hot,2095,12,7.79,ssp370
hot,2096,1,7.79,ssp370
hot,2096,2,7.79,ssp370
hot,2096,3,7.79,ssp370
hot,2096,4,7.78,ssp370
hot,2096,5,7.78,ssp370
hot,2096,6,7.77,ssp370
hot,2096,7,7.77,ssp370
hot,2096,8,7.76,ssp370
hot,2096,9,7.76,ssp370
hot,2096,10,7.77,ssp370
hot,2096,11,7.78,ssp370
hot,2096,12,7.79,ssp370
hot,2097,1,7.79,ssp370
hot,2097,2,7.79,ssp370
hot,2097,3,7.79,ssp370
hot,2097,4,7.78,ssp370
hot,2097,5,7.77,ssp370
hot,2097,6,7.76,ssp370
hot,2097,7,7.76,ssp370
hot,2097,8,7.75,ssp370
hot,2097,9,7.75,ssp370
hot,2097,10,7.76,ssp370
hot,2097,11,7.77,ssp370
hot,2097,12,7.78,ssp370
hot,2098,1,7.78,ssp370
hot,2098,2,7.78,ssp370
hot,2098,3,7.78,ssp370
hot,2098,4,7.77,ssp370
hot,2098,5,7.76,ssp370
hot,2098,6,7.76,ssp370
hot,2098,7,7.75,ssp370
hot,2098,8,7.75,ssp370
hot,2098,9,7.75,ssp370
hot,2098,10,7.76,ssp370
hot,2098,11,7.77,ssp370
hot,2098,12,7.78,ssp370
hot,2099,1,7.78,ssp370
hot,2099,2,7.78,ssp370
hot,2099,3,7.78,ssp370
hot,2099,4,7.77,ssp370
hot,2099,5,7.76,ssp370
hot,2099,6,7.75,ssp370
hot,2099,7,7.75,ssp370
hot,2099,8,7.75,ssp370
hot,2099,9,7.75,ssp370
hot,2099,10,7.75,ssp370
hot,2099,11,7.76,ssp370
hot,2099,12,7.77,ssp370
hot,2100,1,7.78,ssp370
hot,2100,2,7.78,ssp370
hot,2100,3,7.78,ssp370
hot,2100,4,7.77,ssp370
hot,2100,5,7.76,ssp370
hot,2100,6,7.75,ssp370
hot,2100,7,7.74,ssp370
hot,2100,8,7.74,ssp370
hot,2100,9,7.74,ssp370
hot,2100,10,7.75,ssp370
hot,2100,11,7.76,ssp370
hot,2100,12,7.77,ssp370
hot,2015,1,8.07,ssp585
hot,2015,2,8.08,ssp585
hot,2015,3,8.08,ssp585
hot,2015,4,8.07,ssp585
hot,2015,5,8.06,ssp585
hot,2015,6,8.05,ssp585
hot,2015,7,8.05,ssp585
hot,2015,8,8.04,ssp585
hot,2015,9,8.04,ssp585
hot,2015,10,8.05,ssp585
hot,2015,11,8.06,ssp585
hot,2015,12,8.07,ssp585
hot,2016,1,8.07,ssp585
hot,2016,2,8.07,ssp585
hot,2016,3,8.08,ssp585
hot,2016,4,8.07,ssp585
hot,2016,5,8.06,ssp585
hot,2016,6,8.05,ssp585
hot,2016,7,8.05,ssp585
hot,2016,8,8.04,ssp585
hot,2016,9,8.04,ssp585
hot,2016,10,8.04,ssp585
hot,2016,11,8.05,ssp585
hot,2016,12,8.06,ssp585
hot,2017,1,8.07,ssp585
hot,2017,2,8.07,ssp585
hot,2017,3,8.07,ssp585
hot,2017,4,8.06,ssp585
hot,2017,5,8.05,ssp585
hot,2017,6,8.04,ssp585
hot,2017,7,8.03,ssp585
hot,2017,8,8.03,ssp585
hot,2017,9,8.04,ssp585
hot,2017,10,8.04,ssp585
hot,2017,11,8.05,ssp585
hot,2017,12,8.05,ssp585
hot,2018,1,8.06,ssp585
hot,2018,2,8.07,ssp585
hot,2018,3,8.07,ssp585
hot,2018,4,8.06,ssp585
hot,2018,5,8.05,ssp585
hot,2018,6,8.04,ssp585
hot,2018,7,8.04,ssp585
hot,2018,8,8.03,ssp585
hot,2018,9,8.03,ssp585
hot,2018,10,8.04,ssp585
hot,2018,11,8.05,ssp585
hot,2018,12,8.06,ssp585
hot,2019,1,8.07,ssp585
hot,2019,2,8.07,ssp585
hot,2019,3,8.07,ssp585
hot,2019,4,8.06,ssp585
hot,2019,5,8.05,ssp585
hot,2019,6,8.04,ssp585
hot,2019,7,8.03,ssp585
hot,2019,8,8.03,ssp585
hot,2019,9,8.03,ssp585
hot,2019,10,8.04,ssp585
hot,2019,11,8.05,ssp585
hot,2019,12,8.06,ssp585
hot,2020,1,8.07,ssp585
hot,2020,2,8.07,ssp585
hot,2020,3,8.07,ssp585
hot,2020,4,8.06,ssp585
hot,2020,5,8.05,ssp585
hot,2020,6,8.04,ssp585
hot,2020,7,8.03,ssp585
hot,2020,8,8.03,ssp585
hot,2020,9,8.03,ssp585
hot,2020,10,8.03,ssp585
hot,2020,11,8.04,ssp585
hot,2020,12,8.05,ssp585
hot,2021,1,8.06,ssp585
hot,2021,2,8.06,ssp585
hot,2021,3,8.06,ssp585
hot,2021,4,8.06,ssp585
hot,2021,5,8.04,ssp585
hot,2021,6,8.04,ssp585
hot,2021,7,8.03,ssp585
hot,2021,8,8.02,ssp585
hot,2021,9,8.03,ssp585
hot,2021,10,8.03,ssp585
hot,2021,11,8.04,ssp585
hot,2021,12,8.05,ssp585
hot,2022,1,8.06,ssp585
hot,2022,2,8.06,ssp585
hot,2022,3,8.05,ssp585
hot,2022,4,8.05,ssp585
hot,2022,5,8.04,ssp585
hot,2022,6,8.03,ssp585
hot,2022,7,8.02,ssp585
hot,2022,8,8.02,ssp585
hot,2022,9,8.02,ssp585
hot,2022,10,8.03,ssp585
hot,2022,11,8.04,ssp585
hot,2022,12,8.05,ssp585
hot,2023,1,8.06,ssp585
hot,2023,2,8.06,ssp585
hot,2023,3,8.06,ssp585
hot,2023,4,8.05,ssp585
hot,2023,5,8.04,ssp585
hot,2023,6,8.03,ssp585
hot,2023,7,8.02,ssp585
hot,2023,8,8.02,ssp585
hot,2023,9,8.02,ssp585
hot,2023,10,8.02,ssp585
hot,2023,11,8.03,ssp585
hot,2023,12,8.04,ssp585
hot,2024,1,8.05,ssp585
hot,2024,2,8.06,ssp585
hot,2024,3,8.05,ssp585
hot,2024,4,8.05,ssp585
hot,2024,5,8.04,ssp585
hot,2024,6,8.03,ssp585
hot,2024,7,8.02,ssp585
hot,2024,8,8.02,ssp585
hot,2024,9,8.02,ssp585
hot,2024,10,8.02,ssp585
hot,2024,11,8.03,ssp585
hot,2024,12,8.04,ssp585
hot,2025,1,8.05,ssp585
hot,2025,2,8.05,ssp585
hot,2025,3,8.05,ssp585
hot,2025,4,8.04,ssp585
hot,2025,5,8.03,ssp585
hot,2025,6,8.02,ssp585
hot,2025,7,8.02,ssp585
hot,2025,8,8.01,ssp585
hot,2025,9,8.01,ssp585
hot,2025,10,8.02,ssp585
hot,2025,11,8.03,ssp585
hot,2025,12,8.04,ssp585
hot,2026,1,8.04,ssp585
hot,2026,2,8.05,ssp585
hot,2026,3,8.05,ssp585
hot,2026,4,8.04,ssp585
hot,2026,5,8.02,ssp585
hot,2026,6,8.02,ssp585
hot,2026,7,8.01,ssp585
hot,2026,8,8.01,ssp585
hot,2026,9,8.01,ssp585
hot,2026,10,8.01,ssp585
hot,2026,11,8.02,ssp585
hot,2026,12,8.03,ssp585
hot,2027,1,8.04,ssp585
hot,2027,2,8.04,ssp585
hot,2027,3,8.04,ssp585
hot,2027,4,8.03,ssp585
hot,2027,5,8.02,ssp585
hot,2027,6,8.01,ssp585
hot,2027,7,8.01,ssp585
hot,2027,8,8.01,ssp585
hot,2027,9,8,ssp585
hot,2027,10,8.01,ssp585
hot,2027,11,8.02,ssp585
hot,2027,12,8.03,ssp585
hot,2028,1,8.03,ssp585
hot,2028,2,8.04,ssp585
hot,2028,3,8.04,ssp585
hot,2028,4,8.03,ssp585
hot,2028,5,8.03,ssp585
hot,2028,6,8.01,ssp585
hot,2028,7,8.01,ssp585
hot,2028,8,8,ssp585
hot,2028,9,8,ssp585
hot,2028,10,8.01,ssp585
hot,2028,11,8.02,ssp585
hot,2028,12,8.03,ssp585
hot,2029,1,8.03,ssp585
hot,2029,2,8.04,ssp585
hot,2029,3,8.04,ssp585
hot,2029,4,8.03,ssp585
hot,2029,5,8.02,ssp585
hot,2029,6,8.01,ssp585
hot,2029,7,8.01,ssp585
hot,2029,8,8,ssp585
hot,2029,9,8,ssp585
hot,2029,10,8.01,ssp585
hot,2029,11,8.02,ssp585
hot,2029,12,8.02,ssp585
hot,2030,1,8.03,ssp585
hot,2030,2,8.03,ssp585
hot,2030,3,8.03,ssp585
hot,2030,4,8.03,ssp585
hot,2030,5,8.02,ssp585
hot,2030,6,8.01,ssp585
hot,2030,7,8,ssp585
hot,2030,8,8,ssp585
hot,2030,9,8,ssp585
hot,2030,10,8,ssp585
hot,2030,11,8.01,ssp585
hot,2030,12,8.03,ssp585
hot,2031,1,8.03,ssp585
hot,2031,2,8.03,ssp585
hot,2031,3,8.03,ssp585
hot,2031,4,8.03,ssp585
hot,2031,5,8.02,ssp585
hot,2031,6,8,ssp585
hot,2031,7,7.99,ssp585
hot,2031,8,7.99,ssp585
hot,2031,9,7.99,ssp585
hot,2031,10,8,ssp585
hot,2031,11,8.01,ssp585
hot,2031,12,8.02,ssp585
hot,2032,1,8.02,ssp585
hot,2032,2,8.02,ssp585
hot,2032,3,8.02,ssp585
hot,2032,4,8.02,ssp585
hot,2032,5,8,ssp585
hot,2032,6,7.99,ssp585
hot,2032,7,7.99,ssp585
hot,2032,8,7.99,ssp585
hot,2032,9,7.99,ssp585
hot,2032,10,7.99,ssp585
hot,2032,11,8,ssp585
hot,2032,12,8.01,ssp585
hot,2033,1,8.02,ssp585
hot,2033,2,8.02,ssp585
hot,2033,3,8.02,ssp585
hot,2033,4,8.01,ssp585
hot,2033,5,8.01,ssp585
hot,2033,6,7.99,ssp585
hot,2033,7,7.99,ssp585
hot,2033,8,7.98,ssp585
hot,2033,9,7.99,ssp585
hot,2033,10,7.98,ssp585
hot,2033,11,8,ssp585
hot,2033,12,8.01,ssp585
hot,2034,1,8.01,ssp585
hot,2034,2,8.02,ssp585
hot,2034,3,8.02,ssp585
hot,2034,4,8.01,ssp585
hot,2034,5,8,ssp585
hot,2034,6,7.99,ssp585
hot,2034,7,7.98,ssp585
hot,2034,8,7.98,ssp585
hot,2034,9,7.98,ssp585
hot,2034,10,7.98,ssp585
hot,2034,11,7.99,ssp585
hot,2034,12,8,ssp585
hot,2035,1,8.01,ssp585
hot,2035,2,8.01,ssp585
hot,2035,3,8.01,ssp585
hot,2035,4,8.01,ssp585
hot,2035,5,8,ssp585
hot,2035,6,7.98,ssp585
hot,2035,7,7.98,ssp585
hot,2035,8,7.97,ssp585
hot,2035,9,7.97,ssp585
hot,2035,10,7.98,ssp585
hot,2035,11,7.99,ssp585
hot,2035,12,8,ssp585
hot,2036,1,8,ssp585
hot,2036,2,8,ssp585
hot,2036,3,8,ssp585
hot,2036,4,8,ssp585
hot,2036,5,7.99,ssp585
hot,2036,6,7.98,ssp585
hot,2036,7,7.97,ssp585
hot,2036,8,7.97,ssp585
hot,2036,9,7.97,ssp585
hot,2036,10,7.98,ssp585
hot,2036,11,7.99,ssp585
hot,2036,12,8,ssp585
hot,2037,1,8.01,ssp585
hot,2037,2,8.01,ssp585
hot,2037,3,8,ssp585
hot,2037,4,8,ssp585
hot,2037,5,7.99,ssp585
hot,2037,6,7.98,ssp585
hot,2037,7,7.97,ssp585
hot,2037,8,7.97,ssp585
hot,2037,9,7.97,ssp585
hot,2037,10,7.97,ssp585
hot,2037,11,7.98,ssp585
hot,2037,12,7.99,ssp585
hot,2038,1,8,ssp585
hot,2038,2,8,ssp585
hot,2038,3,8.01,ssp585
hot,2038,4,8,ssp585
hot,2038,5,7.99,ssp585
hot,2038,6,7.98,ssp585
hot,2038,7,7.97,ssp585
hot,2038,8,7.97,ssp585
hot,2038,9,7.97,ssp585
hot,2038,10,7.97,ssp585
hot,2038,11,7.98,ssp585
hot,2038,12,7.99,ssp585
hot,2039,1,7.99,ssp585
hot,2039,2,8,ssp585
hot,2039,3,8,ssp585
hot,2039,4,7.99,ssp585
hot,2039,5,7.98,ssp585
hot,2039,6,7.97,ssp585
hot,2039,7,7.96,ssp585
hot,2039,8,7.96,ssp585
hot,2039,9,7.96,ssp585
hot,2039,10,7.97,ssp585
hot,2039,11,7.98,ssp585
hot,2039,12,7.99,ssp585
hot,2040,1,7.99,ssp585
hot,2040,2,7.99,ssp585
hot,2040,3,7.99,ssp585
hot,2040,4,7.99,ssp585
hot,2040,5,7.98,ssp585
hot,2040,6,7.97,ssp585
hot,2040,7,7.96,ssp585
hot,2040,8,7.96,ssp585
hot,2040,9,7.96,ssp585
hot,2040,10,7.97,ssp585
hot,2040,11,7.97,ssp585
hot,2040,12,7.98,ssp585
hot,2041,1,7.98,ssp585
hot,2041,2,7.98,ssp585
hot,2041,3,7.98,ssp585
hot,2041,4,7.98,ssp585
hot,2041,5,7.97,ssp585
hot,2041,6,7.97,ssp585
hot,2041,7,7.96,ssp585
hot,2041,8,7.96,ssp585
hot,2041,9,7.96,ssp585
hot,2041,10,7.96,ssp585
hot,2041,11,7.97,ssp585
hot,2041,12,7.98,ssp585
hot,2042,1,7.99,ssp585
hot,2042,2,7.98,ssp585
hot,2042,3,7.99,ssp585
hot,2042,4,7.98,ssp585
hot,2042,5,7.97,ssp585
hot,2042,6,7.95,ssp585
hot,2042,7,7.96,ssp585
hot,2042,8,7.95,ssp585
hot,2042,9,7.95,ssp585
hot,2042,10,7.96,ssp585
hot,2042,11,7.97,ssp585
hot,2042,12,7.98,ssp585
hot,2043,1,7.98,ssp585
hot,2043,2,7.99,ssp585
hot,2043,3,7.98,ssp585
hot,2043,4,7.98,ssp585
hot,2043,5,7.97,ssp585
hot,2043,6,7.96,ssp585
hot,2043,7,7.95,ssp585
hot,2043,8,7.94,ssp585
hot,2043,9,7.94,ssp585
hot,2043,10,7.95,ssp585
hot,2043,11,7.96,ssp585
hot,2043,12,7.97,ssp585
hot,2044,1,7.98,ssp585
hot,2044,2,7.98,ssp585
hot,2044,3,7.98,ssp585
hot,2044,4,7.97,ssp585
hot,2044,5,7.96,ssp585
hot,2044,6,7.95,ssp585
hot,2044,7,7.94,ssp585
hot,2044,8,7.94,ssp585
hot,2044,9,7.94,ssp585
hot,2044,10,7.94,ssp585
hot,2044,11,7.96,ssp585
hot,2044,12,7.97,ssp585
hot,2045,1,7.97,ssp585
hot,2045,2,7.98,ssp585
hot,2045,3,7.98,ssp585
hot,2045,4,7.97,ssp585
hot,2045,5,7.96,ssp585
hot,2045,6,7.94,ssp585
hot,2045,7,7.94,ssp585
hot,2045,8,7.94,ssp585
hot,2045,9,7.94,ssp585
hot,2045,10,7.94,ssp585
hot,2045,11,7.95,ssp585
hot,2045,12,7.96,ssp585
hot,2046,1,7.97,ssp585
hot,2046,2,7.97,ssp585
hot,2046,3,7.97,ssp585
hot,2046,4,7.96,ssp585
hot,2046,5,7.94,ssp585
hot,2046,6,7.94,ssp585
hot,2046,7,7.93,ssp585
hot,2046,8,7.93,ssp585
hot,2046,9,7.93,ssp585
hot,2046,10,7.94,ssp585
hot,2046,11,7.95,ssp585
hot,2046,12,7.96,ssp585
hot,2047,1,7.96,ssp585
hot,2047,2,7.96,ssp585
hot,2047,3,7.96,ssp585
hot,2047,4,7.95,ssp585
hot,2047,5,7.95,ssp585
hot,2047,6,7.94,ssp585
hot,2047,7,7.93,ssp585
hot,2047,8,7.93,ssp585
hot,2047,9,7.93,ssp585
hot,2047,10,7.93,ssp585
hot,2047,11,7.94,ssp585
hot,2047,12,7.95,ssp585
hot,2048,1,7.96,ssp585
hot,2048,2,7.96,ssp585
hot,2048,3,7.96,ssp585
hot,2048,4,7.95,ssp585
hot,2048,5,7.94,ssp585
hot,2048,6,7.93,ssp585
hot,2048,7,7.92,ssp585
hot,2048,8,7.92,ssp585
hot,2048,9,7.92,ssp585
hot,2048,10,7.93,ssp585
hot,2048,11,7.94,ssp585
hot,2048,12,7.95,ssp585
hot,2049,1,7.96,ssp585
hot,2049,2,7.96,ssp585
hot,2049,3,7.96,ssp585
hot,2049,4,7.96,ssp585
hot,2049,5,7.94,ssp585
hot,2049,6,7.92,ssp585
hot,2049,7,7.92,ssp585
hot,2049,8,7.92,ssp585
hot,2049,9,7.92,ssp585
hot,2049,10,7.93,ssp585
hot,2049,11,7.94,ssp585
hot,2049,12,7.95,ssp585
hot,2050,1,7.95,ssp585
hot,2050,2,7.95,ssp585
hot,2050,3,7.95,ssp585
hot,2050,4,7.94,ssp585
hot,2050,5,7.93,ssp585
hot,2050,6,7.92,ssp585
hot,2050,7,7.92,ssp585
hot,2050,8,7.92,ssp585
hot,2050,9,7.91,ssp585
hot,2050,10,7.92,ssp585
hot,2050,11,7.93,ssp585
hot,2050,12,7.94,ssp585
hot,2051,1,7.94,ssp585
hot,2051,2,7.94,ssp585
hot,2051,3,7.94,ssp585
hot,2051,4,7.94,ssp585
hot,2051,5,7.93,ssp585
hot,2051,6,7.91,ssp585
hot,2051,7,7.91,ssp585
hot,2051,8,7.9,ssp585
hot,2051,9,7.9,ssp585
hot,2051,10,7.91,ssp585
hot,2051,11,7.92,ssp585
hot,2051,12,7.93,ssp585
hot,2052,1,7.94,ssp585
hot,2052,2,7.94,ssp585
hot,2052,3,7.94,ssp585
hot,2052,4,7.93,ssp585
hot,2052,5,7.92,ssp585
hot,2052,6,7.91,ssp585
hot,2052,7,7.91,ssp585
hot,2052,8,7.9,ssp585
hot,2052,9,7.9,ssp585
hot,2052,10,7.91,ssp585
hot,2052,11,7.92,ssp585
hot,2052,12,7.93,ssp585
hot,2053,1,7.94,ssp585
hot,2053,2,7.94,ssp585
hot,2053,3,7.94,ssp585
hot,2053,4,7.93,ssp585
hot,2053,5,7.91,ssp585
hot,2053,6,7.9,ssp585
hot,2053,7,7.9,ssp585
hot,2053,8,7.9,ssp585
hot,2053,9,7.9,ssp585
hot,2053,10,7.9,ssp585
hot,2053,11,7.91,ssp585
hot,2053,12,7.92,ssp585
hot,2054,1,7.93,ssp585
hot,2054,2,7.93,ssp585
hot,2054,3,7.93,ssp585
hot,2054,4,7.93,ssp585
hot,2054,5,7.91,ssp585
hot,2054,6,7.9,ssp585
hot,2054,7,7.9,ssp585
hot,2054,8,7.89,ssp585
hot,2054,9,7.89,ssp585
hot,2054,10,7.9,ssp585
hot,2054,11,7.91,ssp585
hot,2054,12,7.92,ssp585
hot,2055,1,7.92,ssp585
hot,2055,2,7.92,ssp585
hot,2055,3,7.92,ssp585
hot,2055,4,7.91,ssp585
hot,2055,5,7.91,ssp585
hot,2055,6,7.9,ssp585
hot,2055,7,7.89,ssp585
hot,2055,8,7.89,ssp585
hot,2055,9,7.89,ssp585
hot,2055,10,7.89,ssp585
hot,2055,11,7.9,ssp585
hot,2055,12,7.92,ssp585
hot,2056,1,7.92,ssp585
hot,2056,2,7.92,ssp585
hot,2056,3,7.92,ssp585
hot,2056,4,7.91,ssp585
hot,2056,5,7.9,ssp585
hot,2056,6,7.89,ssp585
hot,2056,7,7.89,ssp585
hot,2056,8,7.88,ssp585
hot,2056,9,7.88,ssp585
hot,2056,10,7.89,ssp585
hot,2056,11,7.9,ssp585
hot,2056,12,7.9,ssp585
hot,2057,1,7.91,ssp585
hot,2057,2,7.91,ssp585
hot,2057,3,7.9,ssp585
hot,2057,4,7.9,ssp585
hot,2057,5,7.89,ssp585
hot,2057,6,7.88,ssp585
hot,2057,7,7.88,ssp585
hot,2057,8,7.87,ssp585
hot,2057,9,7.87,ssp585
hot,2057,10,7.88,ssp585
hot,2057,11,7.89,ssp585
hot,2057,12,7.9,ssp585
hot,2058,1,7.9,ssp585
hot,2058,2,7.9,ssp585
hot,2058,3,7.9,ssp585
hot,2058,4,7.9,ssp585
hot,2058,5,7.89,ssp585
hot,2058,6,7.88,ssp585
hot,2058,7,7.87,ssp585
hot,2058,8,7.87,ssp585
hot,2058,9,7.87,ssp585
hot,2058,10,7.88,ssp585
hot,2058,11,7.89,ssp585
hot,2058,12,7.9,ssp585
hot,2059,1,7.9,ssp585
hot,2059,2,7.9,ssp585
hot,2059,3,7.9,ssp585
hot,2059,4,7.89,ssp585
hot,2059,5,7.88,ssp585
hot,2059,6,7.87,ssp585
hot,2059,7,7.87,ssp585
hot,2059,8,7.86,ssp585
hot,2059,9,7.86,ssp585
hot,2059,10,7.87,ssp585
hot,2059,11,7.88,ssp585
hot,2059,12,7.89,ssp585
hot,2060,1,7.89,ssp585
hot,2060,2,7.9,ssp585
hot,2060,3,7.9,ssp585
hot,2060,4,7.89,ssp585
hot,2060,5,7.88,ssp585
hot,2060,6,7.87,ssp585
hot,2060,7,7.87,ssp585
hot,2060,8,7.86,ssp585
hot,2060,9,7.86,ssp585
hot,2060,10,7.86,ssp585
hot,2060,11,7.88,ssp585
hot,2060,12,7.89,ssp585
hot,2061,1,7.89,ssp585
hot,2061,2,7.9,ssp585
hot,2061,3,7.9,ssp585
hot,2061,4,7.89,ssp585
hot,2061,5,7.88,ssp585
hot,2061,6,7.86,ssp585
hot,2061,7,7.86,ssp585
hot,2061,8,7.85,ssp585
hot,2061,9,7.86,ssp585
hot,2061,10,7.86,ssp585
hot,2061,11,7.87,ssp585
hot,2061,12,7.88,ssp585
hot,2062,1,7.89,ssp585
hot,2062,2,7.89,ssp585
hot,2062,3,7.89,ssp585
hot,2062,4,7.88,ssp585
hot,2062,5,7.87,ssp585
hot,2062,6,7.86,ssp585
hot,2062,7,7.85,ssp585
hot,2062,8,7.85,ssp585
hot,2062,9,7.85,ssp585
hot,2062,10,7.85,ssp585
hot,2062,11,7.87,ssp585
hot,2062,12,7.88,ssp585
hot,2063,1,7.88,ssp585
hot,2063,2,7.88,ssp585
hot,2063,3,7.88,ssp585
hot,2063,4,7.87,ssp585
hot,2063,5,7.86,ssp585
hot,2063,6,7.85,ssp585
hot,2063,7,7.84,ssp585
hot,2063,8,7.84,ssp585
hot,2063,9,7.84,ssp585
hot,2063,10,7.85,ssp585
hot,2063,11,7.86,ssp585
hot,2063,12,7.87,ssp585
hot,2064,1,7.88,ssp585
hot,2064,2,7.88,ssp585
hot,2064,3,7.87,ssp585
hot,2064,4,7.87,ssp585
hot,2064,5,7.85,ssp585
hot,2064,6,7.85,ssp585
hot,2064,7,7.84,ssp585
hot,2064,8,7.84,ssp585
hot,2064,9,7.84,ssp585
hot,2064,10,7.84,ssp585
hot,2064,11,7.85,ssp585
hot,2064,12,7.86,ssp585
hot,2065,1,7.87,ssp585
hot,2065,2,7.87,ssp585
hot,2065,3,7.87,ssp585
hot,2065,4,7.86,ssp585
hot,2065,5,7.85,ssp585
hot,2065,6,7.84,ssp585
hot,2065,7,7.84,ssp585
hot,2065,8,7.83,ssp585
hot,2065,9,7.83,ssp585
hot,2065,10,7.84,ssp585
hot,2065,11,7.85,ssp585
hot,2065,12,7.86,ssp585
hot,2066,1,7.86,ssp585
hot,2066,2,7.86,ssp585
hot,2066,3,7.86,ssp585
hot,2066,4,7.86,ssp585
hot,2066,5,7.85,ssp585
hot,2066,6,7.83,ssp585
hot,2066,7,7.83,ssp585
hot,2066,8,7.83,ssp585
hot,2066,9,7.83,ssp585
hot,2066,10,7.84,ssp585
hot,2066,11,7.85,ssp585
hot,2066,12,7.86,ssp585
hot,2067,1,7.86,ssp585
hot,2067,2,7.86,ssp585
hot,2067,3,7.86,ssp585
hot,2067,4,7.85,ssp585
hot,2067,5,7.84,ssp585
hot,2067,6,7.83,ssp585
hot,2067,7,7.82,ssp585
hot,2067,8,7.82,ssp585
hot,2067,9,7.82,ssp585
hot,2067,10,7.83,ssp585
hot,2067,11,7.84,ssp585
hot,2067,12,7.85,ssp585
hot,2068,1,7.85,ssp585
hot,2068,2,7.85,ssp585
hot,2068,3,7.85,ssp585
hot,2068,4,7.85,ssp585
hot,2068,5,7.84,ssp585
hot,2068,6,7.83,ssp585
hot,2068,7,7.82,ssp585
hot,2068,8,7.81,ssp585
hot,2068,9,7.81,ssp585
hot,2068,10,7.82,ssp585
hot,2068,11,7.83,ssp585
hot,2068,12,7.83,ssp585
hot,2069,1,7.84,ssp585
hot,2069,2,7.84,ssp585
hot,2069,3,7.84,ssp585
hot,2069,4,7.83,ssp585
hot,2069,5,7.82,ssp585
hot,2069,6,7.81,ssp585
hot,2069,7,7.81,ssp585
hot,2069,8,7.81,ssp585
hot,2069,9,7.81,ssp585
hot,2069,10,7.82,ssp585
hot,2069,11,7.83,ssp585
hot,2069,12,7.84,ssp585
hot,2070,1,7.84,ssp585
hot,2070,2,7.84,ssp585
hot,2070,3,7.84,ssp585
hot,2070,4,7.83,ssp585
hot,2070,5,7.82,ssp585
hot,2070,6,7.81,ssp585
hot,2070,7,7.81,ssp585
hot,2070,8,7.8,ssp585
hot,2070,9,7.8,ssp585
hot,2070,10,7.81,ssp585
hot,2070,11,7.81,ssp585
hot,2070,12,7.83,ssp585
hot,2071,1,7.83,ssp585
hot,2071,2,7.83,ssp585
hot,2071,3,7.83,ssp585
hot,2071,4,7.82,ssp585
hot,2071,5,7.82,ssp585
hot,2071,6,7.81,ssp585
hot,2071,7,7.8,ssp585
hot,2071,8,7.8,ssp585
hot,2071,9,7.8,ssp585
hot,2071,10,7.81,ssp585
hot,2071,11,7.82,ssp585
hot,2071,12,7.83,ssp585
hot,2072,1,7.83,ssp585
hot,2072,2,7.83,ssp585
hot,2072,3,7.82,ssp585
hot,2072,4,7.82,ssp585
hot,2072,5,7.81,ssp585
hot,2072,6,7.8,ssp585
hot,2072,7,7.8,ssp585
hot,2072,8,7.79,ssp585
hot,2072,9,7.79,ssp585
hot,2072,10,7.8,ssp585
hot,2072,11,7.81,ssp585
hot,2072,12,7.82,ssp585
hot,2073,1,7.82,ssp585
hot,2073,2,7.82,ssp585
hot,2073,3,7.82,ssp585
hot,2073,4,7.81,ssp585
hot,2073,5,7.8,ssp585
hot,2073,6,7.79,ssp585
hot,2073,7,7.79,ssp585
hot,2073,8,7.78,ssp585
hot,2073,9,7.79,ssp585
hot,2073,10,7.79,ssp585
hot,2073,11,7.8,ssp585
hot,2073,12,7.81,ssp585
hot,2074,1,7.82,ssp585
hot,2074,2,7.82,ssp585
hot,2074,3,7.81,ssp585
hot,2074,4,7.81,ssp585
hot,2074,5,7.8,ssp585
hot,2074,6,7.79,ssp585
hot,2074,7,7.78,ssp585
hot,2074,8,7.78,ssp585
hot,2074,9,7.78,ssp585
hot,2074,10,7.79,ssp585
hot,2074,11,7.79,ssp585
hot,2074,12,7.8,ssp585
hot,2075,1,7.81,ssp585
hot,2075,2,7.81,ssp585
hot,2075,3,7.81,ssp585
hot,2075,4,7.79,ssp585
hot,2075,5,7.79,ssp585
hot,2075,6,7.78,ssp585
hot,2075,7,7.78,ssp585
hot,2075,8,7.77,ssp585
hot,2075,9,7.77,ssp585
hot,2075,10,7.78,ssp585
hot,2075,11,7.79,ssp585
hot,2075,12,7.8,ssp585
hot,2076,1,7.8,ssp585
hot,2076,2,7.8,ssp585
hot,2076,3,7.8,ssp585
hot,2076,4,7.79,ssp585
hot,2076,5,7.79,ssp585
hot,2076,6,7.78,ssp585
hot,2076,7,7.78,ssp585
hot,2076,8,7.77,ssp585
hot,2076,9,7.77,ssp585
hot,2076,10,7.77,ssp585
hot,2076,11,7.79,ssp585
hot,2076,12,7.8,ssp585
hot,2077,1,7.8,ssp585
hot,2077,2,7.8,ssp585
hot,2077,3,7.8,ssp585
hot,2077,4,7.79,ssp585
hot,2077,5,7.78,ssp585
hot,2077,6,7.77,ssp585
hot,2077,7,7.77,ssp585
hot,2077,8,7.77,ssp585
hot,2077,9,7.76,ssp585
hot,2077,10,7.77,ssp585
hot,2077,11,7.78,ssp585
hot,2077,12,7.79,ssp585
hot,2078,1,7.79,ssp585
hot,2078,2,7.79,ssp585
hot,2078,3,7.79,ssp585
hot,2078,4,7.78,ssp585
hot,2078,5,7.77,ssp585
hot,2078,6,7.76,ssp585
hot,2078,7,7.76,ssp585
hot,2078,8,7.75,ssp585
hot,2078,9,7.75,ssp585
hot,2078,10,7.76,ssp585
hot,2078,11,7.77,ssp585
hot,2078,12,7.78,ssp585
hot,2079,1,7.78,ssp585
hot,2079,2,7.78,ssp585
hot,2079,3,7.78,ssp585
hot,2079,4,7.77,ssp585
hot,2079,5,7.76,ssp585
hot,2079,6,7.75,ssp585
hot,2079,7,7.75,ssp585
hot,2079,8,7.75,ssp585
hot,2079,9,7.75,ssp585
hot,2079,10,7.76,ssp585
hot,2079,11,7.77,ssp585
hot,2079,12,7.77,ssp585
hot,2080,1,7.78,ssp585
hot,2080,2,7.78,ssp585
hot,2080,3,7.78,ssp585
hot,2080,4,7.77,ssp585
hot,2080,5,7.76,ssp585
hot,2080,6,7.75,ssp585
hot,2080,7,7.75,ssp585
hot,2080,8,7.75,ssp585
hot,2080,9,7.75,ssp585
hot,2080,10,7.75,ssp585
hot,2080,11,7.76,ssp585
hot,2080,12,7.77,ssp585
hot,2081,1,7.78,ssp585
hot,2081,2,7.78,ssp585
hot,2081,3,7.77,ssp585
hot,2081,4,7.76,ssp585
hot,2081,5,7.75,ssp585
hot,2081,6,7.75,ssp585
hot,2081,7,7.74,ssp585
hot,2081,8,7.74,ssp585
hot,2081,9,7.74,ssp585
hot,2081,10,7.75,ssp585
hot,2081,11,7.75,ssp585
hot,2081,12,7.76,ssp585
hot,2082,1,7.77,ssp585
hot,2082,2,7.77,ssp585
hot,2082,3,7.76,ssp585
hot,2082,4,7.76,ssp585
hot,2082,5,7.75,ssp585
hot,2082,6,7.74,ssp585
hot,2082,7,7.74,ssp585
hot,2082,8,7.74,ssp585
hot,2082,9,7.73,ssp585
hot,2082,10,7.74,ssp585
hot,2082,11,7.75,ssp585
hot,2082,12,7.75,ssp585
hot,2083,1,7.76,ssp585
hot,2083,2,7.76,ssp585
hot,2083,3,7.76,ssp585
hot,2083,4,7.75,ssp585
hot,2083,5,7.74,ssp585
hot,2083,6,7.73,ssp585
hot,2083,7,7.73,ssp585
hot,2083,8,7.72,ssp585
hot,2083,9,7.72,ssp585
hot,2083,10,7.73,ssp585
hot,2083,11,7.74,ssp585
hot,2083,12,7.75,ssp585
hot,2084,1,7.76,ssp585
hot,2084,2,7.75,ssp585
hot,2084,3,7.75,ssp585
hot,2084,4,7.75,ssp585
hot,2084,5,7.74,ssp585
hot,2084,6,7.73,ssp585
hot,2084,7,7.72,ssp585
hot,2084,8,7.72,ssp585
hot,2084,9,7.72,ssp585
hot,2084,10,7.73,ssp585
hot,2084,11,7.74,ssp585
hot,2084,12,7.75,ssp585
hot,2085,1,7.75,ssp585
hot,2085,2,7.75,ssp585
hot,2085,3,7.75,ssp585
hot,2085,4,7.74,ssp585
hot,2085,5,7.73,ssp585
hot,2085,6,7.72,ssp585
hot,2085,7,7.72,ssp585
hot,2085,8,7.71,ssp585
hot,2085,9,7.71,ssp585
hot,2085,10,7.72,ssp585
hot,2085,11,7.73,ssp585
hot,2085,12,7.74,ssp585
hot,2086,1,7.74,ssp585
hot,2086,2,7.74,ssp585
hot,2086,3,7.74,ssp585
hot,2086,4,7.74,ssp585
hot,2086,5,7.73,ssp585
hot,2086,6,7.72,ssp585
hot,2086,7,7.71,ssp585
hot,2086,8,7.71,ssp585
hot,2086,9,7.71,ssp585
hot,2086,10,7.72,ssp585
hot,2086,11,7.72,ssp585
hot,2086,12,7.73,ssp585
hot,2087,1,7.74,ssp585
hot,2087,2,7.74,ssp585
hot,2087,3,7.74,ssp585
hot,2087,4,7.73,ssp585
hot,2087,5,7.72,ssp585
hot,2087,6,7.71,ssp585
hot,2087,7,7.71,ssp585
hot,2087,8,7.71,ssp585
hot,2087,9,7.71,ssp585
hot,2087,10,7.71,ssp585
hot,2087,11,7.72,ssp585
hot,2087,12,7.73,ssp585
hot,2088,1,7.73,ssp585
hot,2088,2,7.74,ssp585
hot,2088,3,7.73,ssp585
hot,2088,4,7.72,ssp585
hot,2088,5,7.72,ssp585
hot,2088,6,7.71,ssp585
hot,2088,7,7.7,ssp585
hot,2088,8,7.7,ssp585
hot,2088,9,7.7,ssp585
hot,2088,10,7.7,ssp585
hot,2088,11,7.71,ssp585
hot,2088,12,7.72,ssp585
hot,2089,1,7.73,ssp585
hot,2089,2,7.73,ssp585
hot,2089,3,7.72,ssp585
hot,2089,4,7.72,ssp585
hot,2089,5,7.71,ssp585
hot,2089,6,7.7,ssp585
hot,2089,7,7.7,ssp585
hot,2089,8,7.7,ssp585
hot,2089,9,7.7,ssp585
hot,2089,10,7.7,ssp585
hot,2089,11,7.71,ssp585
hot,2089,12,7.72,ssp585
hot,2090,1,7.72,ssp585
hot,2090,2,7.72,ssp585
hot,2090,3,7.72,ssp585
hot,2090,4,7.71,ssp585
hot,2090,5,7.71,ssp585
hot,2090,6,7.7,ssp585
hot,2090,7,7.69,ssp585
hot,2090,8,7.69,ssp585
hot,2090,9,7.69,ssp585
hot,2090,10,7.7,ssp585
hot,2090,11,7.71,ssp585
hot,2090,12,7.71,ssp585
hot,2091,1,7.72,ssp585
hot,2091,2,7.72,ssp585
hot,2091,3,7.71,ssp585
hot,2091,4,7.71,ssp585
hot,2091,5,7.7,ssp585
hot,2091,6,7.68,ssp585
hot,2091,7,7.68,ssp585
hot,2091,8,7.68,ssp585
hot,2091,9,7.68,ssp585
hot,2091,10,7.69,ssp585
hot,2091,11,7.7,ssp585
hot,2091,12,7.71,ssp585
hot,2092,1,7.71,ssp585
hot,2092,2,7.71,ssp585
hot,2092,3,7.71,ssp585
hot,2092,4,7.7,ssp585
hot,2092,5,7.69,ssp585
hot,2092,6,7.68,ssp585
hot,2092,7,7.68,ssp585
hot,2092,8,7.68,ssp585
hot,2092,9,7.68,ssp585
hot,2092,10,7.68,ssp585
hot,2092,11,7.69,ssp585
hot,2092,12,7.7,ssp585
hot,2093,1,7.7,ssp585
hot,2093,2,7.7,ssp585
hot,2093,3,7.7,ssp585
hot,2093,4,7.69,ssp585
hot,2093,5,7.68,ssp585
hot,2093,6,7.68,ssp585
hot,2093,7,7.67,ssp585
hot,2093,8,7.67,ssp585
hot,2093,9,7.67,ssp585
hot,2093,10,7.68,ssp585
hot,2093,11,7.69,ssp585
hot,2093,12,7.69,ssp585
hot,2094,1,7.7,ssp585
hot,2094,2,7.7,ssp585
hot,2094,3,7.7,ssp585
hot,2094,4,7.69,ssp585
hot,2094,5,7.68,ssp585
hot,2094,6,7.67,ssp585
hot,2094,7,7.67,ssp585
hot,2094,8,7.67,ssp585
hot,2094,9,7.67,ssp585
hot,2094,10,7.67,ssp585
hot,2094,11,7.68,ssp585
hot,2094,12,7.69,ssp585
hot,2095,1,7.69,ssp585
hot,2095,2,7.7,ssp585
hot,2095,3,7.69,ssp585
hot,2095,4,7.69,ssp585
hot,2095,5,7.68,ssp585
hot,2095,6,7.67,ssp585
hot,2095,7,7.67,ssp585
hot,2095,8,7.67,ssp585
hot,2095,9,7.67,ssp585
hot,2095,10,7.67,ssp585
hot,2095,11,7.68,ssp585
hot,2095,12,7.69,ssp585
hot,2096,1,7.69,ssp585
hot,2096,2,7.69,ssp585
hot,2096,3,7.69,ssp585
hot,2096,4,7.68,ssp585
hot,2096,5,7.67,ssp585
hot,2096,6,7.66,ssp585
hot,2096,7,7.66,ssp585
hot,2096,8,7.66,ssp585
hot,2096,9,7.66,ssp585
hot,2096,10,7.67,ssp585
hot,2096,11,7.67,ssp585
hot,2096,12,7.68,ssp585
hot,2097,1,7.68,ssp585
hot,2097,2,7.68,ssp585
hot,2097,3,7.68,ssp585
hot,2097,4,7.67,ssp585
hot,2097,5,7.66,ssp585
hot,2097,6,7.66,ssp585
hot,2097,7,7.66,ssp585
hot,2097,8,7.65,ssp585
hot,2097,9,7.65,ssp585
hot,2097,10,7.66,ssp585
hot,2097,11,7.67,ssp585
hot,2097,12,7.67,ssp585
hot,2098,1,7.68,ssp585
hot,2098,2,7.68,ssp585
hot,2098,3,7.67,ssp585
hot,2098,4,7.66,ssp585
hot,2098,5,7.66,ssp585
hot,2098,6,7.65,ssp585
hot,2098,7,7.64,ssp585
hot,2098,8,7.64,ssp585
hot,2098,9,7.64,ssp585
hot,2098,10,7.65,ssp585
hot,2098,11,7.66,ssp585
hot,2098,12,7.66,ssp585
hot,2099,1,7.67,ssp585
hot,2099,2,7.67,ssp585
hot,2099,3,7.66,ssp585
hot,2099,4,7.66,ssp585
hot,2099,5,7.65,ssp585
hot,2099,6,7.65,ssp585
hot,2099,7,7.65,ssp585
hot,2099,8,7.64,ssp585
hot,2099,9,7.64,ssp585
hot,2099,10,7.65,ssp585
hot,2099,11,7.66,ssp585
hot,2099,12,7.67,ssp585
hot,2100,1,7.67,ssp585
hot,2100,2,7.66,ssp585
hot,2100,3,7.66,ssp585
hot,2100,4,7.65,ssp585
hot,2100,5,7.65,ssp585
hot,2100,6,7.64,ssp585
hot,2100,7,7.64,ssp585
hot,2100,8,7.64,ssp585
hot,2100,9,7.64,ssp585
hot,2100,10,7.65,ssp585
hot,2100,11,7.65,ssp585
hot,2100,12,7.66,ssp585
cariaco,1850,1,8.14,historical
cariaco,1850,2,8.14,historical
cariaco,1850,3,8.14,historical
cariaco,1850,4,8.14,historical
cariaco,1850,5,8.14,historical
cariaco,1850,6,8.13,historical
cariaco,1850,7,8.13,historical
cariaco,1850,8,8.12,historical
cariaco,1850,9,8.12,historical
cariaco,1850,10,8.12,historical
cariaco,1850,11,8.12,historical
cariaco,1850,12,8.13,historical
cariaco,1851,1,8.14,historical
cariaco,1851,2,8.14,historical
cariaco,1851,3,8.14,historical
cariaco,1851,4,8.14,historical
cariaco,1851,5,8.14,historical
cariaco,1851,6,8.14,historical
cariaco,1851,7,8.13,historical
cariaco,1851,8,8.12,historical
cariaco,1851,9,8.12,historical
cariaco,1851,10,8.13,historical
cariaco,1851,11,8.13,historical
cariaco,1851,12,8.14,historical
cariaco,1852,1,8.15,historical
cariaco,1852,2,8.15,historical
cariaco,1852,3,8.14,historical
cariaco,1852,4,8.14,historical
cariaco,1852,5,8.14,historical
cariaco,1852,6,8.14,historical
cariaco,1852,7,8.13,historical
cariaco,1852,8,8.13,historical
cariaco,1852,9,8.12,historical
cariaco,1852,10,8.12,historical
cariaco,1852,11,8.13,historical
cariaco,1852,12,8.14,historical
cariaco,1853,1,8.15,historical
cariaco,1853,2,8.14,historical
cariaco,1853,3,8.15,historical
cariaco,1853,4,8.14,historical
cariaco,1853,5,8.15,historical
cariaco,1853,6,8.14,historical
cariaco,1853,7,8.13,historical
cariaco,1853,8,8.13,historical
cariaco,1853,9,8.13,historical
cariaco,1853,10,8.13,historical
cariaco,1853,11,8.13,historical
cariaco,1853,12,8.14,historical
cariaco,1854,1,8.14,historical
cariaco,1854,2,8.15,historical
cariaco,1854,3,8.15,historical
cariaco,1854,4,8.14,historical
cariaco,1854,5,8.13,historical
cariaco,1854,6,8.13,historical
cariaco,1854,7,8.13,historical
cariaco,1854,8,8.12,historical
cariaco,1854,9,8.11,historical
cariaco,1854,10,8.11,historical
cariaco,1854,11,8.12,historical
cariaco,1854,12,8.14,historical
cariaco,1855,1,8.14,historical
cariaco,1855,2,8.15,historical
cariaco,1855,3,8.14,historical
cariaco,1855,4,8.14,historical
cariaco,1855,5,8.14,historical
cariaco,1855,6,8.13,historical
cariaco,1855,7,8.13,historical
cariaco,1855,8,8.12,historical
cariaco,1855,9,8.11,historical
cariaco,1855,10,8.11,historical
cariaco,1855,11,8.12,historical
cariaco,1855,12,8.13,historical
cariaco,1856,1,8.14,historical
cariaco,1856,2,8.14,historical
cariaco,1856,3,8.14,historical
cariaco,1856,4,8.14,historical
cariaco,1856,5,8.15,historical
cariaco,1856,6,8.15,historical
cariaco,1856,7,8.14,historical
cariaco,1856,8,8.13,historical
cariaco,1856,9,8.12,historical
cariaco,1856,10,8.11,historical
cariaco,1856,11,8.12,historical
cariaco,1856,12,8.14,historical
cariaco,1857,1,8.15,historical
cariaco,1857,2,8.15,historical
cariaco,1857,3,8.15,historical
cariaco,1857,4,8.14,historical
cariaco,1857,5,8.14,historical
cariaco,1857,6,8.14,historical
cariaco,1857,7,8.13,historical
cariaco,1857,8,8.12,historical
cariaco,1857,9,8.12,historical
cariaco,1857,10,8.11,historical
cariaco,1857,11,8.12,historical
cariaco,1857,12,8.14,historical
cariaco,1858,1,8.14,historical
cariaco,1858,2,8.15,historical
cariaco,1858,3,8.15,historical
cariaco,1858,4,8.14,historical
cariaco,1858,5,8.14,historical
cariaco,1858,6,8.14,historical
cariaco,1858,7,8.14,historical
cariaco,1858,8,8.13,historical
cariaco,1858,9,8.12,historical
cariaco,1858,10,8.12,historical
cariaco,1858,11,8.12,historical
cariaco,1858,12,8.14,historical
cariaco,1859,1,8.15,historical
cariaco,1859,2,8.14,historical
cariaco,1859,3,8.14,historical
cariaco,1859,4,8.15,historical
cariaco,1859,5,8.15,historical
cariaco,1859,6,8.15,historical
cariaco,1859,7,8.14,historical
cariaco,1859,8,8.13,historical
cariaco,1859,9,8.11,historical
cariaco,1859,10,8.12,historical
cariaco,1859,11,8.12,historical
cariaco,1859,12,8.14,historical
cariaco,1860,1,8.15,historical
cariaco,1860,2,8.15,historical
cariaco,1860,3,8.16,historical
cariaco,1860,4,8.15,historical
cariaco,1860,5,8.15,historical
cariaco,1860,6,8.15,historical
cariaco,1860,7,8.14,historical
cariaco,1860,8,8.13,historical
cariaco,1860,9,8.13,historical
cariaco,1860,10,8.13,historical
cariaco,1860,11,8.13,historical
cariaco,1860,12,8.14,historical
cariaco,1861,1,8.15,historical
cariaco,1861,2,8.15,historical
cariaco,1861,3,8.15,historical
cariaco,1861,4,8.15,historical
cariaco,1861,5,8.15,historical
cariaco,1861,6,8.14,historical
cariaco,1861,7,8.14,historical
cariaco,1861,8,8.13,historical
cariaco,1861,9,8.12,historical
cariaco,1861,10,8.12,historical
cariaco,1861,11,8.13,historical
cariaco,1861,12,8.14,historical
cariaco,1862,1,8.15,historical
cariaco,1862,2,8.15,historical
cariaco,1862,3,8.15,historical
cariaco,1862,4,8.14,historical
cariaco,1862,5,8.14,historical
cariaco,1862,6,8.14,historical
cariaco,1862,7,8.13,historical
cariaco,1862,8,8.12,historical
cariaco,1862,9,8.12,historical
cariaco,1862,10,8.12,historical
cariaco,1862,11,8.12,historical
cariaco,1862,12,8.14,historical
cariaco,1863,1,8.14,historical
cariaco,1863,2,8.14,historical
cariaco,1863,3,8.14,historical
cariaco,1863,4,8.14,historical
cariaco,1863,5,8.14,historical
cariaco,1863,6,8.14,historical
cariaco,1863,7,8.13,historical
cariaco,1863,8,8.12,historical
cariaco,1863,9,8.12,historical
cariaco,1863,10,8.11,historical
cariaco,1863,11,8.12,historical
cariaco,1863,12,8.14,historical
cariaco,1864,1,8.14,historical
cariaco,1864,2,8.14,historical
cariaco,1864,3,8.14,historical
cariaco,1864,4,8.13,historical
cariaco,1864,5,8.13,historical
cariaco,1864,6,8.13,historical
cariaco,1864,7,8.12,historical
cariaco,1864,8,8.11,historical
cariaco,1864,9,8.11,historical
cariaco,1864,10,8.11,historical
cariaco,1864,11,8.11,historical
cariaco,1864,12,8.13,historical
cariaco,1865,1,8.14,historical
cariaco,1865,2,8.14,historical
cariaco,1865,3,8.15,historical
cariaco,1865,4,8.14,historical
cariaco,1865,5,8.14,historical
cariaco,1865,6,8.14,historical
cariaco,1865,7,8.13,historical
cariaco,1865,8,8.12,historical
cariaco,1865,9,8.11,historical
cariaco,1865,10,8.11,historical
cariaco,1865,11,8.12,historical
cariaco,1865,12,8.13,historical
cariaco,1866,1,8.14,historical
cariaco,1866,2,8.14,historical
cariaco,1866,3,8.14,historical
cariaco,1866,4,8.14,historical
cariaco,1866,5,8.14,historical
cariaco,1866,6,8.13,historical
cariaco,1866,7,8.12,historical
cariaco,1866,8,8.11,historical
cariaco,1866,9,8.11,historical
cariaco,1866,10,8.12,historical
cariaco,1866,11,8.12,historical
cariaco,1866,12,8.13,historical
cariaco,1867,1,8.14,historical
cariaco,1867,2,8.14,historical
cariaco,1867,3,8.14,historical
cariaco,1867,4,8.14,historical
cariaco,1867,5,8.14,historical
cariaco,1867,6,8.13,historical
cariaco,1867,7,8.13,historical
cariaco,1867,8,8.12,historical
cariaco,1867,9,8.11,historical
cariaco,1867,10,8.11,historical
cariaco,1867,11,8.12,historical
cariaco,1867,12,8.14,historical
cariaco,1868,1,8.14,historical
cariaco,1868,2,8.14,historical
cariaco,1868,3,8.13,historical
cariaco,1868,4,8.13,historical
cariaco,1868,5,8.13,historical
cariaco,1868,6,8.13,historical
cariaco,1868,7,8.12,historical
cariaco,1868,8,8.12,historical
cariaco,1868,9,8.11,historical
cariaco,1868,10,8.12,historical
cariaco,1868,11,8.12,historical
cariaco,1868,12,8.13,historical
cariaco,1869,1,8.14,historical
cariaco,1869,2,8.14,historical
cariaco,1869,3,8.14,historical
cariaco,1869,4,8.14,historical
cariaco,1869,5,8.14,historical
cariaco,1869,6,8.13,historical
cariaco,1869,7,8.13,historical
cariaco,1869,8,8.12,historical
cariaco,1869,9,8.12,historical
cariaco,1869,10,8.11,historical
cariaco,1869,11,8.12,historical
cariaco,1869,12,8.13,historical
cariaco,1870,1,8.14,historical
cariaco,1870,2,8.14,historical
cariaco,1870,3,8.14,historical
cariaco,1870,4,8.14,historical
cariaco,1870,5,8.14,historical
cariaco,1870,6,8.14,historical
cariaco,1870,7,8.14,historical
cariaco,1870,8,8.12,historical
cariaco,1870,9,8.12,historical
cariaco,1870,10,8.12,historical
cariaco,1870,11,8.13,historical
cariaco,1870,12,8.14,historical
cariaco,1871,1,8.14,historical
cariaco,1871,2,8.14,historical
cariaco,1871,3,8.14,historical
cariaco,1871,4,8.14,historical
cariaco,1871,5,8.13,historical
cariaco,1871,6,8.13,historical
cariaco,1871,7,8.13,historical
cariaco,1871,8,8.11,historical
cariaco,1871,9,8.11,historical
cariaco,1871,10,8.11,historical
cariaco,1871,11,8.11,historical
cariaco,1871,12,8.13,historical
cariaco,1872,1,8.14,historical
cariaco,1872,2,8.14,historical
cariaco,1872,3,8.14,historical
cariaco,1872,4,8.14,historical
cariaco,1872,5,8.13,historical
cariaco,1872,6,8.13,historical
cariaco,1872,7,8.12,historical
cariaco,1872,8,8.11,historical
cariaco,1872,9,8.11,historical
cariaco,1872,10,8.11,historical
cariaco,1872,11,8.11,historical
cariaco,1872,12,8.13,historical
cariaco,1873,1,8.14,historical
cariaco,1873,2,8.14,historical
cariaco,1873,3,8.14,historical
cariaco,1873,4,8.14,historical
cariaco,1873,5,8.14,historical
cariaco,1873,6,8.13,historical
cariaco,1873,7,8.13,historical
cariaco,1873,8,8.13,historical
cariaco,1873,9,8.12,historical
cariaco,1873,10,8.12,historical
cariaco,1873,11,8.12,historical
cariaco,1873,12,8.14,historical
cariaco,1874,1,8.15,historical
cariaco,1874,2,8.14,historical
cariaco,1874,3,8.13,historical
cariaco,1874,4,8.14,historical
cariaco,1874,5,8.14,historical
cariaco,1874,6,8.13,historical
cariaco,1874,7,8.12,historical
cariaco,1874,8,8.12,historical
cariaco,1874,9,8.11,historical
cariaco,1874,10,8.11,historical
cariaco,1874,11,8.12,historical
cariaco,1874,12,8.13,historical
cariaco,1875,1,8.14,historical
cariaco,1875,2,8.14,historical
cariaco,1875,3,8.13,historical
cariaco,1875,4,8.13,historical
cariaco,1875,5,8.14,historical
cariaco,1875,6,8.14,historical
cariaco,1875,7,8.13,historical
cariaco,1875,8,8.12,historical
cariaco,1875,9,8.11,historical
cariaco,1875,10,8.12,historical
cariaco,1875,11,8.13,historical
cariaco,1875,12,8.14,historical
cariaco,1876,1,8.14,historical
cariaco,1876,2,8.15,historical
cariaco,1876,3,8.14,historical
cariaco,1876,4,8.15,historical
cariaco,1876,5,8.14,historical
cariaco,1876,6,8.14,historical
cariaco,1876,7,8.13,historical
cariaco,1876,8,8.12,historical
cariaco,1876,9,8.12,historical
cariaco,1876,10,8.12,historical
cariaco,1876,11,8.13,historical
cariaco,1876,12,8.13,historical
cariaco,1877,1,8.14,historical
cariaco,1877,2,8.14,historical
cariaco,1877,3,8.14,historical
cariaco,1877,4,8.14,historical
cariaco,1877,5,8.14,historical
cariaco,1877,6,8.13,historical
cariaco,1877,7,8.13,historical
cariaco,1877,8,8.12,historical
cariaco,1877,9,8.12,historical
cariaco,1877,10,8.12,historical
cariaco,1877,11,8.12,historical
cariaco,1877,12,8.13,historical
cariaco,1878,1,8.14,historical
cariaco,1878,2,8.14,historical
cariaco,1878,3,8.14,historical
cariaco,1878,4,8.14,historical
cariaco,1878,5,8.14,historical
cariaco,1878,6,8.14,historical
cariaco,1878,7,8.13,historical
cariaco,1878,8,8.12,historical
cariaco,1878,9,8.11,historical
cariaco,1878,10,8.11,historical
cariaco,1878,11,8.12,historical
cariaco,1878,12,8.13,historical
cariaco,1879,1,8.14,historical
cariaco,1879,2,8.14,historical
cariaco,1879,3,8.14,historical
cariaco,1879,4,8.14,historical
cariaco,1879,5,8.14,historical
cariaco,1879,6,8.13,historical
cariaco,1879,7,8.13,historical
cariaco,1879,8,8.13,historical
cariaco,1879,9,8.12,historical
cariaco,1879,10,8.12,historical
cariaco,1879,11,8.12,historical
cariaco,1879,12,8.14,historical
cariaco,1880,1,8.14,historical
cariaco,1880,2,8.14,historical
cariaco,1880,3,8.13,historical
cariaco,1880,4,8.13,historical
cariaco,1880,5,8.13,historical
cariaco,1880,6,8.13,historical
cariaco,1880,7,8.12,historical
cariaco,1880,8,8.12,historical
cariaco,1880,9,8.11,historical
cariaco,1880,10,8.11,historical
cariaco,1880,11,8.11,historical
cariaco,1880,12,8.13,historical
cariaco,1881,1,8.14,historical
cariaco,1881,2,8.14,historical
cariaco,1881,3,8.14,historical
cariaco,1881,4,8.14,historical
cariaco,1881,5,8.14,historical
cariaco,1881,6,8.13,historical
cariaco,1881,7,8.12,historical
cariaco,1881,8,8.11,historical
cariaco,1881,9,8.11,historical
cariaco,1881,10,8.1,historical
cariaco,1881,11,8.11,historical
cariaco,1881,12,8.13,historical
cariaco,1882,1,8.14,historical
cariaco,1882,2,8.14,historical
cariaco,1882,3,8.14,historical
cariaco,1882,4,8.13,historical
cariaco,1882,5,8.14,historical
cariaco,1882,6,8.13,historical
cariaco,1882,7,8.12,historical
cariaco,1882,8,8.12,historical
cariaco,1882,9,8.11,historical
cariaco,1882,10,8.11,historical
cariaco,1882,11,8.12,historical
cariaco,1882,12,8.13,historical
cariaco,1883,1,8.14,historical
cariaco,1883,2,8.14,historical
cariaco,1883,3,8.14,historical
cariaco,1883,4,8.14,historical
cariaco,1883,5,8.14,historical
cariaco,1883,6,8.14,historical
cariaco,1883,7,8.13,historical
cariaco,1883,8,8.12,historical
cariaco,1883,9,8.11,historical
cariaco,1883,10,8.12,historical
cariaco,1883,11,8.12,historical
cariaco,1883,12,8.13,historical
cariaco,1884,1,8.14,historical
cariaco,1884,2,8.14,historical
cariaco,1884,3,8.13,historical
cariaco,1884,4,8.14,historical
cariaco,1884,5,8.13,historical
cariaco,1884,6,8.13,historical
cariaco,1884,7,8.13,historical
cariaco,1884,8,8.12,historical
cariaco,1884,9,8.12,historical
cariaco,1884,10,8.11,historical
cariaco,1884,11,8.12,historical
cariaco,1884,12,8.13,historical
cariaco,1885,1,8.14,historical
cariaco,1885,2,8.14,historical
cariaco,1885,3,8.14,historical
cariaco,1885,4,8.14,historical
cariaco,1885,5,8.14,historical
cariaco,1885,6,8.13,historical
cariaco,1885,7,8.13,historical
cariaco,1885,8,8.11,historical
cariaco,1885,9,8.11,historical
cariaco,1885,10,8.11,historical
cariaco,1885,11,8.11,historical
cariaco,1885,12,8.13,historical
cariaco,1886,1,8.14,historical
cariaco,1886,2,8.14,historical
cariaco,1886,3,8.14,historical
cariaco,1886,4,8.14,historical
cariaco,1886,5,8.13,historical
cariaco,1886,6,8.14,historical
cariaco,1886,7,8.13,historical
cariaco,1886,8,8.11,historical
cariaco,1886,9,8.11,historical
cariaco,1886,10,8.11,historical
cariaco,1886,11,8.12,historical
cariaco,1886,12,8.13,historical
cariaco,1887,1,8.14,historical
cariaco,1887,2,8.14,historical
cariaco,1887,3,8.13,historical
cariaco,1887,4,8.14,historical
cariaco,1887,5,8.14,historical
cariaco,1887,6,8.14,historical
cariaco,1887,7,8.13,historical
cariaco,1887,8,8.12,historical
cariaco,1887,9,8.12,historical
cariaco,1887,10,8.12,historical
cariaco,1887,11,8.13,historical
cariaco,1887,12,8.13,historical
cariaco,1888,1,8.14,historical
cariaco,1888,2,8.14,historical
cariaco,1888,3,8.14,historical
cariaco,1888,4,8.14,historical
cariaco,1888,5,8.14,historical
cariaco,1888,6,8.13,historical
cariaco,1888,7,8.13,historical
cariaco,1888,8,8.12,historical
cariaco,1888,9,8.12,historical
cariaco,1888,10,8.12,historical
cariaco,1888,11,8.12,historical
cariaco,1888,12,8.14,historical
cariaco,1889,1,8.14,historical
cariaco,1889,2,8.14,historical
cariaco,1889,3,8.14,historical
cariaco,1889,4,8.14,historical
cariaco,1889,5,8.14,historical
cariaco,1889,6,8.13,historical
cariaco,1889,7,8.13,historical
cariaco,1889,8,8.12,historical
cariaco,1889,9,8.12,historical
cariaco,1889,10,8.11,historical
cariaco,1889,11,8.12,historical
cariaco,1889,12,8.13,historical
cariaco,1890,1,8.14,historical
cariaco,1890,2,8.14,historical
cariaco,1890,3,8.14,historical
cariaco,1890,4,8.13,historical
cariaco,1890,5,8.13,historical
cariaco,1890,6,8.13,historical
cariaco,1890,7,8.13,historical
cariaco,1890,8,8.12,historical
cariaco,1890,9,8.11,historical
cariaco,1890,10,8.11,historical
cariaco,1890,11,8.12,historical
cariaco,1890,12,8.13,historical
cariaco,1891,1,8.14,historical
cariaco,1891,2,8.14,historical
cariaco,1891,3,8.14,historical
cariaco,1891,4,8.14,historical
cariaco,1891,5,8.14,historical
cariaco,1891,6,8.13,historical
cariaco,1891,7,8.13,historical
cariaco,1891,8,8.12,historical
cariaco,1891,9,8.11,historical
cariaco,1891,10,8.1,historical
cariaco,1891,11,8.11,historical
cariaco,1891,12,8.12,historical
cariaco,1892,1,8.14,historical
cariaco,1892,2,8.13,historical
cariaco,1892,3,8.13,historical
cariaco,1892,4,8.13,historical
cariaco,1892,5,8.13,historical
cariaco,1892,6,8.13,historical
cariaco,1892,7,8.12,historical
cariaco,1892,8,8.11,historical
cariaco,1892,9,8.11,historical
cariaco,1892,10,8.1,historical
cariaco,1892,11,8.11,historical
cariaco,1892,12,8.13,historical
cariaco,1893,1,8.14,historical
cariaco,1893,2,8.13,historical
cariaco,1893,3,8.13,historical
cariaco,1893,4,8.13,historical
cariaco,1893,5,8.13,historical
cariaco,1893,6,8.13,historical
cariaco,1893,7,8.13,historical
cariaco,1893,8,8.12,historical
cariaco,1893,9,8.12,historical
cariaco,1893,10,8.11,historical
cariaco,1893,11,8.11,historical
cariaco,1893,12,8.12,historical
cariaco,1894,1,8.13,historical
cariaco,1894,2,8.14,historical
cariaco,1894,3,8.14,historical
cariaco,1894,4,8.13,historical
cariaco,1894,5,8.13,historical
cariaco,1894,6,8.13,historical
cariaco,1894,7,8.12,historical
cariaco,1894,8,8.11,historical
cariaco,1894,9,8.11,historical
cariaco,1894,10,8.11,historical
cariaco,1894,11,8.11,historical
cariaco,1894,12,8.13,historical
cariaco,1895,1,8.13,historical
cariaco,1895,2,8.14,historical
cariaco,1895,3,8.13,historical
cariaco,1895,4,8.13,historical
cariaco,1895,5,8.13,historical
cariaco,1895,6,8.13,historical
cariaco,1895,7,8.11,historical
cariaco,1895,8,8.1,historical
cariaco,1895,9,8.11,historical
cariaco,1895,10,8.11,historical
cariaco,1895,11,8.11,historical
cariaco,1895,12,8.13,historical
cariaco,1896,1,8.13,historical
cariaco,1896,2,8.13,historical
cariaco,1896,3,8.13,historical
cariaco,1896,4,8.13,historical
cariaco,1896,5,8.13,historical
cariaco,1896,6,8.13,historical
cariaco,1896,7,8.12,historical
cariaco,1896,8,8.11,historical
cariaco,1896,9,8.11,historical
cariaco,1896,10,8.1,historical
cariaco,1896,11,8.11,historical
cariaco,1896,12,8.12,historical
cariaco,1897,1,8.14,historical
cariaco,1897,2,8.13,historical
cariaco,1897,3,8.13,historical
cariaco,1897,4,8.13,historical
cariaco,1897,5,8.12,historical
cariaco,1897,6,8.12,historical
cariaco,1897,7,8.12,historical
cariaco,1897,8,8.11,historical
cariaco,1897,9,8.11,historical
cariaco,1897,10,8.1,historical
cariaco,1897,11,8.11,historical
cariaco,1897,12,8.13,historical
cariaco,1898,1,8.13,historical
cariaco,1898,2,8.14,historical
cariaco,1898,3,8.13,historical
cariaco,1898,4,8.13,historical
cariaco,1898,5,8.13,historical
cariaco,1898,6,8.13,historical
cariaco,1898,7,8.12,historical
cariaco,1898,8,8.11,historical
cariaco,1898,9,8.1,historical
cariaco,1898,10,8.11,historical
cariaco,1898,11,8.11,historical
cariaco,1898,12,8.12,historical
cariaco,1899,1,8.13,historical
cariaco,1899,2,8.13,historical
cariaco,1899,3,8.13,historical
cariaco,1899,4,8.13,historical
cariaco,1899,5,8.13,historical
cariaco,1899,6,8.13,historical
cariaco,1899,7,8.12,historical
cariaco,1899,8,8.11,historical
cariaco,1899,9,8.11,historical
cariaco,1899,10,8.11,historical
cariaco,1899,11,8.11,historical
cariaco,1899,12,8.13,historical
cariaco,1900,1,8.13,historical
cariaco,1900,2,8.14,historical
cariaco,1900,3,8.14,historical
cariaco,1900,4,8.13,historical
cariaco,1900,5,8.14,historical
cariaco,1900,6,8.13,historical
cariaco,1900,7,8.13,historical
cariaco,1900,8,8.12,historical
cariaco,1900,9,8.11,historical
cariaco,1900,10,8.11,historical
cariaco,1900,11,8.12,historical
cariaco,1900,12,8.13,historical
cariaco,1901,1,8.14,historical
cariaco,1901,2,8.14,historical
cariaco,1901,3,8.14,historical
cariaco,1901,4,8.14,historical
cariaco,1901,5,8.14,historical
cariaco,1901,6,8.13,historical
cariaco,1901,7,8.13,historical
cariaco,1901,8,8.11,historical
cariaco,1901,9,8.11,historical
cariaco,1901,10,8.11,historical
cariaco,1901,11,8.12,historical
cariaco,1901,12,8.13,historical
cariaco,1902,1,8.14,historical
cariaco,1902,2,8.14,historical
cariaco,1902,3,8.14,historical
cariaco,1902,4,8.13,historical
cariaco,1902,5,8.13,historical
cariaco,1902,6,8.13,historical
cariaco,1902,7,8.13,historical
cariaco,1902,8,8.11,historical
cariaco,1902,9,8.11,historical
cariaco,1902,10,8.11,historical
cariaco,1902,11,8.12,historical
cariaco,1902,12,8.13,historical
cariaco,1903,1,8.14,historical
cariaco,1903,2,8.13,historical
cariaco,1903,3,8.14,historical
cariaco,1903,4,8.13,historical
cariaco,1903,5,8.13,historical
cariaco,1903,6,8.13,historical
cariaco,1903,7,8.13,historical
cariaco,1903,8,8.12,historical
cariaco,1903,9,8.11,historical
cariaco,1903,10,8.11,historical
cariaco,1903,11,8.12,historical
cariaco,1903,12,8.13,historical
cariaco,1904,1,8.13,historical
cariaco,1904,2,8.13,historical
cariaco,1904,3,8.13,historical
cariaco,1904,4,8.14,historical
cariaco,1904,5,8.14,historical
cariaco,1904,6,8.13,historical
cariaco,1904,7,8.13,historical
cariaco,1904,8,8.12,historical
cariaco,1904,9,8.12,historical
cariaco,1904,10,8.11,historical
cariaco,1904,11,8.11,historical
cariaco,1904,12,8.13,historical
cariaco,1905,1,8.14,historical
cariaco,1905,2,8.13,historical
cariaco,1905,3,8.13,historical
cariaco,1905,4,8.13,historical
cariaco,1905,5,8.12,historical
cariaco,1905,6,8.12,historical
cariaco,1905,7,8.12,historical
cariaco,1905,8,8.11,historical
cariaco,1905,9,8.1,historical
cariaco,1905,10,8.11,historical
cariaco,1905,11,8.11,historical
cariaco,1905,12,8.13,historical
cariaco,1906,1,8.14,historical
cariaco,1906,2,8.14,historical
cariaco,1906,3,8.14,historical
cariaco,1906,4,8.14,historical
cariaco,1906,5,8.13,historical
cariaco,1906,6,8.13,historical
cariaco,1906,7,8.13,historical
cariaco,1906,8,8.12,historical
cariaco,1906,9,8.11,historical
cariaco,1906,10,8.11,historical
cariaco,1906,11,8.12,historical
cariaco,1906,12,8.13,historical
cariaco,1907,1,8.14,historical
cariaco,1907,2,8.14,historical
cariaco,1907,3,8.14,historical
cariaco,1907,4,8.13,historical
cariaco,1907,5,8.13,historical
cariaco,1907,6,8.12,historical
cariaco,1907,7,8.11,historical
cariaco,1907,8,8.11,historical
cariaco,1907,9,8.1,historical
cariaco,1907,10,8.1,historical
cariaco,1907,11,8.11,historical
cariaco,1907,12,8.12,historical
cariaco,1908,1,8.13,historical
cariaco,1908,2,8.13,historical
cariaco,1908,3,8.13,historical
cariaco,1908,4,8.13,historical
cariaco,1908,5,8.12,historical
cariaco,1908,6,8.12,historical
cariaco,1908,7,8.11,historical
cariaco,1908,8,8.1,historical
cariaco,1908,9,8.1,historical
cariaco,1908,10,8.1,historical
cariaco,1908,11,8.1,historical
cariaco,1908,12,8.12,historical
cariaco,1909,1,8.13,historical
cariaco,1909,2,8.13,historical
cariaco,1909,3,8.13,historical
cariaco,1909,4,8.13,historical
cariaco,1909,5,8.13,historical
cariaco,1909,6,8.13,historical
cariaco,1909,7,8.12,historical
cariaco,1909,8,8.11,historical
cariaco,1909,9,8.1,historical
cariaco,1909,10,8.1,historical
cariaco,1909,11,8.11,historical
cariaco,1909,12,8.12,historical
cariaco,1910,1,8.13,historical
cariaco,1910,2,8.14,historical
cariaco,1910,3,8.14,historical
cariaco,1910,4,8.13,historical
cariaco,1910,5,8.14,historical
cariaco,1910,6,8.13,historical
cariaco,1910,7,8.12,historical
cariaco,1910,8,8.12,historical
cariaco,1910,9,8.12,historical
cariaco,1910,10,8.12,historical
cariaco,1910,11,8.12,historical
cariaco,1910,12,8.13,historical
cariaco,1911,1,8.14,historical
cariaco,1911,2,8.14,historical
cariaco,1911,3,8.13,historical
cariaco,1911,4,8.13,historical
cariaco,1911,5,8.12,historical
cariaco,1911,6,8.12,historical
cariaco,1911,7,8.12,historical
cariaco,1911,8,8.11,historical
cariaco,1911,9,8.11,historical
cariaco,1911,10,8.1,historical
cariaco,1911,11,8.11,historical
cariaco,1911,12,8.13,historical
cariaco,1912,1,8.13,historical
cariaco,1912,2,8.13,historical
cariaco,1912,3,8.13,historical
cariaco,1912,4,8.13,historical
cariaco,1912,5,8.13,historical
cariaco,1912,6,8.13,historical
cariaco,1912,7,8.13,historical
cariaco,1912,8,8.12,historical
cariaco,1912,9,8.11,historical
cariaco,1912,10,8.1,historical
cariaco,1912,11,8.12,historical
cariaco,1912,12,8.13,historical
cariaco,1913,1,8.14,historical
cariaco,1913,2,8.14,historical
cariaco,1913,3,8.13,historical
cariaco,1913,4,8.14,historical
cariaco,1913,5,8.13,historical
cariaco,1913,6,8.13,historical
cariaco,1913,7,8.13,historical
cariaco,1913,8,8.12,historical
cariaco,1913,9,8.12,historical
cariaco,1913,10,8.11,historical
cariaco,1913,11,8.11,historical
cariaco,1913,12,8.12,historical
cariaco,1914,1,8.13,historical
cariaco,1914,2,8.14,historical
cariaco,1914,3,8.12,historical
cariaco,1914,4,8.13,historical
cariaco,1914,5,8.13,historical
cariaco,1914,6,8.13,historical
cariaco,1914,7,8.12,historical
cariaco,1914,8,8.11,historical
cariaco,1914,9,8.11,historical
cariaco,1914,10,8.1,historical
cariaco,1914,11,8.11,historical
cariaco,1914,12,8.12,historical
cariaco,1915,1,8.13,historical
cariaco,1915,2,8.13,historical
cariaco,1915,3,8.13,historical
cariaco,1915,4,8.13,historical
cariaco,1915,5,8.13,historical
cariaco,1915,6,8.13,historical
cariaco,1915,7,8.12,historical
cariaco,1915,8,8.1,historical
cariaco,1915,9,8.1,historical
cariaco,1915,10,8.1,historical
cariaco,1915,11,8.1,historical
cariaco,1915,12,8.12,historical
cariaco,1916,1,8.13,historical
cariaco,1916,2,8.13,historical
cariaco,1916,3,8.13,historical
cariaco,1916,4,8.13,historical
cariaco,1916,5,8.13,historical
cariaco,1916,6,8.13,historical
cariaco,1916,7,8.11,historical
cariaco,1916,8,8.11,historical
cariaco,1916,9,8.09,historical
cariaco,1916,10,8.09,historical
cariaco,1916,11,8.1,historical
cariaco,1916,12,8.12,historical
cariaco,1917,1,8.13,historical
cariaco,1917,2,8.13,historical
cariaco,1917,3,8.13,historical
cariaco,1917,4,8.12,historical
cariaco,1917,5,8.12,historical
cariaco,1917,6,8.12,historical
cariaco,1917,7,8.11,historical
cariaco,1917,8,8.1,historical
cariaco,1917,9,8.09,historical
cariaco,1917,10,8.1,historical
cariaco,1917,11,8.11,historical
cariaco,1917,12,8.12,historical
cariaco,1918,1,8.12,historical
cariaco,1918,2,8.13,historical
cariaco,1918,3,8.12,historical
cariaco,1918,4,8.12,historical
cariaco,1918,5,8.12,historical
cariaco,1918,6,8.12,historical
cariaco,1918,7,8.11,historical
cariaco,1918,8,8.1,historical
cariaco,1918,9,8.1,historical
cariaco,1918,10,8.1,historical
cariaco,1918,11,8.11,historical
cariaco,1918,12,8.12,historical
cariaco,1919,1,8.13,historical
cariaco,1919,2,8.13,historical
cariaco,1919,3,8.13,historical
cariaco,1919,4,8.12,historical
cariaco,1919,5,8.13,historical
cariaco,1919,6,8.13,historical
cariaco,1919,7,8.12,historical
cariaco,1919,8,8.11,historical
cariaco,1919,9,8.11,historical
cariaco,1919,10,8.1,historical
cariaco,1919,11,8.1,historical
cariaco,1919,12,8.12,historical
cariaco,1920,1,8.13,historical
cariaco,1920,2,8.13,historical
cariaco,1920,3,8.12,historical
cariaco,1920,4,8.12,historical
cariaco,1920,5,8.12,historical
cariaco,1920,6,8.12,historical
cariaco,1920,7,8.11,historical
cariaco,1920,8,8.1,historical
cariaco,1920,9,8.1,historical
cariaco,1920,10,8.1,historical
cariaco,1920,11,8.1,historical
cariaco,1920,12,8.12,historical
cariaco,1921,1,8.13,historical
cariaco,1921,2,8.13,historical
cariaco,1921,3,8.12,historical
cariaco,1921,4,8.13,historical
cariaco,1921,5,8.12,historical
cariaco,1921,6,8.11,historical
cariaco,1921,7,8.11,historical
cariaco,1921,8,8.1,historical
cariaco,1921,9,8.1,historical
cariaco,1921,10,8.1,historical
cariaco,1921,11,8.1,historical
cariaco,1921,12,8.12,historical
cariaco,1922,1,8.13,historical
cariaco,1922,2,8.13,historical
cariaco,1922,3,8.13,historical
cariaco,1922,4,8.12,historical
cariaco,1922,5,8.11,historical
cariaco,1922,6,8.12,historical
cariaco,1922,7,8.12,historical
cariaco,1922,8,8.11,historical
cariaco,1922,9,8.1,historical
cariaco,1922,10,8.1,historical
cariaco,1922,11,8.11,historical
cariaco,1922,12,8.12,historical
cariaco,1923,1,8.13,historical
cariaco,1923,2,8.13,historical
cariaco,1923,3,8.13,historical
cariaco,1923,4,8.12,historical
cariaco,1923,5,8.12,historical
cariaco,1923,6,8.12,historical
cariaco,1923,7,8.12,historical
cariaco,1923,8,8.11,historical
cariaco,1923,9,8.1,historical
cariaco,1923,10,8.1,historical
cariaco,1923,11,8.11,historical
cariaco,1923,12,8.12,historical
cariaco,1924,1,8.13,historical
cariaco,1924,2,8.13,historical
cariaco,1924,3,8.12,historical
cariaco,1924,4,8.12,historical
cariaco,1924,5,8.12,historical
cariaco,1924,6,8.11,historical
cariaco,1924,7,8.11,historical
cariaco,1924,8,8.09,historical
cariaco,1924,9,8.09,historical
cariaco,1924,10,8.09,historical
cariaco,1924,11,8.1,historical
cariaco,1924,12,8.12,historical
cariaco,1925,1,8.13,historical
cariaco,1925,2,8.13,historical
cariaco,1925,3,8.13,historical
cariaco,1925,4,8.12,historical
cariaco,1925,5,8.13,historical
cariaco,1925,6,8.13,historical
cariaco,1925,7,8.12,historical
cariaco,1925,8,8.11,historical
cariaco,1925,9,8.1,historical
cariaco,1925,10,8.1,historical
cariaco,1925,11,8.1,historical
cariaco,1925,12,8.11,historical
cariaco,1926,1,8.13,historical
cariaco,1926,2,8.13,historical
cariaco,1926,3,8.13,historical
cariaco,1926,4,8.12,historical
cariaco,1926,5,8.13,historical
cariaco,1926,6,8.12,historical
cariaco,1926,7,8.12,historical
cariaco,1926,8,8.1,historical
cariaco,1926,9,8.1,historical
cariaco,1926,10,8.11,historical
cariaco,1926,11,8.1,historical
cariaco,1926,12,8.12,historical
cariaco,1927,1,8.13,historical
cariaco,1927,2,8.13,historical
cariaco,1927,3,8.12,historical
cariaco,1927,4,8.13,historical
cariaco,1927,5,8.13,historical
cariaco,1927,6,8.12,historical
cariaco,1927,7,8.11,historical
cariaco,1927,8,8.1,historical
cariaco,1927,9,8.1,historical
cariaco,1927,10,8.1,historical
cariaco,1927,11,8.1,historical
cariaco,1927,12,8.11,historical
cariaco,1928,1,8.12,historical
cariaco,1928,2,8.13,historical
cariaco,1928,3,8.13,historical
cariaco,1928,4,8.13,historical
cariaco,1928,5,8.13,historical
cariaco,1928,6,8.12,historical
cariaco,1928,7,8.12,historical
cariaco,1928,8,8.11,historical
cariaco,1928,9,8.1,historical
cariaco,1928,10,8.1,historical
cariaco,1928,11,8.1,historical
cariaco,1928,12,8.11,historical
cariaco,1929,1,8.13,historical
cariaco,1929,2,8.13,historical
cariaco,1929,3,8.12,historical
cariaco,1929,4,8.11,historical
cariaco,1929,5,8.11,historical
cariaco,1929,6,8.1,historical
cariaco,1929,7,8.1,historical
cariaco,1929,8,8.09,historical
cariaco,1929,9,8.09,historical
cariaco,1929,10,8.09,historical
cariaco,1929,11,8.1,historical
cariaco,1929,12,8.11,historical
cariaco,1930,1,8.12,historical
cariaco,1930,2,8.12,historical
cariaco,1930,3,8.12,historical
cariaco,1930,4,8.11,historical
cariaco,1930,5,8.11,historical
cariaco,1930,6,8.1,historical
cariaco,1930,7,8.1,historical
cariaco,1930,8,8.09,historical
cariaco,1930,9,8.09,historical
cariaco,1930,10,8.08,historical
cariaco,1930,11,8.09,historical
cariaco,1930,12,8.11,historical
cariaco,1931,1,8.12,historical
cariaco,1931,2,8.12,historical
cariaco,1931,3,8.12,historical
cariaco,1931,4,8.12,historical
cariaco,1931,5,8.12,historical
cariaco,1931,6,8.11,historical
cariaco,1931,7,8.11,historical
cariaco,1931,8,8.09,historical
cariaco,1931,9,8.09,historical
cariaco,1931,10,8.09,historical
cariaco,1931,11,8.1,historical
cariaco,1931,12,8.11,historical
cariaco,1932,1,8.12,historical
cariaco,1932,2,8.12,historical
cariaco,1932,3,8.12,historical
cariaco,1932,4,8.13,historical
cariaco,1932,5,8.13,historical
cariaco,1932,6,8.12,historical
cariaco,1932,7,8.1,historical
cariaco,1932,8,8.1,historical
cariaco,1932,9,8.1,historical
cariaco,1932,10,8.1,historical
cariaco,1932,11,8.1,historical
cariaco,1932,12,8.12,historical
cariaco,1933,1,8.12,historical
cariaco,1933,2,8.13,historical
cariaco,1933,3,8.13,historical
cariaco,1933,4,8.12,historical
cariaco,1933,5,8.12,historical
cariaco,1933,6,8.13,historical
cariaco,1933,7,8.12,historical
cariaco,1933,8,8.1,historical
cariaco,1933,9,8.11,historical
cariaco,1933,10,8.1,historical
cariaco,1933,11,8.1,historical
cariaco,1933,12,8.12,historical
cariaco,1934,1,8.12,historical
cariaco,1934,2,8.12,historical
cariaco,1934,3,8.12,historical
cariaco,1934,4,8.12,historical
cariaco,1934,5,8.13,historical
cariaco,1934,6,8.12,historical
cariaco,1934,7,8.12,historical
cariaco,1934,8,8.11,historical
cariaco,1934,9,8.11,historical
cariaco,1934,10,8.1,historical
cariaco,1934,11,8.1,historical
cariaco,1934,12,8.12,historical
cariaco,1935,1,8.13,historical
cariaco,1935,2,8.13,historical
cariaco,1935,3,8.12,historical
cariaco,1935,4,8.12,historical
cariaco,1935,5,8.13,historical
cariaco,1935,6,8.13,historical
cariaco,1935,7,8.12,historical
cariaco,1935,8,8.11,historical
cariaco,1935,9,8.1,historical
cariaco,1935,10,8.1,historical
cariaco,1935,11,8.11,historical
cariaco,1935,12,8.12,historical
cariaco,1936,1,8.13,historical
cariaco,1936,2,8.13,historical
cariaco,1936,3,8.12,historical
cariaco,1936,4,8.12,historical
cariaco,1936,5,8.11,historical
cariaco,1936,6,8.11,historical
cariaco,1936,7,8.11,historical
cariaco,1936,8,8.11,historical
cariaco,1936,9,8.09,historical
cariaco,1936,10,8.09,historical
cariaco,1936,11,8.1,historical
cariaco,1936,12,8.12,historical
cariaco,1937,1,8.12,historical
cariaco,1937,2,8.12,historical
cariaco,1937,3,8.12,historical
cariaco,1937,4,8.11,historical
cariaco,1937,5,8.12,historical
cariaco,1937,6,8.11,historical
cariaco,1937,7,8.11,historical
cariaco,1937,8,8.1,historical
cariaco,1937,9,8.1,historical
cariaco,1937,10,8.1,historical
cariaco,1937,11,8.1,historical
cariaco,1937,12,8.12,historical
cariaco,1938,1,8.12,historical
cariaco,1938,2,8.12,historical
cariaco,1938,3,8.12,historical
cariaco,1938,4,8.11,historical
cariaco,1938,5,8.11,historical
cariaco,1938,6,8.11,historical
cariaco,1938,7,8.1,historical
cariaco,1938,8,8.09,historical
cariaco,1938,9,8.09,historical
cariaco,1938,10,8.09,historical
cariaco,1938,11,8.1,historical
cariaco,1938,12,8.11,historical
cariaco,1939,1,8.12,historical
cariaco,1939,2,8.12,historical
cariaco,1939,3,8.12,historical
cariaco,1939,4,8.12,historical
cariaco,1939,5,8.12,historical
cariaco,1939,6,8.11,historical
cariaco,1939,7,8.11,historical
cariaco,1939,8,8.09,historical
cariaco,1939,9,8.09,historical
cariaco,1939,10,8.09,historical
cariaco,1939,11,8.1,historical
cariaco,1939,12,8.11,historical
cariaco,1940,1,8.12,historical
cariaco,1940,2,8.12,historical
cariaco,1940,3,8.12,historical
cariaco,1940,4,8.12,historical
cariaco,1940,5,8.12,historical
cariaco,1940,6,8.11,historical
cariaco,1940,7,8.11,historical
cariaco,1940,8,8.1,historical
cariaco,1940,9,8.1,historical
cariaco,1940,10,8.1,historical
cariaco,1940,11,8.1,historical
cariaco,1940,12,8.11,historical
cariaco,1941,1,8.12,historical
cariaco,1941,2,8.11,historical
cariaco,1941,3,8.12,historical
cariaco,1941,4,8.12,historical
cariaco,1941,5,8.12,historical
cariaco,1941,6,8.12,historical
cariaco,1941,7,8.11,historical
cariaco,1941,8,8.1,historical
cariaco,1941,9,8.1,historical
cariaco,1941,10,8.11,historical
cariaco,1941,11,8.11,historical
cariaco,1941,12,8.12,historical
cariaco,1942,1,8.12,historical
cariaco,1942,2,8.12,historical
cariaco,1942,3,8.12,historical
cariaco,1942,4,8.11,historical
cariaco,1942,5,8.11,historical
cariaco,1942,6,8.11,historical
cariaco,1942,7,8.1,historical
cariaco,1942,8,8.1,historical
cariaco,1942,9,8.1,historical
cariaco,1942,10,8.09,historical
cariaco,1942,11,8.1,historical
cariaco,1942,12,8.12,historical
cariaco,1943,1,8.12,historical
cariaco,1943,2,8.12,historical
cariaco,1943,3,8.11,historical
cariaco,1943,4,8.12,historical
cariaco,1943,5,8.11,historical
cariaco,1943,6,8.1,historical
cariaco,1943,7,8.1,historical
cariaco,1943,8,8.1,historical
cariaco,1943,9,8.09,historical
cariaco,1943,10,8.09,historical
cariaco,1943,11,8.1,historical
cariaco,1943,12,8.11,historical
cariaco,1944,1,8.12,historical
cariaco,1944,2,8.12,historical
cariaco,1944,3,8.12,historical
cariaco,1944,4,8.12,historical
cariaco,1944,5,8.11,historical
cariaco,1944,6,8.11,historical
cariaco,1944,7,8.1,historical
cariaco,1944,8,8.09,historical
cariaco,1944,9,8.09,historical
cariaco,1944,10,8.09,historical
cariaco,1944,11,8.09,historical
cariaco,1944,12,8.11,historical
cariaco,1945,1,8.12,historical
cariaco,1945,2,8.12,historical
cariaco,1945,3,8.12,historical
cariaco,1945,4,8.12,historical
cariaco,1945,5,8.11,historical
cariaco,1945,6,8.11,historical
cariaco,1945,7,8.11,historical
cariaco,1945,8,8.1,historical
cariaco,1945,9,8.1,historical
cariaco,1945,10,8.09,historical
cariaco,1945,11,8.1,historical
cariaco,1945,12,8.12,historical
cariaco,1946,1,8.12,historical
cariaco,1946,2,8.12,historical
cariaco,1946,3,8.12,historical
cariaco,1946,4,8.12,historical
cariaco,1946,5,8.11,historical
cariaco,1946,6,8.12,historical
cariaco,1946,7,8.11,historical
cariaco,1946,8,8.1,historical
cariaco,1946,9,8.1,historical
cariaco,1946,10,8.09,historical
cariaco,1946,11,8.1,historical
cariaco,1946,12,8.11,historical
cariaco,1947,1,8.12,historical
cariaco,1947,2,8.12,historical
cariaco,1947,3,8.12,historical
cariaco,1947,4,8.11,historical
cariaco,1947,5,8.11,historical
cariaco,1947,6,8.11,historical
cariaco,1947,7,8.1,historical
cariaco,1947,8,8.1,historical
cariaco,1947,9,8.09,historical
cariaco,1947,10,8.09,historical
cariaco,1947,11,8.09,historical
cariaco,1947,12,8.11,historical
cariaco,1948,1,8.11,historical
cariaco,1948,2,8.12,historical
cariaco,1948,3,8.12,historical
cariaco,1948,4,8.11,historical
cariaco,1948,5,8.11,historical
cariaco,1948,6,8.11,historical
cariaco,1948,7,8.1,historical
cariaco,1948,8,8.09,historical
cariaco,1948,9,8.08,historical
cariaco,1948,10,8.08,historical
cariaco,1948,11,8.09,historical
cariaco,1948,12,8.11,historical
cariaco,1949,1,8.12,historical
cariaco,1949,2,8.12,historical
cariaco,1949,3,8.11,historical
cariaco,1949,4,8.11,historical
cariaco,1949,5,8.11,historical
cariaco,1949,6,8.11,historical
cariaco,1949,7,8.1,historical
cariaco,1949,8,8.09,historical
cariaco,1949,9,8.09,historical
cariaco,1949,10,8.1,historical
cariaco,1949,11,8.09,historical
cariaco,1949,12,8.11,historical
cariaco,1950,1,8.12,historical
cariaco,1950,2,8.12,historical
cariaco,1950,3,8.12,historical
cariaco,1950,4,8.11,historical
cariaco,1950,5,8.12,historical
cariaco,1950,6,8.11,historical
cariaco,1950,7,8.11,historical
cariaco,1950,8,8.1,historical
cariaco,1950,9,8.09,historical
cariaco,1950,10,8.09,historical
cariaco,1950,11,8.1,historical
cariaco,1950,12,8.12,historical
cariaco,1951,1,8.12,historical
cariaco,1951,2,8.12,historical
cariaco,1951,3,8.12,historical
cariaco,1951,4,8.12,historical
cariaco,1951,5,8.12,historical
cariaco,1951,6,8.11,historical
cariaco,1951,7,8.11,historical
cariaco,1951,8,8.1,historical
cariaco,1951,9,8.1,historical
cariaco,1951,10,8.09,historical
cariaco,1951,11,8.1,historical
cariaco,1951,12,8.11,historical
cariaco,1952,1,8.12,historical
cariaco,1952,2,8.12,historical
cariaco,1952,3,8.12,historical
cariaco,1952,4,8.11,historical
cariaco,1952,5,8.11,historical
cariaco,1952,6,8.1,historical
cariaco,1952,7,8.1,historical
cariaco,1952,8,8.1,historical
cariaco,1952,9,8.1,historical
cariaco,1952,10,8.09,historical
cariaco,1952,11,8.1,historical
cariaco,1952,12,8.11,historical
cariaco,1953,1,8.12,historical
cariaco,1953,2,8.12,historical
cariaco,1953,3,8.11,historical
cariaco,1953,4,8.11,historical
cariaco,1953,5,8.12,historical
cariaco,1953,6,8.11,historical
cariaco,1953,7,8.11,historical
cariaco,1953,8,8.1,historical
cariaco,1953,9,8.09,historical
cariaco,1953,10,8.08,historical
cariaco,1953,11,8.09,historical
cariaco,1953,12,8.11,historical
cariaco,1954,1,8.12,historical
cariaco,1954,2,8.12,historical
cariaco,1954,3,8.11,historical
cariaco,1954,4,8.11,historical
cariaco,1954,5,8.11,historical
cariaco,1954,6,8.11,historical
cariaco,1954,7,8.1,historical
cariaco,1954,8,8.09,historical
cariaco,1954,9,8.09,historical
cariaco,1954,10,8.09,historical
cariaco,1954,11,8.09,historical
cariaco,1954,12,8.11,historical
cariaco,1955,1,8.11,historical
cariaco,1955,2,8.11,historical
cariaco,1955,3,8.12,historical
cariaco,1955,4,8.11,historical
cariaco,1955,5,8.11,historical
cariaco,1955,6,8.1,historical
cariaco,1955,7,8.1,historical
cariaco,1955,8,8.09,historical
cariaco,1955,9,8.09,historical
cariaco,1955,10,8.08,historical
cariaco,1955,11,8.09,historical
cariaco,1955,12,8.11,historical
cariaco,1956,1,8.12,historical
cariaco,1956,2,8.12,historical
cariaco,1956,3,8.12,historical
cariaco,1956,4,8.12,historical
cariaco,1956,5,8.12,historical
cariaco,1956,6,8.12,historical
cariaco,1956,7,8.11,historical
cariaco,1956,8,8.09,historical
cariaco,1956,9,8.09,historical
cariaco,1956,10,8.09,historical
cariaco,1956,11,8.1,historical
cariaco,1956,12,8.11,historical
cariaco,1957,1,8.12,historical
cariaco,1957,2,8.12,historical
cariaco,1957,3,8.12,historical
cariaco,1957,4,8.12,historical
cariaco,1957,5,8.12,historical
cariaco,1957,6,8.12,historical
cariaco,1957,7,8.1,historical
cariaco,1957,8,8.09,historical
cariaco,1957,9,8.09,historical
cariaco,1957,10,8.09,historical
cariaco,1957,11,8.1,historical
cariaco,1957,12,8.11,historical
cariaco,1958,1,8.12,historical
cariaco,1958,2,8.12,historical
cariaco,1958,3,8.13,historical
cariaco,1958,4,8.12,historical
cariaco,1958,5,8.12,historical
cariaco,1958,6,8.12,historical
cariaco,1958,7,8.11,historical
cariaco,1958,8,8.1,historical
cariaco,1958,9,8.1,historical
cariaco,1958,10,8.09,historical
cariaco,1958,11,8.09,historical
cariaco,1958,12,8.11,historical
cariaco,1959,1,8.12,historical
cariaco,1959,2,8.12,historical
cariaco,1959,3,8.12,historical
cariaco,1959,4,8.12,historical
cariaco,1959,5,8.12,historical
cariaco,1959,6,8.11,historical
cariaco,1959,7,8.11,historical
cariaco,1959,8,8.09,historical
cariaco,1959,9,8.09,historical
cariaco,1959,10,8.09,historical
cariaco,1959,11,8.1,historical
cariaco,1959,12,8.11,historical
cariaco,1960,1,8.11,historical
cariaco,1960,2,8.11,historical
cariaco,1960,3,8.11,historical
cariaco,1960,4,8.1,historical
cariaco,1960,5,8.11,historical
cariaco,1960,6,8.1,historical
cariaco,1960,7,8.1,historical
cariaco,1960,8,8.09,historical
cariaco,1960,9,8.1,historical
cariaco,1960,10,8.1,historical
cariaco,1960,11,8.1,historical
cariaco,1960,12,8.11,historical
cariaco,1961,1,8.11,historical
cariaco,1961,2,8.12,historical
cariaco,1961,3,8.11,historical
cariaco,1961,4,8.12,historical
cariaco,1961,5,8.11,historical
cariaco,1961,6,8.11,historical
cariaco,1961,7,8.1,historical
cariaco,1961,8,8.09,historical
cariaco,1961,9,8.08,historical
cariaco,1961,10,8.08,historical
cariaco,1961,11,8.09,historical
cariaco,1961,12,8.1,historical
cariaco,1962,1,8.11,historical
cariaco,1962,2,8.12,historical
cariaco,1962,3,8.12,historical
cariaco,1962,4,8.11,historical
cariaco,1962,5,8.11,historical
cariaco,1962,6,8.11,historical
cariaco,1962,7,8.1,historical
cariaco,1962,8,8.09,historical
cariaco,1962,9,8.08,historical
cariaco,1962,10,8.08,historical
cariaco,1962,11,8.09,historical
cariaco,1962,12,8.1,historical
cariaco,1963,1,8.11,historical
cariaco,1963,2,8.11,historical
cariaco,1963,3,8.11,historical
cariaco,1963,4,8.11,historical
cariaco,1963,5,8.12,historical
cariaco,1963,6,8.11,historical
cariaco,1963,7,8.1,historical
cariaco,1963,8,8.09,historical
cariaco,1963,9,8.09,historical
cariaco,1963,10,8.09,historical
cariaco,1963,11,8.09,historical
cariaco,1963,12,8.1,historical
cariaco,1964,1,8.11,historical
cariaco,1964,2,8.12,historical
cariaco,1964,3,8.11,historical
cariaco,1964,4,8.12,historical
cariaco,1964,5,8.11,historical
cariaco,1964,6,8.12,historical
cariaco,1964,7,8.11,historical
cariaco,1964,8,8.1,historical
cariaco,1964,9,8.09,historical
cariaco,1964,10,8.1,historical
cariaco,1964,11,8.09,historical
cariaco,1964,12,8.1,historical
cariaco,1965,1,8.12,historical
cariaco,1965,2,8.11,historical
cariaco,1965,3,8.11,historical
cariaco,1965,4,8.11,historical
cariaco,1965,5,8.11,historical
cariaco,1965,6,8.11,historical
cariaco,1965,7,8.1,historical
cariaco,1965,8,8.09,historical
cariaco,1965,9,8.09,historical
cariaco,1965,10,8.09,historical
cariaco,1965,11,8.09,historical
cariaco,1965,12,8.11,historical
cariaco,1966,1,8.11,historical
cariaco,1966,2,8.11,historical
cariaco,1966,3,8.11,historical
cariaco,1966,4,8.11,historical
cariaco,1966,5,8.11,historical
cariaco,1966,6,8.1,historical
cariaco,1966,7,8.1,historical
cariaco,1966,8,8.09,historical
cariaco,1966,9,8.09,historical
cariaco,1966,10,8.09,historical
cariaco,1966,11,8.09,historical
cariaco,1966,12,8.1,historical
cariaco,1967,1,8.11,historical
cariaco,1967,2,8.11,historical
cariaco,1967,3,8.11,historical
cariaco,1967,4,8.1,historical
cariaco,1967,5,8.11,historical
cariaco,1967,6,8.1,historical
cariaco,1967,7,8.1,historical
cariaco,1967,8,8.09,historical
cariaco,1967,9,8.08,historical
cariaco,1967,10,8.08,historical
cariaco,1967,11,8.1,historical
cariaco,1967,12,8.11,historical
cariaco,1968,1,8.11,historical
cariaco,1968,2,8.11,historical
cariaco,1968,3,8.11,historical
cariaco,1968,4,8.11,historical
cariaco,1968,5,8.1,historical
cariaco,1968,6,8.1,historical
cariaco,1968,7,8.09,historical
cariaco,1968,8,8.08,historical
cariaco,1968,9,8.08,historical
cariaco,1968,10,8.08,historical
cariaco,1968,11,8.09,historical
cariaco,1968,12,8.1,historical
cariaco,1969,1,8.11,historical
cariaco,1969,2,8.11,historical
cariaco,1969,3,8.11,historical
cariaco,1969,4,8.1,historical
cariaco,1969,5,8.11,historical
cariaco,1969,6,8.11,historical
cariaco,1969,7,8.1,historical
cariaco,1969,8,8.09,historical
cariaco,1969,9,8.09,historical
cariaco,1969,10,8.08,historical
cariaco,1969,11,8.09,historical
cariaco,1969,12,8.1,historical
cariaco,1970,1,8.11,historical
cariaco,1970,2,8.11,historical
cariaco,1970,3,8.11,historical
cariaco,1970,4,8.11,historical
cariaco,1970,5,8.1,historical
cariaco,1970,6,8.11,historical
cariaco,1970,7,8.1,historical
cariaco,1970,8,8.09,historical
cariaco,1970,9,8.08,historical
cariaco,1970,10,8.08,historical
cariaco,1970,11,8.09,historical
cariaco,1970,12,8.1,historical
cariaco,1971,1,8.11,historical
cariaco,1971,2,8.11,historical
cariaco,1971,3,8.11,historical
cariaco,1971,4,8.1,historical
cariaco,1971,5,8.1,historical
cariaco,1971,6,8.1,historical
cariaco,1971,7,8.09,historical
cariaco,1971,8,8.09,historical
cariaco,1971,9,8.08,historical
cariaco,1971,10,8.08,historical
cariaco,1971,11,8.09,historical
cariaco,1971,12,8.1,historical
cariaco,1972,1,8.11,historical
cariaco,1972,2,8.11,historical
cariaco,1972,3,8.11,historical
cariaco,1972,4,8.11,historical
cariaco,1972,5,8.11,historical
cariaco,1972,6,8.1,historical
cariaco,1972,7,8.1,historical
cariaco,1972,8,8.09,historical
cariaco,1972,9,8.08,historical
cariaco,1972,10,8.08,historical
cariaco,1972,11,8.09,historical
cariaco,1972,12,8.1,historical
cariaco,1973,1,8.11,historical
cariaco,1973,2,8.11,historical
cariaco,1973,3,8.11,historical
cariaco,1973,4,8.1,historical
cariaco,1973,5,8.1,historical
cariaco,1973,6,8.1,historical
cariaco,1973,7,8.09,historical
cariaco,1973,8,8.08,historical
cariaco,1973,9,8.08,historical
cariaco,1973,10,8.07,historical
cariaco,1973,11,8.08,historical
cariaco,1973,12,8.1,historical
cariaco,1974,1,8.11,historical
cariaco,1974,2,8.11,historical
cariaco,1974,3,8.1,historical
cariaco,1974,4,8.1,historical
cariaco,1974,5,8.1,historical
cariaco,1974,6,8.1,historical
cariaco,1974,7,8.09,historical
cariaco,1974,8,8.08,historical
cariaco,1974,9,8.08,historical
cariaco,1974,10,8.07,historical
cariaco,1974,11,8.08,historical
cariaco,1974,12,8.1,historical
cariaco,1975,1,8.11,historical
cariaco,1975,2,8.11,historical
cariaco,1975,3,8.11,historical
cariaco,1975,4,8.1,historical
cariaco,1975,5,8.1,historical
cariaco,1975,6,8.09,historical
cariaco,1975,7,8.09,historical
cariaco,1975,8,8.08,historical
cariaco,1975,9,8.08,historical
cariaco,1975,10,8.08,historical
cariaco,1975,11,8.08,historical
cariaco,1975,12,8.09,historical
cariaco,1976,1,8.11,historical
cariaco,1976,2,8.11,historical
cariaco,1976,3,8.1,historical
cariaco,1976,4,8.1,historical
cariaco,1976,5,8.09,historical
cariaco,1976,6,8.09,historical
cariaco,1976,7,8.08,historical
cariaco,1976,8,8.07,historical
cariaco,1976,9,8.07,historical
cariaco,1976,10,8.07,historical
cariaco,1976,11,8.08,historical
cariaco,1976,12,8.09,historical
cariaco,1977,1,8.1,historical
cariaco,1977,2,8.11,historical
cariaco,1977,3,8.1,historical
cariaco,1977,4,8.11,historical
cariaco,1977,5,8.1,historical
cariaco,1977,6,8.1,historical
cariaco,1977,7,8.09,historical
cariaco,1977,8,8.08,historical
cariaco,1977,9,8.08,historical
cariaco,1977,10,8.07,historical
cariaco,1977,11,8.08,historical
cariaco,1977,12,8.09,historical
cariaco,1978,1,8.11,historical
cariaco,1978,2,8.1,historical
cariaco,1978,3,8.11,historical
cariaco,1978,4,8.09,historical
cariaco,1978,5,8.1,historical
cariaco,1978,6,8.1,historical
cariaco,1978,7,8.09,historical
cariaco,1978,8,8.08,historical
cariaco,1978,9,8.07,historical
cariaco,1978,10,8.07,historical
cariaco,1978,11,8.08,historical
cariaco,1978,12,8.09,historical
cariaco,1979,1,8.1,historical
cariaco,1979,2,8.1,historical
cariaco,1979,3,8.1,historical
cariaco,1979,4,8.09,historical
cariaco,1979,5,8.09,historical
cariaco,1979,6,8.09,historical
cariaco,1979,7,8.09,historical
cariaco,1979,8,8.08,historical
cariaco,1979,9,8.08,historical
cariaco,1979,10,8.07,historical
cariaco,1979,11,8.08,historical
cariaco,1979,12,8.09,historical
cariaco,1980,1,8.1,historical
cariaco,1980,2,8.1,historical
cariaco,1980,3,8.09,historical
cariaco,1980,4,8.09,historical
cariaco,1980,5,8.09,historical
cariaco,1980,6,8.09,historical
cariaco,1980,7,8.08,historical
cariaco,1980,8,8.08,historical
cariaco,1980,9,8.08,historical
cariaco,1980,10,8.07,historical
cariaco,1980,11,8.08,historical
cariaco,1980,12,8.09,historical
cariaco,1981,1,8.1,historical
cariaco,1981,2,8.1,historical
cariaco,1981,3,8.1,historical
cariaco,1981,4,8.09,historical
cariaco,1981,5,8.09,historical
cariaco,1981,6,8.09,historical
cariaco,1981,7,8.09,historical
cariaco,1981,8,8.08,historical
cariaco,1981,9,8.07,historical
cariaco,1981,10,8.07,historical
cariaco,1981,11,8.08,historical
cariaco,1981,12,8.09,historical
cariaco,1982,1,8.1,historical
cariaco,1982,2,8.09,historical
cariaco,1982,3,8.09,historical
cariaco,1982,4,8.1,historical
cariaco,1982,5,8.09,historical
cariaco,1982,6,8.08,historical
cariaco,1982,7,8.08,historical
cariaco,1982,8,8.07,historical
cariaco,1982,9,8.07,historical
cariaco,1982,10,8.07,historical
cariaco,1982,11,8.07,historical
cariaco,1982,12,8.08,historical
cariaco,1983,1,8.1,historical
cariaco,1983,2,8.1,historical
cariaco,1983,3,8.09,historical
cariaco,1983,4,8.09,historical
cariaco,1983,5,8.09,historical
cariaco,1983,6,8.09,historical
cariaco,1983,7,8.08,historical
cariaco,1983,8,8.07,historical
cariaco,1983,9,8.07,historical
cariaco,1983,10,8.07,historical
cariaco,1983,11,8.07,historical
cariaco,1983,12,8.08,historical
cariaco,1984,1,8.09,historical
cariaco,1984,2,8.1,historical
cariaco,1984,3,8.1,historical
cariaco,1984,4,8.1,historical
cariaco,1984,5,8.09,historical
cariaco,1984,6,8.09,historical
cariaco,1984,7,8.08,historical
cariaco,1984,8,8.07,historical
cariaco,1984,9,8.07,historical
cariaco,1984,10,8.07,historical
cariaco,1984,11,8.07,historical
cariaco,1984,12,8.08,historical
cariaco,1985,1,8.09,historical
cariaco,1985,2,8.09,historical
cariaco,1985,3,8.09,historical
cariaco,1985,4,8.1,historical
cariaco,1985,5,8.1,historical
cariaco,1985,6,8.09,historical
cariaco,1985,7,8.08,historical
cariaco,1985,8,8.07,historical
cariaco,1985,9,8.07,historical
cariaco,1985,10,8.06,historical
cariaco,1985,11,8.07,historical
cariaco,1985,12,8.08,historical
cariaco,1986,1,8.09,historical
cariaco,1986,2,8.09,historical
cariaco,1986,3,8.09,historical
cariaco,1986,4,8.09,historical
cariaco,1986,5,8.09,historical
cariaco,1986,6,8.08,historical
cariaco,1986,7,8.07,historical
cariaco,1986,8,8.06,historical
cariaco,1986,9,8.06,historical
cariaco,1986,10,8.06,historical
cariaco,1986,11,8.07,historical
cariaco,1986,12,8.08,historical
cariaco,1987,1,8.09,historical
cariaco,1987,2,8.09,historical
cariaco,1987,3,8.08,historical
cariaco,1987,4,8.09,historical
cariaco,1987,5,8.09,historical
cariaco,1987,6,8.09,historical
cariaco,1987,7,8.08,historical
cariaco,1987,8,8.07,historical
cariaco,1987,9,8.06,historical
cariaco,1987,10,8.06,historical
cariaco,1987,11,8.07,historical
cariaco,1987,12,8.08,historical
cariaco,1988,1,8.09,historical
cariaco,1988,2,8.1,historical
cariaco,1988,3,8.09,historical
cariaco,1988,4,8.09,historical
cariaco,1988,5,8.09,historical
cariaco,1988,6,8.09,historical
cariaco,1988,7,8.07,historical
cariaco,1988,8,8.07,historical
cariaco,1988,9,8.07,historical
cariaco,1988,10,8.07,historical
cariaco,1988,11,8.07,historical
cariaco,1988,12,8.09,historical
cariaco,1989,1,8.09,historical
cariaco,1989,2,8.09,historical
cariaco,1989,3,8.08,historical
cariaco,1989,4,8.08,historical
cariaco,1989,5,8.08,historical
cariaco,1989,6,8.09,historical
cariaco,1989,7,8.08,historical
cariaco,1989,8,8.07,historical
cariaco,1989,9,8.07,historical
cariaco,1989,10,8.06,historical
cariaco,1989,11,8.06,historical
cariaco,1989,12,8.08,historical
cariaco,1990,1,8.09,historical
cariaco,1990,2,8.08,historical
cariaco,1990,3,8.09,historical
cariaco,1990,4,8.09,historical
cariaco,1990,5,8.08,historical
cariaco,1990,6,8.08,historical
cariaco,1990,7,8.07,historical
cariaco,1990,8,8.06,historical
cariaco,1990,9,8.06,historical
cariaco,1990,10,8.06,historical
cariaco,1990,11,8.07,historical
cariaco,1990,12,8.08,historical
cariaco,1991,1,8.08,historical
cariaco,1991,2,8.08,historical
cariaco,1991,3,8.08,historical
cariaco,1991,4,8.08,historical
cariaco,1991,5,8.08,historical
cariaco,1991,6,8.07,historical
cariaco,1991,7,8.07,historical
cariaco,1991,8,8.06,historical
cariaco,1991,9,8.06,historical
cariaco,1991,10,8.06,historical
cariaco,1991,11,8.06,historical
cariaco,1991,12,8.08,historical
cariaco,1992,1,8.08,historical
cariaco,1992,2,8.08,historical
cariaco,1992,3,8.09,historical
cariaco,1992,4,8.08,historical
cariaco,1992,5,8.09,historical
cariaco,1992,6,8.08,historical
cariaco,1992,7,8.07,historical
cariaco,1992,8,8.07,historical
cariaco,1992,9,8.07,historical
cariaco,1992,10,8.07,historical
cariaco,1992,11,8.07,historical
cariaco,1992,12,8.08,historical
cariaco,1993,1,8.09,historical
cariaco,1993,2,8.09,historical
cariaco,1993,3,8.08,historical
cariaco,1993,4,8.08,historical
cariaco,1993,5,8.08,historical
cariaco,1993,6,8.08,historical
cariaco,1993,7,8.07,historical
cariaco,1993,8,8.06,historical
cariaco,1993,9,8.06,historical
cariaco,1993,10,8.06,historical
cariaco,1993,11,8.06,historical
cariaco,1993,12,8.08,historical
cariaco,1994,1,8.09,historical
cariaco,1994,2,8.08,historical
cariaco,1994,3,8.08,historical
cariaco,1994,4,8.08,historical
cariaco,1994,5,8.08,historical
cariaco,1994,6,8.08,historical
cariaco,1994,7,8.07,historical
cariaco,1994,8,8.06,historical
cariaco,1994,9,8.05,historical
cariaco,1994,10,8.06,historical
cariaco,1994,11,8.06,historical
cariaco,1994,12,8.07,historical
cariaco,1995,1,8.08,historical
cariaco,1995,2,8.08,historical
cariaco,1995,3,8.08,historical
cariaco,1995,4,8.08,historical
cariaco,1995,5,8.07,historical
cariaco,1995,6,8.07,historical
cariaco,1995,7,8.07,historical
cariaco,1995,8,8.05,historical
cariaco,1995,9,8.05,historical
cariaco,1995,10,8.05,historical
cariaco,1995,11,8.06,historical
cariaco,1995,12,8.07,historical
cariaco,1996,1,8.08,historical
cariaco,1996,2,8.08,historical
cariaco,1996,3,8.07,historical
cariaco,1996,4,8.08,historical
cariaco,1996,5,8.07,historical
cariaco,1996,6,8.07,historical
cariaco,1996,7,8.06,historical
cariaco,1996,8,8.05,historical
cariaco,1996,9,8.05,historical
cariaco,1996,10,8.05,historical
cariaco,1996,11,8.05,historical
cariaco,1996,12,8.06,historical
cariaco,1997,1,8.08,historical
cariaco,1997,2,8.08,historical
cariaco,1997,3,8.08,historical
cariaco,1997,4,8.08,historical
cariaco,1997,5,8.08,historical
cariaco,1997,6,8.07,historical
cariaco,1997,7,8.07,historical
cariaco,1997,8,8.05,historical
cariaco,1997,9,8.05,historical
cariaco,1997,10,8.05,historical
cariaco,1997,11,8.05,historical
cariaco,1997,12,8.07,historical
cariaco,1998,1,8.08,historical
cariaco,1998,2,8.08,historical
cariaco,1998,3,8.08,historical
cariaco,1998,4,8.07,historical
cariaco,1998,5,8.07,historical
cariaco,1998,6,8.07,historical
cariaco,1998,7,8.06,historical
cariaco,1998,8,8.05,historical
cariaco,1998,9,8.05,historical
cariaco,1998,10,8.05,historical
cariaco,1998,11,8.05,historical
cariaco,1998,12,8.07,historical
cariaco,1999,1,8.07,historical
cariaco,1999,2,8.07,historical
cariaco,1999,3,8.07,historical
cariaco,1999,4,8.07,historical
cariaco,1999,5,8.07,historical
cariaco,1999,6,8.07,historical
cariaco,1999,7,8.06,historical
cariaco,1999,8,8.05,historical
cariaco,1999,9,8.05,historical
cariaco,1999,10,8.04,historical
cariaco,1999,11,8.05,historical
cariaco,1999,12,8.06,historical
cariaco,2000,1,8.07,historical
cariaco,2000,2,8.07,historical
cariaco,2000,3,8.07,historical
cariaco,2000,4,8.07,historical
cariaco,2000,5,8.07,historical
cariaco,2000,6,8.06,historical
cariaco,2000,7,8.06,historical
cariaco,2000,8,8.04,historical
cariaco,2000,9,8.04,historical
cariaco,2000,10,8.04,historical
cariaco,2000,11,8.05,historical
cariaco,2000,12,8.06,historical
cariaco,2001,1,8.07,historical
cariaco,2001,2,8.07,historical
cariaco,2001,3,8.07,historical
cariaco,2001,4,8.07,historical
cariaco,2001,5,8.06,historical
cariaco,2001,6,8.06,historical
cariaco,2001,7,8.06,historical
cariaco,2001,8,8.05,historical
cariaco,2001,9,8.05,historical
cariaco,2001,10,8.04,historical
cariaco,2001,11,8.05,historical
cariaco,2001,12,8.06,historical
cariaco,2002,1,8.07,historical
cariaco,2002,2,8.07,historical
cariaco,2002,3,8.07,historical
cariaco,2002,4,8.07,historical
cariaco,2002,5,8.07,historical
cariaco,2002,6,8.06,historical
cariaco,2002,7,8.06,historical
cariaco,2002,8,8.05,historical
cariaco,2002,9,8.05,historical
cariaco,2002,10,8.05,historical
cariaco,2002,11,8.05,historical
cariaco,2002,12,8.06,historical
cariaco,2003,1,8.07,historical
cariaco,2003,2,8.07,historical
cariaco,2003,3,8.07,historical
cariaco,2003,4,8.07,historical
cariaco,2003,5,8.06,historical
cariaco,2003,6,8.06,historical
cariaco,2003,7,8.05,historical
cariaco,2003,8,8.05,historical
cariaco,2003,9,8.04,historical
cariaco,2003,10,8.04,historical
cariaco,2003,11,8.05,historical
cariaco,2003,12,8.06,historical
cariaco,2004,1,8.07,historical
cariaco,2004,2,8.07,historical
cariaco,2004,3,8.06,historical
cariaco,2004,4,8.06,historical
cariaco,2004,5,8.06,historical
cariaco,2004,6,8.06,historical
cariaco,2004,7,8.05,historical
cariaco,2004,8,8.04,historical
cariaco,2004,9,8.04,historical
cariaco,2004,10,8.03,historical
cariaco,2004,11,8.04,historical
cariaco,2004,12,8.05,historical
cariaco,2005,1,8.06,historical
cariaco,2005,2,8.07,historical
cariaco,2005,3,8.06,historical
cariaco,2005,4,8.07,historical
cariaco,2005,5,8.06,historical
cariaco,2005,6,8.05,historical
cariaco,2005,7,8.04,historical
cariaco,2005,8,8.03,historical
cariaco,2005,9,8.03,historical
cariaco,2005,10,8.03,historical
cariaco,2005,11,8.04,historical
cariaco,2005,12,8.05,historical
cariaco,2006,1,8.06,historical
cariaco,2006,2,8.06,historical
cariaco,2006,3,8.06,historical
cariaco,2006,4,8.06,historical
cariaco,2006,5,8.06,historical
cariaco,2006,6,8.05,historical
cariaco,2006,7,8.05,historical
cariaco,2006,8,8.04,historical
cariaco,2006,9,8.03,historical
cariaco,2006,10,8.04,historical
cariaco,2006,11,8.04,historical
cariaco,2006,12,8.05,historical
cariaco,2007,1,8.07,historical
cariaco,2007,2,8.06,historical
cariaco,2007,3,8.06,historical
cariaco,2007,4,8.06,historical
cariaco,2007,5,8.06,historical
cariaco,2007,6,8.05,historical
cariaco,2007,7,8.05,historical
cariaco,2007,8,8.04,historical
cariaco,2007,9,8.03,historical
cariaco,2007,10,8.04,historical
cariaco,2007,11,8.04,historical
cariaco,2007,12,8.05,historical
cariaco,2008,1,8.06,historical
cariaco,2008,2,8.06,historical
cariaco,2008,3,8.07,historical
cariaco,2008,4,8.07,historical
cariaco,2008,5,8.06,historical
cariaco,2008,6,8.06,historical
cariaco,2008,7,8.05,historical
cariaco,2008,8,8.04,historical
cariaco,2008,9,8.04,historical
cariaco,2008,10,8.03,historical
cariaco,2008,11,8.03,historical
cariaco,2008,12,8.05,historical
cariaco,2009,1,8.06,historical
cariaco,2009,2,8.05,historical
cariaco,2009,3,8.05,historical
cariaco,2009,4,8.05,historical
cariaco,2009,5,8.05,historical
cariaco,2009,6,8.04,historical
cariaco,2009,7,8.04,historical
cariaco,2009,8,8.03,historical
cariaco,2009,9,8.03,historical
cariaco,2009,10,8.02,historical
cariaco,2009,11,8.03,historical
cariaco,2009,12,8.05,historical
cariaco,2010,1,8.05,historical
cariaco,2010,2,8.05,historical
cariaco,2010,3,8.05,historical
cariaco,2010,4,8.05,historical
cariaco,2010,5,8.05,historical
cariaco,2010,6,8.04,historical
cariaco,2010,7,8.03,historical
cariaco,2010,8,8.03,historical
cariaco,2010,9,8.03,historical
cariaco,2010,10,8.03,historical
cariaco,2010,11,8.03,historical
cariaco,2010,12,8.05,historical
cariaco,2011,1,8.05,historical
cariaco,2011,2,8.05,historical
cariaco,2011,3,8.05,historical
cariaco,2011,4,8.05,historical
cariaco,2011,5,8.05,historical
cariaco,2011,6,8.05,historical
cariaco,2011,7,8.04,historical
cariaco,2011,8,8.03,historical
cariaco,2011,9,8.03,historical
cariaco,2011,10,8.02,historical
cariaco,2011,11,8.03,historical
cariaco,2011,12,8.04,historical
cariaco,2012,1,8.05,historical
cariaco,2012,2,8.05,historical
cariaco,2012,3,8.05,historical
cariaco,2012,4,8.05,historical
cariaco,2012,5,8.05,historical
cariaco,2012,6,8.04,historical
cariaco,2012,7,8.03,historical
cariaco,2012,8,8.02,historical
cariaco,2012,9,8.02,historical
cariaco,2012,10,8.02,historical
cariaco,2012,11,8.03,historical
cariaco,2012,12,8.04,historical
cariaco,2013,1,8.05,historical
cariaco,2013,2,8.06,historical
cariaco,2013,3,8.05,historical
cariaco,2013,4,8.04,historical
cariaco,2013,5,8.05,historical
cariaco,2013,6,8.05,historical
cariaco,2013,7,8.04,historical
cariaco,2013,8,8.02,historical
cariaco,2013,9,8.02,historical
cariaco,2013,10,8.02,historical
cariaco,2013,11,8.02,historical
cariaco,2013,12,8.03,historical
cariaco,2014,1,8.05,historical
cariaco,2014,2,8.05,historical
cariaco,2014,3,8.05,historical
cariaco,2014,4,8.05,historical
cariaco,2014,5,8.05,historical
cariaco,2014,6,8.04,historical
cariaco,2014,7,8.04,historical
cariaco,2014,8,8.02,historical
cariaco,2014,9,8.02,historical
cariaco,2014,10,8.02,historical
cariaco,2014,11,8.02,historical
cariaco,2014,12,8.04,historical
cariaco,2015,1,8.05,ssp126
cariaco,2015,2,8.05,ssp126
cariaco,2015,3,8.05,ssp126
cariaco,2015,4,8.04,ssp126
cariaco,2015,5,8.04,ssp126
cariaco,2015,6,8.04,ssp126
cariaco,2015,7,8.04,ssp126
cariaco,2015,8,8.02,ssp126
cariaco,2015,9,8.01,ssp126
cariaco,2015,10,8.01,ssp126
cariaco,2015,11,8.02,ssp126
cariaco,2015,12,8.04,ssp126
cariaco,2016,1,8.05,ssp126
cariaco,2016,2,8.04,ssp126
cariaco,2016,3,8.04,ssp126
cariaco,2016,4,8.05,ssp126
cariaco,2016,5,8.04,ssp126
cariaco,2016,6,8.03,ssp126
cariaco,2016,7,8.03,ssp126
cariaco,2016,8,8.02,ssp126
cariaco,2016,9,8.02,ssp126
cariaco,2016,10,8.02,ssp126
cariaco,2016,11,8.03,ssp126
cariaco,2016,12,8.04,ssp126
cariaco,2017,1,8.04,ssp126
cariaco,2017,2,8.04,ssp126
cariaco,2017,3,8.04,ssp126
cariaco,2017,4,8.04,ssp126
cariaco,2017,5,8.04,ssp126
cariaco,2017,6,8.03,ssp126
cariaco,2017,7,8.03,ssp126
cariaco,2017,8,8.02,ssp126
cariaco,2017,9,8.01,ssp126
cariaco,2017,10,8.02,ssp126
cariaco,2017,11,8.02,ssp126
cariaco,2017,12,8.03,ssp126
cariaco,2018,1,8.04,ssp126
cariaco,2018,2,8.04,ssp126
cariaco,2018,3,8.04,ssp126
cariaco,2018,4,8.04,ssp126
cariaco,2018,5,8.04,ssp126
cariaco,2018,6,8.04,ssp126
cariaco,2018,7,8.03,ssp126
cariaco,2018,8,8.02,ssp126
cariaco,2018,9,8.01,ssp126
cariaco,2018,10,8.02,ssp126
cariaco,2018,11,8.02,ssp126
cariaco,2018,12,8.04,ssp126
cariaco,2019,1,8.04,ssp126
cariaco,2019,2,8.04,ssp126
cariaco,2019,3,8.04,ssp126
cariaco,2019,4,8.04,ssp126
cariaco,2019,5,8.04,ssp126
cariaco,2019,6,8.03,ssp126
cariaco,2019,7,8.03,ssp126
cariaco,2019,8,8.02,ssp126
cariaco,2019,9,8.02,ssp126
cariaco,2019,10,8.02,ssp126
cariaco,2019,11,8.02,ssp126
cariaco,2019,12,8.04,ssp126
cariaco,2020,1,8.04,ssp126
cariaco,2020,2,8.04,ssp126
cariaco,2020,3,8.04,ssp126
cariaco,2020,4,8.04,ssp126
cariaco,2020,5,8.04,ssp126
cariaco,2020,6,8.04,ssp126
cariaco,2020,7,8.03,ssp126
cariaco,2020,8,8.02,ssp126
cariaco,2020,9,8.01,ssp126
cariaco,2020,10,8.01,ssp126
cariaco,2020,11,8.01,ssp126
cariaco,2020,12,8.03,ssp126
cariaco,2021,1,8.04,ssp126
cariaco,2021,2,8.04,ssp126
cariaco,2021,3,8.04,ssp126
cariaco,2021,4,8.03,ssp126
cariaco,2021,5,8.04,ssp126
cariaco,2021,6,8.03,ssp126
cariaco,2021,7,8.03,ssp126
cariaco,2021,8,8.01,ssp126
cariaco,2021,9,8.01,ssp126
cariaco,2021,10,8.01,ssp126
cariaco,2021,11,8.01,ssp126
cariaco,2021,12,8.03,ssp126
cariaco,2022,1,8.03,ssp126
cariaco,2022,2,8.03,ssp126
cariaco,2022,3,8.03,ssp126
cariaco,2022,4,8.03,ssp126
cariaco,2022,5,8.02,ssp126
cariaco,2022,6,8.03,ssp126
cariaco,2022,7,8.01,ssp126
cariaco,2022,8,8.01,ssp126
cariaco,2022,9,8,ssp126
cariaco,2022,10,8,ssp126
cariaco,2022,11,8,ssp126
cariaco,2022,12,8.02,ssp126
cariaco,2023,1,8.03,ssp126
cariaco,2023,2,8.03,ssp126
cariaco,2023,3,8.03,ssp126
cariaco,2023,4,8.02,ssp126
cariaco,2023,5,8.02,ssp126
cariaco,2023,6,8.02,ssp126
cariaco,2023,7,8.01,ssp126
cariaco,2023,8,8,ssp126
cariaco,2023,9,8,ssp126
cariaco,2023,10,8,ssp126
cariaco,2023,11,8,ssp126
cariaco,2023,12,8.02,ssp126
cariaco,2024,1,8.03,ssp126
cariaco,2024,2,8.03,ssp126
cariaco,2024,3,8.03,ssp126
cariaco,2024,4,8.02,ssp126
cariaco,2024,5,8.02,ssp126
cariaco,2024,6,8.02,ssp126
cariaco,2024,7,8.01,ssp126
cariaco,2024,8,8,ssp126
cariaco,2024,9,7.99,ssp126
cariaco,2024,10,8,ssp126
cariaco,2024,11,8,ssp126
cariaco,2024,12,8.02,ssp126
cariaco,2025,1,8.03,ssp126
cariaco,2025,2,8.03,ssp126
cariaco,2025,3,8.02,ssp126
cariaco,2025,4,8.02,ssp126
cariaco,2025,5,8.02,ssp126
cariaco,2025,6,8.02,ssp126
cariaco,2025,7,8.01,ssp126
cariaco,2025,8,8,ssp126
cariaco,2025,9,7.99,ssp126
cariaco,2025,10,7.99,ssp126
cariaco,2025,11,8,ssp126
cariaco,2025,12,8.01,ssp126
cariaco,2026,1,8.03,ssp126
cariaco,2026,2,8.03,ssp126
cariaco,2026,3,8.03,ssp126
cariaco,2026,4,8.02,ssp126
cariaco,2026,5,8.02,ssp126
cariaco,2026,6,8.02,ssp126
cariaco,2026,7,8.02,ssp126
cariaco,2026,8,8,ssp126
cariaco,2026,9,8,ssp126
cariaco,2026,10,8,ssp126
cariaco,2026,11,8,ssp126
cariaco,2026,12,8.01,ssp126
cariaco,2027,1,8.02,ssp126
cariaco,2027,2,8.03,ssp126
cariaco,2027,3,8.03,ssp126
cariaco,2027,4,8.03,ssp126
cariaco,2027,5,8.02,ssp126
cariaco,2027,6,8.02,ssp126
cariaco,2027,7,8.01,ssp126
cariaco,2027,8,8,ssp126
cariaco,2027,9,8,ssp126
cariaco,2027,10,7.99,ssp126
cariaco,2027,11,8,ssp126
cariaco,2027,12,8.01,ssp126
cariaco,2028,1,8.02,ssp126
cariaco,2028,2,8.02,ssp126
cariaco,2028,3,8.02,ssp126
cariaco,2028,4,8.02,ssp126
cariaco,2028,5,8.02,ssp126
cariaco,2028,6,8.02,ssp126
cariaco,2028,7,8.01,ssp126
cariaco,2028,8,8,ssp126
cariaco,2028,9,8,ssp126
cariaco,2028,10,7.99,ssp126
cariaco,2028,11,7.99,ssp126
cariaco,2028,12,8,ssp126
cariaco,2029,1,8.01,ssp126
cariaco,2029,2,8.02,ssp126
cariaco,2029,3,8.02,ssp126
cariaco,2029,4,8.02,ssp126
cariaco,2029,5,8.01,ssp126
cariaco,2029,6,8.01,ssp126
cariaco,2029,7,8,ssp126
cariaco,2029,8,7.99,ssp126
cariaco,2029,9,7.99,ssp126
cariaco,2029,10,7.99,ssp126
cariaco,2029,11,7.99,ssp126
cariaco,2029,12,8,ssp126
cariaco,2030,1,8.01,ssp126
cariaco,2030,2,8.02,ssp126
cariaco,2030,3,8.02,ssp126
cariaco,2030,4,8.02,ssp126
cariaco,2030,5,8.01,ssp126
cariaco,2030,6,8.01,ssp126
cariaco,2030,7,8,ssp126
cariaco,2030,8,8,ssp126
cariaco,2030,9,8,ssp126
cariaco,2030,10,7.99,ssp126
cariaco,2030,11,8,ssp126
cariaco,2030,12,8.01,ssp126
cariaco,2031,1,8.02,ssp126
cariaco,2031,2,8.02,ssp126
cariaco,2031,3,8.02,ssp126
cariaco,2031,4,8.01,ssp126
cariaco,2031,5,8.01,ssp126
cariaco,2031,6,8.01,ssp126
cariaco,2031,7,8,ssp126
cariaco,2031,8,7.99,ssp126
cariaco,2031,9,7.99,ssp126
cariaco,2031,10,7.98,ssp126
cariaco,2031,11,7.98,ssp126
cariaco,2031,12,8,ssp126
cariaco,2032,1,8.01,ssp126
cariaco,2032,2,8,ssp126
cariaco,2032,3,8.01,ssp126
cariaco,2032,4,8.01,ssp126
cariaco,2032,5,8.01,ssp126
cariaco,2032,6,8,ssp126
cariaco,2032,7,8,ssp126
cariaco,2032,8,7.99,ssp126
cariaco,2032,9,7.98,ssp126
cariaco,2032,10,7.98,ssp126
cariaco,2032,11,7.99,ssp126
cariaco,2032,12,8,ssp126
cariaco,2033,1,8.01,ssp126
cariaco,2033,2,8.01,ssp126
cariaco,2033,3,8.01,ssp126
cariaco,2033,4,8.01,ssp126
cariaco,2033,5,8.01,ssp126
cariaco,2033,6,8,ssp126
cariaco,2033,7,8,ssp126
cariaco,2033,8,7.98,ssp126
cariaco,2033,9,7.98,ssp126
cariaco,2033,10,7.98,ssp126
cariaco,2033,11,7.99,ssp126
cariaco,2033,12,8,ssp126
cariaco,2034,1,8.01,ssp126
cariaco,2034,2,8.01,ssp126
cariaco,2034,3,8.01,ssp126
cariaco,2034,4,8.01,ssp126
cariaco,2034,5,8.01,ssp126
cariaco,2034,6,8.01,ssp126
cariaco,2034,7,8,ssp126
cariaco,2034,8,7.98,ssp126
cariaco,2034,9,7.99,ssp126
cariaco,2034,10,7.99,ssp126
cariaco,2034,11,7.99,ssp126
cariaco,2034,12,8,ssp126
cariaco,2035,1,8.01,ssp126
cariaco,2035,2,8.01,ssp126
cariaco,2035,3,8.01,ssp126
cariaco,2035,4,8.01,ssp126
cariaco,2035,5,8,ssp126
cariaco,2035,6,8.01,ssp126
cariaco,2035,7,8,ssp126
cariaco,2035,8,7.98,ssp126
cariaco,2035,9,7.99,ssp126
cariaco,2035,10,7.98,ssp126
cariaco,2035,11,7.99,ssp126
cariaco,2035,12,8,ssp126
cariaco,2036,1,8.01,ssp126
cariaco,2036,2,8.01,ssp126
cariaco,2036,3,8,ssp126
cariaco,2036,4,8,ssp126
cariaco,2036,5,8,ssp126
cariaco,2036,6,8,ssp126
cariaco,2036,7,7.99,ssp126
cariaco,2036,8,7.98,ssp126
cariaco,2036,9,7.98,ssp126
cariaco,2036,10,7.98,ssp126
cariaco,2036,11,7.99,ssp126
cariaco,2036,12,8,ssp126
cariaco,2037,1,8.01,ssp126
cariaco,2037,2,8,ssp126
cariaco,2037,3,8,ssp126
cariaco,2037,4,8,ssp126
cariaco,2037,5,8,ssp126
cariaco,2037,6,7.99,ssp126
cariaco,2037,7,7.99,ssp126
cariaco,2037,8,7.98,ssp126
cariaco,2037,9,7.97,ssp126
cariaco,2037,10,7.97,ssp126
cariaco,2037,11,7.98,ssp126
cariaco,2037,12,7.99,ssp126
cariaco,2038,1,8,ssp126
cariaco,2038,2,8,ssp126
cariaco,2038,3,8,ssp126
cariaco,2038,4,7.99,ssp126
cariaco,2038,5,8,ssp126
cariaco,2038,6,8,ssp126
cariaco,2038,7,7.99,ssp126
cariaco,2038,8,7.98,ssp126
cariaco,2038,9,7.97,ssp126
cariaco,2038,10,7.98,ssp126
cariaco,2038,11,7.98,ssp126
cariaco,2038,12,7.99,ssp126
cariaco,2039,1,8,ssp126
cariaco,2039,2,8,ssp126
cariaco,2039,3,8,ssp126
cariaco,2039,4,8,ssp126
cariaco,2039,5,8,ssp126
cariaco,2039,6,7.99,ssp126
cariaco,2039,7,7.99,ssp126
cariaco,2039,8,7.97,ssp126
cariaco,2039,9,7.97,ssp126
cariaco,2039,10,7.98,ssp126
cariaco,2039,11,7.98,ssp126
cariaco,2039,12,8,ssp126
cariaco,2040,1,8,ssp126
cariaco,2040,2,8,ssp126
cariaco,2040,3,8,ssp126
cariaco,2040,4,8,ssp126
cariaco,2040,5,8,ssp126
cariaco,2040,6,7.99,ssp126
cariaco,2040,7,7.98,ssp126
cariaco,2040,8,7.97,ssp126
cariaco,2040,9,7.97,ssp126
cariaco,2040,10,7.97,ssp126
cariaco,2040,11,7.97,ssp126
cariaco,2040,12,7.99,ssp126
cariaco,2041,1,8,ssp126
cariaco,2041,2,8,ssp126
cariaco,2041,3,8,ssp126
cariaco,2041,4,7.99,ssp126
cariaco,2041,5,7.99,ssp126
cariaco,2041,6,7.99,ssp126
cariaco,2041,7,7.98,ssp126
cariaco,2041,8,7.97,ssp126
cariaco,2041,9,7.97,ssp126
cariaco,2041,10,7.97,ssp126
cariaco,2041,11,7.98,ssp126
cariaco,2041,12,7.99,ssp126
cariaco,2042,1,7.99,ssp126
cariaco,2042,2,7.99,ssp126
cariaco,2042,3,7.99,ssp126
cariaco,2042,4,7.99,ssp126
cariaco,2042,5,7.99,ssp126
cariaco,2042,6,7.99,ssp126
cariaco,2042,7,7.98,ssp126
cariaco,2042,8,7.98,ssp126
cariaco,2042,9,7.98,ssp126
cariaco,2042,10,7.97,ssp126
cariaco,2042,11,7.97,ssp126
cariaco,2042,12,7.98,ssp126
cariaco,2043,1,7.99,ssp126
cariaco,2043,2,8,ssp126
cariaco,2043,3,7.99,ssp126
cariaco,2043,4,7.99,ssp126
cariaco,2043,5,7.99,ssp126
cariaco,2043,6,7.99,ssp126
cariaco,2043,7,7.98,ssp126
cariaco,2043,8,7.97,ssp126
cariaco,2043,9,7.97,ssp126
cariaco,2043,10,7.97,ssp126
cariaco,2043,11,7.98,ssp126
cariaco,2043,12,7.99,ssp126
cariaco,2044,1,7.99,ssp126
cariaco,2044,2,7.99,ssp126
cariaco,2044,3,7.99,ssp126
cariaco,2044,4,7.99,ssp126
cariaco,2044,5,7.99,ssp126
cariaco,2044,6,7.98,ssp126
cariaco,2044,7,7.98,ssp126
cariaco,2044,8,7.97,ssp126
cariaco,2044,9,7.97,ssp126
cariaco,2044,10,7.97,ssp126
cariaco,2044,11,7.98,ssp126
cariaco,2044,12,7.99,ssp126
cariaco,2045,1,7.99,ssp126
cariaco,2045,2,7.99,ssp126
cariaco,2045,3,7.99,ssp126
cariaco,2045,4,7.99,ssp126
cariaco,2045,5,7.99,ssp126
cariaco,2045,6,7.99,ssp126
cariaco,2045,7,7.98,ssp126
cariaco,2045,8,7.97,ssp126
cariaco,2045,9,7.96,ssp126
cariaco,2045,10,7.97,ssp126
cariaco,2045,11,7.98,ssp126
cariaco,2045,12,7.99,ssp126
cariaco,2046,1,7.99,ssp126
cariaco,2046,2,7.99,ssp126
cariaco,2046,3,7.99,ssp126
cariaco,2046,4,7.99,ssp126
cariaco,2046,5,7.99,ssp126
cariaco,2046,6,7.99,ssp126
cariaco,2046,7,7.98,ssp126
cariaco,2046,8,7.97,ssp126
cariaco,2046,9,7.96,ssp126
cariaco,2046,10,7.97,ssp126
cariaco,2046,11,7.97,ssp126
cariaco,2046,12,7.98,ssp126
cariaco,2047,1,7.99,ssp126
cariaco,2047,2,7.99,ssp126
cariaco,2047,3,7.99,ssp126
cariaco,2047,4,7.99,ssp126
cariaco,2047,5,7.99,ssp126
cariaco,2047,6,7.99,ssp126
cariaco,2047,7,7.98,ssp126
cariaco,2047,8,7.97,ssp126
cariaco,2047,9,7.97,ssp126
cariaco,2047,10,7.97,ssp126
cariaco,2047,11,7.98,ssp126
cariaco,2047,12,7.98,ssp126
cariaco,2048,1,7.99,ssp126
cariaco,2048,2,7.99,ssp126
cariaco,2048,3,7.99,ssp126
cariaco,2048,4,7.98,ssp126
cariaco,2048,5,7.99,ssp126
cariaco,2048,6,7.98,ssp126
cariaco,2048,7,7.98,ssp126
cariaco,2048,8,7.97,ssp126
cariaco,2048,9,7.97,ssp126
cariaco,2048,10,7.96,ssp126
cariaco,2048,11,7.96,ssp126
cariaco,2048,12,7.98,ssp126
cariaco,2049,1,7.99,ssp126
cariaco,2049,2,7.99,ssp126
cariaco,2049,3,7.99,ssp126
cariaco,2049,4,7.98,ssp126
cariaco,2049,5,7.98,ssp126
cariaco,2049,6,7.98,ssp126
cariaco,2049,7,7.97,ssp126
cariaco,2049,8,7.96,ssp126
cariaco,2049,9,7.96,ssp126
cariaco,2049,10,7.95,ssp126
cariaco,2049,11,7.96,ssp126
cariaco,2049,12,7.98,ssp126
cariaco,2050,1,7.98,ssp126
cariaco,2050,2,7.99,ssp126
cariaco,2050,3,7.99,ssp126
cariaco,2050,4,7.98,ssp126
cariaco,2050,5,7.99,ssp126
cariaco,2050,6,7.98,ssp126
cariaco,2050,7,7.97,ssp126
cariaco,2050,8,7.97,ssp126
cariaco,2050,9,7.96,ssp126
cariaco,2050,10,7.96,ssp126
cariaco,2050,11,7.97,ssp126
cariaco,2050,12,7.98,ssp126
cariaco,2051,1,7.98,ssp126
cariaco,2051,2,7.98,ssp126
cariaco,2051,3,7.98,ssp126
cariaco,2051,4,7.98,ssp126
cariaco,2051,5,7.98,ssp126
cariaco,2051,6,7.98,ssp126
cariaco,2051,7,7.97,ssp126
cariaco,2051,8,7.96,ssp126
cariaco,2051,9,7.95,ssp126
cariaco,2051,10,7.96,ssp126
cariaco,2051,11,7.96,ssp126
cariaco,2051,12,7.98,ssp126
cariaco,2052,1,7.98,ssp126
cariaco,2052,2,7.98,ssp126
cariaco,2052,3,7.98,ssp126
cariaco,2052,4,7.98,ssp126
cariaco,2052,5,7.98,ssp126
cariaco,2052,6,7.97,ssp126
cariaco,2052,7,7.97,ssp126
cariaco,2052,8,7.96,ssp126
cariaco,2052,9,7.96,ssp126
cariaco,2052,10,7.96,ssp126
cariaco,2052,11,7.96,ssp126
cariaco,2052,12,7.98,ssp126
cariaco,2053,1,7.98,ssp126
cariaco,2053,2,7.98,ssp126
cariaco,2053,3,7.98,ssp126
cariaco,2053,4,7.98,ssp126
cariaco,2053,5,7.98,ssp126
cariaco,2053,6,7.98,ssp126
cariaco,2053,7,7.97,ssp126
cariaco,2053,8,7.96,ssp126
cariaco,2053,9,7.96,ssp126
cariaco,2053,10,7.95,ssp126
cariaco,2053,11,7.97,ssp126
cariaco,2053,12,7.98,ssp126
cariaco,2054,1,7.98,ssp126
cariaco,2054,2,7.98,ssp126
cariaco,2054,3,7.98,ssp126
cariaco,2054,4,7.98,ssp126
cariaco,2054,5,7.98,ssp126
cariaco,2054,6,7.98,ssp126
cariaco,2054,7,7.97,ssp126
cariaco,2054,8,7.96,ssp126
cariaco,2054,9,7.95,ssp126
cariaco,2054,10,7.95,ssp126
cariaco,2054,11,7.96,ssp126
cariaco,2054,12,7.98,ssp126
cariaco,2055,1,7.98,ssp126
cariaco,2055,2,7.98,ssp126
cariaco,2055,3,7.98,ssp126
cariaco,2055,4,7.98,ssp126
cariaco,2055,5,7.98,ssp126
cariaco,2055,6,7.98,ssp126
cariaco,2055,7,7.97,ssp126
cariaco,2055,8,7.96,ssp126
cariaco,2055,9,7.96,ssp126
cariaco,2055,10,7.96,ssp126
cariaco,2055,11,7.96,ssp126
cariaco,2055,12,7.98,ssp126
cariaco,2056,1,7.98,ssp126
cariaco,2056,2,7.98,ssp126
cariaco,2056,3,7.98,ssp126
cariaco,2056,4,7.98,ssp126
cariaco,2056,5,7.98,ssp126
cariaco,2056,6,7.98,ssp126
cariaco,2056,7,7.97,ssp126
cariaco,2056,8,7.96,ssp126
cariaco,2056,9,7.96,ssp126
cariaco,2056,10,7.96,ssp126
cariaco,2056,11,7.96,ssp126
cariaco,2056,12,7.98,ssp126
cariaco,2057,1,7.98,ssp126
cariaco,2057,2,7.98,ssp126
cariaco,2057,3,7.98,ssp126
cariaco,2057,4,7.98,ssp126
cariaco,2057,5,7.98,ssp126
cariaco,2057,6,7.98,ssp126
cariaco,2057,7,7.97,ssp126
cariaco,2057,8,7.97,ssp126
cariaco,2057,9,7.96,ssp126
cariaco,2057,10,7.97,ssp126
cariaco,2057,11,7.97,ssp126
cariaco,2057,12,7.98,ssp126
cariaco,2058,1,7.98,ssp126
cariaco,2058,2,7.98,ssp126
cariaco,2058,3,7.99,ssp126
cariaco,2058,4,7.98,ssp126
cariaco,2058,5,7.97,ssp126
cariaco,2058,6,7.98,ssp126
cariaco,2058,7,7.97,ssp126
cariaco,2058,8,7.96,ssp126
cariaco,2058,9,7.96,ssp126
cariaco,2058,10,7.96,ssp126
cariaco,2058,11,7.96,ssp126
cariaco,2058,12,7.98,ssp126
cariaco,2059,1,7.98,ssp126
cariaco,2059,2,7.99,ssp126
cariaco,2059,3,7.98,ssp126
cariaco,2059,4,7.98,ssp126
cariaco,2059,5,7.98,ssp126
cariaco,2059,6,7.98,ssp126
cariaco,2059,7,7.97,ssp126
cariaco,2059,8,7.97,ssp126
cariaco,2059,9,7.96,ssp126
cariaco,2059,10,7.96,ssp126
cariaco,2059,11,7.96,ssp126
cariaco,2059,12,7.98,ssp126
cariaco,2060,1,7.98,ssp126
cariaco,2060,2,7.98,ssp126
cariaco,2060,3,7.97,ssp126
cariaco,2060,4,7.97,ssp126
cariaco,2060,5,7.98,ssp126
cariaco,2060,6,7.97,ssp126
cariaco,2060,7,7.97,ssp126
cariaco,2060,8,7.96,ssp126
cariaco,2060,9,7.96,ssp126
cariaco,2060,10,7.96,ssp126
cariaco,2060,11,7.97,ssp126
cariaco,2060,12,7.98,ssp126
cariaco,2061,1,7.98,ssp126
cariaco,2061,2,7.98,ssp126
cariaco,2061,3,7.98,ssp126
cariaco,2061,4,7.97,ssp126
cariaco,2061,5,7.98,ssp126
cariaco,2061,6,7.97,ssp126
cariaco,2061,7,7.96,ssp126
cariaco,2061,8,7.95,ssp126
cariaco,2061,9,7.95,ssp126
cariaco,2061,10,7.96,ssp126
cariaco,2061,11,7.96,ssp126
cariaco,2061,12,7.97,ssp126
cariaco,2062,1,7.98,ssp126
cariaco,2062,2,7.98,ssp126
cariaco,2062,3,7.98,ssp126
cariaco,2062,4,7.97,ssp126
cariaco,2062,5,7.98,ssp126
cariaco,2062,6,7.97,ssp126
cariaco,2062,7,7.97,ssp126
cariaco,2062,8,7.96,ssp126
cariaco,2062,9,7.95,ssp126
cariaco,2062,10,7.95,ssp126
cariaco,2062,11,7.95,ssp126
cariaco,2062,12,7.97,ssp126
cariaco,2063,1,7.98,ssp126
cariaco,2063,2,7.98,ssp126
cariaco,2063,3,7.98,ssp126
cariaco,2063,4,7.97,ssp126
cariaco,2063,5,7.98,ssp126
cariaco,2063,6,7.98,ssp126
cariaco,2063,7,7.97,ssp126
cariaco,2063,8,7.96,ssp126
cariaco,2063,9,7.95,ssp126
cariaco,2063,10,7.95,ssp126
cariaco,2063,11,7.96,ssp126
cariaco,2063,12,7.97,ssp126
cariaco,2064,1,7.98,ssp126
cariaco,2064,2,7.98,ssp126
cariaco,2064,3,7.98,ssp126
cariaco,2064,4,7.97,ssp126
cariaco,2064,5,7.97,ssp126
cariaco,2064,6,7.97,ssp126
cariaco,2064,7,7.96,ssp126
cariaco,2064,8,7.96,ssp126
cariaco,2064,9,7.96,ssp126
cariaco,2064,10,7.96,ssp126
cariaco,2064,11,7.96,ssp126
cariaco,2064,12,7.97,ssp126
cariaco,2065,1,7.98,ssp126
cariaco,2065,2,7.98,ssp126
cariaco,2065,3,7.97,ssp126
cariaco,2065,4,7.97,ssp126
cariaco,2065,5,7.98,ssp126
cariaco,2065,6,7.97,ssp126
cariaco,2065,7,7.97,ssp126
cariaco,2065,8,7.95,ssp126
cariaco,2065,9,7.95,ssp126
cariaco,2065,10,7.95,ssp126
cariaco,2065,11,7.97,ssp126
cariaco,2065,12,7.98,ssp126
cariaco,2066,1,7.98,ssp126
cariaco,2066,2,7.98,ssp126
cariaco,2066,3,7.98,ssp126
cariaco,2066,4,7.98,ssp126
cariaco,2066,5,7.98,ssp126
cariaco,2066,6,7.98,ssp126
cariaco,2066,7,7.97,ssp126
cariaco,2066,8,7.96,ssp126
cariaco,2066,9,7.96,ssp126
cariaco,2066,10,7.96,ssp126
cariaco,2066,11,7.96,ssp126
cariaco,2066,12,7.98,ssp126
cariaco,2067,1,7.98,ssp126
cariaco,2067,2,7.98,ssp126
cariaco,2067,3,7.98,ssp126
cariaco,2067,4,7.97,ssp126
cariaco,2067,5,7.97,ssp126
cariaco,2067,6,7.98,ssp126
cariaco,2067,7,7.97,ssp126
cariaco,2067,8,7.96,ssp126
cariaco,2067,9,7.96,ssp126
cariaco,2067,10,7.96,ssp126
cariaco,2067,11,7.97,ssp126
cariaco,2067,12,7.98,ssp126
cariaco,2068,1,7.98,ssp126
cariaco,2068,2,7.98,ssp126
cariaco,2068,3,7.98,ssp126
cariaco,2068,4,7.98,ssp126
cariaco,2068,5,7.98,ssp126
cariaco,2068,6,7.97,ssp126
cariaco,2068,7,7.96,ssp126
cariaco,2068,8,7.95,ssp126
cariaco,2068,9,7.95,ssp126
cariaco,2068,10,7.95,ssp126
cariaco,2068,11,7.96,ssp126
cariaco,2068,12,7.97,ssp126
cariaco,2069,1,7.98,ssp126
cariaco,2069,2,7.97,ssp126
cariaco,2069,3,7.97,ssp126
cariaco,2069,4,7.97,ssp126
cariaco,2069,5,7.98,ssp126
cariaco,2069,6,7.97,ssp126
cariaco,2069,7,7.96,ssp126
cariaco,2069,8,7.96,ssp126
cariaco,2069,9,7.95,ssp126
cariaco,2069,10,7.95,ssp126
cariaco,2069,11,7.96,ssp126
cariaco,2069,12,7.97,ssp126
cariaco,2070,1,7.98,ssp126
cariaco,2070,2,7.98,ssp126
cariaco,2070,3,7.97,ssp126
cariaco,2070,4,7.97,ssp126
cariaco,2070,5,7.98,ssp126
cariaco,2070,6,7.97,ssp126
cariaco,2070,7,7.96,ssp126
cariaco,2070,8,7.95,ssp126
cariaco,2070,9,7.95,ssp126
cariaco,2070,10,7.96,ssp126
cariaco,2070,11,7.96,ssp126
cariaco,2070,12,7.97,ssp126
cariaco,2071,1,7.98,ssp126
cariaco,2071,2,7.97,ssp126
cariaco,2071,3,7.98,ssp126
cariaco,2071,4,7.97,ssp126
cariaco,2071,5,7.98,ssp126
cariaco,2071,6,7.98,ssp126
cariaco,2071,7,7.97,ssp126
cariaco,2071,8,7.95,ssp126
cariaco,2071,9,7.95,ssp126
cariaco,2071,10,7.96,ssp126
cariaco,2071,11,7.96,ssp126
cariaco,2071,12,7.98,ssp126
cariaco,2072,1,7.98,ssp126
cariaco,2072,2,7.97,ssp126
cariaco,2072,3,7.97,ssp126
cariaco,2072,4,7.97,ssp126
cariaco,2072,5,7.97,ssp126
cariaco,2072,6,7.98,ssp126
cariaco,2072,7,7.97,ssp126
cariaco,2072,8,7.96,ssp126
cariaco,2072,9,7.96,ssp126
cariaco,2072,10,7.96,ssp126
cariaco,2072,11,7.96,ssp126
cariaco,2072,12,7.97,ssp126
cariaco,2073,1,7.98,ssp126
cariaco,2073,2,7.98,ssp126
cariaco,2073,3,7.98,ssp126
cariaco,2073,4,7.97,ssp126
cariaco,2073,5,7.97,ssp126
cariaco,2073,6,7.97,ssp126
cariaco,2073,7,7.96,ssp126
cariaco,2073,8,7.95,ssp126
cariaco,2073,9,7.95,ssp126
cariaco,2073,10,7.95,ssp126
cariaco,2073,11,7.96,ssp126
cariaco,2073,12,7.97,ssp126
cariaco,2074,1,7.98,ssp126
cariaco,2074,2,7.98,ssp126
cariaco,2074,3,7.98,ssp126
cariaco,2074,4,7.98,ssp126
cariaco,2074,5,7.97,ssp126
cariaco,2074,6,7.97,ssp126
cariaco,2074,7,7.96,ssp126
cariaco,2074,8,7.96,ssp126
cariaco,2074,9,7.96,ssp126
cariaco,2074,10,7.95,ssp126
cariaco,2074,11,7.96,ssp126
cariaco,2074,12,7.97,ssp126
cariaco,2075,1,7.98,ssp126
cariaco,2075,2,7.98,ssp126
cariaco,2075,3,7.98,ssp126
cariaco,2075,4,7.97,ssp126
cariaco,2075,5,7.98,ssp126
cariaco,2075,6,7.97,ssp126
cariaco,2075,7,7.97,ssp126
cariaco,2075,8,7.96,ssp126
cariaco,2075,9,7.96,ssp126
cariaco,2075,10,7.96,ssp126
cariaco,2075,11,7.97,ssp126
cariaco,2075,12,7.98,ssp126
cariaco,2076,1,7.98,ssp126
cariaco,2076,2,7.98,ssp126
cariaco,2076,3,7.98,ssp126
cariaco,2076,4,7.98,ssp126
cariaco,2076,5,7.98,ssp126
cariaco,2076,6,7.98,ssp126
cariaco,2076,7,7.97,ssp126
cariaco,2076,8,7.96,ssp126
cariaco,2076,9,7.96,ssp126
cariaco,2076,10,7.95,ssp126
cariaco,2076,11,7.96,ssp126
cariaco,2076,12,7.97,ssp126
cariaco,2077,1,7.98,ssp126
cariaco,2077,2,7.98,ssp126
cariaco,2077,3,7.98,ssp126
cariaco,2077,4,7.98,ssp126
cariaco,2077,5,7.98,ssp126
cariaco,2077,6,7.97,ssp126
cariaco,2077,7,7.97,ssp126
cariaco,2077,8,7.96,ssp126
cariaco,2077,9,7.96,ssp126
cariaco,2077,10,7.97,ssp126
cariaco,2077,11,7.97,ssp126
cariaco,2077,12,7.98,ssp126
cariaco,2078,1,7.99,ssp126
cariaco,2078,2,7.98,ssp126
cariaco,2078,3,7.98,ssp126
cariaco,2078,4,7.98,ssp126
cariaco,2078,5,7.98,ssp126
cariaco,2078,6,7.97,ssp126
cariaco,2078,7,7.97,ssp126
cariaco,2078,8,7.96,ssp126
cariaco,2078,9,7.96,ssp126
cariaco,2078,10,7.96,ssp126
cariaco,2078,11,7.96,ssp126
cariaco,2078,12,7.98,ssp126
cariaco,2079,1,7.98,ssp126
cariaco,2079,2,7.98,ssp126
cariaco,2079,3,7.97,ssp126
cariaco,2079,4,7.98,ssp126
cariaco,2079,5,7.98,ssp126
cariaco,2079,6,7.97,ssp126
cariaco,2079,7,7.97,ssp126
cariaco,2079,8,7.96,ssp126
cariaco,2079,9,7.96,ssp126
cariaco,2079,10,7.95,ssp126
cariaco,2079,11,7.96,ssp126
cariaco,2079,12,7.98,ssp126
cariaco,2080,1,7.98,ssp126
cariaco,2080,2,7.98,ssp126
cariaco,2080,3,7.98,ssp126
cariaco,2080,4,7.98,ssp126
cariaco,2080,5,7.98,ssp126
cariaco,2080,6,7.98,ssp126
cariaco,2080,7,7.97,ssp126
cariaco,2080,8,7.96,ssp126
cariaco,2080,9,7.96,ssp126
cariaco,2080,10,7.96,ssp126
cariaco,2080,11,7.97,ssp126
cariaco,2080,12,7.98,ssp126
cariaco,2081,1,7.98,ssp126
cariaco,2081,2,7.98,ssp126
cariaco,2081,3,7.98,ssp126
cariaco,2081,4,7.97,ssp126
cariaco,2081,5,7.98,ssp126
cariaco,2081,6,7.97,ssp126
cariaco,2081,7,7.97,ssp126
cariaco,2081,8,7.95,ssp126
cariaco,2081,9,7.96,ssp126
cariaco,2081,10,7.96,ssp126
cariaco,2081,11,7.96,ssp126
cariaco,2081,12,7.97,ssp126
cariaco,2082,1,7.98,ssp126
cariaco,2082,2,7.98,ssp126
cariaco,2082,3,7.98,ssp126
cariaco,2082,4,7.98,ssp126
cariaco,2082,5,7.98,ssp126
cariaco,2082,6,7.98,ssp126
cariaco,2082,7,7.97,ssp126
cariaco,2082,8,7.96,ssp126
cariaco,2082,9,7.96,ssp126
cariaco,2082,10,7.96,ssp126
cariaco,2082,11,7.97,ssp126
cariaco,2082,12,7.98,ssp126
cariaco,2083,1,7.99,ssp126
cariaco,2083,2,7.99,ssp126
cariaco,2083,3,7.98,ssp126
cariaco,2083,4,7.98,ssp126
cariaco,2083,5,7.98,ssp126
cariaco,2083,6,7.98,ssp126
cariaco,2083,7,7.97,ssp126
cariaco,2083,8,7.96,ssp126
cariaco,2083,9,7.96,ssp126
cariaco,2083,10,7.96,ssp126
cariaco,2083,11,7.97,ssp126
cariaco,2083,12,7.98,ssp126
cariaco,2084,1,7.99,ssp126
cariaco,2084,2,7.99,ssp126
cariaco,2084,3,7.98,ssp126
cariaco,2084,4,7.98,ssp126
cariaco,2084,5,7.98,ssp126
cariaco,2084,6,7.97,ssp126
cariaco,2084,7,7.97,ssp126
cariaco,2084,8,7.96,ssp126
cariaco,2084,9,7.96,ssp126
cariaco,2084,10,7.96,ssp126
cariaco,2084,11,7.97,ssp126
cariaco,2084,12,7.98,ssp126
cariaco,2085,1,7.99,ssp126
cariaco,2085,2,7.98,ssp126
cariaco,2085,3,7.98,ssp126
cariaco,2085,4,7.98,ssp126
cariaco,2085,5,7.98,ssp126
cariaco,2085,6,7.98,ssp126
cariaco,2085,7,7.97,ssp126
cariaco,2085,8,7.96,ssp126
cariaco,2085,9,7.96,ssp126
cariaco,2085,10,7.96,ssp126
cariaco,2085,11,7.96,ssp126
cariaco,2085,12,7.98,ssp126
cariaco,2086,1,7.98,ssp126
cariaco,2086,2,7.99,ssp126
cariaco,2086,3,7.98,ssp126
cariaco,2086,4,7.98,ssp126
cariaco,2086,5,7.98,ssp126
cariaco,2086,6,7.98,ssp126
cariaco,2086,7,7.97,ssp126
cariaco,2086,8,7.96,ssp126
cariaco,2086,9,7.96,ssp126
cariaco,2086,10,7.96,ssp126
cariaco,2086,11,7.97,ssp126
cariaco,2086,12,7.98,ssp126
cariaco,2087,1,7.99,ssp126
cariaco,2087,2,7.99,ssp126
cariaco,2087,3,7.98,ssp126
cariaco,2087,4,7.98,ssp126
cariaco,2087,5,7.98,ssp126
cariaco,2087,6,7.98,ssp126
cariaco,2087,7,7.98,ssp126
cariaco,2087,8,7.97,ssp126
cariaco,2087,9,7.97,ssp126
cariaco,2087,10,7.96,ssp126
cariaco,2087,11,7.97,ssp126
cariaco,2087,12,7.99,ssp126
cariaco,2088,1,7.98,ssp126
cariaco,2088,2,7.99,ssp126
cariaco,2088,3,7.98,ssp126
cariaco,2088,4,7.98,ssp126
cariaco,2088,5,7.98,ssp126
cariaco,2088,6,7.98,ssp126
cariaco,2088,7,7.98,ssp126
cariaco,2088,8,7.97,ssp126
cariaco,2088,9,7.97,ssp126
cariaco,2088,10,7.97,ssp126
cariaco,2088,11,7.97,ssp126
cariaco,2088,12,7.99,ssp126
cariaco,2089,1,7.99,ssp126
cariaco,2089,2,7.99,ssp126
cariaco,2089,3,7.99,ssp126
cariaco,2089,4,7.98,ssp126
cariaco,2089,5,7.99,ssp126
cariaco,2089,6,7.98,ssp126
cariaco,2089,7,7.98,ssp126
cariaco,2089,8,7.97,ssp126
cariaco,2089,9,7.97,ssp126
cariaco,2089,10,7.97,ssp126
cariaco,2089,11,7.96,ssp126
cariaco,2089,12,7.98,ssp126
cariaco,2090,1,7.99,ssp126
cariaco,2090,2,7.99,ssp126
cariaco,2090,3,7.98,ssp126
cariaco,2090,4,7.98,ssp126
cariaco,2090,5,7.99,ssp126
cariaco,2090,6,7.99,ssp126
cariaco,2090,7,7.98,ssp126
cariaco,2090,8,7.96,ssp126
cariaco,2090,9,7.96,ssp126
cariaco,2090,10,7.97,ssp126
cariaco,2090,11,7.97,ssp126
cariaco,2090,12,7.99,ssp126
cariaco,2091,1,7.99,ssp126
cariaco,2091,2,7.99,ssp126
cariaco,2091,3,7.99,ssp126
cariaco,2091,4,7.99,ssp126
cariaco,2091,5,7.99,ssp126
cariaco,2091,6,7.98,ssp126
cariaco,2091,7,7.98,ssp126
cariaco,2091,8,7.97,ssp126
cariaco,2091,9,7.97,ssp126
cariaco,2091,10,7.97,ssp126
cariaco,2091,11,7.97,ssp126
cariaco,2091,12,7.99,ssp126
cariaco,2092,1,7.99,ssp126
cariaco,2092,2,7.99,ssp126
cariaco,2092,3,7.99,ssp126
cariaco,2092,4,7.98,ssp126
cariaco,2092,5,7.99,ssp126
cariaco,2092,6,7.99,ssp126
cariaco,2092,7,7.98,ssp126
cariaco,2092,8,7.97,ssp126
cariaco,2092,9,7.97,ssp126
cariaco,2092,10,7.97,ssp126
cariaco,2092,11,7.98,ssp126
cariaco,2092,12,7.99,ssp126
cariaco,2093,1,7.99,ssp126
cariaco,2093,2,7.99,ssp126
cariaco,2093,3,7.99,ssp126
cariaco,2093,4,7.98,ssp126
cariaco,2093,5,7.98,ssp126
cariaco,2093,6,7.98,ssp126
cariaco,2093,7,7.97,ssp126
cariaco,2093,8,7.97,ssp126
cariaco,2093,9,7.96,ssp126
cariaco,2093,10,7.97,ssp126
cariaco,2093,11,7.97,ssp126
cariaco,2093,12,7.98,ssp126
cariaco,2094,1,7.99,ssp126
cariaco,2094,2,7.99,ssp126
cariaco,2094,3,7.99,ssp126
cariaco,2094,4,7.98,ssp126
cariaco,2094,5,7.98,ssp126
cariaco,2094,6,7.98,ssp126
cariaco,2094,7,7.97,ssp126
cariaco,2094,8,7.97,ssp126
cariaco,2094,9,7.97,ssp126
cariaco,2094,10,7.97,ssp126
cariaco,2094,11,7.96,ssp126
cariaco,2094,12,7.98,ssp126
cariaco,2095,1,7.99,ssp126
cariaco,2095,2,7.99,ssp126
cariaco,2095,3,7.98,ssp126
cariaco,2095,4,7.98,ssp126
cariaco,2095,5,7.98,ssp126
cariaco,2095,6,7.98,ssp126
cariaco,2095,7,7.98,ssp126
cariaco,2095,8,7.97,ssp126
cariaco,2095,9,7.96,ssp126
cariaco,2095,10,7.96,ssp126
cariaco,2095,11,7.97,ssp126
cariaco,2095,12,7.98,ssp126
cariaco,2096,1,7.99,ssp126
cariaco,2096,2,7.99,ssp126
cariaco,2096,3,7.99,ssp126
cariaco,2096,4,7.98,ssp126
cariaco,2096,5,7.98,ssp126
cariaco,2096,6,7.98,ssp126
cariaco,2096,7,7.98,ssp126
cariaco,2096,8,7.97,ssp126
cariaco,2096,9,7.97,ssp126
cariaco,2096,10,7.97,ssp126
cariaco,2096,11,7.97,ssp126
cariaco,2096,12,7.99,ssp126
cariaco,2097,1,7.99,ssp126
cariaco,2097,2,7.99,ssp126
cariaco,2097,3,7.99,ssp126
cariaco,2097,4,7.99,ssp126
cariaco,2097,5,7.99,ssp126
cariaco,2097,6,7.98,ssp126
cariaco,2097,7,7.98,ssp126
cariaco,2097,8,7.97,ssp126
cariaco,2097,9,7.97,ssp126
cariaco,2097,10,7.97,ssp126
cariaco,2097,11,7.98,ssp126
cariaco,2097,12,7.99,ssp126
cariaco,2098,1,7.99,ssp126
cariaco,2098,2,7.99,ssp126
cariaco,2098,3,7.98,ssp126
cariaco,2098,4,7.99,ssp126
cariaco,2098,5,7.99,ssp126
cariaco,2098,6,7.98,ssp126
cariaco,2098,7,7.98,ssp126
cariaco,2098,8,7.97,ssp126
cariaco,2098,9,7.97,ssp126
cariaco,2098,10,7.97,ssp126
cariaco,2098,11,7.97,ssp126
cariaco,2098,12,7.99,ssp126
cariaco,2099,1,7.99,ssp126
cariaco,2099,2,7.99,ssp126
cariaco,2099,3,7.99,ssp126
cariaco,2099,4,7.99,ssp126
cariaco,2099,5,7.99,ssp126
cariaco,2099,6,7.99,ssp126
cariaco,2099,7,7.98,ssp126
cariaco,2099,8,7.97,ssp126
cariaco,2099,9,7.97,ssp126
cariaco,2099,10,7.97,ssp126
cariaco,2099,11,7.98,ssp126
cariaco,2099,12,7.99,ssp126
cariaco,2100,1,7.99,ssp126
cariaco,2100,2,7.99,ssp126
cariaco,2100,3,7.99,ssp126
cariaco,2100,4,7.99,ssp126
cariaco,2100,5,7.99,ssp126
cariaco,2100,6,7.99,ssp126
cariaco,2100,7,7.98,ssp126
cariaco,2100,8,7.97,ssp126
cariaco,2100,9,7.97,ssp126
cariaco,2100,10,7.97,ssp126
cariaco,2100,11,7.98,ssp126
cariaco,2100,12,7.99,ssp126
cariaco,2015,1,8.05,ssp245
cariaco,2015,2,8.04,ssp245
cariaco,2015,3,8.05,ssp245
cariaco,2015,4,8.05,ssp245
cariaco,2015,5,8.05,ssp245
cariaco,2015,6,8.04,ssp245
cariaco,2015,7,8.03,ssp245
cariaco,2015,8,8.02,ssp245
cariaco,2015,9,8.02,ssp245
cariaco,2015,10,8.02,ssp245
cariaco,2015,11,8.03,ssp245
cariaco,2015,12,8.04,ssp245
cariaco,2016,1,8.05,ssp245
cariaco,2016,2,8.05,ssp245
cariaco,2016,3,8.05,ssp245
cariaco,2016,4,8.05,ssp245
cariaco,2016,5,8.04,ssp245
cariaco,2016,6,8.04,ssp245
cariaco,2016,7,8.03,ssp245
cariaco,2016,8,8.02,ssp245
cariaco,2016,9,8.02,ssp245
cariaco,2016,10,8.02,ssp245
cariaco,2016,11,8.02,ssp245
cariaco,2016,12,8.04,ssp245
cariaco,2017,1,8.04,ssp245
cariaco,2017,2,8.04,ssp245
cariaco,2017,3,8.04,ssp245
cariaco,2017,4,8.04,ssp245
cariaco,2017,5,8.04,ssp245
cariaco,2017,6,8.04,ssp245
cariaco,2017,7,8.03,ssp245
cariaco,2017,8,8.02,ssp245
cariaco,2017,9,8.02,ssp245
cariaco,2017,10,8.01,ssp245
cariaco,2017,11,8.01,ssp245
cariaco,2017,12,8.03,ssp245
cariaco,2018,1,8.04,ssp245
cariaco,2018,2,8.04,ssp245
cariaco,2018,3,8.05,ssp245
cariaco,2018,4,8.04,ssp245
cariaco,2018,5,8.04,ssp245
cariaco,2018,6,8.04,ssp245
cariaco,2018,7,8.03,ssp245
cariaco,2018,8,8.01,ssp245
cariaco,2018,9,8.01,ssp245
cariaco,2018,10,8.01,ssp245
cariaco,2018,11,8.02,ssp245
cariaco,2018,12,8.03,ssp245
cariaco,2019,1,8.04,ssp245
cariaco,2019,2,8.04,ssp245
cariaco,2019,3,8.04,ssp245
cariaco,2019,4,8.04,ssp245
cariaco,2019,5,8.04,ssp245
cariaco,2019,6,8.03,ssp245
cariaco,2019,7,8.03,ssp245
cariaco,2019,8,8.01,ssp245
cariaco,2019,9,8.01,ssp245
cariaco,2019,10,8.01,ssp245
cariaco,2019,11,8.01,ssp245
cariaco,2019,12,8.02,ssp245
cariaco,2020,1,8.03,ssp245
cariaco,2020,2,8.04,ssp245
cariaco,2020,3,8.03,ssp245
cariaco,2020,4,8.04,ssp245
cariaco,2020,5,8.04,ssp245
cariaco,2020,6,8.03,ssp245
cariaco,2020,7,8.02,ssp245
cariaco,2020,8,8.01,ssp245
cariaco,2020,9,8.01,ssp245
cariaco,2020,10,8.01,ssp245
cariaco,2020,11,8.02,ssp245
cariaco,2020,12,8.03,ssp245
cariaco,2021,1,8.04,ssp245
cariaco,2021,2,8.03,ssp245
cariaco,2021,3,8.03,ssp245
cariaco,2021,4,8.02,ssp245
cariaco,2021,5,8.02,ssp245
cariaco,2021,6,8.02,ssp245
cariaco,2021,7,8.02,ssp245
cariaco,2021,8,8.01,ssp245
cariaco,2021,9,8.01,ssp245
cariaco,2021,10,8.01,ssp245
cariaco,2021,11,8.01,ssp245
cariaco,2021,12,8.03,ssp245
cariaco,2022,1,8.03,ssp245
cariaco,2022,2,8.04,ssp245
cariaco,2022,3,8.03,ssp245
cariaco,2022,4,8.03,ssp245
cariaco,2022,5,8.03,ssp245
cariaco,2022,6,8.02,ssp245
cariaco,2022,7,8.02,ssp245
cariaco,2022,8,8.01,ssp245
cariaco,2022,9,8,ssp245
cariaco,2022,10,8,ssp245
cariaco,2022,11,8,ssp245
cariaco,2022,12,8.02,ssp245
cariaco,2023,1,8.03,ssp245
cariaco,2023,2,8.04,ssp245
cariaco,2023,3,8.03,ssp245
cariaco,2023,4,8.03,ssp245
cariaco,2023,5,8.03,ssp245
cariaco,2023,6,8.03,ssp245
cariaco,2023,7,8.02,ssp245
cariaco,2023,8,8.01,ssp245
cariaco,2023,9,8.01,ssp245
cariaco,2023,10,8,ssp245
cariaco,2023,11,8,ssp245
cariaco,2023,12,8.02,ssp245
cariaco,2024,1,8.02,ssp245
cariaco,2024,2,8.03,ssp245
cariaco,2024,3,8.03,ssp245
cariaco,2024,4,8.02,ssp245
cariaco,2024,5,8.03,ssp245
cariaco,2024,6,8.02,ssp245
cariaco,2024,7,8.01,ssp245
cariaco,2024,8,7.99,ssp245
cariaco,2024,9,8,ssp245
cariaco,2024,10,7.99,ssp245
cariaco,2024,11,8,ssp245
cariaco,2024,12,8.02,ssp245
cariaco,2025,1,8.02,ssp245
cariaco,2025,2,8.03,ssp245
cariaco,2025,3,8.03,ssp245
cariaco,2025,4,8.03,ssp245
cariaco,2025,5,8.02,ssp245
cariaco,2025,6,8.02,ssp245
cariaco,2025,7,8.01,ssp245
cariaco,2025,8,8,ssp245
cariaco,2025,9,7.99,ssp245
cariaco,2025,10,7.99,ssp245
cariaco,2025,11,8,ssp245
cariaco,2025,12,8.01,ssp245
cariaco,2026,1,8.02,ssp245
cariaco,2026,2,8.03,ssp245
cariaco,2026,3,8.03,ssp245
cariaco,2026,4,8.02,ssp245
cariaco,2026,5,8.03,ssp245
cariaco,2026,6,8.02,ssp245
cariaco,2026,7,8,ssp245
cariaco,2026,8,7.99,ssp245
cariaco,2026,9,7.99,ssp245
cariaco,2026,10,7.99,ssp245
cariaco,2026,11,7.99,ssp245
cariaco,2026,12,8.01,ssp245
cariaco,2027,1,8.03,ssp245
cariaco,2027,2,8.02,ssp245
cariaco,2027,3,8.02,ssp245
cariaco,2027,4,8.03,ssp245
cariaco,2027,5,8.02,ssp245
cariaco,2027,6,8.02,ssp245
cariaco,2027,7,8.01,ssp245
cariaco,2027,8,8,ssp245
cariaco,2027,9,7.99,ssp245
cariaco,2027,10,7.99,ssp245
cariaco,2027,11,7.99,ssp245
cariaco,2027,12,8.01,ssp245
cariaco,2028,1,8.01,ssp245
cariaco,2028,2,8.02,ssp245
cariaco,2028,3,8.02,ssp245
cariaco,2028,4,8.02,ssp245
cariaco,2028,5,8.02,ssp245
cariaco,2028,6,8.01,ssp245
cariaco,2028,7,8.01,ssp245
cariaco,2028,8,8,ssp245
cariaco,2028,9,7.99,ssp245
cariaco,2028,10,7.99,ssp245
cariaco,2028,11,8,ssp245
cariaco,2028,12,8.01,ssp245
cariaco,2029,1,8.02,ssp245
cariaco,2029,2,8.02,ssp245
cariaco,2029,3,8.02,ssp245
cariaco,2029,4,8.01,ssp245
cariaco,2029,5,8.01,ssp245
cariaco,2029,6,8,ssp245
cariaco,2029,7,7.99,ssp245
cariaco,2029,8,7.99,ssp245
cariaco,2029,9,7.99,ssp245
cariaco,2029,10,7.99,ssp245
cariaco,2029,11,8,ssp245
cariaco,2029,12,8.01,ssp245
cariaco,2030,1,8.02,ssp245
cariaco,2030,2,8.02,ssp245
cariaco,2030,3,8.02,ssp245
cariaco,2030,4,8.02,ssp245
cariaco,2030,5,8.02,ssp245
cariaco,2030,6,8.01,ssp245
cariaco,2030,7,8.01,ssp245
cariaco,2030,8,7.99,ssp245
cariaco,2030,9,7.99,ssp245
cariaco,2030,10,7.99,ssp245
cariaco,2030,11,7.99,ssp245
cariaco,2030,12,8,ssp245
cariaco,2031,1,8.01,ssp245
cariaco,2031,2,8.01,ssp245
cariaco,2031,3,8.01,ssp245
cariaco,2031,4,8.01,ssp245
cariaco,2031,5,8.01,ssp245
cariaco,2031,6,8.01,ssp245
cariaco,2031,7,8,ssp245
cariaco,2031,8,7.99,ssp245
cariaco,2031,9,7.99,ssp245
cariaco,2031,10,7.99,ssp245
cariaco,2031,11,7.99,ssp245
cariaco,2031,12,8,ssp245
cariaco,2032,1,8.01,ssp245
cariaco,2032,2,8.01,ssp245
cariaco,2032,3,8,ssp245
cariaco,2032,4,8,ssp245
cariaco,2032,5,8.01,ssp245
cariaco,2032,6,8,ssp245
cariaco,2032,7,7.99,ssp245
cariaco,2032,8,7.98,ssp245
cariaco,2032,9,7.98,ssp245
cariaco,2032,10,7.98,ssp245
cariaco,2032,11,7.98,ssp245
cariaco,2032,12,7.99,ssp245
cariaco,2033,1,8,ssp245
cariaco,2033,2,8.01,ssp245
cariaco,2033,3,8,ssp245
cariaco,2033,4,8,ssp245
cariaco,2033,5,8,ssp245
cariaco,2033,6,8,ssp245
cariaco,2033,7,8,ssp245
cariaco,2033,8,7.98,ssp245
cariaco,2033,9,7.98,ssp245
cariaco,2033,10,7.98,ssp245
cariaco,2033,11,7.99,ssp245
cariaco,2033,12,8,ssp245
cariaco,2034,1,8.01,ssp245
cariaco,2034,2,8.01,ssp245
cariaco,2034,3,8.01,ssp245
cariaco,2034,4,8,ssp245
cariaco,2034,5,8.01,ssp245
cariaco,2034,6,8,ssp245
cariaco,2034,7,7.99,ssp245
cariaco,2034,8,7.98,ssp245
cariaco,2034,9,7.98,ssp245
cariaco,2034,10,7.97,ssp245
cariaco,2034,11,7.98,ssp245
cariaco,2034,12,8,ssp245
cariaco,2035,1,8,ssp245
cariaco,2035,2,8,ssp245
cariaco,2035,3,8,ssp245
cariaco,2035,4,8,ssp245
cariaco,2035,5,8,ssp245
cariaco,2035,6,8,ssp245
cariaco,2035,7,7.99,ssp245
cariaco,2035,8,7.97,ssp245
cariaco,2035,9,7.97,ssp245
cariaco,2035,10,7.97,ssp245
cariaco,2035,11,7.97,ssp245
cariaco,2035,12,7.99,ssp245
cariaco,2036,1,8,ssp245
cariaco,2036,2,8,ssp245
cariaco,2036,3,8,ssp245
cariaco,2036,4,7.99,ssp245
cariaco,2036,5,7.99,ssp245
cariaco,2036,6,7.99,ssp245
cariaco,2036,7,7.98,ssp245
cariaco,2036,8,7.97,ssp245
cariaco,2036,9,7.96,ssp245
cariaco,2036,10,7.96,ssp245
cariaco,2036,11,7.96,ssp245
cariaco,2036,12,7.98,ssp245
cariaco,2037,1,7.99,ssp245
cariaco,2037,2,8,ssp245
cariaco,2037,3,8,ssp245
cariaco,2037,4,7.99,ssp245
cariaco,2037,5,7.99,ssp245
cariaco,2037,6,7.99,ssp245
cariaco,2037,7,7.98,ssp245
cariaco,2037,8,7.97,ssp245
cariaco,2037,9,7.97,ssp245
cariaco,2037,10,7.96,ssp245
cariaco,2037,11,7.96,ssp245
cariaco,2037,12,7.98,ssp245
cariaco,2038,1,7.99,ssp245
cariaco,2038,2,7.99,ssp245
cariaco,2038,3,8,ssp245
cariaco,2038,4,7.99,ssp245
cariaco,2038,5,7.99,ssp245
cariaco,2038,6,7.99,ssp245
cariaco,2038,7,7.98,ssp245
cariaco,2038,8,7.96,ssp245
cariaco,2038,9,7.96,ssp245
cariaco,2038,10,7.96,ssp245
cariaco,2038,11,7.96,ssp245
cariaco,2038,12,7.98,ssp245
cariaco,2039,1,7.99,ssp245
cariaco,2039,2,7.99,ssp245
cariaco,2039,3,7.99,ssp245
cariaco,2039,4,7.99,ssp245
cariaco,2039,5,7.99,ssp245
cariaco,2039,6,7.99,ssp245
cariaco,2039,7,7.98,ssp245
cariaco,2039,8,7.97,ssp245
cariaco,2039,9,7.97,ssp245
cariaco,2039,10,7.97,ssp245
cariaco,2039,11,7.97,ssp245
cariaco,2039,12,7.99,ssp245
cariaco,2040,1,7.99,ssp245
cariaco,2040,2,7.99,ssp245
cariaco,2040,3,7.98,ssp245
cariaco,2040,4,7.99,ssp245
cariaco,2040,5,7.99,ssp245
cariaco,2040,6,7.98,ssp245
cariaco,2040,7,7.98,ssp245
cariaco,2040,8,7.97,ssp245
cariaco,2040,9,7.97,ssp245
cariaco,2040,10,7.97,ssp245
cariaco,2040,11,7.97,ssp245
cariaco,2040,12,7.98,ssp245
cariaco,2041,1,7.99,ssp245
cariaco,2041,2,7.99,ssp245
cariaco,2041,3,7.99,ssp245
cariaco,2041,4,7.99,ssp245
cariaco,2041,5,7.99,ssp245
cariaco,2041,6,7.99,ssp245
cariaco,2041,7,7.97,ssp245
cariaco,2041,8,7.97,ssp245
cariaco,2041,9,7.97,ssp245
cariaco,2041,10,7.97,ssp245
cariaco,2041,11,7.97,ssp245
cariaco,2041,12,7.98,ssp245
cariaco,2042,1,7.99,ssp245
cariaco,2042,2,7.98,ssp245
cariaco,2042,3,7.99,ssp245
cariaco,2042,4,7.99,ssp245
cariaco,2042,5,7.98,ssp245
cariaco,2042,6,7.98,ssp245
cariaco,2042,7,7.97,ssp245
cariaco,2042,8,7.96,ssp245
cariaco,2042,9,7.96,ssp245
cariaco,2042,10,7.95,ssp245
cariaco,2042,11,7.96,ssp245
cariaco,2042,12,7.98,ssp245
cariaco,2043,1,7.98,ssp245
cariaco,2043,2,7.98,ssp245
cariaco,2043,3,7.98,ssp245
cariaco,2043,4,7.98,ssp245
cariaco,2043,5,7.98,ssp245
cariaco,2043,6,7.98,ssp245
cariaco,2043,7,7.96,ssp245
cariaco,2043,8,7.95,ssp245
cariaco,2043,9,7.95,ssp245
cariaco,2043,10,7.95,ssp245
cariaco,2043,11,7.95,ssp245
cariaco,2043,12,7.97,ssp245
cariaco,2044,1,7.97,ssp245
cariaco,2044,2,7.98,ssp245
cariaco,2044,3,7.98,ssp245
cariaco,2044,4,7.98,ssp245
cariaco,2044,5,7.98,ssp245
cariaco,2044,6,7.98,ssp245
cariaco,2044,7,7.96,ssp245
cariaco,2044,8,7.96,ssp245
cariaco,2044,9,7.96,ssp245
cariaco,2044,10,7.95,ssp245
cariaco,2044,11,7.95,ssp245
cariaco,2044,12,7.97,ssp245
cariaco,2045,1,7.98,ssp245
cariaco,2045,2,7.99,ssp245
cariaco,2045,3,7.99,ssp245
cariaco,2045,4,7.99,ssp245
cariaco,2045,5,7.98,ssp245
cariaco,2045,6,7.98,ssp245
cariaco,2045,7,7.97,ssp245
cariaco,2045,8,7.96,ssp245
cariaco,2045,9,7.95,ssp245
cariaco,2045,10,7.95,ssp245
cariaco,2045,11,7.96,ssp245
cariaco,2045,12,7.97,ssp245
cariaco,2046,1,7.98,ssp245
cariaco,2046,2,7.98,ssp245
cariaco,2046,3,7.98,ssp245
cariaco,2046,4,7.97,ssp245
cariaco,2046,5,7.98,ssp245
cariaco,2046,6,7.97,ssp245
cariaco,2046,7,7.96,ssp245
cariaco,2046,8,7.95,ssp245
cariaco,2046,9,7.95,ssp245
cariaco,2046,10,7.95,ssp245
cariaco,2046,11,7.96,ssp245
cariaco,2046,12,7.96,ssp245
cariaco,2047,1,7.97,ssp245
cariaco,2047,2,7.97,ssp245
cariaco,2047,3,7.97,ssp245
cariaco,2047,4,7.97,ssp245
cariaco,2047,5,7.97,ssp245
cariaco,2047,6,7.97,ssp245
cariaco,2047,7,7.96,ssp245
cariaco,2047,8,7.95,ssp245
cariaco,2047,9,7.95,ssp245
cariaco,2047,10,7.95,ssp245
cariaco,2047,11,7.95,ssp245
cariaco,2047,12,7.96,ssp245
cariaco,2048,1,7.97,ssp245
cariaco,2048,2,7.97,ssp245
cariaco,2048,3,7.97,ssp245
cariaco,2048,4,7.97,ssp245
cariaco,2048,5,7.97,ssp245
cariaco,2048,6,7.97,ssp245
cariaco,2048,7,7.96,ssp245
cariaco,2048,8,7.95,ssp245
cariaco,2048,9,7.95,ssp245
cariaco,2048,10,7.94,ssp245
cariaco,2048,11,7.95,ssp245
cariaco,2048,12,7.96,ssp245
cariaco,2049,1,7.97,ssp245
cariaco,2049,2,7.97,ssp245
cariaco,2049,3,7.97,ssp245
cariaco,2049,4,7.96,ssp245
cariaco,2049,5,7.96,ssp245
cariaco,2049,6,7.96,ssp245
cariaco,2049,7,7.95,ssp245
cariaco,2049,8,7.94,ssp245
cariaco,2049,9,7.95,ssp245
cariaco,2049,10,7.94,ssp245
cariaco,2049,11,7.95,ssp245
cariaco,2049,12,7.96,ssp245
cariaco,2050,1,7.97,ssp245
cariaco,2050,2,7.97,ssp245
cariaco,2050,3,7.96,ssp245
cariaco,2050,4,7.96,ssp245
cariaco,2050,5,7.97,ssp245
cariaco,2050,6,7.96,ssp245
cariaco,2050,7,7.96,ssp245
cariaco,2050,8,7.94,ssp245
cariaco,2050,9,7.95,ssp245
cariaco,2050,10,7.94,ssp245
cariaco,2050,11,7.95,ssp245
cariaco,2050,12,7.96,ssp245
cariaco,2051,1,7.97,ssp245
cariaco,2051,2,7.97,ssp245
cariaco,2051,3,7.97,ssp245
cariaco,2051,4,7.97,ssp245
cariaco,2051,5,7.97,ssp245
cariaco,2051,6,7.97,ssp245
cariaco,2051,7,7.95,ssp245
cariaco,2051,8,7.95,ssp245
cariaco,2051,9,7.95,ssp245
cariaco,2051,10,7.94,ssp245
cariaco,2051,11,7.95,ssp245
cariaco,2051,12,7.95,ssp245
cariaco,2052,1,7.96,ssp245
cariaco,2052,2,7.95,ssp245
cariaco,2052,3,7.96,ssp245
cariaco,2052,4,7.96,ssp245
cariaco,2052,5,7.96,ssp245
cariaco,2052,6,7.96,ssp245
cariaco,2052,7,7.95,ssp245
cariaco,2052,8,7.94,ssp245
cariaco,2052,9,7.93,ssp245
cariaco,2052,10,7.94,ssp245
cariaco,2052,11,7.94,ssp245
cariaco,2052,12,7.95,ssp245
cariaco,2053,1,7.96,ssp245
cariaco,2053,2,7.96,ssp245
cariaco,2053,3,7.96,ssp245
cariaco,2053,4,7.96,ssp245
cariaco,2053,5,7.95,ssp245
cariaco,2053,6,7.96,ssp245
cariaco,2053,7,7.95,ssp245
cariaco,2053,8,7.94,ssp245
cariaco,2053,9,7.93,ssp245
cariaco,2053,10,7.94,ssp245
cariaco,2053,11,7.94,ssp245
cariaco,2053,12,7.95,ssp245
cariaco,2054,1,7.95,ssp245
cariaco,2054,2,7.96,ssp245
cariaco,2054,3,7.96,ssp245
cariaco,2054,4,7.95,ssp245
cariaco,2054,5,7.96,ssp245
cariaco,2054,6,7.95,ssp245
cariaco,2054,7,7.94,ssp245
cariaco,2054,8,7.93,ssp245
cariaco,2054,9,7.93,ssp245
cariaco,2054,10,7.94,ssp245
cariaco,2054,11,7.94,ssp245
cariaco,2054,12,7.95,ssp245
cariaco,2055,1,7.96,ssp245
cariaco,2055,2,7.95,ssp245
cariaco,2055,3,7.95,ssp245
cariaco,2055,4,7.96,ssp245
cariaco,2055,5,7.95,ssp245
cariaco,2055,6,7.95,ssp245
cariaco,2055,7,7.95,ssp245
cariaco,2055,8,7.93,ssp245
cariaco,2055,9,7.92,ssp245
cariaco,2055,10,7.93,ssp245
cariaco,2055,11,7.94,ssp245
cariaco,2055,12,7.95,ssp245
cariaco,2056,1,7.95,ssp245
cariaco,2056,2,7.96,ssp245
cariaco,2056,3,7.96,ssp245
cariaco,2056,4,7.96,ssp245
cariaco,2056,5,7.95,ssp245
cariaco,2056,6,7.95,ssp245
cariaco,2056,7,7.94,ssp245
cariaco,2056,8,7.93,ssp245
cariaco,2056,9,7.92,ssp245
cariaco,2056,10,7.92,ssp245
cariaco,2056,11,7.93,ssp245
cariaco,2056,12,7.95,ssp245
cariaco,2057,1,7.95,ssp245
cariaco,2057,2,7.95,ssp245
cariaco,2057,3,7.95,ssp245
cariaco,2057,4,7.95,ssp245
cariaco,2057,5,7.95,ssp245
cariaco,2057,6,7.95,ssp245
cariaco,2057,7,7.94,ssp245
cariaco,2057,8,7.92,ssp245
cariaco,2057,9,7.92,ssp245
cariaco,2057,10,7.92,ssp245
cariaco,2057,11,7.93,ssp245
cariaco,2057,12,7.94,ssp245
cariaco,2058,1,7.95,ssp245
cariaco,2058,2,7.95,ssp245
cariaco,2058,3,7.95,ssp245
cariaco,2058,4,7.95,ssp245
cariaco,2058,5,7.95,ssp245
cariaco,2058,6,7.95,ssp245
cariaco,2058,7,7.94,ssp245
cariaco,2058,8,7.93,ssp245
cariaco,2058,9,7.93,ssp245
cariaco,2058,10,7.93,ssp245
cariaco,2058,11,7.93,ssp245
cariaco,2058,12,7.94,ssp245
cariaco,2059,1,7.95,ssp245
cariaco,2059,2,7.95,ssp245
cariaco,2059,3,7.95,ssp245
cariaco,2059,4,7.95,ssp245
cariaco,2059,5,7.95,ssp245
cariaco,2059,6,7.94,ssp245
cariaco,2059,7,7.93,ssp245
cariaco,2059,8,7.93,ssp245
cariaco,2059,9,7.92,ssp245
cariaco,2059,10,7.92,ssp245
cariaco,2059,11,7.93,ssp245
cariaco,2059,12,7.94,ssp245
cariaco,2060,1,7.95,ssp245
cariaco,2060,2,7.94,ssp245
cariaco,2060,3,7.95,ssp245
cariaco,2060,4,7.94,ssp245
cariaco,2060,5,7.94,ssp245
cariaco,2060,6,7.94,ssp245
cariaco,2060,7,7.93,ssp245
cariaco,2060,8,7.92,ssp245
cariaco,2060,9,7.92,ssp245
cariaco,2060,10,7.92,ssp245
cariaco,2060,11,7.92,ssp245
cariaco,2060,12,7.93,ssp245
cariaco,2061,1,7.94,ssp245
cariaco,2061,2,7.95,ssp245
cariaco,2061,3,7.94,ssp245
cariaco,2061,4,7.94,ssp245
cariaco,2061,5,7.95,ssp245
cariaco,2061,6,7.94,ssp245
cariaco,2061,7,7.93,ssp245
cariaco,2061,8,7.92,ssp245
cariaco,2061,9,7.92,ssp245
cariaco,2061,10,7.92,ssp245
cariaco,2061,11,7.92,ssp245
cariaco,2061,12,7.94,ssp245
cariaco,2062,1,7.94,ssp245
cariaco,2062,2,7.94,ssp245
cariaco,2062,3,7.94,ssp245
cariaco,2062,4,7.94,ssp245
cariaco,2062,5,7.94,ssp245
cariaco,2062,6,7.94,ssp245
cariaco,2062,7,7.93,ssp245
cariaco,2062,8,7.91,ssp245
cariaco,2062,9,7.92,ssp245
cariaco,2062,10,7.92,ssp245
cariaco,2062,11,7.92,ssp245
cariaco,2062,12,7.93,ssp245
cariaco,2063,1,7.94,ssp245
cariaco,2063,2,7.94,ssp245
cariaco,2063,3,7.94,ssp245
cariaco,2063,4,7.94,ssp245
cariaco,2063,5,7.94,ssp245
cariaco,2063,6,7.94,ssp245
cariaco,2063,7,7.93,ssp245
cariaco,2063,8,7.92,ssp245
cariaco,2063,9,7.93,ssp245
cariaco,2063,10,7.92,ssp245
cariaco,2063,11,7.93,ssp245
cariaco,2063,12,7.94,ssp245
cariaco,2064,1,7.94,ssp245
cariaco,2064,2,7.94,ssp245
cariaco,2064,3,7.94,ssp245
cariaco,2064,4,7.94,ssp245
cariaco,2064,5,7.94,ssp245
cariaco,2064,6,7.93,ssp245
cariaco,2064,7,7.93,ssp245
cariaco,2064,8,7.92,ssp245
cariaco,2064,9,7.92,ssp245
cariaco,2064,10,7.91,ssp245
cariaco,2064,11,7.92,ssp245
cariaco,2064,12,7.93,ssp245
cariaco,2065,1,7.93,ssp245
cariaco,2065,2,7.93,ssp245
cariaco,2065,3,7.93,ssp245
cariaco,2065,4,7.93,ssp245
cariaco,2065,5,7.93,ssp245
cariaco,2065,6,7.93,ssp245
cariaco,2065,7,7.92,ssp245
cariaco,2065,8,7.91,ssp245
cariaco,2065,9,7.91,ssp245
cariaco,2065,10,7.91,ssp245
cariaco,2065,11,7.91,ssp245
cariaco,2065,12,7.93,ssp245
cariaco,2066,1,7.93,ssp245
cariaco,2066,2,7.94,ssp245
cariaco,2066,3,7.93,ssp245
cariaco,2066,4,7.93,ssp245
cariaco,2066,5,7.93,ssp245
cariaco,2066,6,7.93,ssp245
cariaco,2066,7,7.92,ssp245
cariaco,2066,8,7.91,ssp245
cariaco,2066,9,7.91,ssp245
cariaco,2066,10,7.91,ssp245
cariaco,2066,11,7.92,ssp245
cariaco,2066,12,7.92,ssp245
cariaco,2067,1,7.93,ssp245
cariaco,2067,2,7.93,ssp245
cariaco,2067,3,7.93,ssp245
cariaco,2067,4,7.93,ssp245
cariaco,2067,5,7.93,ssp245
cariaco,2067,6,7.92,ssp245
cariaco,2067,7,7.92,ssp245
cariaco,2067,8,7.91,ssp245
cariaco,2067,9,7.91,ssp245
cariaco,2067,10,7.91,ssp245
cariaco,2067,11,7.92,ssp245
cariaco,2067,12,7.92,ssp245
cariaco,2068,1,7.93,ssp245
cariaco,2068,2,7.93,ssp245
cariaco,2068,3,7.92,ssp245
cariaco,2068,4,7.93,ssp245
cariaco,2068,5,7.92,ssp245
cariaco,2068,6,7.93,ssp245
cariaco,2068,7,7.92,ssp245
cariaco,2068,8,7.91,ssp245
cariaco,2068,9,7.91,ssp245
cariaco,2068,10,7.91,ssp245
cariaco,2068,11,7.91,ssp245
cariaco,2068,12,7.93,ssp245
cariaco,2069,1,7.93,ssp245
cariaco,2069,2,7.93,ssp245
cariaco,2069,3,7.93,ssp245
cariaco,2069,4,7.93,ssp245
cariaco,2069,5,7.93,ssp245
cariaco,2069,6,7.93,ssp245
cariaco,2069,7,7.92,ssp245
cariaco,2069,8,7.91,ssp245
cariaco,2069,9,7.91,ssp245
cariaco,2069,10,7.91,ssp245
cariaco,2069,11,7.92,ssp245
cariaco,2069,12,7.93,ssp245
cariaco,2070,1,7.93,ssp245
cariaco,2070,2,7.93,ssp245
cariaco,2070,3,7.93,ssp245
cariaco,2070,4,7.93,ssp245
cariaco,2070,5,7.93,ssp245
cariaco,2070,6,7.92,ssp245
cariaco,2070,7,7.92,ssp245
cariaco,2070,8,7.91,ssp245
cariaco,2070,9,7.91,ssp245
cariaco,2070,10,7.92,ssp245
cariaco,2070,11,7.92,ssp245
cariaco,2070,12,7.92,ssp245
cariaco,2071,1,7.93,ssp245
cariaco,2071,2,7.93,ssp245
cariaco,2071,3,7.92,ssp245
cariaco,2071,4,7.93,ssp245
cariaco,2071,5,7.93,ssp245
cariaco,2071,6,7.93,ssp245
cariaco,2071,7,7.92,ssp245
cariaco,2071,8,7.91,ssp245
cariaco,2071,9,7.91,ssp245
cariaco,2071,10,7.9,ssp245
cariaco,2071,11,7.9,ssp245
cariaco,2071,12,7.92,ssp245
cariaco,2072,1,7.93,ssp245
cariaco,2072,2,7.93,ssp245
cariaco,2072,3,7.92,ssp245
cariaco,2072,4,7.92,ssp245
cariaco,2072,5,7.92,ssp245
cariaco,2072,6,7.92,ssp245
cariaco,2072,7,7.91,ssp245
cariaco,2072,8,7.9,ssp245
cariaco,2072,9,7.9,ssp245
cariaco,2072,10,7.91,ssp245
cariaco,2072,11,7.91,ssp245
cariaco,2072,12,7.92,ssp245
cariaco,2073,1,7.93,ssp245
cariaco,2073,2,7.93,ssp245
cariaco,2073,3,7.93,ssp245
cariaco,2073,4,7.92,ssp245
cariaco,2073,5,7.92,ssp245
cariaco,2073,6,7.92,ssp245
cariaco,2073,7,7.91,ssp245
cariaco,2073,8,7.9,ssp245
cariaco,2073,9,7.9,ssp245
cariaco,2073,10,7.9,ssp245
cariaco,2073,11,7.9,ssp245
cariaco,2073,12,7.91,ssp245
cariaco,2074,1,7.92,ssp245
cariaco,2074,2,7.92,ssp245
cariaco,2074,3,7.92,ssp245
cariaco,2074,4,7.92,ssp245
cariaco,2074,5,7.92,ssp245
cariaco,2074,6,7.91,ssp245
cariaco,2074,7,7.91,ssp245
cariaco,2074,8,7.9,ssp245
cariaco,2074,9,7.9,ssp245
cariaco,2074,10,7.91,ssp245
cariaco,2074,11,7.91,ssp245
cariaco,2074,12,7.92,ssp245
cariaco,2075,1,7.92,ssp245
cariaco,2075,2,7.91,ssp245
cariaco,2075,3,7.91,ssp245
cariaco,2075,4,7.91,ssp245
cariaco,2075,5,7.91,ssp245
cariaco,2075,6,7.91,ssp245
cariaco,2075,7,7.91,ssp245
cariaco,2075,8,7.9,ssp245
cariaco,2075,9,7.9,ssp245
cariaco,2075,10,7.9,ssp245
cariaco,2075,11,7.9,ssp245
cariaco,2075,12,7.91,ssp245
cariaco,2076,1,7.92,ssp245
cariaco,2076,2,7.91,ssp245
cariaco,2076,3,7.91,ssp245
cariaco,2076,4,7.91,ssp245
cariaco,2076,5,7.91,ssp245
cariaco,2076,6,7.91,ssp245
cariaco,2076,7,7.9,ssp245
cariaco,2076,8,7.89,ssp245
cariaco,2076,9,7.89,ssp245
cariaco,2076,10,7.9,ssp245
cariaco,2076,11,7.89,ssp245
cariaco,2076,12,7.91,ssp245
cariaco,2077,1,7.91,ssp245
cariaco,2077,2,7.91,ssp245
cariaco,2077,3,7.91,ssp245
cariaco,2077,4,7.91,ssp245
cariaco,2077,5,7.91,ssp245
cariaco,2077,6,7.91,ssp245
cariaco,2077,7,7.9,ssp245
cariaco,2077,8,7.89,ssp245
cariaco,2077,9,7.89,ssp245
cariaco,2077,10,7.89,ssp245
cariaco,2077,11,7.9,ssp245
cariaco,2077,12,7.91,ssp245
cariaco,2078,1,7.91,ssp245
cariaco,2078,2,7.92,ssp245
cariaco,2078,3,7.91,ssp245
cariaco,2078,4,7.91,ssp245
cariaco,2078,5,7.91,ssp245
cariaco,2078,6,7.91,ssp245
cariaco,2078,7,7.9,ssp245
cariaco,2078,8,7.89,ssp245
cariaco,2078,9,7.89,ssp245
cariaco,2078,10,7.9,ssp245
cariaco,2078,11,7.9,ssp245
cariaco,2078,12,7.91,ssp245
cariaco,2079,1,7.92,ssp245
cariaco,2079,2,7.92,ssp245
cariaco,2079,3,7.91,ssp245
cariaco,2079,4,7.91,ssp245
cariaco,2079,5,7.91,ssp245
cariaco,2079,6,7.91,ssp245
cariaco,2079,7,7.9,ssp245
cariaco,2079,8,7.89,ssp245
cariaco,2079,9,7.89,ssp245
cariaco,2079,10,7.89,ssp245
cariaco,2079,11,7.9,ssp245
cariaco,2079,12,7.91,ssp245
cariaco,2080,1,7.91,ssp245
cariaco,2080,2,7.91,ssp245
cariaco,2080,3,7.91,ssp245
cariaco,2080,4,7.91,ssp245
cariaco,2080,5,7.91,ssp245
cariaco,2080,6,7.91,ssp245
cariaco,2080,7,7.9,ssp245
cariaco,2080,8,7.89,ssp245
cariaco,2080,9,7.89,ssp245
cariaco,2080,10,7.89,ssp245
cariaco,2080,11,7.9,ssp245
cariaco,2080,12,7.91,ssp245
cariaco,2081,1,7.91,ssp245
cariaco,2081,2,7.91,ssp245
cariaco,2081,3,7.91,ssp245
cariaco,2081,4,7.91,ssp245
cariaco,2081,5,7.91,ssp245
cariaco,2081,6,7.91,ssp245
cariaco,2081,7,7.9,ssp245
cariaco,2081,8,7.89,ssp245
cariaco,2081,9,7.89,ssp245
cariaco,2081,10,7.89,ssp245
cariaco,2081,11,7.9,ssp245
cariaco,2081,12,7.91,ssp245
cariaco,2082,1,7.91,ssp245
cariaco,2082,2,7.91,ssp245
cariaco,2082,3,7.91,ssp245
cariaco,2082,4,7.91,ssp245
cariaco,2082,5,7.91,ssp245
cariaco,2082,6,7.91,ssp245
cariaco,2082,7,7.9,ssp245
cariaco,2082,8,7.89,ssp245
cariaco,2082,9,7.89,ssp245
cariaco,2082,10,7.89,ssp245
cariaco,2082,11,7.89,ssp245
cariaco,2082,12,7.9,ssp245
cariaco,2083,1,7.91,ssp245
cariaco,2083,2,7.91,ssp245
cariaco,2083,3,7.91,ssp245
cariaco,2083,4,7.91,ssp245
cariaco,2083,5,7.91,ssp245
cariaco,2083,6,7.9,ssp245
cariaco,2083,7,7.89,ssp245
cariaco,2083,8,7.89,ssp245
cariaco,2083,9,7.89,ssp245
cariaco,2083,10,7.89,ssp245
cariaco,2083,11,7.89,ssp245
cariaco,2083,12,7.9,ssp245
cariaco,2084,1,7.9,ssp245
cariaco,2084,2,7.9,ssp245
cariaco,2084,3,7.9,ssp245
cariaco,2084,4,7.9,ssp245
cariaco,2084,5,7.9,ssp245
cariaco,2084,6,7.9,ssp245
cariaco,2084,7,7.9,ssp245
cariaco,2084,8,7.89,ssp245
cariaco,2084,9,7.89,ssp245
cariaco,2084,10,7.88,ssp245
cariaco,2084,11,7.9,ssp245
cariaco,2084,12,7.9,ssp245
cariaco,2085,1,7.91,ssp245
cariaco,2085,2,7.91,ssp245
cariaco,2085,3,7.91,ssp245
cariaco,2085,4,7.9,ssp245
cariaco,2085,5,7.9,ssp245
cariaco,2085,6,7.9,ssp245
cariaco,2085,7,7.89,ssp245
cariaco,2085,8,7.88,ssp245
cariaco,2085,9,7.88,ssp245
cariaco,2085,10,7.88,ssp245
cariaco,2085,11,7.89,ssp245
cariaco,2085,12,7.9,ssp245
cariaco,2086,1,7.9,ssp245
cariaco,2086,2,7.91,ssp245
cariaco,2086,3,7.91,ssp245
cariaco,2086,4,7.9,ssp245
cariaco,2086,5,7.9,ssp245
cariaco,2086,6,7.9,ssp245
cariaco,2086,7,7.89,ssp245
cariaco,2086,8,7.88,ssp245
cariaco,2086,9,7.88,ssp245
cariaco,2086,10,7.88,ssp245
cariaco,2086,11,7.88,ssp245
cariaco,2086,12,7.9,ssp245
cariaco,2087,1,7.9,ssp245
cariaco,2087,2,7.9,ssp245
cariaco,2087,3,7.9,ssp245
cariaco,2087,4,7.9,ssp245
cariaco,2087,5,7.9,ssp245
cariaco,2087,6,7.9,ssp245
cariaco,2087,7,7.89,ssp245
cariaco,2087,8,7.88,ssp245
cariaco,2087,9,7.89,ssp245
cariaco,2087,10,7.89,ssp245
cariaco,2087,11,7.89,ssp245
cariaco,2087,12,7.9,ssp245
cariaco,2088,1,7.91,ssp245
cariaco,2088,2,7.9,ssp245
cariaco,2088,3,7.9,ssp245
cariaco,2088,4,7.9,ssp245
cariaco,2088,5,7.9,ssp245
cariaco,2088,6,7.9,ssp245
cariaco,2088,7,7.89,ssp245
cariaco,2088,8,7.88,ssp245
cariaco,2088,9,7.88,ssp245
cariaco,2088,10,7.88,ssp245
cariaco,2088,11,7.89,ssp245
cariaco,2088,12,7.9,ssp245
cariaco,2089,1,7.9,ssp245
cariaco,2089,2,7.9,ssp245
cariaco,2089,3,7.9,ssp245
cariaco,2089,4,7.9,ssp245
cariaco,2089,5,7.9,ssp245
cariaco,2089,6,7.9,ssp245
cariaco,2089,7,7.89,ssp245
cariaco,2089,8,7.88,ssp245
cariaco,2089,9,7.88,ssp245
cariaco,2089,10,7.88,ssp245
cariaco,2089,11,7.88,ssp245
cariaco,2089,12,7.9,ssp245
cariaco,2090,1,7.9,ssp245
cariaco,2090,2,7.9,ssp245
cariaco,2090,3,7.9,ssp245
cariaco,2090,4,7.9,ssp245
cariaco,2090,5,7.9,ssp245
cariaco,2090,6,7.9,ssp245
cariaco,2090,7,7.89,ssp245
cariaco,2090,8,7.88,ssp245
cariaco,2090,9,7.88,ssp245
cariaco,2090,10,7.88,ssp245
cariaco,2090,11,7.89,ssp245
cariaco,2090,12,7.9,ssp245
cariaco,2091,1,7.9,ssp245
cariaco,2091,2,7.9,ssp245
cariaco,2091,3,7.9,ssp245
cariaco,2091,4,7.9,ssp245
cariaco,2091,5,7.9,ssp245
cariaco,2091,6,7.9,ssp245
cariaco,2091,7,7.89,ssp245
cariaco,2091,8,7.88,ssp245
cariaco,2091,9,7.88,ssp245
cariaco,2091,10,7.88,ssp245
cariaco,2091,11,7.88,ssp245
cariaco,2091,12,7.89,ssp245
cariaco,2092,1,7.9,ssp245
cariaco,2092,2,7.89,ssp245
cariaco,2092,3,7.89,ssp245
cariaco,2092,4,7.9,ssp245
cariaco,2092,5,7.9,ssp245
cariaco,2092,6,7.9,ssp245
cariaco,2092,7,7.89,ssp245
cariaco,2092,8,7.88,ssp245
cariaco,2092,9,7.88,ssp245
cariaco,2092,10,7.88,ssp245
cariaco,2092,11,7.89,ssp245
cariaco,2092,12,7.9,ssp245
cariaco,2093,1,7.9,ssp245
cariaco,2093,2,7.9,ssp245
cariaco,2093,3,7.89,ssp245
cariaco,2093,4,7.89,ssp245
cariaco,2093,5,7.9,ssp245
cariaco,2093,6,7.9,ssp245
cariaco,2093,7,7.89,ssp245
cariaco,2093,8,7.88,ssp245
cariaco,2093,9,7.88,ssp245
cariaco,2093,10,7.88,ssp245
cariaco,2093,11,7.89,ssp245
cariaco,2093,12,7.89,ssp245
cariaco,2094,1,7.9,ssp245
cariaco,2094,2,7.9,ssp245
cariaco,2094,3,7.89,ssp245
cariaco,2094,4,7.9,ssp245
cariaco,2094,5,7.89,ssp245
cariaco,2094,6,7.9,ssp245
cariaco,2094,7,7.89,ssp245
cariaco,2094,8,7.88,ssp245
cariaco,2094,9,7.88,ssp245
cariaco,2094,10,7.88,ssp245
cariaco,2094,11,7.88,ssp245
cariaco,2094,12,7.89,ssp245
cariaco,2095,1,7.9,ssp245
cariaco,2095,2,7.9,ssp245
cariaco,2095,3,7.9,ssp245
cariaco,2095,4,7.89,ssp245
cariaco,2095,5,7.9,ssp245
cariaco,2095,6,7.89,ssp245
cariaco,2095,7,7.89,ssp245
cariaco,2095,8,7.88,ssp245
cariaco,2095,9,7.88,ssp245
cariaco,2095,10,7.88,ssp245
cariaco,2095,11,7.89,ssp245
cariaco,2095,12,7.89,ssp245
cariaco,2096,1,7.89,ssp245
cariaco,2096,2,7.9,ssp245
cariaco,2096,3,7.9,ssp245
cariaco,2096,4,7.89,ssp245
cariaco,2096,5,7.9,ssp245
cariaco,2096,6,7.89,ssp245
cariaco,2096,7,7.89,ssp245
cariaco,2096,8,7.88,ssp245
cariaco,2096,9,7.89,ssp245
cariaco,2096,10,7.89,ssp245
cariaco,2096,11,7.89,ssp245
cariaco,2096,12,7.9,ssp245
cariaco,2097,1,7.91,ssp245
cariaco,2097,2,7.9,ssp245
cariaco,2097,3,7.9,ssp245
cariaco,2097,4,7.9,ssp245
cariaco,2097,5,7.9,ssp245
cariaco,2097,6,7.9,ssp245
cariaco,2097,7,7.9,ssp245
cariaco,2097,8,7.89,ssp245
cariaco,2097,9,7.89,ssp245
cariaco,2097,10,7.89,ssp245
cariaco,2097,11,7.88,ssp245
cariaco,2097,12,7.89,ssp245
cariaco,2098,1,7.9,ssp245
cariaco,2098,2,7.9,ssp245
cariaco,2098,3,7.9,ssp245
cariaco,2098,4,7.9,ssp245
cariaco,2098,5,7.9,ssp245
cariaco,2098,6,7.9,ssp245
cariaco,2098,7,7.89,ssp245
cariaco,2098,8,7.88,ssp245
cariaco,2098,9,7.88,ssp245
cariaco,2098,10,7.88,ssp245
cariaco,2098,11,7.88,ssp245
cariaco,2098,12,7.89,ssp245
cariaco,2099,1,7.9,ssp245
cariaco,2099,2,7.9,ssp245
cariaco,2099,3,7.89,ssp245
cariaco,2099,4,7.9,ssp245
cariaco,2099,5,7.9,ssp245
cariaco,2099,6,7.89,ssp245
cariaco,2099,7,7.89,ssp245
cariaco,2099,8,7.88,ssp245
cariaco,2099,9,7.88,ssp245
cariaco,2099,10,7.88,ssp245
cariaco,2099,11,7.88,ssp245
cariaco,2099,12,7.89,ssp245
cariaco,2100,1,7.9,ssp245
cariaco,2100,2,7.9,ssp245
cariaco,2100,3,7.9,ssp245
cariaco,2100,4,7.9,ssp245
cariaco,2100,5,7.89,ssp245
cariaco,2100,6,7.89,ssp245
cariaco,2100,7,7.89,ssp245
cariaco,2100,8,7.87,ssp245
cariaco,2100,9,7.87,ssp245
cariaco,2100,10,7.88,ssp245
cariaco,2100,11,7.88,ssp245
cariaco,2100,12,7.89,ssp245
cariaco,2015,1,8.05,ssp370
cariaco,2015,2,8.05,ssp370
cariaco,2015,3,8.05,ssp370
cariaco,2015,4,8.05,ssp370
cariaco,2015,5,8.05,ssp370
cariaco,2015,6,8.04,ssp370
cariaco,2015,7,8.03,ssp370
cariaco,2015,8,8.01,ssp370
cariaco,2015,9,8.01,ssp370
cariaco,2015,10,8.01,ssp370
cariaco,2015,11,8.02,ssp370
cariaco,2015,12,8.04,ssp370
cariaco,2016,1,8.04,ssp370
cariaco,2016,2,8.05,ssp370
cariaco,2016,3,8.04,ssp370
cariaco,2016,4,8.04,ssp370
cariaco,2016,5,8.04,ssp370
cariaco,2016,6,8.03,ssp370
cariaco,2016,7,8.03,ssp370
cariaco,2016,8,8.02,ssp370
cariaco,2016,9,8.02,ssp370
cariaco,2016,10,8.01,ssp370
cariaco,2016,11,8.02,ssp370
cariaco,2016,12,8.04,ssp370
cariaco,2017,1,8.04,ssp370
cariaco,2017,2,8.04,ssp370
cariaco,2017,3,8.05,ssp370
cariaco,2017,4,8.04,ssp370
cariaco,2017,5,8.04,ssp370
cariaco,2017,6,8.03,ssp370
cariaco,2017,7,8.02,ssp370
cariaco,2017,8,8.01,ssp370
cariaco,2017,9,8.02,ssp370
cariaco,2017,10,8.01,ssp370
cariaco,2017,11,8.01,ssp370
cariaco,2017,12,8.03,ssp370
cariaco,2018,1,8.03,ssp370
cariaco,2018,2,8.04,ssp370
cariaco,2018,3,8.04,ssp370
cariaco,2018,4,8.04,ssp370
cariaco,2018,5,8.03,ssp370
cariaco,2018,6,8.03,ssp370
cariaco,2018,7,8.02,ssp370
cariaco,2018,8,8.01,ssp370
cariaco,2018,9,8.01,ssp370
cariaco,2018,10,8.01,ssp370
cariaco,2018,11,8.02,ssp370
cariaco,2018,12,8.03,ssp370
cariaco,2019,1,8.04,ssp370
cariaco,2019,2,8.04,ssp370
cariaco,2019,3,8.03,ssp370
cariaco,2019,4,8.03,ssp370
cariaco,2019,5,8.04,ssp370
cariaco,2019,6,8.03,ssp370
cariaco,2019,7,8.02,ssp370
cariaco,2019,8,8.01,ssp370
cariaco,2019,9,8.01,ssp370
cariaco,2019,10,8.01,ssp370
cariaco,2019,11,8.02,ssp370
cariaco,2019,12,8.03,ssp370
cariaco,2020,1,8.04,ssp370
cariaco,2020,2,8.04,ssp370
cariaco,2020,3,8.04,ssp370
cariaco,2020,4,8.04,ssp370
cariaco,2020,5,8.04,ssp370
cariaco,2020,6,8.03,ssp370
cariaco,2020,7,8.02,ssp370
cariaco,2020,8,8.01,ssp370
cariaco,2020,9,8.01,ssp370
cariaco,2020,10,8.01,ssp370
cariaco,2020,11,8.02,ssp370
cariaco,2020,12,8.03,ssp370
cariaco,2021,1,8.04,ssp370
cariaco,2021,2,8.03,ssp370
cariaco,2021,3,8.04,ssp370
cariaco,2021,4,8.03,ssp370
cariaco,2021,5,8.03,ssp370
cariaco,2021,6,8.03,ssp370
cariaco,2021,7,8.02,ssp370
cariaco,2021,8,8,ssp370
cariaco,2021,9,8,ssp370
cariaco,2021,10,8,ssp370
cariaco,2021,11,8,ssp370
cariaco,2021,12,8.02,ssp370
cariaco,2022,1,8.03,ssp370
cariaco,2022,2,8.03,ssp370
cariaco,2022,3,8.03,ssp370
cariaco,2022,4,8.03,ssp370
cariaco,2022,5,8.03,ssp370
cariaco,2022,6,8.02,ssp370
cariaco,2022,7,8.01,ssp370
cariaco,2022,8,8,ssp370
cariaco,2022,9,8,ssp370
cariaco,2022,10,8,ssp370
cariaco,2022,11,8,ssp370
cariaco,2022,12,8.02,ssp370
cariaco,2023,1,8.03,ssp370
cariaco,2023,2,8.03,ssp370
cariaco,2023,3,8.03,ssp370
cariaco,2023,4,8.03,ssp370
cariaco,2023,5,8.03,ssp370
cariaco,2023,6,8.02,ssp370
cariaco,2023,7,8.01,ssp370
cariaco,2023,8,8,ssp370
cariaco,2023,9,7.99,ssp370
cariaco,2023,10,7.99,ssp370
cariaco,2023,11,8,ssp370
cariaco,2023,12,8.02,ssp370
cariaco,2024,1,8.03,ssp370
cariaco,2024,2,8.02,ssp370
cariaco,2024,3,8.02,ssp370
cariaco,2024,4,8.02,ssp370
cariaco,2024,5,8.02,ssp370
cariaco,2024,6,8.02,ssp370
cariaco,2024,7,8.01,ssp370
cariaco,2024,8,7.99,ssp370
cariaco,2024,9,7.99,ssp370
cariaco,2024,10,8,ssp370
cariaco,2024,11,8,ssp370
cariaco,2024,12,8.02,ssp370
cariaco,2025,1,8.02,ssp370
cariaco,2025,2,8.02,ssp370
cariaco,2025,3,8.02,ssp370
cariaco,2025,4,8.02,ssp370
cariaco,2025,5,8.02,ssp370
cariaco,2025,6,8.01,ssp370
cariaco,2025,7,8.01,ssp370
cariaco,2025,8,7.99,ssp370
cariaco,2025,9,7.99,ssp370
cariaco,2025,10,7.99,ssp370
cariaco,2025,11,8,ssp370
cariaco,2025,12,8.01,ssp370
cariaco,2026,1,8.02,ssp370
cariaco,2026,2,8.02,ssp370
cariaco,2026,3,8.02,ssp370
cariaco,2026,4,8.02,ssp370
cariaco,2026,5,8.02,ssp370
cariaco,2026,6,8.02,ssp370
cariaco,2026,7,8.01,ssp370
cariaco,2026,8,8,ssp370
cariaco,2026,9,7.99,ssp370
cariaco,2026,10,7.99,ssp370
cariaco,2026,11,7.99,ssp370
cariaco,2026,12,8,ssp370
cariaco,2027,1,8.01,ssp370
cariaco,2027,2,8.02,ssp370
cariaco,2027,3,8.01,ssp370
cariaco,2027,4,8.01,ssp370
cariaco,2027,5,8.02,ssp370
cariaco,2027,6,8.01,ssp370
cariaco,2027,7,8.01,ssp370
cariaco,2027,8,8,ssp370
cariaco,2027,9,7.99,ssp370
cariaco,2027,10,7.99,ssp370
cariaco,2027,11,8,ssp370
cariaco,2027,12,8.01,ssp370
cariaco,2028,1,8.02,ssp370
cariaco,2028,2,8.01,ssp370
cariaco,2028,3,8.01,ssp370
cariaco,2028,4,8.01,ssp370
cariaco,2028,5,8.01,ssp370
cariaco,2028,6,8.01,ssp370
cariaco,2028,7,8,ssp370
cariaco,2028,8,7.99,ssp370
cariaco,2028,9,7.99,ssp370
cariaco,2028,10,7.98,ssp370
cariaco,2028,11,7.99,ssp370
cariaco,2028,12,8,ssp370
cariaco,2029,1,8.01,ssp370
cariaco,2029,2,8.01,ssp370
cariaco,2029,3,8.01,ssp370
cariaco,2029,4,8.01,ssp370
cariaco,2029,5,8.01,ssp370
cariaco,2029,6,8,ssp370
cariaco,2029,7,7.99,ssp370
cariaco,2029,8,7.99,ssp370
cariaco,2029,9,7.98,ssp370
cariaco,2029,10,7.98,ssp370
cariaco,2029,11,7.99,ssp370
cariaco,2029,12,8,ssp370
cariaco,2030,1,8.01,ssp370
cariaco,2030,2,8.01,ssp370
cariaco,2030,3,8.01,ssp370
cariaco,2030,4,8.01,ssp370
cariaco,2030,5,8.01,ssp370
cariaco,2030,6,8.01,ssp370
cariaco,2030,7,8,ssp370
cariaco,2030,8,7.98,ssp370
cariaco,2030,9,7.97,ssp370
cariaco,2030,10,7.97,ssp370
cariaco,2030,11,7.98,ssp370
cariaco,2030,12,8,ssp370
cariaco,2031,1,8.01,ssp370
cariaco,2031,2,8.01,ssp370
cariaco,2031,3,8.01,ssp370
cariaco,2031,4,8,ssp370
cariaco,2031,5,8,ssp370
cariaco,2031,6,8,ssp370
cariaco,2031,7,7.99,ssp370
cariaco,2031,8,7.98,ssp370
cariaco,2031,9,7.97,ssp370
cariaco,2031,10,7.97,ssp370
cariaco,2031,11,7.98,ssp370
cariaco,2031,12,8,ssp370
cariaco,2032,1,8.01,ssp370
cariaco,2032,2,8.01,ssp370
cariaco,2032,3,8.01,ssp370
cariaco,2032,4,8.01,ssp370
cariaco,2032,5,8,ssp370
cariaco,2032,6,8.01,ssp370
cariaco,2032,7,7.99,ssp370
cariaco,2032,8,7.97,ssp370
cariaco,2032,9,7.98,ssp370
cariaco,2032,10,7.98,ssp370
cariaco,2032,11,7.98,ssp370
cariaco,2032,12,7.99,ssp370
cariaco,2033,1,8,ssp370
cariaco,2033,2,8,ssp370
cariaco,2033,3,8,ssp370
cariaco,2033,4,8,ssp370
cariaco,2033,5,8,ssp370
cariaco,2033,6,7.99,ssp370
cariaco,2033,7,7.99,ssp370
cariaco,2033,8,7.98,ssp370
cariaco,2033,9,7.98,ssp370
cariaco,2033,10,7.98,ssp370
cariaco,2033,11,7.98,ssp370
cariaco,2033,12,7.99,ssp370
cariaco,2034,1,8,ssp370
cariaco,2034,2,8,ssp370
cariaco,2034,3,8,ssp370
cariaco,2034,4,8,ssp370
cariaco,2034,5,7.99,ssp370
cariaco,2034,6,8,ssp370
cariaco,2034,7,7.98,ssp370
cariaco,2034,8,7.97,ssp370
cariaco,2034,9,7.97,ssp370
cariaco,2034,10,7.97,ssp370
cariaco,2034,11,7.98,ssp370
cariaco,2034,12,7.98,ssp370
cariaco,2035,1,7.99,ssp370
cariaco,2035,2,7.99,ssp370
cariaco,2035,3,8,ssp370
cariaco,2035,4,8,ssp370
cariaco,2035,5,7.99,ssp370
cariaco,2035,6,7.99,ssp370
cariaco,2035,7,7.98,ssp370
cariaco,2035,8,7.98,ssp370
cariaco,2035,9,7.97,ssp370
cariaco,2035,10,7.97,ssp370
cariaco,2035,11,7.97,ssp370
cariaco,2035,12,7.98,ssp370
cariaco,2036,1,8,ssp370
cariaco,2036,2,8,ssp370
cariaco,2036,3,7.99,ssp370
cariaco,2036,4,7.99,ssp370
cariaco,2036,5,7.99,ssp370
cariaco,2036,6,7.99,ssp370
cariaco,2036,7,7.98,ssp370
cariaco,2036,8,7.97,ssp370
cariaco,2036,9,7.98,ssp370
cariaco,2036,10,7.97,ssp370
cariaco,2036,11,7.97,ssp370
cariaco,2036,12,7.98,ssp370
cariaco,2037,1,7.99,ssp370
cariaco,2037,2,8,ssp370
cariaco,2037,3,7.99,ssp370
cariaco,2037,4,7.99,ssp370
cariaco,2037,5,7.99,ssp370
cariaco,2037,6,7.99,ssp370
cariaco,2037,7,7.98,ssp370
cariaco,2037,8,7.97,ssp370
cariaco,2037,9,7.97,ssp370
cariaco,2037,10,7.97,ssp370
cariaco,2037,11,7.98,ssp370
cariaco,2037,12,7.99,ssp370
cariaco,2038,1,7.99,ssp370
cariaco,2038,2,7.99,ssp370
cariaco,2038,3,8,ssp370
cariaco,2038,4,7.99,ssp370
cariaco,2038,5,7.99,ssp370
cariaco,2038,6,7.99,ssp370
cariaco,2038,7,7.98,ssp370
cariaco,2038,8,7.97,ssp370
cariaco,2038,9,7.97,ssp370
cariaco,2038,10,7.96,ssp370
cariaco,2038,11,7.97,ssp370
cariaco,2038,12,7.98,ssp370
cariaco,2039,1,7.99,ssp370
cariaco,2039,2,7.99,ssp370
cariaco,2039,3,7.99,ssp370
cariaco,2039,4,7.99,ssp370
cariaco,2039,5,7.98,ssp370
cariaco,2039,6,7.98,ssp370
cariaco,2039,7,7.97,ssp370
cariaco,2039,8,7.96,ssp370
cariaco,2039,9,7.95,ssp370
cariaco,2039,10,7.96,ssp370
cariaco,2039,11,7.96,ssp370
cariaco,2039,12,7.97,ssp370
cariaco,2040,1,7.98,ssp370
cariaco,2040,2,7.98,ssp370
cariaco,2040,3,7.98,ssp370
cariaco,2040,4,7.98,ssp370
cariaco,2040,5,7.98,ssp370
cariaco,2040,6,7.98,ssp370
cariaco,2040,7,7.96,ssp370
cariaco,2040,8,7.95,ssp370
cariaco,2040,9,7.95,ssp370
cariaco,2040,10,7.94,ssp370
cariaco,2040,11,7.96,ssp370
cariaco,2040,12,7.97,ssp370
cariaco,2041,1,7.97,ssp370
cariaco,2041,2,7.98,ssp370
cariaco,2041,3,7.98,ssp370
cariaco,2041,4,7.98,ssp370
cariaco,2041,5,7.98,ssp370
cariaco,2041,6,7.98,ssp370
cariaco,2041,7,7.97,ssp370
cariaco,2041,8,7.95,ssp370
cariaco,2041,9,7.95,ssp370
cariaco,2041,10,7.96,ssp370
cariaco,2041,11,7.96,ssp370
cariaco,2041,12,7.97,ssp370
cariaco,2042,1,7.98,ssp370
cariaco,2042,2,7.98,ssp370
cariaco,2042,3,7.98,ssp370
cariaco,2042,4,7.98,ssp370
cariaco,2042,5,7.97,ssp370
cariaco,2042,6,7.97,ssp370
cariaco,2042,7,7.96,ssp370
cariaco,2042,8,7.95,ssp370
cariaco,2042,9,7.95,ssp370
cariaco,2042,10,7.95,ssp370
cariaco,2042,11,7.95,ssp370
cariaco,2042,12,7.96,ssp370
cariaco,2043,1,7.97,ssp370
cariaco,2043,2,7.98,ssp370
cariaco,2043,3,7.98,ssp370
cariaco,2043,4,7.98,ssp370
cariaco,2043,5,7.98,ssp370
cariaco,2043,6,7.97,ssp370
cariaco,2043,7,7.96,ssp370
cariaco,2043,8,7.95,ssp370
cariaco,2043,9,7.95,ssp370
cariaco,2043,10,7.95,ssp370
cariaco,2043,11,7.95,ssp370
cariaco,2043,12,7.96,ssp370
cariaco,2044,1,7.97,ssp370
cariaco,2044,2,7.97,ssp370
cariaco,2044,3,7.98,ssp370
cariaco,2044,4,7.97,ssp370
cariaco,2044,5,7.97,ssp370
cariaco,2044,6,7.97,ssp370
cariaco,2044,7,7.96,ssp370
cariaco,2044,8,7.95,ssp370
cariaco,2044,9,7.95,ssp370
cariaco,2044,10,7.95,ssp370
cariaco,2044,11,7.95,ssp370
cariaco,2044,12,7.96,ssp370
cariaco,2045,1,7.97,ssp370
cariaco,2045,2,7.97,ssp370
cariaco,2045,3,7.97,ssp370
cariaco,2045,4,7.96,ssp370
cariaco,2045,5,7.97,ssp370
cariaco,2045,6,7.96,ssp370
cariaco,2045,7,7.96,ssp370
cariaco,2045,8,7.95,ssp370
cariaco,2045,9,7.95,ssp370
cariaco,2045,10,7.95,ssp370
cariaco,2045,11,7.95,ssp370
cariaco,2045,12,7.96,ssp370
cariaco,2046,1,7.97,ssp370
cariaco,2046,2,7.96,ssp370
cariaco,2046,3,7.97,ssp370
cariaco,2046,4,7.96,ssp370
cariaco,2046,5,7.96,ssp370
cariaco,2046,6,7.96,ssp370
cariaco,2046,7,7.95,ssp370
cariaco,2046,8,7.94,ssp370
cariaco,2046,9,7.94,ssp370
cariaco,2046,10,7.94,ssp370
cariaco,2046,11,7.94,ssp370
cariaco,2046,12,7.95,ssp370
cariaco,2047,1,7.96,ssp370
cariaco,2047,2,7.96,ssp370
cariaco,2047,3,7.96,ssp370
cariaco,2047,4,7.96,ssp370
cariaco,2047,5,7.95,ssp370
cariaco,2047,6,7.96,ssp370
cariaco,2047,7,7.94,ssp370
cariaco,2047,8,7.93,ssp370
cariaco,2047,9,7.93,ssp370
cariaco,2047,10,7.93,ssp370
cariaco,2047,11,7.93,ssp370
cariaco,2047,12,7.94,ssp370
cariaco,2048,1,7.96,ssp370
cariaco,2048,2,7.96,ssp370
cariaco,2048,3,7.96,ssp370
cariaco,2048,4,7.96,ssp370
cariaco,2048,5,7.96,ssp370
cariaco,2048,6,7.95,ssp370
cariaco,2048,7,7.94,ssp370
cariaco,2048,8,7.93,ssp370
cariaco,2048,9,7.93,ssp370
cariaco,2048,10,7.93,ssp370
cariaco,2048,11,7.94,ssp370
cariaco,2048,12,7.95,ssp370
cariaco,2049,1,7.96,ssp370
cariaco,2049,2,7.96,ssp370
cariaco,2049,3,7.95,ssp370
cariaco,2049,4,7.95,ssp370
cariaco,2049,5,7.95,ssp370
cariaco,2049,6,7.95,ssp370
cariaco,2049,7,7.93,ssp370
cariaco,2049,8,7.93,ssp370
cariaco,2049,9,7.92,ssp370
cariaco,2049,10,7.93,ssp370
cariaco,2049,11,7.93,ssp370
cariaco,2049,12,7.94,ssp370
cariaco,2050,1,7.95,ssp370
cariaco,2050,2,7.95,ssp370
cariaco,2050,3,7.95,ssp370
cariaco,2050,4,7.95,ssp370
cariaco,2050,5,7.95,ssp370
cariaco,2050,6,7.95,ssp370
cariaco,2050,7,7.94,ssp370
cariaco,2050,8,7.93,ssp370
cariaco,2050,9,7.93,ssp370
cariaco,2050,10,7.93,ssp370
cariaco,2050,11,7.92,ssp370
cariaco,2050,12,7.94,ssp370
cariaco,2051,1,7.94,ssp370
cariaco,2051,2,7.94,ssp370
cariaco,2051,3,7.94,ssp370
cariaco,2051,4,7.94,ssp370
cariaco,2051,5,7.94,ssp370
cariaco,2051,6,7.94,ssp370
cariaco,2051,7,7.93,ssp370
cariaco,2051,8,7.91,ssp370
cariaco,2051,9,7.91,ssp370
cariaco,2051,10,7.91,ssp370
cariaco,2051,11,7.91,ssp370
cariaco,2051,12,7.93,ssp370
cariaco,2052,1,7.94,ssp370
cariaco,2052,2,7.94,ssp370
cariaco,2052,3,7.94,ssp370
cariaco,2052,4,7.94,ssp370
cariaco,2052,5,7.94,ssp370
cariaco,2052,6,7.94,ssp370
cariaco,2052,7,7.93,ssp370
cariaco,2052,8,7.92,ssp370
cariaco,2052,9,7.91,ssp370
cariaco,2052,10,7.91,ssp370
cariaco,2052,11,7.91,ssp370
cariaco,2052,12,7.93,ssp370
cariaco,2053,1,7.94,ssp370
cariaco,2053,2,7.94,ssp370
cariaco,2053,3,7.94,ssp370
cariaco,2053,4,7.93,ssp370
cariaco,2053,5,7.94,ssp370
cariaco,2053,6,7.93,ssp370
cariaco,2053,7,7.93,ssp370
cariaco,2053,8,7.91,ssp370
cariaco,2053,9,7.91,ssp370
cariaco,2053,10,7.91,ssp370
cariaco,2053,11,7.92,ssp370
cariaco,2053,12,7.93,ssp370
cariaco,2054,1,7.94,ssp370
cariaco,2054,2,7.94,ssp370
cariaco,2054,3,7.94,ssp370
cariaco,2054,4,7.93,ssp370
cariaco,2054,5,7.94,ssp370
cariaco,2054,6,7.94,ssp370
cariaco,2054,7,7.92,ssp370
cariaco,2054,8,7.91,ssp370
cariaco,2054,9,7.91,ssp370
cariaco,2054,10,7.91,ssp370
cariaco,2054,11,7.92,ssp370
cariaco,2054,12,7.93,ssp370
cariaco,2055,1,7.94,ssp370
cariaco,2055,2,7.94,ssp370
cariaco,2055,3,7.94,ssp370
cariaco,2055,4,7.93,ssp370
cariaco,2055,5,7.94,ssp370
cariaco,2055,6,7.93,ssp370
cariaco,2055,7,7.93,ssp370
cariaco,2055,8,7.91,ssp370
cariaco,2055,9,7.91,ssp370
cariaco,2055,10,7.91,ssp370
cariaco,2055,11,7.91,ssp370
cariaco,2055,12,7.92,ssp370
cariaco,2056,1,7.93,ssp370
cariaco,2056,2,7.93,ssp370
cariaco,2056,3,7.92,ssp370
cariaco,2056,4,7.93,ssp370
cariaco,2056,5,7.93,ssp370
cariaco,2056,6,7.92,ssp370
cariaco,2056,7,7.91,ssp370
cariaco,2056,8,7.9,ssp370
cariaco,2056,9,7.9,ssp370
cariaco,2056,10,7.9,ssp370
cariaco,2056,11,7.9,ssp370
cariaco,2056,12,7.92,ssp370
cariaco,2057,1,7.92,ssp370
cariaco,2057,2,7.93,ssp370
cariaco,2057,3,7.92,ssp370
cariaco,2057,4,7.92,ssp370
cariaco,2057,5,7.93,ssp370
cariaco,2057,6,7.92,ssp370
cariaco,2057,7,7.91,ssp370
cariaco,2057,8,7.9,ssp370
cariaco,2057,9,7.9,ssp370
cariaco,2057,10,7.9,ssp370
cariaco,2057,11,7.9,ssp370
cariaco,2057,12,7.91,ssp370
cariaco,2058,1,7.92,ssp370
cariaco,2058,2,7.93,ssp370
cariaco,2058,3,7.92,ssp370
cariaco,2058,4,7.92,ssp370
cariaco,2058,5,7.93,ssp370
cariaco,2058,6,7.92,ssp370
cariaco,2058,7,7.91,ssp370
cariaco,2058,8,7.9,ssp370
cariaco,2058,9,7.89,ssp370
cariaco,2058,10,7.89,ssp370
cariaco,2058,11,7.9,ssp370
cariaco,2058,12,7.91,ssp370
cariaco,2059,1,7.92,ssp370
cariaco,2059,2,7.92,ssp370
cariaco,2059,3,7.92,ssp370
cariaco,2059,4,7.92,ssp370
cariaco,2059,5,7.92,ssp370
cariaco,2059,6,7.92,ssp370
cariaco,2059,7,7.91,ssp370
cariaco,2059,8,7.9,ssp370
cariaco,2059,9,7.89,ssp370
cariaco,2059,10,7.89,ssp370
cariaco,2059,11,7.9,ssp370
cariaco,2059,12,7.91,ssp370
cariaco,2060,1,7.92,ssp370
cariaco,2060,2,7.92,ssp370
cariaco,2060,3,7.92,ssp370
cariaco,2060,4,7.92,ssp370
cariaco,2060,5,7.92,ssp370
cariaco,2060,6,7.92,ssp370
cariaco,2060,7,7.91,ssp370
cariaco,2060,8,7.9,ssp370
cariaco,2060,9,7.9,ssp370
cariaco,2060,10,7.9,ssp370
cariaco,2060,11,7.91,ssp370
cariaco,2060,12,7.92,ssp370
cariaco,2061,1,7.92,ssp370
cariaco,2061,2,7.91,ssp370
cariaco,2061,3,7.91,ssp370
cariaco,2061,4,7.92,ssp370
cariaco,2061,5,7.91,ssp370
cariaco,2061,6,7.91,ssp370
cariaco,2061,7,7.9,ssp370
cariaco,2061,8,7.9,ssp370
cariaco,2061,9,7.9,ssp370
cariaco,2061,10,7.9,ssp370
cariaco,2061,11,7.9,ssp370
cariaco,2061,12,7.91,ssp370
cariaco,2062,1,7.91,ssp370
cariaco,2062,2,7.91,ssp370
cariaco,2062,3,7.91,ssp370
cariaco,2062,4,7.91,ssp370
cariaco,2062,5,7.9,ssp370
cariaco,2062,6,7.91,ssp370
cariaco,2062,7,7.9,ssp370
cariaco,2062,8,7.89,ssp370
cariaco,2062,9,7.89,ssp370
cariaco,2062,10,7.88,ssp370
cariaco,2062,11,7.89,ssp370
cariaco,2062,12,7.9,ssp370
cariaco,2063,1,7.91,ssp370
cariaco,2063,2,7.91,ssp370
cariaco,2063,3,7.91,ssp370
cariaco,2063,4,7.9,ssp370
cariaco,2063,5,7.91,ssp370
cariaco,2063,6,7.9,ssp370
cariaco,2063,7,7.89,ssp370
cariaco,2063,8,7.88,ssp370
cariaco,2063,9,7.87,ssp370
cariaco,2063,10,7.88,ssp370
cariaco,2063,11,7.88,ssp370
cariaco,2063,12,7.89,ssp370
cariaco,2064,1,7.9,ssp370
cariaco,2064,2,7.9,ssp370
cariaco,2064,3,7.9,ssp370
cariaco,2064,4,7.9,ssp370
cariaco,2064,5,7.91,ssp370
cariaco,2064,6,7.89,ssp370
cariaco,2064,7,7.89,ssp370
cariaco,2064,8,7.87,ssp370
cariaco,2064,9,7.87,ssp370
cariaco,2064,10,7.88,ssp370
cariaco,2064,11,7.88,ssp370
cariaco,2064,12,7.89,ssp370
cariaco,2065,1,7.9,ssp370
cariaco,2065,2,7.9,ssp370
cariaco,2065,3,7.91,ssp370
cariaco,2065,4,7.9,ssp370
cariaco,2065,5,7.91,ssp370
cariaco,2065,6,7.9,ssp370
cariaco,2065,7,7.89,ssp370
cariaco,2065,8,7.88,ssp370
cariaco,2065,9,7.88,ssp370
cariaco,2065,10,7.88,ssp370
cariaco,2065,11,7.88,ssp370
cariaco,2065,12,7.89,ssp370
cariaco,2066,1,7.9,ssp370
cariaco,2066,2,7.9,ssp370
cariaco,2066,3,7.9,ssp370
cariaco,2066,4,7.9,ssp370
cariaco,2066,5,7.9,ssp370
cariaco,2066,6,7.89,ssp370
cariaco,2066,7,7.89,ssp370
cariaco,2066,8,7.88,ssp370
cariaco,2066,9,7.88,ssp370
cariaco,2066,10,7.87,ssp370
cariaco,2066,11,7.87,ssp370
cariaco,2066,12,7.89,ssp370
cariaco,2067,1,7.89,ssp370
cariaco,2067,2,7.89,ssp370
cariaco,2067,3,7.9,ssp370
cariaco,2067,4,7.89,ssp370
cariaco,2067,5,7.89,ssp370
cariaco,2067,6,7.89,ssp370
cariaco,2067,7,7.88,ssp370
cariaco,2067,8,7.86,ssp370
cariaco,2067,9,7.86,ssp370
cariaco,2067,10,7.87,ssp370
cariaco,2067,11,7.87,ssp370
cariaco,2067,12,7.88,ssp370
cariaco,2068,1,7.89,ssp370
cariaco,2068,2,7.89,ssp370
cariaco,2068,3,7.89,ssp370
cariaco,2068,4,7.89,ssp370
cariaco,2068,5,7.89,ssp370
cariaco,2068,6,7.89,ssp370
cariaco,2068,7,7.88,ssp370
cariaco,2068,8,7.87,ssp370
cariaco,2068,9,7.87,ssp370
cariaco,2068,10,7.87,ssp370
cariaco,2068,11,7.87,ssp370
cariaco,2068,12,7.88,ssp370
cariaco,2069,1,7.89,ssp370
cariaco,2069,2,7.89,ssp370
cariaco,2069,3,7.89,ssp370
cariaco,2069,4,7.89,ssp370
cariaco,2069,5,7.89,ssp370
cariaco,2069,6,7.89,ssp370
cariaco,2069,7,7.88,ssp370
cariaco,2069,8,7.87,ssp370
cariaco,2069,9,7.87,ssp370
cariaco,2069,10,7.87,ssp370
cariaco,2069,11,7.88,ssp370
cariaco,2069,12,7.88,ssp370
cariaco,2070,1,7.89,ssp370
cariaco,2070,2,7.89,ssp370
cariaco,2070,3,7.89,ssp370
cariaco,2070,4,7.88,ssp370
cariaco,2070,5,7.88,ssp370
cariaco,2070,6,7.88,ssp370
cariaco,2070,7,7.87,ssp370
cariaco,2070,8,7.86,ssp370
cariaco,2070,9,7.86,ssp370
cariaco,2070,10,7.86,ssp370
cariaco,2070,11,7.86,ssp370
cariaco,2070,12,7.87,ssp370
cariaco,2071,1,7.88,ssp370
cariaco,2071,2,7.88,ssp370
cariaco,2071,3,7.88,ssp370
cariaco,2071,4,7.88,ssp370
cariaco,2071,5,7.88,ssp370
cariaco,2071,6,7.88,ssp370
cariaco,2071,7,7.87,ssp370
cariaco,2071,8,7.86,ssp370
cariaco,2071,9,7.86,ssp370
cariaco,2071,10,7.86,ssp370
cariaco,2071,11,7.86,ssp370
cariaco,2071,12,7.87,ssp370
cariaco,2072,1,7.88,ssp370
cariaco,2072,2,7.88,ssp370
cariaco,2072,3,7.88,ssp370
cariaco,2072,4,7.88,ssp370
cariaco,2072,5,7.87,ssp370
cariaco,2072,6,7.87,ssp370
cariaco,2072,7,7.86,ssp370
cariaco,2072,8,7.85,ssp370
cariaco,2072,9,7.86,ssp370
cariaco,2072,10,7.86,ssp370
cariaco,2072,11,7.86,ssp370
cariaco,2072,12,7.86,ssp370
cariaco,2073,1,7.87,ssp370
cariaco,2073,2,7.87,ssp370
cariaco,2073,3,7.87,ssp370
cariaco,2073,4,7.88,ssp370
cariaco,2073,5,7.87,ssp370
cariaco,2073,6,7.87,ssp370
cariaco,2073,7,7.87,ssp370
cariaco,2073,8,7.85,ssp370
cariaco,2073,9,7.86,ssp370
cariaco,2073,10,7.86,ssp370
cariaco,2073,11,7.85,ssp370
cariaco,2073,12,7.86,ssp370
cariaco,2074,1,7.87,ssp370
cariaco,2074,2,7.87,ssp370
cariaco,2074,3,7.87,ssp370
cariaco,2074,4,7.86,ssp370
cariaco,2074,5,7.87,ssp370
cariaco,2074,6,7.87,ssp370
cariaco,2074,7,7.86,ssp370
cariaco,2074,8,7.85,ssp370
cariaco,2074,9,7.85,ssp370
cariaco,2074,10,7.85,ssp370
cariaco,2074,11,7.86,ssp370
cariaco,2074,12,7.86,ssp370
cariaco,2075,1,7.87,ssp370
cariaco,2075,2,7.87,ssp370
cariaco,2075,3,7.87,ssp370
cariaco,2075,4,7.87,ssp370
cariaco,2075,5,7.87,ssp370
cariaco,2075,6,7.86,ssp370
cariaco,2075,7,7.85,ssp370
cariaco,2075,8,7.84,ssp370
cariaco,2075,9,7.84,ssp370
cariaco,2075,10,7.84,ssp370
cariaco,2075,11,7.84,ssp370
cariaco,2075,12,7.86,ssp370
cariaco,2076,1,7.86,ssp370
cariaco,2076,2,7.86,ssp370
cariaco,2076,3,7.87,ssp370
cariaco,2076,4,7.86,ssp370
cariaco,2076,5,7.86,ssp370
cariaco,2076,6,7.85,ssp370
cariaco,2076,7,7.85,ssp370
cariaco,2076,8,7.84,ssp370
cariaco,2076,9,7.84,ssp370
cariaco,2076,10,7.84,ssp370
cariaco,2076,11,7.83,ssp370
cariaco,2076,12,7.85,ssp370
cariaco,2077,1,7.86,ssp370
cariaco,2077,2,7.86,ssp370
cariaco,2077,3,7.86,ssp370
cariaco,2077,4,7.86,ssp370
cariaco,2077,5,7.86,ssp370
cariaco,2077,6,7.86,ssp370
cariaco,2077,7,7.85,ssp370
cariaco,2077,8,7.84,ssp370
cariaco,2077,9,7.84,ssp370
cariaco,2077,10,7.83,ssp370
cariaco,2077,11,7.84,ssp370
cariaco,2077,12,7.85,ssp370
cariaco,2078,1,7.86,ssp370
cariaco,2078,2,7.86,ssp370
cariaco,2078,3,7.86,ssp370
cariaco,2078,4,7.86,ssp370
cariaco,2078,5,7.86,ssp370
cariaco,2078,6,7.86,ssp370
cariaco,2078,7,7.85,ssp370
cariaco,2078,8,7.83,ssp370
cariaco,2078,9,7.84,ssp370
cariaco,2078,10,7.84,ssp370
cariaco,2078,11,7.84,ssp370
cariaco,2078,12,7.85,ssp370
cariaco,2079,1,7.85,ssp370
cariaco,2079,2,7.85,ssp370
cariaco,2079,3,7.85,ssp370
cariaco,2079,4,7.86,ssp370
cariaco,2079,5,7.85,ssp370
cariaco,2079,6,7.85,ssp370
cariaco,2079,7,7.84,ssp370
cariaco,2079,8,7.84,ssp370
cariaco,2079,9,7.84,ssp370
cariaco,2079,10,7.83,ssp370
cariaco,2079,11,7.83,ssp370
cariaco,2079,12,7.84,ssp370
cariaco,2080,1,7.85,ssp370
cariaco,2080,2,7.85,ssp370
cariaco,2080,3,7.85,ssp370
cariaco,2080,4,7.85,ssp370
cariaco,2080,5,7.85,ssp370
cariaco,2080,6,7.84,ssp370
cariaco,2080,7,7.84,ssp370
cariaco,2080,8,7.83,ssp370
cariaco,2080,9,7.83,ssp370
cariaco,2080,10,7.83,ssp370
cariaco,2080,11,7.83,ssp370
cariaco,2080,12,7.84,ssp370
cariaco,2081,1,7.84,ssp370
cariaco,2081,2,7.85,ssp370
cariaco,2081,3,7.85,ssp370
cariaco,2081,4,7.85,ssp370
cariaco,2081,5,7.85,ssp370
cariaco,2081,6,7.85,ssp370
cariaco,2081,7,7.84,ssp370
cariaco,2081,8,7.83,ssp370
cariaco,2081,9,7.83,ssp370
cariaco,2081,10,7.83,ssp370
cariaco,2081,11,7.83,ssp370
cariaco,2081,12,7.84,ssp370
cariaco,2082,1,7.84,ssp370
cariaco,2082,2,7.84,ssp370
cariaco,2082,3,7.84,ssp370
cariaco,2082,4,7.84,ssp370
cariaco,2082,5,7.84,ssp370
cariaco,2082,6,7.84,ssp370
cariaco,2082,7,7.83,ssp370
cariaco,2082,8,7.82,ssp370
cariaco,2082,9,7.82,ssp370
cariaco,2082,10,7.82,ssp370
cariaco,2082,11,7.82,ssp370
cariaco,2082,12,7.84,ssp370
cariaco,2083,1,7.84,ssp370
cariaco,2083,2,7.84,ssp370
cariaco,2083,3,7.84,ssp370
cariaco,2083,4,7.83,ssp370
cariaco,2083,5,7.83,ssp370
cariaco,2083,6,7.83,ssp370
cariaco,2083,7,7.83,ssp370
cariaco,2083,8,7.82,ssp370
cariaco,2083,9,7.82,ssp370
cariaco,2083,10,7.82,ssp370
cariaco,2083,11,7.82,ssp370
cariaco,2083,12,7.83,ssp370
cariaco,2084,1,7.83,ssp370
cariaco,2084,2,7.83,ssp370
cariaco,2084,3,7.83,ssp370
cariaco,2084,4,7.83,ssp370
cariaco,2084,5,7.83,ssp370
cariaco,2084,6,7.83,ssp370
cariaco,2084,7,7.82,ssp370
cariaco,2084,8,7.82,ssp370
cariaco,2084,9,7.81,ssp370
cariaco,2084,10,7.82,ssp370
cariaco,2084,11,7.82,ssp370
cariaco,2084,12,7.82,ssp370
cariaco,2085,1,7.83,ssp370
cariaco,2085,2,7.83,ssp370
cariaco,2085,3,7.83,ssp370
cariaco,2085,4,7.83,ssp370
cariaco,2085,5,7.83,ssp370
cariaco,2085,6,7.83,ssp370
cariaco,2085,7,7.82,ssp370
cariaco,2085,8,7.81,ssp370
cariaco,2085,9,7.81,ssp370
cariaco,2085,10,7.81,ssp370
cariaco,2085,11,7.82,ssp370
cariaco,2085,12,7.83,ssp370
cariaco,2086,1,7.83,ssp370
cariaco,2086,2,7.83,ssp370
cariaco,2086,3,7.83,ssp370
cariaco,2086,4,7.83,ssp370
cariaco,2086,5,7.83,ssp370
cariaco,2086,6,7.83,ssp370
cariaco,2086,7,7.82,ssp370
cariaco,2086,8,7.81,ssp370
cariaco,2086,9,7.81,ssp370
cariaco,2086,10,7.81,ssp370
cariaco,2086,11,7.82,ssp370
cariaco,2086,12,7.83,ssp370
cariaco,2087,1,7.83,ssp370
cariaco,2087,2,7.83,ssp370
cariaco,2087,3,7.83,ssp370
cariaco,2087,4,7.83,ssp370
cariaco,2087,5,7.83,ssp370
cariaco,2087,6,7.83,ssp370
cariaco,2087,7,7.82,ssp370
cariaco,2087,8,7.81,ssp370
cariaco,2087,9,7.81,ssp370
cariaco,2087,10,7.8,ssp370
cariaco,2087,11,7.8,ssp370
cariaco,2087,12,7.82,ssp370
cariaco,2088,1,7.83,ssp370
cariaco,2088,2,7.83,ssp370
cariaco,2088,3,7.82,ssp370
cariaco,2088,4,7.82,ssp370
cariaco,2088,5,7.82,ssp370
cariaco,2088,6,7.82,ssp370
cariaco,2088,7,7.81,ssp370
cariaco,2088,8,7.8,ssp370
cariaco,2088,9,7.81,ssp370
cariaco,2088,10,7.8,ssp370
cariaco,2088,11,7.81,ssp370
cariaco,2088,12,7.81,ssp370
cariaco,2089,1,7.82,ssp370
cariaco,2089,2,7.82,ssp370
cariaco,2089,3,7.82,ssp370
cariaco,2089,4,7.82,ssp370
cariaco,2089,5,7.82,ssp370
cariaco,2089,6,7.81,ssp370
cariaco,2089,7,7.8,ssp370
cariaco,2089,8,7.8,ssp370
cariaco,2089,9,7.8,ssp370
cariaco,2089,10,7.8,ssp370
cariaco,2089,11,7.79,ssp370
cariaco,2089,12,7.81,ssp370
cariaco,2090,1,7.81,ssp370
cariaco,2090,2,7.81,ssp370
cariaco,2090,3,7.81,ssp370
cariaco,2090,4,7.81,ssp370
cariaco,2090,5,7.81,ssp370
cariaco,2090,6,7.81,ssp370
cariaco,2090,7,7.8,ssp370
cariaco,2090,8,7.79,ssp370
cariaco,2090,9,7.79,ssp370
cariaco,2090,10,7.79,ssp370
cariaco,2090,11,7.8,ssp370
cariaco,2090,12,7.8,ssp370
cariaco,2091,1,7.81,ssp370
cariaco,2091,2,7.81,ssp370
cariaco,2091,3,7.81,ssp370
cariaco,2091,4,7.81,ssp370
cariaco,2091,5,7.81,ssp370
cariaco,2091,6,7.81,ssp370
cariaco,2091,7,7.8,ssp370
cariaco,2091,8,7.78,ssp370
cariaco,2091,9,7.78,ssp370
cariaco,2091,10,7.79,ssp370
cariaco,2091,11,7.79,ssp370
cariaco,2091,12,7.8,ssp370
cariaco,2092,1,7.81,ssp370
cariaco,2092,2,7.82,ssp370
cariaco,2092,3,7.81,ssp370
cariaco,2092,4,7.81,ssp370
cariaco,2092,5,7.81,ssp370
cariaco,2092,6,7.81,ssp370
cariaco,2092,7,7.8,ssp370
cariaco,2092,8,7.78,ssp370
cariaco,2092,9,7.78,ssp370
cariaco,2092,10,7.78,ssp370
cariaco,2092,11,7.78,ssp370
cariaco,2092,12,7.8,ssp370
cariaco,2093,1,7.8,ssp370
cariaco,2093,2,7.81,ssp370
cariaco,2093,3,7.81,ssp370
cariaco,2093,4,7.8,ssp370
cariaco,2093,5,7.81,ssp370
cariaco,2093,6,7.8,ssp370
cariaco,2093,7,7.79,ssp370
cariaco,2093,8,7.78,ssp370
cariaco,2093,9,7.78,ssp370
cariaco,2093,10,7.78,ssp370
cariaco,2093,11,7.78,ssp370
cariaco,2093,12,7.79,ssp370
cariaco,2094,1,7.8,ssp370
cariaco,2094,2,7.81,ssp370
cariaco,2094,3,7.8,ssp370
cariaco,2094,4,7.8,ssp370
cariaco,2094,5,7.8,ssp370
cariaco,2094,6,7.8,ssp370
cariaco,2094,7,7.79,ssp370
cariaco,2094,8,7.78,ssp370
cariaco,2094,9,7.78,ssp370
cariaco,2094,10,7.78,ssp370
cariaco,2094,11,7.78,ssp370
cariaco,2094,12,7.79,ssp370
cariaco,2095,1,7.8,ssp370
cariaco,2095,2,7.8,ssp370
cariaco,2095,3,7.8,ssp370
cariaco,2095,4,7.8,ssp370
cariaco,2095,5,7.8,ssp370
cariaco,2095,6,7.8,ssp370
cariaco,2095,7,7.78,ssp370
cariaco,2095,8,7.78,ssp370
cariaco,2095,9,7.77,ssp370
cariaco,2095,10,7.78,ssp370
cariaco,2095,11,7.78,ssp370
cariaco,2095,12,7.79,ssp370
cariaco,2096,1,7.8,ssp370
cariaco,2096,2,7.8,ssp370
cariaco,2096,3,7.8,ssp370
cariaco,2096,4,7.8,ssp370
cariaco,2096,5,7.8,ssp370
cariaco,2096,6,7.79,ssp370
cariaco,2096,7,7.78,ssp370
cariaco,2096,8,7.77,ssp370
cariaco,2096,9,7.78,ssp370
cariaco,2096,10,7.77,ssp370
cariaco,2096,11,7.78,ssp370
cariaco,2096,12,7.78,ssp370
cariaco,2097,1,7.79,ssp370
cariaco,2097,2,7.79,ssp370
cariaco,2097,3,7.79,ssp370
cariaco,2097,4,7.79,ssp370
cariaco,2097,5,7.79,ssp370
cariaco,2097,6,7.79,ssp370
cariaco,2097,7,7.78,ssp370
cariaco,2097,8,7.77,ssp370
cariaco,2097,9,7.77,ssp370
cariaco,2097,10,7.77,ssp370
cariaco,2097,11,7.77,ssp370
cariaco,2097,12,7.78,ssp370
cariaco,2098,1,7.79,ssp370
cariaco,2098,2,7.79,ssp370
cariaco,2098,3,7.78,ssp370
cariaco,2098,4,7.79,ssp370
cariaco,2098,5,7.79,ssp370
cariaco,2098,6,7.78,ssp370
cariaco,2098,7,7.77,ssp370
cariaco,2098,8,7.76,ssp370
cariaco,2098,9,7.76,ssp370
cariaco,2098,10,7.76,ssp370
cariaco,2098,11,7.77,ssp370
cariaco,2098,12,7.78,ssp370
cariaco,2099,1,7.79,ssp370
cariaco,2099,2,7.79,ssp370
cariaco,2099,3,7.79,ssp370
cariaco,2099,4,7.79,ssp370
cariaco,2099,5,7.79,ssp370
cariaco,2099,6,7.78,ssp370
cariaco,2099,7,7.77,ssp370
cariaco,2099,8,7.76,ssp370
cariaco,2099,9,7.75,ssp370
cariaco,2099,10,7.76,ssp370
cariaco,2099,11,7.76,ssp370
cariaco,2099,12,7.77,ssp370
cariaco,2100,1,7.77,ssp370
cariaco,2100,2,7.78,ssp370
cariaco,2100,3,7.79,ssp370
cariaco,2100,4,7.77,ssp370
cariaco,2100,5,7.78,ssp370
cariaco,2100,6,7.77,ssp370
cariaco,2100,7,7.77,ssp370
cariaco,2100,8,7.75,ssp370
cariaco,2100,9,7.75,ssp370
cariaco,2100,10,7.76,ssp370
cariaco,2100,11,7.76,ssp370
cariaco,2100,12,7.77,ssp370
cariaco,2015,1,8.05,ssp585
cariaco,2015,2,8.05,ssp585
cariaco,2015,3,8.05,ssp585
cariaco,2015,4,8.05,ssp585
cariaco,2015,5,8.04,ssp585
cariaco,2015,6,8.04,ssp585
cariaco,2015,7,8.03,ssp585
cariaco,2015,8,8.02,ssp585
cariaco,2015,9,8.01,ssp585
cariaco,2015,10,8.02,ssp585
cariaco,2015,11,8.02,ssp585
cariaco,2015,12,8.03,ssp585
cariaco,2016,1,8.05,ssp585
cariaco,2016,2,8.05,ssp585
cariaco,2016,3,8.05,ssp585
cariaco,2016,4,8.04,ssp585
cariaco,2016,5,8.05,ssp585
cariaco,2016,6,8.05,ssp585
cariaco,2016,7,8.04,ssp585
cariaco,2016,8,8.03,ssp585
cariaco,2016,9,8.03,ssp585
cariaco,2016,10,8.02,ssp585
cariaco,2016,11,8.03,ssp585
cariaco,2016,12,8.04,ssp585
cariaco,2017,1,8.05,ssp585
cariaco,2017,2,8.04,ssp585
cariaco,2017,3,8.04,ssp585
cariaco,2017,4,8.05,ssp585
cariaco,2017,5,8.04,ssp585
cariaco,2017,6,8.04,ssp585
cariaco,2017,7,8.03,ssp585
cariaco,2017,8,8.02,ssp585
cariaco,2017,9,8.02,ssp585
cariaco,2017,10,8.02,ssp585
cariaco,2017,11,8.02,ssp585
cariaco,2017,12,8.03,ssp585
cariaco,2018,1,8.04,ssp585
cariaco,2018,2,8.04,ssp585
cariaco,2018,3,8.04,ssp585
cariaco,2018,4,8.04,ssp585
cariaco,2018,5,8.04,ssp585
cariaco,2018,6,8.03,ssp585
cariaco,2018,7,8.03,ssp585
cariaco,2018,8,8.02,ssp585
cariaco,2018,9,8.02,ssp585
cariaco,2018,10,8.02,ssp585
cariaco,2018,11,8.03,ssp585
cariaco,2018,12,8.03,ssp585
cariaco,2019,1,8.04,ssp585
cariaco,2019,2,8.04,ssp585
cariaco,2019,3,8.04,ssp585
cariaco,2019,4,8.03,ssp585
cariaco,2019,5,8.03,ssp585
cariaco,2019,6,8.03,ssp585
cariaco,2019,7,8.02,ssp585
cariaco,2019,8,8.01,ssp585
cariaco,2019,9,8.01,ssp585
cariaco,2019,10,8.01,ssp585
cariaco,2019,11,8.01,ssp585
cariaco,2019,12,8.03,ssp585
cariaco,2020,1,8.04,ssp585
cariaco,2020,2,8.04,ssp585
cariaco,2020,3,8.04,ssp585
cariaco,2020,4,8.04,ssp585
cariaco,2020,5,8.04,ssp585
cariaco,2020,6,8.03,ssp585
cariaco,2020,7,8.02,ssp585
cariaco,2020,8,8.01,ssp585
cariaco,2020,9,8,ssp585
cariaco,2020,10,8.01,ssp585
cariaco,2020,11,8.02,ssp585
cariaco,2020,12,8.02,ssp585
cariaco,2021,1,8.03,ssp585
cariaco,2021,2,8.04,ssp585
cariaco,2021,3,8.04,ssp585
cariaco,2021,4,8.04,ssp585
cariaco,2021,5,8.04,ssp585
cariaco,2021,6,8.03,ssp585
cariaco,2021,7,8.03,ssp585
cariaco,2021,8,8.01,ssp585
cariaco,2021,9,8.01,ssp585
cariaco,2021,10,8.02,ssp585
cariaco,2021,11,8.02,ssp585
cariaco,2021,12,8.03,ssp585
cariaco,2022,1,8.03,ssp585
cariaco,2022,2,8.04,ssp585
cariaco,2022,3,8.04,ssp585
cariaco,2022,4,8.03,ssp585
cariaco,2022,5,8.03,ssp585
cariaco,2022,6,8.03,ssp585
cariaco,2022,7,8.02,ssp585
cariaco,2022,8,8.01,ssp585
cariaco,2022,9,8.01,ssp585
cariaco,2022,10,8.01,ssp585
cariaco,2022,11,8.01,ssp585
cariaco,2022,12,8.02,ssp585
cariaco,2023,1,8.03,ssp585
cariaco,2023,2,8.02,ssp585
cariaco,2023,3,8.02,ssp585
cariaco,2023,4,8.03,ssp585
cariaco,2023,5,8.02,ssp585
cariaco,2023,6,8.01,ssp585
cariaco,2023,7,8.01,ssp585
cariaco,2023,8,8.01,ssp585
cariaco,2023,9,8,ssp585
cariaco,2023,10,8,ssp585
cariaco,2023,11,8.01,ssp585
cariaco,2023,12,8.02,ssp585
cariaco,2024,1,8.03,ssp585
cariaco,2024,2,8.03,ssp585
cariaco,2024,3,8.03,ssp585
cariaco,2024,4,8.03,ssp585
cariaco,2024,5,8.03,ssp585
cariaco,2024,6,8.02,ssp585
cariaco,2024,7,8.01,ssp585
cariaco,2024,8,8,ssp585
cariaco,2024,9,8,ssp585
cariaco,2024,10,8,ssp585
cariaco,2024,11,8,ssp585
cariaco,2024,12,8.01,ssp585
cariaco,2025,1,8.02,ssp585
cariaco,2025,2,8.02,ssp585
cariaco,2025,3,8.02,ssp585
cariaco,2025,4,8.02,ssp585
cariaco,2025,5,8.02,ssp585
cariaco,2025,6,8.02,ssp585
cariaco,2025,7,8.01,ssp585
cariaco,2025,8,8,ssp585
cariaco,2025,9,7.99,ssp585
cariaco,2025,10,8,ssp585
cariaco,2025,11,8,ssp585
cariaco,2025,12,8.01,ssp585
cariaco,2026,1,8.02,ssp585
cariaco,2026,2,8.02,ssp585
cariaco,2026,3,8.02,ssp585
cariaco,2026,4,8.02,ssp585
cariaco,2026,5,8.02,ssp585
cariaco,2026,6,8.02,ssp585
cariaco,2026,7,8.01,ssp585
cariaco,2026,8,8,ssp585
cariaco,2026,9,8,ssp585
cariaco,2026,10,7.99,ssp585
cariaco,2026,11,8,ssp585
cariaco,2026,12,8.01,ssp585
cariaco,2027,1,8.02,ssp585
cariaco,2027,2,8.02,ssp585
cariaco,2027,3,8.02,ssp585
cariaco,2027,4,8.01,ssp585
cariaco,2027,5,8.02,ssp585
cariaco,2027,6,8.02,ssp585
cariaco,2027,7,8.01,ssp585
cariaco,2027,8,7.99,ssp585
cariaco,2027,9,7.99,ssp585
cariaco,2027,10,7.99,ssp585
cariaco,2027,11,8,ssp585
cariaco,2027,12,8.01,ssp585
cariaco,2028,1,8.01,ssp585
cariaco,2028,2,8.02,ssp585
cariaco,2028,3,8.01,ssp585
cariaco,2028,4,8.01,ssp585
cariaco,2028,5,8.01,ssp585
cariaco,2028,6,8,ssp585
cariaco,2028,7,8,ssp585
cariaco,2028,8,7.99,ssp585
cariaco,2028,9,7.99,ssp585
cariaco,2028,10,7.99,ssp585
cariaco,2028,11,7.99,ssp585
cariaco,2028,12,8.01,ssp585
cariaco,2029,1,8.01,ssp585
cariaco,2029,2,8.01,ssp585
cariaco,2029,3,8.01,ssp585
cariaco,2029,4,8.01,ssp585
cariaco,2029,5,8.01,ssp585
cariaco,2029,6,8,ssp585
cariaco,2029,7,7.99,ssp585
cariaco,2029,8,7.98,ssp585
cariaco,2029,9,7.98,ssp585
cariaco,2029,10,7.98,ssp585
cariaco,2029,11,7.99,ssp585
cariaco,2029,12,8,ssp585
cariaco,2030,1,8.01,ssp585
cariaco,2030,2,8.01,ssp585
cariaco,2030,3,8.01,ssp585
cariaco,2030,4,8,ssp585
cariaco,2030,5,8,ssp585
cariaco,2030,6,7.99,ssp585
cariaco,2030,7,7.99,ssp585
cariaco,2030,8,7.98,ssp585
cariaco,2030,9,7.98,ssp585
cariaco,2030,10,7.98,ssp585
cariaco,2030,11,7.98,ssp585
cariaco,2030,12,8,ssp585
cariaco,2031,1,8.01,ssp585
cariaco,2031,2,8.01,ssp585
cariaco,2031,3,8.01,ssp585
cariaco,2031,4,8.01,ssp585
cariaco,2031,5,8,ssp585
cariaco,2031,6,8,ssp585
cariaco,2031,7,7.99,ssp585
cariaco,2031,8,7.99,ssp585
cariaco,2031,9,7.98,ssp585
cariaco,2031,10,7.98,ssp585
cariaco,2031,11,7.99,ssp585
cariaco,2031,12,8,ssp585
cariaco,2032,1,8.01,ssp585
cariaco,2032,2,8,ssp585
cariaco,2032,3,8,ssp585
cariaco,2032,4,8,ssp585
cariaco,2032,5,8,ssp585
cariaco,2032,6,8,ssp585
cariaco,2032,7,7.99,ssp585
cariaco,2032,8,7.98,ssp585
cariaco,2032,9,7.98,ssp585
cariaco,2032,10,7.97,ssp585
cariaco,2032,11,7.98,ssp585
cariaco,2032,12,7.99,ssp585
cariaco,2033,1,8,ssp585
cariaco,2033,2,8.01,ssp585
cariaco,2033,3,8,ssp585
cariaco,2033,4,8.01,ssp585
cariaco,2033,5,8.01,ssp585
cariaco,2033,6,8,ssp585
cariaco,2033,7,7.99,ssp585
cariaco,2033,8,7.98,ssp585
cariaco,2033,9,7.98,ssp585
cariaco,2033,10,7.98,ssp585
cariaco,2033,11,7.97,ssp585
cariaco,2033,12,7.99,ssp585
cariaco,2034,1,8,ssp585
cariaco,2034,2,8.01,ssp585
cariaco,2034,3,8,ssp585
cariaco,2034,4,8.01,ssp585
cariaco,2034,5,8,ssp585
cariaco,2034,6,8,ssp585
cariaco,2034,7,7.98,ssp585
cariaco,2034,8,7.98,ssp585
cariaco,2034,9,7.97,ssp585
cariaco,2034,10,7.97,ssp585
cariaco,2034,11,7.97,ssp585
cariaco,2034,12,7.99,ssp585
cariaco,2035,1,8,ssp585
cariaco,2035,2,8,ssp585
cariaco,2035,3,8,ssp585
cariaco,2035,4,8,ssp585
cariaco,2035,5,7.99,ssp585
cariaco,2035,6,7.98,ssp585
cariaco,2035,7,7.98,ssp585
cariaco,2035,8,7.97,ssp585
cariaco,2035,9,7.96,ssp585
cariaco,2035,10,7.95,ssp585
cariaco,2035,11,7.96,ssp585
cariaco,2035,12,7.98,ssp585
cariaco,2036,1,7.99,ssp585
cariaco,2036,2,7.99,ssp585
cariaco,2036,3,8,ssp585
cariaco,2036,4,8,ssp585
cariaco,2036,5,7.99,ssp585
cariaco,2036,6,7.99,ssp585
cariaco,2036,7,7.97,ssp585
cariaco,2036,8,7.96,ssp585
cariaco,2036,9,7.96,ssp585
cariaco,2036,10,7.96,ssp585
cariaco,2036,11,7.97,ssp585
cariaco,2036,12,7.98,ssp585
cariaco,2037,1,7.99,ssp585
cariaco,2037,2,7.99,ssp585
cariaco,2037,3,7.99,ssp585
cariaco,2037,4,7.99,ssp585
cariaco,2037,5,7.99,ssp585
cariaco,2037,6,7.99,ssp585
cariaco,2037,7,7.97,ssp585
cariaco,2037,8,7.96,ssp585
cariaco,2037,9,7.96,ssp585
cariaco,2037,10,7.96,ssp585
cariaco,2037,11,7.96,ssp585
cariaco,2037,12,7.98,ssp585
cariaco,2038,1,7.99,ssp585
cariaco,2038,2,7.99,ssp585
cariaco,2038,3,7.98,ssp585
cariaco,2038,4,7.98,ssp585
cariaco,2038,5,7.98,ssp585
cariaco,2038,6,7.98,ssp585
cariaco,2038,7,7.96,ssp585
cariaco,2038,8,7.96,ssp585
cariaco,2038,9,7.96,ssp585
cariaco,2038,10,7.96,ssp585
cariaco,2038,11,7.96,ssp585
cariaco,2038,12,7.97,ssp585
cariaco,2039,1,7.98,ssp585
cariaco,2039,2,7.99,ssp585
cariaco,2039,3,7.98,ssp585
cariaco,2039,4,7.98,ssp585
cariaco,2039,5,7.98,ssp585
cariaco,2039,6,7.98,ssp585
cariaco,2039,7,7.97,ssp585
cariaco,2039,8,7.96,ssp585
cariaco,2039,9,7.96,ssp585
cariaco,2039,10,7.96,ssp585
cariaco,2039,11,7.97,ssp585
cariaco,2039,12,7.98,ssp585
cariaco,2040,1,7.98,ssp585
cariaco,2040,2,7.98,ssp585
cariaco,2040,3,7.98,ssp585
cariaco,2040,4,7.98,ssp585
cariaco,2040,5,7.98,ssp585
cariaco,2040,6,7.97,ssp585
cariaco,2040,7,7.96,ssp585
cariaco,2040,8,7.95,ssp585
cariaco,2040,9,7.95,ssp585
cariaco,2040,10,7.95,ssp585
cariaco,2040,11,7.96,ssp585
cariaco,2040,12,7.97,ssp585
cariaco,2041,1,7.98,ssp585
cariaco,2041,2,7.98,ssp585
cariaco,2041,3,7.97,ssp585
cariaco,2041,4,7.97,ssp585
cariaco,2041,5,7.97,ssp585
cariaco,2041,6,7.97,ssp585
cariaco,2041,7,7.96,ssp585
cariaco,2041,8,7.95,ssp585
cariaco,2041,9,7.95,ssp585
cariaco,2041,10,7.95,ssp585
cariaco,2041,11,7.95,ssp585
cariaco,2041,12,7.97,ssp585
cariaco,2042,1,7.97,ssp585
cariaco,2042,2,7.97,ssp585
cariaco,2042,3,7.97,ssp585
cariaco,2042,4,7.97,ssp585
cariaco,2042,5,7.97,ssp585
cariaco,2042,6,7.98,ssp585
cariaco,2042,7,7.97,ssp585
cariaco,2042,8,7.96,ssp585
cariaco,2042,9,7.96,ssp585
cariaco,2042,10,7.95,ssp585
cariaco,2042,11,7.95,ssp585
cariaco,2042,12,7.97,ssp585
cariaco,2043,1,7.97,ssp585
cariaco,2043,2,7.97,ssp585
cariaco,2043,3,7.96,ssp585
cariaco,2043,4,7.96,ssp585
cariaco,2043,5,7.97,ssp585
cariaco,2043,6,7.96,ssp585
cariaco,2043,7,7.96,ssp585
cariaco,2043,8,7.95,ssp585
cariaco,2043,9,7.95,ssp585
cariaco,2043,10,7.94,ssp585
cariaco,2043,11,7.95,ssp585
cariaco,2043,12,7.96,ssp585
cariaco,2044,1,7.96,ssp585
cariaco,2044,2,7.96,ssp585
cariaco,2044,3,7.97,ssp585
cariaco,2044,4,7.97,ssp585
cariaco,2044,5,7.96,ssp585
cariaco,2044,6,7.96,ssp585
cariaco,2044,7,7.95,ssp585
cariaco,2044,8,7.94,ssp585
cariaco,2044,9,7.94,ssp585
cariaco,2044,10,7.94,ssp585
cariaco,2044,11,7.94,ssp585
cariaco,2044,12,7.96,ssp585
cariaco,2045,1,7.97,ssp585
cariaco,2045,2,7.97,ssp585
cariaco,2045,3,7.96,ssp585
cariaco,2045,4,7.96,ssp585
cariaco,2045,5,7.96,ssp585
cariaco,2045,6,7.96,ssp585
cariaco,2045,7,7.95,ssp585
cariaco,2045,8,7.93,ssp585
cariaco,2045,9,7.93,ssp585
cariaco,2045,10,7.93,ssp585
cariaco,2045,11,7.93,ssp585
cariaco,2045,12,7.95,ssp585
cariaco,2046,1,7.95,ssp585
cariaco,2046,2,7.96,ssp585
cariaco,2046,3,7.96,ssp585
cariaco,2046,4,7.96,ssp585
cariaco,2046,5,7.96,ssp585
cariaco,2046,6,7.95,ssp585
cariaco,2046,7,7.94,ssp585
cariaco,2046,8,7.93,ssp585
cariaco,2046,9,7.93,ssp585
cariaco,2046,10,7.93,ssp585
cariaco,2046,11,7.93,ssp585
cariaco,2046,12,7.95,ssp585
cariaco,2047,1,7.96,ssp585
cariaco,2047,2,7.95,ssp585
cariaco,2047,3,7.96,ssp585
cariaco,2047,4,7.96,ssp585
cariaco,2047,5,7.95,ssp585
cariaco,2047,6,7.95,ssp585
cariaco,2047,7,7.95,ssp585
cariaco,2047,8,7.94,ssp585
cariaco,2047,9,7.93,ssp585
cariaco,2047,10,7.93,ssp585
cariaco,2047,11,7.93,ssp585
cariaco,2047,12,7.95,ssp585
cariaco,2048,1,7.95,ssp585
cariaco,2048,2,7.95,ssp585
cariaco,2048,3,7.94,ssp585
cariaco,2048,4,7.94,ssp585
cariaco,2048,5,7.95,ssp585
cariaco,2048,6,7.95,ssp585
cariaco,2048,7,7.94,ssp585
cariaco,2048,8,7.93,ssp585
cariaco,2048,9,7.93,ssp585
cariaco,2048,10,7.92,ssp585
cariaco,2048,11,7.92,ssp585
cariaco,2048,12,7.94,ssp585
cariaco,2049,1,7.94,ssp585
cariaco,2049,2,7.95,ssp585
cariaco,2049,3,7.95,ssp585
cariaco,2049,4,7.94,ssp585
cariaco,2049,5,7.94,ssp585
cariaco,2049,6,7.93,ssp585
cariaco,2049,7,7.93,ssp585
cariaco,2049,8,7.92,ssp585
cariaco,2049,9,7.92,ssp585
cariaco,2049,10,7.92,ssp585
cariaco,2049,11,7.92,ssp585
cariaco,2049,12,7.94,ssp585
cariaco,2050,1,7.94,ssp585
cariaco,2050,2,7.94,ssp585
cariaco,2050,3,7.94,ssp585
cariaco,2050,4,7.94,ssp585
cariaco,2050,5,7.94,ssp585
cariaco,2050,6,7.94,ssp585
cariaco,2050,7,7.93,ssp585
cariaco,2050,8,7.92,ssp585
cariaco,2050,9,7.92,ssp585
cariaco,2050,10,7.92,ssp585
cariaco,2050,11,7.92,ssp585
cariaco,2050,12,7.94,ssp585
cariaco,2051,1,7.94,ssp585
cariaco,2051,2,7.94,ssp585
cariaco,2051,3,7.94,ssp585
cariaco,2051,4,7.94,ssp585
cariaco,2051,5,7.94,ssp585
cariaco,2051,6,7.94,ssp585
cariaco,2051,7,7.93,ssp585
cariaco,2051,8,7.92,ssp585
cariaco,2051,9,7.92,ssp585
cariaco,2051,10,7.92,ssp585
cariaco,2051,11,7.92,ssp585
cariaco,2051,12,7.93,ssp585
cariaco,2052,1,7.94,ssp585
cariaco,2052,2,7.94,ssp585
cariaco,2052,3,7.94,ssp585
cariaco,2052,4,7.95,ssp585
cariaco,2052,5,7.94,ssp585
cariaco,2052,6,7.94,ssp585
cariaco,2052,7,7.92,ssp585
cariaco,2052,8,7.91,ssp585
cariaco,2052,9,7.91,ssp585
cariaco,2052,10,7.92,ssp585
cariaco,2052,11,7.91,ssp585
cariaco,2052,12,7.92,ssp585
cariaco,2053,1,7.93,ssp585
cariaco,2053,2,7.94,ssp585
cariaco,2053,3,7.94,ssp585
cariaco,2053,4,7.93,ssp585
cariaco,2053,5,7.93,ssp585
cariaco,2053,6,7.93,ssp585
cariaco,2053,7,7.92,ssp585
cariaco,2053,8,7.91,ssp585
cariaco,2053,9,7.91,ssp585
cariaco,2053,10,7.91,ssp585
cariaco,2053,11,7.91,ssp585
cariaco,2053,12,7.92,ssp585
cariaco,2054,1,7.93,ssp585
cariaco,2054,2,7.93,ssp585
cariaco,2054,3,7.92,ssp585
cariaco,2054,4,7.92,ssp585
cariaco,2054,5,7.92,ssp585
cariaco,2054,6,7.92,ssp585
cariaco,2054,7,7.91,ssp585
cariaco,2054,8,7.9,ssp585
cariaco,2054,9,7.9,ssp585
cariaco,2054,10,7.89,ssp585
cariaco,2054,11,7.9,ssp585
cariaco,2054,12,7.91,ssp585
cariaco,2055,1,7.92,ssp585
cariaco,2055,2,7.92,ssp585
cariaco,2055,3,7.91,ssp585
cariaco,2055,4,7.92,ssp585
cariaco,2055,5,7.91,ssp585
cariaco,2055,6,7.91,ssp585
cariaco,2055,7,7.91,ssp585
cariaco,2055,8,7.9,ssp585
cariaco,2055,9,7.88,ssp585
cariaco,2055,10,7.89,ssp585
cariaco,2055,11,7.89,ssp585
cariaco,2055,12,7.9,ssp585
cariaco,2056,1,7.91,ssp585
cariaco,2056,2,7.91,ssp585
cariaco,2056,3,7.91,ssp585
cariaco,2056,4,7.91,ssp585
cariaco,2056,5,7.91,ssp585
cariaco,2056,6,7.9,ssp585
cariaco,2056,7,7.89,ssp585
cariaco,2056,8,7.89,ssp585
cariaco,2056,9,7.88,ssp585
cariaco,2056,10,7.88,ssp585
cariaco,2056,11,7.89,ssp585
cariaco,2056,12,7.9,ssp585
cariaco,2057,1,7.91,ssp585
cariaco,2057,2,7.92,ssp585
cariaco,2057,3,7.92,ssp585
cariaco,2057,4,7.91,ssp585
cariaco,2057,5,7.91,ssp585
cariaco,2057,6,7.91,ssp585
cariaco,2057,7,7.9,ssp585
cariaco,2057,8,7.89,ssp585
cariaco,2057,9,7.88,ssp585
cariaco,2057,10,7.88,ssp585
cariaco,2057,11,7.88,ssp585
cariaco,2057,12,7.89,ssp585
cariaco,2058,1,7.91,ssp585
cariaco,2058,2,7.91,ssp585
cariaco,2058,3,7.91,ssp585
cariaco,2058,4,7.91,ssp585
cariaco,2058,5,7.91,ssp585
cariaco,2058,6,7.91,ssp585
cariaco,2058,7,7.89,ssp585
cariaco,2058,8,7.89,ssp585
cariaco,2058,9,7.89,ssp585
cariaco,2058,10,7.88,ssp585
cariaco,2058,11,7.89,ssp585
cariaco,2058,12,7.89,ssp585
cariaco,2059,1,7.9,ssp585
cariaco,2059,2,7.9,ssp585
cariaco,2059,3,7.91,ssp585
cariaco,2059,4,7.9,ssp585
cariaco,2059,5,7.9,ssp585
cariaco,2059,6,7.89,ssp585
cariaco,2059,7,7.89,ssp585
cariaco,2059,8,7.88,ssp585
cariaco,2059,9,7.88,ssp585
cariaco,2059,10,7.88,ssp585
cariaco,2059,11,7.88,ssp585
cariaco,2059,12,7.89,ssp585
cariaco,2060,1,7.89,ssp585
cariaco,2060,2,7.9,ssp585
cariaco,2060,3,7.9,ssp585
cariaco,2060,4,7.9,ssp585
cariaco,2060,5,7.89,ssp585
cariaco,2060,6,7.89,ssp585
cariaco,2060,7,7.88,ssp585
cariaco,2060,8,7.88,ssp585
cariaco,2060,9,7.87,ssp585
cariaco,2060,10,7.87,ssp585
cariaco,2060,11,7.88,ssp585
cariaco,2060,12,7.89,ssp585
cariaco,2061,1,7.89,ssp585
cariaco,2061,2,7.89,ssp585
cariaco,2061,3,7.89,ssp585
cariaco,2061,4,7.89,ssp585
cariaco,2061,5,7.89,ssp585
cariaco,2061,6,7.88,ssp585
cariaco,2061,7,7.88,ssp585
cariaco,2061,8,7.87,ssp585
cariaco,2061,9,7.87,ssp585
cariaco,2061,10,7.87,ssp585
cariaco,2061,11,7.87,ssp585
cariaco,2061,12,7.88,ssp585
cariaco,2062,1,7.89,ssp585
cariaco,2062,2,7.89,ssp585
cariaco,2062,3,7.89,ssp585
cariaco,2062,4,7.89,ssp585
cariaco,2062,5,7.89,ssp585
cariaco,2062,6,7.89,ssp585
cariaco,2062,7,7.88,ssp585
cariaco,2062,8,7.86,ssp585
cariaco,2062,9,7.86,ssp585
cariaco,2062,10,7.86,ssp585
cariaco,2062,11,7.86,ssp585
cariaco,2062,12,7.88,ssp585
cariaco,2063,1,7.88,ssp585
cariaco,2063,2,7.89,ssp585
cariaco,2063,3,7.88,ssp585
cariaco,2063,4,7.88,ssp585
cariaco,2063,5,7.88,ssp585
cariaco,2063,6,7.88,ssp585
cariaco,2063,7,7.86,ssp585
cariaco,2063,8,7.86,ssp585
cariaco,2063,9,7.85,ssp585
cariaco,2063,10,7.85,ssp585
cariaco,2063,11,7.85,ssp585
cariaco,2063,12,7.86,ssp585
cariaco,2064,1,7.87,ssp585
cariaco,2064,2,7.88,ssp585
cariaco,2064,3,7.88,ssp585
cariaco,2064,4,7.88,ssp585
cariaco,2064,5,7.88,ssp585
cariaco,2064,6,7.88,ssp585
cariaco,2064,7,7.87,ssp585
cariaco,2064,8,7.85,ssp585
cariaco,2064,9,7.86,ssp585
cariaco,2064,10,7.85,ssp585
cariaco,2064,11,7.85,ssp585
cariaco,2064,12,7.87,ssp585
cariaco,2065,1,7.88,ssp585
cariaco,2065,2,7.88,ssp585
cariaco,2065,3,7.88,ssp585
cariaco,2065,4,7.88,ssp585
cariaco,2065,5,7.88,ssp585
cariaco,2065,6,7.87,ssp585
cariaco,2065,7,7.86,ssp585
cariaco,2065,8,7.85,ssp585
cariaco,2065,9,7.85,ssp585
cariaco,2065,10,7.84,ssp585
cariaco,2065,11,7.85,ssp585
cariaco,2065,12,7.87,ssp585
cariaco,2066,1,7.87,ssp585
cariaco,2066,2,7.87,ssp585
cariaco,2066,3,7.87,ssp585
cariaco,2066,4,7.87,ssp585
cariaco,2066,5,7.86,ssp585
cariaco,2066,6,7.86,ssp585
cariaco,2066,7,7.86,ssp585
cariaco,2066,8,7.84,ssp585
cariaco,2066,9,7.84,ssp585
cariaco,2066,10,7.84,ssp585
cariaco,2066,11,7.85,ssp585
cariaco,2066,12,7.86,ssp585
cariaco,2067,1,7.86,ssp585
cariaco,2067,2,7.86,ssp585
cariaco,2067,3,7.86,ssp585
cariaco,2067,4,7.86,ssp585
cariaco,2067,5,7.86,ssp585
cariaco,2067,6,7.86,ssp585
cariaco,2067,7,7.85,ssp585
cariaco,2067,8,7.84,ssp585
cariaco,2067,9,7.84,ssp585
cariaco,2067,10,7.84,ssp585
cariaco,2067,11,7.84,ssp585
cariaco,2067,12,7.85,ssp585
cariaco,2068,1,7.86,ssp585
cariaco,2068,2,7.86,ssp585
cariaco,2068,3,7.86,ssp585
cariaco,2068,4,7.86,ssp585
cariaco,2068,5,7.86,ssp585
cariaco,2068,6,7.85,ssp585
cariaco,2068,7,7.85,ssp585
cariaco,2068,8,7.83,ssp585
cariaco,2068,9,7.84,ssp585
cariaco,2068,10,7.84,ssp585
cariaco,2068,11,7.84,ssp585
cariaco,2068,12,7.85,ssp585
cariaco,2069,1,7.86,ssp585
cariaco,2069,2,7.86,ssp585
cariaco,2069,3,7.86,ssp585
cariaco,2069,4,7.85,ssp585
cariaco,2069,5,7.85,ssp585
cariaco,2069,6,7.85,ssp585
cariaco,2069,7,7.85,ssp585
cariaco,2069,8,7.84,ssp585
cariaco,2069,9,7.84,ssp585
cariaco,2069,10,7.83,ssp585
cariaco,2069,11,7.83,ssp585
cariaco,2069,12,7.84,ssp585
cariaco,2070,1,7.84,ssp585
cariaco,2070,2,7.84,ssp585
cariaco,2070,3,7.84,ssp585
cariaco,2070,4,7.84,ssp585
cariaco,2070,5,7.84,ssp585
cariaco,2070,6,7.84,ssp585
cariaco,2070,7,7.83,ssp585
cariaco,2070,8,7.82,ssp585
cariaco,2070,9,7.82,ssp585
cariaco,2070,10,7.82,ssp585
cariaco,2070,11,7.83,ssp585
cariaco,2070,12,7.84,ssp585
cariaco,2071,1,7.84,ssp585
cariaco,2071,2,7.85,ssp585
cariaco,2071,3,7.84,ssp585
cariaco,2071,4,7.83,ssp585
cariaco,2071,5,7.84,ssp585
cariaco,2071,6,7.84,ssp585
cariaco,2071,7,7.83,ssp585
cariaco,2071,8,7.82,ssp585
cariaco,2071,9,7.82,ssp585
cariaco,2071,10,7.82,ssp585
cariaco,2071,11,7.81,ssp585
cariaco,2071,12,7.82,ssp585
cariaco,2072,1,7.84,ssp585
cariaco,2072,2,7.84,ssp585
cariaco,2072,3,7.84,ssp585
cariaco,2072,4,7.84,ssp585
cariaco,2072,5,7.83,ssp585
cariaco,2072,6,7.83,ssp585
cariaco,2072,7,7.82,ssp585
cariaco,2072,8,7.81,ssp585
cariaco,2072,9,7.8,ssp585
cariaco,2072,10,7.8,ssp585
cariaco,2072,11,7.8,ssp585
cariaco,2072,12,7.82,ssp585
cariaco,2073,1,7.83,ssp585
cariaco,2073,2,7.83,ssp585
cariaco,2073,3,7.83,ssp585
cariaco,2073,4,7.83,ssp585
cariaco,2073,5,7.82,ssp585
cariaco,2073,6,7.82,ssp585
cariaco,2073,7,7.81,ssp585
cariaco,2073,8,7.8,ssp585
cariaco,2073,9,7.8,ssp585
cariaco,2073,10,7.8,ssp585
cariaco,2073,11,7.79,ssp585
cariaco,2073,12,7.81,ssp585
cariaco,2074,1,7.83,ssp585
cariaco,2074,2,7.83,ssp585
cariaco,2074,3,7.83,ssp585
cariaco,2074,4,7.83,ssp585
cariaco,2074,5,7.83,ssp585
cariaco,2074,6,7.82,ssp585
cariaco,2074,7,7.81,ssp585
cariaco,2074,8,7.8,ssp585
cariaco,2074,9,7.8,ssp585
cariaco,2074,10,7.8,ssp585
cariaco,2074,11,7.8,ssp585
cariaco,2074,12,7.81,ssp585
cariaco,2075,1,7.82,ssp585
cariaco,2075,2,7.83,ssp585
cariaco,2075,3,7.83,ssp585
cariaco,2075,4,7.82,ssp585
cariaco,2075,5,7.81,ssp585
cariaco,2075,6,7.82,ssp585
cariaco,2075,7,7.81,ssp585
cariaco,2075,8,7.8,ssp585
cariaco,2075,9,7.79,ssp585
cariaco,2075,10,7.79,ssp585
cariaco,2075,11,7.8,ssp585
cariaco,2075,12,7.81,ssp585
cariaco,2076,1,7.82,ssp585
cariaco,2076,2,7.82,ssp585
cariaco,2076,3,7.82,ssp585
cariaco,2076,4,7.81,ssp585
cariaco,2076,5,7.81,ssp585
cariaco,2076,6,7.81,ssp585
cariaco,2076,7,7.8,ssp585
cariaco,2076,8,7.79,ssp585
cariaco,2076,9,7.79,ssp585
cariaco,2076,10,7.79,ssp585
cariaco,2076,11,7.79,ssp585
cariaco,2076,12,7.8,ssp585
cariaco,2077,1,7.81,ssp585
cariaco,2077,2,7.81,ssp585
cariaco,2077,3,7.81,ssp585
cariaco,2077,4,7.81,ssp585
cariaco,2077,5,7.81,ssp585
cariaco,2077,6,7.8,ssp585
cariaco,2077,7,7.79,ssp585
cariaco,2077,8,7.78,ssp585
cariaco,2077,9,7.78,ssp585
cariaco,2077,10,7.78,ssp585
cariaco,2077,11,7.78,ssp585
cariaco,2077,12,7.8,ssp585
cariaco,2078,1,7.8,ssp585
cariaco,2078,2,7.8,ssp585
cariaco,2078,3,7.81,ssp585
cariaco,2078,4,7.81,ssp585
cariaco,2078,5,7.8,ssp585
cariaco,2078,6,7.8,ssp585
cariaco,2078,7,7.79,ssp585
cariaco,2078,8,7.78,ssp585
cariaco,2078,9,7.78,ssp585
cariaco,2078,10,7.77,ssp585
cariaco,2078,11,7.78,ssp585
cariaco,2078,12,7.79,ssp585
cariaco,2079,1,7.8,ssp585
cariaco,2079,2,7.8,ssp585
cariaco,2079,3,7.8,ssp585
cariaco,2079,4,7.8,ssp585
cariaco,2079,5,7.81,ssp585
cariaco,2079,6,7.8,ssp585
cariaco,2079,7,7.79,ssp585
cariaco,2079,8,7.78,ssp585
cariaco,2079,9,7.78,ssp585
cariaco,2079,10,7.78,ssp585
cariaco,2079,11,7.78,ssp585
cariaco,2079,12,7.79,ssp585
cariaco,2080,1,7.79,ssp585
cariaco,2080,2,7.8,ssp585
cariaco,2080,3,7.8,ssp585
cariaco,2080,4,7.79,ssp585
cariaco,2080,5,7.79,ssp585
cariaco,2080,6,7.79,ssp585
cariaco,2080,7,7.77,ssp585
cariaco,2080,8,7.77,ssp585
cariaco,2080,9,7.77,ssp585
cariaco,2080,10,7.77,ssp585
cariaco,2080,11,7.77,ssp585
cariaco,2080,12,7.78,ssp585
cariaco,2081,1,7.79,ssp585
cariaco,2081,2,7.79,ssp585
cariaco,2081,3,7.8,ssp585
cariaco,2081,4,7.8,ssp585
cariaco,2081,5,7.79,ssp585
cariaco,2081,6,7.78,ssp585
cariaco,2081,7,7.78,ssp585
cariaco,2081,8,7.76,ssp585
cariaco,2081,9,7.76,ssp585
cariaco,2081,10,7.77,ssp585
cariaco,2081,11,7.76,ssp585
cariaco,2081,12,7.78,ssp585
cariaco,2082,1,7.78,ssp585
cariaco,2082,2,7.79,ssp585
cariaco,2082,3,7.79,ssp585
cariaco,2082,4,7.79,ssp585
cariaco,2082,5,7.78,ssp585
cariaco,2082,6,7.78,ssp585
cariaco,2082,7,7.77,ssp585
cariaco,2082,8,7.76,ssp585
cariaco,2082,9,7.76,ssp585
cariaco,2082,10,7.76,ssp585
cariaco,2082,11,7.76,ssp585
cariaco,2082,12,7.77,ssp585
cariaco,2083,1,7.78,ssp585
cariaco,2083,2,7.78,ssp585
cariaco,2083,3,7.78,ssp585
cariaco,2083,4,7.78,ssp585
cariaco,2083,5,7.78,ssp585
cariaco,2083,6,7.78,ssp585
cariaco,2083,7,7.77,ssp585
cariaco,2083,8,7.76,ssp585
cariaco,2083,9,7.75,ssp585
cariaco,2083,10,7.76,ssp585
cariaco,2083,11,7.75,ssp585
cariaco,2083,12,7.77,ssp585
cariaco,2084,1,7.77,ssp585
cariaco,2084,2,7.78,ssp585
cariaco,2084,3,7.78,ssp585
cariaco,2084,4,7.78,ssp585
cariaco,2084,5,7.78,ssp585
cariaco,2084,6,7.77,ssp585
cariaco,2084,7,7.76,ssp585
cariaco,2084,8,7.75,ssp585
cariaco,2084,9,7.75,ssp585
cariaco,2084,10,7.75,ssp585
cariaco,2084,11,7.75,ssp585
cariaco,2084,12,7.76,ssp585
cariaco,2085,1,7.77,ssp585
cariaco,2085,2,7.77,ssp585
cariaco,2085,3,7.77,ssp585
cariaco,2085,4,7.77,ssp585
cariaco,2085,5,7.77,ssp585
cariaco,2085,6,7.77,ssp585
cariaco,2085,7,7.75,ssp585
cariaco,2085,8,7.74,ssp585
cariaco,2085,9,7.74,ssp585
cariaco,2085,10,7.75,ssp585
cariaco,2085,11,7.74,ssp585
cariaco,2085,12,7.75,ssp585
cariaco,2086,1,7.76,ssp585
cariaco,2086,2,7.77,ssp585
cariaco,2086,3,7.76,ssp585
cariaco,2086,4,7.76,ssp585
cariaco,2086,5,7.76,ssp585
cariaco,2086,6,7.75,ssp585
cariaco,2086,7,7.75,ssp585
cariaco,2086,8,7.74,ssp585
cariaco,2086,9,7.74,ssp585
cariaco,2086,10,7.73,ssp585
cariaco,2086,11,7.74,ssp585
cariaco,2086,12,7.74,ssp585
cariaco,2087,1,7.75,ssp585
cariaco,2087,2,7.76,ssp585
cariaco,2087,3,7.76,ssp585
cariaco,2087,4,7.75,ssp585
cariaco,2087,5,7.76,ssp585
cariaco,2087,6,7.75,ssp585
cariaco,2087,7,7.74,ssp585
cariaco,2087,8,7.73,ssp585
cariaco,2087,9,7.73,ssp585
cariaco,2087,10,7.73,ssp585
cariaco,2087,11,7.73,ssp585
cariaco,2087,12,7.74,ssp585
cariaco,2088,1,7.75,ssp585
cariaco,2088,2,7.75,ssp585
cariaco,2088,3,7.76,ssp585
cariaco,2088,4,7.74,ssp585
cariaco,2088,5,7.74,ssp585
cariaco,2088,6,7.74,ssp585
cariaco,2088,7,7.74,ssp585
cariaco,2088,8,7.72,ssp585
cariaco,2088,9,7.73,ssp585
cariaco,2088,10,7.72,ssp585
cariaco,2088,11,7.73,ssp585
cariaco,2088,12,7.74,ssp585
cariaco,2089,1,7.75,ssp585
cariaco,2089,2,7.76,ssp585
cariaco,2089,3,7.75,ssp585
cariaco,2089,4,7.74,ssp585
cariaco,2089,5,7.74,ssp585
cariaco,2089,6,7.74,ssp585
cariaco,2089,7,7.73,ssp585
cariaco,2089,8,7.72,ssp585
cariaco,2089,9,7.72,ssp585
cariaco,2089,10,7.72,ssp585
cariaco,2089,11,7.73,ssp585
cariaco,2089,12,7.73,ssp585
cariaco,2090,1,7.74,ssp585
cariaco,2090,2,7.74,ssp585
cariaco,2090,3,7.74,ssp585
cariaco,2090,4,7.74,ssp585
cariaco,2090,5,7.74,ssp585
cariaco,2090,6,7.74,ssp585
cariaco,2090,7,7.73,ssp585
cariaco,2090,8,7.71,ssp585
cariaco,2090,9,7.72,ssp585
cariaco,2090,10,7.72,ssp585
cariaco,2090,11,7.72,ssp585
cariaco,2090,12,7.72,ssp585
cariaco,2091,1,7.73,ssp585
cariaco,2091,2,7.73,ssp585
cariaco,2091,3,7.73,ssp585
cariaco,2091,4,7.73,ssp585
cariaco,2091,5,7.73,ssp585
cariaco,2091,6,7.73,ssp585
cariaco,2091,7,7.72,ssp585
cariaco,2091,8,7.7,ssp585
cariaco,2091,9,7.71,ssp585
cariaco,2091,10,7.71,ssp585
cariaco,2091,11,7.71,ssp585
cariaco,2091,12,7.72,ssp585
cariaco,2092,1,7.73,ssp585
cariaco,2092,2,7.73,ssp585
cariaco,2092,3,7.74,ssp585
cariaco,2092,4,7.74,ssp585
cariaco,2092,5,7.73,ssp585
cariaco,2092,6,7.73,ssp585
cariaco,2092,7,7.72,ssp585
cariaco,2092,8,7.7,ssp585
cariaco,2092,9,7.7,ssp585
cariaco,2092,10,7.71,ssp585
cariaco,2092,11,7.7,ssp585
cariaco,2092,12,7.71,ssp585
cariaco,2093,1,7.72,ssp585
cariaco,2093,2,7.73,ssp585
cariaco,2093,3,7.73,ssp585
cariaco,2093,4,7.72,ssp585
cariaco,2093,5,7.72,ssp585
cariaco,2093,6,7.72,ssp585
cariaco,2093,7,7.71,ssp585
cariaco,2093,8,7.7,ssp585
cariaco,2093,9,7.7,ssp585
cariaco,2093,10,7.7,ssp585
cariaco,2093,11,7.7,ssp585
cariaco,2093,12,7.71,ssp585
cariaco,2094,1,7.71,ssp585
cariaco,2094,2,7.72,ssp585
cariaco,2094,3,7.72,ssp585
cariaco,2094,4,7.71,ssp585
cariaco,2094,5,7.71,ssp585
cariaco,2094,6,7.71,ssp585
cariaco,2094,7,7.71,ssp585
cariaco,2094,8,7.7,ssp585
cariaco,2094,9,7.7,ssp585
cariaco,2094,10,7.7,ssp585
cariaco,2094,11,7.69,ssp585
cariaco,2094,12,7.7,ssp585
cariaco,2095,1,7.71,ssp585
cariaco,2095,2,7.72,ssp585
cariaco,2095,3,7.71,ssp585
cariaco,2095,4,7.71,ssp585
cariaco,2095,5,7.71,ssp585
cariaco,2095,6,7.71,ssp585
cariaco,2095,7,7.7,ssp585
cariaco,2095,8,7.69,ssp585
cariaco,2095,9,7.69,ssp585
cariaco,2095,10,7.69,ssp585
cariaco,2095,11,7.69,ssp585
cariaco,2095,12,7.7,ssp585
cariaco,2096,1,7.7,ssp585
cariaco,2096,2,7.7,ssp585
cariaco,2096,3,7.7,ssp585
cariaco,2096,4,7.7,ssp585
cariaco,2096,5,7.7,ssp585
cariaco,2096,6,7.7,ssp585
cariaco,2096,7,7.7,ssp585
cariaco,2096,8,7.69,ssp585
cariaco,2096,9,7.69,ssp585
cariaco,2096,10,7.69,ssp585
cariaco,2096,11,7.69,ssp585
cariaco,2096,12,7.7,ssp585
cariaco,2097,1,7.7,ssp585
cariaco,2097,2,7.71,ssp585
cariaco,2097,3,7.71,ssp585
cariaco,2097,4,7.7,ssp585
cariaco,2097,5,7.7,ssp585
cariaco,2097,6,7.7,ssp585
cariaco,2097,7,7.7,ssp585
cariaco,2097,8,7.69,ssp585
cariaco,2097,9,7.69,ssp585
cariaco,2097,10,7.69,ssp585
cariaco,2097,11,7.69,ssp585
cariaco,2097,12,7.7,ssp585
cariaco,2098,1,7.7,ssp585
cariaco,2098,2,7.7,ssp585
cariaco,2098,3,7.7,ssp585
cariaco,2098,4,7.7,ssp585
cariaco,2098,5,7.7,ssp585
cariaco,2098,6,7.69,ssp585
cariaco,2098,7,7.69,ssp585
cariaco,2098,8,7.68,ssp585
cariaco,2098,9,7.68,ssp585
cariaco,2098,10,7.68,ssp585
cariaco,2098,11,7.68,ssp585
cariaco,2098,12,7.69,ssp585
cariaco,2099,1,7.69,ssp585
cariaco,2099,2,7.69,ssp585
cariaco,2099,3,7.69,ssp585
cariaco,2099,4,7.69,ssp585
cariaco,2099,5,7.69,ssp585
cariaco,2099,6,7.69,ssp585
cariaco,2099,7,7.68,ssp585
cariaco,2099,8,7.66,ssp585
cariaco,2099,9,7.66,ssp585
cariaco,2099,10,7.67,ssp585
cariaco,2099,11,7.66,ssp585
cariaco,2099,12,7.67,ssp585
cariaco,2100,1,7.68,ssp585
cariaco,2100,2,7.69,ssp585
cariaco,2100,3,7.69,ssp585
cariaco,2100,4,7.68,ssp585
cariaco,2100,5,7.69,ssp585
cariaco,2100,6,7.69,ssp585
cariaco,2100,7,7.68,ssp585
cariaco,2100,8,7.67,ssp585
cariaco,2100,9,7.66,ssp585
cariaco,2100,10,7.67,ssp585
cariaco,2100,11,7.67,ssp585
cariaco,2100,12,7.68,ssp585
