,year,avg_ann_temp_f,scenario,model
0,1950,51.03747959421471,ssp245,mpi-esm1-2-lr
1,1951,51.33448552527974,ssp245,mpi-esm1-2-lr
2,1952,50.94311346666974,ssp245,mpi-esm1-2-lr
3,1953,49.70585573664189,ssp245,mpi-esm1-2-lr
4,1954,49.90899262551426,ssp245,mpi-esm1-2-lr
5,1955,50.36018991786704,ssp245,mpi-esm1-2-lr
6,1956,52.27699708926678,ssp245,mpi-esm1-2-lr
7,1957,51.28048517471729,ssp245,mpi-esm1-2-lr
8,1958,53.12029269150584,ssp245,mpi-esm1-2-lr
9,1959,51.2577529857789,ssp245,mpi-esm1-2-lr
10,1960,51.14448711121673,ssp245,mpi-esm1-2-lr
11,1961,50.58324055266287,ssp245,mpi-esm1-2-lr
12,1962,49.81782468570261,ssp245,mpi-esm1-2-lr
13,1963,51.27201014387598,ssp245,mpi-esm1-2-lr
14,1964,49.9197709013121,ssp245,mpi-esm1-2-lr
15,1965,50.45320885389214,ssp245,mpi-esm1-2-lr
16,1966,49.830663908020334,ssp245,mpi-esm1-2-lr
17,1967,50.23744994092697,ssp245,mpi-esm1-2-lr
18,1968,52.190201482406955,ssp245,mpi-esm1-2-lr
19,1969,49.88960533004246,ssp245,mpi-esm1-2-lr
20,1970,48.14390011333684,ssp245,mpi-esm1-2-lr
21,1971,50.75573224702393,ssp245,mpi-esm1-2-lr
22,1972,49.43787258652864,ssp245,mpi-esm1-2-lr
23,1973,50.23872350944204,ssp245,mpi-esm1-2-lr
24,1974,50.25745551280654,ssp245,mpi-esm1-2-lr
25,1975,50.84609898927417,ssp245,mpi-esm1-2-lr
26,1976,51.10430773967838,ssp245,mpi-esm1-2-lr
27,1977,50.93378970151048,ssp245,mpi-esm1-2-lr
28,1978,52.59091401784426,ssp245,mpi-esm1-2-lr
29,1979,50.56623878217582,ssp245,mpi-esm1-2-lr
30,1980,51.65225538234191,ssp245,mpi-esm1-2-lr
31,1981,51.313966109106794,ssp245,mpi-esm1-2-lr
32,1982,53.13294805643132,ssp245,mpi-esm1-2-lr
33,1983,50.3872480154593,ssp245,mpi-esm1-2-lr
34,1984,50.83949116983037,ssp245,mpi-esm1-2-lr
35,1985,52.838174399554575,ssp245,mpi-esm1-2-lr
36,1986,51.078322988977845,ssp245,mpi-esm1-2-lr
37,1987,51.471038941961204,ssp245,mpi-esm1-2-lr
38,1988,51.14014550844172,ssp245,mpi-esm1-2-lr
39,1989,52.55088489077372,ssp245,mpi-esm1-2-lr
40,1990,50.994429238949536,ssp245,mpi-esm1-2-lr
41,1991,51.13451257792934,ssp245,mpi-esm1-2-lr
42,1992,50.75274249255036,ssp245,mpi-esm1-2-lr
43,1993,50.37424918688115,ssp245,mpi-esm1-2-lr
44,1994,53.28912875746222,ssp245,mpi-esm1-2-lr
45,1995,51.80812750650243,ssp245,mpi-esm1-2-lr
46,1996,52.33675758609449,ssp245,mpi-esm1-2-lr
47,1997,50.78124743341705,ssp245,mpi-esm1-2-lr
48,1998,49.97931035347331,ssp245,mpi-esm1-2-lr
49,1999,52.220355434428974,ssp245,mpi-esm1-2-lr
50,2000,50.980065420057045,ssp245,mpi-esm1-2-lr
51,2001,52.376915154333965,ssp245,mpi-esm1-2-lr
52,2002,52.478133023917536,ssp245,mpi-esm1-2-lr
53,2003,50.862222671743716,ssp245,mpi-esm1-2-lr
54,2004,53.02653643328573,ssp245,mpi-esm1-2-lr
55,2005,53.529580957091966,ssp245,mpi-esm1-2-lr
56,2006,54.738838954584565,ssp245,mpi-esm1-2-lr
57,2007,52.35606645015213,ssp245,mpi-esm1-2-lr
58,2008,52.60846145836035,ssp245,mpi-esm1-2-lr
59,2009,52.210305395350126,ssp245,mpi-esm1-2-lr
60,2010,53.31052235834014,ssp245,mpi-esm1-2-lr
61,2011,53.216787065337826,ssp245,mpi-esm1-2-lr
62,2012,51.494110160983325,ssp245,mpi-esm1-2-lr
63,2013,51.53904245195218,ssp245,mpi-esm1-2-lr
64,2014,52.678448542829756,ssp245,mpi-esm1-2-lr
65,2015,54.23236567180976,ssp245,mpi-esm1-2-lr
66,2016,53.35645622128938,ssp245,mpi-esm1-2-lr
67,2017,51.536015031478534,ssp245,mpi-esm1-2-lr
68,2018,52.91356255073355,ssp245,mpi-esm1-2-lr
69,2019,52.74490227228558,ssp245,mpi-esm1-2-lr
70,2020,52.30623689832978,ssp245,mpi-esm1-2-lr
71,2021,51.52136443696785,ssp245,mpi-esm1-2-lr
72,2022,54.410450502502584,ssp245,mpi-esm1-2-lr
73,2023,51.74685120756709,ssp245,mpi-esm1-2-lr
74,2024,52.987568210323964,ssp245,mpi-esm1-2-lr
75,2025,53.29851765315938,ssp245,mpi-esm1-2-lr
76,2026,52.65496443993436,ssp245,mpi-esm1-2-lr
77,2027,54.00922817580086,ssp245,mpi-esm1-2-lr
78,2028,53.94349991838767,ssp245,mpi-esm1-2-lr
79,2029,52.12824324112254,ssp245,mpi-esm1-2-lr
80,2030,54.149438890121466,ssp245,mpi-esm1-2-lr
81,2031,55.322202592684825,ssp245,mpi-esm1-2-lr
82,2032,52.98293788723503,ssp245,mpi-esm1-2-lr
83,2033,53.176906181618534,ssp245,mpi-esm1-2-lr
84,2034,54.251853267120765,ssp245,mpi-esm1-2-lr
85,2035,54.41937636563208,ssp245,mpi-esm1-2-lr
86,2036,55.198199742186056,ssp245,mpi-esm1-2-lr
87,2037,53.52093527424848,ssp245,mpi-esm1-2-lr
88,2038,55.18178908897375,ssp245,mpi-esm1-2-lr
89,2039,55.030628210531994,ssp245,mpi-esm1-2-lr
90,2040,54.5107880403702,ssp245,mpi-esm1-2-lr
91,2041,54.614145187565505,ssp245,mpi-esm1-2-lr
92,2042,52.91313944420926,ssp245,mpi-esm1-2-lr
93,2043,54.90539386658611,ssp245,mpi-esm1-2-lr
94,2044,54.906825912036105,ssp245,mpi-esm1-2-lr
95,2045,54.85884777851424,ssp245,mpi-esm1-2-lr
96,2046,53.94071243338308,ssp245,mpi-esm1-2-lr
97,2047,54.52087452185041,ssp245,mpi-esm1-2-lr
98,2048,53.742627333934635,ssp245,mpi-esm1-2-lr
99,2049,54.367115719965525,ssp245,mpi-esm1-2-lr
100,2050,55.03737199761037,ssp245,mpi-esm1-2-lr
101,2051,56.653757404576545,ssp245,mpi-esm1-2-lr
102,2052,55.29510430503572,ssp245,mpi-esm1-2-lr
103,2053,53.597232277885084,ssp245,mpi-esm1-2-lr
104,2054,55.67160919463761,ssp245,mpi-esm1-2-lr
105,2055,55.53373746460779,ssp245,mpi-esm1-2-lr
106,2056,55.91123294902506,ssp245,mpi-esm1-2-lr
107,2057,54.4629381641828,ssp245,mpi-esm1-2-lr
108,2058,54.320565006587834,ssp245,mpi-esm1-2-lr
109,2059,54.79494081593572,ssp245,mpi-esm1-2-lr
110,2060,55.94090385959313,ssp245,mpi-esm1-2-lr
111,2061,56.63304330022493,ssp245,mpi-esm1-2-lr
112,2062,56.03715035650564,ssp245,mpi-esm1-2-lr
113,2063,54.82228814394748,ssp245,mpi-esm1-2-lr
114,2064,56.080463836465434,ssp245,mpi-esm1-2-lr
115,2065,55.67007619890932,ssp245,mpi-esm1-2-lr
116,2066,54.899463578121484,ssp245,mpi-esm1-2-lr
117,2067,55.17407516674053,ssp245,mpi-esm1-2-lr
118,2068,53.91173678988917,ssp245,mpi-esm1-2-lr
119,2069,54.02307525959458,ssp245,mpi-esm1-2-lr
120,2070,55.73755864809157,ssp245,mpi-esm1-2-lr
121,2071,54.665549604039676,ssp245,mpi-esm1-2-lr
122,2072,55.686872353953966,ssp245,mpi-esm1-2-lr
123,2073,56.21731321747643,ssp245,mpi-esm1-2-lr
124,2074,56.277365321181605,ssp245,mpi-esm1-2-lr
125,2075,54.394455195997296,ssp245,mpi-esm1-2-lr
126,2076,57.431002501831635,ssp245,mpi-esm1-2-lr
127,2077,56.925410546278776,ssp245,mpi-esm1-2-lr
128,2078,55.97178133120869,ssp245,mpi-esm1-2-lr
129,2079,57.41893317290412,ssp245,mpi-esm1-2-lr
130,2080,55.85511901857638,ssp245,mpi-esm1-2-lr
131,2081,54.97498664093073,ssp245,mpi-esm1-2-lr
132,2082,54.69516193614458,ssp245,mpi-esm1-2-lr
133,2083,54.62966897781893,ssp245,mpi-esm1-2-lr
134,2084,55.68665633651078,ssp245,mpi-esm1-2-lr
135,2085,56.14353977687914,ssp245,mpi-esm1-2-lr
136,2086,57.59447508367723,ssp245,mpi-esm1-2-lr
137,2087,55.557040362962184,ssp245,mpi-esm1-2-lr
138,2088,55.12055673683898,ssp245,mpi-esm1-2-lr
139,2089,54.27751569875538,ssp245,mpi-esm1-2-lr
140,2090,58.15394462723295,ssp245,mpi-esm1-2-lr
141,2091,55.66504838241006,ssp245,mpi-esm1-2-lr
142,2092,55.600275796258046,ssp245,mpi-esm1-2-lr
143,2093,56.590292568650185,ssp245,mpi-esm1-2-lr
144,2094,56.97845673701593,ssp245,mpi-esm1-2-lr
145,2095,57.22925732537361,ssp245,mpi-esm1-2-lr
146,2096,56.4838272473764,ssp245,mpi-esm1-2-lr
147,2097,55.16776196582171,ssp245,mpi-esm1-2-lr
148,2098,57.90663100676897,ssp245,mpi-esm1-2-lr
149,2099,56.750743930967204,ssp245,mpi-esm1-2-lr
150,2100,57.0639160668811,ssp245,mpi-esm1-2-lr
0,1950,50.86703541189351,ssp245,access-esm1-5
1,1951,50.48525425252458,ssp245,access-esm1-5
2,1952,51.42853107246063,ssp245,access-esm1-5
3,1953,52.84291849115903,ssp245,access-esm1-5
4,1954,50.265859378681846,ssp245,access-esm1-5
5,1955,50.73599264439521,ssp245,access-esm1-5
6,1956,51.82510984049641,ssp245,access-esm1-5
7,1957,50.20043473540247,ssp245,access-esm1-5
8,1958,52.03679393258436,ssp245,access-esm1-5
9,1959,49.489354374551034,ssp245,access-esm1-5
10,1960,51.58443312956648,ssp245,access-esm1-5
11,1961,50.187611952769906,ssp245,access-esm1-5
12,1962,49.78844072748062,ssp245,access-esm1-5
13,1963,49.600302209351476,ssp245,access-esm1-5
14,1964,50.536415326535234,ssp245,access-esm1-5
15,1965,49.7589623220153,ssp245,access-esm1-5
16,1966,50.95175984166832,ssp245,access-esm1-5
17,1967,50.96937310812079,ssp245,access-esm1-5
18,1968,49.67639637476935,ssp245,access-esm1-5
19,1969,49.844082242834105,ssp245,access-esm1-5
20,1970,51.26237191309265,ssp245,access-esm1-5
21,1971,52.33114079398751,ssp245,access-esm1-5
22,1972,51.03870549159624,ssp245,access-esm1-5
23,1973,49.66847109203309,ssp245,access-esm1-5
24,1974,50.714586254823594,ssp245,access-esm1-5
25,1975,51.322236639875044,ssp245,access-esm1-5
26,1976,51.05567323282194,ssp245,access-esm1-5
27,1977,50.281279890335675,ssp245,access-esm1-5
28,1978,52.79695263563477,ssp245,access-esm1-5
29,1979,52.18744208761031,ssp245,access-esm1-5
30,1980,50.78857724633071,ssp245,access-esm1-5
31,1981,50.143762161917515,ssp245,access-esm1-5
32,1982,50.599321238398936,ssp245,access-esm1-5
33,1983,50.89413537494243,ssp245,access-esm1-5
34,1984,50.052809042870194,ssp245,access-esm1-5
35,1985,52.4953359843694,ssp245,access-esm1-5
36,1986,50.808086529340926,ssp245,access-esm1-5
37,1987,50.64593634106466,ssp245,access-esm1-5
38,1988,50.60521920023326,ssp245,access-esm1-5
39,1989,51.371163986903,ssp245,access-esm1-5
40,1990,51.22248894144093,ssp245,access-esm1-5
41,1991,51.6477981965319,ssp245,access-esm1-5
42,1992,50.16091237671214,ssp245,access-esm1-5
43,1993,50.67812052507347,ssp245,access-esm1-5
44,1994,52.5233165044503,ssp245,access-esm1-5
45,1995,52.29254040956016,ssp245,access-esm1-5
46,1996,52.17740338119122,ssp245,access-esm1-5
47,1997,51.99202258726902,ssp245,access-esm1-5
48,1998,52.02126150833624,ssp245,access-esm1-5
49,1999,53.10049153947246,ssp245,access-esm1-5
50,2000,52.29608576193032,ssp245,access-esm1-5
51,2001,52.181031004900916,ssp245,access-esm1-5
52,2002,52.21919284765553,ssp245,access-esm1-5
53,2003,54.16449388330235,ssp245,access-esm1-5
54,2004,53.737127686607735,ssp245,access-esm1-5
55,2005,52.761458631278096,ssp245,access-esm1-5
56,2006,53.37663760421628,ssp245,access-esm1-5
57,2007,52.696877139360176,ssp245,access-esm1-5
58,2008,52.49076179724694,ssp245,access-esm1-5
59,2009,52.19044026100964,ssp245,access-esm1-5
60,2010,53.49896767164028,ssp245,access-esm1-5
61,2011,53.558818094507174,ssp245,access-esm1-5
62,2012,54.07015235754183,ssp245,access-esm1-5
63,2013,52.05028259406627,ssp245,access-esm1-5
64,2014,52.69321239382844,ssp245,access-esm1-5
65,2015,54.52103325978575,ssp245,access-esm1-5
66,2016,54.49935345389573,ssp245,access-esm1-5
67,2017,54.18321852423117,ssp245,access-esm1-5
68,2018,54.65553488980941,ssp245,access-esm1-5
69,2019,55.4227439765358,ssp245,access-esm1-5
70,2020,54.37783246533426,ssp245,access-esm1-5
71,2021,55.26456147981683,ssp245,access-esm1-5
72,2022,52.304248169098265,ssp245,access-esm1-5
73,2023,54.03620319918251,ssp245,access-esm1-5
74,2024,54.27489646949447,ssp245,access-esm1-5
75,2025,55.49964966305083,ssp245,access-esm1-5
76,2026,55.09119871491092,ssp245,access-esm1-5
77,2027,55.72019861254233,ssp245,access-esm1-5
78,2028,54.30334024710461,ssp245,access-esm1-5
79,2029,55.238691367709094,ssp245,access-esm1-5
80,2030,55.644021990197814,ssp245,access-esm1-5
81,2031,55.05913279920549,ssp245,access-esm1-5
82,2032,54.42957026377666,ssp245,access-esm1-5
83,2033,56.42211094775839,ssp245,access-esm1-5
84,2034,56.170944681104444,ssp245,access-esm1-5
85,2035,55.84651472344222,ssp245,access-esm1-5
86,2036,55.78802162035146,ssp245,access-esm1-5
87,2037,56.16971464181286,ssp245,access-esm1-5
88,2038,55.739746224746355,ssp245,access-esm1-5
89,2039,54.61174162724876,ssp245,access-esm1-5
90,2040,56.05448981132087,ssp245,access-esm1-5
91,2041,55.301056553258185,ssp245,access-esm1-5
92,2042,55.9571677104335,ssp245,access-esm1-5
93,2043,55.96849955699218,ssp245,access-esm1-5
94,2044,56.51245179384138,ssp245,access-esm1-5
95,2045,56.665256053511946,ssp245,access-esm1-5
96,2046,56.99665606181761,ssp245,access-esm1-5
97,2047,55.20814175714909,ssp245,access-esm1-5
98,2048,55.36118580048237,ssp245,access-esm1-5
99,2049,56.483461663396795,ssp245,access-esm1-5
100,2050,57.93934108734372,ssp245,access-esm1-5
101,2051,56.83263389573765,ssp245,access-esm1-5
102,2052,57.33406763538836,ssp245,access-esm1-5
103,2053,56.792481913921996,ssp245,access-esm1-5
104,2054,56.70011873689327,ssp245,access-esm1-5
105,2055,56.30673397216606,ssp245,access-esm1-5
106,2056,55.31628827643216,ssp245,access-esm1-5
107,2057,56.95920041884825,ssp245,access-esm1-5
108,2058,58.32819355550008,ssp245,access-esm1-5
109,2059,57.81623043735775,ssp245,access-esm1-5
110,2060,58.307342827129446,ssp245,access-esm1-5
111,2061,58.518534119359494,ssp245,access-esm1-5
112,2062,59.02780453129412,ssp245,access-esm1-5
113,2063,56.71230468219102,ssp245,access-esm1-5
114,2064,56.762726844310514,ssp245,access-esm1-5
115,2065,56.99912638831184,ssp245,access-esm1-5
116,2066,56.141593034638525,ssp245,access-esm1-5
117,2067,57.62295182576573,ssp245,access-esm1-5
118,2068,56.4347502848772,ssp245,access-esm1-5
119,2069,56.11034484129923,ssp245,access-esm1-5
120,2070,55.79296878561092,ssp245,access-esm1-5
121,2071,55.363362685470406,ssp245,access-esm1-5
122,2072,57.018671835571695,ssp245,access-esm1-5
123,2073,57.816105585651854,ssp245,access-esm1-5
124,2074,56.79591280626021,ssp245,access-esm1-5
125,2075,58.48631947867763,ssp245,access-esm1-5
126,2076,56.364412533933795,ssp245,access-esm1-5
127,2077,56.632062675274135,ssp245,access-esm1-5
128,2078,56.65742957184288,ssp245,access-esm1-5
129,2079,57.91428250181793,ssp245,access-esm1-5
130,2080,58.16086249619953,ssp245,access-esm1-5
131,2081,57.410046786816395,ssp245,access-esm1-5
132,2082,57.4273235995538,ssp245,access-esm1-5
133,2083,57.73982071709383,ssp245,access-esm1-5
134,2084,57.485000489335086,ssp245,access-esm1-5
135,2085,58.37533232953836,ssp245,access-esm1-5
136,2086,57.020927012252734,ssp245,access-esm1-5
137,2087,59.24222110226321,ssp245,access-esm1-5
138,2088,58.84088877897174,ssp245,access-esm1-5
139,2089,57.84329801203161,ssp245,access-esm1-5
140,2090,57.04964417813695,ssp245,access-esm1-5
141,2091,58.4167671904038,ssp245,access-esm1-5
142,2092,58.48695704680689,ssp245,access-esm1-5
143,2093,57.85640765141191,ssp245,access-esm1-5
144,2094,59.008957596593504,ssp245,access-esm1-5
145,2095,58.03596766001911,ssp245,access-esm1-5
146,2096,57.571819038242495,ssp245,access-esm1-5
147,2097,57.11960251726078,ssp245,access-esm1-5
148,2098,57.15003736757204,ssp245,access-esm1-5
149,2099,57.75936916064084,ssp245,access-esm1-5
150,2100,58.04828800119457,ssp245,access-esm1-5
0,1950,51.55958200649336,ssp245,fgoals-g3
1,1951,49.99593318685549,ssp245,fgoals-g3
2,1952,50.32715453412128,ssp245,fgoals-g3
3,1953,51.09264220460486,ssp245,fgoals-g3
4,1954,49.594459179585805,ssp245,fgoals-g3
5,1955,50.199256771326496,ssp245,fgoals-g3
6,1956,50.52374361061685,ssp245,fgoals-g3
7,1957,50.73481300662087,ssp245,fgoals-g3
8,1958,50.87533157043929,ssp245,fgoals-g3
9,1959,51.05738356726887,ssp245,fgoals-g3
10,1960,51.48248123363883,ssp245,fgoals-g3
11,1961,52.60085598963686,ssp245,fgoals-g3
12,1962,50.20484671401904,ssp245,fgoals-g3
13,1963,51.07810344618901,ssp245,fgoals-g3
14,1964,50.91430278528298,ssp245,fgoals-g3
15,1965,48.79299525490684,ssp245,fgoals-g3
16,1966,51.37720285052234,ssp245,fgoals-g3
17,1967,51.320502396903215,ssp245,fgoals-g3
18,1968,50.81198606973148,ssp245,fgoals-g3
19,1969,50.395682759984446,ssp245,fgoals-g3
20,1970,51.027885797957374,ssp245,fgoals-g3
21,1971,52.071060207130486,ssp245,fgoals-g3
22,1972,51.35253255391906,ssp245,fgoals-g3
23,1973,50.526289036024686,ssp245,fgoals-g3
24,1974,50.414719128598506,ssp245,fgoals-g3
25,1975,51.34622098142955,ssp245,fgoals-g3
26,1976,50.66191631071646,ssp245,fgoals-g3
27,1977,51.35818744627984,ssp245,fgoals-g3
28,1978,50.305423932282594,ssp245,fgoals-g3
29,1979,50.83418560474708,ssp245,fgoals-g3
30,1980,52.13053776328498,ssp245,fgoals-g3
31,1981,52.61922223172851,ssp245,fgoals-g3
32,1982,52.75076062908966,ssp245,fgoals-g3
33,1983,50.1926345740424,ssp245,fgoals-g3
34,1984,50.33484902896347,ssp245,fgoals-g3
35,1985,49.18421459226299,ssp245,fgoals-g3
36,1986,51.0256967113064,ssp245,fgoals-g3
37,1987,49.52458540938854,ssp245,fgoals-g3
38,1988,51.10638323853814,ssp245,fgoals-g3
39,1989,53.253897804805696,ssp245,fgoals-g3
40,1990,50.22409890636192,ssp245,fgoals-g3
41,1991,51.954245177151215,ssp245,fgoals-g3
42,1992,51.63334646950299,ssp245,fgoals-g3
43,1993,51.76553899905581,ssp245,fgoals-g3
44,1994,50.62725611680386,ssp245,fgoals-g3
45,1995,48.76781643327795,ssp245,fgoals-g3
46,1996,51.378845316729034,ssp245,fgoals-g3
47,1997,52.050941603753394,ssp245,fgoals-g3
48,1998,52.67783769948742,ssp245,fgoals-g3
49,1999,53.338600653378045,ssp245,fgoals-g3
50,2000,52.794907056283336,ssp245,fgoals-g3
51,2001,51.60447282882461,ssp245,fgoals-g3
52,2002,51.92663973096354,ssp245,fgoals-g3
53,2003,50.887054259634404,ssp245,fgoals-g3
54,2004,51.62049160862078,ssp245,fgoals-g3
55,2005,53.38749506638538,ssp245,fgoals-g3
56,2006,53.68309037910044,ssp245,fgoals-g3
57,2007,53.031823561617344,ssp245,fgoals-g3
58,2008,53.651740259570055,ssp245,fgoals-g3
59,2009,54.267518535188,ssp245,fgoals-g3
60,2010,53.2833156545685,ssp245,fgoals-g3
61,2011,52.622320280131795,ssp245,fgoals-g3
62,2012,52.20536043295374,ssp245,fgoals-g3
63,2013,53.8300057885619,ssp245,fgoals-g3
64,2014,53.08531460975932,ssp245,fgoals-g3
65,2015,53.906261350840545,ssp245,fgoals-g3
66,2016,53.019411464918115,ssp245,fgoals-g3
67,2017,54.33420719724543,ssp245,fgoals-g3
68,2018,53.86797900028689,ssp245,fgoals-g3
69,2019,53.06730132907341,ssp245,fgoals-g3
70,2020,52.98870934162292,ssp245,fgoals-g3
71,2021,52.814264560237646,ssp245,fgoals-g3
72,2022,52.84671274618649,ssp245,fgoals-g3
73,2023,54.496040077874206,ssp245,fgoals-g3
74,2024,54.59248143492019,ssp245,fgoals-g3
75,2025,54.350025579544756,ssp245,fgoals-g3
76,2026,53.34374557077741,ssp245,fgoals-g3
77,2027,54.01718565391219,ssp245,fgoals-g3
78,2028,54.540307504117656,ssp245,fgoals-g3
79,2029,54.42170721009674,ssp245,fgoals-g3
80,2030,54.626475367963614,ssp245,fgoals-g3
81,2031,55.084080585047474,ssp245,fgoals-g3
82,2032,54.27954197123989,ssp245,fgoals-g3
83,2033,54.759855637350476,ssp245,fgoals-g3
84,2034,54.043527712793114,ssp245,fgoals-g3
85,2035,54.45590602767192,ssp245,fgoals-g3
86,2036,53.034736443208764,ssp245,fgoals-g3
87,2037,54.81995223599103,ssp245,fgoals-g3
88,2038,55.380758556041116,ssp245,fgoals-g3
89,2039,54.748015516680304,ssp245,fgoals-g3
90,2040,54.81800655142341,ssp245,fgoals-g3
91,2041,52.641884203664034,ssp245,fgoals-g3
92,2042,54.93533296982453,ssp245,fgoals-g3
93,2043,56.14885811051805,ssp245,fgoals-g3
94,2044,53.88939066936931,ssp245,fgoals-g3
95,2045,55.658613297120795,ssp245,fgoals-g3
96,2046,55.0839280015222,ssp245,fgoals-g3
97,2047,55.04498946553292,ssp245,fgoals-g3
98,2048,54.28133840631812,ssp245,fgoals-g3
99,2049,56.94095240489408,ssp245,fgoals-g3
100,2050,55.54940939754759,ssp245,fgoals-g3
101,2051,54.94597247820102,ssp245,fgoals-g3
102,2052,53.33223894913094,ssp245,fgoals-g3
103,2053,54.45939739498174,ssp245,fgoals-g3
104,2054,54.61994809336274,ssp245,fgoals-g3
105,2055,54.796059823917766,ssp245,fgoals-g3
106,2056,56.23190550132537,ssp245,fgoals-g3
107,2057,55.69397414901619,ssp245,fgoals-g3
108,2058,57.01680261939712,ssp245,fgoals-g3
109,2059,56.128938798605304,ssp245,fgoals-g3
110,2060,55.0306782652025,ssp245,fgoals-g3
111,2061,52.80406440906408,ssp245,fgoals-g3
112,2062,54.58337735877409,ssp245,fgoals-g3
113,2063,54.27388196695698,ssp245,fgoals-g3
114,2064,55.163596387557234,ssp245,fgoals-g3
115,2065,54.72904632005461,ssp245,fgoals-g3
116,2066,55.69639575996479,ssp245,fgoals-g3
117,2067,56.799513494210274,ssp245,fgoals-g3
118,2068,55.81631893416526,ssp245,fgoals-g3
119,2069,56.04005553297174,ssp245,fgoals-g3
120,2070,54.445834528676414,ssp245,fgoals-g3
121,2071,56.01039929699158,ssp245,fgoals-g3
122,2072,55.78355973691333,ssp245,fgoals-g3
123,2073,55.49020730159549,ssp245,fgoals-g3
124,2074,56.73717972937039,ssp245,fgoals-g3
125,2075,56.19842197812793,ssp245,fgoals-g3
126,2076,55.61708156682429,ssp245,fgoals-g3
127,2077,57.45677983952143,ssp245,fgoals-g3
128,2078,56.143209024908174,ssp245,fgoals-g3
129,2079,56.15625002922312,ssp245,fgoals-g3
130,2080,55.60562735686741,ssp245,fgoals-g3
131,2081,56.58598219936844,ssp245,fgoals-g3
132,2082,58.00072140762253,ssp245,fgoals-g3
133,2083,55.607211264943416,ssp245,fgoals-g3
134,2084,55.56931779093953,ssp245,fgoals-g3
135,2085,56.65932489280421,ssp245,fgoals-g3
136,2086,54.59185885810298,ssp245,fgoals-g3
137,2087,58.031320154009926,ssp245,fgoals-g3
138,2088,56.42154853128217,ssp245,fgoals-g3
139,2089,56.167225417903,ssp245,fgoals-g3
140,2090,55.67359050084551,ssp245,fgoals-g3
141,2091,56.74922009775063,ssp245,fgoals-g3
142,2092,57.63549976971875,ssp245,fgoals-g3
143,2093,57.06228467875287,ssp245,fgoals-g3
144,2094,57.10192139945915,ssp245,fgoals-g3
145,2095,54.9764259641538,ssp245,fgoals-g3
146,2096,56.8374224554023,ssp245,fgoals-g3
147,2097,55.93787215798181,ssp245,fgoals-g3
148,2098,54.713578112556235,ssp245,fgoals-g3
149,2099,55.991392262416795,ssp245,fgoals-g3
150,2100,57.32287307815885,ssp245,fgoals-g3
0,1950,,hist,nclimgrid
1,1951,49.79518176335446,hist,nclimgrid
2,1952,51.10598921392018,hist,nclimgrid
3,1953,52.27499021681793,hist,nclimgrid
4,1954,52.04482083533418,hist,nclimgrid
5,1955,50.474983060517225,hist,nclimgrid
6,1956,51.128442030530806,hist,nclimgrid
7,1957,50.82888680590052,hist,nclimgrid
8,1958,50.90169476607746,hist,nclimgrid
9,1959,50.95074193165732,hist,nclimgrid
10,1960,50.34798106636793,hist,nclimgrid
11,1961,50.79845788841839,hist,nclimgrid
12,1962,50.718064727424704,hist,nclimgrid
13,1963,51.154724941766034,hist,nclimgrid
14,1964,50.52291928879055,hist,nclimgrid
15,1965,50.47204589970197,hist,nclimgrid
16,1966,50.38388667298433,hist,nclimgrid
17,1967,50.62845182438911,hist,nclimgrid
18,1968,50.23346889222248,hist,nclimgrid
19,1969,50.335125100630236,hist,nclimgrid
20,1970,50.43776544332691,hist,nclimgrid
21,1971,50.46693963629737,hist,nclimgrid
22,1972,50.07926215543443,hist,nclimgrid
23,1973,51.24196368838176,hist,nclimgrid
24,1974,51.1297753304794,hist,nclimgrid
25,1975,50.350534410979705,hist,nclimgrid
26,1976,50.3701244398047,hist,nclimgrid
27,1977,51.38858022081158,hist,nclimgrid
28,1978,49.86651629201306,hist,nclimgrid
29,1979,49.77788755329206,hist,nclimgrid
30,1980,51.248401838100776,hist,nclimgrid
31,1981,52.055926585968955,hist,nclimgrid
32,1982,50.1145998162221,hist,nclimgrid
33,1983,50.813455903949325,hist,nclimgrid
34,1984,50.82289898638462,hist,nclimgrid
35,1985,50.05863261011987,hist,nclimgrid
36,1986,52.18451398521359,hist,nclimgrid
37,1987,52.36672539065085,hist,nclimgrid
38,1988,51.57550827191129,hist,nclimgrid
39,1989,50.683086234511144,hist,nclimgrid
40,1990,52.36770275117506,hist,nclimgrid
41,1991,52.03670571090927,hist,nclimgrid
42,1992,51.49393812700174,hist,nclimgrid
43,1993,50.06818431383964,hist,nclimgrid
44,1994,51.74391784083336,hist,nclimgrid
45,1995,51.48133847456914,hist,nclimgrid
46,1996,50.62208171903805,hist,nclimgrid
47,1997,51.07892388415642,hist,nclimgrid
48,1998,53.13052595844695,hist,nclimgrid
49,1999,52.749170245207274,hist,nclimgrid
50,2000,52.05221431771615,hist,nclimgrid
51,2001,52.61632524848301,hist,nclimgrid
52,2002,52.04221683586329,hist,nclimgrid
53,2003,52.176096780048816,hist,nclimgrid
54,2004,51.965459056505324,hist,nclimgrid
55,2005,52.50031371103367,hist,nclimgrid
56,2006,53.182782075813336,hist,nclimgrid
57,2007,52.57523742121024,hist,nclimgrid
58,2008,51.06502717966613,hist,nclimgrid
59,2009,51.136858787954786,hist,nclimgrid
60,2010,51.91252715459694,hist,nclimgrid
61,2011,51.97925863561329,hist,nclimgrid
62,2012,54.174867890929974,hist,nclimgrid
63,2013,51.25906977154233,hist,nclimgrid
64,2014,51.395743124769055,hist,nclimgrid
65,2015,53.34506988835016,hist,nclimgrid
66,2016,53.75980378848784,hist,nclimgrid
67,2017,53.30404479491327,hist,nclimgrid
68,2018,52.316437377485684,hist,nclimgrid
69,2019,51.394768687971116,hist,nclimgrid
70,2020,,hist,nclimgrid
71,2021,,hist,nclimgrid
72,2022,,hist,nclimgrid
73,2023,,hist,nclimgrid
74,2024,,hist,nclimgrid
75,2025,,hist,nclimgrid
76,2026,,hist,nclimgrid
77,2027,,hist,nclimgrid
78,2028,,hist,nclimgrid
79,2029,,hist,nclimgrid
80,2030,,hist,nclimgrid
81,2031,,hist,nclimgrid
82,2032,,hist,nclimgrid
83,2033,,hist,nclimgrid
84,2034,,hist,nclimgrid
85,2035,,hist,nclimgrid
86,2036,,hist,nclimgrid
87,2037,,hist,nclimgrid
88,2038,,hist,nclimgrid
89,2039,,hist,nclimgrid
90,2040,,hist,nclimgrid
91,2041,,hist,nclimgrid
92,2042,,hist,nclimgrid
93,2043,,hist,nclimgrid
94,2044,,hist,nclimgrid
95,2045,,hist,nclimgrid
96,2046,,hist,nclimgrid
97,2047,,hist,nclimgrid
98,2048,,hist,nclimgrid
99,2049,,hist,nclimgrid
100,2050,,hist,nclimgrid
101,2051,,hist,nclimgrid
102,2052,,hist,nclimgrid
103,2053,,hist,nclimgrid
104,2054,,hist,nclimgrid
105,2055,,hist,nclimgrid
106,2056,,hist,nclimgrid
107,2057,,hist,nclimgrid
108,2058,,hist,nclimgrid
109,2059,,hist,nclimgrid
110,2060,,hist,nclimgrid
111,2061,,hist,nclimgrid
112,2062,,hist,nclimgrid
113,2063,,hist,nclimgrid
114,2064,,hist,nclimgrid
115,2065,,hist,nclimgrid
116,2066,,hist,nclimgrid
117,2067,,hist,nclimgrid
118,2068,,hist,nclimgrid
119,2069,,hist,nclimgrid
120,2070,,hist,nclimgrid
121,2071,,hist,nclimgrid
122,2072,,hist,nclimgrid
123,2073,,hist,nclimgrid
124,2074,,hist,nclimgrid
125,2075,,hist,nclimgrid
126,2076,,hist,nclimgrid
127,2077,,hist,nclimgrid
128,2078,,hist,nclimgrid
129,2079,,hist,nclimgrid
130,2080,,hist,nclimgrid
131,2081,,hist,nclimgrid
132,2082,,hist,nclimgrid
133,2083,,hist,nclimgrid
134,2084,,hist,nclimgrid
135,2085,,hist,nclimgrid
136,2086,,hist,nclimgrid
137,2087,,hist,nclimgrid
138,2088,,hist,nclimgrid
139,2089,,hist,nclimgrid
140,2090,,hist,nclimgrid
141,2091,,hist,nclimgrid
142,2092,,hist,nclimgrid
143,2093,,hist,nclimgrid
144,2094,,hist,nclimgrid
145,2095,,hist,nclimgrid
146,2096,,hist,nclimgrid
147,2097,,hist,nclimgrid
148,2098,,hist,nclimgrid
149,2099,,hist,nclimgrid
150,2100,,hist,nclimgrid
0,1950,51.78730381895334,ssp245,noresm2-mm
1,1951,51.92323544544369,ssp245,noresm2-mm
2,1952,51.19376643690741,ssp245,noresm2-mm
3,1953,51.00786757384853,ssp245,noresm2-mm
4,1954,50.72099218124715,ssp245,noresm2-mm
5,1955,51.166726990902724,ssp245,noresm2-mm
6,1956,51.199423053651266,ssp245,noresm2-mm
7,1957,50.4491560850476,ssp245,noresm2-mm
8,1958,50.31262308348937,ssp245,noresm2-mm
9,1959,51.301912655848625,ssp245,noresm2-mm
10,1960,51.31487736153862,ssp245,noresm2-mm
11,1961,53.79953473586998,ssp245,noresm2-mm
12,1962,50.02512516854298,ssp245,noresm2-mm
13,1963,49.75094276978587,ssp245,noresm2-mm
14,1964,50.21384365354206,ssp245,noresm2-mm
15,1965,50.4910416466638,ssp245,noresm2-mm
16,1966,50.71690895597067,ssp245,noresm2-mm
17,1967,49.018132746147295,ssp245,noresm2-mm
18,1968,49.8993791331823,ssp245,noresm2-mm
19,1969,50.34123529950287,ssp245,noresm2-mm
20,1970,50.674953574558465,ssp245,noresm2-mm
21,1971,50.47872364208211,ssp245,noresm2-mm
22,1972,51.640364314779745,ssp245,noresm2-mm
23,1973,49.390081761421946,ssp245,noresm2-mm
24,1974,49.512832793309215,ssp245,noresm2-mm
25,1975,49.389089114082125,ssp245,noresm2-mm
26,1976,50.50534881713316,ssp245,noresm2-mm
27,1977,50.06979855290321,ssp245,noresm2-mm
28,1978,52.252804669814395,ssp245,noresm2-mm
29,1979,51.068422044193056,ssp245,noresm2-mm
30,1980,50.999250312563454,ssp245,noresm2-mm
31,1981,51.89317957151543,ssp245,noresm2-mm
32,1982,50.99470600078056,ssp245,noresm2-mm
33,1983,48.900510794680926,ssp245,noresm2-mm
34,1984,49.36385072536176,ssp245,noresm2-mm
35,1985,51.03513956846015,ssp245,noresm2-mm
36,1986,51.41501004809242,ssp245,noresm2-mm
37,1987,51.9578335322835,ssp245,noresm2-mm
38,1988,51.3524291018691,ssp245,noresm2-mm
39,1989,52.06747726245241,ssp245,noresm2-mm
40,1990,53.44690481303731,ssp245,noresm2-mm
41,1991,52.263995688046045,ssp245,noresm2-mm
42,1992,52.951641425576916,ssp245,noresm2-mm
43,1993,51.982174486297964,ssp245,noresm2-mm
44,1994,51.35287369012272,ssp245,noresm2-mm
45,1995,51.81353820416815,ssp245,noresm2-mm
46,1996,50.39895502440991,ssp245,noresm2-mm
47,1997,51.30983862849944,ssp245,noresm2-mm
48,1998,51.850881863787734,ssp245,noresm2-mm
49,1999,51.53486773980918,ssp245,noresm2-mm
50,2000,52.54924348337782,ssp245,noresm2-mm
51,2001,53.88972201727629,ssp245,noresm2-mm
52,2002,52.0016648772804,ssp245,noresm2-mm
53,2003,53.09929753567241,ssp245,noresm2-mm
54,2004,53.44303263639972,ssp245,noresm2-mm
55,2005,53.27197998480568,ssp245,noresm2-mm
56,2006,53.505321848925014,ssp245,noresm2-mm
57,2007,54.451409837762306,ssp245,noresm2-mm
58,2008,51.48728604845229,ssp245,noresm2-mm
59,2009,51.870019639156844,ssp245,noresm2-mm
60,2010,53.19494850659172,ssp245,noresm2-mm
61,2011,52.786783388640444,ssp245,noresm2-mm
62,2012,54.01787558046861,ssp245,noresm2-mm
63,2013,53.403682099989446,ssp245,noresm2-mm
64,2014,51.91784177943529,ssp245,noresm2-mm
65,2015,52.61552897477709,ssp245,noresm2-mm
66,2016,54.48818238111296,ssp245,noresm2-mm
67,2017,55.78849488555545,ssp245,noresm2-mm
68,2018,55.082101685582685,ssp245,noresm2-mm
69,2019,53.92930718684545,ssp245,noresm2-mm
70,2020,53.19851838811935,ssp245,noresm2-mm
71,2021,53.32483802289169,ssp245,noresm2-mm
72,2022,53.72549196582336,ssp245,noresm2-mm
73,2023,53.802556086658015,ssp245,noresm2-mm
74,2024,53.68689349068835,ssp245,noresm2-mm
75,2025,54.07502017562797,ssp245,noresm2-mm
76,2026,55.438672434751226,ssp245,noresm2-mm
77,2027,54.543555552454926,ssp245,noresm2-mm
78,2028,53.921128381944065,ssp245,noresm2-mm
79,2029,54.30649304948853,ssp245,noresm2-mm
80,2030,53.46402373033497,ssp245,noresm2-mm
81,2031,55.591257085151966,ssp245,noresm2-mm
82,2032,55.452089720302986,ssp245,noresm2-mm
83,2033,54.1776888905052,ssp245,noresm2-mm
84,2034,56.12399357415796,ssp245,noresm2-mm
85,2035,55.8823849515708,ssp245,noresm2-mm
86,2036,54.41015612786422,ssp245,noresm2-mm
87,2037,53.88866902225706,ssp245,noresm2-mm
88,2038,55.17343001741188,ssp245,noresm2-mm
89,2039,56.47465237349486,ssp245,noresm2-mm
90,2040,56.19514079931413,ssp245,noresm2-mm
91,2041,56.05153949995568,ssp245,noresm2-mm
92,2042,54.80624586036179,ssp245,noresm2-mm
93,2043,53.06910228088334,ssp245,noresm2-mm
94,2044,56.15954380027064,ssp245,noresm2-mm
95,2045,55.189905661679866,ssp245,noresm2-mm
96,2046,56.15720183030737,ssp245,noresm2-mm
97,2047,56.385204693236005,ssp245,noresm2-mm
98,2048,57.55831294414378,ssp245,noresm2-mm
99,2049,56.73087603477096,ssp245,noresm2-mm
100,2050,57.3805444223347,ssp245,noresm2-mm
101,2051,56.82030633171361,ssp245,noresm2-mm
102,2052,55.618685707449714,ssp245,noresm2-mm
103,2053,54.89665139043446,ssp245,noresm2-mm
104,2054,55.78845690353666,ssp245,noresm2-mm
105,2055,57.27666123661878,ssp245,noresm2-mm
106,2056,56.589871947712595,ssp245,noresm2-mm
107,2057,57.70422730460748,ssp245,noresm2-mm
108,2058,56.40666050196593,ssp245,noresm2-mm
109,2059,56.54962918775292,ssp245,noresm2-mm
110,2060,57.40539019681863,ssp245,noresm2-mm
111,2061,57.03923733914895,ssp245,noresm2-mm
112,2062,57.3568042323892,ssp245,noresm2-mm
113,2063,57.82441216247162,ssp245,noresm2-mm
114,2064,56.491301700395525,ssp245,noresm2-mm
115,2065,57.10877106520825,ssp245,noresm2-mm
116,2066,55.68017911562964,ssp245,noresm2-mm
117,2067,56.66644231722429,ssp245,noresm2-mm
118,2068,56.883294757974696,ssp245,noresm2-mm
119,2069,55.58292144301761,ssp245,noresm2-mm
120,2070,55.83199966973028,ssp245,noresm2-mm
121,2071,59.34171970004949,ssp245,noresm2-mm
122,2072,58.15908807329208,ssp245,noresm2-mm
123,2073,57.48600032691655,ssp245,noresm2-mm
124,2074,56.81437563681658,ssp245,noresm2-mm
125,2075,56.83442657566737,ssp245,noresm2-mm
126,2076,56.94222788811655,ssp245,noresm2-mm
127,2077,57.593468958002624,ssp245,noresm2-mm
128,2078,58.20364933084076,ssp245,noresm2-mm
129,2079,58.12341634507946,ssp245,noresm2-mm
130,2080,56.847417216322256,ssp245,noresm2-mm
131,2081,57.21755953409919,ssp245,noresm2-mm
132,2082,58.347376347197596,ssp245,noresm2-mm
133,2083,58.66830229619243,ssp245,noresm2-mm
134,2084,57.7042943788326,ssp245,noresm2-mm
135,2085,57.18975924750839,ssp245,noresm2-mm
136,2086,57.22492608376341,ssp245,noresm2-mm
137,2087,57.72358431070537,ssp245,noresm2-mm
138,2088,57.1686350379121,ssp245,noresm2-mm
139,2089,57.332614003520455,ssp245,noresm2-mm
140,2090,57.50059296866369,ssp245,noresm2-mm
141,2091,56.52417923418664,ssp245,noresm2-mm
142,2092,56.861370586317186,ssp245,noresm2-mm
143,2093,57.55248857866041,ssp245,noresm2-mm
144,2094,57.897374309972875,ssp245,noresm2-mm
145,2095,56.9151988796332,ssp245,noresm2-mm
146,2096,57.45633662113522,ssp245,noresm2-mm
147,2097,59.0563677545004,ssp245,noresm2-mm
148,2098,57.349597031763174,ssp245,noresm2-mm
149,2099,58.77127673134717,ssp245,noresm2-mm
150,2100,58.82780775788658,ssp245,noresm2-mm
0,1950,50.99144519596537,ssp245,mri-esm2-0
1,1951,51.70884433593408,ssp245,mri-esm2-0
2,1952,51.14139717267297,ssp245,mri-esm2-0
3,1953,52.94293841241701,ssp245,mri-esm2-0
4,1954,51.3359234322029,ssp245,mri-esm2-0
5,1955,50.25594040356512,ssp245,mri-esm2-0
6,1956,51.43042194539286,ssp245,mri-esm2-0
7,1957,53.25238385783329,ssp245,mri-esm2-0
8,1958,51.927003934761274,ssp245,mri-esm2-0
9,1959,49.90643211651966,ssp245,mri-esm2-0
10,1960,51.45679188270554,ssp245,mri-esm2-0
11,1961,51.284808648422676,ssp245,mri-esm2-0
12,1962,49.54992239509967,ssp245,mri-esm2-0
13,1963,49.79825716590368,ssp245,mri-esm2-0
14,1964,50.99164769268693,ssp245,mri-esm2-0
15,1965,49.78813755748649,ssp245,mri-esm2-0
16,1966,51.17624127374989,ssp245,mri-esm2-0
17,1967,51.646940070167894,ssp245,mri-esm2-0
18,1968,50.71575836535932,ssp245,mri-esm2-0
19,1969,50.78502953659779,ssp245,mri-esm2-0
20,1970,51.01660904419819,ssp245,mri-esm2-0
21,1971,51.3439851806438,ssp245,mri-esm2-0
22,1972,50.82032019298299,ssp245,mri-esm2-0
23,1973,51.52950694605357,ssp245,mri-esm2-0
24,1974,51.233198272940264,ssp245,mri-esm2-0
25,1975,50.457642559599485,ssp245,mri-esm2-0
26,1976,49.44213660899577,ssp245,mri-esm2-0
27,1977,52.32151107737826,ssp245,mri-esm2-0
28,1978,50.23328348675291,ssp245,mri-esm2-0
29,1979,51.001877172296886,ssp245,mri-esm2-0
30,1980,50.245448173584386,ssp245,mri-esm2-0
31,1981,51.118881878526715,ssp245,mri-esm2-0
32,1982,50.702957529400415,ssp245,mri-esm2-0
33,1983,51.61519854857453,ssp245,mri-esm2-0
34,1984,51.25831022683004,ssp245,mri-esm2-0
35,1985,51.26553923605384,ssp245,mri-esm2-0
36,1986,50.36286111647358,ssp245,mri-esm2-0
37,1987,49.77926921602286,ssp245,mri-esm2-0
38,1988,51.129007881454704,ssp245,mri-esm2-0
39,1989,50.35788367551511,ssp245,mri-esm2-0
40,1990,51.22424216444676,ssp245,mri-esm2-0
41,1991,50.31628619307174,ssp245,mri-esm2-0
42,1992,50.70319399463543,ssp245,mri-esm2-0
43,1993,51.180332865918665,ssp245,mri-esm2-0
44,1994,50.72692682284298,ssp245,mri-esm2-0
45,1995,51.18698838174602,ssp245,mri-esm2-0
46,1996,51.989984203661486,ssp245,mri-esm2-0
47,1997,50.685471855137784,ssp245,mri-esm2-0
48,1998,52.39025701554485,ssp245,mri-esm2-0
49,1999,52.28821361625434,ssp245,mri-esm2-0
50,2000,52.796947133244416,ssp245,mri-esm2-0
51,2001,51.033405898488525,ssp245,mri-esm2-0
52,2002,53.7373262030217,ssp245,mri-esm2-0
53,2003,51.59238693159572,ssp245,mri-esm2-0
54,2004,52.78311235975097,ssp245,mri-esm2-0
55,2005,53.32040557123789,ssp245,mri-esm2-0
56,2006,53.32959891633879,ssp245,mri-esm2-0
57,2007,52.02073465442928,ssp245,mri-esm2-0
58,2008,51.50995544611977,ssp245,mri-esm2-0
59,2009,52.06460428497618,ssp245,mri-esm2-0
60,2010,52.271866094462965,ssp245,mri-esm2-0
61,2011,53.58142441740915,ssp245,mri-esm2-0
62,2012,52.654880245721614,ssp245,mri-esm2-0
63,2013,52.22398936155097,ssp245,mri-esm2-0
64,2014,54.59844927812617,ssp245,mri-esm2-0
65,2015,53.01487731914172,ssp245,mri-esm2-0
66,2016,53.613860641564436,ssp245,mri-esm2-0
67,2017,53.28871338229815,ssp245,mri-esm2-0
68,2018,53.23599904903047,ssp245,mri-esm2-0
69,2019,53.89352727288845,ssp245,mri-esm2-0
70,2020,53.4475849950018,ssp245,mri-esm2-0
71,2021,55.17508014322675,ssp245,mri-esm2-0
72,2022,53.01398802293003,ssp245,mri-esm2-0
73,2023,54.086780991835674,ssp245,mri-esm2-0
74,2024,53.98000125274464,ssp245,mri-esm2-0
75,2025,53.40813576314359,ssp245,mri-esm2-0
76,2026,52.96830660109635,ssp245,mri-esm2-0
77,2027,55.16607461639814,ssp245,mri-esm2-0
78,2028,53.635233065891285,ssp245,mri-esm2-0
79,2029,54.01027032922898,ssp245,mri-esm2-0
80,2030,55.452158438237745,ssp245,mri-esm2-0
81,2031,55.74850568684152,ssp245,mri-esm2-0
82,2032,53.63707169050141,ssp245,mri-esm2-0
83,2033,54.704092593811595,ssp245,mri-esm2-0
84,2034,56.136863345550026,ssp245,mri-esm2-0
85,2035,55.4881585954922,ssp245,mri-esm2-0
86,2036,56.12165769875078,ssp245,mri-esm2-0
87,2037,54.55896900825044,ssp245,mri-esm2-0
88,2038,56.3716740389402,ssp245,mri-esm2-0
89,2039,54.87699777595914,ssp245,mri-esm2-0
90,2040,56.071437140711055,ssp245,mri-esm2-0
91,2041,54.91918092679178,ssp245,mri-esm2-0
92,2042,54.36040309394192,ssp245,mri-esm2-0
93,2043,55.72771810450578,ssp245,mri-esm2-0
94,2044,56.1985713405592,ssp245,mri-esm2-0
95,2045,55.60637349975824,ssp245,mri-esm2-0
96,2046,55.85671722120012,ssp245,mri-esm2-0
97,2047,53.76768385943009,ssp245,mri-esm2-0
98,2048,53.7790326908266,ssp245,mri-esm2-0
99,2049,56.89019525368441,ssp245,mri-esm2-0
100,2050,56.498422422976674,ssp245,mri-esm2-0
101,2051,55.6192526942169,ssp245,mri-esm2-0
102,2052,56.033579898347185,ssp245,mri-esm2-0
103,2053,56.50641651478377,ssp245,mri-esm2-0
104,2054,55.79202762642403,ssp245,mri-esm2-0
105,2055,56.15077571251915,ssp245,mri-esm2-0
106,2056,57.61379113531672,ssp245,mri-esm2-0
107,2057,56.71477513497603,ssp245,mri-esm2-0
108,2058,57.31927780127096,ssp245,mri-esm2-0
109,2059,55.678611205568906,ssp245,mri-esm2-0
110,2060,55.56352259319406,ssp245,mri-esm2-0
111,2061,56.005897377623036,ssp245,mri-esm2-0
112,2062,56.719447636879366,ssp245,mri-esm2-0
113,2063,57.845076659248235,ssp245,mri-esm2-0
114,2064,56.819870578990816,ssp245,mri-esm2-0
115,2065,55.253025525504555,ssp245,mri-esm2-0
116,2066,56.6348469902199,ssp245,mri-esm2-0
117,2067,56.811308777568975,ssp245,mri-esm2-0
118,2068,57.166670475388806,ssp245,mri-esm2-0
119,2069,57.37882932178549,ssp245,mri-esm2-0
120,2070,58.048541404273195,ssp245,mri-esm2-0
121,2071,56.74359381490696,ssp245,mri-esm2-0
122,2072,57.30670778107868,ssp245,mri-esm2-0
123,2073,54.97223349019873,ssp245,mri-esm2-0
124,2074,56.21430883681951,ssp245,mri-esm2-0
125,2075,56.36685865139963,ssp245,mri-esm2-0
126,2076,55.38895097260487,ssp245,mri-esm2-0
127,2077,58.03907836214523,ssp245,mri-esm2-0
128,2078,57.1504010553297,ssp245,mri-esm2-0
129,2079,56.252548782733754,ssp245,mri-esm2-0
130,2080,56.140935380638126,ssp245,mri-esm2-0
131,2081,56.241519624486386,ssp245,mri-esm2-0
132,2082,57.183751573370635,ssp245,mri-esm2-0
133,2083,56.38625058418109,ssp245,mri-esm2-0
134,2084,57.885906392700015,ssp245,mri-esm2-0
135,2085,58.14967996596345,ssp245,mri-esm2-0
136,2086,57.3300105536528,ssp245,mri-esm2-0
137,2087,56.749275061275085,ssp245,mri-esm2-0
138,2088,56.2048441936201,ssp245,mri-esm2-0
139,2089,56.4616090423091,ssp245,mri-esm2-0
140,2090,58.09742602393152,ssp245,mri-esm2-0
141,2091,57.596433071706585,ssp245,mri-esm2-0
142,2092,56.686080468758874,ssp245,mri-esm2-0
143,2093,55.95800979152081,ssp245,mri-esm2-0
144,2094,56.13613584960495,ssp245,mri-esm2-0
145,2095,57.94676966116742,ssp245,mri-esm2-0
146,2096,56.55705656847575,ssp245,mri-esm2-0
147,2097,57.67572605733896,ssp245,mri-esm2-0
148,2098,56.441568186618795,ssp245,mri-esm2-0
149,2099,57.711648197994315,ssp245,mri-esm2-0
150,2100,57.55475181040982,ssp245,mri-esm2-0
0,1950,51.13211387610587,ssp245,access-cm2
1,1951,49.99723230789251,ssp245,access-cm2
2,1952,51.5114946872799,ssp245,access-cm2
3,1953,50.29939505593007,ssp245,access-cm2
4,1954,50.29100126577275,ssp245,access-cm2
5,1955,50.333998731507386,ssp245,access-cm2
6,1956,53.03639357826818,ssp245,access-cm2
7,1957,51.139138998808605,ssp245,access-cm2
8,1958,50.36298618021775,ssp245,access-cm2
9,1959,50.68584844299845,ssp245,access-cm2
10,1960,50.32456285875272,ssp245,access-cm2
11,1961,52.14917555034134,ssp245,access-cm2
12,1962,52.39429049552462,ssp245,access-cm2
13,1963,50.56689988535608,ssp245,access-cm2
14,1964,50.22028789180289,ssp245,access-cm2
15,1965,49.73417628492548,ssp245,access-cm2
16,1966,50.19678867416036,ssp245,access-cm2
17,1967,50.89502392526533,ssp245,access-cm2
18,1968,50.784786900319396,ssp245,access-cm2
19,1969,49.978154199188495,ssp245,access-cm2
20,1970,50.03735696278209,ssp245,access-cm2
21,1971,51.08676905086323,ssp245,access-cm2
22,1972,51.4833928906905,ssp245,access-cm2
23,1973,49.80262780624299,ssp245,access-cm2
24,1974,50.4169662233699,ssp245,access-cm2
25,1975,49.899386700801244,ssp245,access-cm2
26,1976,52.19396657190969,ssp245,access-cm2
27,1977,50.86091308333914,ssp245,access-cm2
28,1978,51.568123064925864,ssp245,access-cm2
29,1979,52.76040627040906,ssp245,access-cm2
30,1980,50.28359752409211,ssp245,access-cm2
31,1981,51.1107120781347,ssp245,access-cm2
32,1982,50.63761020283135,ssp245,access-cm2
33,1983,51.22238000477522,ssp245,access-cm2
34,1984,52.13984051718332,ssp245,access-cm2
35,1985,50.622247180667514,ssp245,access-cm2
36,1986,50.97142357225557,ssp245,access-cm2
37,1987,52.24679405184083,ssp245,access-cm2
38,1988,52.037356767901194,ssp245,access-cm2
39,1989,50.82659554751345,ssp245,access-cm2
40,1990,50.42512027512126,ssp245,access-cm2
41,1991,51.104265582761776,ssp245,access-cm2
42,1992,50.40338166863681,ssp245,access-cm2
43,1993,50.96374943562661,ssp245,access-cm2
44,1994,50.55505957312527,ssp245,access-cm2
45,1995,50.78399556660028,ssp245,access-cm2
46,1996,51.116648501873115,ssp245,access-cm2
47,1997,53.245851522425966,ssp245,access-cm2
48,1998,51.7727941074215,ssp245,access-cm2
49,1999,51.98704738102162,ssp245,access-cm2
50,2000,52.29097785145083,ssp245,access-cm2
51,2001,52.79660452341794,ssp245,access-cm2
52,2002,53.37968014959652,ssp245,access-cm2
53,2003,53.41298081594228,ssp245,access-cm2
54,2004,52.3961461101553,ssp245,access-cm2
55,2005,52.061646230157926,ssp245,access-cm2
56,2006,51.7526619282855,ssp245,access-cm2
57,2007,52.86756503142738,ssp245,access-cm2
58,2008,51.66017513286278,ssp245,access-cm2
59,2009,53.46833174202461,ssp245,access-cm2
60,2010,53.11718048683125,ssp245,access-cm2
61,2011,52.65769389984111,ssp245,access-cm2
62,2012,52.16362037598843,ssp245,access-cm2
63,2013,53.63231667896019,ssp245,access-cm2
64,2014,53.08584408191063,ssp245,access-cm2
65,2015,52.53698949495594,ssp245,access-cm2
66,2016,54.749363367861044,ssp245,access-cm2
67,2017,52.822628231510265,ssp245,access-cm2
68,2018,53.31110971737198,ssp245,access-cm2
69,2019,52.57895588087563,ssp245,access-cm2
70,2020,53.795527332190105,ssp245,access-cm2
71,2021,54.455320285640354,ssp245,access-cm2
72,2022,54.32902993908683,ssp245,access-cm2
73,2023,54.48806200717338,ssp245,access-cm2
74,2024,54.0569792179956,ssp245,access-cm2
75,2025,53.00741714014669,ssp245,access-cm2
76,2026,54.096500490244416,ssp245,access-cm2
77,2027,55.937100481424665,ssp245,access-cm2
78,2028,52.64911277118464,ssp245,access-cm2
79,2029,55.98494294180035,ssp245,access-cm2
80,2030,55.6782055287703,ssp245,access-cm2
81,2031,54.93009966608391,ssp245,access-cm2
82,2032,55.327682903937266,ssp245,access-cm2
83,2033,55.52903024770163,ssp245,access-cm2
84,2034,55.77698230167883,ssp245,access-cm2
85,2035,53.749517974417756,ssp245,access-cm2
86,2036,55.999860592120676,ssp245,access-cm2
87,2037,53.56478426860426,ssp245,access-cm2
88,2038,56.34908743314982,ssp245,access-cm2
89,2039,54.77263146184755,ssp245,access-cm2
90,2040,55.15395299550882,ssp245,access-cm2
91,2041,55.69569400845562,ssp245,access-cm2
92,2042,55.103253786757534,ssp245,access-cm2
93,2043,56.92170121119796,ssp245,access-cm2
94,2044,57.41194547986096,ssp245,access-cm2
95,2045,57.59481128611432,ssp245,access-cm2
96,2046,55.58419713122025,ssp245,access-cm2
97,2047,56.74199601109733,ssp245,access-cm2
98,2048,56.7246784407049,ssp245,access-cm2
99,2049,56.39179844040162,ssp245,access-cm2
100,2050,57.97235004151826,ssp245,access-cm2
101,2051,58.369666683605324,ssp245,access-cm2
102,2052,57.70181968905724,ssp245,access-cm2
103,2053,57.182344713045126,ssp245,access-cm2
104,2054,57.628535454373385,ssp245,access-cm2
105,2055,56.7647539647382,ssp245,access-cm2
106,2056,57.87005214078207,ssp245,access-cm2
107,2057,57.250862298690066,ssp245,access-cm2
108,2058,57.14909732859261,ssp245,access-cm2
109,2059,56.9294602351821,ssp245,access-cm2
110,2060,58.22444191584737,ssp245,access-cm2
111,2061,57.85079243597358,ssp245,access-cm2
112,2062,57.049077629899195,ssp245,access-cm2
113,2063,57.670016507353786,ssp245,access-cm2
114,2064,57.053389334505546,ssp245,access-cm2
115,2065,56.16160630746778,ssp245,access-cm2
116,2066,59.12778673705392,ssp245,access-cm2
117,2067,58.40944862835172,ssp245,access-cm2
118,2068,58.554798750455035,ssp245,access-cm2
119,2069,57.152933085685575,ssp245,access-cm2
120,2070,58.000588263691256,ssp245,access-cm2
121,2071,58.17528059410009,ssp245,access-cm2
122,2072,57.636048790233424,ssp245,access-cm2
123,2073,60.79649901240319,ssp245,access-cm2
124,2074,58.22101188948142,ssp245,access-cm2
125,2075,58.314566634917846,ssp245,access-cm2
126,2076,58.317365526519865,ssp245,access-cm2
127,2077,58.47975084550611,ssp245,access-cm2
128,2078,59.150256762752456,ssp245,access-cm2
129,2079,57.94019939057694,ssp245,access-cm2
130,2080,58.11997011923663,ssp245,access-cm2
131,2081,59.02541953086489,ssp245,access-cm2
132,2082,58.91999533812993,ssp245,access-cm2
133,2083,58.39995615401699,ssp245,access-cm2
134,2084,59.14027495075608,ssp245,access-cm2
135,2085,58.080796372601654,ssp245,access-cm2
136,2086,58.317243873679026,ssp245,access-cm2
137,2087,58.622202116138254,ssp245,access-cm2
138,2088,58.07862419932252,ssp245,access-cm2
139,2089,59.137574151337766,ssp245,access-cm2
140,2090,58.95490369973499,ssp245,access-cm2
141,2091,59.00611942543107,ssp245,access-cm2
142,2092,59.43455647530744,ssp245,access-cm2
143,2093,58.74975294423968,ssp245,access-cm2
144,2094,60.4678183106014,ssp245,access-cm2
145,2095,59.193341014758225,ssp245,access-cm2
146,2096,59.16121179226856,ssp245,access-cm2
147,2097,60.25828998940192,ssp245,access-cm2
148,2098,57.814347498854495,ssp245,access-cm2
149,2099,58.339802976797955,ssp245,access-cm2
150,2100,58.78963868147878,ssp245,access-cm2
0,1950,51.64365497367602,ssp245,noresm2-lm
1,1951,50.94213525650351,ssp245,noresm2-lm
2,1952,51.055538396795356,ssp245,noresm2-lm
3,1953,50.75189204323339,ssp245,noresm2-lm
4,1954,51.525315144923084,ssp245,noresm2-lm
5,1955,51.0431585177917,ssp245,noresm2-lm
6,1956,52.81521364126284,ssp245,noresm2-lm
7,1957,52.194027360947985,ssp245,noresm2-lm
8,1958,51.55742374043266,ssp245,noresm2-lm
9,1959,52.230458978908075,ssp245,noresm2-lm
10,1960,51.97591604770987,ssp245,noresm2-lm
11,1961,49.89716457557738,ssp245,noresm2-lm
12,1962,50.258981165102014,ssp245,noresm2-lm
13,1963,49.633577734272,ssp245,noresm2-lm
14,1964,48.858504939283094,ssp245,noresm2-lm
15,1965,49.9296724360962,ssp245,noresm2-lm
16,1966,50.81752537781486,ssp245,noresm2-lm
17,1967,50.23584254272403,ssp245,noresm2-lm
18,1968,50.64316779175724,ssp245,noresm2-lm
19,1969,50.45875720377118,ssp245,noresm2-lm
20,1970,52.07840510344779,ssp245,noresm2-lm
21,1971,50.198606299418614,ssp245,noresm2-lm
22,1972,50.61619854049845,ssp245,noresm2-lm
23,1973,50.07841678348711,ssp245,noresm2-lm
24,1974,50.07701171366752,ssp245,noresm2-lm
25,1975,51.843263445995944,ssp245,noresm2-lm
26,1976,50.361768829068716,ssp245,noresm2-lm
27,1977,49.592380058876024,ssp245,noresm2-lm
28,1978,50.80816991790302,ssp245,noresm2-lm
29,1979,50.548099019130596,ssp245,noresm2-lm
30,1980,49.85036742746593,ssp245,noresm2-lm
31,1981,50.50951777830218,ssp245,noresm2-lm
32,1982,50.46871515268224,ssp245,noresm2-lm
33,1983,50.78456485669072,ssp245,noresm2-lm
34,1984,50.34908818345843,ssp245,noresm2-lm
35,1985,52.105885768654346,ssp245,noresm2-lm
36,1986,49.97216822365567,ssp245,noresm2-lm
37,1987,51.96088854437841,ssp245,noresm2-lm
38,1988,52.25192699138834,ssp245,noresm2-lm
39,1989,50.57776690577585,ssp245,noresm2-lm
40,1990,50.273105617655865,ssp245,noresm2-lm
41,1991,52.00594469457623,ssp245,noresm2-lm
42,1992,50.88825560594215,ssp245,noresm2-lm
43,1993,51.508351518444265,ssp245,noresm2-lm
44,1994,52.39599151162177,ssp245,noresm2-lm
45,1995,51.25772274948962,ssp245,noresm2-lm
46,1996,52.643370790945745,ssp245,noresm2-lm
47,1997,52.1870377706713,ssp245,noresm2-lm
48,1998,52.572449335072214,ssp245,noresm2-lm
49,1999,52.84070594405155,ssp245,noresm2-lm
50,2000,52.55673415154339,ssp245,noresm2-lm
51,2001,52.472723264610316,ssp245,noresm2-lm
52,2002,52.52140893349866,ssp245,noresm2-lm
53,2003,52.8027213142821,ssp245,noresm2-lm
54,2004,52.071772379611375,ssp245,noresm2-lm
55,2005,51.086571674726045,ssp245,noresm2-lm
56,2006,53.23574372202105,ssp245,noresm2-lm
57,2007,53.086270162638336,ssp245,noresm2-lm
58,2008,52.6224496485899,ssp245,noresm2-lm
59,2009,52.71046698270474,ssp245,noresm2-lm
60,2010,51.32055990837551,ssp245,noresm2-lm
61,2011,54.596041753233685,ssp245,noresm2-lm
62,2012,53.67462306770766,ssp245,noresm2-lm
63,2013,52.11796036019086,ssp245,noresm2-lm
64,2014,52.78562438991936,ssp245,noresm2-lm
65,2015,53.35846953565066,ssp245,noresm2-lm
66,2016,54.39627487708578,ssp245,noresm2-lm
67,2017,54.48348775533512,ssp245,noresm2-lm
68,2018,52.25018193910153,ssp245,noresm2-lm
69,2019,54.07298656587173,ssp245,noresm2-lm
70,2020,53.638209931326216,ssp245,noresm2-lm
71,2021,54.00983897320916,ssp245,noresm2-lm
72,2022,53.688915107942854,ssp245,noresm2-lm
73,2023,54.68756024624738,ssp245,noresm2-lm
74,2024,55.53756419966389,ssp245,noresm2-lm
75,2025,54.697070968890806,ssp245,noresm2-lm
76,2026,53.53153132583114,ssp245,noresm2-lm
77,2027,54.25380664742258,ssp245,noresm2-lm
78,2028,53.47050959553086,ssp245,noresm2-lm
79,2029,53.992027830462234,ssp245,noresm2-lm
80,2030,54.62730086904615,ssp245,noresm2-lm
81,2031,51.213039743417625,ssp245,noresm2-lm
82,2032,52.50169300173687,ssp245,noresm2-lm
83,2033,54.08300057868078,ssp245,noresm2-lm
84,2034,55.23601431926443,ssp245,noresm2-lm
85,2035,52.787782981657934,ssp245,noresm2-lm
86,2036,55.32561707919623,ssp245,noresm2-lm
87,2037,55.53748723443858,ssp245,noresm2-lm
88,2038,54.10175993255533,ssp245,noresm2-lm
89,2039,53.20952069541694,ssp245,noresm2-lm
90,2040,55.88798820247213,ssp245,noresm2-lm
91,2041,55.77163770182904,ssp245,noresm2-lm
92,2042,57.241893637817086,ssp245,noresm2-lm
93,2043,55.70320496339436,ssp245,noresm2-lm
94,2044,53.26608522870543,ssp245,noresm2-lm
95,2045,55.45277094157716,ssp245,noresm2-lm
96,2046,56.280263703898896,ssp245,noresm2-lm
97,2047,56.8022159323331,ssp245,noresm2-lm
98,2048,55.74922017633542,ssp245,noresm2-lm
99,2049,55.656999506050155,ssp245,noresm2-lm
100,2050,55.774235723902144,ssp245,noresm2-lm
101,2051,55.64413413119808,ssp245,noresm2-lm
102,2052,54.78059943420349,ssp245,noresm2-lm
103,2053,56.91975025037633,ssp245,noresm2-lm
104,2054,56.316138703162665,ssp245,noresm2-lm
105,2055,56.6518089297726,ssp245,noresm2-lm
106,2056,55.275667408565326,ssp245,noresm2-lm
107,2057,54.93052673516482,ssp245,noresm2-lm
108,2058,55.64713675631829,ssp245,noresm2-lm
109,2059,55.314233868046806,ssp245,noresm2-lm
110,2060,55.89658144560831,ssp245,noresm2-lm
111,2061,55.02295382910512,ssp245,noresm2-lm
112,2062,55.90113790512936,ssp245,noresm2-lm
113,2063,57.824273818829546,ssp245,noresm2-lm
114,2064,54.522690074695504,ssp245,noresm2-lm
115,2065,56.05435594303661,ssp245,noresm2-lm
116,2066,56.34476970536857,ssp245,noresm2-lm
117,2067,56.15514221833983,ssp245,noresm2-lm
118,2068,57.14554494513942,ssp245,noresm2-lm
119,2069,57.22812772879349,ssp245,noresm2-lm
120,2070,58.657321498239114,ssp245,noresm2-lm
121,2071,56.284598992069625,ssp245,noresm2-lm
122,2072,55.99466654205959,ssp245,noresm2-lm
123,2073,56.637232972940474,ssp245,noresm2-lm
124,2074,57.40372261702918,ssp245,noresm2-lm
125,2075,55.64153246002117,ssp245,noresm2-lm
126,2076,56.103167177271686,ssp245,noresm2-lm
127,2077,56.62753387766212,ssp245,noresm2-lm
128,2078,56.35808168383127,ssp245,noresm2-lm
129,2079,57.2644936563745,ssp245,noresm2-lm
130,2080,58.19711722250146,ssp245,noresm2-lm
131,2081,57.5617115776567,ssp245,noresm2-lm
132,2082,56.34982984761994,ssp245,noresm2-lm
133,2083,57.96692830160309,ssp245,noresm2-lm
134,2084,57.301645138226945,ssp245,noresm2-lm
135,2085,56.604658542419614,ssp245,noresm2-lm
136,2086,57.24494909593226,ssp245,noresm2-lm
137,2087,55.69170964253727,ssp245,noresm2-lm
138,2088,56.5391545095295,ssp245,noresm2-lm
139,2089,56.83198124836836,ssp245,noresm2-lm
140,2090,56.55700909637075,ssp245,noresm2-lm
141,2091,57.172009611547374,ssp245,noresm2-lm
142,2092,56.81770534515193,ssp245,noresm2-lm
143,2093,58.32725766429457,ssp245,noresm2-lm
144,2094,57.112181505784676,ssp245,noresm2-lm
145,2095,58.07546683662375,ssp245,noresm2-lm
146,2096,56.56536243473178,ssp245,noresm2-lm
147,2097,55.77040150969879,ssp245,noresm2-lm
148,2098,59.392493959170395,ssp245,noresm2-lm
149,2099,59.127070751913166,ssp245,noresm2-lm
150,2100,57.514227057321804,ssp245,noresm2-lm
0,1950,51.093944361301546,ssp245,canesm5
1,1951,50.51072721001661,ssp245,canesm5
2,1952,50.08144800854284,ssp245,canesm5
3,1953,52.153980639885425,ssp245,canesm5
4,1954,51.18637183964922,ssp245,canesm5
5,1955,50.681057022713354,ssp245,canesm5
6,1956,50.49351952653824,ssp245,canesm5
7,1957,49.15907939495774,ssp245,canesm5
8,1958,51.78951093286776,ssp245,canesm5
9,1959,50.33891818533826,ssp245,canesm5
10,1960,50.41585604282521,ssp245,canesm5
11,1961,49.75843424850777,ssp245,canesm5
12,1962,51.995827142263224,ssp245,canesm5
13,1963,51.055757829156306,ssp245,canesm5
14,1964,48.19633408869769,ssp245,canesm5
15,1965,49.67189812117466,ssp245,canesm5
16,1966,48.50708847697315,ssp245,canesm5
17,1967,50.254101551303435,ssp245,canesm5
18,1968,51.92891752890766,ssp245,canesm5
19,1969,50.41361336636054,ssp245,canesm5
20,1970,50.038530706511516,ssp245,canesm5
21,1971,50.35396165987485,ssp245,canesm5
22,1972,50.27241692608887,ssp245,canesm5
23,1973,49.845134507863904,ssp245,canesm5
24,1974,49.17168828390819,ssp245,canesm5
25,1975,51.556817660810665,ssp245,canesm5
26,1976,51.127883857698215,ssp245,canesm5
27,1977,51.59677254607426,ssp245,canesm5
28,1978,49.45997095698167,ssp245,canesm5
29,1979,53.1919031727101,ssp245,canesm5
30,1980,50.622337758042605,ssp245,canesm5
31,1981,51.35956579164157,ssp245,canesm5
32,1982,50.15995232762953,ssp245,canesm5
33,1983,51.33809567248229,ssp245,canesm5
34,1984,51.29008995826896,ssp245,canesm5
35,1985,51.884141282298735,ssp245,canesm5
36,1986,53.06012570559563,ssp245,canesm5
37,1987,51.16844352509193,ssp245,canesm5
38,1988,52.45908711521056,ssp245,canesm5
39,1989,51.08407089537622,ssp245,canesm5
40,1990,51.88092000719776,ssp245,canesm5
41,1991,49.402456854336435,ssp245,canesm5
42,1992,51.11702737770423,ssp245,canesm5
43,1993,51.252822381996864,ssp245,canesm5
44,1994,52.34673688269197,ssp245,canesm5
45,1995,52.52586098222407,ssp245,canesm5
46,1996,51.65063446268624,ssp245,canesm5
47,1997,53.09140705990818,ssp245,canesm5
48,1998,53.52420614271001,ssp245,canesm5
49,1999,52.97644462390221,ssp245,canesm5
50,2000,52.78504434487618,ssp245,canesm5
51,2001,51.88414015351471,ssp245,canesm5
52,2002,52.3627160540451,ssp245,canesm5
53,2003,51.71839528098847,ssp245,canesm5
54,2004,53.44851731459911,ssp245,canesm5
55,2005,52.524828614093224,ssp245,canesm5
56,2006,53.410496244022156,ssp245,canesm5
57,2007,52.24920631234156,ssp245,canesm5
58,2008,52.771568004793885,ssp245,canesm5
59,2009,52.90441138635561,ssp245,canesm5
60,2010,52.18481834804046,ssp245,canesm5
61,2011,53.06804578390235,ssp245,canesm5
62,2012,53.59670741105412,ssp245,canesm5
63,2013,53.53485165714853,ssp245,canesm5
64,2014,54.82852973214151,ssp245,canesm5
65,2015,53.534234749432244,ssp245,canesm5
66,2016,54.97783062356021,ssp245,canesm5
67,2017,54.59178183121512,ssp245,canesm5
68,2018,55.65948429507477,ssp245,canesm5
69,2019,55.31376505001672,ssp245,canesm5
70,2020,54.26105474872605,ssp245,canesm5
71,2021,55.49753586008251,ssp245,canesm5
72,2022,55.04725582391145,ssp245,canesm5
73,2023,53.96742480827671,ssp245,canesm5
74,2024,55.00606161958825,ssp245,canesm5
75,2025,55.105309780134625,ssp245,canesm5
76,2026,54.788611300827824,ssp245,canesm5
77,2027,57.13325201188089,ssp245,canesm5
78,2028,55.786895949522005,ssp245,canesm5
79,2029,56.60280745151437,ssp245,canesm5
80,2030,55.76958236279494,ssp245,canesm5
81,2031,55.68571662789316,ssp245,canesm5
82,2032,55.17226847312322,ssp245,canesm5
83,2033,55.116063283126785,ssp245,canesm5
84,2034,55.720708625750824,ssp245,canesm5
85,2035,55.66661514953231,ssp245,canesm5
86,2036,56.861616608498935,ssp245,canesm5
87,2037,55.86538383162511,ssp245,canesm5
88,2038,56.40686245715875,ssp245,canesm5
89,2039,57.67048557689308,ssp245,canesm5
90,2040,57.186939016182926,ssp245,canesm5
91,2041,56.85539222260341,ssp245,canesm5
92,2042,57.33504265941798,ssp245,canesm5
93,2043,57.1495881411411,ssp245,canesm5
94,2044,57.016243551014696,ssp245,canesm5
95,2045,57.14289466039823,ssp245,canesm5
96,2046,58.37016701939719,ssp245,canesm5
97,2047,57.867922650921095,ssp245,canesm5
98,2048,57.23273334759365,ssp245,canesm5
99,2049,58.329926913492706,ssp245,canesm5
100,2050,58.93259111542395,ssp245,canesm5
101,2051,57.71871605370204,ssp245,canesm5
102,2052,56.540038573732076,ssp245,canesm5
103,2053,58.433777843425595,ssp245,canesm5
104,2054,59.645649447749264,ssp245,canesm5
105,2055,59.24204637578464,ssp245,canesm5
106,2056,58.583357971792815,ssp245,canesm5
107,2057,58.00037286704012,ssp245,canesm5
108,2058,59.114875287256034,ssp245,canesm5
109,2059,57.84985400538597,ssp245,canesm5
110,2060,58.64187158045793,ssp245,canesm5
111,2061,59.90074225807224,ssp245,canesm5
112,2062,59.59152469581604,ssp245,canesm5
113,2063,58.37263669834247,ssp245,canesm5
114,2064,59.74742494698412,ssp245,canesm5
115,2065,59.176432485422175,ssp245,canesm5
116,2066,57.46737892788504,ssp245,canesm5
117,2067,59.67893191339232,ssp245,canesm5
118,2068,58.76342445235131,ssp245,canesm5
119,2069,58.9146237477366,ssp245,canesm5
120,2070,59.04081483991823,ssp245,canesm5
121,2071,61.330438232182225,ssp245,canesm5
122,2072,61.417917462510225,ssp245,canesm5
123,2073,60.11738317550136,ssp245,canesm5
124,2074,60.18511379280449,ssp245,canesm5
125,2075,60.81395423200827,ssp245,canesm5
126,2076,60.01065990999332,ssp245,canesm5
127,2077,59.718489181949515,ssp245,canesm5
128,2078,59.65128109013631,ssp245,canesm5
129,2079,58.940463304294425,ssp245,canesm5
130,2080,59.75047676134732,ssp245,canesm5
131,2081,59.57522486212792,ssp245,canesm5
132,2082,60.130065783511604,ssp245,canesm5
133,2083,58.723532804966304,ssp245,canesm5
134,2084,60.64862533421188,ssp245,canesm5
135,2085,59.32243258651984,ssp245,canesm5
136,2086,60.87561099363601,ssp245,canesm5
137,2087,60.35684496598884,ssp245,canesm5
138,2088,60.17112793949176,ssp245,canesm5
139,2089,59.07384614434933,ssp245,canesm5
140,2090,61.28579790977557,ssp245,canesm5
141,2091,60.64937336079184,ssp245,canesm5
142,2092,60.45666286801535,ssp245,canesm5
143,2093,61.86282046926132,ssp245,canesm5
144,2094,59.89389058681813,ssp245,canesm5
145,2095,59.70797972261851,ssp245,canesm5
146,2096,62.306923844225174,ssp245,canesm5
147,2097,61.88948545217542,ssp245,canesm5
148,2098,60.625233625649024,ssp245,canesm5
149,2099,61.284626731769926,ssp245,canesm5
150,2100,60.62198373798981,ssp245,canesm5
0,1950,51.15625145521418,ssp245,gfdl-esm4
1,1951,52.730857546900054,ssp245,gfdl-esm4
2,1952,51.335149570056224,ssp245,gfdl-esm4
3,1953,50.063298579000794,ssp245,gfdl-esm4
4,1954,52.24091600769869,ssp245,gfdl-esm4
5,1955,52.90871882646499,ssp245,gfdl-esm4
6,1956,52.12127540364956,ssp245,gfdl-esm4
7,1957,53.56139302761816,ssp245,gfdl-esm4
8,1958,50.87120522834991,ssp245,gfdl-esm4
9,1959,49.47037149155678,ssp245,gfdl-esm4
10,1960,50.686354569545685,ssp245,gfdl-esm4
11,1961,49.9579809472845,ssp245,gfdl-esm4
12,1962,49.864128705286426,ssp245,gfdl-esm4
13,1963,51.33526471564097,ssp245,gfdl-esm4
14,1964,50.25068243972296,ssp245,gfdl-esm4
15,1965,51.47751293571616,ssp245,gfdl-esm4
16,1966,50.31858945806003,ssp245,gfdl-esm4
17,1967,49.583230920322954,ssp245,gfdl-esm4
18,1968,50.15833106900959,ssp245,gfdl-esm4
19,1969,50.11893970156204,ssp245,gfdl-esm4
20,1970,51.19717303809414,ssp245,gfdl-esm4
21,1971,51.31345370920517,ssp245,gfdl-esm4
22,1972,51.016893192574365,ssp245,gfdl-esm4
23,1973,51.5337240183043,ssp245,gfdl-esm4
24,1974,51.67006009888194,ssp245,gfdl-esm4
25,1975,50.21816823431457,ssp245,gfdl-esm4
26,1976,50.35060099195568,ssp245,gfdl-esm4
27,1977,49.66202117232543,ssp245,gfdl-esm4
28,1978,50.87169810839133,ssp245,gfdl-esm4
29,1979,52.12636197435999,ssp245,gfdl-esm4
30,1980,52.8413544570717,ssp245,gfdl-esm4
31,1981,49.9563331688241,ssp245,gfdl-esm4
32,1982,51.37772984220499,ssp245,gfdl-esm4
33,1983,50.537921947589496,ssp245,gfdl-esm4
34,1984,50.99590250866229,ssp245,gfdl-esm4
35,1985,50.21627458355072,ssp245,gfdl-esm4
36,1986,50.210133462379815,ssp245,gfdl-esm4
37,1987,50.89086538855172,ssp245,gfdl-esm4
38,1988,50.10841204535378,ssp245,gfdl-esm4
39,1989,52.219658458434296,ssp245,gfdl-esm4
40,1990,51.69082563519513,ssp245,gfdl-esm4
41,1991,52.94278082901031,ssp245,gfdl-esm4
42,1992,51.83204082432295,ssp245,gfdl-esm4
43,1993,50.68227702128219,ssp245,gfdl-esm4
44,1994,50.06787536214741,ssp245,gfdl-esm4
45,1995,51.40785661786673,ssp245,gfdl-esm4
46,1996,51.7348174554932,ssp245,gfdl-esm4
47,1997,50.93252682182689,ssp245,gfdl-esm4
48,1998,51.894810482345825,ssp245,gfdl-esm4
49,1999,51.18895341001021,ssp245,gfdl-esm4
50,2000,50.46485229059846,ssp245,gfdl-esm4
51,2001,51.54300315113816,ssp245,gfdl-esm4
52,2002,51.29579375858006,ssp245,gfdl-esm4
53,2003,50.44529201879455,ssp245,gfdl-esm4
54,2004,52.26250516968469,ssp245,gfdl-esm4
55,2005,51.18305486701299,ssp245,gfdl-esm4
56,2006,52.74677472171449,ssp245,gfdl-esm4
57,2007,51.777056720914004,ssp245,gfdl-esm4
58,2008,52.62805527471077,ssp245,gfdl-esm4
59,2009,52.13227147416086,ssp245,gfdl-esm4
60,2010,51.76523577170695,ssp245,gfdl-esm4
61,2011,52.45322583032326,ssp245,gfdl-esm4
62,2012,51.09741947494572,ssp245,gfdl-esm4
63,2013,54.02121388984785,ssp245,gfdl-esm4
64,2014,52.89203679548787,ssp245,gfdl-esm4
65,2015,52.44070161511332,ssp245,gfdl-esm4
66,2016,52.43592886357,ssp245,gfdl-esm4
67,2017,53.26789596671579,ssp245,gfdl-esm4
68,2018,52.93528516058746,ssp245,gfdl-esm4
69,2019,52.41777929302979,ssp245,gfdl-esm4
70,2020,53.04395103626681,ssp245,gfdl-esm4
71,2021,53.49892507978072,ssp245,gfdl-esm4
72,2022,53.841258545143,ssp245,gfdl-esm4
73,2023,53.09662792435612,ssp245,gfdl-esm4
74,2024,52.97022211662555,ssp245,gfdl-esm4
75,2025,53.53514251313405,ssp245,gfdl-esm4
76,2026,53.59953130866679,ssp245,gfdl-esm4
77,2027,52.623013625719416,ssp245,gfdl-esm4
78,2028,53.31135754687092,ssp245,gfdl-esm4
79,2029,54.097559604728346,ssp245,gfdl-esm4
80,2030,53.15509424982657,ssp245,gfdl-esm4
81,2031,54.74797900544264,ssp245,gfdl-esm4
82,2032,53.57405073578675,ssp245,gfdl-esm4
83,2033,55.03318889782882,ssp245,gfdl-esm4
84,2034,53.8442870987975,ssp245,gfdl-esm4
85,2035,53.209329955718,ssp245,gfdl-esm4
86,2036,54.37976798946547,ssp245,gfdl-esm4
87,2037,54.048790549833626,ssp245,gfdl-esm4
88,2038,54.06902268658302,ssp245,gfdl-esm4
89,2039,53.95488661911421,ssp245,gfdl-esm4
90,2040,54.24104703011738,ssp245,gfdl-esm4
91,2041,53.512461895506725,ssp245,gfdl-esm4
92,2042,55.7974382315622,ssp245,gfdl-esm4
93,2043,52.92411799631298,ssp245,gfdl-esm4
94,2044,53.474282158322424,ssp245,gfdl-esm4
95,2045,54.95246773177795,ssp245,gfdl-esm4
96,2046,55.33332049471979,ssp245,gfdl-esm4
97,2047,54.32004552664338,ssp245,gfdl-esm4
98,2048,54.13721734392291,ssp245,gfdl-esm4
99,2049,55.107249082606295,ssp245,gfdl-esm4
100,2050,53.994457275316215,ssp245,gfdl-esm4
101,2051,55.1493135502871,ssp245,gfdl-esm4
102,2052,54.1776829672942,ssp245,gfdl-esm4
103,2053,53.87427422086048,ssp245,gfdl-esm4
104,2054,54.75091373870888,ssp245,gfdl-esm4
105,2055,54.251944324045375,ssp245,gfdl-esm4
106,2056,54.29329994761494,ssp245,gfdl-esm4
107,2057,55.13203584567906,ssp245,gfdl-esm4
108,2058,56.100503044962345,ssp245,gfdl-esm4
109,2059,56.401415504907874,ssp245,gfdl-esm4
110,2060,54.3056160636296,ssp245,gfdl-esm4
111,2061,54.627266039680315,ssp245,gfdl-esm4
112,2062,54.93968376581128,ssp245,gfdl-esm4
113,2063,55.27608029192619,ssp245,gfdl-esm4
114,2064,55.3601617440077,ssp245,gfdl-esm4
115,2065,54.75485958693999,ssp245,gfdl-esm4
116,2066,54.34865811633547,ssp245,gfdl-esm4
117,2067,55.25873475267444,ssp245,gfdl-esm4
118,2068,54.501174642379894,ssp245,gfdl-esm4
119,2069,54.17162591980967,ssp245,gfdl-esm4
120,2070,54.94703192303061,ssp245,gfdl-esm4
121,2071,54.66821344977906,ssp245,gfdl-esm4
122,2072,54.44813008143903,ssp245,gfdl-esm4
123,2073,55.976099922713374,ssp245,gfdl-esm4
124,2074,55.31406637446516,ssp245,gfdl-esm4
125,2075,56.14699836413751,ssp245,gfdl-esm4
126,2076,56.276813616018224,ssp245,gfdl-esm4
127,2077,54.99248801083787,ssp245,gfdl-esm4
128,2078,56.5536281941966,ssp245,gfdl-esm4
129,2079,55.70999940894804,ssp245,gfdl-esm4
130,2080,56.90732175762277,ssp245,gfdl-esm4
131,2081,56.72598716535874,ssp245,gfdl-esm4
132,2082,55.83815413791989,ssp245,gfdl-esm4
133,2083,55.88364413130848,ssp245,gfdl-esm4
134,2084,56.205976953429804,ssp245,gfdl-esm4
135,2085,55.03318135961741,ssp245,gfdl-esm4
136,2086,56.08013241614603,ssp245,gfdl-esm4
137,2087,57.45848850444555,ssp245,gfdl-esm4
138,2088,55.84385362122954,ssp245,gfdl-esm4
139,2089,55.78238345773433,ssp245,gfdl-esm4
140,2090,56.1098990209733,ssp245,gfdl-esm4
141,2091,55.73867871082247,ssp245,gfdl-esm4
142,2092,55.40727522507668,ssp245,gfdl-esm4
143,2093,55.27680787734868,ssp245,gfdl-esm4
144,2094,56.0680594968931,ssp245,gfdl-esm4
145,2095,55.43172976525066,ssp245,gfdl-esm4
146,2096,55.36145627624992,ssp245,gfdl-esm4
147,2097,56.342238147359616,ssp245,gfdl-esm4
148,2098,56.95154018843601,ssp245,gfdl-esm4
149,2099,56.91452280246218,ssp245,gfdl-esm4
150,2100,56.778458506019405,ssp245,gfdl-esm4
0,1950,53.11850830356881,ssp245,ec-earth3
1,1951,51.151731677527515,ssp245,ec-earth3
2,1952,49.68651827581226,ssp245,ec-earth3
3,1953,50.47775558344782,ssp245,ec-earth3
4,1954,50.11973082440706,ssp245,ec-earth3
5,1955,51.536497185874964,ssp245,ec-earth3
6,1956,51.65235133651499,ssp245,ec-earth3
7,1957,50.331693412746965,ssp245,ec-earth3
8,1958,51.53693526718916,ssp245,ec-earth3
9,1959,52.224295252232096,ssp245,ec-earth3
10,1960,52.37887567915394,ssp245,ec-earth3
11,1961,51.87375772764026,ssp245,ec-earth3
12,1962,51.63211328000778,ssp245,ec-earth3
13,1963,50.414193512264056,ssp245,ec-earth3
14,1964,48.593438356944965,ssp245,ec-earth3
15,1965,49.49172216447741,ssp245,ec-earth3
16,1966,51.65679696361692,ssp245,ec-earth3
17,1967,51.455356959803076,ssp245,ec-earth3
18,1968,50.81810014198592,ssp245,ec-earth3
19,1969,49.2358045414612,ssp245,ec-earth3
20,1970,51.57984536400492,ssp245,ec-earth3
21,1971,50.82040117396981,ssp245,ec-earth3
22,1972,51.541552830138144,ssp245,ec-earth3
23,1973,50.99790291521671,ssp245,ec-earth3
24,1974,52.23108055491915,ssp245,ec-earth3
25,1975,52.39375470350158,ssp245,ec-earth3
26,1976,51.978439949931776,ssp245,ec-earth3
27,1977,50.955156648774356,ssp245,ec-earth3
28,1978,49.96245302918925,ssp245,ec-earth3
29,1979,51.573958250011444,ssp245,ec-earth3
30,1980,50.49812645545052,ssp245,ec-earth3
31,1981,49.82582574177886,ssp245,ec-earth3
32,1982,49.87059359385658,ssp245,ec-earth3
33,1983,48.881739224114796,ssp245,ec-earth3
34,1984,49.829554154964704,ssp245,ec-earth3
35,1985,52.31686381934858,ssp245,ec-earth3
36,1986,49.6441014891756,ssp245,ec-earth3
37,1987,49.96923674730803,ssp245,ec-earth3
38,1988,51.01184403749719,ssp245,ec-earth3
39,1989,51.70957712653717,ssp245,ec-earth3
40,1990,52.47169550497542,ssp245,ec-earth3
41,1991,51.20171082359452,ssp245,ec-earth3
42,1992,50.39727555950321,ssp245,ec-earth3
43,1993,50.855692860335786,ssp245,ec-earth3
44,1994,51.03650010325839,ssp245,ec-earth3
45,1995,53.069817201883836,ssp245,ec-earth3
46,1996,51.2282289113557,ssp245,ec-earth3
47,1997,53.62456678037803,ssp245,ec-earth3
48,1998,52.684752549333474,ssp245,ec-earth3
49,1999,52.383182191279154,ssp245,ec-earth3
50,2000,51.28555025347522,ssp245,ec-earth3
51,2001,50.30116256643992,ssp245,ec-earth3
52,2002,52.83168082646692,ssp245,ec-earth3
53,2003,52.73899115325652,ssp245,ec-earth3
54,2004,52.53869120294237,ssp245,ec-earth3
55,2005,54.27464329641806,ssp245,ec-earth3
56,2006,51.74838091619908,ssp245,ec-earth3
57,2007,53.02100141662356,ssp245,ec-earth3
58,2008,52.37115185261621,ssp245,ec-earth3
59,2009,52.46738422426981,ssp245,ec-earth3
60,2010,53.503805869497576,ssp245,ec-earth3
61,2011,53.446677008414866,ssp245,ec-earth3
62,2012,52.784875096026504,ssp245,ec-earth3
63,2013,54.803862138238586,ssp245,ec-earth3
64,2014,56.05493610537278,ssp245,ec-earth3
65,2015,52.30792918730771,ssp245,ec-earth3
66,2016,55.225702705890185,ssp245,ec-earth3
67,2017,56.406815063677904,ssp245,ec-earth3
68,2018,55.9769235932376,ssp245,ec-earth3
69,2019,52.48341873681619,ssp245,ec-earth3
70,2020,54.72421733630491,ssp245,ec-earth3
71,2021,53.28615932658902,ssp245,ec-earth3
72,2022,53.52671701588322,ssp245,ec-earth3
73,2023,56.44836841214122,ssp245,ec-earth3
74,2024,54.512677622867436,ssp245,ec-earth3
75,2025,54.971897487101835,ssp245,ec-earth3
76,2026,55.9498903517626,ssp245,ec-earth3
77,2027,57.49692971315049,ssp245,ec-earth3
78,2028,56.95878355114004,ssp245,ec-earth3
79,2029,55.66646233738548,ssp245,ec-earth3
80,2030,56.81893944647724,ssp245,ec-earth3
81,2031,55.34566211202968,ssp245,ec-earth3
82,2032,54.09697187921239,ssp245,ec-earth3
83,2033,56.728139191657036,ssp245,ec-earth3
84,2034,54.06350578314268,ssp245,ec-earth3
85,2035,56.433016851617154,ssp245,ec-earth3
86,2036,56.57362087308217,ssp245,ec-earth3
87,2037,55.87783422241683,ssp245,ec-earth3
88,2038,54.36330149986533,ssp245,ec-earth3
89,2039,55.714787192342534,ssp245,ec-earth3
90,2040,55.39178158411912,ssp245,ec-earth3
91,2041,55.85730787878452,ssp245,ec-earth3
92,2042,54.34738503254114,ssp245,ec-earth3
93,2043,57.321314633983626,ssp245,ec-earth3
94,2044,57.085580041698385,ssp245,ec-earth3
95,2045,56.29606738858643,ssp245,ec-earth3
96,2046,55.75920796299639,ssp245,ec-earth3
97,2047,57.51143125920699,ssp245,ec-earth3
98,2048,57.59749748543395,ssp245,ec-earth3
99,2049,56.42386109488304,ssp245,ec-earth3
100,2050,58.507165942635304,ssp245,ec-earth3
101,2051,57.67624552168216,ssp245,ec-earth3
102,2052,58.21878579676896,ssp245,ec-earth3
103,2053,57.73561874096376,ssp245,ec-earth3
104,2054,55.96735833402413,ssp245,ec-earth3
105,2055,57.520036630554245,ssp245,ec-earth3
106,2056,57.61501233499276,ssp245,ec-earth3
107,2057,59.000485711906784,ssp245,ec-earth3
108,2058,58.96664159359581,ssp245,ec-earth3
109,2059,57.915435639522215,ssp245,ec-earth3
110,2060,57.27393024509215,ssp245,ec-earth3
111,2061,56.80798641897312,ssp245,ec-earth3
112,2062,57.06621728323508,ssp245,ec-earth3
113,2063,58.81757633869412,ssp245,ec-earth3
114,2064,56.91996089477486,ssp245,ec-earth3
115,2065,57.47049394316748,ssp245,ec-earth3
116,2066,58.22818600464969,ssp245,ec-earth3
117,2067,58.84650846798056,ssp245,ec-earth3
118,2068,58.364425671007076,ssp245,ec-earth3
119,2069,57.28965833239187,ssp245,ec-earth3
120,2070,56.8548176145471,ssp245,ec-earth3
121,2071,57.98665929517074,ssp245,ec-earth3
122,2072,59.303658176657045,ssp245,ec-earth3
123,2073,58.55198487511099,ssp245,ec-earth3
124,2074,56.69367830661572,ssp245,ec-earth3
125,2075,59.706031471936626,ssp245,ec-earth3
126,2076,58.761513521311684,ssp245,ec-earth3
127,2077,60.151798506346495,ssp245,ec-earth3
128,2078,60.35233867114105,ssp245,ec-earth3
129,2079,59.88510783858492,ssp245,ec-earth3
130,2080,57.300465791323816,ssp245,ec-earth3
131,2081,57.63095525398285,ssp245,ec-earth3
132,2082,58.74714133269841,ssp245,ec-earth3
133,2083,59.74042754313622,ssp245,ec-earth3
134,2084,59.67788566937127,ssp245,ec-earth3
135,2085,57.49077559269351,ssp245,ec-earth3
136,2086,58.16715151844161,ssp245,ec-earth3
137,2087,60.6308207601941,ssp245,ec-earth3
138,2088,60.06110599657407,ssp245,ec-earth3
139,2089,59.57068990611354,ssp245,ec-earth3
140,2090,58.126140753340934,ssp245,ec-earth3
141,2091,59.750610392886436,ssp245,ec-earth3
142,2092,60.140762971934066,ssp245,ec-earth3
143,2093,59.49560706630459,ssp245,ec-earth3
144,2094,61.45303642155008,ssp245,ec-earth3
145,2095,59.65607304750858,ssp245,ec-earth3
146,2096,59.30716622456548,ssp245,ec-earth3
147,2097,62.34418249680594,ssp245,ec-earth3
148,2098,59.48118091285935,ssp245,ec-earth3
149,2099,58.6556400963823,ssp245,ec-earth3
150,2100,61.45344746623298,ssp245,ec-earth3
0,1950,50.03672111424816,ssp245,ipsl-cm6a-lr
1,1951,51.25547007869616,ssp245,ipsl-cm6a-lr
2,1952,49.76493345225621,ssp245,ipsl-cm6a-lr
3,1953,50.73009387265395,ssp245,ipsl-cm6a-lr
4,1954,51.519253041353245,ssp245,ipsl-cm6a-lr
5,1955,51.25424403584214,ssp245,ipsl-cm6a-lr
6,1956,50.09385403932967,ssp245,ipsl-cm6a-lr
7,1957,51.01482123460785,ssp245,ipsl-cm6a-lr
8,1958,50.234503571372095,ssp245,ipsl-cm6a-lr
9,1959,50.73891102599329,ssp245,ipsl-cm6a-lr
10,1960,50.64403573000803,ssp245,ipsl-cm6a-lr
11,1961,50.54714343200899,ssp245,ipsl-cm6a-lr
12,1962,50.562799179846074,ssp245,ipsl-cm6a-lr
13,1963,51.47134476755565,ssp245,ipsl-cm6a-lr
14,1964,51.22364179138384,ssp245,ipsl-cm6a-lr
15,1965,50.048345228765896,ssp245,ipsl-cm6a-lr
16,1966,50.727717057992336,ssp245,ipsl-cm6a-lr
17,1967,50.15054308467277,ssp245,ipsl-cm6a-lr
18,1968,49.47849518323266,ssp245,ipsl-cm6a-lr
19,1969,50.70391116994674,ssp245,ipsl-cm6a-lr
20,1970,51.45152145795902,ssp245,ipsl-cm6a-lr
21,1971,51.25383366694637,ssp245,ipsl-cm6a-lr
22,1972,50.136127711582866,ssp245,ipsl-cm6a-lr
23,1973,52.81608288523698,ssp245,ipsl-cm6a-lr
24,1974,50.55305274762094,ssp245,ipsl-cm6a-lr
25,1975,51.23933174182744,ssp245,ipsl-cm6a-lr
26,1976,51.25328734395895,ssp245,ipsl-cm6a-lr
27,1977,50.77016607340624,ssp245,ipsl-cm6a-lr
28,1978,50.30602012785601,ssp245,ipsl-cm6a-lr
29,1979,51.02630017787628,ssp245,ipsl-cm6a-lr
30,1980,49.46645115104337,ssp245,ipsl-cm6a-lr
31,1981,50.249217439075814,ssp245,ipsl-cm6a-lr
32,1982,51.07463145829345,ssp245,ipsl-cm6a-lr
33,1983,50.45841440326176,ssp245,ipsl-cm6a-lr
34,1984,50.44092986851146,ssp245,ipsl-cm6a-lr
35,1985,51.03216415563116,ssp245,ipsl-cm6a-lr
36,1986,53.026775243719776,ssp245,ipsl-cm6a-lr
37,1987,51.639196478843054,ssp245,ipsl-cm6a-lr
38,1988,51.68672301061963,ssp245,ipsl-cm6a-lr
39,1989,51.1430338952761,ssp245,ipsl-cm6a-lr
40,1990,52.93247387151262,ssp245,ipsl-cm6a-lr
41,1991,50.75894904071316,ssp245,ipsl-cm6a-lr
42,1992,51.362453733870765,ssp245,ipsl-cm6a-lr
43,1993,50.220019405810206,ssp245,ipsl-cm6a-lr
44,1994,50.55619619367074,ssp245,ipsl-cm6a-lr
45,1995,51.90918516308406,ssp245,ipsl-cm6a-lr
46,1996,53.43242113646882,ssp245,ipsl-cm6a-lr
47,1997,52.02280371897189,ssp245,ipsl-cm6a-lr
48,1998,52.0318186852712,ssp245,ipsl-cm6a-lr
49,1999,51.62089511780904,ssp245,ipsl-cm6a-lr
50,2000,52.67796757614395,ssp245,ipsl-cm6a-lr
51,2001,52.25492305168481,ssp245,ipsl-cm6a-lr
52,2002,51.25327286030294,ssp245,ipsl-cm6a-lr
53,2003,52.61708661833871,ssp245,ipsl-cm6a-lr
54,2004,53.82285196075584,ssp245,ipsl-cm6a-lr
55,2005,52.772069441188144,ssp245,ipsl-cm6a-lr
56,2006,51.21256356231347,ssp245,ipsl-cm6a-lr
57,2007,54.512048154186154,ssp245,ipsl-cm6a-lr
58,2008,51.933733847371336,ssp245,ipsl-cm6a-lr
59,2009,52.901866755257814,ssp245,ipsl-cm6a-lr
60,2010,53.9761166329803,ssp245,ipsl-cm6a-lr
61,2011,53.87602625136817,ssp245,ipsl-cm6a-lr
62,2012,52.7133129264434,ssp245,ipsl-cm6a-lr
63,2013,52.42284047513513,ssp245,ipsl-cm6a-lr
64,2014,54.5616221714294,ssp245,ipsl-cm6a-lr
65,2015,54.07906672852044,ssp245,ipsl-cm6a-lr
66,2016,54.19455037645467,ssp245,ipsl-cm6a-lr
67,2017,53.338186265493675,ssp245,ipsl-cm6a-lr
68,2018,53.64815770325015,ssp245,ipsl-cm6a-lr
69,2019,53.0290482005476,ssp245,ipsl-cm6a-lr
70,2020,53.74693469266708,ssp245,ipsl-cm6a-lr
71,2021,52.97645228670915,ssp245,ipsl-cm6a-lr
72,2022,53.88298095773709,ssp245,ipsl-cm6a-lr
73,2023,53.62940102956373,ssp245,ipsl-cm6a-lr
74,2024,54.43860836239082,ssp245,ipsl-cm6a-lr
75,2025,54.152173310937734,ssp245,ipsl-cm6a-lr
76,2026,54.206373635240446,ssp245,ipsl-cm6a-lr
77,2027,55.880089644944356,ssp245,ipsl-cm6a-lr
78,2028,55.00547076637222,ssp245,ipsl-cm6a-lr
79,2029,54.74976102544402,ssp245,ipsl-cm6a-lr
80,2030,54.885452461311694,ssp245,ipsl-cm6a-lr
81,2031,53.24622598603648,ssp245,ipsl-cm6a-lr
82,2032,54.684177813938845,ssp245,ipsl-cm6a-lr
83,2033,54.14783934155514,ssp245,ipsl-cm6a-lr
84,2034,55.02963608831209,ssp245,ipsl-cm6a-lr
85,2035,55.33765256818514,ssp245,ipsl-cm6a-lr
86,2036,55.7028515202036,ssp245,ipsl-cm6a-lr
87,2037,54.69789908147648,ssp245,ipsl-cm6a-lr
88,2038,55.586867693778494,ssp245,ipsl-cm6a-lr
89,2039,54.212368142190066,ssp245,ipsl-cm6a-lr
90,2040,56.41417261366685,ssp245,ipsl-cm6a-lr
91,2041,55.89465162008075,ssp245,ipsl-cm6a-lr
92,2042,55.94591216950239,ssp245,ipsl-cm6a-lr
93,2043,54.873659101262724,ssp245,ipsl-cm6a-lr
94,2044,55.400922185168945,ssp245,ipsl-cm6a-lr
95,2045,57.74694185717344,ssp245,ipsl-cm6a-lr
96,2046,57.337206338733694,ssp245,ipsl-cm6a-lr
97,2047,56.917221626639694,ssp245,ipsl-cm6a-lr
98,2048,55.869144140110166,ssp245,ipsl-cm6a-lr
99,2049,56.39808232661837,ssp245,ipsl-cm6a-lr
100,2050,55.90932556178002,ssp245,ipsl-cm6a-lr
101,2051,55.66657059387145,ssp245,ipsl-cm6a-lr
102,2052,56.68027903207282,ssp245,ipsl-cm6a-lr
103,2053,56.218578174137086,ssp245,ipsl-cm6a-lr
104,2054,57.02927489994413,ssp245,ipsl-cm6a-lr
105,2055,57.38640409550038,ssp245,ipsl-cm6a-lr
106,2056,57.17205180439915,ssp245,ipsl-cm6a-lr
107,2057,57.19688973869852,ssp245,ipsl-cm6a-lr
108,2058,56.581511143683734,ssp245,ipsl-cm6a-lr
109,2059,56.30521130579337,ssp245,ipsl-cm6a-lr
110,2060,55.23201916885951,ssp245,ipsl-cm6a-lr
111,2061,56.14042363111055,ssp245,ipsl-cm6a-lr
112,2062,56.53914975103688,ssp245,ipsl-cm6a-lr
113,2063,57.465387689391896,ssp245,ipsl-cm6a-lr
114,2064,57.68077210406767,ssp245,ipsl-cm6a-lr
115,2065,57.0898322479584,ssp245,ipsl-cm6a-lr
116,2066,56.442347405608274,ssp245,ipsl-cm6a-lr
117,2067,57.19909084533272,ssp245,ipsl-cm6a-lr
118,2068,58.5187279839171,ssp245,ipsl-cm6a-lr
119,2069,58.06130251991626,ssp245,ipsl-cm6a-lr
120,2070,59.01488380533529,ssp245,ipsl-cm6a-lr
121,2071,57.16757453938289,ssp245,ipsl-cm6a-lr
122,2072,56.94258211843646,ssp245,ipsl-cm6a-lr
123,2073,58.03464497587466,ssp245,ipsl-cm6a-lr
124,2074,58.272957074272256,ssp245,ipsl-cm6a-lr
125,2075,58.17805582700475,ssp245,ipsl-cm6a-lr
126,2076,59.31593242104288,ssp245,ipsl-cm6a-lr
127,2077,58.50908056972123,ssp245,ipsl-cm6a-lr
128,2078,57.92883369472527,ssp245,ipsl-cm6a-lr
129,2079,58.411977621427205,ssp245,ipsl-cm6a-lr
130,2080,57.866842763101594,ssp245,ipsl-cm6a-lr
131,2081,57.10734150483296,ssp245,ipsl-cm6a-lr
132,2082,59.33227216789417,ssp245,ipsl-cm6a-lr
133,2083,58.80696250622784,ssp245,ipsl-cm6a-lr
134,2084,57.514261111076046,ssp245,ipsl-cm6a-lr
135,2085,58.6602729129882,ssp245,ipsl-cm6a-lr
136,2086,58.80075500750899,ssp245,ipsl-cm6a-lr
137,2087,59.01419807426645,ssp245,ipsl-cm6a-lr
138,2088,58.51168528403231,ssp245,ipsl-cm6a-lr
139,2089,59.89207680298155,ssp245,ipsl-cm6a-lr
140,2090,58.686820306838314,ssp245,ipsl-cm6a-lr
141,2091,57.684335767565315,ssp245,ipsl-cm6a-lr
142,2092,58.495950560848314,ssp245,ipsl-cm6a-lr
143,2093,59.45223545105399,ssp245,ipsl-cm6a-lr
144,2094,59.552828146358515,ssp245,ipsl-cm6a-lr
145,2095,60.18693889884622,ssp245,ipsl-cm6a-lr
146,2096,58.41818211523894,ssp245,ipsl-cm6a-lr
147,2097,59.74361998155569,ssp245,ipsl-cm6a-lr
148,2098,59.105150380491,ssp245,ipsl-cm6a-lr
149,2099,59.05287677461254,ssp245,ipsl-cm6a-lr
150,2100,58.56014585614626,ssp245,ipsl-cm6a-lr
0,1950,50.52004034842271,ssp245,inm-cm5-0
1,1951,50.57539600456749,ssp245,inm-cm5-0
2,1952,49.44787035248469,ssp245,inm-cm5-0
3,1953,49.39863339936399,ssp245,inm-cm5-0
4,1954,52.93014288479713,ssp245,inm-cm5-0
5,1955,50.91369283086562,ssp245,inm-cm5-0
6,1956,50.69523889189306,ssp245,inm-cm5-0
7,1957,51.90617045346332,ssp245,inm-cm5-0
8,1958,50.729539953088526,ssp245,inm-cm5-0
9,1959,50.575742141390336,ssp245,inm-cm5-0
10,1960,52.19619862722171,ssp245,inm-cm5-0
11,1961,51.43976272646433,ssp245,inm-cm5-0
12,1962,51.86618928755251,ssp245,inm-cm5-0
13,1963,51.98054111823593,ssp245,inm-cm5-0
14,1964,51.96900141499658,ssp245,inm-cm5-0
15,1965,51.12643618436162,ssp245,inm-cm5-0
16,1966,50.81043313364904,ssp245,inm-cm5-0
17,1967,51.905610708563145,ssp245,inm-cm5-0
18,1968,49.368220325553224,ssp245,inm-cm5-0
19,1969,50.61645241661077,ssp245,inm-cm5-0
20,1970,50.095587846861186,ssp245,inm-cm5-0
21,1971,51.15834233452806,ssp245,inm-cm5-0
22,1972,51.180600718629435,ssp245,inm-cm5-0
23,1973,49.99424944409339,ssp245,inm-cm5-0
24,1974,50.596027316669286,ssp245,inm-cm5-0
25,1975,51.922893633019754,ssp245,inm-cm5-0
26,1976,50.652258196024675,ssp245,inm-cm5-0
27,1977,50.83234255890918,ssp245,inm-cm5-0
28,1978,52.039782710363895,ssp245,inm-cm5-0
29,1979,51.3055252829239,ssp245,inm-cm5-0
30,1980,52.07015417004331,ssp245,inm-cm5-0
31,1981,51.17520237706019,ssp245,inm-cm5-0
32,1982,50.3679311962852,ssp245,inm-cm5-0
33,1983,50.25451598830668,ssp245,inm-cm5-0
34,1984,49.942429901967124,ssp245,inm-cm5-0
35,1985,50.1327243064742,ssp245,inm-cm5-0
36,1986,50.2936042437296,ssp245,inm-cm5-0
37,1987,50.91868725914984,ssp245,inm-cm5-0
38,1988,51.13962472695908,ssp245,inm-cm5-0
39,1989,51.2041634296777,ssp245,inm-cm5-0
40,1990,51.87315919284327,ssp245,inm-cm5-0
41,1991,52.65224969698816,ssp245,inm-cm5-0
42,1992,49.69408995128654,ssp245,inm-cm5-0
43,1993,49.41197730495874,ssp245,inm-cm5-0
44,1994,51.339085825148196,ssp245,inm-cm5-0
45,1995,50.66548291297836,ssp245,inm-cm5-0
46,1996,52.090761199974764,ssp245,inm-cm5-0
47,1997,53.049311543763636,ssp245,inm-cm5-0
48,1998,52.62726653209555,ssp245,inm-cm5-0
49,1999,52.228715005075756,ssp245,inm-cm5-0
50,2000,50.41693738997317,ssp245,inm-cm5-0
51,2001,52.326643413620836,ssp245,inm-cm5-0
52,2002,52.85729081544643,ssp245,inm-cm5-0
53,2003,51.50409565547335,ssp245,inm-cm5-0
54,2004,51.40185484267998,ssp245,inm-cm5-0
55,2005,52.95897276963364,ssp245,inm-cm5-0
56,2006,52.77582299814477,ssp245,inm-cm5-0
57,2007,52.31265262864036,ssp245,inm-cm5-0
58,2008,53.93633615381757,ssp245,inm-cm5-0
59,2009,52.76338948056546,ssp245,inm-cm5-0
60,2010,52.741183056804914,ssp245,inm-cm5-0
61,2011,51.54330304683522,ssp245,inm-cm5-0
62,2012,51.71115173095539,ssp245,inm-cm5-0
63,2013,53.10562375278478,ssp245,inm-cm5-0
64,2014,53.64173609864113,ssp245,inm-cm5-0
65,2015,53.36176853114435,ssp245,inm-cm5-0
66,2016,50.9228639285375,ssp245,inm-cm5-0
67,2017,52.71333329175854,ssp245,inm-cm5-0
68,2018,53.40248529229543,ssp245,inm-cm5-0
69,2019,54.419791181293405,ssp245,inm-cm5-0
70,2020,52.24315097975846,ssp245,inm-cm5-0
71,2021,54.95872173880224,ssp245,inm-cm5-0
72,2022,52.93159580343911,ssp245,inm-cm5-0
73,2023,52.91042319722673,ssp245,inm-cm5-0
74,2024,52.961684068442274,ssp245,inm-cm5-0
75,2025,53.66383875243686,ssp245,inm-cm5-0
76,2026,53.430589520192335,ssp245,inm-cm5-0
77,2027,53.93588790898274,ssp245,inm-cm5-0
78,2028,54.03094703698887,ssp245,inm-cm5-0
79,2029,53.93181993345516,ssp245,inm-cm5-0
80,2030,52.84418606716071,ssp245,inm-cm5-0
81,2031,54.93637743343233,ssp245,inm-cm5-0
82,2032,55.03299520866536,ssp245,inm-cm5-0
83,2033,54.72654732418703,ssp245,inm-cm5-0
84,2034,53.76068202962574,ssp245,inm-cm5-0
85,2035,53.78569724797599,ssp245,inm-cm5-0
86,2036,55.18785878554652,ssp245,inm-cm5-0
87,2037,53.67062270836135,ssp245,inm-cm5-0
88,2038,54.08355499083437,ssp245,inm-cm5-0
89,2039,55.42127455593405,ssp245,inm-cm5-0
90,2040,54.19415143445233,ssp245,inm-cm5-0
91,2041,54.01588552280395,ssp245,inm-cm5-0
92,2042,53.87022843798066,ssp245,inm-cm5-0
93,2043,52.96035229817314,ssp245,inm-cm5-0
94,2044,54.83351905279927,ssp245,inm-cm5-0
95,2045,53.611646791566244,ssp245,inm-cm5-0
96,2046,52.36930033127404,ssp245,inm-cm5-0
97,2047,54.947748283661156,ssp245,inm-cm5-0
98,2048,54.882158966638244,ssp245,inm-cm5-0
99,2049,54.37862994879584,ssp245,inm-cm5-0
100,2050,55.27213816483541,ssp245,inm-cm5-0
101,2051,55.10047406400976,ssp245,inm-cm5-0
102,2052,55.19236334961465,ssp245,inm-cm5-0
103,2053,54.94961193166498,ssp245,inm-cm5-0
104,2054,54.951769043655155,ssp245,inm-cm5-0
105,2055,53.6561148307068,ssp245,inm-cm5-0
106,2056,54.07239609043863,ssp245,inm-cm5-0
107,2057,53.81063858237002,ssp245,inm-cm5-0
108,2058,55.50680797522766,ssp245,inm-cm5-0
109,2059,53.7665972222619,ssp245,inm-cm5-0
110,2060,53.91792400081874,ssp245,inm-cm5-0
111,2061,55.10621829313018,ssp245,inm-cm5-0
112,2062,54.763809521711984,ssp245,inm-cm5-0
113,2063,55.79637136945729,ssp245,inm-cm5-0
114,2064,56.46948882594456,ssp245,inm-cm5-0
115,2065,53.06650304979511,ssp245,inm-cm5-0
116,2066,54.765566958194015,ssp245,inm-cm5-0
117,2067,55.304206064865014,ssp245,inm-cm5-0
118,2068,56.350170795808765,ssp245,inm-cm5-0
119,2069,55.86726722000979,ssp245,inm-cm5-0
120,2070,56.93788214027777,ssp245,inm-cm5-0
121,2071,56.415398870417235,ssp245,inm-cm5-0
122,2072,55.39293261712755,ssp245,inm-cm5-0
123,2073,54.020799238685775,ssp245,inm-cm5-0
124,2074,55.74879953920322,ssp245,inm-cm5-0
125,2075,53.61812010622679,ssp245,inm-cm5-0
126,2076,55.1746442199478,ssp245,inm-cm5-0
127,2077,54.75808902617725,ssp245,inm-cm5-0
128,2078,55.41670113925345,ssp245,inm-cm5-0
129,2079,56.24951987130441,ssp245,inm-cm5-0
130,2080,56.71837576460938,ssp245,inm-cm5-0
131,2081,55.61071403692301,ssp245,inm-cm5-0
132,2082,55.98597020042417,ssp245,inm-cm5-0
133,2083,56.85757040756388,ssp245,inm-cm5-0
134,2084,56.602324451016024,ssp245,inm-cm5-0
135,2085,56.40227957251213,ssp245,inm-cm5-0
136,2086,56.08911332644253,ssp245,inm-cm5-0
137,2087,56.92078874398798,ssp245,inm-cm5-0
138,2088,56.34656094858313,ssp245,inm-cm5-0
139,2089,55.32534078260941,ssp245,inm-cm5-0
140,2090,58.18439814114061,ssp245,inm-cm5-0
141,2091,56.93183461307375,ssp245,inm-cm5-0
142,2092,55.36504800129317,ssp245,inm-cm5-0
143,2093,55.54688508899796,ssp245,inm-cm5-0
144,2094,56.47523617827992,ssp245,inm-cm5-0
145,2095,56.36691703825691,ssp245,inm-cm5-0
146,2096,56.433143929643414,ssp245,inm-cm5-0
147,2097,56.29148416517866,ssp245,inm-cm5-0
148,2098,55.185619246100245,ssp245,inm-cm5-0
149,2099,55.832643445853144,ssp245,inm-cm5-0
150,2100,56.01099499506913,ssp245,inm-cm5-0
0,1950,51.33460429259019,ssp245,miroc6
1,1951,51.092642912898384,ssp245,miroc6
2,1952,49.282371074118636,ssp245,miroc6
3,1953,49.492861100460594,ssp245,miroc6
4,1954,50.55856806887072,ssp245,miroc6
5,1955,50.42277927784079,ssp245,miroc6
6,1956,52.28438041821579,ssp245,miroc6
7,1957,51.89893532971398,ssp245,miroc6
8,1958,51.66726617744701,ssp245,miroc6
9,1959,50.953870505343914,ssp245,miroc6
10,1960,49.9096450927415,ssp245,miroc6
11,1961,51.48943307688672,ssp245,miroc6
12,1962,49.35981536299395,ssp245,miroc6
13,1963,50.079054943052704,ssp245,miroc6
14,1964,50.707435328180246,ssp245,miroc6
15,1965,50.28651203594527,ssp245,miroc6
16,1966,51.26898270675944,ssp245,miroc6
17,1967,49.84167617965068,ssp245,miroc6
18,1968,49.91930084883351,ssp245,miroc6
19,1969,50.00315021016498,ssp245,miroc6
20,1970,49.64051324412331,ssp245,miroc6
21,1971,50.06065807503923,ssp245,miroc6
22,1972,50.74321169669264,ssp245,miroc6
23,1973,51.412764550266445,ssp245,miroc6
24,1974,51.39958577157588,ssp245,miroc6
25,1975,50.655514712581436,ssp245,miroc6
26,1976,49.71472635437335,ssp245,miroc6
27,1977,52.61991711526546,ssp245,miroc6
28,1978,52.40525257117884,ssp245,miroc6
29,1979,52.814984561092075,ssp245,miroc6
30,1980,52.764518336584445,ssp245,miroc6
31,1981,52.15973509998028,ssp245,miroc6
32,1982,51.58828295486858,ssp245,miroc6
33,1983,50.17776372144307,ssp245,miroc6
34,1984,50.64645379886711,ssp245,miroc6
35,1985,51.41438810211678,ssp245,miroc6
36,1986,50.48020389465316,ssp245,miroc6
37,1987,52.39759523770564,ssp245,miroc6
38,1988,50.262076887400404,ssp245,miroc6
39,1989,51.36841522487869,ssp245,miroc6
40,1990,51.35102989313855,ssp245,miroc6
41,1991,50.658797451909074,ssp245,miroc6
42,1992,50.652368236090155,ssp245,miroc6
43,1993,51.89553683152545,ssp245,miroc6
44,1994,50.98647282491693,ssp245,miroc6
45,1995,51.89420991001383,ssp245,miroc6
46,1996,52.00754632990385,ssp245,miroc6
47,1997,50.6985471418408,ssp245,miroc6
48,1998,49.55774019161449,ssp245,miroc6
49,1999,52.67684609072015,ssp245,miroc6
50,2000,53.241461932627075,ssp245,miroc6
51,2001,53.257791378285525,ssp245,miroc6
52,2002,53.26137700675862,ssp245,miroc6
53,2003,52.07237165672354,ssp245,miroc6
54,2004,52.35357919339451,ssp245,miroc6
55,2005,55.077512407473826,ssp245,miroc6
56,2006,53.34048915055519,ssp245,miroc6
57,2007,53.47045690658042,ssp245,miroc6
58,2008,52.416103754480645,ssp245,miroc6
59,2009,52.839730998219494,ssp245,miroc6
60,2010,53.06434250289302,ssp245,miroc6
61,2011,54.51572183075189,ssp245,miroc6
62,2012,52.516420803146715,ssp245,miroc6
63,2013,52.719099647479055,ssp245,miroc6
64,2014,53.57327421011125,ssp245,miroc6
65,2015,54.44818595806785,ssp245,miroc6
66,2016,53.681443872581234,ssp245,miroc6
67,2017,51.16486104907395,ssp245,miroc6
68,2018,53.05376397569266,ssp245,miroc6
69,2019,53.62273197991304,ssp245,miroc6
70,2020,53.07084270610517,ssp245,miroc6
71,2021,53.318145117610705,ssp245,miroc6
72,2022,55.29235626811585,ssp245,miroc6
73,2023,53.67581504535138,ssp245,miroc6
74,2024,53.16479951563245,ssp245,miroc6
75,2025,54.424927679941625,ssp245,miroc6
76,2026,53.3653571089501,ssp245,miroc6
77,2027,56.797477983705235,ssp245,miroc6
78,2028,54.8149978080405,ssp245,miroc6
79,2029,54.13166134858093,ssp245,miroc6
80,2030,55.863325933981294,ssp245,miroc6
81,2031,58.09518234583465,ssp245,miroc6
82,2032,56.31122836126025,ssp245,miroc6
83,2033,56.038140033526346,ssp245,miroc6
84,2034,55.58690438042321,ssp245,miroc6
85,2035,54.42719788120477,ssp245,miroc6
86,2036,54.23681869046683,ssp245,miroc6
87,2037,55.78787114401033,ssp245,miroc6
88,2038,55.03469561734128,ssp245,miroc6
89,2039,55.657469050965545,ssp245,miroc6
90,2040,55.17363234537055,ssp245,miroc6
91,2041,56.374420959104896,ssp245,miroc6
92,2042,55.264735404856495,ssp245,miroc6
93,2043,55.06347208987753,ssp245,miroc6
94,2044,56.55906580944772,ssp245,miroc6
95,2045,56.99714885373585,ssp245,miroc6
96,2046,54.74094240957506,ssp245,miroc6
97,2047,56.85900518223608,ssp245,miroc6
98,2048,57.2523022794731,ssp245,miroc6
99,2049,55.655478555538245,ssp245,miroc6
100,2050,56.13219157907507,ssp245,miroc6
101,2051,56.91781512089082,ssp245,miroc6
102,2052,56.15044753340971,ssp245,miroc6
103,2053,56.705351229780874,ssp245,miroc6
104,2054,56.408005728826744,ssp245,miroc6
105,2055,56.313445105627274,ssp245,miroc6
106,2056,55.716233815545756,ssp245,miroc6
107,2057,56.637768170721294,ssp245,miroc6
108,2058,56.74541061412686,ssp245,miroc6
109,2059,57.03392272843332,ssp245,miroc6
110,2060,56.08864981612101,ssp245,miroc6
111,2061,55.50182882363539,ssp245,miroc6
112,2062,56.409560724082354,ssp245,miroc6
113,2063,56.128331878686254,ssp245,miroc6
114,2064,56.143132702353064,ssp245,miroc6
115,2065,57.376954180256426,ssp245,miroc6
116,2066,56.67196612339458,ssp245,miroc6
117,2067,56.652103384919826,ssp245,miroc6
118,2068,56.76169338516162,ssp245,miroc6
119,2069,58.9438046353805,ssp245,miroc6
120,2070,56.496254290821334,ssp245,miroc6
121,2071,57.686904969040796,ssp245,miroc6
122,2072,56.36336232720939,ssp245,miroc6
123,2073,55.52247700983177,ssp245,miroc6
124,2074,57.07325297558983,ssp245,miroc6
125,2075,56.68616725200491,ssp245,miroc6
126,2076,57.251183240966064,ssp245,miroc6
127,2077,58.19755352759069,ssp245,miroc6
128,2078,58.23233342386432,ssp245,miroc6
129,2079,58.38456552735152,ssp245,miroc6
130,2080,58.95467549045842,ssp245,miroc6
131,2081,57.32501891294286,ssp245,miroc6
132,2082,58.35675978600936,ssp245,miroc6
133,2083,57.26254788189074,ssp245,miroc6
134,2084,57.940806142935934,ssp245,miroc6
135,2085,57.62326088653852,ssp245,miroc6
136,2086,57.739930922097265,ssp245,miroc6
137,2087,57.292515548796295,ssp245,miroc6
138,2088,56.549090560242355,ssp245,miroc6
139,2089,57.37182190218675,ssp245,miroc6
140,2090,58.37197168107588,ssp245,miroc6
141,2091,59.02273607135488,ssp245,miroc6
142,2092,58.316857855326965,ssp245,miroc6
143,2093,58.14745369181019,ssp245,miroc6
144,2094,58.67320358088425,ssp245,miroc6
145,2095,58.297372385551085,ssp245,miroc6
146,2096,59.90057035110933,ssp245,miroc6
147,2097,57.69796330516978,ssp245,miroc6
148,2098,57.91207546277348,ssp245,miroc6
149,2099,57.210771153456726,ssp245,miroc6
150,2100,58.49961700077143,ssp245,miroc6
0,1950,51.53764709153557,ssp245,inm-cm4-8
1,1951,51.24677747047035,ssp245,inm-cm4-8
2,1952,51.44035430565335,ssp245,inm-cm4-8
3,1953,51.18809414111841,ssp245,inm-cm4-8
4,1954,50.25041547679185,ssp245,inm-cm4-8
5,1955,52.08249848298026,ssp245,inm-cm4-8
6,1956,50.361603346370636,ssp245,inm-cm4-8
7,1957,51.15162304731362,ssp245,inm-cm4-8
8,1958,50.75779571466841,ssp245,inm-cm4-8
9,1959,51.04086395881424,ssp245,inm-cm4-8
10,1960,50.33852695601252,ssp245,inm-cm4-8
11,1961,52.941883267201526,ssp245,inm-cm4-8
12,1962,51.90445426659796,ssp245,inm-cm4-8
13,1963,50.912356261008014,ssp245,inm-cm4-8
14,1964,50.21991959286393,ssp245,inm-cm4-8
15,1965,49.84333303608845,ssp245,inm-cm4-8
16,1966,51.15450015538077,ssp245,inm-cm4-8
17,1967,49.58071084239621,ssp245,inm-cm4-8
18,1968,49.69120484498519,ssp245,inm-cm4-8
19,1969,51.58690545372281,ssp245,inm-cm4-8
20,1970,52.694324733189255,ssp245,inm-cm4-8
21,1971,51.543456180322295,ssp245,inm-cm4-8
22,1972,51.91653429251228,ssp245,inm-cm4-8
23,1973,49.01194218176361,ssp245,inm-cm4-8
24,1974,50.17272784680757,ssp245,inm-cm4-8
25,1975,50.90414521843021,ssp245,inm-cm4-8
26,1976,50.59314253949838,ssp245,inm-cm4-8
27,1977,51.780843471249916,ssp245,inm-cm4-8
28,1978,49.339153037604575,ssp245,inm-cm4-8
29,1979,49.547893883351946,ssp245,inm-cm4-8
30,1980,52.48612720895547,ssp245,inm-cm4-8
31,1981,51.01914793037278,ssp245,inm-cm4-8
32,1982,52.07683565486723,ssp245,inm-cm4-8
33,1983,49.546691525617774,ssp245,inm-cm4-8
34,1984,50.34272994832504,ssp245,inm-cm4-8
35,1985,49.7687057938585,ssp245,inm-cm4-8
36,1986,51.18360335577746,ssp245,inm-cm4-8
37,1987,51.8310030746863,ssp245,inm-cm4-8
38,1988,51.17872398854453,ssp245,inm-cm4-8
39,1989,51.641671870118785,ssp245,inm-cm4-8
40,1990,51.40165613989857,ssp245,inm-cm4-8
41,1991,53.60919423667765,ssp245,inm-cm4-8
42,1992,49.90499167649856,ssp245,inm-cm4-8
43,1993,50.373356130826494,ssp245,inm-cm4-8
44,1994,51.22288235586365,ssp245,inm-cm4-8
45,1995,52.985632316224525,ssp245,inm-cm4-8
46,1996,51.261450832391006,ssp245,inm-cm4-8
47,1997,51.41882912146572,ssp245,inm-cm4-8
48,1998,51.41902512744887,ssp245,inm-cm4-8
49,1999,51.59160146482129,ssp245,inm-cm4-8
50,2000,52.99879017544082,ssp245,inm-cm4-8
51,2001,52.05170114543568,ssp245,inm-cm4-8
52,2002,52.94431725045686,ssp245,inm-cm4-8
53,2003,53.56822666324329,ssp245,inm-cm4-8
54,2004,52.22527621340207,ssp245,inm-cm4-8
55,2005,52.47377299147953,ssp245,inm-cm4-8
56,2006,51.2512639215977,ssp245,inm-cm4-8
57,2007,52.03117711416147,ssp245,inm-cm4-8
58,2008,52.03085476142191,ssp245,inm-cm4-8
59,2009,51.99071788287377,ssp245,inm-cm4-8
60,2010,52.82162128348498,ssp245,inm-cm4-8
61,2011,51.90893775651673,ssp245,inm-cm4-8
62,2012,52.443968595095775,ssp245,inm-cm4-8
63,2013,53.366809815527624,ssp245,inm-cm4-8
64,2014,52.42574403083393,ssp245,inm-cm4-8
65,2015,53.348000151754114,ssp245,inm-cm4-8
66,2016,51.61457398976317,ssp245,inm-cm4-8
67,2017,52.28203972683787,ssp245,inm-cm4-8
68,2018,52.73911439732589,ssp245,inm-cm4-8
69,2019,52.00159679175331,ssp245,inm-cm4-8
70,2020,53.434127638517886,ssp245,inm-cm4-8
71,2021,53.54941398175513,ssp245,inm-cm4-8
72,2022,54.765685102562514,ssp245,inm-cm4-8
73,2023,53.49113313301265,ssp245,inm-cm4-8
74,2024,54.23777871592901,ssp245,inm-cm4-8
75,2025,53.58526313804639,ssp245,inm-cm4-8
76,2026,54.06545136149491,ssp245,inm-cm4-8
77,2027,53.36264390068647,ssp245,inm-cm4-8
78,2028,53.38068858898633,ssp245,inm-cm4-8
79,2029,53.729903259306845,ssp245,inm-cm4-8
80,2030,53.02688485452979,ssp245,inm-cm4-8
81,2031,52.7794381207808,ssp245,inm-cm4-8
82,2032,53.47932800949583,ssp245,inm-cm4-8
83,2033,53.47909188678976,ssp245,inm-cm4-8
84,2034,54.37346054004966,ssp245,inm-cm4-8
85,2035,53.946477059420104,ssp245,inm-cm4-8
86,2036,53.52915828155195,ssp245,inm-cm4-8
87,2037,53.02335484915864,ssp245,inm-cm4-8
88,2038,54.96079224478432,ssp245,inm-cm4-8
89,2039,54.11800745781789,ssp245,inm-cm4-8
90,2040,55.37607097031743,ssp245,inm-cm4-8
91,2041,54.425489446439975,ssp245,inm-cm4-8
92,2042,55.0761718354159,ssp245,inm-cm4-8
93,2043,54.56026557249731,ssp245,inm-cm4-8
94,2044,54.96619904261788,ssp245,inm-cm4-8
95,2045,55.16048792279735,ssp245,inm-cm4-8
96,2046,53.31385300866621,ssp245,inm-cm4-8
97,2047,55.05333151770111,ssp245,inm-cm4-8
98,2048,54.514318469866964,ssp245,inm-cm4-8
99,2049,55.641409271875816,ssp245,inm-cm4-8
100,2050,54.202057743480154,ssp245,inm-cm4-8
101,2051,54.817632594957836,ssp245,inm-cm4-8
102,2052,53.36144851544263,ssp245,inm-cm4-8
103,2053,55.557654411824736,ssp245,inm-cm4-8
104,2054,54.480045851084164,ssp245,inm-cm4-8
105,2055,55.14286759604808,ssp245,inm-cm4-8
106,2056,54.83592591252291,ssp245,inm-cm4-8
107,2057,55.73529959154777,ssp245,inm-cm4-8
108,2058,54.91086262068938,ssp245,inm-cm4-8
109,2059,56.19526290084268,ssp245,inm-cm4-8
110,2060,56.266917155376355,ssp245,inm-cm4-8
111,2061,54.84138482956132,ssp245,inm-cm4-8
112,2062,56.174012851757475,ssp245,inm-cm4-8
113,2063,55.377889273802865,ssp245,inm-cm4-8
114,2064,54.31605833333434,ssp245,inm-cm4-8
115,2065,56.29663004421119,ssp245,inm-cm4-8
116,2066,57.08561403548723,ssp245,inm-cm4-8
117,2067,55.45295765139515,ssp245,inm-cm4-8
118,2068,54.71592032324078,ssp245,inm-cm4-8
119,2069,54.24071560357031,ssp245,inm-cm4-8
120,2070,54.64881319823531,ssp245,inm-cm4-8
121,2071,53.63641488859289,ssp245,inm-cm4-8
122,2072,56.16516053710675,ssp245,inm-cm4-8
123,2073,55.79228836458326,ssp245,inm-cm4-8
124,2074,56.53946450491153,ssp245,inm-cm4-8
125,2075,54.179716541746544,ssp245,inm-cm4-8
126,2076,56.100593411469404,ssp245,inm-cm4-8
127,2077,56.15972713171688,ssp245,inm-cm4-8
128,2078,56.55124534618384,ssp245,inm-cm4-8
129,2079,56.18553502336799,ssp245,inm-cm4-8
130,2080,56.123039789986976,ssp245,inm-cm4-8
131,2081,54.95556917842949,ssp245,inm-cm4-8
132,2082,57.46243923561492,ssp245,inm-cm4-8
133,2083,56.59686147248019,ssp245,inm-cm4-8
134,2084,55.58307617305078,ssp245,inm-cm4-8
135,2085,55.98959123933665,ssp245,inm-cm4-8
136,2086,55.35685345552617,ssp245,inm-cm4-8
137,2087,57.656207241751275,ssp245,inm-cm4-8
138,2088,55.95345159348749,ssp245,inm-cm4-8
139,2089,55.32834373596545,ssp245,inm-cm4-8
140,2090,55.23920433354801,ssp245,inm-cm4-8
141,2091,55.4124726625305,ssp245,inm-cm4-8
142,2092,53.958983063038815,ssp245,inm-cm4-8
143,2093,56.90872697353978,ssp245,inm-cm4-8
144,2094,56.844561195753634,ssp245,inm-cm4-8
145,2095,55.87884275040355,ssp245,inm-cm4-8
146,2096,55.85712378577321,ssp245,inm-cm4-8
147,2097,55.3592230666402,ssp245,inm-cm4-8
148,2098,55.73855686609614,ssp245,inm-cm4-8
149,2099,55.65472119527864,ssp245,inm-cm4-8
150,2100,54.87179056314638,ssp245,inm-cm4-8
0,1950,50.2662849461025,ssp245,bcc-csm2-mr
1,1951,52.1467265632428,ssp245,bcc-csm2-mr
2,1952,51.28991591484845,ssp245,bcc-csm2-mr
3,1953,52.006347894895995,ssp245,bcc-csm2-mr
4,1954,51.4258205248526,ssp245,bcc-csm2-mr
5,1955,50.663818704460404,ssp245,bcc-csm2-mr
6,1956,51.17730188980304,ssp245,bcc-csm2-mr
7,1957,50.49749204459375,ssp245,bcc-csm2-mr
8,1958,51.53438085106455,ssp245,bcc-csm2-mr
9,1959,51.52006320333111,ssp245,bcc-csm2-mr
10,1960,50.995066025800334,ssp245,bcc-csm2-mr
11,1961,50.35834733313031,ssp245,bcc-csm2-mr
12,1962,50.18741495050536,ssp245,bcc-csm2-mr
13,1963,52.30696159646193,ssp245,bcc-csm2-mr
14,1964,49.84104371209998,ssp245,bcc-csm2-mr
15,1965,50.96359959778336,ssp245,bcc-csm2-mr
16,1966,51.47358159232631,ssp245,bcc-csm2-mr
17,1967,50.48464648903594,ssp245,bcc-csm2-mr
18,1968,50.21968203108238,ssp245,bcc-csm2-mr
19,1969,50.41978870915489,ssp245,bcc-csm2-mr
20,1970,52.02525615502818,ssp245,bcc-csm2-mr
21,1971,52.06515467360413,ssp245,bcc-csm2-mr
22,1972,50.849029427324886,ssp245,bcc-csm2-mr
23,1973,51.14283594406681,ssp245,bcc-csm2-mr
24,1974,48.29600054212128,ssp245,bcc-csm2-mr
25,1975,49.9915387263066,ssp245,bcc-csm2-mr
26,1976,50.0084106022409,ssp245,bcc-csm2-mr
27,1977,51.41171949871358,ssp245,bcc-csm2-mr
28,1978,51.956326483662544,ssp245,bcc-csm2-mr
29,1979,51.42581276046094,ssp245,bcc-csm2-mr
30,1980,51.11785862528553,ssp245,bcc-csm2-mr
31,1981,51.277578489662105,ssp245,bcc-csm2-mr
32,1982,50.07525539318105,ssp245,bcc-csm2-mr
33,1983,49.58944683971825,ssp245,bcc-csm2-mr
34,1984,51.12714834898313,ssp245,bcc-csm2-mr
35,1985,51.82309982114796,ssp245,bcc-csm2-mr
36,1986,51.269225642703795,ssp245,bcc-csm2-mr
37,1987,51.553202031287235,ssp245,bcc-csm2-mr
38,1988,53.04770428862551,ssp245,bcc-csm2-mr
39,1989,50.9172914774945,ssp245,bcc-csm2-mr
40,1990,49.97264929164099,ssp245,bcc-csm2-mr
41,1991,51.606230394047024,ssp245,bcc-csm2-mr
42,1992,49.02375182541856,ssp245,bcc-csm2-mr
43,1993,50.64955244525374,ssp245,bcc-csm2-mr
44,1994,51.634669212154016,ssp245,bcc-csm2-mr
45,1995,50.30953868739259,ssp245,bcc-csm2-mr
46,1996,51.02294556807792,ssp245,bcc-csm2-mr
47,1997,50.40721168171448,ssp245,bcc-csm2-mr
48,1998,52.35008707467044,ssp245,bcc-csm2-mr
49,1999,52.054871442957214,ssp245,bcc-csm2-mr
50,2000,52.41648771087037,ssp245,bcc-csm2-mr
51,2001,52.305613947572056,ssp245,bcc-csm2-mr
52,2002,51.16026032166249,ssp245,bcc-csm2-mr
53,2003,51.468986584632944,ssp245,bcc-csm2-mr
54,2004,52.65314189407578,ssp245,bcc-csm2-mr
55,2005,52.538453302579185,ssp245,bcc-csm2-mr
56,2006,51.330982292445775,ssp245,bcc-csm2-mr
57,2007,51.052025978302055,ssp245,bcc-csm2-mr
58,2008,54.653063600617486,ssp245,bcc-csm2-mr
59,2009,52.801600367863344,ssp245,bcc-csm2-mr
60,2010,53.493857063291,ssp245,bcc-csm2-mr
61,2011,51.66638243247034,ssp245,bcc-csm2-mr
62,2012,52.85566743343123,ssp245,bcc-csm2-mr
63,2013,52.56918065962377,ssp245,bcc-csm2-mr
64,2014,52.613100158709834,ssp245,bcc-csm2-mr
65,2015,52.13745936115129,ssp245,bcc-csm2-mr
66,2016,51.95115134163259,ssp245,bcc-csm2-mr
67,2017,53.250134306214,ssp245,bcc-csm2-mr
68,2018,52.51162078911566,ssp245,bcc-csm2-mr
69,2019,53.49147599690957,ssp245,bcc-csm2-mr
70,2020,53.15687885294586,ssp245,bcc-csm2-mr
71,2021,53.08731821409522,ssp245,bcc-csm2-mr
72,2022,53.57132691552423,ssp245,bcc-csm2-mr
73,2023,53.92180471486838,ssp245,bcc-csm2-mr
74,2024,54.024586640376164,ssp245,bcc-csm2-mr
75,2025,54.61934822712249,ssp245,bcc-csm2-mr
76,2026,53.61419883423962,ssp245,bcc-csm2-mr
77,2027,52.425686296277895,ssp245,bcc-csm2-mr
78,2028,53.15542659518573,ssp245,bcc-csm2-mr
79,2029,55.009764186525615,ssp245,bcc-csm2-mr
80,2030,54.69562528598151,ssp245,bcc-csm2-mr
81,2031,54.09546747780685,ssp245,bcc-csm2-mr
82,2032,55.379571113717894,ssp245,bcc-csm2-mr
83,2033,55.06806780260456,ssp245,bcc-csm2-mr
84,2034,54.428198357891546,ssp245,bcc-csm2-mr
85,2035,55.06585871325815,ssp245,bcc-csm2-mr
86,2036,54.75727499944719,ssp245,bcc-csm2-mr
87,2037,54.44473210104596,ssp245,bcc-csm2-mr
88,2038,53.98659758220928,ssp245,bcc-csm2-mr
89,2039,55.333315669892684,ssp245,bcc-csm2-mr
90,2040,54.487478730256846,ssp245,bcc-csm2-mr
91,2041,55.34166219586918,ssp245,bcc-csm2-mr
92,2042,54.325463279514786,ssp245,bcc-csm2-mr
93,2043,54.546405679196646,ssp245,bcc-csm2-mr
94,2044,55.47264768117006,ssp245,bcc-csm2-mr
95,2045,55.47449015897698,ssp245,bcc-csm2-mr
96,2046,55.35112523678033,ssp245,bcc-csm2-mr
97,2047,55.308796895192955,ssp245,bcc-csm2-mr
98,2048,56.20041514785951,ssp245,bcc-csm2-mr
99,2049,56.102881118622705,ssp245,bcc-csm2-mr
100,2050,55.367303963028974,ssp245,bcc-csm2-mr
101,2051,55.38799026440815,ssp245,bcc-csm2-mr
102,2052,54.71608407163385,ssp245,bcc-csm2-mr
103,2053,55.20996369673334,ssp245,bcc-csm2-mr
104,2054,56.191013830234596,ssp245,bcc-csm2-mr
105,2055,55.669937638492755,ssp245,bcc-csm2-mr
106,2056,55.93135343551088,ssp245,bcc-csm2-mr
107,2057,56.337593912525705,ssp245,bcc-csm2-mr
108,2058,56.73969920976124,ssp245,bcc-csm2-mr
109,2059,56.67695892516586,ssp245,bcc-csm2-mr
110,2060,56.72419854272328,ssp245,bcc-csm2-mr
111,2061,55.4268878609369,ssp245,bcc-csm2-mr
112,2062,56.51121568786058,ssp245,bcc-csm2-mr
113,2063,57.067771413249815,ssp245,bcc-csm2-mr
114,2064,55.842109571692234,ssp245,bcc-csm2-mr
115,2065,55.969285039871295,ssp245,bcc-csm2-mr
116,2066,57.08283007276914,ssp245,bcc-csm2-mr
117,2067,56.45106017597114,ssp245,bcc-csm2-mr
118,2068,56.25303813144264,ssp245,bcc-csm2-mr
119,2069,56.96777085036182,ssp245,bcc-csm2-mr
120,2070,58.59533901214047,ssp245,bcc-csm2-mr
121,2071,56.1118296490493,ssp245,bcc-csm2-mr
122,2072,56.44775418824924,ssp245,bcc-csm2-mr
123,2073,54.28387477494802,ssp245,bcc-csm2-mr
124,2074,56.456625725581276,ssp245,bcc-csm2-mr
125,2075,56.171874084508964,ssp245,bcc-csm2-mr
126,2076,55.150263752921404,ssp245,bcc-csm2-mr
127,2077,57.20048213325503,ssp245,bcc-csm2-mr
128,2078,56.966410071627145,ssp245,bcc-csm2-mr
129,2079,54.797715457275885,ssp245,bcc-csm2-mr
130,2080,56.68807595319797,ssp245,bcc-csm2-mr
131,2081,56.28482981554554,ssp245,bcc-csm2-mr
132,2082,57.195685578689016,ssp245,bcc-csm2-mr
133,2083,55.84952610438866,ssp245,bcc-csm2-mr
134,2084,56.412310501766385,ssp245,bcc-csm2-mr
135,2085,56.360541810725266,ssp245,bcc-csm2-mr
136,2086,57.20058464633996,ssp245,bcc-csm2-mr
137,2087,57.213107799342836,ssp245,bcc-csm2-mr
138,2088,58.239966463840865,ssp245,bcc-csm2-mr
139,2089,57.83086951017395,ssp245,bcc-csm2-mr
140,2090,58.243511451166185,ssp245,bcc-csm2-mr
141,2091,55.954780664130354,ssp245,bcc-csm2-mr
142,2092,58.04945166455558,ssp245,bcc-csm2-mr
143,2093,57.77874692888971,ssp245,bcc-csm2-mr
144,2094,57.22543012818033,ssp245,bcc-csm2-mr
145,2095,58.245146316247094,ssp245,bcc-csm2-mr
146,2096,57.89565170012387,ssp245,bcc-csm2-mr
147,2097,57.90852500695567,ssp245,bcc-csm2-mr
148,2098,57.978973800722216,ssp245,bcc-csm2-mr
149,2099,58.10747050387595,ssp245,bcc-csm2-mr
150,2100,56.417224184128145,ssp245,bcc-csm2-mr
0,1950,50.938246045948716,ssp245,mpi-esm1-2-hr
1,1951,49.506405846264876,ssp245,mpi-esm1-2-hr
2,1952,49.877243570452265,ssp245,mpi-esm1-2-hr
3,1953,50.33215589218602,ssp245,mpi-esm1-2-hr
4,1954,51.13470376378172,ssp245,mpi-esm1-2-hr
5,1955,50.30347528767476,ssp245,mpi-esm1-2-hr
6,1956,50.790235349215166,ssp245,mpi-esm1-2-hr
7,1957,51.34896197705922,ssp245,mpi-esm1-2-hr
8,1958,51.5391662229251,ssp245,mpi-esm1-2-hr
9,1959,50.77524482783646,ssp245,mpi-esm1-2-hr
10,1960,50.75469236701565,ssp245,mpi-esm1-2-hr
11,1961,50.9890242425443,ssp245,mpi-esm1-2-hr
12,1962,50.21118050402668,ssp245,mpi-esm1-2-hr
13,1963,50.07335057542476,ssp245,mpi-esm1-2-hr
14,1964,51.719528471822855,ssp245,mpi-esm1-2-hr
15,1965,50.68236001301459,ssp245,mpi-esm1-2-hr
16,1966,51.71713789074599,ssp245,mpi-esm1-2-hr
17,1967,51.72524424115539,ssp245,mpi-esm1-2-hr
18,1968,51.708258361679206,ssp245,mpi-esm1-2-hr
19,1969,50.71609864543512,ssp245,mpi-esm1-2-hr
20,1970,51.24052904102861,ssp245,mpi-esm1-2-hr
21,1971,51.48290854231422,ssp245,mpi-esm1-2-hr
22,1972,52.26656423059741,ssp245,mpi-esm1-2-hr
23,1973,51.658859106883355,ssp245,mpi-esm1-2-hr
24,1974,49.09840450020364,ssp245,mpi-esm1-2-hr
25,1975,51.351083311395584,ssp245,mpi-esm1-2-hr
26,1976,51.269240155276,ssp245,mpi-esm1-2-hr
27,1977,51.702307794663184,ssp245,mpi-esm1-2-hr
28,1978,49.3950831158577,ssp245,mpi-esm1-2-hr
29,1979,50.402823736941066,ssp245,mpi-esm1-2-hr
30,1980,51.54067111078098,ssp245,mpi-esm1-2-hr
31,1981,51.84212595766342,ssp245,mpi-esm1-2-hr
32,1982,52.06131421110476,ssp245,mpi-esm1-2-hr
33,1983,50.37505970157978,ssp245,mpi-esm1-2-hr
34,1984,50.94031649410483,ssp245,mpi-esm1-2-hr
35,1985,51.630617325970825,ssp245,mpi-esm1-2-hr
36,1986,50.83240395913178,ssp245,mpi-esm1-2-hr
37,1987,51.03944493330236,ssp245,mpi-esm1-2-hr
38,1988,51.984429555665784,ssp245,mpi-esm1-2-hr
39,1989,51.74465992939707,ssp245,mpi-esm1-2-hr
40,1990,52.12048939541364,ssp245,mpi-esm1-2-hr
41,1991,51.30528434854253,ssp245,mpi-esm1-2-hr
42,1992,50.0137818276687,ssp245,mpi-esm1-2-hr
43,1993,51.2988548058225,ssp245,mpi-esm1-2-hr
44,1994,50.43061985375124,ssp245,mpi-esm1-2-hr
45,1995,50.28115632710441,ssp245,mpi-esm1-2-hr
46,1996,52.79291059684013,ssp245,mpi-esm1-2-hr
47,1997,52.49212394602559,ssp245,mpi-esm1-2-hr
48,1998,51.762065433823366,ssp245,mpi-esm1-2-hr
49,1999,50.587669769765725,ssp245,mpi-esm1-2-hr
50,2000,50.59504711724667,ssp245,mpi-esm1-2-hr
51,2001,50.654184833344885,ssp245,mpi-esm1-2-hr
52,2002,52.4651942030903,ssp245,mpi-esm1-2-hr
53,2003,52.64157745612523,ssp245,mpi-esm1-2-hr
54,2004,52.86478366318172,ssp245,mpi-esm1-2-hr
55,2005,52.589181640074784,ssp245,mpi-esm1-2-hr
56,2006,52.53584501013699,ssp245,mpi-esm1-2-hr
57,2007,53.026091795223856,ssp245,mpi-esm1-2-hr
58,2008,53.39416150850023,ssp245,mpi-esm1-2-hr
59,2009,52.51760690201145,ssp245,mpi-esm1-2-hr
60,2010,52.25633209180514,ssp245,mpi-esm1-2-hr
61,2011,50.94889319461554,ssp245,mpi-esm1-2-hr
62,2012,52.198914259941084,ssp245,mpi-esm1-2-hr
63,2013,51.677175717422664,ssp245,mpi-esm1-2-hr
64,2014,52.15469947463778,ssp245,mpi-esm1-2-hr
65,2015,53.53839823111612,ssp245,mpi-esm1-2-hr
66,2016,52.62096982476638,ssp245,mpi-esm1-2-hr
67,2017,53.66410297086872,ssp245,mpi-esm1-2-hr
68,2018,52.79758982695309,ssp245,mpi-esm1-2-hr
69,2019,54.238546190271656,ssp245,mpi-esm1-2-hr
70,2020,52.65700508841792,ssp245,mpi-esm1-2-hr
71,2021,54.47821916665523,ssp245,mpi-esm1-2-hr
72,2022,53.76052231307573,ssp245,mpi-esm1-2-hr
73,2023,54.611364559719405,ssp245,mpi-esm1-2-hr
74,2024,52.42840916911833,ssp245,mpi-esm1-2-hr
75,2025,53.159859708017706,ssp245,mpi-esm1-2-hr
76,2026,55.339943778316744,ssp245,mpi-esm1-2-hr
77,2027,55.67906359145258,ssp245,mpi-esm1-2-hr
78,2028,53.79211764841165,ssp245,mpi-esm1-2-hr
79,2029,52.819508158876545,ssp245,mpi-esm1-2-hr
80,2030,53.85435508584652,ssp245,mpi-esm1-2-hr
81,2031,52.97467669284716,ssp245,mpi-esm1-2-hr
82,2032,55.25479935613476,ssp245,mpi-esm1-2-hr
83,2033,55.46417291570785,ssp245,mpi-esm1-2-hr
84,2034,53.72239103108214,ssp245,mpi-esm1-2-hr
85,2035,54.06181698421533,ssp245,mpi-esm1-2-hr
86,2036,54.341619176598996,ssp245,mpi-esm1-2-hr
87,2037,52.48967038209921,ssp245,mpi-esm1-2-hr
88,2038,53.07621711727899,ssp245,mpi-esm1-2-hr
89,2039,53.631791947729816,ssp245,mpi-esm1-2-hr
90,2040,54.530742965355806,ssp245,mpi-esm1-2-hr
91,2041,52.79327036341774,ssp245,mpi-esm1-2-hr
92,2042,53.042413712689765,ssp245,mpi-esm1-2-hr
93,2043,54.76246007558301,ssp245,mpi-esm1-2-hr
94,2044,54.40511630338627,ssp245,mpi-esm1-2-hr
95,2045,54.61906703508339,ssp245,mpi-esm1-2-hr
96,2046,54.9374675700272,ssp245,mpi-esm1-2-hr
97,2047,52.53907552954398,ssp245,mpi-esm1-2-hr
98,2048,53.98009795756551,ssp245,mpi-esm1-2-hr
99,2049,55.86840469771262,ssp245,mpi-esm1-2-hr
100,2050,56.17268406309936,ssp245,mpi-esm1-2-hr
101,2051,54.03169092312021,ssp245,mpi-esm1-2-hr
102,2052,54.48238263881512,ssp245,mpi-esm1-2-hr
103,2053,55.664284463521135,ssp245,mpi-esm1-2-hr
104,2054,54.88145088705956,ssp245,mpi-esm1-2-hr
105,2055,53.2563542713558,ssp245,mpi-esm1-2-hr
106,2056,54.438422441751314,ssp245,mpi-esm1-2-hr
107,2057,55.166524574938215,ssp245,mpi-esm1-2-hr
108,2058,54.141206277246226,ssp245,mpi-esm1-2-hr
109,2059,55.071221331049344,ssp245,mpi-esm1-2-hr
110,2060,55.56438318301314,ssp245,mpi-esm1-2-hr
111,2061,55.39096566679322,ssp245,mpi-esm1-2-hr
112,2062,53.29990225480655,ssp245,mpi-esm1-2-hr
113,2063,54.20307092140002,ssp245,mpi-esm1-2-hr
114,2064,55.02663050674334,ssp245,mpi-esm1-2-hr
115,2065,54.63146212545352,ssp245,mpi-esm1-2-hr
116,2066,56.50242946626173,ssp245,mpi-esm1-2-hr
117,2067,56.579805549488,ssp245,mpi-esm1-2-hr
118,2068,57.17856862841247,ssp245,mpi-esm1-2-hr
119,2069,56.189151841943485,ssp245,mpi-esm1-2-hr
120,2070,54.73035123184966,ssp245,mpi-esm1-2-hr
121,2071,55.45117617653114,ssp245,mpi-esm1-2-hr
122,2072,55.53482360717773,ssp245,mpi-esm1-2-hr
123,2073,54.385397115183615,ssp245,mpi-esm1-2-hr
124,2074,55.4411021067637,ssp245,mpi-esm1-2-hr
125,2075,54.67876976990077,ssp245,mpi-esm1-2-hr
126,2076,55.418475488166266,ssp245,mpi-esm1-2-hr
127,2077,55.68852408020548,ssp245,mpi-esm1-2-hr
128,2078,56.0842041313714,ssp245,mpi-esm1-2-hr
129,2079,56.41910400321425,ssp245,mpi-esm1-2-hr
130,2080,55.04592165697367,ssp245,mpi-esm1-2-hr
131,2081,55.364466668627145,ssp245,mpi-esm1-2-hr
132,2082,55.12470560610594,ssp245,mpi-esm1-2-hr
133,2083,56.263383788901656,ssp245,mpi-esm1-2-hr
134,2084,56.56340174232239,ssp245,mpi-esm1-2-hr
135,2085,56.341598127994224,ssp245,mpi-esm1-2-hr
136,2086,56.61178495739939,ssp245,mpi-esm1-2-hr
137,2087,55.09913307244624,ssp245,mpi-esm1-2-hr
138,2088,56.14167249230083,ssp245,mpi-esm1-2-hr
139,2089,56.185494870637235,ssp245,mpi-esm1-2-hr
140,2090,55.712809694523536,ssp245,mpi-esm1-2-hr
141,2091,57.11759088037559,ssp245,mpi-esm1-2-hr
142,2092,57.32002525247845,ssp245,mpi-esm1-2-hr
143,2093,55.457338163254704,ssp245,mpi-esm1-2-hr
144,2094,54.48486474829479,ssp245,mpi-esm1-2-hr
145,2095,56.07848878907705,ssp245,mpi-esm1-2-hr
146,2096,56.72037299639455,ssp245,mpi-esm1-2-hr
147,2097,56.62181803621053,ssp245,mpi-esm1-2-hr
148,2098,57.73726780123129,ssp245,mpi-esm1-2-hr
149,2099,56.78651943665485,ssp245,mpi-esm1-2-hr
150,2100,56.2277431743501,ssp245,mpi-esm1-2-hr
