,year,growing_seas_length_days,scenario,model
0,1950,184.57920312749425,ssp126,ec-earth3
1,1951,175.67794620508224,ssp126,ec-earth3
2,1952,165.50048702751081,ssp126,ec-earth3
3,1953,178.25361255948334,ssp126,ec-earth3
4,1954,172.72499793361195,ssp126,ec-earth3
5,1955,178.48350714726752,ssp126,ec-earth3
6,1956,178.81074599709262,ssp126,ec-earth3
7,1957,177.96895152145404,ssp126,ec-earth3
8,1958,171.84150698803663,ssp126,ec-earth3
9,1959,182.54394453959412,ssp126,ec-earth3
10,1960,182.448426669929,ssp126,ec-earth3
11,1961,183.25068515166882,ssp126,ec-earth3
12,1962,172.67829607136105,ssp126,ec-earth3
13,1963,172.28802283888507,ssp126,ec-earth3
14,1964,167.5807639527201,ssp126,ec-earth3
15,1965,169.57317369492256,ssp126,ec-earth3
16,1966,183.27474177370925,ssp126,ec-earth3
17,1967,184.16121056170616,ssp126,ec-earth3
18,1968,168.144669678455,ssp126,ec-earth3
19,1969,157.99678919817768,ssp126,ec-earth3
20,1970,177.2248722726539,ssp126,ec-earth3
21,1971,173.88502423687163,ssp126,ec-earth3
22,1972,176.62621652640473,ssp126,ec-earth3
23,1973,178.16657083696427,ssp126,ec-earth3
24,1974,187.19143186652684,ssp126,ec-earth3
25,1975,183.4926461765743,ssp126,ec-earth3
26,1976,181.24022226474204,ssp126,ec-earth3
27,1977,179.75996756684296,ssp126,ec-earth3
28,1978,176.640353255805,ssp126,ec-earth3
29,1979,175.65502743721888,ssp126,ec-earth3
30,1980,172.48658843335878,ssp126,ec-earth3
31,1981,176.47444551317156,ssp126,ec-earth3
32,1982,168.52980814226325,ssp126,ec-earth3
33,1983,164.5022342847119,ssp126,ec-earth3
34,1984,175.96726506294272,ssp126,ec-earth3
35,1985,191.02848556803343,ssp126,ec-earth3
36,1986,169.77116854931126,ssp126,ec-earth3
37,1987,173.84147336158696,ssp126,ec-earth3
38,1988,181.86133543521262,ssp126,ec-earth3
39,1989,179.6106525525028,ssp126,ec-earth3
40,1990,184.91078428725442,ssp126,ec-earth3
41,1991,183.20822120638968,ssp126,ec-earth3
42,1992,178.14362999252444,ssp126,ec-earth3
43,1993,181.6572560211155,ssp126,ec-earth3
44,1994,180.1325288050614,ssp126,ec-earth3
45,1995,198.22143282751102,ssp126,ec-earth3
46,1996,187.48956735338598,ssp126,ec-earth3
47,1997,194.89075435506632,ssp126,ec-earth3
48,1998,189.47700460939333,ssp126,ec-earth3
49,1999,186.76885023582537,ssp126,ec-earth3
50,2000,187.61015793714364,ssp126,ec-earth3
51,2001,178.3410959405868,ssp126,ec-earth3
52,2002,196.76014102106527,ssp126,ec-earth3
53,2003,186.8161379699523,ssp126,ec-earth3
54,2004,188.9945994541978,ssp126,ec-earth3
55,2005,197.14392083626524,ssp126,ec-earth3
56,2006,188.08824965734067,ssp126,ec-earth3
57,2007,193.98928895270583,ssp126,ec-earth3
58,2008,197.40321796390919,ssp126,ec-earth3
59,2009,193.87401629847923,ssp126,ec-earth3
60,2010,193.14104958526337,ssp126,ec-earth3
61,2011,184.39528176660784,ssp126,ec-earth3
62,2012,191.23908875524805,ssp126,ec-earth3
63,2013,213.6125316385807,ssp126,ec-earth3
64,2014,207.0525765953482,ssp126,ec-earth3
65,2015,201.54269273759053,ssp126,ec-earth3
66,2016,202.53788236703258,ssp126,ec-earth3
67,2017,215.7533064839535,ssp126,ec-earth3
68,2018,196.3505690517538,ssp126,ec-earth3
69,2019,217.66779918952074,ssp126,ec-earth3
70,2020,209.29260823991558,ssp126,ec-earth3
71,2021,211.57593374141686,ssp126,ec-earth3
72,2022,209.7207199674933,ssp126,ec-earth3
73,2023,200.6296321095637,ssp126,ec-earth3
74,2024,215.47513997745412,ssp126,ec-earth3
75,2025,207.9040178996187,ssp126,ec-earth3
76,2026,211.08942955196883,ssp126,ec-earth3
77,2027,208.60174562188288,ssp126,ec-earth3
78,2028,209.73628755700713,ssp126,ec-earth3
79,2029,220.68647518056082,ssp126,ec-earth3
80,2030,218.7792232192921,ssp126,ec-earth3
81,2031,208.14666849522413,ssp126,ec-earth3
82,2032,205.40620134573373,ssp126,ec-earth3
83,2033,215.37333855588892,ssp126,ec-earth3
84,2034,221.5861723312666,ssp126,ec-earth3
85,2035,209.88220827922183,ssp126,ec-earth3
86,2036,205.2955510466379,ssp126,ec-earth3
87,2037,215.794040340807,ssp126,ec-earth3
88,2038,227.65164750285155,ssp126,ec-earth3
89,2039,218.98188769266574,ssp126,ec-earth3
90,2040,222.5741327937029,ssp126,ec-earth3
91,2041,217.45231709967751,ssp126,ec-earth3
92,2042,223.4001659581769,ssp126,ec-earth3
93,2043,224.86551521180718,ssp126,ec-earth3
94,2044,223.68039370615682,ssp126,ec-earth3
95,2045,219.15722954623783,ssp126,ec-earth3
96,2046,223.53596231281622,ssp126,ec-earth3
97,2047,218.05955328583266,ssp126,ec-earth3
98,2048,222.7263345945021,ssp126,ec-earth3
99,2049,217.81846479473006,ssp126,ec-earth3
100,2050,212.80587536333047,ssp126,ec-earth3
101,2051,230.67957635139587,ssp126,ec-earth3
102,2052,213.5845258126604,ssp126,ec-earth3
103,2053,211.35775464122577,ssp126,ec-earth3
104,2054,220.41741891608058,ssp126,ec-earth3
105,2055,210.28878854641945,ssp126,ec-earth3
106,2056,217.01189426888266,ssp126,ec-earth3
107,2057,222.65239996357687,ssp126,ec-earth3
108,2058,219.28221506649177,ssp126,ec-earth3
109,2059,212.52214218069983,ssp126,ec-earth3
110,2060,230.18759004478494,ssp126,ec-earth3
111,2061,212.51421927255436,ssp126,ec-earth3
112,2062,212.8245708032217,ssp126,ec-earth3
113,2063,208.92046215133922,ssp126,ec-earth3
114,2064,219.59540983195464,ssp126,ec-earth3
115,2065,205.45295742051235,ssp126,ec-earth3
116,2066,220.686157785986,ssp126,ec-earth3
117,2067,230.34060810175495,ssp126,ec-earth3
118,2068,220.0147302959306,ssp126,ec-earth3
119,2069,218.04474680813794,ssp126,ec-earth3
120,2070,227.51369594671723,ssp126,ec-earth3
121,2071,222.9219623263858,ssp126,ec-earth3
122,2072,232.8870252000232,ssp126,ec-earth3
123,2073,213.87864053821653,ssp126,ec-earth3
124,2074,226.32265452443238,ssp126,ec-earth3
125,2075,207.91097304682327,ssp126,ec-earth3
126,2076,226.30811400049996,ssp126,ec-earth3
127,2077,217.20668710351376,ssp126,ec-earth3
128,2078,215.13298909310402,ssp126,ec-earth3
129,2079,206.5588720369578,ssp126,ec-earth3
130,2080,221.79031126037776,ssp126,ec-earth3
131,2081,221.0239181286416,ssp126,ec-earth3
132,2082,217.97641956849432,ssp126,ec-earth3
133,2083,223.13984740726443,ssp126,ec-earth3
134,2084,223.16546544432498,ssp126,ec-earth3
135,2085,214.6502036971446,ssp126,ec-earth3
136,2086,211.6254773482825,ssp126,ec-earth3
137,2087,207.021824084968,ssp126,ec-earth3
138,2088,219.59517566630836,ssp126,ec-earth3
139,2089,203.40247516400458,ssp126,ec-earth3
140,2090,205.19336665577106,ssp126,ec-earth3
141,2091,217.1566062126139,ssp126,ec-earth3
142,2092,213.70173505419837,ssp126,ec-earth3
143,2093,216.90502204582575,ssp126,ec-earth3
144,2094,217.15093791404175,ssp126,ec-earth3
145,2095,211.82676423475195,ssp126,ec-earth3
146,2096,215.2504090508123,ssp126,ec-earth3
147,2097,211.1671877128412,ssp126,ec-earth3
148,2098,216.21037719417984,ssp126,ec-earth3
149,2099,228.9206802664804,ssp126,ec-earth3
150,2100,201.26122286435535,ssp126,ec-earth3
0,1950,179.00773180833096,ssp126,canesm5
1,1951,173.42995820443198,ssp126,canesm5
2,1952,167.02874207778612,ssp126,canesm5
3,1953,173.99169916524735,ssp126,canesm5
4,1954,176.36145275297952,ssp126,canesm5
5,1955,177.21723829825314,ssp126,canesm5
6,1956,172.41756949242665,ssp126,canesm5
7,1957,168.46889497287324,ssp126,canesm5
8,1958,180.50235827724683,ssp126,canesm5
9,1959,167.44641374531508,ssp126,canesm5
10,1960,175.11160978486762,ssp126,canesm5
11,1961,169.20365032302644,ssp126,canesm5
12,1962,185.27107588595777,ssp126,canesm5
13,1963,168.4270275905178,ssp126,canesm5
14,1964,165.68599424358663,ssp126,canesm5
15,1965,171.304373428056,ssp126,canesm5
16,1966,172.04723821439632,ssp126,canesm5
17,1967,171.9397481391228,ssp126,canesm5
18,1968,171.62264392277066,ssp126,canesm5
19,1969,174.13776859171097,ssp126,canesm5
20,1970,163.11829137211703,ssp126,canesm5
21,1971,167.186587654646,ssp126,canesm5
22,1972,171.1401611742097,ssp126,canesm5
23,1973,175.16073358917842,ssp126,canesm5
24,1974,172.07950291724308,ssp126,canesm5
25,1975,175.41313572286526,ssp126,canesm5
26,1976,174.13242925938587,ssp126,canesm5
27,1977,180.48656597713568,ssp126,canesm5
28,1978,172.92668964377526,ssp126,canesm5
29,1979,176.31997387206633,ssp126,canesm5
30,1980,165.12934232850847,ssp126,canesm5
31,1981,183.22571652750344,ssp126,canesm5
32,1982,176.61398687613058,ssp126,canesm5
33,1983,176.9420120575941,ssp126,canesm5
34,1984,180.83031859934465,ssp126,canesm5
35,1985,179.35957586318912,ssp126,canesm5
36,1986,176.7625471111178,ssp126,canesm5
37,1987,180.40435699878955,ssp126,canesm5
38,1988,174.5544054317235,ssp126,canesm5
39,1989,182.30625650304745,ssp126,canesm5
40,1990,177.19950085557633,ssp126,canesm5
41,1991,173.44155101519027,ssp126,canesm5
42,1992,175.83517078197866,ssp126,canesm5
43,1993,178.8425485732104,ssp126,canesm5
44,1994,187.57318842078482,ssp126,canesm5
45,1995,191.7500600206575,ssp126,canesm5
46,1996,180.54741155728416,ssp126,canesm5
47,1997,188.0796614203709,ssp126,canesm5
48,1998,190.50548528246003,ssp126,canesm5
49,1999,190.54977947929066,ssp126,canesm5
50,2000,189.31388226736735,ssp126,canesm5
51,2001,184.95726024579028,ssp126,canesm5
52,2002,189.77246422572858,ssp126,canesm5
53,2003,185.74249109535808,ssp126,canesm5
54,2004,190.68584382309206,ssp126,canesm5
55,2005,189.67604290545003,ssp126,canesm5
56,2006,191.73094448561542,ssp126,canesm5
57,2007,186.9204118588378,ssp126,canesm5
58,2008,187.48485117127794,ssp126,canesm5
59,2009,192.86977601705647,ssp126,canesm5
60,2010,201.6640373233351,ssp126,canesm5
61,2011,198.13866978005413,ssp126,canesm5
62,2012,196.69273586654057,ssp126,canesm5
63,2013,202.88992220913227,ssp126,canesm5
64,2014,201.94434580926097,ssp126,canesm5
65,2015,193.131644700928,ssp126,canesm5
66,2016,194.35342590453138,ssp126,canesm5
67,2017,200.68789309782622,ssp126,canesm5
68,2018,200.83481331656185,ssp126,canesm5
69,2019,201.13859095116047,ssp126,canesm5
70,2020,206.9970988159914,ssp126,canesm5
71,2021,211.66232634162253,ssp126,canesm5
72,2022,204.0888701064708,ssp126,canesm5
73,2023,201.84987738711348,ssp126,canesm5
74,2024,212.14357348929266,ssp126,canesm5
75,2025,204.14143599947442,ssp126,canesm5
76,2026,204.22298337950096,ssp126,canesm5
77,2027,202.23894968928812,ssp126,canesm5
78,2028,198.07386373581332,ssp126,canesm5
79,2029,203.80587416360683,ssp126,canesm5
80,2030,213.6982421089752,ssp126,canesm5
81,2031,210.13339993980452,ssp126,canesm5
82,2032,211.06959389941989,ssp126,canesm5
83,2033,207.41208478018132,ssp126,canesm5
84,2034,208.56634733780277,ssp126,canesm5
85,2035,211.26377814467503,ssp126,canesm5
86,2036,203.89641539470463,ssp126,canesm5
87,2037,207.0500350875641,ssp126,canesm5
88,2038,211.0605019736906,ssp126,canesm5
89,2039,214.63033670096667,ssp126,canesm5
90,2040,206.19804965779966,ssp126,canesm5
91,2041,205.98844886663903,ssp126,canesm5
92,2042,214.81609145424247,ssp126,canesm5
93,2043,215.42086049748227,ssp126,canesm5
94,2044,206.82630897880762,ssp126,canesm5
95,2045,218.7191965524768,ssp126,canesm5
96,2046,212.24200346504878,ssp126,canesm5
97,2047,226.15652211336774,ssp126,canesm5
98,2048,225.5297417772172,ssp126,canesm5
99,2049,230.2640710689163,ssp126,canesm5
100,2050,224.54888489604127,ssp126,canesm5
101,2051,221.18464676627283,ssp126,canesm5
102,2052,225.78358116346246,ssp126,canesm5
103,2053,219.93894428037925,ssp126,canesm5
104,2054,218.95584189509825,ssp126,canesm5
105,2055,223.41968281698303,ssp126,canesm5
106,2056,220.91983890928313,ssp126,canesm5
107,2057,224.04728993330198,ssp126,canesm5
108,2058,227.5701932632719,ssp126,canesm5
109,2059,227.98888619686323,ssp126,canesm5
110,2060,224.73913477264986,ssp126,canesm5
111,2061,218.58852106547732,ssp126,canesm5
112,2062,216.46875805947212,ssp126,canesm5
113,2063,225.79923632116396,ssp126,canesm5
114,2064,212.45032496131765,ssp126,canesm5
115,2065,215.3886663885953,ssp126,canesm5
116,2066,216.82209096890944,ssp126,canesm5
117,2067,222.378710650014,ssp126,canesm5
118,2068,224.5856833632295,ssp126,canesm5
119,2069,222.90366853731052,ssp126,canesm5
120,2070,224.72963441928005,ssp126,canesm5
121,2071,228.31211898927302,ssp126,canesm5
122,2072,230.80656986790797,ssp126,canesm5
123,2073,217.8963420598946,ssp126,canesm5
124,2074,226.60947873396725,ssp126,canesm5
125,2075,209.67442306917474,ssp126,canesm5
126,2076,221.91640432942464,ssp126,canesm5
127,2077,210.2323575001799,ssp126,canesm5
128,2078,220.69165328235462,ssp126,canesm5
129,2079,219.44100516233362,ssp126,canesm5
130,2080,227.66040157666788,ssp126,canesm5
131,2081,224.95058509251834,ssp126,canesm5
132,2082,222.48130346268871,ssp126,canesm5
133,2083,209.89385833110254,ssp126,canesm5
134,2084,214.19900357504454,ssp126,canesm5
135,2085,224.36001269676404,ssp126,canesm5
136,2086,219.63146207716233,ssp126,canesm5
137,2087,215.40470110036657,ssp126,canesm5
138,2088,218.36343408599436,ssp126,canesm5
139,2089,210.06910236413583,ssp126,canesm5
140,2090,225.04741139944025,ssp126,canesm5
141,2091,214.19187757139198,ssp126,canesm5
142,2092,215.8333718691633,ssp126,canesm5
143,2093,221.12540711662635,ssp126,canesm5
144,2094,214.90748322211678,ssp126,canesm5
145,2095,217.85247227648372,ssp126,canesm5
146,2096,220.12980468041937,ssp126,canesm5
147,2097,217.669477443874,ssp126,canesm5
148,2098,214.4310664022771,ssp126,canesm5
149,2099,211.74843696372125,ssp126,canesm5
150,2100,220.23786512470943,ssp126,canesm5
0,1950,181.9473148125978,ssp126,noresm2-mm
1,1951,181.01303028354945,ssp126,noresm2-mm
2,1952,177.57197152692382,ssp126,noresm2-mm
3,1953,168.6500789120595,ssp126,noresm2-mm
4,1954,178.26055358926493,ssp126,noresm2-mm
5,1955,182.20903524061728,ssp126,noresm2-mm
6,1956,175.4466430101087,ssp126,noresm2-mm
7,1957,168.26934363653302,ssp126,noresm2-mm
8,1958,171.463183486986,ssp126,noresm2-mm
9,1959,174.40401540852992,ssp126,noresm2-mm
10,1960,183.58742545170338,ssp126,noresm2-mm
11,1961,177.25049268056563,ssp126,noresm2-mm
12,1962,173.05008167111498,ssp126,noresm2-mm
13,1963,169.18811995812553,ssp126,noresm2-mm
14,1964,171.70423488039526,ssp126,noresm2-mm
15,1965,169.23766558185343,ssp126,noresm2-mm
16,1966,163.27499355248628,ssp126,noresm2-mm
17,1967,172.75217536790944,ssp126,noresm2-mm
18,1968,166.4225097276776,ssp126,noresm2-mm
19,1969,165.57137299804447,ssp126,noresm2-mm
20,1970,170.95778677310787,ssp126,noresm2-mm
21,1971,161.2602783810209,ssp126,noresm2-mm
22,1972,170.14343700655763,ssp126,noresm2-mm
23,1973,169.22827909846922,ssp126,noresm2-mm
24,1974,177.7428437547467,ssp126,noresm2-mm
25,1975,171.546271160073,ssp126,noresm2-mm
26,1976,172.86171246504705,ssp126,noresm2-mm
27,1977,177.24885281179638,ssp126,noresm2-mm
28,1978,173.4109621156849,ssp126,noresm2-mm
29,1979,179.8033504824832,ssp126,noresm2-mm
30,1980,180.36808344346483,ssp126,noresm2-mm
31,1981,169.37484431215927,ssp126,noresm2-mm
32,1982,173.316583826465,ssp126,noresm2-mm
33,1983,158.6620416953979,ssp126,noresm2-mm
34,1984,174.86159940542825,ssp126,noresm2-mm
35,1985,165.45616048041452,ssp126,noresm2-mm
36,1986,174.6393077143869,ssp126,noresm2-mm
37,1987,171.53587767594865,ssp126,noresm2-mm
38,1988,173.09097902651064,ssp126,noresm2-mm
39,1989,169.71129941432682,ssp126,noresm2-mm
40,1990,184.8334058530032,ssp126,noresm2-mm
41,1991,181.802221347309,ssp126,noresm2-mm
42,1992,181.54475241715429,ssp126,noresm2-mm
43,1993,175.63503924394436,ssp126,noresm2-mm
44,1994,187.63597753734018,ssp126,noresm2-mm
45,1995,176.88279867009734,ssp126,noresm2-mm
46,1996,181.7177429874991,ssp126,noresm2-mm
47,1997,176.19188258323183,ssp126,noresm2-mm
48,1998,178.78477347611525,ssp126,noresm2-mm
49,1999,165.32934266980513,ssp126,noresm2-mm
50,2000,176.71795868282922,ssp126,noresm2-mm
51,2001,184.07064738547695,ssp126,noresm2-mm
52,2002,183.91884157588527,ssp126,noresm2-mm
53,2003,180.6041886341632,ssp126,noresm2-mm
54,2004,188.14096876932035,ssp126,noresm2-mm
55,2005,191.19148868814437,ssp126,noresm2-mm
56,2006,188.19060204598182,ssp126,noresm2-mm
57,2007,194.74898043235515,ssp126,noresm2-mm
58,2008,180.44562898386042,ssp126,noresm2-mm
59,2009,177.82417567060835,ssp126,noresm2-mm
60,2010,175.93582265861318,ssp126,noresm2-mm
61,2011,183.3086691270784,ssp126,noresm2-mm
62,2012,183.96299816539317,ssp126,noresm2-mm
63,2013,187.48768371401428,ssp126,noresm2-mm
64,2014,183.35292379781032,ssp126,noresm2-mm
65,2015,194.05136864773414,ssp126,noresm2-mm
66,2016,184.2423906499687,ssp126,noresm2-mm
67,2017,192.14583186166365,ssp126,noresm2-mm
68,2018,193.93041567763913,ssp126,noresm2-mm
69,2019,185.24808528886493,ssp126,noresm2-mm
70,2020,186.6169668498387,ssp126,noresm2-mm
71,2021,185.84020028631744,ssp126,noresm2-mm
72,2022,183.89884896521917,ssp126,noresm2-mm
73,2023,200.42087971972992,ssp126,noresm2-mm
74,2024,182.7126445520316,ssp126,noresm2-mm
75,2025,192.03310336043398,ssp126,noresm2-mm
76,2026,190.65858836536327,ssp126,noresm2-mm
77,2027,188.78226483287662,ssp126,noresm2-mm
78,2028,194.4776418878052,ssp126,noresm2-mm
79,2029,191.06638874498665,ssp126,noresm2-mm
80,2030,184.07611689392445,ssp126,noresm2-mm
81,2031,200.99529255438796,ssp126,noresm2-mm
82,2032,188.98366605985314,ssp126,noresm2-mm
83,2033,186.97574937224076,ssp126,noresm2-mm
84,2034,184.9366454068551,ssp126,noresm2-mm
85,2035,185.58147059091954,ssp126,noresm2-mm
86,2036,188.19373893716417,ssp126,noresm2-mm
87,2037,205.08243970790784,ssp126,noresm2-mm
88,2038,195.8357101075851,ssp126,noresm2-mm
89,2039,190.695126053573,ssp126,noresm2-mm
90,2040,185.32704528301505,ssp126,noresm2-mm
91,2041,197.37128184754135,ssp126,noresm2-mm
92,2042,200.52982751284563,ssp126,noresm2-mm
93,2043,205.27590521121164,ssp126,noresm2-mm
94,2044,197.84888151474593,ssp126,noresm2-mm
95,2045,188.88441435417383,ssp126,noresm2-mm
96,2046,201.45248161885388,ssp126,noresm2-mm
97,2047,186.78186219118987,ssp126,noresm2-mm
98,2048,190.50740142292173,ssp126,noresm2-mm
99,2049,197.67392661248908,ssp126,noresm2-mm
100,2050,192.82528372419424,ssp126,noresm2-mm
101,2051,211.14142602879085,ssp126,noresm2-mm
102,2052,191.5959371436229,ssp126,noresm2-mm
103,2053,194.3358702855296,ssp126,noresm2-mm
104,2054,197.27945202794163,ssp126,noresm2-mm
105,2055,192.74285058840087,ssp126,noresm2-mm
106,2056,188.6330021473516,ssp126,noresm2-mm
107,2057,193.73854586061694,ssp126,noresm2-mm
108,2058,200.1152666338921,ssp126,noresm2-mm
109,2059,197.50084963261472,ssp126,noresm2-mm
110,2060,196.04740484471137,ssp126,noresm2-mm
111,2061,207.28692116357934,ssp126,noresm2-mm
112,2062,200.15850681662496,ssp126,noresm2-mm
113,2063,208.61304150231302,ssp126,noresm2-mm
114,2064,202.87791891864762,ssp126,noresm2-mm
115,2065,196.66419334121855,ssp126,noresm2-mm
116,2066,199.2091821551998,ssp126,noresm2-mm
117,2067,209.08050182343308,ssp126,noresm2-mm
118,2068,199.21667463776308,ssp126,noresm2-mm
119,2069,195.23087122121697,ssp126,noresm2-mm
120,2070,213.68822546143983,ssp126,noresm2-mm
121,2071,202.04193192796834,ssp126,noresm2-mm
122,2072,196.74202577537045,ssp126,noresm2-mm
123,2073,200.0703549236,ssp126,noresm2-mm
124,2074,202.0549734155058,ssp126,noresm2-mm
125,2075,196.6959921598308,ssp126,noresm2-mm
126,2076,187.74622259665836,ssp126,noresm2-mm
127,2077,193.5226599865435,ssp126,noresm2-mm
128,2078,197.53658342035317,ssp126,noresm2-mm
129,2079,193.37468726520507,ssp126,noresm2-mm
130,2080,186.22798255583726,ssp126,noresm2-mm
131,2081,198.19305139182106,ssp126,noresm2-mm
132,2082,202.19077816834422,ssp126,noresm2-mm
133,2083,200.77306082414265,ssp126,noresm2-mm
134,2084,195.85091185017546,ssp126,noresm2-mm
135,2085,194.59265222733316,ssp126,noresm2-mm
136,2086,195.05326886178796,ssp126,noresm2-mm
137,2087,189.20143647485233,ssp126,noresm2-mm
138,2088,202.45500601250936,ssp126,noresm2-mm
139,2089,198.22714899897474,ssp126,noresm2-mm
140,2090,199.9580815931848,ssp126,noresm2-mm
141,2091,195.3817567938155,ssp126,noresm2-mm
142,2092,205.41810860637185,ssp126,noresm2-mm
143,2093,194.47467826258406,ssp126,noresm2-mm
144,2094,208.21391395079254,ssp126,noresm2-mm
145,2095,202.94217314883954,ssp126,noresm2-mm
146,2096,197.6623613047566,ssp126,noresm2-mm
147,2097,199.51991601076506,ssp126,noresm2-mm
148,2098,189.39489581105192,ssp126,noresm2-mm
149,2099,194.75437995507426,ssp126,noresm2-mm
150,2100,200.2949003003895,ssp126,noresm2-mm
0,1950,172.34691135663306,ssp126,gfdl-esm4
1,1951,166.476178907596,ssp126,gfdl-esm4
2,1952,166.26452013008205,ssp126,gfdl-esm4
3,1953,170.72360426096122,ssp126,gfdl-esm4
4,1954,174.97427021504927,ssp126,gfdl-esm4
5,1955,177.22288853740295,ssp126,gfdl-esm4
6,1956,170.36060450427283,ssp126,gfdl-esm4
7,1957,175.21728321883884,ssp126,gfdl-esm4
8,1958,169.61894557578867,ssp126,gfdl-esm4
9,1959,172.7330310208983,ssp126,gfdl-esm4
10,1960,177.95481036292236,ssp126,gfdl-esm4
11,1961,170.3871534229514,ssp126,gfdl-esm4
12,1962,166.99423284197326,ssp126,gfdl-esm4
13,1963,172.30605738738785,ssp126,gfdl-esm4
14,1964,166.8093202423258,ssp126,gfdl-esm4
15,1965,167.06070387412953,ssp126,gfdl-esm4
16,1966,165.22939441333324,ssp126,gfdl-esm4
17,1967,170.1907202425598,ssp126,gfdl-esm4
18,1968,167.01350146024964,ssp126,gfdl-esm4
19,1969,167.553775653092,ssp126,gfdl-esm4
20,1970,167.13904741937566,ssp126,gfdl-esm4
21,1971,167.64436804262812,ssp126,gfdl-esm4
22,1972,166.4389133856581,ssp126,gfdl-esm4
23,1973,164.82837086939082,ssp126,gfdl-esm4
24,1974,174.77474310120908,ssp126,gfdl-esm4
25,1975,165.46884944043333,ssp126,gfdl-esm4
26,1976,168.75898714521895,ssp126,gfdl-esm4
27,1977,168.21224148778117,ssp126,gfdl-esm4
28,1978,174.27103943064722,ssp126,gfdl-esm4
29,1979,177.4216847011702,ssp126,gfdl-esm4
30,1980,171.17225453469572,ssp126,gfdl-esm4
31,1981,164.93593833807566,ssp126,gfdl-esm4
32,1982,175.6064896473704,ssp126,gfdl-esm4
33,1983,157.0533513707031,ssp126,gfdl-esm4
34,1984,167.98756454091063,ssp126,gfdl-esm4
35,1985,170.19840150390607,ssp126,gfdl-esm4
36,1986,164.34194248924314,ssp126,gfdl-esm4
37,1987,175.3860623036886,ssp126,gfdl-esm4
38,1988,166.2910793326296,ssp126,gfdl-esm4
39,1989,178.57206815326694,ssp126,gfdl-esm4
40,1990,173.76157862630865,ssp126,gfdl-esm4
41,1991,181.14371749522314,ssp126,gfdl-esm4
42,1992,172.12718736211428,ssp126,gfdl-esm4
43,1993,169.63902777832485,ssp126,gfdl-esm4
44,1994,171.55195903234278,ssp126,gfdl-esm4
45,1995,165.990936301605,ssp126,gfdl-esm4
46,1996,179.7426043873003,ssp126,gfdl-esm4
47,1997,172.83467172217135,ssp126,gfdl-esm4
48,1998,178.21726472726536,ssp126,gfdl-esm4
49,1999,172.277181156768,ssp126,gfdl-esm4
50,2000,170.62599547031442,ssp126,gfdl-esm4
51,2001,182.68416799718855,ssp126,gfdl-esm4
52,2002,176.9413893544531,ssp126,gfdl-esm4
53,2003,174.17580364579143,ssp126,gfdl-esm4
54,2004,176.82288554548575,ssp126,gfdl-esm4
55,2005,175.2820122635072,ssp126,gfdl-esm4
56,2006,177.29784037588672,ssp126,gfdl-esm4
57,2007,176.15091284534216,ssp126,gfdl-esm4
58,2008,173.54514582199815,ssp126,gfdl-esm4
59,2009,174.77017186885908,ssp126,gfdl-esm4
60,2010,174.1126708856916,ssp126,gfdl-esm4
61,2011,178.84827352761636,ssp126,gfdl-esm4
62,2012,179.70109549347742,ssp126,gfdl-esm4
63,2013,181.0195887708609,ssp126,gfdl-esm4
64,2014,181.66458030433955,ssp126,gfdl-esm4
65,2015,180.56341068304332,ssp126,gfdl-esm4
66,2016,182.29002259168408,ssp126,gfdl-esm4
67,2017,182.34274611517816,ssp126,gfdl-esm4
68,2018,179.19553100484282,ssp126,gfdl-esm4
69,2019,181.3921384630601,ssp126,gfdl-esm4
70,2020,178.54957234635287,ssp126,gfdl-esm4
71,2021,180.32430491366998,ssp126,gfdl-esm4
72,2022,183.6112240506026,ssp126,gfdl-esm4
73,2023,183.9083864336426,ssp126,gfdl-esm4
74,2024,188.12781485664598,ssp126,gfdl-esm4
75,2025,189.91821753802785,ssp126,gfdl-esm4
76,2026,185.75257953322532,ssp126,gfdl-esm4
77,2027,178.96175608868967,ssp126,gfdl-esm4
78,2028,186.56775744600145,ssp126,gfdl-esm4
79,2029,187.6911371586214,ssp126,gfdl-esm4
80,2030,187.2355526296599,ssp126,gfdl-esm4
81,2031,178.93445849481031,ssp126,gfdl-esm4
82,2032,188.07077680823417,ssp126,gfdl-esm4
83,2033,181.5432553124945,ssp126,gfdl-esm4
84,2034,184.46245288112812,ssp126,gfdl-esm4
85,2035,187.80012493507724,ssp126,gfdl-esm4
86,2036,185.71638292753025,ssp126,gfdl-esm4
87,2037,187.39657559828956,ssp126,gfdl-esm4
88,2038,190.49431095172835,ssp126,gfdl-esm4
89,2039,186.4133728486861,ssp126,gfdl-esm4
90,2040,181.92769783992034,ssp126,gfdl-esm4
91,2041,190.46445866930512,ssp126,gfdl-esm4
92,2042,193.7323033034814,ssp126,gfdl-esm4
93,2043,187.25251091274384,ssp126,gfdl-esm4
94,2044,185.01776432504107,ssp126,gfdl-esm4
95,2045,185.35301195566691,ssp126,gfdl-esm4
96,2046,188.10034336623443,ssp126,gfdl-esm4
97,2047,184.96237898182872,ssp126,gfdl-esm4
98,2048,186.20649441041726,ssp126,gfdl-esm4
99,2049,185.58164655208,ssp126,gfdl-esm4
100,2050,189.1814125847068,ssp126,gfdl-esm4
101,2051,185.1195706817665,ssp126,gfdl-esm4
102,2052,190.96550811891228,ssp126,gfdl-esm4
103,2053,188.70423590453854,ssp126,gfdl-esm4
104,2054,185.46475631686215,ssp126,gfdl-esm4
105,2055,192.8157767743345,ssp126,gfdl-esm4
106,2056,183.87280650369937,ssp126,gfdl-esm4
107,2057,184.22730544417274,ssp126,gfdl-esm4
108,2058,188.6212844934831,ssp126,gfdl-esm4
109,2059,189.1113870646181,ssp126,gfdl-esm4
110,2060,183.93058919159225,ssp126,gfdl-esm4
111,2061,184.1081662957108,ssp126,gfdl-esm4
112,2062,194.4425255122057,ssp126,gfdl-esm4
113,2063,184.58534985569432,ssp126,gfdl-esm4
114,2064,186.1415837993502,ssp126,gfdl-esm4
115,2065,188.80238377080724,ssp126,gfdl-esm4
116,2066,192.03897159036862,ssp126,gfdl-esm4
117,2067,181.02175770487415,ssp126,gfdl-esm4
118,2068,190.11185357162634,ssp126,gfdl-esm4
119,2069,187.573256114957,ssp126,gfdl-esm4
120,2070,201.72476885590666,ssp126,gfdl-esm4
121,2071,181.993236179012,ssp126,gfdl-esm4
122,2072,189.3926394095586,ssp126,gfdl-esm4
123,2073,177.6982318857022,ssp126,gfdl-esm4
124,2074,195.03509104936578,ssp126,gfdl-esm4
125,2075,185.47525595913197,ssp126,gfdl-esm4
126,2076,183.15360059564384,ssp126,gfdl-esm4
127,2077,188.84526420470945,ssp126,gfdl-esm4
128,2078,187.19020483250384,ssp126,gfdl-esm4
129,2079,182.64579814353218,ssp126,gfdl-esm4
130,2080,195.06104330017575,ssp126,gfdl-esm4
131,2081,191.51408011453958,ssp126,gfdl-esm4
132,2082,190.12361577699713,ssp126,gfdl-esm4
133,2083,191.50299134410457,ssp126,gfdl-esm4
134,2084,190.22817109084906,ssp126,gfdl-esm4
135,2085,186.60193271355382,ssp126,gfdl-esm4
136,2086,196.39978191421963,ssp126,gfdl-esm4
137,2087,184.78332055395546,ssp126,gfdl-esm4
138,2088,186.53493110282488,ssp126,gfdl-esm4
139,2089,188.06406289542704,ssp126,gfdl-esm4
140,2090,192.28776997946133,ssp126,gfdl-esm4
141,2091,188.4935159011193,ssp126,gfdl-esm4
142,2092,181.5002866277314,ssp126,gfdl-esm4
143,2093,185.89153860234944,ssp126,gfdl-esm4
144,2094,188.3346577726664,ssp126,gfdl-esm4
145,2095,181.74097906307085,ssp126,gfdl-esm4
146,2096,189.96484337106494,ssp126,gfdl-esm4
147,2097,186.02613268963552,ssp126,gfdl-esm4
148,2098,181.32978574424533,ssp126,gfdl-esm4
149,2099,182.71856817809953,ssp126,gfdl-esm4
150,2100,182.18504038762524,ssp126,gfdl-esm4
0,1950,,hist,nclimgrid
1,1951,167.3261221115315,hist,nclimgrid
2,1952,171.26949655794314,hist,nclimgrid
3,1953,172.34832383231955,hist,nclimgrid
4,1954,169.9010535816361,hist,nclimgrid
5,1955,169.82153563805832,hist,nclimgrid
6,1956,169.30479251530303,hist,nclimgrid
7,1957,174.75457306243874,hist,nclimgrid
8,1958,178.26790043181938,hist,nclimgrid
9,1959,170.45769194031178,hist,nclimgrid
10,1960,171.5107625885151,hist,nclimgrid
11,1961,171.38896315832153,hist,nclimgrid
12,1962,172.47743088534492,hist,nclimgrid
13,1963,183.2575218567039,hist,nclimgrid
14,1964,167.84853385961313,hist,nclimgrid
15,1965,167.43516441495632,hist,nclimgrid
16,1966,165.40681850159862,hist,nclimgrid
17,1967,173.9311849069852,hist,nclimgrid
18,1968,168.96272142237265,hist,nclimgrid
19,1969,172.93307661403074,hist,nclimgrid
20,1970,170.76115146482218,hist,nclimgrid
21,1971,169.39172587586336,hist,nclimgrid
22,1972,175.0180966836294,hist,nclimgrid
23,1973,173.5638809035229,hist,nclimgrid
24,1974,168.00684894131663,hist,nclimgrid
25,1975,173.28504234322162,hist,nclimgrid
26,1976,168.52731969610718,hist,nclimgrid
27,1977,181.6769634259096,hist,nclimgrid
28,1978,180.07393980849724,hist,nclimgrid
29,1979,177.06930536468465,hist,nclimgrid
30,1980,176.67772496066016,hist,nclimgrid
31,1981,179.95994778576232,hist,nclimgrid
32,1982,175.3498446060397,hist,nclimgrid
33,1983,174.71268121154017,hist,nclimgrid
34,1984,177.74670310408342,hist,nclimgrid
35,1985,181.4163275089812,hist,nclimgrid
36,1986,180.1569034196599,hist,nclimgrid
37,1987,180.3412662848105,hist,nclimgrid
38,1988,180.3971163587226,hist,nclimgrid
39,1989,170.4731307948274,hist,nclimgrid
40,1990,184.04670002044713,hist,nclimgrid
41,1991,180.34296504341248,hist,nclimgrid
42,1992,178.75955547698578,hist,nclimgrid
43,1993,174.73450952085514,hist,nclimgrid
44,1994,188.08907390242663,hist,nclimgrid
45,1995,178.3207404480104,hist,nclimgrid
46,1996,174.88562693318173,hist,nclimgrid
47,1997,182.02736851217762,hist,nclimgrid
48,1998,194.13044584316154,hist,nclimgrid
49,1999,179.21514144858844,hist,nclimgrid
50,2000,178.81097716908107,hist,nclimgrid
51,2001,183.21136625703843,hist,nclimgrid
52,2002,176.6818215849114,hist,nclimgrid
53,2003,182.68906846294016,hist,nclimgrid
54,2004,189.4541806093707,hist,nclimgrid
55,2005,187.8150239418126,hist,nclimgrid
56,2006,180.1272500726138,hist,nclimgrid
57,2007,185.13376946668495,hist,nclimgrid
58,2008,178.45961488573408,hist,nclimgrid
59,2009,182.3056317114392,hist,nclimgrid
60,2010,185.64456085596402,hist,nclimgrid
61,2011,183.96308643368462,hist,nclimgrid
62,2012,188.7525282476911,hist,nclimgrid
63,2013,179.38331703276643,hist,nclimgrid
64,2014,182.89456324702223,hist,nclimgrid
65,2015,195.31745872603537,hist,nclimgrid
66,2016,197.00194219203127,hist,nclimgrid
67,2017,192.0364584203676,hist,nclimgrid
68,2018,187.1227056444255,hist,nclimgrid
69,2019,182.26281184752972,hist,nclimgrid
70,2020,,hist,nclimgrid
71,2021,,hist,nclimgrid
72,2022,,hist,nclimgrid
73,2023,,hist,nclimgrid
74,2024,,hist,nclimgrid
75,2025,,hist,nclimgrid
76,2026,,hist,nclimgrid
77,2027,,hist,nclimgrid
78,2028,,hist,nclimgrid
79,2029,,hist,nclimgrid
80,2030,,hist,nclimgrid
81,2031,,hist,nclimgrid
82,2032,,hist,nclimgrid
83,2033,,hist,nclimgrid
84,2034,,hist,nclimgrid
85,2035,,hist,nclimgrid
86,2036,,hist,nclimgrid
87,2037,,hist,nclimgrid
88,2038,,hist,nclimgrid
89,2039,,hist,nclimgrid
90,2040,,hist,nclimgrid
91,2041,,hist,nclimgrid
92,2042,,hist,nclimgrid
93,2043,,hist,nclimgrid
94,2044,,hist,nclimgrid
95,2045,,hist,nclimgrid
96,2046,,hist,nclimgrid
97,2047,,hist,nclimgrid
98,2048,,hist,nclimgrid
99,2049,,hist,nclimgrid
100,2050,,hist,nclimgrid
101,2051,,hist,nclimgrid
102,2052,,hist,nclimgrid
103,2053,,hist,nclimgrid
104,2054,,hist,nclimgrid
105,2055,,hist,nclimgrid
106,2056,,hist,nclimgrid
107,2057,,hist,nclimgrid
108,2058,,hist,nclimgrid
109,2059,,hist,nclimgrid
110,2060,,hist,nclimgrid
111,2061,,hist,nclimgrid
112,2062,,hist,nclimgrid
113,2063,,hist,nclimgrid
114,2064,,hist,nclimgrid
115,2065,,hist,nclimgrid
116,2066,,hist,nclimgrid
117,2067,,hist,nclimgrid
118,2068,,hist,nclimgrid
119,2069,,hist,nclimgrid
120,2070,,hist,nclimgrid
121,2071,,hist,nclimgrid
122,2072,,hist,nclimgrid
123,2073,,hist,nclimgrid
124,2074,,hist,nclimgrid
125,2075,,hist,nclimgrid
126,2076,,hist,nclimgrid
127,2077,,hist,nclimgrid
128,2078,,hist,nclimgrid
129,2079,,hist,nclimgrid
130,2080,,hist,nclimgrid
131,2081,,hist,nclimgrid
132,2082,,hist,nclimgrid
133,2083,,hist,nclimgrid
134,2084,,hist,nclimgrid
135,2085,,hist,nclimgrid
136,2086,,hist,nclimgrid
137,2087,,hist,nclimgrid
138,2088,,hist,nclimgrid
139,2089,,hist,nclimgrid
140,2090,,hist,nclimgrid
141,2091,,hist,nclimgrid
142,2092,,hist,nclimgrid
143,2093,,hist,nclimgrid
144,2094,,hist,nclimgrid
145,2095,,hist,nclimgrid
146,2096,,hist,nclimgrid
147,2097,,hist,nclimgrid
148,2098,,hist,nclimgrid
149,2099,,hist,nclimgrid
150,2100,,hist,nclimgrid
0,1950,175.16777118931907,ssp126,access-cm2
1,1951,168.93996467019565,ssp126,access-cm2
2,1952,171.79682317134052,ssp126,access-cm2
3,1953,171.27537314784794,ssp126,access-cm2
4,1954,167.76342634440147,ssp126,access-cm2
5,1955,175.6384795901894,ssp126,access-cm2
6,1956,179.67949113935262,ssp126,access-cm2
7,1957,175.97713454206044,ssp126,access-cm2
8,1958,167.67331537907685,ssp126,access-cm2
9,1959,174.24903831326742,ssp126,access-cm2
10,1960,168.09419354452857,ssp126,access-cm2
11,1961,171.1137303316663,ssp126,access-cm2
12,1962,174.54927771604696,ssp126,access-cm2
13,1963,174.02999625676756,ssp126,access-cm2
14,1964,169.8891402862244,ssp126,access-cm2
15,1965,168.23826990858544,ssp126,access-cm2
16,1966,172.66043037037355,ssp126,access-cm2
17,1967,169.14527707601027,ssp126,access-cm2
18,1968,174.56262207684549,ssp126,access-cm2
19,1969,165.13314235641997,ssp126,access-cm2
20,1970,157.73454311130237,ssp126,access-cm2
21,1971,166.3535367903335,ssp126,access-cm2
22,1972,170.95271705847262,ssp126,access-cm2
23,1973,162.00584356674753,ssp126,access-cm2
24,1974,160.03924499448684,ssp126,access-cm2
25,1975,168.7902229499196,ssp126,access-cm2
26,1976,176.22683083500044,ssp126,access-cm2
27,1977,169.70433435473362,ssp126,access-cm2
28,1978,174.19868246137779,ssp126,access-cm2
29,1979,179.02071758070795,ssp126,access-cm2
30,1980,172.67124823878996,ssp126,access-cm2
31,1981,166.3270736482515,ssp126,access-cm2
32,1982,175.78547510735788,ssp126,access-cm2
33,1983,171.70368170210048,ssp126,access-cm2
34,1984,178.61673043538005,ssp126,access-cm2
35,1985,171.56176964252225,ssp126,access-cm2
36,1986,167.85031403138439,ssp126,access-cm2
37,1987,178.37328810475037,ssp126,access-cm2
38,1988,179.56032125953288,ssp126,access-cm2
39,1989,171.3545029001553,ssp126,access-cm2
40,1990,168.59484632813982,ssp126,access-cm2
41,1991,168.59769932289734,ssp126,access-cm2
42,1992,167.8299414965423,ssp126,access-cm2
43,1993,175.64342590589743,ssp126,access-cm2
44,1994,171.42548304725477,ssp126,access-cm2
45,1995,172.0768950770715,ssp126,access-cm2
46,1996,177.4105707708775,ssp126,access-cm2
47,1997,177.41753538691103,ssp126,access-cm2
48,1998,177.37395277090005,ssp126,access-cm2
49,1999,176.81231532856802,ssp126,access-cm2
50,2000,179.29988134950608,ssp126,access-cm2
51,2001,177.05555071102228,ssp126,access-cm2
52,2002,181.28646198224266,ssp126,access-cm2
53,2003,186.98631490654392,ssp126,access-cm2
54,2004,182.16683077913663,ssp126,access-cm2
55,2005,181.26413398972414,ssp126,access-cm2
56,2006,181.1062114972062,ssp126,access-cm2
57,2007,178.33622126504076,ssp126,access-cm2
58,2008,172.10288461869186,ssp126,access-cm2
59,2009,170.2925401166813,ssp126,access-cm2
60,2010,180.1731343487597,ssp126,access-cm2
61,2011,179.82635500113412,ssp126,access-cm2
62,2012,178.03071273563614,ssp126,access-cm2
63,2013,182.5815927996417,ssp126,access-cm2
64,2014,187.67464572153227,ssp126,access-cm2
65,2015,188.31351658815547,ssp126,access-cm2
66,2016,185.6217081757476,ssp126,access-cm2
67,2017,179.0092999016312,ssp126,access-cm2
68,2018,190.16935114581034,ssp126,access-cm2
69,2019,177.69715032336455,ssp126,access-cm2
70,2020,180.71047232366266,ssp126,access-cm2
71,2021,182.77075636044137,ssp126,access-cm2
72,2022,193.36970261852463,ssp126,access-cm2
73,2023,195.42539784815992,ssp126,access-cm2
74,2024,184.6971808681008,ssp126,access-cm2
75,2025,189.6349872592581,ssp126,access-cm2
76,2026,186.7888342400636,ssp126,access-cm2
77,2027,184.41378445146202,ssp126,access-cm2
78,2028,185.94133586225297,ssp126,access-cm2
79,2029,200.3117651127381,ssp126,access-cm2
80,2030,185.91329090282218,ssp126,access-cm2
81,2031,190.67723160378253,ssp126,access-cm2
82,2032,195.01502035256476,ssp126,access-cm2
83,2033,192.27499956443387,ssp126,access-cm2
84,2034,182.12118296068041,ssp126,access-cm2
85,2035,201.87697578883038,ssp126,access-cm2
86,2036,200.6399124681826,ssp126,access-cm2
87,2037,201.07858578667043,ssp126,access-cm2
88,2038,191.69945108397783,ssp126,access-cm2
89,2039,188.65468026367088,ssp126,access-cm2
90,2040,197.44035692046103,ssp126,access-cm2
91,2041,193.65564422130547,ssp126,access-cm2
92,2042,204.48367885630438,ssp126,access-cm2
93,2043,194.7333621224415,ssp126,access-cm2
94,2044,191.23361149366582,ssp126,access-cm2
95,2045,196.26186835163475,ssp126,access-cm2
96,2046,202.73088202457618,ssp126,access-cm2
97,2047,198.00932608875857,ssp126,access-cm2
98,2048,205.0738165418491,ssp126,access-cm2
99,2049,202.7230072419962,ssp126,access-cm2
100,2050,198.86946938574695,ssp126,access-cm2
101,2051,206.9930727160691,ssp126,access-cm2
102,2052,207.41979643383638,ssp126,access-cm2
103,2053,206.00203399572496,ssp126,access-cm2
104,2054,195.72828610375925,ssp126,access-cm2
105,2055,198.40843309177163,ssp126,access-cm2
106,2056,191.4238025413457,ssp126,access-cm2
107,2057,201.4554097332287,ssp126,access-cm2
108,2058,193.97143523129017,ssp126,access-cm2
109,2059,197.49639717943182,ssp126,access-cm2
110,2060,202.95336401371668,ssp126,access-cm2
111,2061,208.19780573727374,ssp126,access-cm2
112,2062,199.63624001632977,ssp126,access-cm2
113,2063,203.9732345923152,ssp126,access-cm2
114,2064,199.37295050582884,ssp126,access-cm2
115,2065,202.40516456185418,ssp126,access-cm2
116,2066,199.78158984712607,ssp126,access-cm2
117,2067,206.68592226030225,ssp126,access-cm2
118,2068,199.62532755784554,ssp126,access-cm2
119,2069,209.95773013019448,ssp126,access-cm2
120,2070,191.78965959492982,ssp126,access-cm2
121,2071,190.19265813584724,ssp126,access-cm2
122,2072,201.18535191720852,ssp126,access-cm2
123,2073,202.11386313998773,ssp126,access-cm2
124,2074,207.72248927258013,ssp126,access-cm2
125,2075,195.47423843778373,ssp126,access-cm2
126,2076,203.88809729406515,ssp126,access-cm2
127,2077,209.53534836024093,ssp126,access-cm2
128,2078,198.69068690931232,ssp126,access-cm2
129,2079,209.12440207156638,ssp126,access-cm2
130,2080,204.46321765399856,ssp126,access-cm2
131,2081,205.39256758592714,ssp126,access-cm2
132,2082,198.9966219395034,ssp126,access-cm2
133,2083,195.8843118782139,ssp126,access-cm2
134,2084,185.30451301959747,ssp126,access-cm2
135,2085,208.13999247178714,ssp126,access-cm2
136,2086,204.75810051586953,ssp126,access-cm2
137,2087,195.91634810942264,ssp126,access-cm2
138,2088,202.49419366113963,ssp126,access-cm2
139,2089,203.95359291972082,ssp126,access-cm2
140,2090,200.88828107869494,ssp126,access-cm2
141,2091,197.06014711929086,ssp126,access-cm2
142,2092,210.53096506749503,ssp126,access-cm2
143,2093,203.95489525268943,ssp126,access-cm2
144,2094,205.74654567978087,ssp126,access-cm2
145,2095,204.756310780004,ssp126,access-cm2
146,2096,198.37266013819897,ssp126,access-cm2
147,2097,204.44769610489777,ssp126,access-cm2
148,2098,207.4397873861849,ssp126,access-cm2
149,2099,200.08453766423784,ssp126,access-cm2
150,2100,208.14483109666514,ssp126,access-cm2
0,1950,171.94932163548086,ssp126,mpi-esm1-2-lr
1,1951,177.96636456926942,ssp126,mpi-esm1-2-lr
2,1952,189.1637235628216,ssp126,mpi-esm1-2-lr
3,1953,169.8669564335398,ssp126,mpi-esm1-2-lr
4,1954,167.89175765505502,ssp126,mpi-esm1-2-lr
5,1955,176.95994031755833,ssp126,mpi-esm1-2-lr
6,1956,177.6408802620183,ssp126,mpi-esm1-2-lr
7,1957,173.89140111022456,ssp126,mpi-esm1-2-lr
8,1958,178.96774374088852,ssp126,mpi-esm1-2-lr
9,1959,181.22731876012182,ssp126,mpi-esm1-2-lr
10,1960,177.4582270239132,ssp126,mpi-esm1-2-lr
11,1961,176.56650322220534,ssp126,mpi-esm1-2-lr
12,1962,173.9982187900636,ssp126,mpi-esm1-2-lr
13,1963,172.84850833305083,ssp126,mpi-esm1-2-lr
14,1964,168.90552302635402,ssp126,mpi-esm1-2-lr
15,1965,166.58281510259084,ssp126,mpi-esm1-2-lr
16,1966,170.0073910012508,ssp126,mpi-esm1-2-lr
17,1967,167.33924197328344,ssp126,mpi-esm1-2-lr
18,1968,185.7694557889384,ssp126,mpi-esm1-2-lr
19,1969,174.16865760940576,ssp126,mpi-esm1-2-lr
20,1970,153.50664951566415,ssp126,mpi-esm1-2-lr
21,1971,171.20806001634705,ssp126,mpi-esm1-2-lr
22,1972,173.9816342341051,ssp126,mpi-esm1-2-lr
23,1973,170.390066196917,ssp126,mpi-esm1-2-lr
24,1974,172.58153398277366,ssp126,mpi-esm1-2-lr
25,1975,175.78214754778153,ssp126,mpi-esm1-2-lr
26,1976,180.4809749624328,ssp126,mpi-esm1-2-lr
27,1977,166.46486233202734,ssp126,mpi-esm1-2-lr
28,1978,185.383030705128,ssp126,mpi-esm1-2-lr
29,1979,176.45859675409523,ssp126,mpi-esm1-2-lr
30,1980,180.27830754742132,ssp126,mpi-esm1-2-lr
31,1981,177.73822539203465,ssp126,mpi-esm1-2-lr
32,1982,183.131781456125,ssp126,mpi-esm1-2-lr
33,1983,171.5923984473026,ssp126,mpi-esm1-2-lr
34,1984,183.83927553623988,ssp126,mpi-esm1-2-lr
35,1985,190.17942662370498,ssp126,mpi-esm1-2-lr
36,1986,180.8289156781751,ssp126,mpi-esm1-2-lr
37,1987,176.2032973255342,ssp126,mpi-esm1-2-lr
38,1988,178.08888054836262,ssp126,mpi-esm1-2-lr
39,1989,183.65566989641317,ssp126,mpi-esm1-2-lr
40,1990,182.8952514912516,ssp126,mpi-esm1-2-lr
41,1991,176.90074230805,ssp126,mpi-esm1-2-lr
42,1992,180.72773901478504,ssp126,mpi-esm1-2-lr
43,1993,168.37583987021276,ssp126,mpi-esm1-2-lr
44,1994,186.95912054943804,ssp126,mpi-esm1-2-lr
45,1995,178.01406311924944,ssp126,mpi-esm1-2-lr
46,1996,191.02221529066833,ssp126,mpi-esm1-2-lr
47,1997,179.4145969460806,ssp126,mpi-esm1-2-lr
48,1998,174.3001587931883,ssp126,mpi-esm1-2-lr
49,1999,186.59448332458902,ssp126,mpi-esm1-2-lr
50,2000,176.6499971281654,ssp126,mpi-esm1-2-lr
51,2001,178.7861549575774,ssp126,mpi-esm1-2-lr
52,2002,183.64186403420828,ssp126,mpi-esm1-2-lr
53,2003,180.47411740132804,ssp126,mpi-esm1-2-lr
54,2004,198.14259900325874,ssp126,mpi-esm1-2-lr
55,2005,184.3893906697314,ssp126,mpi-esm1-2-lr
56,2006,195.00754452566514,ssp126,mpi-esm1-2-lr
57,2007,186.24763712220422,ssp126,mpi-esm1-2-lr
58,2008,188.06466235320596,ssp126,mpi-esm1-2-lr
59,2009,187.07016823247426,ssp126,mpi-esm1-2-lr
60,2010,189.28032849279,ssp126,mpi-esm1-2-lr
61,2011,191.7140945196552,ssp126,mpi-esm1-2-lr
62,2012,185.25191530052186,ssp126,mpi-esm1-2-lr
63,2013,190.44069151648634,ssp126,mpi-esm1-2-lr
64,2014,188.5819818745274,ssp126,mpi-esm1-2-lr
65,2015,186.74571044560497,ssp126,mpi-esm1-2-lr
66,2016,177.9131720536125,ssp126,mpi-esm1-2-lr
67,2017,178.41481157239141,ssp126,mpi-esm1-2-lr
68,2018,181.4749696625413,ssp126,mpi-esm1-2-lr
69,2019,185.66619307692017,ssp126,mpi-esm1-2-lr
70,2020,184.40528691493466,ssp126,mpi-esm1-2-lr
71,2021,192.1447209164787,ssp126,mpi-esm1-2-lr
72,2022,189.73297329524272,ssp126,mpi-esm1-2-lr
73,2023,196.01706240061642,ssp126,mpi-esm1-2-lr
74,2024,190.2260086728606,ssp126,mpi-esm1-2-lr
75,2025,187.1724745521779,ssp126,mpi-esm1-2-lr
76,2026,191.58853772036582,ssp126,mpi-esm1-2-lr
77,2027,191.31396635207588,ssp126,mpi-esm1-2-lr
78,2028,188.139284125462,ssp126,mpi-esm1-2-lr
79,2029,195.18039657215695,ssp126,mpi-esm1-2-lr
80,2030,192.2128895125291,ssp126,mpi-esm1-2-lr
81,2031,196.40923997093532,ssp126,mpi-esm1-2-lr
82,2032,200.32665566146346,ssp126,mpi-esm1-2-lr
83,2033,191.56179291118607,ssp126,mpi-esm1-2-lr
84,2034,185.25196421813726,ssp126,mpi-esm1-2-lr
85,2035,188.2962334383627,ssp126,mpi-esm1-2-lr
86,2036,188.41603616406616,ssp126,mpi-esm1-2-lr
87,2037,198.7460482906055,ssp126,mpi-esm1-2-lr
88,2038,189.48158552233113,ssp126,mpi-esm1-2-lr
89,2039,190.79402555247486,ssp126,mpi-esm1-2-lr
90,2040,197.4171768104934,ssp126,mpi-esm1-2-lr
91,2041,192.02927808487487,ssp126,mpi-esm1-2-lr
92,2042,206.13424902248863,ssp126,mpi-esm1-2-lr
93,2043,193.83552223852382,ssp126,mpi-esm1-2-lr
94,2044,191.8066662693899,ssp126,mpi-esm1-2-lr
95,2045,193.4308572136761,ssp126,mpi-esm1-2-lr
96,2046,192.46302998489455,ssp126,mpi-esm1-2-lr
97,2047,198.56757422064854,ssp126,mpi-esm1-2-lr
98,2048,194.79483292530796,ssp126,mpi-esm1-2-lr
99,2049,206.55538501840013,ssp126,mpi-esm1-2-lr
100,2050,184.93709035401977,ssp126,mpi-esm1-2-lr
101,2051,210.63636339342548,ssp126,mpi-esm1-2-lr
102,2052,201.47658731043026,ssp126,mpi-esm1-2-lr
103,2053,197.14555894943473,ssp126,mpi-esm1-2-lr
104,2054,203.35763000082227,ssp126,mpi-esm1-2-lr
105,2055,189.8701314689362,ssp126,mpi-esm1-2-lr
106,2056,190.2440184171946,ssp126,mpi-esm1-2-lr
107,2057,209.67523192979073,ssp126,mpi-esm1-2-lr
108,2058,195.46568227501717,ssp126,mpi-esm1-2-lr
109,2059,197.95639356447992,ssp126,mpi-esm1-2-lr
110,2060,199.80413719211512,ssp126,mpi-esm1-2-lr
111,2061,208.78038050355414,ssp126,mpi-esm1-2-lr
112,2062,197.52192654704226,ssp126,mpi-esm1-2-lr
113,2063,202.23121137116348,ssp126,mpi-esm1-2-lr
114,2064,201.7940858270018,ssp126,mpi-esm1-2-lr
115,2065,191.6923367832028,ssp126,mpi-esm1-2-lr
116,2066,193.3351231637595,ssp126,mpi-esm1-2-lr
117,2067,192.24909358433337,ssp126,mpi-esm1-2-lr
118,2068,196.39591781015636,ssp126,mpi-esm1-2-lr
119,2069,199.35731583746386,ssp126,mpi-esm1-2-lr
120,2070,205.99301219123285,ssp126,mpi-esm1-2-lr
121,2071,197.87065336988232,ssp126,mpi-esm1-2-lr
122,2072,194.53234441179785,ssp126,mpi-esm1-2-lr
123,2073,202.67291812697223,ssp126,mpi-esm1-2-lr
124,2074,194.047096636174,ssp126,mpi-esm1-2-lr
125,2075,194.95450903839333,ssp126,mpi-esm1-2-lr
126,2076,198.5180066211163,ssp126,mpi-esm1-2-lr
127,2077,194.31669870457395,ssp126,mpi-esm1-2-lr
128,2078,203.23406947541807,ssp126,mpi-esm1-2-lr
129,2079,203.7702817319359,ssp126,mpi-esm1-2-lr
130,2080,188.14288521792687,ssp126,mpi-esm1-2-lr
131,2081,198.16863789239147,ssp126,mpi-esm1-2-lr
132,2082,206.6226619819191,ssp126,mpi-esm1-2-lr
133,2083,198.0604508461013,ssp126,mpi-esm1-2-lr
134,2084,187.46741035321133,ssp126,mpi-esm1-2-lr
135,2085,192.92570876662666,ssp126,mpi-esm1-2-lr
136,2086,188.88539922193627,ssp126,mpi-esm1-2-lr
137,2087,191.0066068405102,ssp126,mpi-esm1-2-lr
138,2088,192.31377721916687,ssp126,mpi-esm1-2-lr
139,2089,206.01065259825393,ssp126,mpi-esm1-2-lr
140,2090,194.52963446231658,ssp126,mpi-esm1-2-lr
141,2091,195.52385794075664,ssp126,mpi-esm1-2-lr
142,2092,194.61108333698118,ssp126,mpi-esm1-2-lr
143,2093,197.4963506969112,ssp126,mpi-esm1-2-lr
144,2094,201.88116236628622,ssp126,mpi-esm1-2-lr
145,2095,195.4453175083685,ssp126,mpi-esm1-2-lr
146,2096,184.32782604631396,ssp126,mpi-esm1-2-lr
147,2097,194.34692046945622,ssp126,mpi-esm1-2-lr
148,2098,196.4466073891705,ssp126,mpi-esm1-2-lr
149,2099,211.4771934858584,ssp126,mpi-esm1-2-lr
150,2100,206.07579367509487,ssp126,mpi-esm1-2-lr
0,1950,183.8372786939748,ssp126,noresm2-lm
1,1951,182.9073455585679,ssp126,noresm2-lm
2,1952,173.34642492839993,ssp126,noresm2-lm
3,1953,171.45571990395888,ssp126,noresm2-lm
4,1954,176.66178978636552,ssp126,noresm2-lm
5,1955,177.1513860755912,ssp126,noresm2-lm
6,1956,180.64955728383603,ssp126,noresm2-lm
7,1957,178.563852997303,ssp126,noresm2-lm
8,1958,175.01329897297305,ssp126,noresm2-lm
9,1959,173.90695680452734,ssp126,noresm2-lm
10,1960,174.12670249978305,ssp126,noresm2-lm
11,1961,172.72638949795532,ssp126,noresm2-lm
12,1962,171.9748598172475,ssp126,noresm2-lm
13,1963,164.9172462249719,ssp126,noresm2-lm
14,1964,160.6291860412248,ssp126,noresm2-lm
15,1965,175.6747335998956,ssp126,noresm2-lm
16,1966,175.39439176799644,ssp126,noresm2-lm
17,1967,169.1572141498379,ssp126,noresm2-lm
18,1968,171.76368989880848,ssp126,noresm2-lm
19,1969,167.60064625021957,ssp126,noresm2-lm
20,1970,182.1318985535585,ssp126,noresm2-lm
21,1971,158.45293350751052,ssp126,noresm2-lm
22,1972,171.30992730148094,ssp126,noresm2-lm
23,1973,162.61612361786317,ssp126,noresm2-lm
24,1974,172.5284268062469,ssp126,noresm2-lm
25,1975,175.85635616018365,ssp126,noresm2-lm
26,1976,167.04079487043558,ssp126,noresm2-lm
27,1977,168.5228681903322,ssp126,noresm2-lm
28,1978,171.748535594858,ssp126,noresm2-lm
29,1979,166.39470862678664,ssp126,noresm2-lm
30,1980,183.92189813299728,ssp126,noresm2-lm
31,1981,171.13592574205683,ssp126,noresm2-lm
32,1982,169.444732274079,ssp126,noresm2-lm
33,1983,171.90257980386846,ssp126,noresm2-lm
34,1984,167.50963566802776,ssp126,noresm2-lm
35,1985,173.09923780842075,ssp126,noresm2-lm
36,1986,172.0722986940713,ssp126,noresm2-lm
37,1987,179.45162477747692,ssp126,noresm2-lm
38,1988,180.1518608642079,ssp126,noresm2-lm
39,1989,170.31615358187696,ssp126,noresm2-lm
40,1990,168.6834836414669,ssp126,noresm2-lm
41,1991,176.79989648698535,ssp126,noresm2-lm
42,1992,174.91626498139817,ssp126,noresm2-lm
43,1993,175.7986913621867,ssp126,noresm2-lm
44,1994,176.76738637621673,ssp126,noresm2-lm
45,1995,170.21575411398547,ssp126,noresm2-lm
46,1996,187.7646557424118,ssp126,noresm2-lm
47,1997,179.82022144619347,ssp126,noresm2-lm
48,1998,190.4367978765616,ssp126,noresm2-lm
49,1999,180.8207870969634,ssp126,noresm2-lm
50,2000,184.29715190405608,ssp126,noresm2-lm
51,2001,181.49810774588727,ssp126,noresm2-lm
52,2002,181.68071783571474,ssp126,noresm2-lm
53,2003,179.67545126292882,ssp126,noresm2-lm
54,2004,182.76575736134728,ssp126,noresm2-lm
55,2005,181.02504386591542,ssp126,noresm2-lm
56,2006,178.33788083522197,ssp126,noresm2-lm
57,2007,182.351753531402,ssp126,noresm2-lm
58,2008,183.64254472744477,ssp126,noresm2-lm
59,2009,189.42054304854923,ssp126,noresm2-lm
60,2010,176.70604071181035,ssp126,noresm2-lm
61,2011,193.76721244014146,ssp126,noresm2-lm
62,2012,182.37668957820463,ssp126,noresm2-lm
63,2013,181.65911378158995,ssp126,noresm2-lm
64,2014,189.0160388726157,ssp126,noresm2-lm
65,2015,173.95982601306528,ssp126,noresm2-lm
66,2016,180.52189770046567,ssp126,noresm2-lm
67,2017,197.25584601162484,ssp126,noresm2-lm
68,2018,183.04014149552998,ssp126,noresm2-lm
69,2019,187.8488293402922,ssp126,noresm2-lm
70,2020,178.81866868557137,ssp126,noresm2-lm
71,2021,190.8631146136068,ssp126,noresm2-lm
72,2022,187.31081386178718,ssp126,noresm2-lm
73,2023,192.66524124879106,ssp126,noresm2-lm
74,2024,192.58402579402392,ssp126,noresm2-lm
75,2025,193.12452483945677,ssp126,noresm2-lm
76,2026,192.67088074463788,ssp126,noresm2-lm
77,2027,197.2707101465748,ssp126,noresm2-lm
78,2028,192.88892668536627,ssp126,noresm2-lm
79,2029,191.5063103861337,ssp126,noresm2-lm
80,2030,179.14779653061314,ssp126,noresm2-lm
81,2031,184.92068348079712,ssp126,noresm2-lm
82,2032,190.5064231112634,ssp126,noresm2-lm
83,2033,197.20778175818992,ssp126,noresm2-lm
84,2034,187.68151464629128,ssp126,noresm2-lm
85,2035,193.51440963003387,ssp126,noresm2-lm
86,2036,198.58041039676166,ssp126,noresm2-lm
87,2037,194.93042317437664,ssp126,noresm2-lm
88,2038,193.41606498372235,ssp126,noresm2-lm
89,2039,186.10983494337924,ssp126,noresm2-lm
90,2040,186.7855611954515,ssp126,noresm2-lm
91,2041,201.98445485138703,ssp126,noresm2-lm
92,2042,196.31776165316765,ssp126,noresm2-lm
93,2043,187.28244941136174,ssp126,noresm2-lm
94,2044,198.04168945210654,ssp126,noresm2-lm
95,2045,184.2543192149536,ssp126,noresm2-lm
96,2046,198.38591724881988,ssp126,noresm2-lm
97,2047,197.77597516841183,ssp126,noresm2-lm
98,2048,190.8854356767547,ssp126,noresm2-lm
99,2049,191.9819470163345,ssp126,noresm2-lm
100,2050,190.33826300098056,ssp126,noresm2-lm
101,2051,196.9039989708997,ssp126,noresm2-lm
102,2052,197.83817940856233,ssp126,noresm2-lm
103,2053,195.3571474342543,ssp126,noresm2-lm
104,2054,190.6867330890948,ssp126,noresm2-lm
105,2055,198.53200444974462,ssp126,noresm2-lm
106,2056,195.3077424912798,ssp126,noresm2-lm
107,2057,184.02898680158964,ssp126,noresm2-lm
108,2058,186.751586743835,ssp126,noresm2-lm
109,2059,192.62969952145525,ssp126,noresm2-lm
110,2060,186.00005137065426,ssp126,noresm2-lm
111,2061,206.20281928287596,ssp126,noresm2-lm
112,2062,195.12014245523096,ssp126,noresm2-lm
113,2063,192.8426540029901,ssp126,noresm2-lm
114,2064,183.57233620088954,ssp126,noresm2-lm
115,2065,199.1013228178258,ssp126,noresm2-lm
116,2066,194.55877647494057,ssp126,noresm2-lm
117,2067,203.79134086630245,ssp126,noresm2-lm
118,2068,203.83112281745858,ssp126,noresm2-lm
119,2069,194.67821851087066,ssp126,noresm2-lm
120,2070,195.48059106974839,ssp126,noresm2-lm
121,2071,194.67362683637586,ssp126,noresm2-lm
122,2072,203.8696087884716,ssp126,noresm2-lm
123,2073,198.45412011162216,ssp126,noresm2-lm
124,2074,192.92351600505296,ssp126,noresm2-lm
125,2075,194.07164919429917,ssp126,noresm2-lm
126,2076,194.44296206365252,ssp126,noresm2-lm
127,2077,200.54515173791535,ssp126,noresm2-lm
128,2078,203.02226560181077,ssp126,noresm2-lm
129,2079,192.8026802741979,ssp126,noresm2-lm
130,2080,191.35346183635357,ssp126,noresm2-lm
131,2081,194.9936895647145,ssp126,noresm2-lm
132,2082,193.8460944313108,ssp126,noresm2-lm
133,2083,186.7610660891147,ssp126,noresm2-lm
134,2084,185.06270142071423,ssp126,noresm2-lm
135,2085,201.41353827413735,ssp126,noresm2-lm
136,2086,194.28865187652988,ssp126,noresm2-lm
137,2087,190.66053062642544,ssp126,noresm2-lm
138,2088,187.36633854466433,ssp126,noresm2-lm
139,2089,193.9146434796627,ssp126,noresm2-lm
140,2090,193.69213878162765,ssp126,noresm2-lm
141,2091,194.69884182326064,ssp126,noresm2-lm
142,2092,188.46767331612733,ssp126,noresm2-lm
143,2093,200.34903343343976,ssp126,noresm2-lm
144,2094,196.76995702293283,ssp126,noresm2-lm
145,2095,189.96347466284848,ssp126,noresm2-lm
146,2096,189.811224494635,ssp126,noresm2-lm
147,2097,191.3329626143502,ssp126,noresm2-lm
148,2098,198.1580250913634,ssp126,noresm2-lm
149,2099,190.77238332842862,ssp126,noresm2-lm
150,2100,195.90150807314313,ssp126,noresm2-lm
0,1950,169.3589770687442,ssp126,ipsl-cm6a-lr
1,1951,177.25635449944298,ssp126,ipsl-cm6a-lr
2,1952,172.01817051313947,ssp126,ipsl-cm6a-lr
3,1953,176.12767569846258,ssp126,ipsl-cm6a-lr
4,1954,167.92769223684908,ssp126,ipsl-cm6a-lr
5,1955,179.99805730799093,ssp126,ipsl-cm6a-lr
6,1956,167.76842703775418,ssp126,ipsl-cm6a-lr
7,1957,171.22864533273545,ssp126,ipsl-cm6a-lr
8,1958,183.49236549614025,ssp126,ipsl-cm6a-lr
9,1959,162.76073079296316,ssp126,ipsl-cm6a-lr
10,1960,184.11716854674395,ssp126,ipsl-cm6a-lr
11,1961,172.13398947060162,ssp126,ipsl-cm6a-lr
12,1962,172.35744775661115,ssp126,ipsl-cm6a-lr
13,1963,182.59888908400035,ssp126,ipsl-cm6a-lr
14,1964,172.45575617591786,ssp126,ipsl-cm6a-lr
15,1965,161.80157241398473,ssp126,ipsl-cm6a-lr
16,1966,165.3691228782529,ssp126,ipsl-cm6a-lr
17,1967,168.48779450002596,ssp126,ipsl-cm6a-lr
18,1968,173.74671759482692,ssp126,ipsl-cm6a-lr
19,1969,175.4762664761159,ssp126,ipsl-cm6a-lr
20,1970,165.03893944525012,ssp126,ipsl-cm6a-lr
21,1971,175.67920829190007,ssp126,ipsl-cm6a-lr
22,1972,178.0684654616668,ssp126,ipsl-cm6a-lr
23,1973,183.62437958691842,ssp126,ipsl-cm6a-lr
24,1974,170.63521283924916,ssp126,ipsl-cm6a-lr
25,1975,179.10141101703573,ssp126,ipsl-cm6a-lr
26,1976,181.33573773584573,ssp126,ipsl-cm6a-lr
27,1977,176.55598368977323,ssp126,ipsl-cm6a-lr
28,1978,172.13423648180463,ssp126,ipsl-cm6a-lr
29,1979,171.3026776334425,ssp126,ipsl-cm6a-lr
30,1980,180.16572752459498,ssp126,ipsl-cm6a-lr
31,1981,180.08502149938656,ssp126,ipsl-cm6a-lr
32,1982,182.04322568965404,ssp126,ipsl-cm6a-lr
33,1983,174.70793353207424,ssp126,ipsl-cm6a-lr
34,1984,176.0916145098746,ssp126,ipsl-cm6a-lr
35,1985,168.3894460025849,ssp126,ipsl-cm6a-lr
36,1986,187.80360587502773,ssp126,ipsl-cm6a-lr
37,1987,177.68474872539005,ssp126,ipsl-cm6a-lr
38,1988,181.66934347102074,ssp126,ipsl-cm6a-lr
39,1989,179.0340497990254,ssp126,ipsl-cm6a-lr
40,1990,175.4247977777193,ssp126,ipsl-cm6a-lr
41,1991,182.92470944888288,ssp126,ipsl-cm6a-lr
42,1992,180.79538746932627,ssp126,ipsl-cm6a-lr
43,1993,163.081761705152,ssp126,ipsl-cm6a-lr
44,1994,178.96067461262453,ssp126,ipsl-cm6a-lr
45,1995,176.3773715629065,ssp126,ipsl-cm6a-lr
46,1996,191.69587595064218,ssp126,ipsl-cm6a-lr
47,1997,177.52667479677504,ssp126,ipsl-cm6a-lr
48,1998,179.85471343775183,ssp126,ipsl-cm6a-lr
49,1999,186.5191413030163,ssp126,ipsl-cm6a-lr
50,2000,186.591891024568,ssp126,ipsl-cm6a-lr
51,2001,176.77531854200842,ssp126,ipsl-cm6a-lr
52,2002,184.5748187127618,ssp126,ipsl-cm6a-lr
53,2003,186.34965923208608,ssp126,ipsl-cm6a-lr
54,2004,198.15389682746795,ssp126,ipsl-cm6a-lr
55,2005,189.9470103722737,ssp126,ipsl-cm6a-lr
56,2006,172.00152306170745,ssp126,ipsl-cm6a-lr
57,2007,188.19084771448064,ssp126,ipsl-cm6a-lr
58,2008,191.34585846042776,ssp126,ipsl-cm6a-lr
59,2009,191.55073711118092,ssp126,ipsl-cm6a-lr
60,2010,191.95455211473177,ssp126,ipsl-cm6a-lr
61,2011,192.20687456399097,ssp126,ipsl-cm6a-lr
62,2012,183.66364014134555,ssp126,ipsl-cm6a-lr
63,2013,184.6597475759511,ssp126,ipsl-cm6a-lr
64,2014,197.82436600411168,ssp126,ipsl-cm6a-lr
65,2015,184.11297815553897,ssp126,ipsl-cm6a-lr
66,2016,192.01894866552223,ssp126,ipsl-cm6a-lr
67,2017,189.15855461918804,ssp126,ipsl-cm6a-lr
68,2018,197.70902691575097,ssp126,ipsl-cm6a-lr
69,2019,194.66390860009594,ssp126,ipsl-cm6a-lr
70,2020,200.85124998231464,ssp126,ipsl-cm6a-lr
71,2021,198.95613190769467,ssp126,ipsl-cm6a-lr
72,2022,188.04989999392703,ssp126,ipsl-cm6a-lr
73,2023,202.14550299690163,ssp126,ipsl-cm6a-lr
74,2024,192.86071532368334,ssp126,ipsl-cm6a-lr
75,2025,190.89070461998816,ssp126,ipsl-cm6a-lr
76,2026,195.51676999125684,ssp126,ipsl-cm6a-lr
77,2027,192.900852862232,ssp126,ipsl-cm6a-lr
78,2028,201.20510362465035,ssp126,ipsl-cm6a-lr
79,2029,199.42755313721597,ssp126,ipsl-cm6a-lr
80,2030,200.53934745728355,ssp126,ipsl-cm6a-lr
81,2031,211.81226085244694,ssp126,ipsl-cm6a-lr
82,2032,196.6789860176649,ssp126,ipsl-cm6a-lr
83,2033,191.2026985369765,ssp126,ipsl-cm6a-lr
84,2034,216.3217782160128,ssp126,ipsl-cm6a-lr
85,2035,206.60330858428017,ssp126,ipsl-cm6a-lr
86,2036,196.9945372287172,ssp126,ipsl-cm6a-lr
87,2037,209.68222226998373,ssp126,ipsl-cm6a-lr
88,2038,213.52679477308376,ssp126,ipsl-cm6a-lr
89,2039,210.32138586145786,ssp126,ipsl-cm6a-lr
90,2040,215.41953647886723,ssp126,ipsl-cm6a-lr
91,2041,201.99871226127593,ssp126,ipsl-cm6a-lr
92,2042,199.88030860182124,ssp126,ipsl-cm6a-lr
93,2043,196.75402372524402,ssp126,ipsl-cm6a-lr
94,2044,201.46806427490384,ssp126,ipsl-cm6a-lr
95,2045,207.68024993856625,ssp126,ipsl-cm6a-lr
96,2046,209.32498826349587,ssp126,ipsl-cm6a-lr
97,2047,213.28974919749876,ssp126,ipsl-cm6a-lr
98,2048,209.23867045002882,ssp126,ipsl-cm6a-lr
99,2049,210.8808929906535,ssp126,ipsl-cm6a-lr
100,2050,197.50400543732084,ssp126,ipsl-cm6a-lr
101,2051,209.67733204383504,ssp126,ipsl-cm6a-lr
102,2052,205.67902899086107,ssp126,ipsl-cm6a-lr
103,2053,201.89659890027625,ssp126,ipsl-cm6a-lr
104,2054,195.5623869969169,ssp126,ipsl-cm6a-lr
105,2055,204.9165330799061,ssp126,ipsl-cm6a-lr
106,2056,202.29953935571672,ssp126,ipsl-cm6a-lr
107,2057,211.49879117734739,ssp126,ipsl-cm6a-lr
108,2058,207.43783494785188,ssp126,ipsl-cm6a-lr
109,2059,206.45766823156964,ssp126,ipsl-cm6a-lr
110,2060,207.92383866104467,ssp126,ipsl-cm6a-lr
111,2061,198.84841577608563,ssp126,ipsl-cm6a-lr
112,2062,206.05948103856346,ssp126,ipsl-cm6a-lr
113,2063,213.88799641033745,ssp126,ipsl-cm6a-lr
114,2064,208.31263477650276,ssp126,ipsl-cm6a-lr
115,2065,210.66758570721052,ssp126,ipsl-cm6a-lr
116,2066,198.61429513796872,ssp126,ipsl-cm6a-lr
117,2067,205.192678352613,ssp126,ipsl-cm6a-lr
118,2068,209.18594218093682,ssp126,ipsl-cm6a-lr
119,2069,205.79229916190528,ssp126,ipsl-cm6a-lr
120,2070,211.8389992887546,ssp126,ipsl-cm6a-lr
121,2071,200.28624481664664,ssp126,ipsl-cm6a-lr
122,2072,202.8591707666448,ssp126,ipsl-cm6a-lr
123,2073,220.6091674073264,ssp126,ipsl-cm6a-lr
124,2074,211.85543070015578,ssp126,ipsl-cm6a-lr
125,2075,209.34924091925345,ssp126,ipsl-cm6a-lr
126,2076,217.1360638947849,ssp126,ipsl-cm6a-lr
127,2077,199.44535763273046,ssp126,ipsl-cm6a-lr
128,2078,212.29008737792708,ssp126,ipsl-cm6a-lr
129,2079,200.4378710855555,ssp126,ipsl-cm6a-lr
130,2080,215.54073950200504,ssp126,ipsl-cm6a-lr
131,2081,213.34861086093142,ssp126,ipsl-cm6a-lr
132,2082,208.39695281659115,ssp126,ipsl-cm6a-lr
133,2083,210.2032534440866,ssp126,ipsl-cm6a-lr
134,2084,207.59941568105933,ssp126,ipsl-cm6a-lr
135,2085,197.19683616819472,ssp126,ipsl-cm6a-lr
136,2086,211.9774671897157,ssp126,ipsl-cm6a-lr
137,2087,217.65550242631463,ssp126,ipsl-cm6a-lr
138,2088,200.71163535573857,ssp126,ipsl-cm6a-lr
139,2089,216.02685939709994,ssp126,ipsl-cm6a-lr
140,2090,206.45242049556697,ssp126,ipsl-cm6a-lr
141,2091,204.27280698350393,ssp126,ipsl-cm6a-lr
142,2092,208.92704508591643,ssp126,ipsl-cm6a-lr
143,2093,207.8610213563667,ssp126,ipsl-cm6a-lr
144,2094,207.94166609358507,ssp126,ipsl-cm6a-lr
145,2095,203.51315406385683,ssp126,ipsl-cm6a-lr
146,2096,200.95039220827388,ssp126,ipsl-cm6a-lr
147,2097,208.05996926739553,ssp126,ipsl-cm6a-lr
148,2098,213.79898170942437,ssp126,ipsl-cm6a-lr
149,2099,206.5763910308509,ssp126,ipsl-cm6a-lr
150,2100,214.33911424983575,ssp126,ipsl-cm6a-lr
0,1950,172.12203015048033,ssp126,fgoals-g3
1,1951,180.31358116498322,ssp126,fgoals-g3
2,1952,162.32346200065902,ssp126,fgoals-g3
3,1953,169.36457006431982,ssp126,fgoals-g3
4,1954,177.48865417162816,ssp126,fgoals-g3
5,1955,173.11114805070136,ssp126,fgoals-g3
6,1956,172.6268487459004,ssp126,fgoals-g3
7,1957,179.87407926651463,ssp126,fgoals-g3
8,1958,173.0973201840119,ssp126,fgoals-g3
9,1959,177.1920130248179,ssp126,fgoals-g3
10,1960,166.8989512673636,ssp126,fgoals-g3
11,1961,179.19052890951755,ssp126,fgoals-g3
12,1962,173.18154771353835,ssp126,fgoals-g3
13,1963,176.06667567519432,ssp126,fgoals-g3
14,1964,164.31751429076576,ssp126,fgoals-g3
15,1965,174.8331337012569,ssp126,fgoals-g3
16,1966,177.6624829633789,ssp126,fgoals-g3
17,1967,172.57215398560396,ssp126,fgoals-g3
18,1968,170.71733787893814,ssp126,fgoals-g3
19,1969,170.67692264578187,ssp126,fgoals-g3
20,1970,175.53738648100804,ssp126,fgoals-g3
21,1971,187.63357559057152,ssp126,fgoals-g3
22,1972,170.73950149191236,ssp126,fgoals-g3
23,1973,172.43076702041412,ssp126,fgoals-g3
24,1974,178.21469865873954,ssp126,fgoals-g3
25,1975,175.48298983156238,ssp126,fgoals-g3
26,1976,170.4998088187495,ssp126,fgoals-g3
27,1977,174.89465972745293,ssp126,fgoals-g3
28,1978,176.4290672162784,ssp126,fgoals-g3
29,1979,184.49342050953376,ssp126,fgoals-g3
30,1980,178.789108032571,ssp126,fgoals-g3
31,1981,178.6758393034061,ssp126,fgoals-g3
32,1982,184.9466112574772,ssp126,fgoals-g3
33,1983,171.39889118131705,ssp126,fgoals-g3
34,1984,174.783873425785,ssp126,fgoals-g3
35,1985,170.08983378284222,ssp126,fgoals-g3
36,1986,170.1936845068891,ssp126,fgoals-g3
37,1987,183.4876979937193,ssp126,fgoals-g3
38,1988,183.1713737801952,ssp126,fgoals-g3
39,1989,179.56627802181742,ssp126,fgoals-g3
40,1990,175.14617322366198,ssp126,fgoals-g3
41,1991,186.9183288929415,ssp126,fgoals-g3
42,1992,177.30747898972177,ssp126,fgoals-g3
43,1993,177.41381264881105,ssp126,fgoals-g3
44,1994,174.1557679018213,ssp126,fgoals-g3
45,1995,176.61697227770148,ssp126,fgoals-g3
46,1996,178.4653865991591,ssp126,fgoals-g3
47,1997,180.50696419020525,ssp126,fgoals-g3
48,1998,188.5504018011284,ssp126,fgoals-g3
49,1999,181.85812057730473,ssp126,fgoals-g3
50,2000,178.8495944571964,ssp126,fgoals-g3
51,2001,173.72306592419258,ssp126,fgoals-g3
52,2002,192.25232580896673,ssp126,fgoals-g3
53,2003,177.08120965603098,ssp126,fgoals-g3
54,2004,190.4072524689426,ssp126,fgoals-g3
55,2005,195.6475733725627,ssp126,fgoals-g3
56,2006,187.55124081390593,ssp126,fgoals-g3
57,2007,188.19958705412367,ssp126,fgoals-g3
58,2008,192.50403436821972,ssp126,fgoals-g3
59,2009,196.76641416995247,ssp126,fgoals-g3
60,2010,195.27196696615852,ssp126,fgoals-g3
61,2011,182.7218918734117,ssp126,fgoals-g3
62,2012,191.0732530223981,ssp126,fgoals-g3
63,2013,182.4678085507179,ssp126,fgoals-g3
64,2014,187.1194759534695,ssp126,fgoals-g3
65,2015,190.3035992540305,ssp126,fgoals-g3
66,2016,189.3993604196067,ssp126,fgoals-g3
67,2017,190.42532304865762,ssp126,fgoals-g3
68,2018,188.51825440775738,ssp126,fgoals-g3
69,2019,193.65471391606334,ssp126,fgoals-g3
70,2020,195.1988109241973,ssp126,fgoals-g3
71,2021,195.01361633755928,ssp126,fgoals-g3
72,2022,197.8179582882249,ssp126,fgoals-g3
73,2023,195.61440074810383,ssp126,fgoals-g3
74,2024,199.1183788833334,ssp126,fgoals-g3
75,2025,199.3788794877798,ssp126,fgoals-g3
76,2026,193.09779031009103,ssp126,fgoals-g3
77,2027,191.32156277785225,ssp126,fgoals-g3
78,2028,186.05475503054262,ssp126,fgoals-g3
79,2029,189.42971005904494,ssp126,fgoals-g3
80,2030,201.91838806889697,ssp126,fgoals-g3
81,2031,196.01635136880668,ssp126,fgoals-g3
82,2032,191.71910735867667,ssp126,fgoals-g3
83,2033,190.03724222310927,ssp126,fgoals-g3
84,2034,189.23701205148544,ssp126,fgoals-g3
85,2035,186.06235950468678,ssp126,fgoals-g3
86,2036,194.76299376978096,ssp126,fgoals-g3
87,2037,199.58244395344974,ssp126,fgoals-g3
88,2038,193.9013500275943,ssp126,fgoals-g3
89,2039,195.90225456159976,ssp126,fgoals-g3
90,2040,204.4261209014368,ssp126,fgoals-g3
91,2041,199.4997060957817,ssp126,fgoals-g3
92,2042,191.22072465016487,ssp126,fgoals-g3
93,2043,188.9782061762931,ssp126,fgoals-g3
94,2044,198.62547429724592,ssp126,fgoals-g3
95,2045,189.82065154455887,ssp126,fgoals-g3
96,2046,180.55851042935421,ssp126,fgoals-g3
97,2047,179.61360061095948,ssp126,fgoals-g3
98,2048,198.14254919953126,ssp126,fgoals-g3
99,2049,184.36203768997754,ssp126,fgoals-g3
100,2050,201.87632616064505,ssp126,fgoals-g3
101,2051,183.94974493163303,ssp126,fgoals-g3
102,2052,189.5315800872999,ssp126,fgoals-g3
103,2053,182.7198779972865,ssp126,fgoals-g3
104,2054,193.6394365498556,ssp126,fgoals-g3
105,2055,196.89261918753584,ssp126,fgoals-g3
106,2056,192.73867152169242,ssp126,fgoals-g3
107,2057,194.73352211930842,ssp126,fgoals-g3
108,2058,192.77207540640407,ssp126,fgoals-g3
109,2059,202.33714123589095,ssp126,fgoals-g3
110,2060,187.61847390367964,ssp126,fgoals-g3
111,2061,186.81569802138836,ssp126,fgoals-g3
112,2062,184.6488470497719,ssp126,fgoals-g3
113,2063,196.78536009725434,ssp126,fgoals-g3
114,2064,197.27549454725667,ssp126,fgoals-g3
115,2065,195.92120395805466,ssp126,fgoals-g3
116,2066,197.32550009393088,ssp126,fgoals-g3
117,2067,197.01641653984993,ssp126,fgoals-g3
118,2068,200.47801822424657,ssp126,fgoals-g3
119,2069,196.43033118406373,ssp126,fgoals-g3
120,2070,200.68550555322605,ssp126,fgoals-g3
121,2071,189.80891870715723,ssp126,fgoals-g3
122,2072,183.6485463564725,ssp126,fgoals-g3
123,2073,199.6775326226251,ssp126,fgoals-g3
124,2074,198.03179482457003,ssp126,fgoals-g3
125,2075,192.76488291525624,ssp126,fgoals-g3
126,2076,192.4967216699918,ssp126,fgoals-g3
127,2077,204.87259085141173,ssp126,fgoals-g3
128,2078,186.53158876342658,ssp126,fgoals-g3
129,2079,197.61184778320793,ssp126,fgoals-g3
130,2080,200.11675661303622,ssp126,fgoals-g3
131,2081,190.39356856460768,ssp126,fgoals-g3
132,2082,195.59255095549764,ssp126,fgoals-g3
133,2083,201.72946133887046,ssp126,fgoals-g3
134,2084,200.6266591908329,ssp126,fgoals-g3
135,2085,190.9236111910822,ssp126,fgoals-g3
136,2086,199.15421204886215,ssp126,fgoals-g3
137,2087,194.1317590917908,ssp126,fgoals-g3
138,2088,201.74175587328273,ssp126,fgoals-g3
139,2089,195.3567214411482,ssp126,fgoals-g3
140,2090,186.54182269345532,ssp126,fgoals-g3
141,2091,190.67905934982844,ssp126,fgoals-g3
142,2092,194.4002712051042,ssp126,fgoals-g3
143,2093,195.01582284795694,ssp126,fgoals-g3
144,2094,199.09098348149138,ssp126,fgoals-g3
145,2095,191.34432223021608,ssp126,fgoals-g3
146,2096,190.87331987217055,ssp126,fgoals-g3
147,2097,190.89146420853126,ssp126,fgoals-g3
148,2098,191.84128037196672,ssp126,fgoals-g3
149,2099,192.83954717385504,ssp126,fgoals-g3
150,2100,184.19620263077334,ssp126,fgoals-g3
0,1950,179.5730764593028,ssp126,inm-cm5-0
1,1951,174.36257923064989,ssp126,inm-cm5-0
2,1952,172.17553854842984,ssp126,inm-cm5-0
3,1953,169.72265086476818,ssp126,inm-cm5-0
4,1954,181.23543115454572,ssp126,inm-cm5-0
5,1955,173.21114942561215,ssp126,inm-cm5-0
6,1956,173.80378744431113,ssp126,inm-cm5-0
7,1957,176.99874282917943,ssp126,inm-cm5-0
8,1958,173.5337353459172,ssp126,inm-cm5-0
9,1959,170.00130929578356,ssp126,inm-cm5-0
10,1960,182.8334349438307,ssp126,inm-cm5-0
11,1961,186.73074721612844,ssp126,inm-cm5-0
12,1962,175.11541551008844,ssp126,inm-cm5-0
13,1963,175.98128681566365,ssp126,inm-cm5-0
14,1964,173.96270905361854,ssp126,inm-cm5-0
15,1965,170.6195180200946,ssp126,inm-cm5-0
16,1966,175.32347297728901,ssp126,inm-cm5-0
17,1967,172.323311489009,ssp126,inm-cm5-0
18,1968,174.84991321567205,ssp126,inm-cm5-0
19,1969,173.2086186341465,ssp126,inm-cm5-0
20,1970,174.24561152074776,ssp126,inm-cm5-0
21,1971,171.2549337151395,ssp126,inm-cm5-0
22,1972,169.1243577597599,ssp126,inm-cm5-0
23,1973,173.15800206176846,ssp126,inm-cm5-0
24,1974,161.33627489247544,ssp126,inm-cm5-0
25,1975,171.549820433433,ssp126,inm-cm5-0
26,1976,178.57778391194984,ssp126,inm-cm5-0
27,1977,181.366749503178,ssp126,inm-cm5-0
28,1978,173.70676694254198,ssp126,inm-cm5-0
29,1979,175.07706408046843,ssp126,inm-cm5-0
30,1980,178.4365609479814,ssp126,inm-cm5-0
31,1981,178.58872503357793,ssp126,inm-cm5-0
32,1982,172.12686881149418,ssp126,inm-cm5-0
33,1983,170.82080018879154,ssp126,inm-cm5-0
34,1984,168.94518423867547,ssp126,inm-cm5-0
35,1985,171.07645336199354,ssp126,inm-cm5-0
36,1986,170.5438493120918,ssp126,inm-cm5-0
37,1987,178.03864477509538,ssp126,inm-cm5-0
38,1988,170.30959104421157,ssp126,inm-cm5-0
39,1989,173.75775463272225,ssp126,inm-cm5-0
40,1990,185.6512389095927,ssp126,inm-cm5-0
41,1991,186.84553606229335,ssp126,inm-cm5-0
42,1992,169.9918473836242,ssp126,inm-cm5-0
43,1993,168.73614200232393,ssp126,inm-cm5-0
44,1994,166.60958938635036,ssp126,inm-cm5-0
45,1995,166.84248848940078,ssp126,inm-cm5-0
46,1996,177.02834981105485,ssp126,inm-cm5-0
47,1997,181.67053021673604,ssp126,inm-cm5-0
48,1998,183.29268391317282,ssp126,inm-cm5-0
49,1999,174.95845903372987,ssp126,inm-cm5-0
50,2000,181.62172198173815,ssp126,inm-cm5-0
51,2001,181.23066840268334,ssp126,inm-cm5-0
52,2002,183.07505342223754,ssp126,inm-cm5-0
53,2003,186.5310071807449,ssp126,inm-cm5-0
54,2004,182.8026741271246,ssp126,inm-cm5-0
55,2005,183.75307984528183,ssp126,inm-cm5-0
56,2006,188.37034857915742,ssp126,inm-cm5-0
57,2007,186.08047922554644,ssp126,inm-cm5-0
58,2008,181.15932536444674,ssp126,inm-cm5-0
59,2009,184.62974741260678,ssp126,inm-cm5-0
60,2010,167.6086293502162,ssp126,inm-cm5-0
61,2011,176.78925456712835,ssp126,inm-cm5-0
62,2012,182.89775973656543,ssp126,inm-cm5-0
63,2013,176.07924063334784,ssp126,inm-cm5-0
64,2014,179.9489732469747,ssp126,inm-cm5-0
65,2015,175.76584755646047,ssp126,inm-cm5-0
66,2016,173.87093841203364,ssp126,inm-cm5-0
67,2017,183.1885306450048,ssp126,inm-cm5-0
68,2018,171.8083518558231,ssp126,inm-cm5-0
69,2019,187.1439818995548,ssp126,inm-cm5-0
70,2020,183.1418319832589,ssp126,inm-cm5-0
71,2021,179.52491683420993,ssp126,inm-cm5-0
72,2022,188.45655686882876,ssp126,inm-cm5-0
73,2023,184.16197630086896,ssp126,inm-cm5-0
74,2024,183.70187392377565,ssp126,inm-cm5-0
75,2025,189.2771074750421,ssp126,inm-cm5-0
76,2026,190.25168623945441,ssp126,inm-cm5-0
77,2027,183.6879878174797,ssp126,inm-cm5-0
78,2028,185.20068767352,ssp126,inm-cm5-0
79,2029,187.46705136785025,ssp126,inm-cm5-0
80,2030,184.30593900223894,ssp126,inm-cm5-0
81,2031,189.4932528775456,ssp126,inm-cm5-0
82,2032,184.66527509854734,ssp126,inm-cm5-0
83,2033,192.13085993467328,ssp126,inm-cm5-0
84,2034,201.0522465381912,ssp126,inm-cm5-0
85,2035,196.17006441871368,ssp126,inm-cm5-0
86,2036,184.8464845146591,ssp126,inm-cm5-0
87,2037,193.89780074050438,ssp126,inm-cm5-0
88,2038,195.4889496670112,ssp126,inm-cm5-0
89,2039,193.20437158265761,ssp126,inm-cm5-0
90,2040,188.14050956431822,ssp126,inm-cm5-0
91,2041,184.43514918009654,ssp126,inm-cm5-0
92,2042,185.2489553504241,ssp126,inm-cm5-0
93,2043,186.87872255314437,ssp126,inm-cm5-0
94,2044,188.74197312765463,ssp126,inm-cm5-0
95,2045,194.0933728189213,ssp126,inm-cm5-0
96,2046,193.84360899993126,ssp126,inm-cm5-0
97,2047,200.87375812129306,ssp126,inm-cm5-0
98,2048,197.5776766653328,ssp126,inm-cm5-0
99,2049,190.25786366960966,ssp126,inm-cm5-0
100,2050,188.8651604955169,ssp126,inm-cm5-0
101,2051,192.24056480358092,ssp126,inm-cm5-0
102,2052,187.3002338767628,ssp126,inm-cm5-0
103,2053,196.43807358228034,ssp126,inm-cm5-0
104,2054,187.82138469344056,ssp126,inm-cm5-0
105,2055,188.23106483571402,ssp126,inm-cm5-0
106,2056,192.5759081493383,ssp126,inm-cm5-0
107,2057,188.01912277329006,ssp126,inm-cm5-0
108,2058,188.55360611219623,ssp126,inm-cm5-0
109,2059,200.50111549102672,ssp126,inm-cm5-0
110,2060,186.43973180198643,ssp126,inm-cm5-0
111,2061,190.0216388995137,ssp126,inm-cm5-0
112,2062,201.35880389251605,ssp126,inm-cm5-0
113,2063,194.29856330913123,ssp126,inm-cm5-0
114,2064,193.64730982204256,ssp126,inm-cm5-0
115,2065,196.1523030299217,ssp126,inm-cm5-0
116,2066,190.29022999701556,ssp126,inm-cm5-0
117,2067,190.4253715688787,ssp126,inm-cm5-0
118,2068,195.69622653047435,ssp126,inm-cm5-0
119,2069,182.67517931670795,ssp126,inm-cm5-0
120,2070,193.17000120648098,ssp126,inm-cm5-0
121,2071,193.46954708407424,ssp126,inm-cm5-0
122,2072,193.73405576567515,ssp126,inm-cm5-0
123,2073,185.8973233330366,ssp126,inm-cm5-0
124,2074,185.2637103625303,ssp126,inm-cm5-0
125,2075,190.0990587046204,ssp126,inm-cm5-0
126,2076,196.71173041012187,ssp126,inm-cm5-0
127,2077,182.0280554021893,ssp126,inm-cm5-0
128,2078,188.19396953960265,ssp126,inm-cm5-0
129,2079,199.23746031272935,ssp126,inm-cm5-0
130,2080,195.07024322022417,ssp126,inm-cm5-0
131,2081,188.26322583499555,ssp126,inm-cm5-0
132,2082,189.83257397479153,ssp126,inm-cm5-0
133,2083,190.8371201004924,ssp126,inm-cm5-0
134,2084,188.2953273765165,ssp126,inm-cm5-0
135,2085,188.01784546673076,ssp126,inm-cm5-0
136,2086,192.34497897976135,ssp126,inm-cm5-0
137,2087,189.093126260582,ssp126,inm-cm5-0
138,2088,189.7955404669155,ssp126,inm-cm5-0
139,2089,188.58740347474514,ssp126,inm-cm5-0
140,2090,197.5424883460416,ssp126,inm-cm5-0
141,2091,190.67846875955883,ssp126,inm-cm5-0
142,2092,180.58602894557436,ssp126,inm-cm5-0
143,2093,181.3693437929833,ssp126,inm-cm5-0
144,2094,185.47058474864892,ssp126,inm-cm5-0
145,2095,185.8749440701592,ssp126,inm-cm5-0
146,2096,185.30486343777253,ssp126,inm-cm5-0
147,2097,179.02524631606167,ssp126,inm-cm5-0
148,2098,184.60187067723518,ssp126,inm-cm5-0
149,2099,181.6896436792798,ssp126,inm-cm5-0
150,2100,178.31627346917332,ssp126,inm-cm5-0
0,1950,171.10104224831966,ssp126,inm-cm4-8
1,1951,172.67205056291814,ssp126,inm-cm4-8
2,1952,172.64812301652148,ssp126,inm-cm4-8
3,1953,174.90293656206535,ssp126,inm-cm4-8
4,1954,176.76188234818324,ssp126,inm-cm4-8
5,1955,178.17188813998905,ssp126,inm-cm4-8
6,1956,167.71632680879645,ssp126,inm-cm4-8
7,1957,172.35221851837153,ssp126,inm-cm4-8
8,1958,175.06914713177227,ssp126,inm-cm4-8
9,1959,175.83682664958516,ssp126,inm-cm4-8
10,1960,168.3621276781281,ssp126,inm-cm4-8
11,1961,183.19545305649723,ssp126,inm-cm4-8
12,1962,175.55483464092455,ssp126,inm-cm4-8
13,1963,172.3043931816572,ssp126,inm-cm4-8
14,1964,171.55611872634896,ssp126,inm-cm4-8
15,1965,169.7060072139477,ssp126,inm-cm4-8
16,1966,176.1544133910282,ssp126,inm-cm4-8
17,1967,171.95988929667757,ssp126,inm-cm4-8
18,1968,181.4879597846223,ssp126,inm-cm4-8
19,1969,174.9539537509138,ssp126,inm-cm4-8
20,1970,176.37553179630262,ssp126,inm-cm4-8
21,1971,169.94863559389182,ssp126,inm-cm4-8
22,1972,179.01817755532488,ssp126,inm-cm4-8
23,1973,171.12382634229147,ssp126,inm-cm4-8
24,1974,170.99691543323777,ssp126,inm-cm4-8
25,1975,170.53621659725894,ssp126,inm-cm4-8
26,1976,160.25037390288142,ssp126,inm-cm4-8
27,1977,173.89993828730175,ssp126,inm-cm4-8
28,1978,172.8152564118053,ssp126,inm-cm4-8
29,1979,169.43160545337685,ssp126,inm-cm4-8
30,1980,174.88504913361933,ssp126,inm-cm4-8
31,1981,169.68383248160134,ssp126,inm-cm4-8
32,1982,169.6473487492554,ssp126,inm-cm4-8
33,1983,161.2534705774395,ssp126,inm-cm4-8
34,1984,173.8233053115239,ssp126,inm-cm4-8
35,1985,175.74265444214194,ssp126,inm-cm4-8
36,1986,175.21957214029277,ssp126,inm-cm4-8
37,1987,174.11930452506553,ssp126,inm-cm4-8
38,1988,174.36575736937706,ssp126,inm-cm4-8
39,1989,172.74743156366554,ssp126,inm-cm4-8
40,1990,177.20997143053958,ssp126,inm-cm4-8
41,1991,181.18399616875323,ssp126,inm-cm4-8
42,1992,178.33614381559886,ssp126,inm-cm4-8
43,1993,171.2334454115378,ssp126,inm-cm4-8
44,1994,175.00227360742142,ssp126,inm-cm4-8
45,1995,177.75069743970073,ssp126,inm-cm4-8
46,1996,183.11716876818068,ssp126,inm-cm4-8
47,1997,187.33637954303802,ssp126,inm-cm4-8
48,1998,182.51106082155522,ssp126,inm-cm4-8
49,1999,180.29601060035472,ssp126,inm-cm4-8
50,2000,172.8746074729741,ssp126,inm-cm4-8
51,2001,179.82591723682432,ssp126,inm-cm4-8
52,2002,177.78917971027838,ssp126,inm-cm4-8
53,2003,177.27956662947437,ssp126,inm-cm4-8
54,2004,175.02608566076333,ssp126,inm-cm4-8
55,2005,174.67075005316727,ssp126,inm-cm4-8
56,2006,181.54183075125007,ssp126,inm-cm4-8
57,2007,171.82100716545844,ssp126,inm-cm4-8
58,2008,186.2516067580168,ssp126,inm-cm4-8
59,2009,186.95712322979628,ssp126,inm-cm4-8
60,2010,185.23374628606732,ssp126,inm-cm4-8
61,2011,177.94695522755276,ssp126,inm-cm4-8
62,2012,174.61078272708616,ssp126,inm-cm4-8
63,2013,190.33871626548859,ssp126,inm-cm4-8
64,2014,182.383988110111,ssp126,inm-cm4-8
65,2015,182.60427341438967,ssp126,inm-cm4-8
66,2016,175.21798025117107,ssp126,inm-cm4-8
67,2017,182.4037223177825,ssp126,inm-cm4-8
68,2018,175.15558241355865,ssp126,inm-cm4-8
69,2019,182.58087493360807,ssp126,inm-cm4-8
70,2020,179.93291700224634,ssp126,inm-cm4-8
71,2021,178.72384135005035,ssp126,inm-cm4-8
72,2022,186.27889362686972,ssp126,inm-cm4-8
73,2023,181.7324069275504,ssp126,inm-cm4-8
74,2024,186.19630068004219,ssp126,inm-cm4-8
75,2025,187.37323726351968,ssp126,inm-cm4-8
76,2026,177.911242815985,ssp126,inm-cm4-8
77,2027,193.66260800588435,ssp126,inm-cm4-8
78,2028,186.54081532582006,ssp126,inm-cm4-8
79,2029,186.86574343846385,ssp126,inm-cm4-8
80,2030,182.65033411232145,ssp126,inm-cm4-8
81,2031,192.78560768857514,ssp126,inm-cm4-8
82,2032,180.01675060572475,ssp126,inm-cm4-8
83,2033,181.1868772326407,ssp126,inm-cm4-8
84,2034,190.94281053111408,ssp126,inm-cm4-8
85,2035,188.7248604927023,ssp126,inm-cm4-8
86,2036,185.17722576839165,ssp126,inm-cm4-8
87,2037,194.06908755715966,ssp126,inm-cm4-8
88,2038,188.45048228668054,ssp126,inm-cm4-8
89,2039,191.33428735651165,ssp126,inm-cm4-8
90,2040,187.19813469594015,ssp126,inm-cm4-8
91,2041,191.17391212196117,ssp126,inm-cm4-8
92,2042,186.31872010972603,ssp126,inm-cm4-8
93,2043,187.04871945385355,ssp126,inm-cm4-8
94,2044,190.52268151524405,ssp126,inm-cm4-8
95,2045,188.06636267836774,ssp126,inm-cm4-8
96,2046,198.7214310501713,ssp126,inm-cm4-8
97,2047,195.51654929129018,ssp126,inm-cm4-8
98,2048,197.47950580550537,ssp126,inm-cm4-8
99,2049,185.1099036806557,ssp126,inm-cm4-8
100,2050,186.48999058132392,ssp126,inm-cm4-8
101,2051,189.08360916928177,ssp126,inm-cm4-8
102,2052,183.1253756678811,ssp126,inm-cm4-8
103,2053,184.82850687529321,ssp126,inm-cm4-8
104,2054,195.15450760763895,ssp126,inm-cm4-8
105,2055,190.37980192596916,ssp126,inm-cm4-8
106,2056,184.175399374751,ssp126,inm-cm4-8
107,2057,194.51391925030927,ssp126,inm-cm4-8
108,2058,185.61794693292705,ssp126,inm-cm4-8
109,2059,189.04285556714015,ssp126,inm-cm4-8
110,2060,186.37980864784402,ssp126,inm-cm4-8
111,2061,187.51890343757407,ssp126,inm-cm4-8
112,2062,202.98825214564192,ssp126,inm-cm4-8
113,2063,191.60720721286106,ssp126,inm-cm4-8
114,2064,189.36709596276452,ssp126,inm-cm4-8
115,2065,194.90176013148945,ssp126,inm-cm4-8
116,2066,190.41070906456775,ssp126,inm-cm4-8
117,2067,190.2143279826976,ssp126,inm-cm4-8
118,2068,189.7417027377904,ssp126,inm-cm4-8
119,2069,183.81050712955118,ssp126,inm-cm4-8
120,2070,190.93993823504042,ssp126,inm-cm4-8
121,2071,188.1177752773115,ssp126,inm-cm4-8
122,2072,193.17909481816412,ssp126,inm-cm4-8
123,2073,184.92962639702156,ssp126,inm-cm4-8
124,2074,197.28240122897,ssp126,inm-cm4-8
125,2075,198.60383653829058,ssp126,inm-cm4-8
126,2076,186.94217580583725,ssp126,inm-cm4-8
127,2077,190.7348099918273,ssp126,inm-cm4-8
128,2078,184.2296351780971,ssp126,inm-cm4-8
129,2079,185.3006431436946,ssp126,inm-cm4-8
130,2080,192.72155734475257,ssp126,inm-cm4-8
131,2081,191.19727469870554,ssp126,inm-cm4-8
132,2082,193.72335693619968,ssp126,inm-cm4-8
133,2083,195.67467596066572,ssp126,inm-cm4-8
134,2084,195.29373990569317,ssp126,inm-cm4-8
135,2085,194.1955589923541,ssp126,inm-cm4-8
136,2086,189.09069411316938,ssp126,inm-cm4-8
137,2087,192.76850783850418,ssp126,inm-cm4-8
138,2088,190.39689442564583,ssp126,inm-cm4-8
139,2089,188.88345324798908,ssp126,inm-cm4-8
140,2090,189.68126617115885,ssp126,inm-cm4-8
141,2091,190.70380413575143,ssp126,inm-cm4-8
142,2092,188.64552400526213,ssp126,inm-cm4-8
143,2093,191.6641034230334,ssp126,inm-cm4-8
144,2094,184.0207746230115,ssp126,inm-cm4-8
145,2095,192.0248098753137,ssp126,inm-cm4-8
146,2096,190.43610344826823,ssp126,inm-cm4-8
147,2097,187.40523305817996,ssp126,inm-cm4-8
148,2098,181.99234411714752,ssp126,inm-cm4-8
149,2099,181.05769311631792,ssp126,inm-cm4-8
150,2100,190.0158323066028,ssp126,inm-cm4-8
0,1950,183.84120004181628,ssp126,miroc6
1,1951,173.79947817036177,ssp126,miroc6
2,1952,168.58260246048232,ssp126,miroc6
3,1953,167.53749619465574,ssp126,miroc6
4,1954,168.84648669435757,ssp126,miroc6
5,1955,171.95767569926542,ssp126,miroc6
6,1956,192.98303775115195,ssp126,miroc6
7,1957,177.54107401135656,ssp126,miroc6
8,1958,178.449446777938,ssp126,miroc6
9,1959,171.75969155045175,ssp126,miroc6
10,1960,170.15723161535408,ssp126,miroc6
11,1961,174.95012193315182,ssp126,miroc6
12,1962,176.80391068490079,ssp126,miroc6
13,1963,173.01508167758442,ssp126,miroc6
14,1964,175.8733752830971,ssp126,miroc6
15,1965,174.04336059674176,ssp126,miroc6
16,1966,178.8975584576849,ssp126,miroc6
17,1967,172.86685881529226,ssp126,miroc6
18,1968,177.3915549458569,ssp126,miroc6
19,1969,178.331163376583,ssp126,miroc6
20,1970,170.99516338150391,ssp126,miroc6
21,1971,172.8201583433103,ssp126,miroc6
22,1972,179.28791294938324,ssp126,miroc6
23,1973,172.66622092157138,ssp126,miroc6
24,1974,182.91299425284816,ssp126,miroc6
25,1975,171.49822094867457,ssp126,miroc6
26,1976,168.9083403952053,ssp126,miroc6
27,1977,182.16862020082658,ssp126,miroc6
28,1978,182.58772912215076,ssp126,miroc6
29,1979,180.61138299138528,ssp126,miroc6
30,1980,192.03780846996182,ssp126,miroc6
31,1981,177.5496985470793,ssp126,miroc6
32,1982,183.4427773973359,ssp126,miroc6
33,1983,170.12927623841645,ssp126,miroc6
34,1984,181.98119659630407,ssp126,miroc6
35,1985,179.8694862974575,ssp126,miroc6
36,1986,178.44575668169404,ssp126,miroc6
37,1987,183.74124198401222,ssp126,miroc6
38,1988,170.67646531104253,ssp126,miroc6
39,1989,171.2668576030153,ssp126,miroc6
40,1990,173.0330098343883,ssp126,miroc6
41,1991,181.55960351184376,ssp126,miroc6
42,1992,171.47173060996656,ssp126,miroc6
43,1993,190.73395357587725,ssp126,miroc6
44,1994,174.65482180277883,ssp126,miroc6
45,1995,182.4536960533435,ssp126,miroc6
46,1996,183.91651576261114,ssp126,miroc6
47,1997,176.57212478442457,ssp126,miroc6
48,1998,172.35872959140937,ssp126,miroc6
49,1999,179.17681796599373,ssp126,miroc6
50,2000,185.78716215012452,ssp126,miroc6
51,2001,188.79798694043637,ssp126,miroc6
52,2002,191.36473074656124,ssp126,miroc6
53,2003,187.09292896067947,ssp126,miroc6
54,2004,185.0221054029346,ssp126,miroc6
55,2005,194.562533888065,ssp126,miroc6
56,2006,192.31629705619125,ssp126,miroc6
57,2007,188.83283389324694,ssp126,miroc6
58,2008,188.09345501635713,ssp126,miroc6
59,2009,194.2350705578009,ssp126,miroc6
60,2010,187.99225944232504,ssp126,miroc6
61,2011,191.24003692837,ssp126,miroc6
62,2012,185.47358593363867,ssp126,miroc6
63,2013,203.03625191462862,ssp126,miroc6
64,2014,194.28523658499165,ssp126,miroc6
65,2015,194.68170163062325,ssp126,miroc6
66,2016,194.17982461138268,ssp126,miroc6
67,2017,189.3661216712866,ssp126,miroc6
68,2018,182.97105888765432,ssp126,miroc6
69,2019,197.84485714541196,ssp126,miroc6
70,2020,186.28662507734543,ssp126,miroc6
71,2021,191.01497068041294,ssp126,miroc6
72,2022,190.36165820898313,ssp126,miroc6
73,2023,195.93656102760374,ssp126,miroc6
74,2024,202.55711741261217,ssp126,miroc6
75,2025,195.20358293869631,ssp126,miroc6
76,2026,195.8632726200741,ssp126,miroc6
77,2027,191.97252341465241,ssp126,miroc6
78,2028,191.89596532983182,ssp126,miroc6
79,2029,202.22727829083394,ssp126,miroc6
80,2030,209.48794395872392,ssp126,miroc6
81,2031,199.11600693164868,ssp126,miroc6
82,2032,200.89474242507072,ssp126,miroc6
83,2033,195.8329103517391,ssp126,miroc6
84,2034,196.37217888024765,ssp126,miroc6
85,2035,192.19622434077442,ssp126,miroc6
86,2036,195.1247874914749,ssp126,miroc6
87,2037,207.01023509059175,ssp126,miroc6
88,2038,200.70835217465077,ssp126,miroc6
89,2039,203.3187843216051,ssp126,miroc6
90,2040,195.01377268205692,ssp126,miroc6
91,2041,196.13075082680277,ssp126,miroc6
92,2042,196.04965493540553,ssp126,miroc6
93,2043,200.31892245218796,ssp126,miroc6
94,2044,202.39347172140694,ssp126,miroc6
95,2045,200.9244529072491,ssp126,miroc6
96,2046,207.94833790660746,ssp126,miroc6
97,2047,206.12327159551543,ssp126,miroc6
98,2048,198.1938423321607,ssp126,miroc6
99,2049,204.44751517956718,ssp126,miroc6
100,2050,214.26061916910328,ssp126,miroc6
101,2051,205.0540160109595,ssp126,miroc6
102,2052,203.9311083004006,ssp126,miroc6
103,2053,196.85067855358687,ssp126,miroc6
104,2054,197.14322641470153,ssp126,miroc6
105,2055,214.40724459310283,ssp126,miroc6
106,2056,218.15131358258435,ssp126,miroc6
107,2057,210.40286677724814,ssp126,miroc6
108,2058,199.2964837727632,ssp126,miroc6
109,2059,204.5307173149262,ssp126,miroc6
110,2060,201.1443416093078,ssp126,miroc6
111,2061,203.27040983014626,ssp126,miroc6
112,2062,212.07543514488972,ssp126,miroc6
113,2063,204.36217009423734,ssp126,miroc6
114,2064,205.46025060011942,ssp126,miroc6
115,2065,204.7524015359901,ssp126,miroc6
116,2066,205.9944096355295,ssp126,miroc6
117,2067,205.59493221155356,ssp126,miroc6
118,2068,208.12625468806786,ssp126,miroc6
119,2069,209.15118398425417,ssp126,miroc6
120,2070,204.3303302867255,ssp126,miroc6
121,2071,207.48906400795744,ssp126,miroc6
122,2072,205.88410555265423,ssp126,miroc6
123,2073,206.87997230263636,ssp126,miroc6
124,2074,209.10123382598448,ssp126,miroc6
125,2075,188.4736638138747,ssp126,miroc6
126,2076,203.92479604154542,ssp126,miroc6
127,2077,200.05770191582016,ssp126,miroc6
128,2078,209.40968260074268,ssp126,miroc6
129,2079,204.26499550655132,ssp126,miroc6
130,2080,188.4949406638974,ssp126,miroc6
131,2081,199.71023309122552,ssp126,miroc6
132,2082,206.5104518618319,ssp126,miroc6
133,2083,199.62556234079636,ssp126,miroc6
134,2084,203.55656440602857,ssp126,miroc6
135,2085,206.90124812255985,ssp126,miroc6
136,2086,216.29295011745708,ssp126,miroc6
137,2087,216.90118665159898,ssp126,miroc6
138,2088,198.58883158867525,ssp126,miroc6
139,2089,197.23363357723494,ssp126,miroc6
140,2090,201.65910884853574,ssp126,miroc6
141,2091,204.7263381651931,ssp126,miroc6
142,2092,201.80184301790885,ssp126,miroc6
143,2093,210.5999412831297,ssp126,miroc6
144,2094,200.272724493693,ssp126,miroc6
145,2095,214.52239802441957,ssp126,miroc6
146,2096,203.52154562713213,ssp126,miroc6
147,2097,203.49638230729002,ssp126,miroc6
148,2098,196.7011641823337,ssp126,miroc6
149,2099,201.57316547031593,ssp126,miroc6
150,2100,210.01748809258888,ssp126,miroc6
0,1950,166.7558108861412,ssp126,mri-esm2-0
1,1951,174.32319384997223,ssp126,mri-esm2-0
2,1952,174.58106960597482,ssp126,mri-esm2-0
3,1953,167.58235739563526,ssp126,mri-esm2-0
4,1954,168.96795916143637,ssp126,mri-esm2-0
5,1955,178.14789853749645,ssp126,mri-esm2-0
6,1956,176.0842540109977,ssp126,mri-esm2-0
7,1957,179.26836679605432,ssp126,mri-esm2-0
8,1958,179.73701360067705,ssp126,mri-esm2-0
9,1959,166.11535265397097,ssp126,mri-esm2-0
10,1960,177.0162385066842,ssp126,mri-esm2-0
11,1961,169.12728763372468,ssp126,mri-esm2-0
12,1962,169.77072734039785,ssp126,mri-esm2-0
13,1963,162.69272767130892,ssp126,mri-esm2-0
14,1964,168.49450910748345,ssp126,mri-esm2-0
15,1965,168.04102705067868,ssp126,mri-esm2-0
16,1966,173.37725505611192,ssp126,mri-esm2-0
17,1967,176.80510210633219,ssp126,mri-esm2-0
18,1968,169.92722823551705,ssp126,mri-esm2-0
19,1969,165.14087688759346,ssp126,mri-esm2-0
20,1970,179.0271282009613,ssp126,mri-esm2-0
21,1971,174.70882481238246,ssp126,mri-esm2-0
22,1972,170.86058704795192,ssp126,mri-esm2-0
23,1973,177.59522784082074,ssp126,mri-esm2-0
24,1974,173.80520810561646,ssp126,mri-esm2-0
25,1975,171.02882064093157,ssp126,mri-esm2-0
26,1976,166.59403307463108,ssp126,mri-esm2-0
27,1977,174.75152800926125,ssp126,mri-esm2-0
28,1978,176.94321112490482,ssp126,mri-esm2-0
29,1979,174.8032703421661,ssp126,mri-esm2-0
30,1980,166.7402387789905,ssp126,mri-esm2-0
31,1981,178.32998979299146,ssp126,mri-esm2-0
32,1982,166.7454971084924,ssp126,mri-esm2-0
33,1983,174.1804744862537,ssp126,mri-esm2-0
34,1984,175.96818736308504,ssp126,mri-esm2-0
35,1985,181.2923354038972,ssp126,mri-esm2-0
36,1986,169.17147403163742,ssp126,mri-esm2-0
37,1987,159.10264678707762,ssp126,mri-esm2-0
38,1988,176.4239879732778,ssp126,mri-esm2-0
39,1989,167.6938454346027,ssp126,mri-esm2-0
40,1990,172.00580027566474,ssp126,mri-esm2-0
41,1991,183.52303895500617,ssp126,mri-esm2-0
42,1992,172.49140272278328,ssp126,mri-esm2-0
43,1993,165.62707761404147,ssp126,mri-esm2-0
44,1994,180.88083461438632,ssp126,mri-esm2-0
45,1995,176.58097646228617,ssp126,mri-esm2-0
46,1996,176.15021066831886,ssp126,mri-esm2-0
47,1997,170.9935001226601,ssp126,mri-esm2-0
48,1998,176.94673674615552,ssp126,mri-esm2-0
49,1999,180.00926145084236,ssp126,mri-esm2-0
50,2000,184.63188850778494,ssp126,mri-esm2-0
51,2001,179.16164209969685,ssp126,mri-esm2-0
52,2002,174.4382070135984,ssp126,mri-esm2-0
53,2003,177.72675031431996,ssp126,mri-esm2-0
54,2004,183.57381256683604,ssp126,mri-esm2-0
55,2005,184.32022026127163,ssp126,mri-esm2-0
56,2006,185.77427569024383,ssp126,mri-esm2-0
57,2007,185.00540884642882,ssp126,mri-esm2-0
58,2008,176.67874828540187,ssp126,mri-esm2-0
59,2009,178.64331578049755,ssp126,mri-esm2-0
60,2010,182.69410813731787,ssp126,mri-esm2-0
61,2011,188.5180140577039,ssp126,mri-esm2-0
62,2012,182.65076914268124,ssp126,mri-esm2-0
63,2013,187.2452544798881,ssp126,mri-esm2-0
64,2014,187.98483729779488,ssp126,mri-esm2-0
65,2015,185.4707524869094,ssp126,mri-esm2-0
66,2016,188.8509775726773,ssp126,mri-esm2-0
67,2017,180.4123961974509,ssp126,mri-esm2-0
68,2018,187.91791203157564,ssp126,mri-esm2-0
69,2019,189.04034765841632,ssp126,mri-esm2-0
70,2020,187.29105468054607,ssp126,mri-esm2-0
71,2021,188.733723567167,ssp126,mri-esm2-0
72,2022,187.05651841753874,ssp126,mri-esm2-0
73,2023,187.92928723751467,ssp126,mri-esm2-0
74,2024,187.8651265539259,ssp126,mri-esm2-0
75,2025,191.96115219212663,ssp126,mri-esm2-0
76,2026,197.83206158658498,ssp126,mri-esm2-0
77,2027,203.86701331697253,ssp126,mri-esm2-0
78,2028,206.80463397138098,ssp126,mri-esm2-0
79,2029,188.14035779357255,ssp126,mri-esm2-0
80,2030,195.77955524783044,ssp126,mri-esm2-0
81,2031,195.69301399102454,ssp126,mri-esm2-0
82,2032,194.11816557371068,ssp126,mri-esm2-0
83,2033,198.78656828955002,ssp126,mri-esm2-0
84,2034,201.37941958067387,ssp126,mri-esm2-0
85,2035,191.53189485017225,ssp126,mri-esm2-0
86,2036,200.50804497916823,ssp126,mri-esm2-0
87,2037,202.2322575979592,ssp126,mri-esm2-0
88,2038,203.102863812441,ssp126,mri-esm2-0
89,2039,184.10325619127076,ssp126,mri-esm2-0
90,2040,206.25927476424934,ssp126,mri-esm2-0
91,2041,190.59836142137897,ssp126,mri-esm2-0
92,2042,195.72654564922232,ssp126,mri-esm2-0
93,2043,200.05944447498527,ssp126,mri-esm2-0
94,2044,202.03979826004476,ssp126,mri-esm2-0
95,2045,194.56913147191818,ssp126,mri-esm2-0
96,2046,196.00959117995657,ssp126,mri-esm2-0
97,2047,200.00717932315658,ssp126,mri-esm2-0
98,2048,201.7631226688595,ssp126,mri-esm2-0
99,2049,186.41707379291003,ssp126,mri-esm2-0
100,2050,190.45933261262073,ssp126,mri-esm2-0
101,2051,197.2061198475426,ssp126,mri-esm2-0
102,2052,198.78381194581118,ssp126,mri-esm2-0
103,2053,202.0324520504366,ssp126,mri-esm2-0
104,2054,196.08039272184948,ssp126,mri-esm2-0
105,2055,199.05822975528406,ssp126,mri-esm2-0
106,2056,201.77898426188824,ssp126,mri-esm2-0
107,2057,195.33224804237523,ssp126,mri-esm2-0
108,2058,198.0564927378521,ssp126,mri-esm2-0
109,2059,191.811387559456,ssp126,mri-esm2-0
110,2060,192.0232678518318,ssp126,mri-esm2-0
111,2061,199.98660627805396,ssp126,mri-esm2-0
112,2062,204.9940932949431,ssp126,mri-esm2-0
113,2063,189.84791558504403,ssp126,mri-esm2-0
114,2064,214.22080376711824,ssp126,mri-esm2-0
115,2065,202.73262364016546,ssp126,mri-esm2-0
116,2066,207.85809617630224,ssp126,mri-esm2-0
117,2067,206.0362008553621,ssp126,mri-esm2-0
118,2068,206.98105723074636,ssp126,mri-esm2-0
119,2069,207.9658611758871,ssp126,mri-esm2-0
120,2070,192.6799465894795,ssp126,mri-esm2-0
121,2071,198.55998295702537,ssp126,mri-esm2-0
122,2072,197.83005735040976,ssp126,mri-esm2-0
123,2073,200.43884116668983,ssp126,mri-esm2-0
124,2074,193.1899020948953,ssp126,mri-esm2-0
125,2075,184.34285382162398,ssp126,mri-esm2-0
126,2076,196.75334967011526,ssp126,mri-esm2-0
127,2077,200.07041195233683,ssp126,mri-esm2-0
128,2078,196.27310931282628,ssp126,mri-esm2-0
129,2079,200.44314324391988,ssp126,mri-esm2-0
130,2080,199.39976923202877,ssp126,mri-esm2-0
131,2081,197.32829587718035,ssp126,mri-esm2-0
132,2082,195.4884457666388,ssp126,mri-esm2-0
133,2083,196.73497850645398,ssp126,mri-esm2-0
134,2084,205.0567814882624,ssp126,mri-esm2-0
135,2085,189.2969017389589,ssp126,mri-esm2-0
136,2086,196.10966058980208,ssp126,mri-esm2-0
137,2087,188.5012411384392,ssp126,mri-esm2-0
138,2088,198.6146253815154,ssp126,mri-esm2-0
139,2089,189.2760749207059,ssp126,mri-esm2-0
140,2090,200.73445476820999,ssp126,mri-esm2-0
141,2091,197.197338012365,ssp126,mri-esm2-0
142,2092,207.2555113613105,ssp126,mri-esm2-0
143,2093,184.76082601145228,ssp126,mri-esm2-0
144,2094,201.4646694099262,ssp126,mri-esm2-0
145,2095,190.73056441767335,ssp126,mri-esm2-0
146,2096,196.05196787571714,ssp126,mri-esm2-0
147,2097,185.29482123593425,ssp126,mri-esm2-0
148,2098,195.1004817930306,ssp126,mri-esm2-0
149,2099,188.40352429335505,ssp126,mri-esm2-0
150,2100,184.5944345814147,ssp126,mri-esm2-0
0,1950,173.1468268255756,ssp126,mpi-esm1-2-hr
1,1951,167.42385426167917,ssp126,mpi-esm1-2-hr
2,1952,174.2780845217454,ssp126,mpi-esm1-2-hr
3,1953,172.62748092278025,ssp126,mpi-esm1-2-hr
4,1954,170.82173480924104,ssp126,mpi-esm1-2-hr
5,1955,167.28293057654113,ssp126,mpi-esm1-2-hr
6,1956,177.05361178709083,ssp126,mpi-esm1-2-hr
7,1957,169.3051529694296,ssp126,mpi-esm1-2-hr
8,1958,174.99139374224129,ssp126,mpi-esm1-2-hr
9,1959,174.54524961792427,ssp126,mpi-esm1-2-hr
10,1960,172.34387344218655,ssp126,mpi-esm1-2-hr
11,1961,171.67922578625797,ssp126,mpi-esm1-2-hr
12,1962,176.45823584145094,ssp126,mpi-esm1-2-hr
13,1963,170.65732066055605,ssp126,mpi-esm1-2-hr
14,1964,184.65546542323418,ssp126,mpi-esm1-2-hr
15,1965,174.89312613049975,ssp126,mpi-esm1-2-hr
16,1966,184.13878622998598,ssp126,mpi-esm1-2-hr
17,1967,172.4362504458993,ssp126,mpi-esm1-2-hr
18,1968,176.98630177310355,ssp126,mpi-esm1-2-hr
19,1969,167.35875835256894,ssp126,mpi-esm1-2-hr
20,1970,177.19628316074292,ssp126,mpi-esm1-2-hr
21,1971,181.3946626600061,ssp126,mpi-esm1-2-hr
22,1972,177.41478912911853,ssp126,mpi-esm1-2-hr
23,1973,185.40999616061382,ssp126,mpi-esm1-2-hr
24,1974,173.8869991535104,ssp126,mpi-esm1-2-hr
25,1975,175.87888843040272,ssp126,mpi-esm1-2-hr
26,1976,174.99665429836983,ssp126,mpi-esm1-2-hr
27,1977,171.1220381716466,ssp126,mpi-esm1-2-hr
28,1978,166.48035524413675,ssp126,mpi-esm1-2-hr
29,1979,179.32299118429526,ssp126,mpi-esm1-2-hr
30,1980,193.01147913680435,ssp126,mpi-esm1-2-hr
31,1981,171.42163170591692,ssp126,mpi-esm1-2-hr
32,1982,179.4505136032125,ssp126,mpi-esm1-2-hr
33,1983,163.48494074866832,ssp126,mpi-esm1-2-hr
34,1984,173.82946264642075,ssp126,mpi-esm1-2-hr
35,1985,180.89404335315177,ssp126,mpi-esm1-2-hr
36,1986,175.0471608864311,ssp126,mpi-esm1-2-hr
37,1987,178.56390443139725,ssp126,mpi-esm1-2-hr
38,1988,179.92996982232663,ssp126,mpi-esm1-2-hr
39,1989,185.71720008923427,ssp126,mpi-esm1-2-hr
40,1990,183.61080387154055,ssp126,mpi-esm1-2-hr
41,1991,178.43591899635894,ssp126,mpi-esm1-2-hr
42,1992,166.2315813596623,ssp126,mpi-esm1-2-hr
43,1993,175.21762037851133,ssp126,mpi-esm1-2-hr
44,1994,179.03157174281992,ssp126,mpi-esm1-2-hr
45,1995,174.68927355350934,ssp126,mpi-esm1-2-hr
46,1996,189.89032101476522,ssp126,mpi-esm1-2-hr
47,1997,183.58236117616053,ssp126,mpi-esm1-2-hr
48,1998,175.52381575444764,ssp126,mpi-esm1-2-hr
49,1999,175.0859257115568,ssp126,mpi-esm1-2-hr
50,2000,174.30219803574255,ssp126,mpi-esm1-2-hr
51,2001,180.4689396979618,ssp126,mpi-esm1-2-hr
52,2002,190.18139601086216,ssp126,mpi-esm1-2-hr
53,2003,180.07609586053098,ssp126,mpi-esm1-2-hr
54,2004,180.25271348415737,ssp126,mpi-esm1-2-hr
55,2005,185.3262245494694,ssp126,mpi-esm1-2-hr
56,2006,187.33796766923703,ssp126,mpi-esm1-2-hr
57,2007,197.54228707610633,ssp126,mpi-esm1-2-hr
58,2008,192.19514552245093,ssp126,mpi-esm1-2-hr
59,2009,180.25719213226114,ssp126,mpi-esm1-2-hr
60,2010,184.06797078295767,ssp126,mpi-esm1-2-hr
61,2011,184.53631938928825,ssp126,mpi-esm1-2-hr
62,2012,185.41184086330588,ssp126,mpi-esm1-2-hr
63,2013,191.50607628110947,ssp126,mpi-esm1-2-hr
64,2014,184.71662397709974,ssp126,mpi-esm1-2-hr
65,2015,200.01847642017174,ssp126,mpi-esm1-2-hr
66,2016,191.03176690361812,ssp126,mpi-esm1-2-hr
67,2017,183.7681532190688,ssp126,mpi-esm1-2-hr
68,2018,188.65455491879044,ssp126,mpi-esm1-2-hr
69,2019,194.89715615630237,ssp126,mpi-esm1-2-hr
70,2020,185.46583810652123,ssp126,mpi-esm1-2-hr
71,2021,195.15345381464013,ssp126,mpi-esm1-2-hr
72,2022,198.54909177322972,ssp126,mpi-esm1-2-hr
73,2023,187.4617186240065,ssp126,mpi-esm1-2-hr
74,2024,189.10046987246233,ssp126,mpi-esm1-2-hr
75,2025,203.06053957055678,ssp126,mpi-esm1-2-hr
76,2026,194.51851800133602,ssp126,mpi-esm1-2-hr
77,2027,188.4696646256974,ssp126,mpi-esm1-2-hr
78,2028,194.0943821872519,ssp126,mpi-esm1-2-hr
79,2029,199.14247282344115,ssp126,mpi-esm1-2-hr
80,2030,196.98746713711864,ssp126,mpi-esm1-2-hr
81,2031,185.29638901220252,ssp126,mpi-esm1-2-hr
82,2032,193.31103404095597,ssp126,mpi-esm1-2-hr
83,2033,184.13934459865123,ssp126,mpi-esm1-2-hr
84,2034,188.13401655980942,ssp126,mpi-esm1-2-hr
85,2035,204.7440618044291,ssp126,mpi-esm1-2-hr
86,2036,195.73688393971804,ssp126,mpi-esm1-2-hr
87,2037,194.20044834029233,ssp126,mpi-esm1-2-hr
88,2038,197.72640348422638,ssp126,mpi-esm1-2-hr
89,2039,191.56567731373582,ssp126,mpi-esm1-2-hr
90,2040,195.12546470230413,ssp126,mpi-esm1-2-hr
91,2041,196.5007444774454,ssp126,mpi-esm1-2-hr
92,2042,209.48997666499162,ssp126,mpi-esm1-2-hr
93,2043,189.29356149607915,ssp126,mpi-esm1-2-hr
94,2044,205.06454028708106,ssp126,mpi-esm1-2-hr
95,2045,198.62855007874907,ssp126,mpi-esm1-2-hr
96,2046,194.27584480863484,ssp126,mpi-esm1-2-hr
97,2047,192.19927242473673,ssp126,mpi-esm1-2-hr
98,2048,202.13650186660854,ssp126,mpi-esm1-2-hr
99,2049,195.01844324371433,ssp126,mpi-esm1-2-hr
100,2050,194.76348440369358,ssp126,mpi-esm1-2-hr
101,2051,192.57217867556523,ssp126,mpi-esm1-2-hr
102,2052,200.41722924911429,ssp126,mpi-esm1-2-hr
103,2053,197.43641994695886,ssp126,mpi-esm1-2-hr
104,2054,197.65574912693785,ssp126,mpi-esm1-2-hr
105,2055,193.6229421886388,ssp126,mpi-esm1-2-hr
106,2056,205.1689275864774,ssp126,mpi-esm1-2-hr
107,2057,188.08412434532144,ssp126,mpi-esm1-2-hr
108,2058,181.10405472064215,ssp126,mpi-esm1-2-hr
109,2059,197.5449605877387,ssp126,mpi-esm1-2-hr
110,2060,203.92427638244158,ssp126,mpi-esm1-2-hr
111,2061,199.07537295939537,ssp126,mpi-esm1-2-hr
112,2062,197.07340611890967,ssp126,mpi-esm1-2-hr
113,2063,195.8278970479222,ssp126,mpi-esm1-2-hr
114,2064,197.65310142912477,ssp126,mpi-esm1-2-hr
115,2065,191.20709212490274,ssp126,mpi-esm1-2-hr
116,2066,196.16367383285237,ssp126,mpi-esm1-2-hr
117,2067,204.36598286026324,ssp126,mpi-esm1-2-hr
118,2068,198.36972307763062,ssp126,mpi-esm1-2-hr
119,2069,197.35774403421664,ssp126,mpi-esm1-2-hr
120,2070,203.43873915683244,ssp126,mpi-esm1-2-hr
121,2071,205.2213941628921,ssp126,mpi-esm1-2-hr
122,2072,197.998365943056,ssp126,mpi-esm1-2-hr
123,2073,189.03260594385125,ssp126,mpi-esm1-2-hr
124,2074,203.2209247001293,ssp126,mpi-esm1-2-hr
125,2075,188.25894904542628,ssp126,mpi-esm1-2-hr
126,2076,197.52518029496457,ssp126,mpi-esm1-2-hr
127,2077,202.96144913642797,ssp126,mpi-esm1-2-hr
128,2078,194.9705836694286,ssp126,mpi-esm1-2-hr
129,2079,195.67142258184836,ssp126,mpi-esm1-2-hr
130,2080,193.31774389805307,ssp126,mpi-esm1-2-hr
131,2081,184.24592366306996,ssp126,mpi-esm1-2-hr
132,2082,194.27664987071225,ssp126,mpi-esm1-2-hr
133,2083,202.548155228086,ssp126,mpi-esm1-2-hr
134,2084,184.77495783263487,ssp126,mpi-esm1-2-hr
135,2085,194.14291881949148,ssp126,mpi-esm1-2-hr
136,2086,200.40638351433128,ssp126,mpi-esm1-2-hr
137,2087,196.89219365517584,ssp126,mpi-esm1-2-hr
138,2088,191.64428605511463,ssp126,mpi-esm1-2-hr
139,2089,199.72506951046552,ssp126,mpi-esm1-2-hr
140,2090,196.39308235161252,ssp126,mpi-esm1-2-hr
141,2091,192.43741709633127,ssp126,mpi-esm1-2-hr
142,2092,188.1743763433921,ssp126,mpi-esm1-2-hr
143,2093,200.49103275858639,ssp126,mpi-esm1-2-hr
144,2094,198.52341772992375,ssp126,mpi-esm1-2-hr
145,2095,199.50057774296127,ssp126,mpi-esm1-2-hr
146,2096,188.35313275648716,ssp126,mpi-esm1-2-hr
147,2097,191.70449661634714,ssp126,mpi-esm1-2-hr
148,2098,186.71503460449028,ssp126,mpi-esm1-2-hr
149,2099,181.92981119896714,ssp126,mpi-esm1-2-hr
150,2100,192.03008579194446,ssp126,mpi-esm1-2-hr
0,1950,170.50583073388822,ssp126,bcc-csm2-mr
1,1951,174.99925426521818,ssp126,bcc-csm2-mr
2,1952,181.24497277179802,ssp126,bcc-csm2-mr
3,1953,179.86554369832993,ssp126,bcc-csm2-mr
4,1954,184.8336034096639,ssp126,bcc-csm2-mr
5,1955,169.06761323142308,ssp126,bcc-csm2-mr
6,1956,178.2506593719932,ssp126,bcc-csm2-mr
7,1957,170.43171600511891,ssp126,bcc-csm2-mr
8,1958,176.7833188332918,ssp126,bcc-csm2-mr
9,1959,173.43667917306954,ssp126,bcc-csm2-mr
10,1960,171.1809136611524,ssp126,bcc-csm2-mr
11,1961,182.33956547487074,ssp126,bcc-csm2-mr
12,1962,173.58131363685484,ssp126,bcc-csm2-mr
13,1963,188.23823275301643,ssp126,bcc-csm2-mr
14,1964,171.0841499072161,ssp126,bcc-csm2-mr
15,1965,163.61717298245085,ssp126,bcc-csm2-mr
16,1966,189.70984829161253,ssp126,bcc-csm2-mr
17,1967,169.50102749821593,ssp126,bcc-csm2-mr
18,1968,168.61299127846777,ssp126,bcc-csm2-mr
19,1969,171.47260896959844,ssp126,bcc-csm2-mr
20,1970,174.341016884009,ssp126,bcc-csm2-mr
21,1971,177.80633306238823,ssp126,bcc-csm2-mr
22,1972,173.8169578703251,ssp126,bcc-csm2-mr
23,1973,185.84926632597856,ssp126,bcc-csm2-mr
24,1974,172.86723923567232,ssp126,bcc-csm2-mr
25,1975,177.53779446600706,ssp126,bcc-csm2-mr
26,1976,173.4478576553383,ssp126,bcc-csm2-mr
27,1977,171.30507971917334,ssp126,bcc-csm2-mr
28,1978,175.34931371085216,ssp126,bcc-csm2-mr
29,1979,173.80697607658522,ssp126,bcc-csm2-mr
30,1980,164.1157276220913,ssp126,bcc-csm2-mr
31,1981,175.7612965349265,ssp126,bcc-csm2-mr
32,1982,174.41223319400058,ssp126,bcc-csm2-mr
33,1983,165.7010412868262,ssp126,bcc-csm2-mr
34,1984,176.21669056032297,ssp126,bcc-csm2-mr
35,1985,178.4822419528611,ssp126,bcc-csm2-mr
36,1986,184.05683990803345,ssp126,bcc-csm2-mr
37,1987,174.94763791538594,ssp126,bcc-csm2-mr
38,1988,173.41719871666947,ssp126,bcc-csm2-mr
39,1989,177.25219318560062,ssp126,bcc-csm2-mr
40,1990,169.6279252192851,ssp126,bcc-csm2-mr
41,1991,174.8780599810451,ssp126,bcc-csm2-mr
42,1992,165.57344220500545,ssp126,bcc-csm2-mr
43,1993,177.367553532552,ssp126,bcc-csm2-mr
44,1994,183.20717966746196,ssp126,bcc-csm2-mr
45,1995,182.795631477982,ssp126,bcc-csm2-mr
46,1996,173.74346248930368,ssp126,bcc-csm2-mr
47,1997,173.78216088239895,ssp126,bcc-csm2-mr
48,1998,184.37905964210756,ssp126,bcc-csm2-mr
49,1999,180.93981344009217,ssp126,bcc-csm2-mr
50,2000,179.44589048353745,ssp126,bcc-csm2-mr
51,2001,190.61248434919355,ssp126,bcc-csm2-mr
52,2002,178.64241116381845,ssp126,bcc-csm2-mr
53,2003,182.65795790114925,ssp126,bcc-csm2-mr
54,2004,177.35923525753245,ssp126,bcc-csm2-mr
55,2005,181.7187646688734,ssp126,bcc-csm2-mr
56,2006,177.87667759973593,ssp126,bcc-csm2-mr
57,2007,178.1174180805923,ssp126,bcc-csm2-mr
58,2008,183.14973301840985,ssp126,bcc-csm2-mr
59,2009,184.7982546546963,ssp126,bcc-csm2-mr
60,2010,179.36159693782977,ssp126,bcc-csm2-mr
61,2011,181.62319390475818,ssp126,bcc-csm2-mr
62,2012,191.44549750217843,ssp126,bcc-csm2-mr
63,2013,184.45402808478,ssp126,bcc-csm2-mr
64,2014,182.07344814213616,ssp126,bcc-csm2-mr
65,2015,188.00863966218537,ssp126,bcc-csm2-mr
66,2016,183.5717782261208,ssp126,bcc-csm2-mr
67,2017,180.24597279560282,ssp126,bcc-csm2-mr
68,2018,180.7819244833893,ssp126,bcc-csm2-mr
69,2019,183.37084457010593,ssp126,bcc-csm2-mr
70,2020,185.308204808576,ssp126,bcc-csm2-mr
71,2021,186.18913982451647,ssp126,bcc-csm2-mr
72,2022,192.2297610908304,ssp126,bcc-csm2-mr
73,2023,190.0243422877426,ssp126,bcc-csm2-mr
74,2024,181.45893558350826,ssp126,bcc-csm2-mr
75,2025,192.28439970118941,ssp126,bcc-csm2-mr
76,2026,190.16811000650415,ssp126,bcc-csm2-mr
77,2027,184.05493121078806,ssp126,bcc-csm2-mr
78,2028,199.318458062321,ssp126,bcc-csm2-mr
79,2029,198.06622099547204,ssp126,bcc-csm2-mr
80,2030,194.1440446215481,ssp126,bcc-csm2-mr
81,2031,186.82161482528636,ssp126,bcc-csm2-mr
82,2032,195.1068980158117,ssp126,bcc-csm2-mr
83,2033,185.92646267262083,ssp126,bcc-csm2-mr
84,2034,191.94656301780864,ssp126,bcc-csm2-mr
85,2035,200.0692024838451,ssp126,bcc-csm2-mr
86,2036,186.06867434436109,ssp126,bcc-csm2-mr
87,2037,192.6283045561264,ssp126,bcc-csm2-mr
88,2038,193.45888830927913,ssp126,bcc-csm2-mr
89,2039,187.59867597997544,ssp126,bcc-csm2-mr
90,2040,185.6417290335682,ssp126,bcc-csm2-mr
91,2041,188.4080488976739,ssp126,bcc-csm2-mr
92,2042,189.9125647513361,ssp126,bcc-csm2-mr
93,2043,198.13255707528214,ssp126,bcc-csm2-mr
94,2044,190.47638336071242,ssp126,bcc-csm2-mr
95,2045,197.42005443288846,ssp126,bcc-csm2-mr
96,2046,207.44280342387316,ssp126,bcc-csm2-mr
97,2047,192.51427265742905,ssp126,bcc-csm2-mr
98,2048,186.74937705268073,ssp126,bcc-csm2-mr
99,2049,184.1574026532283,ssp126,bcc-csm2-mr
100,2050,190.5752484302021,ssp126,bcc-csm2-mr
101,2051,188.72823663284075,ssp126,bcc-csm2-mr
102,2052,201.08309749126548,ssp126,bcc-csm2-mr
103,2053,187.40712056334112,ssp126,bcc-csm2-mr
104,2054,194.24920459351895,ssp126,bcc-csm2-mr
105,2055,187.18773291942586,ssp126,bcc-csm2-mr
106,2056,191.9460033414774,ssp126,bcc-csm2-mr
107,2057,200.2138578823711,ssp126,bcc-csm2-mr
108,2058,200.6690539115678,ssp126,bcc-csm2-mr
109,2059,193.487704449786,ssp126,bcc-csm2-mr
110,2060,195.74725131965997,ssp126,bcc-csm2-mr
111,2061,185.8905730038066,ssp126,bcc-csm2-mr
112,2062,202.2788766753373,ssp126,bcc-csm2-mr
113,2063,196.79056094140404,ssp126,bcc-csm2-mr
114,2064,192.53084872244074,ssp126,bcc-csm2-mr
115,2065,192.36673673154505,ssp126,bcc-csm2-mr
116,2066,185.51730674965086,ssp126,bcc-csm2-mr
117,2067,186.27751648642362,ssp126,bcc-csm2-mr
118,2068,196.53449442879653,ssp126,bcc-csm2-mr
119,2069,193.6184785579979,ssp126,bcc-csm2-mr
120,2070,191.13671907182865,ssp126,bcc-csm2-mr
121,2071,190.65968570087912,ssp126,bcc-csm2-mr
122,2072,187.38472657453536,ssp126,bcc-csm2-mr
123,2073,193.1753046620301,ssp126,bcc-csm2-mr
124,2074,202.2500394744291,ssp126,bcc-csm2-mr
125,2075,202.31412280071356,ssp126,bcc-csm2-mr
126,2076,188.52468080409201,ssp126,bcc-csm2-mr
127,2077,191.9509699665706,ssp126,bcc-csm2-mr
128,2078,198.5507841352621,ssp126,bcc-csm2-mr
129,2079,203.9931398426175,ssp126,bcc-csm2-mr
130,2080,186.6119553763862,ssp126,bcc-csm2-mr
131,2081,190.1817937623453,ssp126,bcc-csm2-mr
132,2082,206.66087861206088,ssp126,bcc-csm2-mr
133,2083,201.72709670585422,ssp126,bcc-csm2-mr
134,2084,202.04197631341844,ssp126,bcc-csm2-mr
135,2085,192.4549911630961,ssp126,bcc-csm2-mr
136,2086,187.58979854393976,ssp126,bcc-csm2-mr
137,2087,200.1079775430894,ssp126,bcc-csm2-mr
138,2088,197.72428877952498,ssp126,bcc-csm2-mr
139,2089,206.2798509130783,ssp126,bcc-csm2-mr
140,2090,200.09968631844006,ssp126,bcc-csm2-mr
141,2091,189.71179567827863,ssp126,bcc-csm2-mr
142,2092,198.26759914241933,ssp126,bcc-csm2-mr
143,2093,200.1154524933167,ssp126,bcc-csm2-mr
144,2094,191.37857422205752,ssp126,bcc-csm2-mr
145,2095,204.56990620498925,ssp126,bcc-csm2-mr
146,2096,187.78794187039756,ssp126,bcc-csm2-mr
147,2097,201.67035051129557,ssp126,bcc-csm2-mr
148,2098,198.76032142726822,ssp126,bcc-csm2-mr
149,2099,202.0940028972244,ssp126,bcc-csm2-mr
150,2100,192.59552914207217,ssp126,bcc-csm2-mr
0,1950,156.7615971025957,ssp126,access-esm1-5
1,1951,167.5067127897621,ssp126,access-esm1-5
2,1952,164.55593350652873,ssp126,access-esm1-5
3,1953,172.33400095740453,ssp126,access-esm1-5
4,1954,164.79688448782778,ssp126,access-esm1-5
5,1955,169.20013487633562,ssp126,access-esm1-5
6,1956,178.46919176454497,ssp126,access-esm1-5
7,1957,166.60672832069687,ssp126,access-esm1-5
8,1958,174.58779703113257,ssp126,access-esm1-5
9,1959,162.01259633927552,ssp126,access-esm1-5
10,1960,167.72925684515423,ssp126,access-esm1-5
11,1961,168.263186788674,ssp126,access-esm1-5
12,1962,167.93481167445867,ssp126,access-esm1-5
13,1963,162.27131638735133,ssp126,access-esm1-5
14,1964,165.43623345952858,ssp126,access-esm1-5
15,1965,169.38200938278365,ssp126,access-esm1-5
16,1966,169.84320331342693,ssp126,access-esm1-5
17,1967,168.11736459775986,ssp126,access-esm1-5
18,1968,162.7986481066369,ssp126,access-esm1-5
19,1969,176.19651269245782,ssp126,access-esm1-5
20,1970,174.34446232682026,ssp126,access-esm1-5
21,1971,171.4675954755258,ssp126,access-esm1-5
22,1972,175.8074610875617,ssp126,access-esm1-5
23,1973,169.1482506548932,ssp126,access-esm1-5
24,1974,168.19738140510992,ssp126,access-esm1-5
25,1975,172.34912326857935,ssp126,access-esm1-5
26,1976,171.80795361179315,ssp126,access-esm1-5
27,1977,176.79802663261864,ssp126,access-esm1-5
28,1978,176.49618867835645,ssp126,access-esm1-5
29,1979,169.57877537123613,ssp126,access-esm1-5
30,1980,171.866241819688,ssp126,access-esm1-5
31,1981,167.8237377041817,ssp126,access-esm1-5
32,1982,168.69790466449328,ssp126,access-esm1-5
33,1983,169.47089324268805,ssp126,access-esm1-5
34,1984,167.93403045503564,ssp126,access-esm1-5
35,1985,170.57459074779266,ssp126,access-esm1-5
36,1986,163.82973466287177,ssp126,access-esm1-5
37,1987,171.58426386219764,ssp126,access-esm1-5
38,1988,170.4616051878558,ssp126,access-esm1-5
39,1989,177.8575839981169,ssp126,access-esm1-5
40,1990,175.6765040192478,ssp126,access-esm1-5
41,1991,167.36904976197582,ssp126,access-esm1-5
42,1992,169.23875334027244,ssp126,access-esm1-5
43,1993,164.99464682698968,ssp126,access-esm1-5
44,1994,182.2191765467975,ssp126,access-esm1-5
45,1995,175.7679848563681,ssp126,access-esm1-5
46,1996,185.03147069679014,ssp126,access-esm1-5
47,1997,178.5164555584119,ssp126,access-esm1-5
48,1998,181.04544246007728,ssp126,access-esm1-5
49,1999,177.91471400457354,ssp126,access-esm1-5
50,2000,183.32402930470113,ssp126,access-esm1-5
51,2001,182.7970357369628,ssp126,access-esm1-5
52,2002,188.7185112525011,ssp126,access-esm1-5
53,2003,188.81297769503797,ssp126,access-esm1-5
54,2004,185.06363579880573,ssp126,access-esm1-5
55,2005,179.3882623809664,ssp126,access-esm1-5
56,2006,180.00268581796465,ssp126,access-esm1-5
57,2007,181.95885324050013,ssp126,access-esm1-5
58,2008,177.15486400402241,ssp126,access-esm1-5
59,2009,175.80999688681138,ssp126,access-esm1-5
60,2010,185.83746699227922,ssp126,access-esm1-5
61,2011,188.22124932857517,ssp126,access-esm1-5
62,2012,186.90014465507033,ssp126,access-esm1-5
63,2013,177.05892537339025,ssp126,access-esm1-5
64,2014,179.31980984671574,ssp126,access-esm1-5
65,2015,193.69244869072244,ssp126,access-esm1-5
66,2016,177.34836647261136,ssp126,access-esm1-5
67,2017,182.627081979423,ssp126,access-esm1-5
68,2018,188.5083291916619,ssp126,access-esm1-5
69,2019,184.1704537956698,ssp126,access-esm1-5
70,2020,185.58956801931893,ssp126,access-esm1-5
71,2021,190.38927097018646,ssp126,access-esm1-5
72,2022,184.3006076854232,ssp126,access-esm1-5
73,2023,186.97708158173282,ssp126,access-esm1-5
74,2024,190.38497311329314,ssp126,access-esm1-5
75,2025,196.15691515814967,ssp126,access-esm1-5
76,2026,192.67019822245246,ssp126,access-esm1-5
77,2027,192.1773508754837,ssp126,access-esm1-5
78,2028,188.5966418533556,ssp126,access-esm1-5
79,2029,193.22396236863005,ssp126,access-esm1-5
80,2030,191.6344902193638,ssp126,access-esm1-5
81,2031,190.3302804553975,ssp126,access-esm1-5
82,2032,189.90294770307042,ssp126,access-esm1-5
83,2033,197.65221989489967,ssp126,access-esm1-5
84,2034,189.63153404586143,ssp126,access-esm1-5
85,2035,196.22506584340485,ssp126,access-esm1-5
86,2036,201.6715379539813,ssp126,access-esm1-5
87,2037,206.68854171756388,ssp126,access-esm1-5
88,2038,191.62922466159682,ssp126,access-esm1-5
89,2039,199.76840199765059,ssp126,access-esm1-5
90,2040,196.36476784315872,ssp126,access-esm1-5
91,2041,191.11747331527192,ssp126,access-esm1-5
92,2042,204.32016036415246,ssp126,access-esm1-5
93,2043,198.37253771863942,ssp126,access-esm1-5
94,2044,191.78950892807836,ssp126,access-esm1-5
95,2045,191.81858087041152,ssp126,access-esm1-5
96,2046,194.92206449652184,ssp126,access-esm1-5
97,2047,191.60478553313828,ssp126,access-esm1-5
98,2048,196.2125305684954,ssp126,access-esm1-5
99,2049,203.51198083624834,ssp126,access-esm1-5
100,2050,202.37853834739883,ssp126,access-esm1-5
101,2051,192.165015497163,ssp126,access-esm1-5
102,2052,195.27414976526515,ssp126,access-esm1-5
103,2053,199.3551987334797,ssp126,access-esm1-5
104,2054,197.53832392726125,ssp126,access-esm1-5
105,2055,202.14993249806147,ssp126,access-esm1-5
106,2056,191.67694609015757,ssp126,access-esm1-5
107,2057,204.34145504790632,ssp126,access-esm1-5
108,2058,195.54112953972756,ssp126,access-esm1-5
109,2059,202.64410301076913,ssp126,access-esm1-5
110,2060,192.1760476588081,ssp126,access-esm1-5
111,2061,188.60282668778305,ssp126,access-esm1-5
112,2062,196.558928525523,ssp126,access-esm1-5
113,2063,192.95398819253106,ssp126,access-esm1-5
114,2064,203.25343487015178,ssp126,access-esm1-5
115,2065,193.76131805173495,ssp126,access-esm1-5
116,2066,197.08048489112622,ssp126,access-esm1-5
117,2067,203.78033090696994,ssp126,access-esm1-5
118,2068,199.6180974498748,ssp126,access-esm1-5
119,2069,198.72025074155886,ssp126,access-esm1-5
120,2070,198.4129345694943,ssp126,access-esm1-5
121,2071,202.92784829567063,ssp126,access-esm1-5
122,2072,200.75418857792206,ssp126,access-esm1-5
123,2073,193.00320797317787,ssp126,access-esm1-5
124,2074,199.82954170807855,ssp126,access-esm1-5
125,2075,208.73153342405834,ssp126,access-esm1-5
126,2076,196.97587937362067,ssp126,access-esm1-5
127,2077,196.07881387213897,ssp126,access-esm1-5
128,2078,200.72788601927795,ssp126,access-esm1-5
129,2079,193.06999399384296,ssp126,access-esm1-5
130,2080,188.32363305046337,ssp126,access-esm1-5
131,2081,194.71503631231937,ssp126,access-esm1-5
132,2082,206.36288893876934,ssp126,access-esm1-5
133,2083,194.18793670311462,ssp126,access-esm1-5
134,2084,203.9517737930316,ssp126,access-esm1-5
135,2085,198.52277024755514,ssp126,access-esm1-5
136,2086,209.23512952360412,ssp126,access-esm1-5
137,2087,194.45404663099976,ssp126,access-esm1-5
138,2088,199.18575880333566,ssp126,access-esm1-5
139,2089,192.6720598677576,ssp126,access-esm1-5
140,2090,198.40487824966846,ssp126,access-esm1-5
141,2091,205.71603167010588,ssp126,access-esm1-5
142,2092,194.6764407363638,ssp126,access-esm1-5
143,2093,193.4853611670065,ssp126,access-esm1-5
144,2094,192.68046151113813,ssp126,access-esm1-5
145,2095,190.38427387594606,ssp126,access-esm1-5
146,2096,199.9225203064605,ssp126,access-esm1-5
147,2097,195.57685725223496,ssp126,access-esm1-5
148,2098,192.50552005183337,ssp126,access-esm1-5
149,2099,199.28079276142898,ssp126,access-esm1-5
150,2100,208.66053669405727,ssp126,access-esm1-5
