{
"type": "FeatureCollection",
"name": "climate_divisions",
"crs": { "type": "name", "properties": { "name": "urn:ogc:def:crs:EPSG::5070" } },
"features": [
{ "type": "Feature", "properties": { "OBJECTID": 91.0, "STATE": "New Mexico", "STATE_FIPS": "35", "CD_2DIG": "05", "STATE_CODE": 29, "CLIMDIV": 2905, "CD_NEW": 5, "FIPS_CD": "3505", "NCDC_GEO_I": 1.0, "NAME": "CENTRAL VALLEY", "ST_ABBRV": "NM", "SHAPE_AREA": 0.0, "SHAPE_LEN": 0.0 }, "geometry": { "type": "Polygon", "coordinates": [ [ [ -912883.448784616077319, 1178016.277611361350864 ], [ -935915.833267949288711, 1186400.93919678684324 ], [ -951204.960790461977012, 1211752.470792965963483 ], [ -959080.852188435848802, 1212727.834927403833717 ], [ -973332.396533274673857, 1066914.412888954393566 ], [ -996051.896507870173082, 1139690.760109218070284 ], [ -1026621.666071424493566, 1128270.771306793438271 ], [ -1031872.246390249580145, 1171353.035755294375122 ], [ -1023033.823676359606907, 1202911.59073422732763 ], [ -1030575.144500272464938, 1202899.654554812703282 ], [ -1036376.951887690462172, 1184586.405871363356709 ], [ -1067865.280899703269824, 1191975.020139740547165 ], [ -1058494.334525163983926, 1219178.810144308721647 ], [ -1045986.33279990835581, 1219579.793178779771551 ], [ -1017832.928094977629371, 1253584.593602542066947 ], [ -1011066.978691786411218, 1278219.923592102481052 ], [ -1019212.875687324558385, 1299885.267974722431973 ], [ -1042069.191387624596246, 1308133.190727123292163 ], [ -1041019.136311502777971, 1320619.381803810130805 ], [ -1024253.78252578037791, 1326378.162649074103683 ], [ -1006222.922940748743713, 1354877.982175794895738 ], [ -1014382.335935888928361, 1370933.998532392084599 ], [ -1036393.364815805922262, 1375487.161268254043534 ], [ -1037528.742112862179056, 1381935.741795944981277 ], [ -1020361.510842258576304, 1402631.740951430052519 ], [ -1005999.89206600014586, 1380871.258732063928619 ], [ -1000468.208695336594246, 1384502.412120486842468 ], [ -995706.594881978700869, 1436000.749100246699527 ], [ -988719.770261321333237, 1436874.887655291939154 ], [ -983484.622616277891211, 1421844.302726531401277 ], [ -954221.891463821521029, 1428874.405374057823792 ], [ -936428.046334881102666, 1417774.699320340063423 ], [ -948852.97307088971138, 1389987.338223475730047 ], [ -943983.692327484837733, 1317425.607094930717722 ], [ -969658.273727229214273, 1297101.299664452672005 ], [ -960602.667839517933317, 1282592.158971435623243 ], [ -934861.879624392371625, 1291576.760951679432765 ], [ -949064.483653251780197, 1238149.721070642350242 ], [ -946195.996971820248291, 1223678.253061473136768 ], [ -930511.300241691526026, 1229964.172988006146625 ], [ -903292.531237821909599, 1278777.27449082233943 ], [ -895211.223781114094891, 1280409.398106462555006 ], [ -889321.605893470463343, 1270587.727267552400008 ], [ -912883.448784616077319, 1178016.277611361350864 ] ] ] } },
{ "type": "Feature", "properties": { "OBJECTID": 92.0, "STATE": "New Mexico", "STATE_FIPS": "35", "CD_2DIG": "06", "STATE_CODE": 29, "CLIMDIV": 2906, "CD_NEW": 6, "FIPS_CD": "3506", "NCDC_GEO_I": 2.0, "NAME": "CENTRAL HIGHLANDS", "ST_ABBRV": "NM", "SHAPE_AREA": 0.0, "SHAPE_LEN": 0.0 }, "geometry": { "type": "Polygon", "coordinates": [ [ [ -852208.099475300638005, 1104181.81848566303961 ], [ -871337.370441418490373, 1090809.111881586490199 ], [ -909716.350059161777608, 1102188.088011953281239 ], [ -914044.965153935365379, 1112951.318908524233848 ], [ -909429.39628399326466, 1200445.834768594009802 ], [ -890304.5420459266752, 1255633.993410246213898 ], [ -895211.223781114094891, 1280409.398106462555006 ], [ -908933.728604235220701, 1271500.970085169421509 ], [ -930511.300241691526026, 1229964.172988006146625 ], [ -946195.996971820248291, 1223678.253061473136768 ], [ -949064.483653251780197, 1238149.721070642350242 ], [ -934861.879624392371625, 1291576.760951679432765 ], [ -966759.983893556520343, 1285190.289263478247449 ], [ -967432.462466076365672, 1303826.385961843887344 ], [ -943983.692327484837733, 1317425.607094930717722 ], [ -948852.97307088971138, 1389987.338223475730047 ], [ -936428.046334881102666, 1417774.699320340063423 ], [ -911653.309628230985254, 1403716.872371261240914 ], [ -846578.3310717883287, 1405331.801911408780143 ], [ -832690.832420851453207, 1362813.945111342938617 ], [ -821859.366108619607985, 1359070.632911794353276 ], [ -817025.587882209569216, 1345797.548406451940536 ], [ -826608.642786027980037, 1341882.477873215451837 ], [ -834132.030463311588392, 1298003.339488777797669 ], [ -866808.865130810299888, 1248088.2125039473176 ], [ -845733.292246493976563, 1218170.443960651988164 ], [ -850089.962312804767862, 1158907.612921983469278 ], [ -859012.886010049143806, 1136227.571707341587171 ], [ -852208.099475300638005, 1104181.81848566303961 ] ] ] } },
{ "type": "Feature", "properties": { "OBJECTID": 93.0, "STATE": "Idaho", "STATE_FIPS": "16", "CD_2DIG": "01", "STATE_CODE": 10, "CLIMDIV": 1001, "CD_NEW": 1, "FIPS_CD": "1601", "NCDC_GEO_I": 3.0, "NAME": "PANHANDLE", "ST_ABBRV": "ID", "SHAPE_AREA": 0.0, "SHAPE_LEN": 0.0 }, "geometry": { "type": "Polygon", "coordinates": [ [ [ -1497945.973679812625051, 2934192.480344724375755 ], [ -1507341.176477313041687, 2953499.040826209820807 ], [ -1529268.674229121301323, 2953421.099509869236499 ], [ -1542918.956574796931818, 2929546.338158639613539 ], [ -1550683.114756724564359, 2864982.465905182994902 ], [ -1594359.289062681142241, 2845525.906147658359259 ], [ -1545551.848323043668643, 3059861.977153622545302 ], [ -1474367.315641711698845, 3044425.631444949191064 ], [ -1497945.973679812625051, 2934192.480344724375755 ] ] ] } },
{ "type": "Feature", "properties": { "OBJECTID": 94.0, "STATE": "Idaho", "STATE_FIPS": "16", "CD_2DIG": "02", "STATE_CODE": 10, "CLIMDIV": 1002, "CD_NEW": 2, "FIPS_CD": "1602", "NCDC_GEO_I": 4.0, "NAME": "NORTH CENTRAL PRAIRIES", "ST_ABBRV": "ID", "SHAPE_AREA": 0.0, "SHAPE_LEN": 0.0 }, "geometry": { "type": "Polygon", "coordinates": [ [ [ -1558546.626194491283968, 2691458.07090077130124 ], [ -1602285.378348679048941, 2747985.495242324657738 ], [ -1594166.912666986929253, 2760951.691592873074114 ], [ -1564924.563831417355686, 2764839.7613366660662 ], [ -1544427.574795233318582, 2727943.305756095796824 ], [ -1515686.31867009983398, 2714353.827690371312201 ], [ -1540606.804614274064079, 2774765.864567407872528 ], [ -1555502.032605983316898, 2788877.799517669714987 ], [ -1605626.708745996002108, 2795438.529407648835331 ], [ -1594359.289062681142241, 2845525.906147658359259 ], [ -1575172.660525099374354, 2854087.069926960393786 ], [ -1576703.919719084864482, 2829602.343792967498302 ], [ -1565971.414311647647992, 2817137.508601580280811 ], [ -1543886.10671024536714, 2806531.300358985550702 ], [ -1489723.874550975160673, 2810389.80820211302489 ], [ -1487113.739550814265385, 2799665.19534546462819 ], [ -1521123.152368230978027, 2788611.177004942670465 ], [ -1521176.794638851424679, 2769136.243345900904387 ], [ -1500902.782935932045802, 2722939.495062998961657 ], [ -1502890.840009153587744, 2701586.159470428712666 ], [ -1558546.626194491283968, 2691458.07090077130124 ] ] ] } },
{ "type": "Feature", "properties": { "OBJECTID": 96.0, "STATE": "Idaho", "STATE_FIPS": "16", "CD_2DIG": "04", "STATE_CODE": 10, "CLIMDIV": 1004, "CD_NEW": 4, "FIPS_CD": "1604", "NCDC_GEO_I": 6.0, "NAME": "CENTRAL MOUNTAINS", "ST_ABBRV": "ID", "SHAPE_AREA": 0.0, "SHAPE_LEN": 0.0 }, "geometry": { "type": "Polygon", "coordinates": [ [ [ -1381495.559410809772089, 2642485.408497002907097 ], [ -1400877.270630896557122, 2628969.002383047249168 ], [ -1403055.265031320042908, 2575823.84597859159112 ], [ -1437236.600403065327555, 2545338.349668090697378 ], [ -1443402.774301408557221, 2514079.445070622023195 ], [ -1430301.356036559678614, 2475216.402100012637675 ], [ -1407846.322593013290316, 2457664.590461960993707 ], [ -1394835.406992099713534, 2434005.699574660509825 ], [ -1486868.923127827933058, 2392320.209088062867522 ], [ -1552787.874319140333682, 2397643.031913624145091 ], [ -1588122.60172147420235, 2433091.398811766412109 ], [ -1613278.377179296920076, 2495092.666415370069444 ], [ -1582234.328779720701277, 2581082.938636572100222 ], [ -1591614.594010256929323, 2596780.653769435361028 ], [ -1617896.905145624885336, 2599684.776059640105814 ], [ -1671139.635374596109614, 2558751.34069947944954 ], [ -1673691.512759028468281, 2563769.614528151694685 ], [ -1651642.496908853529021, 2599128.47048849798739 ], [ -1631565.639519443968311, 2612931.662821574602276 ], [ -1590565.317280066199601, 2679720.875689519103616 ], [ -1584898.277511790860444, 2683712.034814351703972 ], [ -1586946.088740391889587, 2661458.042118397541344 ], [ -1574649.052724547451362, 2655370.865455134306103 ], [ -1558546.626194491283968, 2691458.07090077130124 ], [ -1513045.761526790913194, 2697806.889037352055311 ], [ -1499319.088929140940309, 2709234.320485232863575 ], [ -1521176.794638851424679, 2769136.243345900904387 ], [ -1521123.152368230978027, 2788611.177004942670465 ], [ -1487113.739550814265385, 2799665.19534546462819 ], [ -1489723.874550975160673, 2810389.80820211302489 ], [ -1551687.589142087381333, 2808907.027173650451005 ], [ -1565971.414311647647992, 2817137.508601580280811 ], [ -1578991.612477773567662, 2839748.719631987158209 ], [ -1575172.660525099374354, 2854087.069926960393786 ], [ -1550683.114756724564359, 2864982.465905182994902 ], [ -1542918.956574796931818, 2929546.338158639613539 ], [ -1529268.674229121301323, 2953421.099509869236499 ], [ -1507341.176477313041687, 2953499.040826209820807 ], [ -1480329.963429691502824, 2898690.584193373564631 ], [ -1486140.149396279361099, 2883318.151402909308672 ], [ -1478261.546881587943062, 2873934.743754591327161 ], [ -1489268.87555449991487, 2869767.106323661282659 ], [ -1460303.920132017461583, 2845034.637213329318911 ], [ -1432123.68521578120999, 2777215.092695053201169 ], [ -1422600.758320907363668, 2778952.104085330385715 ], [ -1419522.000930264126509, 2766348.893536381889135 ], [ -1398823.263880119659007, 2764616.772191147785634 ], [ -1418182.992180675966665, 2713695.831247840542346 ], [ -1425009.568174337269738, 2712345.547436023596674 ], [ -1419979.882812847848982, 2681852.966462954413146 ], [ -1435976.258540943963453, 2672470.609036876820028 ], [ -1432088.809056400787085, 2663716.218687184620649 ], [ -1440535.270073092309758, 2648896.179345912765712 ], [ -1424884.663452725857496, 2634672.108197649940848 ], [ -1393233.770347886485979, 2656454.874222692567855 ], [ -1381495.559410809772089, 2642485.408497002907097 ] ] ] } },
{ "type": "Feature", "properties": { "OBJECTID": 97.0, "STATE": "Idaho", "STATE_FIPS": "16", "CD_2DIG": "05", "STATE_CODE": 10, "CLIMDIV": 1005, "CD_NEW": 5, "FIPS_CD": "1605", "NCDC_GEO_I": 7.0, "NAME": "SOUTHWESTERN VALLEYS", "ST_ABBRV": "ID", "SHAPE_AREA": 0.0, "SHAPE_LEN": 0.0 }, "geometry": { "type": "Polygon", "coordinates": [ [ [ -1541102.270206249319017, 2395015.283291819039732 ], [ -1549066.88832425349392, 2347951.802838133648038 ], [ -1600273.418673817999661, 2360423.051963944919407 ], [ -1626688.304739604704082, 2379658.589496901258826 ], [ -1652190.399760149884969, 2436090.006308529525995 ], [ -1678544.315626864088699, 2466720.219868041574955 ], [ -1671183.311404108302668, 2501410.093082434963435 ], [ -1652304.878024931065738, 2535804.197236176580191 ], [ -1674596.301050815964118, 2555343.978672478813678 ], [ -1617896.905145624885336, 2599684.776059640105814 ], [ -1591614.594010256929323, 2596780.653769435361028 ], [ -1582234.328779720701277, 2581082.938636572100222 ], [ -1613278.377179296920076, 2495092.666415370069444 ], [ -1611643.887577290646732, 2479557.63995381211862 ], [ -1582348.806580268079415, 2422171.27129356469959 ], [ -1563109.491889102384448, 2402858.243472972884774 ], [ -1541102.270206249319017, 2395015.283291819039732 ] ] ] } },
{ "type": "Feature", "properties": { "OBJECTID": 98.0, "STATE": "Idaho", "STATE_FIPS": "16", "CD_2DIG": "07", "STATE_CODE": 10, "CLIMDIV": 1007, "CD_NEW": 7, "FIPS_CD": "1607", "NCDC_GEO_I": 8.0, "NAME": "CENTRAL PLAINS", "ST_ABBRV": "ID", "SHAPE_AREA": 0.0, "SHAPE_LEN": 0.0 }, "geometry": { "type": "Polygon", "coordinates": [ [ [ -1402698.855082497932017, 2322805.318739301059395 ], [ -1454704.444582795025781, 2291611.445983374025673 ], [ -1485996.780370309250429, 2297410.687155313324183 ], [ -1540778.564940077951178, 2338849.688178433571011 ], [ -1549066.88832425349392, 2347951.802838133648038 ], [ -1541102.270206249319017, 2395015.283291819039732 ], [ -1486868.923127827933058, 2392320.209088062867522 ], [ -1422986.772935409797356, 2419877.187110903207213 ], [ -1402698.855082497932017, 2322805.318739301059395 ] ] ] } },
{ "type": "Feature", "properties": { "OBJECTID": 99.0, "STATE": "Idaho", "STATE_FIPS": "16", "CD_2DIG": "06", "STATE_CODE": 10, "CLIMDIV": 1006, "CD_NEW": 6, "FIPS_CD": "1606", "NCDC_GEO_I": 9.0, "NAME": "SOUTHWESTERN HIGHLANDS", "ST_ABBRV": "ID", "SHAPE_AREA": 0.0, "SHAPE_LEN": 0.0 }, "geometry": { "type": "Polygon", "coordinates": [ [ [ -1475457.772177423583344, 2250687.329240508377552 ], [ -1715664.177702456479892, 2301515.122125442605466 ], [ -1678544.315626864088699, 2466720.219868041574955 ], [ -1652190.399760149884969, 2436090.006308529525995 ], [ -1636358.734039761591703, 2394096.309448700863868 ], [ -1612104.653486178023741, 2367390.160542130935937 ], [ -1549066.88832425349392, 2347951.802838133648038 ], [ -1511025.231012016301975, 2311672.705530025530607 ], [ -1467586.726414045551792, 2295670.401849240995944 ], [ -1475457.772177423583344, 2250687.329240508377552 ] ] ] } },
{ "type": "Feature", "properties": { "OBJECTID": 101.0, "STATE": "Idaho", "STATE_FIPS": "16", "CD_2DIG": "10", "STATE_CODE": 10, "CLIMDIV": 1010, "CD_NEW": 10, "FIPS_CD": "1610", "NCDC_GEO_I": 11.0, "NAME": "EASTERN HIGHLANDS", "ST_ABBRV": "ID", "SHAPE_AREA": 0.0, "SHAPE_LEN": 0.0 }, "geometry": { "type": "Polygon", "coordinates": [ [ [ -1467586.726414045551792, 2295670.401849240995944 ], [ -1454704.444582795025781, 2291611.445983374025673 ], [ -1441868.754322831984609, 2298735.158695136196911 ], [ -1415084.914622750831768, 2273709.985419045202434 ], [ -1333253.648898869520053, 2332899.946676400024444 ], [ -1226121.719447436742485, 2448185.776650023646653 ], [ -1226221.602703571552411, 2457917.825604364741594 ], [ -1236600.041882937541232, 2464486.809642507694662 ], [ -1330428.114065697416663, 2499914.000125869642943 ], [ -1324631.081327348714694, 2505625.25587350782007 ], [ -1294524.345588357187808, 2496102.99351514922455 ], [ -1281992.193830672185868, 2507948.692004908341914 ], [ -1271157.287865270162001, 2500331.177500414662063 ], [ -1220944.556896979454905, 2493962.441844734828919 ], [ -1219578.658000433119014, 2512551.81992352148518 ], [ -1206298.860473954118788, 2513084.939487492665648 ], [ -1189292.194375719875097, 2481523.834048518445343 ], [ -1232641.707681746920571, 2208874.777043181005865 ], [ -1475457.772177423583344, 2250687.329240508377552 ], [ -1467586.726414045551792, 2295670.401849240995944 ] ] ] } },
{ "type": "Feature", "properties": { "OBJECTID": 102.0, "STATE": "Idaho", "STATE_FIPS": "16", "CD_2DIG": "08", "STATE_CODE": 10, "CLIMDIV": 1008, "CD_NEW": 8, "FIPS_CD": "1608", "NCDC_GEO_I": 12.0, "NAME": "NORTHEASTERN VALLEYS", "ST_ABBRV": "ID", "SHAPE_AREA": 0.0, "SHAPE_LEN": 0.0 }, "geometry": { "type": "Polygon", "coordinates": [ [ [ -1329198.961522848345339, 2494250.691640778444707 ], [ -1352440.601816050708294, 2448457.067871325649321 ], [ -1394835.406992099713534, 2434005.699574660509825 ], [ -1407846.322593013290316, 2457664.590461960993707 ], [ -1430301.356036559678614, 2475216.402100012637675 ], [ -1442337.825556445866823, 2532828.197079756762832 ], [ -1403055.265031320042908, 2575823.84597859159112 ], [ -1400877.270630896557122, 2628969.002383047249168 ], [ -1380065.262986393645406, 2633011.562184958253056 ], [ -1381814.574067613575608, 2611394.314524832647294 ], [ -1365308.880389641737565, 2578029.838941514492035 ], [ -1369484.812182994326577, 2556846.040361408609897 ], [ -1346224.091642386512831, 2542106.18858380895108 ], [ -1342663.703600810840726, 2505007.821370624005795 ], [ -1329198.961522848345339, 2494250.691640778444707 ] ] ] } },
{ "type": "Feature", "properties": { "OBJECTID": 103.0, "STATE": "Washington", "STATE_FIPS": "53", "CD_2DIG": "01", "STATE_CODE": 45, "CLIMDIV": 4501, "CD_NEW": 1, "FIPS_CD": "5301", "NCDC_GEO_I": 13.0, "NAME": "WEST OLYMPIC COAST", "ST_ABBRV": "WA", "SHAPE_AREA": 0.0, "SHAPE_LEN": 0.0 }, "geometry": { "type": "Polygon", "coordinates": [ [ [ -2054973.330042073968798, 3097933.107678389642388 ], [ -2054514.876155089819804, 3072409.684884542133659 ], [ -2029914.003905493067577, 3011802.364501579664648 ], [ -2035551.457512471126392, 2996641.762885284144431 ], [ -2079467.823874303372577, 2964887.231244615744799 ], [ -2088759.600475045386702, 2875891.469482630956918 ], [ -2093600.842267083236948, 2891538.665815436281264 ], [ -2138293.64373971382156, 2904250.768264673650265 ], [ -2124247.013666386250407, 2944294.749127488117665 ], [ -2130193.600906927138567, 2914233.59173069614917 ], [ -2121218.34998065745458, 2921765.248731749132276 ], [ -2121196.68316451087594, 2918732.642294208053499 ], [ -2116771.836116752587259, 2915629.114057219587266 ], [ -2116516.42183833848685, 2912095.720520982984453 ], [ -2115669.697500040289015, 2911885.653144487645477 ], [ -2116102.796037295367569, 2911560.91575296362862 ], [ -2116252.874755518045276, 2911071.509826607070863 ], [ -2115972.183457371313125, 2909937.463865515310317 ], [ -2115516.853485190309584, 2910379.684590009972453 ], [ -2117387.322741116862744, 2941183.075148802250624 ], [ -2116574.336816821713001, 2938794.202916460111737 ], [ -2114578.81289246911183, 2937705.97916549583897 ], [ -2115099.619004628621042, 2936662.21974510839209 ], [ -2114678.78794865263626, 2935870.621650697663426 ], [ -2113986.855720610357821, 2935639.891297999303788 ], [ -2113851.735448432620615, 2944416.728145862929523 ], [ -2106153.382182874716818, 2946126.525203045457602 ], [ -2123984.06542550958693, 2954833.866440141573548 ], [ -2121783.786836539395154, 2973692.298785376828164 ], [ -2115729.695530342869461, 2963677.272167596966028 ], [ -2115391.215227424167097, 2970389.972992387134582 ], [ -2111897.206739077810198, 2970027.700581305660307 ], [ -2095374.858548998134211, 2973215.650252540130168 ], [ -2116168.310215848963708, 2987710.79631808353588 ], [ -2118197.068925248458982, 2977028.866493713110685 ], [ -2124136.336644037161022, 2976802.850299229379743 ], [ -2115607.874381044879556, 3068081.999403023626655 ], [ -2126264.646538695320487, 3097791.614338678773493 ], [ -2116546.793430199846625, 3142762.35635938635096 ], [ -2054973.330042073968798, 3097933.107678389642388 ] ] ] } },
{ "type": "Feature", "properties": { "OBJECTID": 104.0, "STATE": "Washington", "STATE_FIPS": "53", "CD_2DIG": "04", "STATE_CODE": 45, "CLIMDIV": 4504, "CD_NEW": 4, "FIPS_CD": "5304", "NCDC_GEO_I": 14.0, "NAME": "E OLYMPIC CASCADE FOOTHILLS", "ST_ABBRV": "WA", "SHAPE_AREA": 0.0, "SHAPE_LEN": 0.0 }, "geometry": { "type": "MultiPolygon", "coordinates": [ [ [ [ -1920185.959177120355889, 3155407.899287295062095 ], [ -1889770.816279257647693, 3146400.466544013936073 ], [ -1894501.658545766724274, 3112640.036673721391708 ], [ -1852506.389020028756931, 3116146.044228440150619 ], [ -1853177.665737022878602, 3106872.75002640997991 ], [ -1882325.961449787719175, 3094889.394152957946062 ], [ -1897742.198594133835286, 3053334.009118485730141 ], [ -1900481.441124267410487, 3039452.476349935866892 ], [ -1887412.994263463420793, 3005327.667884955648333 ], [ -1915986.741875809617341, 3007682.893172075971961 ], [ -1938146.960957690840587, 2968666.240325953345746 ], [ -1930197.688296107808128, 2963474.964387132320553 ], [ -1933577.105665755923837, 2947035.099397263489664 ], [ -1958789.832213888643309, 2915387.454217899125069 ], [ -1940908.352169419405982, 2909039.243606615345925 ], [ -1943810.978667115559801, 2893639.760253346990794 ], [ -2002693.771430324530229, 2872954.407136432360858 ], [ -2019594.860676855780184, 2854238.594449002295732 ], [ -1998226.107238952070475, 2791825.417405246756971 ], [ -2027713.661831988953054, 2788494.491343882400542 ], [ -2059413.052603645483032, 2810711.148727155290544 ], [ -2056689.289189807139337, 2859239.961725344415754 ], [ -2069268.241888740099967, 2874650.844824538566172 ], [ -2088759.600475045386702, 2875891.469482630956918 ], [ -2079467.823874303372577, 2964887.231244615744799 ], [ -2034832.614787135040388, 2997992.523362816311419 ], [ -2025845.493780514691025, 2996818.527101985178888 ], [ -2010453.697240512119606, 3001424.05180694675073 ], [ -2032023.479345864849165, 3001106.792956982273608 ], [ -2014704.849650060292333, 3020189.041448279749602 ], [ -1996975.822154901456088, 3024217.363667630124837 ], [ -1991362.306564006721601, 3033764.612450584769249 ], [ -1995698.390123020624742, 3001508.468298099003732 ], [ -2012488.01747977710329, 2971596.995945943519473 ], [ -2009574.264778298791498, 2998134.708816896658391 ], [ -2021397.131287971977144, 2987048.572136443573982 ], [ -2024351.006718073738739, 2979209.77608222188428 ], [ -2033905.600620722165331, 2982575.108292973134667 ], [ -2028453.433916438138112, 2986923.847425916232169 ], [ -2035879.265906652901322, 2982944.843903440982103 ], [ -2024702.807312621269375, 2978517.38085079845041 ], [ -2027395.084245503647253, 2976022.931878488045186 ], [ -2034008.931744982022792, 2976261.113709111697972 ], [ -2037443.953237570822239, 2975014.003941027447581 ], [ -2031984.370422891108319, 2975301.910391107667238 ], [ -2033125.557517592329532, 2972376.304493352305144 ], [ -2036213.900329018011689, 2972797.410824962425977 ], [ -2038157.887546963524073, 2971938.111007762141526 ], [ -2038426.035235461080447, 2970285.73091835109517 ], [ -2024037.660857116803527, 2975489.674897002987564 ], [ -2034265.558781018247828, 2967038.893165063112974 ], [ -2034355.007423784816638, 2965244.481838389765471 ], [ -2033130.964833715930581, 2963512.785039884503931 ], [ -2025381.121418555267155, 2972800.645597265101969 ], [ -2027438.702141121961176, 2961523.543063065968454 ], [ -2023595.821195224067196, 2972047.009933226276189 ], [ -2019560.363699774956331, 2964837.644522908143699 ], [ -2016284.835797750158235, 2973760.988816921599209 ], [ -2014661.217835775809363, 2966638.362520646303892 ], [ -2045760.968623352469876, 2939568.314433880615979 ], [ -2046322.569505750900134, 2918500.182566486764699 ], [ -2035021.480752425268292, 2914980.246257429942489 ], [ -1957634.072029357776046, 2966772.062062588054687 ], [ -1932367.181104064686224, 3025416.90810497617349 ], [ -1934152.704375210916623, 3090614.832602948881686 ], [ -1922380.775483074598014, 3121021.20455547561869 ], [ -1927551.712795605883002, 3151277.013417456764728 ], [ -1920185.959177120355889, 3155407.899287295062095 ] ] ], [ [ [ -2050154.852145285345614, 3097619.439477919600904 ], [ -2038403.743311619618908, 3091620.167942818719894 ], [ -2023083.281128251226619, 3059965.007673491258174 ], [ -1999731.867996520828456, 3042640.923573809675872 ], [ -2030712.364345718175173, 3007381.240012823604047 ], [ -2056732.250317208934575, 3080213.828350426163524 ], [ -2050154.852145285345614, 3097619.439477919600904 ] ] ], [ [ [ -2015012.10113981179893, 2987476.279504445381463 ], [ -2017135.826982129830867, 2977527.951965909916908 ], [ -2019234.286974582821131, 2974568.678089293185622 ], [ -2021465.105478318175301, 2973489.516296049114317 ], [ -2015012.10113981179893, 2987476.279504445381463 ] ] ], [ [ [ -1995167.107419392094016, 3039306.079937105532736 ], [ -1997251.211019821930677, 3027481.552356418222189 ], [ -2000617.306250599678606, 3027235.849300547037274 ], [ -1995167.107419392094016, 3039306.079937105532736 ] ] ], [ [ [ -2000512.614042589208111, 3038776.78519087145105 ], [ -1996886.429391899844632, 3040867.698478051926941 ], [ -1999828.400605087401345, 3038150.442629805766046 ], [ -2000512.614042589208111, 3038776.78519087145105 ] ] ], [ [ [ -2023069.660071871709079, 2981233.969967767130584 ], [ -2021975.984361025737599, 2977138.775970679242164 ], [ -2022270.500001358333975, 2974321.883774023037404 ], [ -2023069.660071871709079, 2981233.969967767130584 ] ] ], [ [ [ -2012799.916894569527358, 2990150.375302584841847 ], [ -2012549.397219138219953, 2988984.535049783997238 ], [ -2013444.868699131300673, 2988688.800941381137818 ], [ -2012799.916894569527358, 2990150.375302584841847 ] ] ], [ [ [ -2015403.512062352383509, 2983771.42254853527993 ], [ -2014267.678569596493617, 2983799.701512814499438 ], [ -2015610.769006446236745, 2982599.501082169823349 ], [ -2015403.512062352383509, 2983771.42254853527993 ] ] ], [ [ [ -1993703.74403442023322, 3014888.428348690737039 ], [ -1993598.133654538774863, 3012957.531337149441242 ], [ -1993993.639503061305732, 3012969.522358508780599 ], [ -1993703.74403442023322, 3014888.428348690737039 ] ] ], [ [ [ -2011857.679163340013474, 2991212.617484085261822 ], [ -2012469.602673837216571, 2991002.584986534900963 ], [ -2011615.937504382571205, 2991801.732787518762052 ], [ -2011857.679163340013474, 2991212.617484085261822 ] ] ], [ [ [ -1993608.976287600118667, 3012898.47199735743925 ], [ -1993648.188768056919798, 3012684.878889638930559 ], [ -1993719.379164435900748, 3012829.649893912021071 ], [ -1993608.976287600118667, 3012898.47199735743925 ] ] ], [ [ [ -2034797.423528247512877, 2998047.722945088054985 ], [ -2034806.389262869022787, 2998041.807766255922616 ], [ -2034794.555463113589212, 2998064.04664270626381 ], [ -2034797.423528247512877, 2998047.722945088054985 ] ] ] ] } },
{ "type": "Feature", "properties": { "OBJECTID": 105.0, "STATE": "Washington", "STATE_FIPS": "53", "CD_2DIG": "02", "STATE_CODE": 45, "CLIMDIV": 4502, "CD_NEW": 2, "FIPS_CD": "5302", "NCDC_GEO_I": 15.0, "NAME": "NE OLYMPIC SAN JUAN", "ST_ABBRV": "WA", "SHAPE_AREA": 0.0, "SHAPE_LEN": 0.0 }, "geometry": { "type": "MultiPolygon", "coordinates": [ [ [ [ -2006566.407260336913168, 3086245.347919901367277 ], [ -2013215.052568088984117, 3084287.865334858186543 ], [ -2004054.976837681373581, 3067391.035767964087427 ], [ -2004862.182377567049116, 3074227.730316380038857 ], [ -1995381.980309034464881, 3073172.768407079856843 ], [ -1996596.758909724885598, 3061340.674738467205316 ], [ -1992765.302637370303273, 3073612.707153195049614 ], [ -1982179.800939746433869, 3074937.061200034804642 ], [ -1987372.507780737476423, 3069819.350281248334795 ], [ -1982216.129030917771161, 3053633.779221561271697 ], [ -2019153.595684441737831, 3069845.498334277886897 ], [ -2025048.694928483106196, 3083888.997479812707752 ], [ -2006566.407260336913168, 3086245.347919901367277 ] ] ], [ [ [ -1952590.904164493549615, 3101660.901885223109275 ], [ -1950082.809179592644796, 3114477.710495983250439 ], [ -1945317.281834588618949, 3092637.449444198515266 ], [ -1952995.860251770121977, 3060803.075826136395335 ], [ -1953412.115447766147554, 3076496.489547337871045 ], [ -1961190.881161381257698, 3073455.41943141957745 ], [ -1956543.194855019915849, 3057318.085657005663961 ], [ -1964695.948763301363215, 3077402.159967311657965 ], [ -1953159.984087690943852, 3078723.116927704308182 ], [ -1949150.394918064121157, 3084292.673294553998858 ], [ -1958735.113088360289112, 3102686.090461915824562 ], [ -1967148.94911949429661, 3100842.884296559728682 ], [ -1967908.334475656505674, 3110683.407468151301146 ], [ -1959628.59551301645115, 3111629.876341343391687 ], [ -1952590.904164493549615, 3101660.901885223109275 ] ] ], [ [ [ -1963066.459439573111013, 3098432.611317414790392 ], [ -1959641.294342586304992, 3086038.493138334248215 ], [ -1978189.384647032711655, 3083392.915919071529061 ], [ -1969604.401916557922959, 3078648.999004068318754 ], [ -1970711.764912746846676, 3056911.015846966765821 ], [ -1967077.618525168625638, 3065176.119770287536085 ], [ -1958199.915797381661832, 3055484.854265704751015 ], [ -1962398.441654308931902, 3041765.273590503726155 ], [ -1966988.054633867461234, 3053581.951458130031824 ], [ -1972613.572768652811646, 3051883.171541209332645 ], [ -1971611.323553173569962, 3073075.826568762306124 ], [ -1980902.912264369660988, 3083758.29184143897146 ], [ -1963066.459439573111013, 3098432.611317414790392 ] ] ], [ [ [ -1975480.181584363570437, 3138364.167541886679828 ], [ -1965533.76917123910971, 3129385.007848788052797 ], [ -1971475.968683629529551, 3124277.786705304402858 ], [ -1975194.01974453125149, 3136076.959811983630061 ], [ -1976961.241913586156443, 3125077.037602961529046 ], [ -1987491.298936503939331, 3130063.703348223585635 ], [ -1975480.181584363570437, 3138364.167541886679828 ] ] ], [ [ [ -1999345.166731612291187, 3122348.934718339238316 ], [ -1992567.636616816977039, 3132479.447971715126187 ], [ -1989232.037079577567056, 3122126.797457779757679 ], [ -1988101.464978181989864, 3120436.123816680163145 ], [ -1986415.722654359415174, 3120806.868424939457327 ], [ -1987820.975014805560932, 3111656.472056670114398 ], [ -1999345.166731612291187, 3122348.934718339238316 ] ] ], [ [ [ -1978395.89344287244603, 3122944.284717691130936 ], [ -1980317.161386711988598, 3110669.341498647350818 ], [ -1977988.695490001235157, 3105500.031840989366174 ], [ -1986113.17953621270135, 3112911.966326264198869 ], [ -1978395.89344287244603, 3122944.284717691130936 ] ] ], [ [ [ -1979291.054199565434828, 3068241.126269273925573 ], [ -1979466.748557946411893, 3061221.328184457495809 ], [ -1981509.456651848973706, 3059128.286826093681157 ], [ -1983745.001626779325306, 3061799.159526019822806 ], [ -1984017.551827675197273, 3067159.146673168987036 ], [ -1982158.241400985047221, 3060245.080189134459943 ], [ -1979291.054199565434828, 3068241.126269273925573 ] ] ], [ [ [ -1967689.408764127176255, 3116122.973745684605092 ], [ -1964667.548041697358713, 3120966.734450674150139 ], [ -1963527.070438422029838, 3119138.336117404513061 ], [ -1963125.35683193616569, 3118140.676793168764561 ], [ -1963168.762153047602624, 3117805.071383071132004 ], [ -1967689.408764127176255, 3116122.973745684605092 ] ] ], [ [ [ -1959185.180720649426803, 3116084.303387606050819 ], [ -1962925.084503906778991, 3113453.158788118511438 ], [ -1961187.159732408821583, 3119735.010978672187775 ], [ -1959185.180720649426803, 3116084.303387606050819 ] ] ], [ [ [ -1987685.931442614411935, 3126565.799287179950625 ], [ -1979554.151233327109367, 3124098.558724036440253 ], [ -1983823.105858196038753, 3121555.243424125015736 ], [ -1987685.931442614411935, 3126565.799287179950625 ] ] ], [ [ [ -1974635.818744740681723, 3121816.900350030045956 ], [ -1970710.402458614204079, 3119060.957901882007718 ], [ -1974293.89418471721001, 3117047.233821672387421 ], [ -1974635.818744740681723, 3121816.900350030045956 ] ] ], [ [ [ -1987926.971495219040662, 3140269.72616021335125 ], [ -1983401.791449576849118, 3138214.262957633472979 ], [ -1986561.781079449690878, 3137141.631328344345093 ], [ -1987926.971495219040662, 3140269.72616021335125 ] ] ], [ [ [ -1977025.035030214115977, 3112087.930409794673324 ], [ -1973079.388696037698537, 3114367.309417705051601 ], [ -1976493.125164995202795, 3111912.830439110752195 ], [ -1977025.035030214115977, 3112087.930409794673324 ] ] ], [ [ [ -2000247.424111281055957, 3142090.95779214752838 ], [ -1995701.043028163257986, 3140303.311516628134996 ], [ -1995821.224447281332687, 3138502.116738227661699 ], [ -2000247.424111281055957, 3142090.95779214752838 ] ] ], [ [ [ -1961628.187872085953131, 3124664.516808557324111 ], [ -1961719.545730794081464, 3122188.471528634428978 ], [ -1963694.075075092492625, 3124249.435144654475152 ], [ -1961628.187872085953131, 3124664.516808557324111 ] ] ], [ [ [ -1997993.047525245696306, 3134387.281318247783929 ], [ -1998953.013010114198551, 3130432.352405367419124 ], [ -2000584.538953537819907, 3131056.445094890892506 ], [ -1997993.047525245696306, 3134387.281318247783929 ] ] ], [ [ [ -1996111.749716905644163, 3136758.909253474790603 ], [ -1993574.758752121124417, 3135446.505982159171253 ], [ -1992428.8059078885708, 3134024.290850036777556 ], [ -1996111.749716905644163, 3136758.909253474790603 ] ] ], [ [ [ -1995282.689013896277174, 3077399.404012108687311 ], [ -1993939.70755220670253, 3076244.617782931309193 ], [ -1996855.672195015475154, 3076288.944296932313591 ], [ -1995282.689013896277174, 3077399.404012108687311 ] ] ], [ [ [ -1986442.211782020051032, 3128244.896446427796036 ], [ -1985439.316375218564644, 3127394.449585678055882 ], [ -1986526.42301208851859, 3127811.140422547236085 ], [ -1986442.211782020051032, 3128244.896446427796036 ] ] ], [ [ [ -1961492.398060022154823, 3098399.930826582480222 ], [ -1960539.413501915289089, 3097683.826952526345849 ], [ -1961918.031422021100298, 3097921.085419848095626 ], [ -1961492.398060022154823, 3098399.930826582480222 ] ] ], [ [ [ -1977447.079051644541323, 3113545.739572332240641 ], [ -1976650.099461956648156, 3112966.507239683996886 ], [ -1977536.061190613312647, 3112621.013145965524018 ], [ -1977447.079051644541323, 3113545.739572332240641 ] ] ], [ [ [ -1988089.053078119643033, 3122147.234260382596403 ], [ -1987983.199631126830354, 3121370.683337439782917 ], [ -1988421.910245351260528, 3122027.785135921556503 ], [ -1988089.053078119643033, 3122147.234260382596403 ] ] ], [ [ [ -1996833.944656212348491, 3133467.278512219432741 ], [ -1997031.260888843331486, 3133124.400229453574866 ], [ -1997542.850281078834087, 3133523.926833878736943 ], [ -1996833.944656212348491, 3133467.278512219432741 ] ] ], [ [ [ -1965180.889513991074637, 3099730.377906104549766 ], [ -1965472.879189603962004, 3099783.243887182790786 ], [ -1965165.418906481470913, 3099867.422725152224302 ], [ -1965180.889513991074637, 3099730.377906104549766 ] ] ] ] } },
{ "type": "Feature", "properties": { "OBJECTID": 106.0, "STATE": "Washington", "STATE_FIPS": "53", "CD_2DIG": "03", "STATE_CODE": 45, "CLIMDIV": 4503, "CD_NEW": 3, "FIPS_CD": "5303", "NCDC_GEO_I": 16.0, "NAME": "PUGET SOUND LOWLANDS", "ST_ABBRV": "WA", "SHAPE_AREA": 0.0, "SHAPE_LEN": 0.0 }, "geometry": { "type": "MultiPolygon", "coordinates": [ [ [ [ -1924693.540083708474413, 3156683.748237442225218 ], [ -1922380.775483074598014, 3121021.20455547561869 ], [ -1932958.388831799617037, 3102517.989233947359025 ], [ -1936203.397922528209165, 3006661.750630838330835 ], [ -1966459.695775491418317, 2956505.18731033988297 ], [ -2035021.480752425268292, 2914980.246257429942489 ], [ -2046322.569505750900134, 2918500.182566486764699 ], [ -2045760.968623352469876, 2939568.314433880615979 ], [ -2014661.217835775809363, 2966638.362520646303892 ], [ -2012231.808902053162456, 2963665.391022683121264 ], [ -2013479.617393896682188, 2961043.345685333944857 ], [ -2013466.120407781330869, 2960943.518213541246951 ], [ -2013138.473175227176398, 2960858.638280801009387 ], [ -2013246.202346989652142, 2960813.528493215329945 ], [ -2013368.5389787950553, 2960837.474721136502922 ], [ -2013423.128591632237658, 2960808.566447746474296 ], [ -2013496.088803957914934, 2960708.385582709219307 ], [ -2013512.067648045020178, 2960651.161906168796122 ], [ -2013487.455915444297716, 2960599.138001580256969 ], [ -2003541.814752739388496, 2965957.355368473101407 ], [ -1992296.213762027677149, 2978771.577095391694456 ], [ -1992492.886604216182604, 2982973.787766048219055 ], [ -1980366.340597978560254, 2973071.617513353470713 ], [ -1985307.839506332762539, 2979506.29972528712824 ], [ -1975153.231494495877996, 2981695.894287549424917 ], [ -1975370.550762774189934, 3007754.328516459558159 ], [ -1968445.404452434275299, 3008635.385045538656414 ], [ -1973881.447677177842706, 3017191.968529414385557 ], [ -1955856.099045070121065, 3044923.474289779085666 ], [ -1942407.139615719439462, 3048926.689720786176622 ], [ -1952995.860251770121977, 3060803.075826136395335 ], [ -1944356.780495597748086, 3133695.76445213612169 ], [ -1950711.981595621909946, 3139611.687643545679748 ], [ -1957433.071723813423887, 3133242.06353854527697 ], [ -1962599.764327491167933, 3160989.242987652309239 ], [ -1955821.677679937565699, 3161016.870973906479776 ], [ -1956245.044672385789454, 3165690.241689630784094 ], [ -1924693.540083708474413, 3156683.748237442225218 ] ] ], [ [ [ -2037693.704500759020448, 3090084.095664833206683 ], [ -2019153.595684441737831, 3069845.498334277886897 ], [ -1982216.129030917771161, 3053633.779221561271697 ], [ -1979567.804713831981644, 3044721.837354830466211 ], [ -1992986.785527891712263, 3036113.1040582889691 ], [ -1995201.350606177467853, 3046095.516392867546529 ], [ -1997230.967208873014897, 3041366.395602067001164 ], [ -2015236.150153930298984, 3052715.380002893041819 ], [ -2036365.710733435116708, 3084022.598033213056624 ], [ -2037693.704500759020448, 3090084.095664833206683 ] ] ], [ [ [ -1977633.573543172329664, 3049183.356915585696697 ], [ -1973477.121180254267529, 3027952.257323669269681 ], [ -1979543.412047282792628, 3031246.139976533595473 ], [ -1984150.139621512731537, 3023327.097789161838591 ], [ -1987035.00650089327246, 3030665.669284642208368 ], [ -1989655.500569843687117, 3010799.121410545893013 ], [ -1991362.306564006721601, 3033764.612450584769249 ], [ -1978295.529743641382083, 3036870.071512554772198 ], [ -1977633.573543172329664, 3049183.356915585696697 ] ] ], [ [ [ -1984654.373430707491934, 3012059.637119246181101 ], [ -1982763.036315200850368, 3002296.358201305847615 ], [ -1997179.882608492625877, 2977007.009437376167625 ], [ -1996732.970581701723859, 2979833.730746865272522 ], [ -1997780.566360682714731, 2982387.405661094468087 ], [ -1997865.606848574010655, 2979189.173195325769484 ], [ -2004382.008410282200202, 2982709.621659031603485 ], [ -2000194.743695518234745, 2986153.469085693359375 ], [ -1999882.549811838194728, 2986991.621951882727444 ], [ -2000790.165766465011984, 2988231.764902846887708 ], [ -1996360.570864964276552, 2990462.905544518958777 ], [ -1994260.310776546830311, 3008815.929219127632678 ], [ -1984654.373430707491934, 3012059.637119246181101 ] ] ], [ [ [ -1980684.543295555282384, 3001689.770808845292777 ], [ -1977624.640221073525026, 2986753.481095894705504 ], [ -1985450.365968306548893, 2983878.244532877579331 ], [ -1981868.481286804424599, 2988139.217717603780329 ], [ -1983745.80557852704078, 2989992.988465856295079 ], [ -1988352.535488744499162, 2983163.513777786400169 ], [ -1980684.543295555282384, 3001689.770808845292777 ] ] ], [ [ [ -1979447.149379626614973, 3023353.584481927100569 ], [ -1979268.765196628635749, 3009657.155719939153641 ], [ -1982171.160713864956051, 3009445.68656872631982 ], [ -1985277.538421296514571, 3020630.365396135021001 ], [ -1979447.149379626614973, 3023353.584481927100569 ] ], [ [ -1984986.037021399475634, 3019854.691159008536488 ], [ -1984972.029081343207508, 3019836.8812072169967 ], [ -1984961.782770671881735, 3019838.302856649272144 ], [ -1984986.037021399475634, 3019854.691159008536488 ] ] ], [ [ [ -1962174.453021318186074, 3134766.828531075734645 ], [ -1956388.239008337957785, 3127846.576067817397416 ], [ -1956624.199706522282213, 3124415.639964093454182 ], [ -1962174.453021318186074, 3134766.828531075734645 ] ] ], [ [ [ -2011770.887310185004026, 2969470.294049316551536 ], [ -2006810.10823959717527, 2967830.887004517484456 ], [ -2009703.774059356190264, 2965600.512070774566382 ], [ -2011770.887310185004026, 2969470.294049316551536 ] ] ], [ [ [ -2008874.185667480807751, 2974403.978049762547016 ], [ -2002966.513837136561051, 2974234.655348992906511 ], [ -2003056.387085447087884, 2972413.423716503195465 ], [ -2008874.185667480807751, 2974403.978049762547016 ] ] ], [ [ [ -2002875.677485223161057, 2980868.067505436483771 ], [ -1997970.497958860360086, 2975232.984956234693527 ], [ -1999508.478235393296927, 2973537.43808077974245 ], [ -2002875.677485223161057, 2980868.067505436483771 ] ] ], [ [ [ -1979949.991219433955848, 3172576.654614503029734 ], [ -1975848.121603599982336, 3168442.102099565323442 ], [ -1980398.543391784420237, 3169214.52287308126688 ], [ -1979949.991219433955848, 3172576.654614503029734 ] ] ], [ [ [ -1992550.453787015518174, 3015851.472419255878776 ], [ -1990304.53718628664501, 3011077.644487144425511 ], [ -1994140.21666958113201, 3010004.233388074208051 ], [ -1992550.453787015518174, 3015851.472419255878776 ] ] ], [ [ [ -1955460.586415681289509, 3130201.926288929767907 ], [ -1954633.133580629015341, 3132377.490688017569482 ], [ -1954565.934701818972826, 3130771.535327990539372 ], [ -1955460.586415681289509, 3130201.926288929767907 ] ] ], [ [ [ -2007902.337427372811362, 2978929.379879607353359 ], [ -2007962.250102122081444, 2976272.400446189101785 ], [ -2010268.335110465297475, 2975281.455656772479415 ], [ -2007902.337427372811362, 2978929.379879607353359 ] ] ], [ [ [ -1982548.654257759917527, 3006169.894863194320351 ], [ -1980720.381184070836753, 3005269.394681544508785 ], [ -1981653.958648758940399, 3004188.479492232669145 ], [ -1982548.654257759917527, 3006169.894863194320351 ] ] ], [ [ [ -1955372.647992917802185, 3051932.95143019920215 ], [ -1954773.481165739241987, 3052518.075318358372897 ], [ -1953811.350776060018688, 3050910.995645221788436 ], [ -1955372.647992917802185, 3051932.95143019920215 ] ] ], [ [ [ -2010839.033485139952973, 2974753.90942176245153 ], [ -2011535.332125190645456, 2972311.047810592222959 ], [ -2012488.01747977710329, 2971596.995945943519473 ], [ -2010839.033485139952973, 2974753.90942176245153 ] ] ], [ [ [ -2003312.018313141306862, 2967611.067248847801238 ], [ -2003968.148385378299281, 2967853.553993640467525 ], [ -2003171.856072737835348, 2968757.303219608962536 ], [ -2003312.018313141306862, 2967611.067248847801238 ] ] ], [ [ [ -2000593.398940600920469, 2987004.449755088426173 ], [ -2001525.213727070717141, 2986548.98774898936972 ], [ -2001615.948434968944639, 2986884.955921856220812 ], [ -2000593.398940600920469, 2987004.449755088426173 ] ] ], [ [ [ -1956824.394087257562205, 3164669.712097653187811 ], [ -1956996.683535606833175, 3164829.783906483557075 ], [ -1956882.615529267117381, 3164866.532340964302421 ], [ -1956824.394087257562205, 3164669.712097653187811 ] ] ] ] } },
{ "type": "Feature", "properties": { "OBJECTID": 107.0, "STATE": "Washington", "STATE_FIPS": "53", "CD_2DIG": "06", "STATE_CODE": 45, "CLIMDIV": 4506, "CD_NEW": 6, "FIPS_CD": "5306", "NCDC_GEO_I": 17.0, "NAME": "EAST SLOPE CASCADES", "ST_ABBRV": "WA", "SHAPE_AREA": 0.0, "SHAPE_LEN": 0.0 }, "geometry": { "type": "Polygon", "coordinates": [ [ [ -1722204.580334392841905, 3102129.994217060972005 ], [ -1734666.957460037432611, 3067612.44421554217115 ], [ -1758905.63829084043391, 3061520.768565243575722 ], [ -1758024.866951850010082, 3037207.770419892854989 ], [ -1785749.77388219255954, 3027156.160630387254059 ], [ -1789829.48361660935916, 3003275.052831174340099 ], [ -1813532.273476035567001, 3010812.17272683000192 ], [ -1809809.833635833347216, 2988401.757065484765917 ], [ -1834540.416815739823505, 2959382.8205870334059 ], [ -1833393.460782110691071, 2941942.533606670796871 ], [ -1818661.266989421797916, 2925185.689333735499531 ], [ -1820767.39518532436341, 2914649.201831818558276 ], [ -1857119.00537136127241, 2923041.334202245809138 ], [ -1858976.092372282873839, 2891823.725853538606316 ], [ -1896547.879733860958368, 2851032.21507905004546 ], [ -1869955.400689197937027, 2808404.602417141664773 ], [ -1945323.373580829938874, 2781171.131959416903555 ], [ -1960477.020364889875054, 2787924.640874449163675 ], [ -1969050.002451305976138, 2799641.614735322073102 ], [ -1961595.140369414817542, 2827673.699020976666361 ], [ -1954970.334849414648488, 2825870.868731611408293 ], [ -1944817.182150389067829, 2862674.669781843200326 ], [ -1935124.727495210710913, 2860193.524839389137924 ], [ -1935986.841287682531402, 2875020.497761351522058 ], [ -1922606.368288420140743, 2893828.512029089499265 ], [ -1930526.034681149292737, 2914476.669476062990725 ], [ -1914805.220857816748321, 2938380.03369703842327 ], [ -1905896.634365638019517, 2939275.316572701558471 ], [ -1911812.550520954886451, 2966075.463197082746774 ], [ -1872729.521074605407193, 2994302.112736083567142 ], [ -1869478.034203306073323, 3031512.571320039220154 ], [ -1848008.53619821392931, 3039782.706181378569454 ], [ -1855561.884583089733496, 3059397.837943795137107 ], [ -1849921.085368810221553, 3076043.11840690439567 ], [ -1820618.490573949413374, 3078318.000255363527685 ], [ -1826719.089481162605807, 3084467.969997123815119 ], [ -1813943.162283846642822, 3094538.005277641583234 ], [ -1815048.094997957348824, 3119675.26448876503855 ], [ -1823422.00559731782414, 3125575.4714390556328 ], [ -1722204.580334392841905, 3102129.994217060972005 ] ] ] } },
{ "type": "Feature", "properties": { "OBJECTID": 108.0, "STATE": "Washington", "STATE_FIPS": "53", "CD_2DIG": "05", "STATE_CODE": 45, "CLIMDIV": 4505, "CD_NEW": 5, "FIPS_CD": "5305", "NCDC_GEO_I": 18.0, "NAME": "CASCADE MOUNTAINS WEST", "ST_ABBRV": "WA", "SHAPE_AREA": 0.0, "SHAPE_LEN": 0.0 }, "geometry": { "type": "Polygon", "coordinates": [ [ [ -1889770.816279257647693, 3146400.466544013936073 ], [ -1815048.094997957348824, 3119675.26448876503855 ], [ -1813943.162309214938432, 3094538.005182061810046 ], [ -1826719.089545934461057, 3084467.970014410559088 ], [ -1820618.490638777380809, 3078318.000272593460977 ], [ -1849921.085368810221553, 3076043.11840690439567 ], [ -1855561.884622266050428, 3059397.838056984823197 ], [ -1848008.53619821392931, 3039782.706181378569454 ], [ -1869478.034203306073323, 3031512.571320039220154 ], [ -1872729.521074605407193, 2994302.112736083567142 ], [ -1911812.550547273363918, 2966075.463101231027395 ], [ -1905896.63433947134763, 2939275.31666866550222 ], [ -1914805.220791664440185, 2938380.033678917679936 ], [ -1930526.034681149292737, 2914476.669476062990725 ], [ -1922606.368288420140743, 2893828.512029089499265 ], [ -1935986.841194551903754, 2875020.497839145362377 ], [ -1935124.727428318699822, 2860193.5248210770078 ], [ -1944817.182150389067829, 2862674.669781843200326 ], [ -1954970.334822928532958, 2825870.868827842641622 ], [ -1961595.140436614397913, 2827673.699039539322257 ], [ -1969050.002451305976138, 2799641.614735322073102 ], [ -1962001.421619236236438, 2797632.144259026274085 ], [ -1964263.779970698524266, 2791650.831148606725037 ], [ -1998226.107238952070475, 2791825.417405246756971 ], [ -2019594.860743804601952, 2854238.594468114431947 ], [ -2002693.771430324530229, 2872954.407136432360858 ], [ -1943810.978707161266357, 2893639.76036776881665 ], [ -1940908.352169419405982, 2909039.243606615345925 ], [ -1958789.832213888643309, 2915387.454217899125069 ], [ -1933577.105665755923837, 2947035.099397263489664 ], [ -1930197.688230191124603, 2963474.964368865359575 ], [ -1938146.960984356934205, 2968666.240230189170688 ], [ -1915986.741875809617341, 3007682.893172075971961 ], [ -1887412.994237357983366, 3005327.667980717029423 ], [ -1900481.441124267410487, 3039452.476349935866892 ], [ -1897742.198529067216441, 3053334.009100527968258 ], [ -1882325.961385116446763, 3094889.394135145936161 ], [ -1853177.665672463364899, 3106872.75000887317583 ], [ -1852506.389020028756931, 3116146.044228440150619 ], [ -1894501.658519281307235, 3112640.036769015248865 ], [ -1893224.65243317047134, 3139669.101076938211918 ], [ -1889770.816279257647693, 3146400.466544013936073 ] ] ] } },
{ "type": "Feature", "properties": { "OBJECTID": 109.0, "STATE": "Washington", "STATE_FIPS": "53", "CD_2DIG": "08", "STATE_CODE": 45, "CLIMDIV": 4508, "CD_NEW": 8, "FIPS_CD": "5308", "NCDC_GEO_I": 19.0, "NAME": "CENTRAL BASIN", "ST_ABBRV": "WA", "SHAPE_AREA": 0.0, "SHAPE_LEN": 0.0 }, "geometry": { "type": "Polygon", "coordinates": [ [ [ -1691169.426843211054802, 2753550.107633823063225 ], [ -1765862.533169332426041, 2771459.756210114341229 ], [ -1778120.741478820564225, 2766832.398481308482587 ], [ -1814215.836409160867333, 2774369.489866400137544 ], [ -1865536.103412530850619, 2765357.866134162992239 ], [ -1896928.163814299972728, 2775892.776754135265946 ], [ -1941071.195498241111636, 2771658.436894220300019 ], [ -1945323.373580829938874, 2781171.131959416903555 ], [ -1869955.400689197937027, 2808404.602417141664773 ], [ -1896547.879733860958368, 2851032.21507905004546 ], [ -1858976.092372282873839, 2891823.725853538606316 ], [ -1857119.00537136127241, 2923041.334202245809138 ], [ -1820767.39518532436341, 2914649.201831818558276 ], [ -1818661.266989421797916, 2925185.689333735499531 ], [ -1833393.460782110691071, 2941942.533606670796871 ], [ -1834540.416815739823505, 2959382.8205870334059 ], [ -1743976.017294557066634, 2936740.294485155958682 ], [ -1692743.014859000686556, 2893918.631989380344748 ], [ -1654490.742415292654186, 2875622.854764482006431 ], [ -1689166.954764863476157, 2821705.078334036748856 ], [ -1718220.850480943219736, 2804842.59458672767505 ], [ -1691169.426843211054802, 2753550.107633823063225 ] ] ] } },
{ "type": "Feature", "properties": { "OBJECTID": 110.0, "STATE": "Washington", "STATE_FIPS": "53", "CD_2DIG": "07", "STATE_CODE": 45, "CLIMDIV": 4507, "CD_NEW": 7, "FIPS_CD": "5307", "NCDC_GEO_I": 20.0, "NAME": "OKANOGAN BIG BEND", "ST_ABBRV": "WA", "SHAPE_AREA": 0.0, "SHAPE_LEN": 0.0 }, "geometry": { "type": "Polygon", "coordinates": [ [ [ -1702160.607425684342161, 3097107.770603328477591 ], [ -1711117.810783086111769, 3032332.361102893017232 ], [ -1705798.844518191879615, 2979034.449755580164492 ], [ -1658481.63752599270083, 2934129.75758695974946 ], [ -1618531.027521596755832, 2916844.511541017796844 ], [ -1654490.742415292654186, 2875622.854764482006431 ], [ -1692743.014859000686556, 2893918.631989380344748 ], [ -1743976.017294557066634, 2936740.294485155958682 ], [ -1834540.416815739823505, 2959382.8205870334059 ], [ -1809809.833635833347216, 2988401.757065484765917 ], [ -1813532.273476035567001, 3010812.17272683000192 ], [ -1789829.48361660935916, 3003275.052831174340099 ], [ -1785749.77388219255954, 3027156.160630387254059 ], [ -1758024.866951850010082, 3037207.770419892854989 ], [ -1758905.63829084043391, 3061520.768565243575722 ], [ -1734666.957460037432611, 3067612.44421554217115 ], [ -1722204.580334392841905, 3102129.994217060972005 ], [ -1702160.607425684342161, 3097107.770603328477591 ] ] ] } },
{ "type": "Feature", "properties": { "OBJECTID": 111.0, "STATE": "Washington", "STATE_FIPS": "53", "CD_2DIG": "09", "STATE_CODE": 45, "CLIMDIV": 4509, "CD_NEW": 9, "FIPS_CD": "5309", "NCDC_GEO_I": 21.0, "NAME": "NORTHEASTERN", "ST_ABBRV": "WA", "SHAPE_AREA": 0.0, "SHAPE_LEN": 0.0 }, "geometry": { "type": "Polygon", "coordinates": [ [ [ -1580664.876309960149229, 2906750.046165383420885 ], [ -1646341.796041285386309, 2926271.618233302608132 ], [ -1705798.844518191879615, 2979034.449755580164492 ], [ -1711117.810783086111769, 3032332.361102893017232 ], [ -1702160.607425684342161, 3097107.770603328477591 ], [ -1545551.848323043668643, 3059861.977153622545302 ], [ -1580664.876309960149229, 2906750.046165383420885 ] ] ] } },
{ "type": "Feature", "properties": { "OBJECTID": 112.0, "STATE": "Washington", "STATE_FIPS": "53", "CD_2DIG": "10", "STATE_CODE": 45, "CLIMDIV": 4510, "CD_NEW": 10, "FIPS_CD": "5310", "NCDC_GEO_I": 22.0, "NAME": "PALOUSE BLUE MOUNTAINS", "ST_ABBRV": "WA", "SHAPE_AREA": 0.0, "SHAPE_LEN": 0.0 }, "geometry": { "type": "Polygon", "coordinates": [ [ [ -1580664.876309960149229, 2906750.046165383420885 ], [ -1611947.374018214643002, 2775457.812639304902405 ], [ -1609541.688550478313118, 2734196.119494937360287 ], [ -1691169.426843211054802, 2753550.107633823063225 ], [ -1718220.850480943219736, 2804842.59458672767505 ], [ -1689166.954764863476157, 2821705.078334036748856 ], [ -1618531.027521596755832, 2916844.511541017796844 ], [ -1580664.876309960149229, 2906750.046165383420885 ] ] ] } },
{ "type": "Feature", "properties": { "OBJECTID": 113.0, "STATE": "Arizona", "STATE_FIPS": "04", "CD_2DIG": "01", "STATE_CODE": 2, "CLIMDIV": 201, "CD_NEW": 1, "FIPS_CD": "0401", "NCDC_GEO_I": 23.0, "NAME": "NORTHWEST", "ST_ABBRV": "AZ", "SHAPE_AREA": 0.0, "SHAPE_LEN": 0.0 }, "geometry": { "type": "Polygon", "coordinates": [ [ [ -1662895.895224988460541, 1612980.599825300276279 ], [ -1630895.298980408813804, 1613668.232066219905391 ], [ -1619791.227423019241542, 1596660.351155268959701 ], [ -1610914.536789241246879, 1596159.366989854956046 ], [ -1598516.336064392467961, 1612708.652446113526821 ], [ -1581791.400834935950115, 1701476.601885868236423 ], [ -1450844.157927296822891, 1677409.426013378193602 ], [ -1473475.550490272464231, 1608240.141934942221269 ], [ -1540947.273858037078753, 1584540.304884628625587 ], [ -1576891.546596285654232, 1392372.508318227017298 ], [ -1621152.674596055410802, 1392493.009696100838482 ], [ -1665606.249264539917931, 1427798.626664778683335 ], [ -1667625.323243665276095, 1457082.227382586803287 ], [ -1678738.791835194220766, 1477938.861876235343516 ], [ -1674820.138952656649053, 1503039.51474070828408 ], [ -1666173.430169133003801, 1510634.294859207700938 ], [ -1662895.895224988460541, 1612980.599825300276279 ] ] ] } },
{ "type": "Feature", "properties": { "OBJECTID": 114.0, "STATE": "Arizona", "STATE_FIPS": "04", "CD_2DIG": "02", "STATE_CODE": 2, "CLIMDIV": 202, "CD_NEW": 2, "FIPS_CD": "0402", "NCDC_GEO_I": 24.0, "NAME": "NORTHEAST", "ST_ABBRV": "AZ", "SHAPE_AREA": 0.0, "SHAPE_LEN": 0.0 }, "geometry": { "type": "Polygon", "coordinates": [ [ [ -1450844.157927296822891, 1677409.426013378193602 ], [ -1146479.858171722618863, 1629466.179173258366063 ], [ -1195961.401349999476224, 1272420.658127796836197 ], [ -1223364.004622070584446, 1276170.40864503919147 ], [ -1266379.933199345367029, 1248259.242623266298324 ], [ -1286072.308530017966405, 1262620.477416156325489 ], [ -1279134.862336445134133, 1309375.967551185982302 ], [ -1347120.858129643835127, 1319739.599183208309114 ], [ -1344557.046782487537712, 1354144.057060242863372 ], [ -1352762.325597145361826, 1351282.217073449632153 ], [ -1384301.794951901771128, 1376971.96177376806736 ], [ -1399759.456176011357456, 1370822.98537130956538 ], [ -1397751.223981122486293, 1378072.044849758036435 ], [ -1411860.930020580533892, 1377537.876692499499768 ], [ -1404058.313374113757163, 1380625.107243389356881 ], [ -1411347.267303040949628, 1383527.58155496022664 ], [ -1405056.931717071682215, 1419933.469184973742813 ], [ -1425277.394983968930319, 1423398.821838260628283 ], [ -1421952.800782748963684, 1443020.206149840727448 ], [ -1471802.592155389254913, 1450583.551674565067515 ], [ -1468553.657422823365778, 1469922.397459556581452 ], [ -1478026.134422646835446, 1471713.336072149220854 ], [ -1475740.945168103091419, 1483918.227357015712187 ], [ -1518677.826376641402021, 1502010.748248460469767 ], [ -1549634.074226552154869, 1527616.197540088323876 ], [ -1540655.476074818288907, 1585101.714870050083846 ], [ -1473475.550490272464231, 1608240.141934942221269 ], [ -1450844.157927296822891, 1677409.426013378193602 ] ] ] } },
{ "type": "Feature", "properties": { "OBJECTID": 115.0, "STATE": "Arizona", "STATE_FIPS": "04", "CD_2DIG": "05", "STATE_CODE": 2, "CLIMDIV": 205, "CD_NEW": 5, "FIPS_CD": "0405", "NCDC_GEO_I": 25.0, "NAME": "SOUTHWEST", "ST_ABBRV": "AZ", "SHAPE_AREA": 0.0, "SHAPE_LEN": 0.0 }, "geometry": { "type": "Polygon", "coordinates": [ [ [ -1574402.923105575609952, 1394435.762166679138318 ], [ -1577004.322061026236042, 1378672.93901208229363 ], [ -1620306.247599921189249, 1144263.765331522328779 ], [ -1746899.738924366189167, 1221817.123931190697476 ], [ -1731231.484834721544757, 1245791.219543439801782 ], [ -1716231.76520015951246, 1243313.502534306840971 ], [ -1707756.219545642612502, 1252484.046957449521869 ], [ -1707773.432275854982436, 1272766.595833575120196 ], [ -1724132.355226877145469, 1283374.017735307803378 ], [ -1721663.045218366896734, 1307456.163321183994412 ], [ -1718916.159416693029925, 1318409.059958265861496 ], [ -1697492.675104435533285, 1331009.291999110486358 ], [ -1690241.894165721489117, 1373027.367879498982802 ], [ -1677744.290202204138041, 1388084.176947379717603 ], [ -1646498.854497637832537, 1406586.46587905776687 ], [ -1607340.20924304658547, 1388365.161772207124159 ], [ -1592421.803388653323054, 1396745.308954074513167 ], [ -1574402.923105575609952, 1394435.762166679138318 ] ] ] } },
{ "type": "Feature", "properties": { "OBJECTID": 116.0, "STATE": "Arizona", "STATE_FIPS": "04", "CD_2DIG": "03", "STATE_CODE": 2, "CLIMDIV": 203, "CD_NEW": 3, "FIPS_CD": "0403", "NCDC_GEO_I": 26.0, "NAME": "NORTH CENTRAL", "ST_ABBRV": "AZ", "SHAPE_AREA": 0.0, "SHAPE_LEN": 0.0 }, "geometry": { "type": "Polygon", "coordinates": [ [ [ -1549634.074226552154869, 1527616.197540088323876 ], [ -1518677.826376641402021, 1502010.748248460469767 ], [ -1475740.945168103091419, 1483918.227357015712187 ], [ -1478026.134422646835446, 1471713.336072149220854 ], [ -1468553.657422823365778, 1469922.397459556581452 ], [ -1471802.592155389254913, 1450583.551674565067515 ], [ -1421952.800782748963684, 1443020.206149840727448 ], [ -1425277.394983968930319, 1423398.821838260628283 ], [ -1405056.931717071682215, 1419933.469184973742813 ], [ -1411865.100077887764201, 1379883.035155424149707 ], [ -1422254.832177316304296, 1375576.366152094909921 ], [ -1431957.047524894354865, 1351696.146409182809293 ], [ -1410219.37869233218953, 1346959.978997012600303 ], [ -1414492.632144034607336, 1330525.809078044490889 ], [ -1474130.930878218729049, 1346036.177940924651921 ], [ -1487358.429554254980758, 1329500.98263634275645 ], [ -1527381.706707708071917, 1349869.446567284641787 ], [ -1580617.222926289075986, 1359436.732606902252883 ], [ -1549634.074226552154869, 1527616.197540088323876 ] ] ] } },
{ "type": "Feature", "properties": { "OBJECTID": 117.0, "STATE": "Arizona", "STATE_FIPS": "04", "CD_2DIG": "06", "STATE_CODE": 2, "CLIMDIV": 206, "CD_NEW": 6, "FIPS_CD": "0406", "NCDC_GEO_I": 27.0, "NAME": "SOUTH CENTRAL", "ST_ABBRV": "AZ", "SHAPE_AREA": 0.0, "SHAPE_LEN": 0.0 }, "geometry": { "type": "MultiPolygon", "coordinates": [ [ [ [ -1410751.355401338078082, 1330469.970090241637081 ], [ -1409199.067415241617709, 1301402.188292432110757 ], [ -1405011.938010445563123, 1297502.662480163155124 ], [ -1405298.27421796368435, 1293755.300598114263266 ], [ -1397080.163725933991373, 1282778.796582857146859 ], [ -1389299.508012144826353, 1289945.541867529740557 ], [ -1367494.676228184252977, 1208032.258854623185471 ], [ -1351330.833305278094485, 1223449.726672625401989 ], [ -1333414.436970450682566, 1226569.900774194626138 ], [ -1344931.292925694957376, 1151494.14666390651837 ], [ -1610889.282240718370304, 1195385.881573987659067 ], [ -1580617.222926289075986, 1359436.732606902252883 ], [ -1527381.706707708071917, 1349869.446567284641787 ], [ -1487358.429554254980758, 1329500.98263634275645 ], [ -1474130.930878218729049, 1346036.177940924651921 ], [ -1410751.355401338078082, 1330469.970090241637081 ] ] ], [ [ [ -1408721.300554994726554, 1303677.435408236691728 ], [ -1408664.914674225728959, 1303965.051024446962401 ], [ -1408460.906237971503288, 1303619.514678784878924 ], [ -1408721.300554994726554, 1303677.435408236691728 ] ] ] ] } },
{ "type": "Feature", "properties": { "OBJECTID": 118.0, "STATE": "Arizona", "STATE_FIPS": "04", "CD_2DIG": "04", "STATE_CODE": 2, "CLIMDIV": 204, "CD_NEW": 4, "FIPS_CD": "0404", "NCDC_GEO_I": 28.0, "NAME": "EAST CENTRAL", "ST_ABBRV": "AZ", "SHAPE_AREA": 0.0, "SHAPE_LEN": 0.0 }, "geometry": { "type": "Polygon", "coordinates": [ [ [ -1431799.538736217888072, 1351997.255703983828425 ], [ -1422254.832177316304296, 1375576.366152094909921 ], [ -1414131.124544259859249, 1378150.209917419822887 ], [ -1411347.267303040949628, 1383527.58155496022664 ], [ -1408934.298880315385759, 1382946.152294812258333 ], [ -1407809.68891397700645, 1385979.766432894859463 ], [ -1406096.735837702639401, 1385610.058209444629028 ], [ -1411873.015963562065735, 1377562.651155463419855 ], [ -1397751.223981122486293, 1378072.044849758036435 ], [ -1400344.058975362218916, 1377586.763526195427403 ], [ -1400778.959376965416595, 1371002.146379397250712 ], [ -1384301.794951901771128, 1376971.96177376806736 ], [ -1352762.325597145361826, 1351282.217073449632153 ], [ -1344557.046782487537712, 1354144.057060242863372 ], [ -1347120.858129643835127, 1319739.599183208309114 ], [ -1279134.862336445134133, 1309375.967551185982302 ], [ -1287893.084406502079219, 1250349.753801184473559 ], [ -1326657.940426357090473, 1248891.103060200577602 ], [ -1329030.842856763862073, 1226134.814345577498898 ], [ -1351330.833305278094485, 1223449.726672625401989 ], [ -1367494.676228184252977, 1208032.258854623185471 ], [ -1389299.508012144826353, 1289945.541867529740557 ], [ -1397007.521466409321874, 1282728.022961984854192 ], [ -1409199.067415241617709, 1301402.188292432110757 ], [ -1410219.37869233218953, 1346959.978997012600303 ], [ -1431799.538736217888072, 1351997.255703983828425 ] ] ] } },
{ "type": "Feature", "properties": { "OBJECTID": 119.0, "STATE": "Arizona", "STATE_FIPS": "04", "CD_2DIG": "07", "STATE_CODE": 2, "CLIMDIV": 207, "CD_NEW": 7, "FIPS_CD": "0407", "NCDC_GEO_I": 29.0, "NAME": "SOUTHEAST", "ST_ABBRV": "AZ", "SHAPE_AREA": 0.0, "SHAPE_LEN": 0.0 }, "geometry": { "type": "Polygon", "coordinates": [ [ [ -1195961.401349999476224, 1272420.658127796836197 ], [ -1233579.200771989300847, 1002286.973262199782766 ], [ -1423481.020279763499275, 1030564.698770098388195 ], [ -1620306.247599921189249, 1144263.765331522328779 ], [ -1610889.282240718370304, 1195385.881573987659067 ], [ -1344931.292925694957376, 1151494.14666390651837 ], [ -1329557.827072818297893, 1247091.59760430897586 ], [ -1287893.084406502079219, 1250349.753801184473559 ], [ -1285488.920485307928175, 1263170.556162140099332 ], [ -1266379.933199345367029, 1248259.242623266298324 ], [ -1223364.004622070584446, 1276170.40864503919147 ], [ -1195961.401349999476224, 1272420.658127796836197 ] ] ] } },
{ "type": "Feature", "properties": { "OBJECTID": 120.0, "STATE": "Alabama", "STATE_FIPS": "01", "CD_2DIG": "01", "STATE_CODE": 1, "CLIMDIV": 101, "CD_NEW": 1, "FIPS_CD": "0101", "NCDC_GEO_I": 30.0, "NAME": "NORTHERN VALLEY", "ST_ABBRV": "AL", "SHAPE_AREA": 0.0, "SHAPE_LEN": 0.0 }, "geometry": { "type": "Polygon", "coordinates": [ [ [ 704900.922560437116772, 1356632.317341265734285 ], [ 875578.870725798886269, 1370476.546528040198609 ], [ 881285.789652636041865, 1364103.663204018259421 ], [ 873305.793882805621251, 1357037.814834763063118 ], [ 880740.57250377908349, 1320216.074730584397912 ], [ 867154.203225048608147, 1311668.792449354426935 ], [ 858893.682671672548167, 1318655.411829957505688 ], [ 858795.927790222107433, 1291624.535525992512703 ], [ 713866.799885536194779, 1280275.696758971083909 ], [ 715454.426408514147624, 1344503.079567997949198 ], [ 704900.922560437116772, 1356632.317341265734285 ] ] ] } },
{ "type": "Feature", "properties": { "OBJECTID": 121.0, "STATE": "Alabama", "STATE_FIPS": "01", "CD_2DIG": "03", "STATE_CODE": 1, "CLIMDIV": 103, "CD_NEW": 3, "FIPS_CD": "0103", "NCDC_GEO_I": 31.0, "NAME": "UPPER PLAINS", "ST_ABBRV": "AL", "SHAPE_AREA": 0.0, "SHAPE_LEN": 0.0 }, "geometry": { "type": "Polygon", "coordinates": [ [ [ 713866.799885536194779, 1280275.696758971083909 ], [ 810852.95156675868202, 1286386.011850598268211 ], [ 810297.150159662705846, 1251976.758811091538519 ], [ 830352.042671716422774, 1232265.865232610609382 ], [ 798197.189852958312258, 1192207.650934147881344 ], [ 829497.16820196073968, 1169992.728408630238846 ], [ 839996.628576044226065, 1150543.143198203993961 ], [ 878955.967053880915046, 1149478.00156945339404 ], [ 895204.901442426256835, 1120999.136458827881142 ], [ 895607.40768380521331, 1082698.327954150969163 ], [ 888779.703085832879879, 1074781.405402752803639 ], [ 866543.967035615933128, 1079282.616236229427159 ], [ 858998.880879287607968, 1067866.090938777429983 ], [ 845837.461801296798512, 1106230.508578580804169 ], [ 836485.668637402355671, 1105284.719588728388771 ], [ 834517.466357258846983, 1124570.148755793226883 ], [ 806773.297309363377281, 1121367.06900456151925 ], [ 796885.832686222041957, 1125282.697666899301112 ], [ 795521.643281268887222, 1139598.595023247646168 ], [ 757433.926854583318345, 1137789.473254620097578 ], [ 755633.070213343948126, 1152919.702043833676726 ], [ 737751.709643944748677, 1137837.288603909080848 ], [ 710645.255197168444283, 1130995.65026775887236 ], [ 713866.799885536194779, 1280275.696758971083909 ] ] ] } },
{ "type": "Feature", "properties": { "OBJECTID": 122.0, "STATE": "Alabama", "STATE_FIPS": "01", "CD_2DIG": "02", "STATE_CODE": 1, "CLIMDIV": 102, "CD_NEW": 2, "FIPS_CD": "0102", "NCDC_GEO_I": 32.0, "NAME": "APPALACHIAN MOUNTAIN", "ST_ABBRV": "AL", "SHAPE_AREA": 0.0, "SHAPE_LEN": 0.0 }, "geometry": { "type": "Polygon", "coordinates": [ [ [ 880364.730263958103023, 1370915.555810149293393 ], [ 939222.987054953468032, 1376504.500323677435517 ], [ 953154.209815975860693, 1326178.152318206615746 ], [ 927123.473989501828328, 1286927.503707057330757 ], [ 895924.046666238340549, 1281768.968045303132385 ], [ 886500.62526760448236, 1271398.407426782418042 ], [ 885047.646470225648955, 1246898.862593228230253 ], [ 864758.489980024984106, 1235753.627150251530111 ], [ 873368.594486896181479, 1205421.800874432781711 ], [ 825907.690025836811401, 1169705.344488105503842 ], [ 798197.189852958312258, 1192207.650934147881344 ], [ 830352.042671716422774, 1232265.865232610609382 ], [ 810297.150159662705846, 1251976.758811091538519 ], [ 810681.990414625615813, 1287996.062927912920713 ], [ 858795.927790222107433, 1291624.535525992512703 ], [ 858893.682671672548167, 1318655.411829957505688 ], [ 867154.203225048608147, 1311668.792449354426935 ], [ 880740.57250377908349, 1320216.074730584397912 ], [ 873305.793882805621251, 1357037.814834763063118 ], [ 880364.730263958103023, 1370915.555810149293393 ] ] ] } },
{ "type": "Feature", "properties": { "OBJECTID": 123.0, "STATE": "Alabama", "STATE_FIPS": "01", "CD_2DIG": "04", "STATE_CODE": 1, "CLIMDIV": 104, "CD_NEW": 4, "FIPS_CD": "0104", "NCDC_GEO_I": 33.0, "NAME": "EASTERN VALLEY", "ST_ABBRV": "AL", "SHAPE_AREA": 0.0, "SHAPE_LEN": 0.0 }, "geometry": { "type": "Polygon", "coordinates": [ [ [ 953399.419281291193329, 1325430.674047966720536 ], [ 970492.982073432765901, 1265154.321355168940499 ], [ 949849.804574910900556, 1252953.48877367679961 ], [ 952471.950018896255642, 1227667.981735746143386 ], [ 929858.845619017723948, 1208399.940727331209928 ], [ 925326.618600142304786, 1184957.87709620827809 ], [ 912627.061875401530415, 1183864.406810798216611 ], [ 909678.824025618727319, 1162013.008370932890102 ], [ 880468.458809049334377, 1158870.031082016648725 ], [ 878955.967053880915046, 1149478.00156945339404 ], [ 839996.628576044226065, 1150543.143198203993961 ], [ 829497.16820196073968, 1169992.728408630238846 ], [ 873368.594486896181479, 1205421.800874432781711 ], [ 864758.489980024984106, 1235753.627150251530111 ], [ 885047.646470225648955, 1246898.862593228230253 ], [ 886443.856720306910574, 1271322.596601227298379 ], [ 895924.046666238340549, 1281768.968045303132385 ], [ 927123.473989501828328, 1286927.503707057330757 ], [ 953399.419281291193329, 1325430.674047966720536 ] ] ] } },
{ "type": "Feature", "properties": { "OBJECTID": 124.0, "STATE": "Alabama", "STATE_FIPS": "01", "CD_2DIG": "05", "STATE_CODE": 1, "CLIMDIV": 105, "CD_NEW": 5, "FIPS_CD": "0105", "NCDC_GEO_I": 34.0, "NAME": "PIEDMONT PLATEAU", "ST_ABBRV": "AL", "SHAPE_AREA": 0.0, "SHAPE_LEN": 0.0 }, "geometry": { "type": "Polygon", "coordinates": [ [ [ 969689.694949816213921, 1265072.810960637638345 ], [ 1004005.180478524067439, 1145033.404571767896414 ], [ 1025489.373464449541643, 1108093.488978056237102 ], [ 986534.160715298610739, 1092360.336111274315044 ], [ 985033.951721918419935, 1101982.220513268373907 ], [ 958383.882824298692867, 1110118.551043870160356 ], [ 944559.530708835925907, 1092206.783107531722635 ], [ 929445.685054313624278, 1085746.963812966598198 ], [ 908462.840767840272747, 1094288.953780454583466 ], [ 904957.191763459704816, 1083843.80403927504085 ], [ 895607.40768380521331, 1082698.327954150969163 ], [ 895204.901442426256835, 1120999.136458827881142 ], [ 880099.519390100846067, 1139362.882982961600646 ], [ 878773.872518526157364, 1157072.267853368306533 ], [ 909678.824025618727319, 1162013.008370932890102 ], [ 912627.061875401530415, 1183864.406810798216611 ], [ 925326.618600142304786, 1184957.87709620827809 ], [ 929858.845619017723948, 1208399.940727331209928 ], [ 952471.950018896255642, 1227667.981735746143386 ], [ 949849.804574910900556, 1252953.48877367679961 ], [ 969689.694949816213921, 1265072.810960637638345 ] ] ] } },
{ "type": "Feature", "properties": { "OBJECTID": 125.0, "STATE": "Alabama", "STATE_FIPS": "01", "CD_2DIG": "06", "STATE_CODE": 1, "CLIMDIV": 106, "CD_NEW": 6, "FIPS_CD": "0106", "NCDC_GEO_I": 35.0, "NAME": "PRAIRIE", "ST_ABBRV": "AL", "SHAPE_AREA": 0.0, "SHAPE_LEN": 0.0 }, "geometry": { "type": "Polygon", "coordinates": [ [ [ 755638.816188679658808, 1152913.474323521135375 ], [ 757433.926854583318345, 1137789.473254620097578 ], [ 795521.643281268887222, 1139598.595023247646168 ], [ 796885.832686222041957, 1125282.697666899301112 ], [ 806773.297309363377281, 1121367.06900456151925 ], [ 834517.466357258846983, 1124570.148755793226883 ], [ 836485.668637402355671, 1105284.719588728388771 ], [ 845837.461801296798512, 1106230.508578580804169 ], [ 859519.232042829040438, 1067648.083000786835328 ], [ 861603.749193018069491, 1077598.609375459840521 ], [ 888659.900393727468327, 1074711.117040326120332 ], [ 908462.840767840272747, 1094288.953780454583466 ], [ 929617.66866065224167, 1085777.373716349247843 ], [ 958383.882824298692867, 1110118.551043870160356 ], [ 985033.951721918419935, 1101982.220513268373907 ], [ 991940.058640696224757, 1048681.738620530813932 ], [ 977021.451836017891765, 1044852.299793433398008 ], [ 972148.139855044428259, 1031394.600709107238799 ], [ 959669.289622129756026, 1030046.510080227511935 ], [ 958714.020301377866417, 1039682.905739948269911 ], [ 949894.225436482694931, 1038733.97995179775171 ], [ 942641.486594894900918, 1048562.064242072287016 ], [ 938752.968214804423042, 1037556.228062293026596 ], [ 910818.166070136940107, 1034401.702661887160502 ], [ 908865.969040061230771, 1043906.978093151934445 ], [ 900115.940505528822541, 1042906.74029629654251 ], [ 901201.014853632426821, 1033276.788479438400827 ], [ 858860.908422701177187, 1028906.143920894595794 ], [ 858026.983453021850437, 1038477.311477618757635 ], [ 827954.079302379977889, 1035532.821106101968326 ], [ 795387.042573529062793, 1057348.318028310313821 ], [ 794921.195480497088283, 1042063.127134902635589 ], [ 785381.543320629745722, 1041162.617194555350579 ], [ 786742.646470636129379, 1027090.795301149250008 ], [ 741834.453738105366938, 1022216.725933064706624 ], [ 746990.818152348860167, 1054955.0083615090698 ], [ 755262.544675740296952, 1058078.701316275401041 ], [ 709209.493169080931693, 1054476.840379920089617 ], [ 710645.255197168444283, 1130995.65026775887236 ], [ 737751.709643944748677, 1137837.288603909080848 ], [ 755638.816188679658808, 1152913.474323521135375 ] ] ] } },
{ "type": "Feature", "properties": { "OBJECTID": 126.0, "STATE": "Alabama", "STATE_FIPS": "01", "CD_2DIG": "07", "STATE_CODE": 1, "CLIMDIV": 107, "CD_NEW": 7, "FIPS_CD": "0107", "NCDC_GEO_I": 36.0, "NAME": "COASTAL PLAIN", "ST_ABBRV": "AL", "SHAPE_AREA": 0.0, "SHAPE_LEN": 0.0 }, "geometry": { "type": "Polygon", "coordinates": [ [ [ 1025489.373464449541643, 1108093.488978056237102 ], [ 1027448.419423265731893, 1087536.839882319560274 ], [ 1039222.551244474598207, 1081507.444423726061359 ], [ 1024675.177062985138036, 1065620.901436647633091 ], [ 1021668.317839813418686, 1025922.225720470538363 ], [ 1034157.455692395567894, 1000520.843708449508995 ], [ 1032473.408718723803759, 960439.784095540991984 ], [ 1044781.678814430953935, 941063.040382962906733 ], [ 797316.86007327598054, 915367.973213781602681 ], [ 794851.740635176887736, 942743.503355899476446 ], [ 776349.323414455982856, 949430.176708230865188 ], [ 764628.268809830537066, 930841.14369995042216 ], [ 718804.496801386587322, 921815.037137825042009 ], [ 709209.493169080931693, 1054476.840379920089617 ], [ 755181.136946074082516, 1058270.694863059092313 ], [ 746990.818152348860167, 1054955.0083615090698 ], [ 746549.444486584048718, 1032303.007294646115042 ], [ 739879.913682189187966, 1028435.879072694224305 ], [ 742602.332780727534555, 1021913.775413069524802 ], [ 786742.646470636129379, 1027090.795301149250008 ], [ 785381.543320629745722, 1041162.617194555350579 ], [ 794921.195480497088283, 1042063.127134902635589 ], [ 793644.776431004982442, 1055823.687287047738209 ], [ 800790.787345559801906, 1057823.036585044581443 ], [ 827954.079302379977889, 1035532.821106101968326 ], [ 858026.983453021850437, 1038477.311477618757635 ], [ 858860.908422701177187, 1028906.143920894595794 ], [ 901201.014853632426821, 1033276.788479438400827 ], [ 900115.940505528822541, 1042906.74029629654251 ], [ 908865.969040061230771, 1043906.978093151934445 ], [ 910818.166070136940107, 1034401.702661887160502 ], [ 938752.968214804423042, 1037556.228062293026596 ], [ 942641.486594894900918, 1048562.064242072287016 ], [ 949894.225436482694931, 1038733.97995179775171 ], [ 958714.020301377866417, 1039682.905739948269911 ], [ 959669.289622129756026, 1030046.510080227511935 ], [ 972148.139855044428259, 1031394.600709107238799 ], [ 977021.451836017891765, 1044852.299793433398008 ], [ 991940.058640696224757, 1048681.738620530813932 ], [ 986534.160715298610739, 1092360.336111274315044 ], [ 1025489.373464449541643, 1108093.488978056237102 ] ] ] } },
{ "type": "Feature", "properties": { "OBJECTID": 127.0, "STATE": "Alabama", "STATE_FIPS": "01", "CD_2DIG": "08", "STATE_CODE": 1, "CLIMDIV": 108, "CD_NEW": 8, "FIPS_CD": "0108", "NCDC_GEO_I": 37.0, "NAME": "GULF", "ST_ABBRV": "AL", "SHAPE_AREA": 0.0, "SHAPE_LEN": 0.0 }, "geometry": { "type": "MultiPolygon", "coordinates": [ [ [ [ 777978.835942426230758, 947334.907309872680344 ], [ 794851.740635176887736, 942743.503355899476446 ], [ 796789.427448233123869, 900578.216331279138103 ], [ 820413.018893857253715, 881409.374218318378553 ], [ 817834.268287256010808, 863337.892464006552473 ], [ 824331.415210996870883, 856320.146630065166391 ], [ 809856.093302208813839, 835460.428447177167982 ], [ 785740.220777075388469, 828632.524288707762025 ], [ 765341.121281449915841, 826290.248752600164153 ], [ 790814.890104318037629, 836108.1029328283621 ], [ 775135.836800812976435, 848157.01819881843403 ], [ 763138.354375825030729, 887754.720250587677583 ], [ 754743.396596455248073, 838230.743583953590132 ], [ 728725.951754047768191, 841382.82786154106725 ], [ 718804.496801386587322, 921815.037137825042009 ], [ 764628.268809830537066, 930841.14369995042216 ], [ 777978.835942426230758, 947334.907309872680344 ] ] ], [ [ [ 755357.93156490335241, 828684.983611039700918 ], [ 760693.376078667584807, 828625.357184957480058 ], [ 737992.572960570920259, 824769.69743335316889 ], [ 755357.93156490335241, 828684.983611039700918 ] ] ], [ [ [ 815074.384123785654083, 839142.623880941187963 ], [ 816677.730901184142567, 838530.959784232312813 ], [ 811298.346737250569277, 836628.096914576017298 ], [ 815074.384123785654083, 839142.623880941187963 ] ] ], [ [ [ 810992.975173787679523, 836523.820630928734317 ], [ 813632.313430302892812, 836778.461874584550969 ], [ 810308.94090290449094, 835620.274531070725061 ], [ 810992.975173787679523, 836523.820630928734317 ] ] ] ] } },
{ "type": "Feature", "properties": { "OBJECTID": 128.0, "STATE": "Arkansas", "STATE_FIPS": "05", "CD_2DIG": "01", "STATE_CODE": 3, "CLIMDIV": 301, "CD_NEW": 1, "FIPS_CD": "0501", "NCDC_GEO_I": 38.0, "NAME": "NORTHWEST", "ST_ABBRV": "AR", "SHAPE_AREA": 0.0, "SHAPE_LEN": 0.0 }, "geometry": { "type": "Polygon", "coordinates": [ [ [ 122674.817937661558972, 1495570.852948207873851 ], [ 279147.77190795482602, 1499075.789870718494058 ], [ 273309.439523574372288, 1412292.028388119069859 ], [ 135044.647958603891311, 1412841.5068281495478 ], [ 122674.817937661558972, 1495570.852948207873851 ] ] ] } },
{ "type": "Feature", "properties": { "OBJECTID": 129.0, "STATE": "Arkansas", "STATE_FIPS": "05", "CD_2DIG": "02", "STATE_CODE": 3, "CLIMDIV": 302, "CD_NEW": 2, "FIPS_CD": "0502", "NCDC_GEO_I": 39.0, "NAME": "NORTH CENTRAL", "ST_ABBRV": "AR", "SHAPE_AREA": 0.0, "SHAPE_LEN": 0.0 }, "geometry": { "type": "Polygon", "coordinates": [ [ [ 276444.338932511222083, 1498249.329123094910756 ], [ 411607.60169036174193, 1501677.487345707602799 ], [ 421982.476909372664522, 1476531.47244144231081 ], [ 414011.611494382144883, 1474735.377805494703352 ], [ 415214.978879770147614, 1436633.993647545343265 ], [ 379545.383789494051598, 1440815.715882311109453 ], [ 371337.680224005540367, 1432000.92165804724209 ], [ 377530.489892463898286, 1413277.528174214996397 ], [ 373600.326799038099125, 1375049.737375163240358 ], [ 316891.167822384275496, 1373892.849882905138656 ], [ 316712.01094289496541, 1383649.562814262928441 ], [ 283303.806977769359946, 1383304.507190492935479 ], [ 286003.26831181376474, 1412455.464693267596886 ], [ 273309.439523574372288, 1412292.028388119069859 ], [ 276444.338932511222083, 1498249.329123094910756 ] ] ] } },
{ "type": "Feature", "properties": { "OBJECTID": 130.0, "STATE": "Arkansas", "STATE_FIPS": "05", "CD_2DIG": "03", "STATE_CODE": 3, "CLIMDIV": 303, "CD_NEW": 3, "FIPS_CD": "0503", "NCDC_GEO_I": 40.0, "NAME": "NORTHEAST", "ST_ABBRV": "AR", "SHAPE_AREA": 0.0, "SHAPE_LEN": 0.0 }, "geometry": { "type": "Polygon", "coordinates": [ [ [ 407474.49687289155554, 1504273.649223796790466 ], [ 518654.038644526677672, 1510470.947488943114877 ], [ 527856.563552598934621, 1489167.366653246339411 ], [ 502011.024984522780869, 1453107.805725406156853 ], [ 559470.628311388893053, 1457259.300556649453938 ], [ 568058.35653058195021, 1447027.984842703910545 ], [ 541477.413787568570115, 1426108.110816657310352 ], [ 551428.361635571694933, 1418226.263770651770756 ], [ 542409.891054874518886, 1410013.894346977584064 ], [ 547074.219504573731683, 1402331.343413311522454 ], [ 535517.952580360579304, 1405353.940928317373618 ], [ 535133.501948540681042, 1387081.164417358813807 ], [ 531571.188506996957585, 1396962.514876546338201 ], [ 446231.448707624454983, 1388023.158096421509981 ], [ 446735.984040868876036, 1378103.817373986588791 ], [ 427637.871419878618326, 1377509.001396166626364 ], [ 427021.576074550219346, 1387362.7077399820555 ], [ 418285.250712258333806, 1386832.033966328483075 ], [ 410745.00302439922234, 1377867.037721228087321 ], [ 417421.195298234757502, 1366172.030381754506379 ], [ 411094.002127203973942, 1346522.153556826524436 ], [ 399098.500357026525307, 1346321.821540127275512 ], [ 397247.508867034630384, 1338282.686443882761523 ], [ 350831.818371396046132, 1341347.596811849856749 ], [ 350220.738364639051724, 1374557.751729008741677 ], [ 373600.326799038099125, 1375049.737375163240358 ], [ 378168.400421676575206, 1386152.474075708771124 ], [ 371337.680224005540367, 1432000.92165804724209 ], [ 379545.383789494051598, 1440815.715882311109453 ], [ 415214.978879770147614, 1436633.993647545343265 ], [ 414011.611494382144883, 1474735.377805494703352 ], [ 421982.476909372664522, 1476531.47244144231081 ], [ 421571.140057092066854, 1486311.92813073983416 ], [ 407474.49687289155554, 1504273.649223796790466 ] ] ] } },
{ "type": "Feature", "properties": { "OBJECTID": 131.0, "STATE": "Arkansas", "STATE_FIPS": "05", "CD_2DIG": "04", "STATE_CODE": 3, "CLIMDIV": 304, "CD_NEW": 4, "FIPS_CD": "0504", "NCDC_GEO_I": 41.0, "NAME": "WEST CENTRAL", "ST_ABBRV": "AR", "SHAPE_AREA": 0.0, "SHAPE_LEN": 0.0 }, "geometry": { "type": "Polygon", "coordinates": [ [ [ 135044.647958603891311, 1412841.5068281495478 ], [ 286003.26831181376474, 1412455.464693267596886 ], [ 283984.772181120759342, 1350833.18014536332339 ], [ 267463.162642555485945, 1343179.094294867711142 ], [ 244243.658793826762121, 1316344.767837320454419 ], [ 246192.664867098967079, 1304940.692473968490958 ], [ 193487.38578230960411, 1296829.069065570365638 ], [ 188448.745805986283813, 1256158.990161470137537 ], [ 159297.397191242838744, 1256175.976136931683868 ], [ 160631.574350445735035, 1237977.069662600522861 ], [ 139912.806093601830071, 1237324.021683004684746 ], [ 141261.56196188958711, 1371792.755458921659738 ], [ 135044.647958603891311, 1412841.5068281495478 ] ] ] } },
{ "type": "Feature", "properties": { "OBJECTID": 132.0, "STATE": "Arkansas", "STATE_FIPS": "05", "CD_2DIG": "05", "STATE_CODE": 3, "CLIMDIV": 305, "CD_NEW": 5, "FIPS_CD": "0505", "NCDC_GEO_I": 42.0, "NAME": "CENTRAL", "ST_ABBRV": "AR", "SHAPE_AREA": 0.0, "SHAPE_LEN": 0.0 }, "geometry": { "type": "Polygon", "coordinates": [ [ [ 283303.806977769359946, 1383304.507190492935479 ], [ 316712.01094289496541, 1383649.562814262928441 ], [ 316891.167822384275496, 1373892.849882905138656 ], [ 350220.738364639051724, 1374557.751729008741677 ], [ 353438.298629500437528, 1291852.915711355395615 ], [ 361059.067873769148719, 1291993.285182382678613 ], [ 361634.36059142841259, 1277236.839005059562624 ], [ 345396.029403196880594, 1276953.523687983630225 ], [ 345009.91003232303774, 1228778.839928690111265 ], [ 320850.466184785589576, 1237017.361135029466823 ], [ 271000.16399463795824, 1236530.807157932780683 ], [ 271032.582489110005554, 1245644.190727429464459 ], [ 236594.58149252642761, 1256155.963518381351605 ], [ 236515.078284516115673, 1304576.083502988563851 ], [ 246192.664867098967079, 1304940.692473968490958 ], [ 244243.658793826762121, 1316344.767837320454419 ], [ 267463.162642555485945, 1343179.094294867711142 ], [ 283984.772181120759342, 1350833.18014536332339 ], [ 283303.806977769359946, 1383304.507190492935479 ] ] ] } },
{ "type": "Feature", "properties": { "OBJECTID": 133.0, "STATE": "Arkansas", "STATE_FIPS": "05", "CD_2DIG": "06", "STATE_CODE": 3, "CLIMDIV": 306, "CD_NEW": 6, "FIPS_CD": "0506", "NCDC_GEO_I": 43.0, "NAME": "EAST CENTRAL", "ST_ABBRV": "AR", "SHAPE_AREA": 0.0, "SHAPE_LEN": 0.0 }, "geometry": { "type": "Polygon", "coordinates": [ [ [ 446231.448707624454983, 1388023.158096421509981 ], [ 527060.206564503489062, 1391918.87602236494422 ], [ 524012.858155086403713, 1385614.631024717586115 ], [ 533289.072228694334626, 1386419.781191400252283 ], [ 525635.851818924071267, 1374052.229378685588017 ], [ 535920.815262494725175, 1359087.966431964188814 ], [ 515767.288063963118475, 1346771.037896867841482 ], [ 521167.461592796142213, 1333751.724305876763538 ], [ 515846.672276121331379, 1324909.03923078905791 ], [ 500143.538776080997195, 1328270.332544421078637 ], [ 503442.885334814433008, 1312059.587882342049852 ], [ 496772.035801466321573, 1318998.810691336169839 ], [ 493172.89346386800753, 1310112.741391500690952 ], [ 502755.650270659883972, 1305009.60788977984339 ], [ 497054.08414428360993, 1299433.197414249414578 ], [ 491671.189758916909341, 1303995.259672334883362 ], [ 494839.272226803994272, 1276100.775294815888628 ], [ 487141.394449962594081, 1263845.066271276213229 ], [ 477616.059406863234472, 1268758.677189478650689 ], [ 470942.06317442987347, 1250829.993117347126827 ], [ 462621.971222438209224, 1253608.138713440392166 ], [ 474202.954769741860218, 1244665.619485740084201 ], [ 444582.209476234973408, 1238780.974123340798542 ], [ 444753.331921894918196, 1219341.201394212199375 ], [ 426475.935597151867114, 1220412.038660995662212 ], [ 407998.428680513170548, 1249442.121375401969999 ], [ 391889.140786501578987, 1249965.929558945586905 ], [ 391236.332915916631464, 1277776.722199639771134 ], [ 361634.36059142841259, 1277236.839005059562624 ], [ 361059.067873769148719, 1291993.285182382678613 ], [ 353438.298629500437528, 1291852.915711355395615 ], [ 350831.818371396046132, 1341347.596811849856749 ], [ 399349.943636248994153, 1338878.828486263751984 ], [ 399098.500357026525307, 1346321.821540127275512 ], [ 413416.688477923627943, 1348367.214355640346184 ], [ 409649.211443372885697, 1354552.721661217976362 ], [ 417402.239922014181502, 1366395.984532066853717 ], [ 410307.88813277304871, 1375386.722884378628805 ], [ 418285.250712258333806, 1386832.033966328483075 ], [ 427021.576074550219346, 1387362.7077399820555 ], [ 427637.871419878618326, 1377509.001396166626364 ], [ 446735.984040868876036, 1378103.817373986588791 ], [ 446231.448707624454983, 1388023.158096421509981 ] ] ] } },
{ "type": "Feature", "properties": { "OBJECTID": 134.0, "STATE": "Arkansas", "STATE_FIPS": "05", "CD_2DIG": "08", "STATE_CODE": 3, "CLIMDIV": 308, "CD_NEW": 8, "FIPS_CD": "0508", "NCDC_GEO_I": 44.0, "NAME": "SOUTH CENTRAL", "ST_ABBRV": "AR", "SHAPE_AREA": 0.0, "SHAPE_LEN": 0.0 }, "geometry": { "type": "Polygon", "coordinates": [ [ [ 233680.918545571417781, 1256137.029208695981652 ], [ 271032.582489110005554, 1245644.190727429464459 ], [ 271284.718556111911312, 1236466.320050731068477 ], [ 370594.571967727970332, 1230035.592599652009085 ], [ 367804.724666016176343, 1162035.741924472386017 ], [ 373282.014199478959199, 1153388.660637028282508 ], [ 357648.648690393893048, 1131589.195365194231272 ], [ 364916.726063718146179, 1111753.283304894110188 ], [ 232973.550451423041523, 1108477.722371359355748 ], [ 233070.16811465943465, 1135403.600660725263879 ], [ 243254.720863812370226, 1156284.299477636581287 ], [ 232311.87267525534844, 1156297.034852684242651 ], [ 233305.211007662437623, 1213302.683365090750158 ], [ 236793.972444867278682, 1212488.567046225070953 ], [ 241204.082332574063912, 1213890.878989616874605 ], [ 228376.63772816787241, 1241908.537764679873362 ], [ 233680.918545571417781, 1256137.029208695981652 ] ] ] } },
{ "type": "Feature", "properties": { "OBJECTID": 135.0, "STATE": "Arkansas", "STATE_FIPS": "05", "CD_2DIG": "09", "STATE_CODE": 3, "CLIMDIV": 309, "CD_NEW": 9, "FIPS_CD": "0509", "NCDC_GEO_I": 45.0, "NAME": "SOUTHEAST", "ST_ABBRV": "AR", "SHAPE_AREA": 0.0, "SHAPE_LEN": 0.0 }, "geometry": { "type": "Polygon", "coordinates": [ [ [ 345408.821123755769804, 1276971.157137803034857 ], [ 391236.332915916631464, 1277776.722199639771134 ], [ 391889.140786501578987, 1249965.929558945586905 ], [ 407998.428680513170548, 1249442.121375401969999 ], [ 426475.935597151867114, 1220412.038660995662212 ], [ 444753.331921894918196, 1219341.201394212199375 ], [ 440062.056421458779369, 1234151.892406610772014 ], [ 446777.582487554580439, 1239767.005241911159828 ], [ 469462.571939266228583, 1237330.46318281814456 ], [ 461438.546117854653858, 1223098.156811759574339 ], [ 450255.092941226670519, 1223556.542309371288866 ], [ 460582.940547304053325, 1203046.523428981890902 ], [ 446392.954799272527453, 1196276.899254612158984 ], [ 457000.730520890210755, 1190383.160972398007289 ], [ 439169.711920613597613, 1190593.450924285687506 ], [ 448567.409829909040127, 1182453.901362013071775 ], [ 439528.576475194888189, 1176913.018631966551766 ], [ 439826.863789235881995, 1163365.273881836095825 ], [ 448800.181204350257758, 1168446.502550986129791 ], [ 442448.279999029531609, 1159935.038764284923673 ], [ 447955.697722312819678, 1156999.042810834012926 ], [ 456202.589180640003178, 1164877.045837012585253 ], [ 448950.531000824819785, 1153729.086006145458668 ], [ 452897.731424153258558, 1141948.017687981482595 ], [ 458463.310750340810046, 1146016.281585645861924 ], [ 455091.026169887685683, 1130929.251685171853751 ], [ 444711.949942158244085, 1128488.193442398915067 ], [ 452552.047967115591746, 1121516.416949228383601 ], [ 448705.358476056484506, 1115166.535413953708485 ], [ 361155.517434507783037, 1114258.312120372895151 ], [ 357844.38239006488584, 1132496.554225884377956 ], [ 373289.087488965131342, 1153457.250192595180124 ], [ 367804.724666016176343, 1162035.741924472386017 ], [ 370594.571967727970332, 1230035.592599652009085 ], [ 345009.91003232303774, 1228778.839928690111265 ], [ 345408.821123755769804, 1276971.157137803034857 ] ] ] } },
{ "type": "Feature", "properties": { "OBJECTID": 136.0, "STATE": "Arkansas", "STATE_FIPS": "05", "CD_2DIG": "07", "STATE_CODE": 3, "CLIMDIV": 307, "CD_NEW": 7, "FIPS_CD": "0507", "NCDC_GEO_I": 46.0, "NAME": "SOUTHWEST", "ST_ABBRV": "AR", "SHAPE_AREA": 0.0, "SHAPE_LEN": 0.0 }, "geometry": { "type": "Polygon", "coordinates": [ [ [ 188124.200653706939192, 1291442.072875594487414 ], [ 236619.04938235154259, 1301338.102492723613977 ], [ 236594.58149252642761, 1256155.963518381351605 ], [ 230154.805521141242934, 1256130.759864304680377 ], [ 228376.63772816787241, 1241908.537764679873362 ], [ 241203.160986227157991, 1213924.168541904771701 ], [ 233305.211007662437623, 1213302.683365090750158 ], [ 232311.87267525534844, 1156297.034852684242651 ], [ 243254.720863812370226, 1156284.299477636581287 ], [ 233070.16811465943465, 1135403.600660725263879 ], [ 232973.550451423041523, 1108477.722371359355748 ], [ 181691.066073080408387, 1107309.874094021506608 ], [ 180420.692288804653799, 1166809.164185112342238 ], [ 167379.245845014113002, 1171290.312245322857052 ], [ 149251.492540329956682, 1165304.807275797938928 ], [ 139474.726443617546465, 1175625.796396345598623 ], [ 139912.806093601830071, 1237324.021683004684746 ], [ 160631.574350445735035, 1237977.069662600522861 ], [ 159297.397191242838744, 1256175.976136931683868 ], [ 188448.745805986283813, 1256158.990161470137537 ], [ 188124.200653706939192, 1291442.072875594487414 ] ] ] } },
{ "type": "Feature", "properties": { "OBJECTID": 137.0, "STATE": "Delaware", "STATE_FIPS": "10", "CD_2DIG": "02", "STATE_CODE": 7, "CLIMDIV": 702, "CD_NEW": 2, "FIPS_CD": "1002", "NCDC_GEO_I": 47.0, "NAME": "SOUTHERN", "ST_ABBRV": "DE", "SHAPE_AREA": 0.0, "SHAPE_LEN": 0.0 }, "geometry": { "type": "MultiPolygon", "coordinates": [ [ [ [ 1735522.156867378856987, 2003697.654182443162426 ], [ 1763352.710865958360955, 1958586.395859293872491 ], [ 1784804.805259712273255, 1949197.209908357588574 ], [ 1791494.982193507254124, 1929205.573178449878469 ], [ 1788172.371397443115711, 1938287.053068938432261 ], [ 1780932.028298801044002, 1937753.588356183376163 ], [ 1788159.827232177834958, 1929450.475534690544009 ], [ 1781687.327333349036053, 1925170.874102239729837 ], [ 1776505.481364173814654, 1924023.71632598596625 ], [ 1775723.633578427834436, 1922922.57138227741234 ], [ 1775557.395206665154546, 1923505.90673263813369 ], [ 1774155.273139539873227, 1922773.256483235862106 ], [ 1774095.356087842257693, 1923481.533345990348607 ], [ 1773470.946859314106405, 1923692.761642714263871 ], [ 1773387.932236842811108, 1923424.443109665298834 ], [ 1772983.481744207674637, 1923591.90263777715154 ], [ 1772828.413253230741248, 1923482.47985006426461 ], [ 1773923.647835029289126, 1923185.974430248839781 ], [ 1774111.841796231456101, 1922606.693099876167253 ], [ 1774979.388483681948856, 1922413.570029332302511 ], [ 1781455.089573277859017, 1924494.623847611015663 ], [ 1780954.191682815318927, 1920838.014426759677008 ], [ 1787423.783623018534854, 1926331.019248279742897 ], [ 1789701.917991566471756, 1922117.272536107571796 ], [ 1790366.381983102066442, 1928591.107081612572074 ], [ 1791883.802689134143293, 1929168.71906020748429 ], [ 1796534.625840304652229, 1912240.242165754083544 ], [ 1795240.10106746503152, 1911953.23643795074895 ], [ 1796070.937018816126511, 1913141.303748313104734 ], [ 1794663.230128286173567, 1917973.841390562942252 ], [ 1793846.301278137601912, 1918414.690833723172545 ], [ 1795151.498664795421064, 1911933.511117731919512 ], [ 1741937.436244330834597, 1901216.443351545603946 ], [ 1716505.891876003239304, 1991637.135616349754855 ], [ 1735522.156867378856987, 2003697.654182443162426 ] ] ], [ [ [ 1789996.448424285976216, 1930806.533893935848027 ], [ 1790316.147865983424708, 1929143.823073364095762 ], [ 1789002.453646975569427, 1929467.973209539195523 ], [ 1789996.448424285976216, 1930806.533893935848027 ] ] ] ] } },
{ "type": "Feature", "properties": { "OBJECTID": 138.0, "STATE": "Delaware", "STATE_FIPS": "10", "CD_2DIG": "01", "STATE_CODE": 7, "CLIMDIV": 701, "CD_NEW": 1, "FIPS_CD": "1001", "NCDC_GEO_I": 48.0, "NAME": "NORTHERN", "ST_ABBRV": "DE", "SHAPE_AREA": 0.0, "SHAPE_LEN": 0.0 }, "geometry": { "type": "Polygon", "coordinates": [ [ [ 1704934.965018517803401, 2033633.149888472165912 ], [ 1713433.688954703276977, 2051820.134368901373819 ], [ 1734075.367606251034886, 2052777.58896536519751 ], [ 1724239.960266570094973, 2025689.018066067015752 ], [ 1735522.156867378856987, 2003697.654182443162426 ], [ 1730876.161077603930607, 1996156.666320389602333 ], [ 1716505.891876003239304, 1991637.135616349754855 ], [ 1704934.965018517803401, 2033633.149888472165912 ] ] ] } },
{ "type": "Feature", "properties": { "OBJECTID": 139.0, "STATE": "Florida", "STATE_FIPS": "12", "CD_2DIG": "01", "STATE_CODE": 8, "CLIMDIV": 801, "CD_NEW": 1, "FIPS_CD": "1201", "NCDC_GEO_I": 49.0, "NAME": "NORTHWEST", "ST_ABBRV": "FL", "SHAPE_AREA": 0.0, "SHAPE_LEN": 0.0 }, "geometry": { "type": "MultiPolygon", "coordinates": [ [ [ [ 798881.288560933317058, 915517.882931907195598 ], [ 1044825.953280533431098, 941068.075149250566028 ], [ 1061559.265538000734523, 910661.383046322851442 ], [ 1181241.710860493825749, 918798.406664279173128 ], [ 1182953.145674258237705, 911251.91576474881731 ], [ 1171964.638338144635782, 902787.859748460003175 ], [ 1169084.930834709433839, 880543.363993690232746 ], [ 1152769.102539820130914, 851433.340695210150443 ], [ 1127272.308450762182474, 850850.166756501654163 ], [ 1116044.644825256662443, 841971.588070612517186 ], [ 1121242.66212166310288, 834928.681647675461136 ], [ 1111349.835107494378462, 834022.056308667059056 ], [ 1121897.658916455227882, 826976.732031877152622 ], [ 1105667.130847664084285, 827028.093204009928741 ], [ 1072155.989216886693612, 801333.111417659558356 ], [ 1069296.760501528624445, 802224.088701128726825 ], [ 1070904.390811446588486, 803074.763642466044985 ], [ 1074097.612568005453795, 809518.23398683720734 ], [ 1074438.193411675980315, 812064.564866925822571 ], [ 1062143.360830636229366, 799329.107619536109269 ], [ 1050248.572171265492216, 798162.645581440650858 ], [ 1029087.758666745387018, 788824.230052786529996 ], [ 1026124.238654932240024, 791633.386005505220965 ], [ 1023984.125505608739331, 795244.841459060669877 ], [ 1021252.236441315733828, 802193.102339501027018 ], [ 1019881.422359789605252, 808043.335818471270613 ], [ 1027379.035295241395943, 791262.861177120474167 ], [ 1029447.973244620719925, 809423.341039596474729 ], [ 990637.146845876937732, 836779.983762427582406 ], [ 1012987.008125773863867, 827296.173073457786813 ], [ 1020138.360846046824008, 829135.610852113110013 ], [ 1019686.596963385120034, 832117.53486600657925 ], [ 1011332.480141410022043, 829000.361291687353514 ], [ 1010074.013594805845059, 836148.381010044249706 ], [ 985535.81171681615524, 842231.192435245611705 ], [ 996252.572082598228008, 854794.462366574327461 ], [ 986099.900346253067255, 848831.374436690937728 ], [ 972967.77635781315621, 852698.869338655844331 ], [ 984271.018084434675984, 846650.895372377126478 ], [ 983795.894529458950274, 841451.730589675251395 ], [ 988117.870941069093533, 839257.228033155784942 ], [ 986060.601205493672751, 836086.784462151466869 ], [ 950367.654078993364237, 852550.88899687747471 ], [ 908243.280726604396477, 858742.018103411770426 ], [ 946392.821911304141395, 860783.778616667026654 ], [ 937157.707733982242644, 873612.987138809752651 ], [ 916625.356001760577783, 865689.458515953738242 ], [ 908338.640139773371629, 872807.776630775071681 ], [ 899917.330761510180309, 858448.799117830116302 ], [ 888631.990281052538194, 858418.655859476071782 ], [ 885539.237112124916166, 857257.106783438706771 ], [ 883316.053703009383753, 857821.535378060536459 ], [ 866961.414250596775673, 854624.222744824481197 ], [ 845081.124176720506512, 846560.679818234872073 ], [ 873515.928878252627328, 860202.721388533711433 ], [ 858752.243111665826291, 866009.218018027488142 ], [ 861212.540565448347479, 874550.675279497983865 ], [ 852706.923126577748917, 858058.670779476757161 ], [ 851261.216443196521141, 866796.203144649392925 ], [ 841962.980416863574646, 873152.492302018450573 ], [ 841779.707354929763824, 869280.459128060261719 ], [ 843197.046147746033967, 869006.655838560312986 ], [ 843352.527975841308944, 868789.815493177506141 ], [ 842551.067889863159508, 867635.144525768235326 ], [ 846708.851291006547399, 863360.034137876122259 ], [ 844829.889433147967793, 855934.203225395758636 ], [ 828793.945431116037071, 847226.42247646197211 ], [ 837221.850319247576408, 846246.930676198913716 ], [ 824544.832293386454694, 840980.365124903735705 ], [ 821741.941146888188086, 841351.904443231178448 ], [ 815169.977734772837721, 840697.595678229816258 ], [ 829142.272529791342095, 854980.691066601779312 ], [ 817845.103907148470171, 863303.063338200678118 ], [ 820413.018893857253715, 881409.374218318378553 ], [ 797680.196080374415033, 898691.451375370728783 ], [ 798881.288560933317058, 915517.882931907195598 ] ] ], [ [ [ 1040552.527439124532975, 792759.198443679139018 ], [ 1055556.608816573396325, 793851.753393506049179 ], [ 1050903.433073628460988, 788375.360395381809212 ], [ 1040552.527439124532975, 792759.198443679139018 ] ] ], [ [ [ 894445.502957885037176, 858317.745994705706835 ], [ 908346.711284987861291, 857754.358105993131176 ], [ 885889.874574024346657, 856032.7539472830249 ], [ 842109.774571934016421, 843809.766125439084135 ], [ 837141.104452240862884, 842888.559448253712617 ], [ 833839.956642118166201, 844112.351952532073483 ], [ 842665.325732674566098, 844137.529571288032457 ], [ 848199.356484056101181, 847125.856290682917461 ], [ 894445.502957885037176, 858317.745994705706835 ] ] ], [ [ [ 1088807.769797616405413, 805933.137810193584301 ], [ 1083218.711628060787916, 799264.974715848802589 ], [ 1062990.605290316976607, 786480.884233017917722 ], [ 1058260.248987311962992, 784573.408322304370813 ], [ 1053318.185671807499602, 788253.075221482780762 ], [ 1063086.894502447685227, 786924.820653260103427 ], [ 1088807.769797616405413, 805933.137810193584301 ] ] ], [ [ [ 823999.251650927355513, 840117.476429858244956 ], [ 832143.564296625787392, 842609.704218659317121 ], [ 813632.313430302892812, 836778.461874584550969 ], [ 820882.90973926091101, 840993.844544164952822 ], [ 823999.251650927355513, 840117.476429858244956 ] ] ], [ [ [ 1092051.977742781862617, 810198.161418286268599 ], [ 1100634.69979959866032, 814122.457873502280563 ], [ 1096555.498342941049486, 811562.536572257988155 ], [ 1093094.404214228270575, 810074.618569644982927 ], [ 1092051.977742781862617, 810198.161418286268599 ] ] ], [ [ [ 842125.452160936198197, 872264.161852302146144 ], [ 843040.212078102049418, 872202.859662310918793 ], [ 842075.316058594966307, 871827.427063634619117 ], [ 842125.452160936198197, 872264.161852302146144 ] ] ] ] } },
{ "type": "Feature", "properties": { "OBJECTID": 140.0, "STATE": "Florida", "STATE_FIPS": "12", "CD_2DIG": "02", "STATE_CODE": 8, "CLIMDIV": 802, "CD_NEW": 2, "FIPS_CD": "1202", "NCDC_GEO_I": 50.0, "NAME": "NORTH", "ST_ABBRV": "FL", "SHAPE_AREA": 0.0, "SHAPE_LEN": 0.0 }, "geometry": { "type": "MultiPolygon", "coordinates": [ [ [ [ 1337024.892566082300618, 960395.333783291047439 ], [ 1387256.220985717372969, 953744.237117721349932 ], [ 1387731.441534741781652, 932516.693026316352189 ], [ 1413489.18109282804653, 868899.973389679798856 ], [ 1404298.877372715156525, 885238.043612545356154 ], [ 1403860.463227222673595, 881523.965462858555838 ], [ 1413457.899462649365887, 859909.598193006822839 ], [ 1439957.75087273796089, 818944.753070616396144 ], [ 1438138.492523056920618, 800574.856365697691217 ], [ 1412537.098782446235418, 796047.330039267544635 ], [ 1409667.536016119876876, 811222.983925436506979 ], [ 1386144.818188093602657, 799091.516086564864963 ], [ 1367138.46221906482242, 818329.034611347364262 ], [ 1344355.516840698430315, 803398.269014731049538 ], [ 1313845.701921572908759, 806388.997474318719469 ], [ 1318434.452898749615997, 776888.426131434505805 ], [ 1305658.266215816373006, 774957.980708575807512 ], [ 1308350.093918012687936, 756337.580040213069879 ], [ 1287158.130298444069922, 748476.817432617302984 ], [ 1280541.160746804438531, 766083.920988801284693 ], [ 1256459.20068157883361, 763572.980901599861681 ], [ 1255024.439345956314355, 770541.831708101322874 ], [ 1247896.474216939182952, 778499.377729695988819 ], [ 1245864.852961603552103, 778961.111216805642471 ], [ 1244754.800697534810752, 777779.862737437942997 ], [ 1243330.50011495850049, 778690.52425062621478 ], [ 1236594.449782364070415, 788977.40647267177701 ], [ 1218283.573906531790271, 796838.346577358432114 ], [ 1215580.432149523636326, 813952.041452329372987 ], [ 1154091.609047487610951, 850503.02020829974208 ], [ 1154026.673978169215843, 858688.097073270007968 ], [ 1181241.710860493825749, 918798.406664279173128 ], [ 1314871.052556878887117, 928044.282370722969063 ], [ 1319997.808499139035121, 907484.222713016206399 ], [ 1332439.654362642671913, 906716.060125602292828 ], [ 1328312.157537662889808, 947926.886846828274429 ], [ 1337024.892566082300618, 960395.333783291047439 ] ] ], [ [ [ 1415280.433800407219678, 868644.310382467927411 ], [ 1417919.90625036181882, 859099.426699342555366 ], [ 1423153.818068844964728, 848299.390482329996303 ], [ 1422949.586298801936209, 847655.951346462476067 ], [ 1412868.496497111860663, 862955.274451123434119 ], [ 1415280.433800407219678, 868644.310382467927411 ] ] ], [ [ [ 1244458.887916250387207, 775212.553099901298992 ], [ 1247864.832850891165435, 778157.474061386077665 ], [ 1249101.878023982280865, 774273.308970892103389 ], [ 1244458.887916250387207, 775212.553099901298992 ] ] ], [ [ [ 1257325.264296852517873, 761534.605186987202615 ], [ 1258214.898343239910901, 760126.609605169156566 ], [ 1259477.37414356903173, 760026.957049070857465 ], [ 1259285.228306093718857, 759561.464624282321893 ], [ 1258734.923903230344877, 759370.206675702007487 ], [ 1258130.608111899578944, 759995.878616728004999 ], [ 1257842.178503785980865, 760040.480752711417153 ], [ 1257508.535551911918446, 760596.797302961465903 ], [ 1257054.662836063653231, 759399.269115869072266 ], [ 1256860.15349438181147, 759477.234959009103477 ], [ 1257325.264296852517873, 761534.605186987202615 ] ] ], [ [ [ 1257012.785016251495108, 759158.336620029411279 ], [ 1258175.458543380489573, 759872.472593432175927 ], [ 1257177.896624156041071, 758310.303464938537218 ], [ 1257012.785016251495108, 759158.336620029411279 ] ] ], [ [ [ 1255291.448739080457017, 755170.591113170841709 ], [ 1255922.490940892137587, 754913.491251241299324 ], [ 1256768.225934470770881, 755012.099185704719275 ], [ 1256017.224889080971479, 754781.83058760559652 ], [ 1255291.448739080457017, 755170.591113170841709 ] ] ], [ [ [ 1258680.019933693110943, 761061.84275435982272 ], [ 1259152.016299265203997, 760230.104513056227006 ], [ 1258671.485227261204273, 760185.365016948664561 ], [ 1258680.019933693110943, 761061.84275435982272 ] ] ], [ [ [ 1258520.348727931734174, 761839.002778105204925 ], [ 1258936.171063326532021, 761243.571473323740065 ], [ 1258729.335533072473481, 761240.994130965322256 ], [ 1258520.348727931734174, 761839.002778105204925 ] ] ], [ [ [ 1259653.441606206120923, 755540.495751667767763 ], [ 1259686.303307142108679, 755263.22055576054845 ], [ 1259539.671124366112053, 755509.5606162607437 ], [ 1259653.441606206120923, 755540.495751667767763 ] ] ], [ [ [ 1259340.638646544888616, 755243.594142616027966 ], [ 1259439.041151607176289, 755261.127020502579398 ], [ 1259777.892731759231538, 755157.762391105061397 ], [ 1259340.638646544888616, 755243.594142616027966 ] ] ] ] } },
{ "type": "Feature", "properties": { "OBJECTID": 141.0, "STATE": "Florida", "STATE_FIPS": "12", "CD_2DIG": "03", "STATE_CODE": 8, "CLIMDIV": 803, "CD_NEW": 3, "FIPS_CD": "1203", "NCDC_GEO_I": 51.0, "NAME": "NORTH CENTRAL", "ST_ABBRV": "FL", "SHAPE_AREA": 0.0, "SHAPE_LEN": 0.0 }, "geometry": { "type": "MultiPolygon", "coordinates": [ [ [ [ 1367207.631007985910401, 818310.60697068774607 ], [ 1386144.568670889362693, 799091.478203454404138 ], [ 1409857.283654519589618, 811151.737410608213395 ], [ 1412536.849182043923065, 796047.291434859391302 ], [ 1438138.243046386167407, 800574.817061607725918 ], [ 1439957.501984323374927, 818944.713730432325974 ], [ 1458560.984582688426599, 783815.384000245132484 ], [ 1485902.432590304175392, 749728.823976384708658 ], [ 1475170.842925577890128, 754084.57048917398788 ], [ 1480641.792991489870474, 738536.77698790829163 ], [ 1488695.518087360542268, 745440.11847749107983 ], [ 1485042.086687846109271, 747828.544839934911579 ], [ 1486013.349461628124118, 749567.787537451134995 ], [ 1493246.456088446546346, 742684.581022624275647 ], [ 1498418.200440927641466, 741952.936175189795904 ], [ 1467456.182026648428291, 774257.695751671912149 ], [ 1468487.745780593017116, 775578.779188528074883 ], [ 1463861.538964722305536, 783064.65951264067553 ], [ 1505297.722010675817728, 735387.963423145236447 ], [ 1512576.205351548502222, 721282.713627924211323 ], [ 1507765.01417296146974, 715974.647886018035933 ], [ 1502274.262314629973844, 714909.384427930926904 ], [ 1503779.154883386334404, 733894.420424623880535 ], [ 1494734.576641158666462, 713319.97076606657356 ], [ 1490514.073418118758127, 734834.882220941246487 ], [ 1480696.676771166268736, 738294.649350016494282 ], [ 1495528.068090467480943, 706833.793910921434872 ], [ 1384956.8416987946257, 691177.118556906236336 ], [ 1366633.913702426245436, 683156.187721926136874 ], [ 1363885.553284600377083, 666814.896607633447275 ], [ 1297005.692228505620733, 657305.813442525919527 ], [ 1304055.653811088297516, 720965.141685777460225 ], [ 1301594.395840162178501, 736901.345842392416671 ], [ 1292550.47780656022951, 743670.077007686719298 ], [ 1286692.255076365079731, 741812.450659790891223 ], [ 1287776.573734699981287, 748619.334043722483329 ], [ 1308349.843232344370335, 756337.544283219263889 ], [ 1305658.016125671332702, 774957.945037504774518 ], [ 1318434.202774732140824, 776888.390098836505786 ], [ 1313845.452690130332485, 806388.961579562514089 ], [ 1344355.267441190779209, 803398.232273714616895 ], [ 1367207.631007985910401, 818310.60697068774607 ] ] ], [ [ [ 1500128.91440971638076, 714434.306310606072657 ], [ 1501463.589791676262394, 707824.660867605474778 ], [ 1497128.276854702737182, 713534.052233457448892 ], [ 1497239.737090947572142, 707119.134136360604316 ], [ 1493554.03733583400026, 712845.356666686129756 ], [ 1500128.91440971638076, 714434.306310606072657 ] ] ], [ [ [ 1293157.540459499461576, 732893.976922544301488 ], [ 1299053.229869296541438, 730328.987877261242829 ], [ 1293842.419569260906428, 730003.843017225968651 ], [ 1293157.540459499461576, 732893.976922544301488 ] ] ], [ [ [ 1505641.553651440190151, 713032.819320534006692 ], [ 1507151.830903682392091, 715508.02953090320807 ], [ 1506786.558254635659978, 708713.545760403154418 ], [ 1505641.553651440190151, 713032.819320534006692 ] ] ], [ [ [ 1297646.16196598415263, 729666.818975862581283 ], [ 1301283.901062781922519, 727503.502335590543225 ], [ 1297150.320495831547305, 727353.232853424386121 ], [ 1297646.16196598415263, 729666.818975862581283 ] ] ], [ [ [ 1301059.69337852858007, 726324.536601237370633 ], [ 1302144.467228656867519, 726103.593177596689202 ], [ 1298166.482725197449327, 725450.201684125233442 ], [ 1298313.786085801199079, 724551.54573176742997 ], [ 1297041.429801227990538, 724226.119272591196932 ], [ 1296751.723495852435008, 725314.787474551936612 ], [ 1301059.69337852858007, 726324.536601237370633 ] ] ], [ [ [ 1298421.798166933935136, 724441.294163083075546 ], [ 1302257.728103403234854, 723625.148564270697534 ], [ 1298169.895017577568069, 723148.229944564751349 ], [ 1298421.798166933935136, 724441.294163083075546 ] ] ], [ [ [ 1298884.765878283651546, 732469.59815800958313 ], [ 1301521.368506880477071, 732775.196543957688846 ], [ 1299533.717098917346448, 730422.673217798001133 ], [ 1298884.765878283651546, 732469.59815800958313 ] ] ], [ [ [ 1298450.212983370991424, 736608.804923645802774 ], [ 1300917.129645440960303, 736785.237966143526137 ], [ 1300998.796960341744125, 733910.390730586485006 ], [ 1298450.212983370991424, 736608.804923645802774 ] ] ], [ [ [ 1300144.62835850729607, 720295.561132950475439 ], [ 1302131.636968732811511, 719782.098621417069808 ], [ 1300769.074285404523835, 718109.77808143873699 ], [ 1300144.62835850729607, 720295.561132950475439 ] ] ], [ [ [ 1465691.502330002840608, 778835.923327484517358 ], [ 1466351.625340847298503, 777770.034725679783151 ], [ 1465829.251699539832771, 776269.633726244675927 ], [ 1464807.484071563929319, 777915.40775882487651 ], [ 1465691.502330002840608, 778835.923327484517358 ] ] ], [ [ [ 1297783.018775440985337, 726802.120967919006944 ], [ 1299104.511695776833221, 726304.677885807235725 ], [ 1297868.296156138880178, 725997.159633026458323 ], [ 1297783.018775440985337, 726802.120967919006944 ] ] ], [ [ [ 1297717.354860699968413, 734971.451959354570135 ], [ 1298010.977237943559885, 735694.266667374758981 ], [ 1298696.869963891804218, 734930.367586646927521 ], [ 1297717.354860699968413, 734971.451959354570135 ] ] ], [ [ [ 1504795.664375290041789, 709852.561434772447683 ], [ 1505667.567933922400698, 709621.75324142887257 ], [ 1502571.363995067542419, 709099.491156507167034 ], [ 1504795.664375290041789, 709852.561434772447683 ] ] ], [ [ [ 1451854.496958500007167, 796879.853374338243157 ], [ 1451985.494040868012235, 796324.856745827244595 ], [ 1451747.960239212960005, 796832.969752348260954 ], [ 1451854.496958500007167, 796879.853374338243157 ] ] ], [ [ [ 1456820.383669582661241, 790321.282483094139025 ], [ 1456654.548238999675959, 789752.61173463659361 ], [ 1456274.251157370628789, 789874.244480228750035 ], [ 1456820.383669582661241, 790321.282483094139025 ] ] ], [ [ [ 1501776.944755408214405, 709298.629454675829038 ], [ 1502387.838851737324148, 709058.384832932846621 ], [ 1501325.430430987617001, 708881.407735690590926 ], [ 1501776.944755408214405, 709298.629454675829038 ] ] ] ] } },
{ "type": "Feature", "properties": { "OBJECTID": 142.0, "STATE": "Georgia", "STATE_FIPS": "13", "CD_2DIG": "08", "STATE_CODE": 9, "CLIMDIV": 908, "CD_NEW": 8, "FIPS_CD": "1308", "NCDC_GEO_I": 52.0, "NAME": "SOUTH CENTRAL", "ST_ABBRV": "GA", "SHAPE_AREA": 0.0, "SHAPE_LEN": 0.0 }, "geometry": { "type": "Polygon", "coordinates": [ [ [ 1131774.053429482970387, 1096538.129482440883294 ], [ 1158043.483402537880465, 1099546.101323012262583 ], [ 1160320.8533008932136, 1080722.444972802419215 ], [ 1183203.545027614803985, 1085275.903080164920539 ], [ 1201062.70914946263656, 1061648.5592733589001 ], [ 1222489.445822323439643, 1093031.129047563765198 ], [ 1253011.526698818895966, 1070927.988387008197606 ], [ 1272227.9638557061553, 1079025.307440277421847 ], [ 1268464.888130287406966, 1045417.491543664946221 ], [ 1258564.76004326553084, 1044009.607176149031147 ], [ 1264536.616511718835682, 1021996.427905406570062 ], [ 1258641.393665798939764, 993575.641874282737263 ], [ 1282537.386880464851856, 967683.704819728969596 ], [ 1295332.920231648953632, 926688.243104520719498 ], [ 1168604.11743182875216, 917949.934844834730029 ], [ 1163888.094347489997745, 959860.185339090181515 ], [ 1138574.245519677642733, 957054.540198863949627 ], [ 1136787.175296057248488, 963648.814234405057505 ], [ 1126429.181684208568186, 1031088.373808503034525 ], [ 1134136.605680396547541, 1055333.874170881463215 ], [ 1120118.019730112981051, 1082332.407673581968993 ], [ 1131774.053429482970387, 1096538.129482440883294 ] ] ] } },
{ "type": "Feature", "properties": { "OBJECTID": 143.0, "STATE": "Georgia", "STATE_FIPS": "13", "CD_2DIG": "07", "STATE_CODE": 9, "CLIMDIV": 907, "CD_NEW": 7, "FIPS_CD": "1307", "NCDC_GEO_I": 53.0, "NAME": "SOUTHWEST", "ST_ABBRV": "GA", "SHAPE_AREA": 0.0, "SHAPE_LEN": 0.0 }, "geometry": { "type": "Polygon", "coordinates": [ [ [ 1064085.957834490574896, 1081518.2848320833873 ], [ 1077052.489679489517584, 1071989.3777333102189 ], [ 1106194.618712864350528, 1078304.035381925059482 ], [ 1109837.612045770278201, 1086564.549553403165191 ], [ 1126541.444371957099065, 1073444.269637202844024 ], [ 1134136.605680396547541, 1055333.874170881463215 ], [ 1126429.181684208568186, 1031088.373808503034525 ], [ 1136787.175296057248488, 963648.814234405057505 ], [ 1138574.245519677642733, 957054.540198863949627 ], [ 1163888.094347489997745, 959860.185339090181515 ], [ 1168604.11743182875216, 917949.934844834730029 ], [ 1056341.810824146494269, 914687.082164415391162 ], [ 1032473.408718723803759, 960439.784095540991984 ], [ 1034182.045691803563386, 1000354.579326118458994 ], [ 1020989.624037157627754, 1038111.611543057952076 ], [ 1031842.023883486981504, 1075965.888865484157577 ], [ 1064085.957834490574896, 1081518.2848320833873 ] ] ] } },
{ "type": "Feature", "properties": { "OBJECTID": 144.0, "STATE": "Georgia", "STATE_FIPS": "13", "CD_2DIG": "09", "STATE_CODE": 9, "CLIMDIV": 909, "CD_NEW": 9, "FIPS_CD": "1309", "NCDC_GEO_I": 54.0, "NAME": "SOUTHEAST", "ST_ABBRV": "GA", "SHAPE_AREA": 0.0, "SHAPE_LEN": 0.0 }, "geometry": { "type": "MultiPolygon", "coordinates": [ [ [ [ 1268232.075961584458128, 1122065.274643192999065 ], [ 1274226.2427684282884, 1115988.499471467686817 ], [ 1317285.283392523881048, 1120357.663449567975476 ], [ 1329608.623915820382535, 1108404.450509579386562 ], [ 1360225.94417165312916, 1123086.079085687873885 ], [ 1366760.450974210863933, 1107721.227967870421708 ], [ 1382875.025191506603733, 1126151.758218387374654 ], [ 1392292.183938316069543, 1113668.784354482311755 ], [ 1419116.011102029355243, 1107453.528016983997077 ], [ 1403496.833372821565717, 1095265.337679155403748 ], [ 1412593.07552079227753, 1093747.114317611791193 ], [ 1407885.118079946376383, 1087279.469583125784993 ], [ 1394079.676112797344103, 1085144.444159232778475 ], [ 1391377.22815712611191, 1080046.981536990730092 ], [ 1391238.078086130553856, 1077897.107369523495436 ], [ 1391680.967011298052967, 1077093.635033027734607 ], [ 1393434.628561231307685, 1076819.203627570299432 ], [ 1392575.028682045871392, 1073683.202761206310242 ], [ 1394581.492193249054253, 1070605.758052217308432 ], [ 1382892.454740133136511, 1075740.166219401638955 ], [ 1399162.134551920928061, 1059824.259645333513618 ], [ 1385331.967667227610946, 1047458.587547881761566 ], [ 1388849.380748721305281, 1047208.961837736773305 ], [ 1382918.544923358829692, 1040548.206918574054725 ], [ 1382412.268898138776422, 1036340.329096089000814 ], [ 1388442.629414324183017, 1029486.273481164942496 ], [ 1384324.246452753897756, 1028736.03725093009416 ], [ 1384190.753118503140286, 1027685.427072073565796 ], [ 1385593.928747394355014, 1024747.351389479008503 ], [ 1377526.235682570841163, 1024388.403428231948055 ], [ 1375364.412252409849316, 1023656.981366872554645 ], [ 1381819.069422306492925, 1022990.16404128249269 ], [ 1376393.470081807347015, 1019880.758422904415056 ], [ 1374869.458838986232877, 998261.460811170283705 ], [ 1381336.008693172596395, 991161.201228714548051 ], [ 1373887.233751965453848, 982253.644168312312104 ], [ 1375015.262872276594862, 981436.663240079302341 ], [ 1375168.408065148396417, 980637.680588013725355 ], [ 1375604.176489557372406, 979884.511709584272467 ], [ 1376244.806090676924214, 979446.370941897970624 ], [ 1375620.010607043281198, 978275.602184231975116 ], [ 1376230.658354214392602, 977234.701858942164108 ], [ 1376908.803622471867129, 977127.489293047576211 ], [ 1378176.204696394037455, 978199.922864692867734 ], [ 1379483.488164748763666, 977470.900613403180614 ], [ 1377174.595457899617031, 975621.434278492582962 ], [ 1375629.060886381193995, 972896.59711707837414 ], [ 1379325.745961825596169, 968662.296771584893577 ], [ 1375954.160539886448532, 968485.97063477570191 ], [ 1374953.302169184666127, 966178.83835452538915 ], [ 1379922.57973638526164, 955312.3121767177945 ], [ 1340260.114040406187996, 961138.224852704093792 ], [ 1329489.918809847440571, 954822.277128275367431 ], [ 1332439.654362642671913, 906716.060125602292828 ], [ 1319997.808499139035121, 907484.222713016206399 ], [ 1314871.052556878887117, 928044.282370722969063 ], [ 1295332.920231648953632, 926688.243104520719498 ], [ 1282537.386880464851856, 967683.704819728969596 ], [ 1258657.625210272148252, 993506.020745841902681 ], [ 1264536.616511718835682, 1021996.427905406570062 ], [ 1258564.76004326553084, 1044009.607176149031147 ], [ 1268464.888130287406966, 1045417.491543664946221 ], [ 1265976.699062473373488, 1063721.137517443159595 ], [ 1274265.988224488450214, 1064856.948520706035197 ], [ 1267323.857780039310455, 1079078.814801792148501 ], [ 1268232.075961584458128, 1122065.274643192999065 ] ] ], [ [ [ 1379952.133815596345812, 1019780.220628902665339 ], [ 1393526.11316997744143, 1017618.743687508627772 ], [ 1381509.475864002481103, 1001824.756881437380798 ], [ 1380924.117872861213982, 1006127.857153327437118 ], [ 1379728.419998975237831, 1007546.564575974596664 ], [ 1381639.331119811628014, 1009740.593068721005693 ], [ 1380881.195968345971778, 1010755.176783401868306 ], [ 1381348.823006632737815, 1010892.668613486923277 ], [ 1381548.419809693703428, 1011478.735020392457955 ], [ 1380705.249206595821306, 1013265.120374763617292 ], [ 1381450.999947894830257, 1013383.681218980927952 ], [ 1381947.308344919234514, 1014295.789293331326917 ], [ 1381646.300807611551136, 1018416.495434117037803 ], [ 1381254.988220028579235, 1019323.511693094624206 ], [ 1381181.981517405016348, 1018685.236136954510584 ], [ 1380237.39976318506524, 1019277.287839176831767 ], [ 1380046.018392561469227, 1019487.703549956087954 ], [ 1379952.133815596345812, 1019780.220628902665339 ] ] ], [ [ [ 1396809.994329473935068, 1070065.006092753494158 ], [ 1395583.688087202375755, 1084536.691691600019112 ], [ 1396052.215137355728075, 1084536.095296971965581 ], [ 1397004.717632668092847, 1084815.279174264753237 ], [ 1398783.664485566318035, 1084548.387842800002545 ], [ 1404658.057416079565883, 1082159.763416223227978 ], [ 1396809.994329473935068, 1070065.006092753494158 ] ] ], [ [ [ 1384960.861562890233472, 982339.802028374164365 ], [ 1382910.526084437966347, 962118.460116405854933 ], [ 1384351.455288993194699, 954814.003670492325909 ], [ 1380442.690453164745122, 968468.735825719195418 ], [ 1376139.105511237867177, 972495.198816109215841 ], [ 1384960.861562890233472, 982339.802028374164365 ] ] ], [ [ [ 1386242.499900497496128, 1042273.257951562292874 ], [ 1396676.950148843461648, 1047142.720113701652735 ], [ 1389324.375896089244634, 1030966.985197330010124 ], [ 1385952.9203089363873, 1035270.719948795624077 ], [ 1386619.294963717693463, 1041482.700832651928067 ], [ 1386242.499900497496128, 1042273.257951562292874 ] ] ], [ [ [ 1381544.524091486120597, 1000203.911765955504961 ], [ 1382447.415776806650683, 988577.701326244627126 ], [ 1381336.391633841441944, 987998.05130419775378 ], [ 1381544.524091486120597, 1000203.911765955504961 ] ] ], [ [ [ 1386093.349127143854275, 1024600.515262396540493 ], [ 1388865.18609439721331, 1029175.216893348959275 ], [ 1392974.509556983131915, 1023853.357923804433085 ], [ 1386093.349127143854275, 1024600.515262396540493 ] ] ], [ [ [ 1375149.124586446443573, 981348.8931887045037 ], [ 1381369.215365897398442, 980565.224291436956264 ], [ 1376546.221137930406258, 977266.234905578079633 ], [ 1377893.894435347057879, 980028.413780946750194 ], [ 1375149.124586446443573, 981348.8931887045037 ] ] ], [ [ [ 1378545.152101592859253, 1013713.210268649621867 ], [ 1380617.523113304050639, 1013285.086083596688695 ], [ 1380667.670331695117056, 1010655.919895533821546 ], [ 1381456.295904318336397, 1009647.846205908223055 ], [ 1379289.139513732632622, 1007620.591621396131814 ], [ 1378545.152101592859253, 1013713.210268649621867 ] ] ], [ [ [ 1383249.308441400760785, 1040476.885892635444179 ], [ 1385632.80744811729528, 1038574.345804202952422 ], [ 1385870.941796333529055, 1037691.449325170484371 ], [ 1383249.308441400760785, 1040476.885892635444179 ] ] ], [ [ [ 1382858.220725666265935, 1037145.5591350866016 ], [ 1385926.123832388082519, 1037218.138866236782633 ], [ 1385023.773307926254347, 1035396.993017984903418 ], [ 1382858.220725666265935, 1037145.5591350866016 ] ] ], [ [ [ 1376745.407293567433953, 964035.614413685281761 ], [ 1379056.626206149812788, 963794.646429056185298 ], [ 1378743.281173729803413, 962980.652542627532966 ], [ 1376745.407293567433953, 964035.614413685281761 ] ] ], [ [ [ 1379595.800349709112197, 1006746.952172944438644 ], [ 1380178.377513914136216, 1005250.725143814226612 ], [ 1379429.479391172528267, 1003676.994450499885716 ], [ 1379595.800349709112197, 1006746.952172944438644 ] ] ], [ [ [ 1375741.550744576612487, 967325.42991544958204 ], [ 1376030.056150030344725, 965475.027739253477193 ], [ 1375138.623679535696283, 966106.609723897767253 ], [ 1375741.550744576612487, 967325.42991544958204 ] ] ], [ [ [ 1395430.387333042686805, 1084735.104259012732655 ], [ 1395894.824583132984117, 1084693.259663419332355 ], [ 1396018.992885838262737, 1084660.75944225420244 ], [ 1395430.387333042686805, 1084735.104259012732655 ] ] ] ] } },
{ "type": "Feature", "properties": { "OBJECTID": 145.0, "STATE": "Georgia", "STATE_FIPS": "13", "CD_2DIG": "04", "STATE_CODE": 9, "CLIMDIV": 904, "CD_NEW": 4, "FIPS_CD": "1304", "NCDC_GEO_I": 55.0, "NAME": "WEST CENTRAL", "ST_ABBRV": "GA", "SHAPE_AREA": 0.0, "SHAPE_LEN": 0.0 }, "geometry": { "type": "Polygon", "coordinates": [ [ [ 972387.496027447865345, 1258348.649497806327417 ], [ 1004270.860581038054079, 1262268.736240619793534 ], [ 1005346.70530712720938, 1252002.222615652019158 ], [ 1020002.784347806125879, 1249441.469175540143624 ], [ 1043616.38965089560952, 1255730.076257737120613 ], [ 1047734.366973304189742, 1247796.613630067789927 ], [ 1026340.620122861466371, 1220668.347724843537435 ], [ 1048592.04537595063448, 1222313.226927467621863 ], [ 1061757.6969996355474, 1229350.673862500116229 ], [ 1060509.016409550793469, 1240231.867005254374817 ], [ 1085546.419122858904302, 1243012.848918169969693 ], [ 1112146.998161506140605, 1224438.883036655373871 ], [ 1096656.749508719425648, 1200123.14097392722033 ], [ 1104807.620055858744308, 1195514.855112061370164 ], [ 1108109.122411970281973, 1167275.310410803183913 ], [ 1101048.599966824986041, 1164616.773777726339176 ], [ 1097081.303321180632338, 1136890.908538442105055 ], [ 1106141.69134554057382, 1137454.861225988483056 ], [ 1116751.54577147285454, 1118726.443955403752625 ], [ 1134499.346379259834066, 1113441.735383291495964 ], [ 1135522.572172904387116, 1096895.300665164832026 ], [ 1120576.791273640468717, 1081547.936233534477651 ], [ 1105384.189290844136849, 1086196.89862299663946 ], [ 1106194.618712864350528, 1078304.035381925059482 ], [ 1074513.421136691467836, 1071714.661164540331811 ], [ 1064486.9446618440561, 1081560.907623698469251 ], [ 1036356.645306239719503, 1077974.594754970166832 ], [ 1027448.419423265731893, 1087536.839882319560274 ], [ 1030083.474292314262129, 1098963.60897740512155 ], [ 1004005.180478524067439, 1145033.404571767896414 ], [ 972387.496027447865345, 1258348.649497806327417 ] ] ] } },
{ "type": "Feature", "properties": { "OBJECTID": 146.0, "STATE": "Georgia", "STATE_FIPS": "13", "CD_2DIG": "05", "STATE_CODE": 9, "CLIMDIV": 905, "CD_NEW": 5, "FIPS_CD": "1305", "NCDC_GEO_I": 56.0, "NAME": "CENTRAL", "ST_ABBRV": "GA", "SHAPE_AREA": 0.0, "SHAPE_LEN": 0.0 }, "geometry": { "type": "Polygon", "coordinates": [ [ [ 1145139.546185132581741, 1269899.056212938157842 ], [ 1155862.724458407610655, 1257976.602416423382238 ], [ 1166346.596135282423347, 1266520.882825101492926 ], [ 1182086.957192773465067, 1261535.629163654521108 ], [ 1197013.599048249423504, 1267502.037728797877207 ], [ 1205065.856574374483898, 1255927.591419667005539 ], [ 1223616.835175746819004, 1256188.683662190800533 ], [ 1208839.818846441339701, 1239175.022792050382122 ], [ 1259344.91948704700917, 1166792.123877351405099 ], [ 1258396.074949265224859, 1153703.046107376459986 ], [ 1243576.892379896016791, 1136436.106000127736479 ], [ 1269269.423249647719786, 1131933.178660167846829 ], [ 1267280.851334486855194, 1076465.622899845940992 ], [ 1253011.526698818895966, 1070927.988387008197606 ], [ 1222489.445822323439643, 1093031.129047563765198 ], [ 1201062.70914946263656, 1061648.5592733589001 ], [ 1183203.545027614803985, 1085275.903080164920539 ], [ 1160320.8533008932136, 1080722.444972802419215 ], [ 1158043.483402537880465, 1099546.101323012262583 ], [ 1135522.572172904387116, 1096895.300665164832026 ], [ 1132820.496945898747072, 1116972.774265825049952 ], [ 1116751.54577147285454, 1118726.443955403752625 ], [ 1106174.928963744780049, 1137429.699964022496715 ], [ 1097081.303321180632338, 1136890.908538442105055 ], [ 1101048.599966824986041, 1164616.773777726339176 ], [ 1108109.122411970281973, 1167275.310410803183913 ], [ 1104807.620055858744308, 1195514.855112061370164 ], [ 1096656.749508719425648, 1200123.14097392722033 ], [ 1112146.998161506140605, 1224438.883036655373871 ], [ 1085546.419122858904302, 1243012.848918169969693 ], [ 1092243.368117785779759, 1240302.350656098918989 ], [ 1101973.923893954837695, 1260908.85680828220211 ], [ 1132246.728611750761047, 1243428.224078877363354 ], [ 1145139.546185132581741, 1269899.056212938157842 ] ] ] } },
{ "type": "Feature", "properties": { "OBJECTID": 147.0, "STATE": "Georgia", "STATE_FIPS": "13", "CD_2DIG": "06", "STATE_CODE": 9, "CLIMDIV": 906, "CD_NEW": 6, "FIPS_CD": "1306", "NCDC_GEO_I": 57.0, "NAME": "EAST CENTRAL", "ST_ABBRV": "GA", "SHAPE_AREA": 0.0, "SHAPE_LEN": 0.0 }, "geometry": { "type": "Polygon", "coordinates": [ [ [ 1256577.250130459899083, 1271972.179175290977582 ], [ 1294609.746820027474314, 1251012.785065565956756 ], [ 1295294.917152204085141, 1237764.613095933105797 ], [ 1315757.760538614820689, 1218692.081687651807442 ], [ 1341966.671185810584575, 1206942.588506439700723 ], [ 1355235.553306210786104, 1166007.141343505354598 ], [ 1379470.9242242584005, 1151197.04420100315474 ], [ 1387463.397354822140187, 1125667.317046358715743 ], [ 1366760.450974210863933, 1107721.227967870421708 ], [ 1360225.94417165312916, 1123086.079085687873885 ], [ 1329608.623915820382535, 1108404.450509579386562 ], [ 1317285.283392523881048, 1120357.663449567975476 ], [ 1274226.2427684282884, 1115988.499471467686817 ], [ 1268222.036384990205988, 1132664.105047804070637 ], [ 1243576.892379896016791, 1136436.106000127736479 ], [ 1258396.074949265224859, 1153703.046107376459986 ], [ 1259344.91948704700917, 1166792.123877351405099 ], [ 1208835.390001342399046, 1239239.691257769009098 ], [ 1231718.519358239835128, 1263189.068684289231896 ], [ 1256577.250130459899083, 1271972.179175290977582 ] ] ] } },
{ "type": "Feature", "properties": { "OBJECTID": 148.0, "STATE": "Georgia", "STATE_FIPS": "13", "CD_2DIG": "01", "STATE_CODE": 9, "CLIMDIV": 901, "CD_NEW": 1, "FIPS_CD": "1301", "NCDC_GEO_I": 58.0, "NAME": "NORTHWEST", "ST_ABBRV": "GA", "SHAPE_AREA": 0.0, "SHAPE_LEN": 0.0 }, "geometry": { "type": "Polygon", "coordinates": [ [ [ 1027648.019279826199636, 1387089.890186202945188 ], [ 1034190.946653734077699, 1252666.363067219033837 ], [ 1005346.70530712720938, 1252002.222615652019158 ], [ 1004257.409141582087614, 1262271.564729201840237 ], [ 972387.496027447865345, 1258348.649497806327417 ], [ 939222.987054953468032, 1376504.500323677435517 ], [ 1027648.019279826199636, 1387089.890186202945188 ] ] ] } },
{ "type": "Feature", "properties": { "OBJECTID": 149.0, "STATE": "Georgia", "STATE_FIPS": "13", "CD_2DIG": "02", "STATE_CODE": 9, "CLIMDIV": 902, "CD_NEW": 2, "FIPS_CD": "1302", "NCDC_GEO_I": 59.0, "NAME": "NORTH CENTRAL", "ST_ABBRV": "GA", "SHAPE_AREA": 0.0, "SHAPE_LEN": 0.0 }, "geometry": { "type": "Polygon", "coordinates": [ [ [ 1123883.154709314694628, 1399688.102205625269562 ], [ 1114786.161364195635542, 1376810.080633267760277 ], [ 1124345.519030647585168, 1350186.836032192688435 ], [ 1122137.908547269413248, 1328807.226244379999116 ], [ 1152816.431909533217549, 1310055.461196521297097 ], [ 1152392.654552589170635, 1297174.880798997124657 ], [ 1164837.003401229623705, 1293077.559392093447968 ], [ 1165787.370897248852998, 1263253.816102641867474 ], [ 1155862.724458407610655, 1257976.602416423382238 ], [ 1144996.006857184693217, 1269956.0374509987887 ], [ 1132246.728611750761047, 1243428.224078877363354 ], [ 1101973.923893954837695, 1260908.85680828220211 ], [ 1092243.368117785779759, 1240302.350656098918989 ], [ 1060509.016409550793469, 1240231.867005254374817 ], [ 1061757.6969996355474, 1229350.673862500116229 ], [ 1048592.04537595063448, 1222313.226927467621863 ], [ 1026340.620122861466371, 1220668.347724843537435 ], [ 1048230.073237724951468, 1249391.609982642577961 ], [ 1033970.730597999179736, 1254724.316560812527314 ], [ 1030787.526676587411202, 1270259.750770564656705 ], [ 1029205.4839408446569, 1284897.302406305912882 ], [ 1036374.548998311394826, 1285605.312650903593749 ], [ 1027648.019279826199636, 1387089.890186202945188 ], [ 1123883.154709314694628, 1399688.102205625269562 ] ] ] } },
{ "type": "Feature", "properties": { "OBJECTID": 151.0, "STATE": "Florida", "STATE_FIPS": "12", "CD_2DIG": "04", "STATE_CODE": 8, "CLIMDIV": 804, "CD_NEW": 4, "FIPS_CD": "1204", "NCDC_GEO_I": 61.0, "NAME": "SOUTH CENTRAL", "ST_ABBRV": "FL", "SHAPE_AREA": 0.0, "SHAPE_LEN": 0.0 }, "geometry": { "type": "MultiPolygon", "coordinates": [ [ [ [ 1366676.360218168003485, 683201.004831661120988 ], [ 1495528.262573383981362, 706833.908022323506884 ], [ 1541577.168069759616628, 636867.440290370956063 ], [ 1545691.834806355880573, 624078.703807795769535 ], [ 1562689.060003569116816, 596599.383950264425948 ], [ 1553326.616611833684146, 594514.098083508550189 ], [ 1558581.87351164710708, 589515.771528705023229 ], [ 1520008.285274473950267, 583198.306556841242127 ], [ 1521539.76194273494184, 574026.208709637634456 ], [ 1508528.087934375042096, 581642.885626676492393 ], [ 1502018.965685224393383, 573698.996829163981602 ], [ 1493825.284040830563754, 579472.905871847993694 ], [ 1471630.889572121202946, 575840.777265086653642 ], [ 1464974.531503010541201, 555047.01583497331012 ], [ 1367424.537996783852577, 540366.551175200613216 ], [ 1368791.990508111193776, 530814.148336143116467 ], [ 1352454.578757191309705, 535823.421511658350937 ], [ 1356991.012542105978355, 529234.3333571520634 ], [ 1345011.11551409913227, 545937.851967279566452 ], [ 1347669.392426151083782, 545293.377055331715383 ], [ 1339976.487927836133167, 558076.965452595497482 ], [ 1335368.63905773521401, 562320.781545402482152 ], [ 1334911.660221561091021, 567963.214450221974403 ], [ 1330451.063037790358067, 576190.255511284805834 ], [ 1317431.143493674928322, 582436.127026738133281 ], [ 1322183.256118607707322, 582424.196143813198432 ], [ 1317567.597919561667368, 586585.830386650399305 ], [ 1319351.728408063063398, 585102.923535066889599 ], [ 1318148.300116002792493, 587250.330552212661132 ], [ 1323811.428620903519914, 587606.425441879313439 ], [ 1328065.402053784811869, 592073.732756549259648 ], [ 1328273.522516894619912, 594194.594373252708465 ], [ 1322787.794467098778114, 595554.201896582962945 ], [ 1327318.050527405692264, 595744.386820591404103 ], [ 1333974.778777593746781, 614699.470222898409702 ], [ 1342144.55670196772553, 618309.975121017661877 ], [ 1337608.251744335750118, 638507.724888294469565 ], [ 1330345.26739303348586, 633716.439267815323547 ], [ 1333575.309496891917661, 623414.530184074304998 ], [ 1327439.306103866081685, 623712.809751456836239 ], [ 1326369.056720258668065, 635288.238269542343915 ], [ 1308352.742405844852328, 643741.431034817942418 ], [ 1306938.328364737331867, 632131.018678736290894 ], [ 1319233.321977809770033, 626923.250200740294531 ], [ 1321950.534212229307741, 628119.941502234782092 ], [ 1315349.045232607517391, 606555.383644527639262 ], [ 1305815.146411078749225, 620827.845184141770005 ], [ 1296017.58902270719409, 623572.681566624320112 ], [ 1300265.940487928455696, 636627.962181635317393 ], [ 1299905.290439596166834, 650478.43033574137371 ], [ 1295922.270562933757901, 656911.250852270633914 ], [ 1363885.806329253828153, 666814.933869501459412 ], [ 1366676.360218168003485, 683201.004831661120988 ] ] ], [ [ [ 1506786.663103685714304, 708716.628459898522124 ], [ 1513819.789576359558851, 684483.33499863918405 ], [ 1530928.916982441907749, 658272.528155764332041 ], [ 1530087.782268891576678, 657455.020286678220145 ], [ 1509324.46505312807858, 689042.92063020542264 ], [ 1506786.663103685714304, 708716.628459898522124 ] ] ], [ [ [ 1531003.402874546125531, 658021.129444526741281 ], [ 1539495.814411529572681, 645767.963185067987069 ], [ 1553760.524199161445722, 618653.925206475541927 ], [ 1549314.341990582412109, 620672.690950468182564 ], [ 1546714.034035702235997, 630714.562315164948814 ], [ 1531003.402874546125531, 658021.129444526741281 ] ] ], [ [ [ 1550894.615673122461885, 616485.937002987018786 ], [ 1557265.857848930638283, 610852.452192893601023 ], [ 1565980.133834700798616, 597136.205390243325382 ], [ 1550894.615673122461885, 616485.937002987018786 ] ] ], [ [ [ 1497239.956773007987067, 707119.239690278074704 ], [ 1499311.92937545850873, 704441.789457918726839 ], [ 1510595.214889896800742, 686329.90666643762961 ], [ 1497239.956773007987067, 707119.239690278074704 ] ] ], [ [ [ 1296130.931328207021579, 634077.75795196427498 ], [ 1297162.992608860135078, 633458.511057560099289 ], [ 1295952.874647448770702, 630879.90821487060748 ], [ 1295996.903119171969593, 623334.189990648650564 ], [ 1303712.182165644364432, 614794.646655991324224 ], [ 1296181.969381843227893, 622337.961205335683189 ], [ 1295481.657417870359495, 625353.440704815788195 ], [ 1296130.931328207021579, 634077.75795196427498 ] ] ], [ [ [ 1318305.629450413631275, 578039.004805246600881 ], [ 1326380.467533163260669, 572959.908231134410016 ], [ 1329878.556981361703947, 567840.673496330506168 ], [ 1318305.629450413631275, 578039.004805246600881 ] ] ], [ [ [ 1332603.342313838656992, 562424.532362745259888 ], [ 1333806.849934613099322, 564962.957233394612558 ], [ 1333573.019893388729542, 565726.62887422053609 ], [ 1334442.644680351018906, 565687.990023391088471 ], [ 1333822.880840816767886, 563970.906854644767009 ], [ 1339329.31517664459534, 555999.51726649235934 ], [ 1332603.342313838656992, 562424.532362745259888 ] ] ], [ [ [ 1311010.132572942879051, 588556.243783301440999 ], [ 1315172.554366984870285, 587456.591792964492925 ], [ 1318223.673403484746814, 579105.727119531366043 ], [ 1311010.132572942879051, 588556.243783301440999 ] ] ], [ [ [ 1307715.75024768197909, 611163.978187691769563 ], [ 1310395.086018868722022, 607925.838805194478482 ], [ 1309144.660327200544998, 608350.928396261064336 ], [ 1309835.954112961189821, 604449.984390841564164 ], [ 1307715.75024768197909, 611163.978187691769563 ] ] ], [ [ [ 1295796.779342002933845, 639969.782954744528979 ], [ 1296009.862852907506749, 639170.956116121960804 ], [ 1296593.609018562594429, 634539.286751721869223 ], [ 1297214.286100989440456, 634100.57210478244815 ], [ 1296169.77235482330434, 634681.512746158638038 ], [ 1295796.779342002933845, 639969.782954744528979 ] ] ], [ [ [ 1312856.738743049791083, 598436.493176050717011 ], [ 1312850.596862679813057, 598594.707663778099231 ], [ 1314010.917318874271587, 598870.786008144845255 ], [ 1311102.239226177800447, 596730.082609681645408 ], [ 1309987.412099176086485, 600167.259050103835762 ], [ 1311215.728938551619649, 600248.588264587335289 ], [ 1310620.673015379114076, 599543.574299481580965 ], [ 1311203.989109266549349, 597260.23914998897817 ], [ 1311386.886473825899884, 597254.861213318188675 ], [ 1312856.738743049791083, 598436.493176050717011 ] ] ], [ [ [ 1303843.90826246724464, 614435.427922466304153 ], [ 1306386.419327443698421, 614596.440096451551653 ], [ 1305093.231302841799334, 614198.41026613523718 ], [ 1307079.493036629399285, 610330.025782292941585 ], [ 1303843.90826246724464, 614435.427922466304153 ] ] ], [ [ [ 1322646.267860299907625, 592590.882683572592214 ], [ 1324958.413841947680339, 592467.902754923794419 ], [ 1322309.122539402684197, 591295.316723754513077 ], [ 1322646.267860299907625, 592590.882683572592214 ] ] ], [ [ [ 1329956.37230970012024, 567375.692539124866016 ], [ 1330239.106077614007518, 567451.822310722316615 ], [ 1332592.381380234379321, 564872.204152594553307 ], [ 1329956.37230970012024, 567375.692539124866016 ] ] ], [ [ [ 1321025.485852983314544, 589277.672909187618643 ], [ 1324677.181811374844983, 588955.270962783135474 ], [ 1323691.050959707004949, 588644.042736548697576 ], [ 1321025.485852983314544, 589277.672909187618643 ] ] ], [ [ [ 1536544.861575016751885, 645437.668132389429957 ], [ 1538196.701561796711758, 645324.886117435758933 ], [ 1538177.384716710774228, 644077.701986092841253 ], [ 1536544.861575016751885, 645437.668132389429957 ] ] ], [ [ [ 1500783.555725210113451, 706217.736165503505617 ], [ 1501933.513044574065134, 704949.119497044244781 ], [ 1502653.459680227329955, 702685.712840510299429 ], [ 1500783.555725210113451, 706217.736165503505617 ] ] ], [ [ [ 1311602.909633391536772, 605608.982710398151539 ], [ 1311311.363565460545942, 602728.016194216092117 ], [ 1312092.087478604633361, 602046.363602968747728 ], [ 1312350.494636238319799, 601315.894564646529034 ], [ 1310481.529722627485171, 603686.59788172505796 ], [ 1310879.13127349736169, 603866.372867185389623 ], [ 1311327.553422798402607, 605460.502519575878978 ], [ 1310766.987852528225631, 605943.671557953464799 ], [ 1311602.909633391536772, 605608.982710398151539 ] ] ], [ [ [ 1339433.595834684558213, 555730.373133809305727 ], [ 1344406.777488152962178, 548922.656568992766552 ], [ 1345389.887592904968187, 546147.947483669966459 ], [ 1339433.595834684558213, 555730.373133809305727 ] ] ], [ [ [ 1294536.649258580990136, 644932.944328413926996 ], [ 1295156.688935049576685, 644787.472907389164902 ], [ 1296479.395864416612312, 644085.882147545926273 ], [ 1294536.649258580990136, 644932.944328413926996 ] ] ], [ [ [ 1319680.701877847546712, 610051.169880129047669 ], [ 1320133.98094738018699, 610812.568676973460242 ], [ 1319968.083190312609076, 610109.033745183609426 ], [ 1319680.701877847546712, 610051.169880129047669 ] ] ], [ [ [ 1296837.570331437513232, 637711.117587145534344 ], [ 1297071.58998740487732, 637739.770427552284673 ], [ 1298624.255882838508114, 634584.988162568886764 ], [ 1296874.691751811420545, 635505.187284706393257 ], [ 1296837.570331437513232, 637711.117587145534344 ] ] ], [ [ [ 1312305.537761268671602, 608283.093272195430472 ], [ 1310832.755894547561184, 607977.907945140264928 ], [ 1312198.654576936038211, 608520.096094786538742 ], [ 1312305.537761268671602, 608283.093272195430472 ] ] ], [ [ [ 1309091.27347586164251, 593315.103348788805306 ], [ 1308544.259043492609635, 593760.337188189150766 ], [ 1308646.894909364404157, 595441.454246764071286 ], [ 1309091.27347586164251, 593315.103348788805306 ] ] ], [ [ [ 1307053.459754365729168, 613919.528484389535151 ], [ 1307799.378842598525807, 612679.953454982140101 ], [ 1307081.39474292867817, 612086.098704763455316 ], [ 1307053.459754365729168, 613919.528484389535151 ] ] ], [ [ [ 1309798.372260968200862, 606771.20343781390693 ], [ 1310560.13155378960073, 606566.842654267209582 ], [ 1309948.632421080954373, 605832.773887340794317 ], [ 1309798.372260968200862, 606771.20343781390693 ] ] ], [ [ [ 1305940.368173918919638, 613797.510462413425557 ], [ 1306870.155035425676033, 613370.946467094938271 ], [ 1306129.085395043948665, 612471.374297443777323 ], [ 1305940.368173918919638, 613797.510462413425557 ] ] ], [ [ [ 1311006.862855225335807, 605055.191152638406493 ], [ 1310432.372750221053138, 604686.422697826637886 ], [ 1310633.659086165484041, 605896.515323379775509 ], [ 1311006.862855225335807, 605055.191152638406493 ] ] ], [ [ [ 1317228.719131337944418, 631027.626164440065622 ], [ 1316224.747578904731199, 629157.461887243785895 ], [ 1315875.629472356056795, 629262.253838745644316 ], [ 1317228.719131337944418, 631027.626164440065622 ] ] ], [ [ [ 1315848.840037004789338, 604620.272166895330884 ], [ 1315390.577712834347039, 605946.172408943879418 ], [ 1315439.188018754357472, 606227.806467462098226 ], [ 1315848.840037004789338, 604620.272166895330884 ] ] ], [ [ [ 1316062.86383291031234, 602806.48866423626896 ], [ 1317096.765069127781317, 600797.791259361314587 ], [ 1316123.338132629636675, 601650.848624738166109 ], [ 1316062.86383291031234, 602806.48866423626896 ] ] ], [ [ [ 1535375.469865943072364, 647955.786679572775029 ], [ 1535706.152417849283665, 647034.125966651597992 ], [ 1535170.82193774334155, 647892.51587249385193 ], [ 1535375.469865943072364, 647955.786679572775029 ] ] ], [ [ [ 1309453.002910401206464, 603609.519745579455048 ], [ 1310441.021511121187359, 603633.77809990523383 ], [ 1309335.382943503558636, 602562.138264087610878 ], [ 1309453.002910401206464, 603609.519745579455048 ] ] ], [ [ [ 1504795.916331385727972, 709852.602560598403215 ], [ 1505667.819809075212106, 709621.794376835692674 ], [ 1502571.615971744293347, 709099.532221544301137 ], [ 1504795.916331385727972, 709852.602560598403215 ] ] ], [ [ [ 1314205.658100631088018, 603138.100292536313646 ], [ 1314981.913904903456569, 603510.57962032512296 ], [ 1315021.919112975243479, 603060.081099807866849 ], [ 1314205.658100631088018, 603138.100292536313646 ] ] ], [ [ [ 1323623.944660384207964, 590565.415561022004113 ], [ 1324868.445888275280595, 590745.460767976823263 ], [ 1324254.496324489824474, 590241.33326663961634 ], [ 1323623.944660384207964, 590565.415561022004113 ] ] ], [ [ [ 1538409.696984349749982, 643895.181065090582706 ], [ 1539027.551749035483226, 643765.71248751715757 ], [ 1538971.369513356359676, 642886.575060546863824 ], [ 1538409.696984349749982, 643895.181065090582706 ] ] ], [ [ [ 1332634.865904066013172, 567424.728517260518856 ], [ 1333178.593145208666101, 566946.941314206575043 ], [ 1332625.792254526168108, 567147.450309064122848 ], [ 1332564.873465866083279, 566822.716429156949744 ], [ 1332634.865904066013172, 567424.728517260518856 ] ] ], [ [ [ 1315843.474088397808373, 637228.630133402883075 ], [ 1311309.065085910726339, 636016.690007978002541 ], [ 1315949.268811541376635, 637309.074158923700452 ], [ 1315843.474088397808373, 637228.630133402883075 ] ] ], [ [ [ 1312956.667825942859054, 608908.765325483283959 ], [ 1312436.909910123096779, 608329.670761636923999 ], [ 1312315.396821855334565, 608617.987353218486533 ], [ 1312956.667825942859054, 608908.765325483283959 ] ] ], [ [ [ 1332300.539629261707887, 567891.154976095072925 ], [ 1332849.690935768419877, 567556.400189300184138 ], [ 1332442.748775737127289, 567394.04222033591941 ], [ 1332300.539629261707887, 567891.154976095072925 ] ] ], [ [ [ 1339894.880539868259802, 618871.885959437815472 ], [ 1340582.955093808472157, 618275.320912778377533 ], [ 1340268.929030223051086, 618409.50517477944959 ], [ 1339894.880539868259802, 618871.885959437815472 ] ] ], [ [ [ 1315516.87514741322957, 630557.702751118107699 ], [ 1315935.633348983479664, 630222.811078605358489 ], [ 1315650.954648076090962, 629693.950888829305768 ], [ 1315831.780055009527132, 630248.588136723032221 ], [ 1315202.049046964850277, 630229.964320089202374 ], [ 1315516.87514741322957, 630557.702751118107699 ] ] ], [ [ [ 1314149.329723931383342, 607181.657769460463896 ], [ 1314265.533928609453142, 607053.519511519698426 ], [ 1313423.946457950863987, 607168.231066232430749 ], [ 1314149.329723931383342, 607181.657769460463896 ] ] ], [ [ [ 1313348.982783410931006, 607926.739879114436917 ], [ 1313430.187208779621869, 608493.323059488320723 ], [ 1313784.341650239657611, 608123.81403889588546 ], [ 1313348.982783410931006, 607926.739879114436917 ] ] ], [ [ [ 1313285.109618021175265, 607878.851808090228587 ], [ 1312496.2961777204182, 607828.362668179091997 ], [ 1313257.703832070576027, 608080.464488157071173 ], [ 1313285.109618021175265, 607878.851808090228587 ] ] ], [ [ [ 1333171.971672030864283, 566908.035131504992023 ], [ 1332936.483992133289576, 566360.836179146892391 ], [ 1332672.346756199840456, 566967.267006736248732 ], [ 1333171.971672030864283, 566908.035131504992023 ] ] ], [ [ [ 1310126.416469654068351, 601520.833045505685732 ], [ 1310411.540490401908755, 601853.661270811455324 ], [ 1310593.458254106575623, 601268.382883366779424 ], [ 1310126.416469654068351, 601520.833045505685732 ] ] ], [ [ [ 1307352.037520525744185, 612034.591034156386741 ], [ 1308100.362029553856701, 611617.67233878839761 ], [ 1308037.845097118755803, 611434.169522101874463 ], [ 1307352.037520525744185, 612034.591034156386741 ] ] ], [ [ [ 1550892.369188836542889, 618756.901548711233772 ], [ 1551073.916045925114304, 618536.8532924776664 ], [ 1550099.184467648854479, 617916.203245130833238 ], [ 1550892.369188836542889, 618756.901548711233772 ] ] ], [ [ [ 1299004.578366604633629, 644207.100328883621842 ], [ 1299254.938623204361647, 643828.849999516503885 ], [ 1298661.098731849575415, 643969.362513638334349 ], [ 1299004.578366604633629, 644207.100328883621842 ] ] ], [ [ [ 1308565.246153564890847, 611387.765032807481475 ], [ 1309186.737510783830658, 611471.614587937248871 ], [ 1309255.479726187419146, 611255.621013442636468 ], [ 1308565.246153564890847, 611387.765032807481475 ] ] ], [ [ [ 1528675.697092160116881, 659213.372581612085924 ], [ 1528342.377703046659008, 659006.5922865398461 ], [ 1528384.996527769370005, 659412.913601903244853 ], [ 1528675.697092160116881, 659213.372581612085924 ] ] ], [ [ [ 1296193.475918060168624, 630053.986614221706986 ], [ 1296272.791769498027861, 629822.034348090062849 ], [ 1296090.721608138643205, 629425.681636098073795 ], [ 1296193.475918060168624, 630053.986614221706986 ] ] ], [ [ [ 1324990.963853573892266, 596716.871271604672074 ], [ 1325585.406196224037558, 596777.002146235434338 ], [ 1325710.533082865644246, 596645.820866750087589 ], [ 1325095.500044502550736, 596715.11393299640622 ], [ 1324551.170703262789175, 596132.493274299660698 ], [ 1324990.963853573892266, 596716.871271604672074 ] ] ], [ [ [ 1297827.85044674621895, 644038.417095184559003 ], [ 1297867.217968555167317, 643926.383264612988569 ], [ 1296838.80946709564887, 644649.71232389297802 ], [ 1297827.85044674621895, 644038.417095184559003 ] ] ], [ [ [ 1311319.571285058511421, 601964.234903419972397 ], [ 1310881.524232410360128, 602141.4051272647921 ], [ 1310917.141006572870538, 602323.773153588175774 ], [ 1311319.571285058511421, 601964.234903419972397 ] ] ], [ [ [ 1333371.39422472845763, 633916.610342593397945 ], [ 1333213.605527807958424, 633414.620638185646385 ], [ 1333143.30313458503224, 633982.040628237300552 ], [ 1333371.39422472845763, 633916.610342593397945 ] ] ], [ [ [ 1501777.196639395318925, 709298.670483790221624 ], [ 1502388.090829532360658, 709058.425892952247523 ], [ 1501325.682413624133915, 708881.448766677291133 ], [ 1501777.196639395318925, 709298.670483790221624 ] ] ], [ [ [ 1322741.276295592775568, 595676.725721610477194 ], [ 1321997.412470553303137, 595900.305612426134758 ], [ 1321723.922986474819481, 596137.293777289218269 ], [ 1322741.276295592775568, 595676.725721610477194 ] ] ], [ [ [ 1324440.214557941071689, 593522.947185272932984 ], [ 1324517.516044643241912, 593942.195329792913981 ], [ 1324524.853393210330978, 593696.262101668515243 ], [ 1324804.904266733210534, 593639.305807290715165 ], [ 1324440.214557941071689, 593522.947185272932984 ] ] ], [ [ [ 1338925.687935359543189, 619534.097647034563124 ], [ 1338528.340278402203694, 619393.671045712777413 ], [ 1338779.045859716366976, 619684.711355072329752 ], [ 1338925.687935359543189, 619534.097647034563124 ] ] ], [ [ [ 1298030.49948655674234, 632031.119647167972289 ], [ 1298200.148958159144968, 631816.128582740086131 ], [ 1297989.940646846778691, 631744.416535155382007 ], [ 1298030.49948655674234, 632031.119647167972289 ] ] ], [ [ [ 1333355.727268907008693, 567300.257763853529468 ], [ 1333209.669524966506287, 566938.341198184061795 ], [ 1333053.042568837525323, 567689.561327854753472 ], [ 1333355.727268907008693, 567300.257763853529468 ] ] ], [ [ [ 1333253.145396044943482, 566516.584346857853234 ], [ 1333208.015753880841658, 566903.370917694177479 ], [ 1333309.267035578843206, 566881.942209036555141 ], [ 1333253.145396044943482, 566516.584346857853234 ] ] ], [ [ [ 1325277.057337034493685, 592342.690331723308191 ], [ 1325255.000633216230199, 592014.393915846012533 ], [ 1325059.634851230541244, 592130.366714745177887 ], [ 1325277.057337034493685, 592342.690331723308191 ] ] ], [ [ [ 1297579.734310355037451, 629958.162313971901312 ], [ 1297543.779577579116449, 630080.002244954928756 ], [ 1297946.994717857334763, 630101.383565675118007 ], [ 1297579.734310355037451, 629958.162313971901312 ] ] ], [ [ [ 1324081.467750326031819, 594353.008594345184974 ], [ 1323831.07074964302592, 594335.318154158885591 ], [ 1323995.516606786753982, 594431.275000744033605 ], [ 1324081.467750326031819, 594353.008594345184974 ] ] ], [ [ [ 1313434.574816213222221, 630557.687648029532284 ], [ 1313990.986340512754396, 630521.347344468231313 ], [ 1313999.941215417115018, 630491.170962503994815 ], [ 1313434.574816213222221, 630557.687648029532284 ] ] ], [ [ [ 1310147.145427021430805, 602524.622648753342219 ], [ 1310229.050169632071629, 602193.772480184561573 ], [ 1310117.611535239964724, 602162.07559788133949 ], [ 1310147.145427021430805, 602524.622648753342219 ] ] ], [ [ [ 1505683.015249646035954, 704790.220229068654589 ], [ 1505913.734583751996979, 704639.868571973405778 ], [ 1505586.837913984898478, 704594.345506266225129 ], [ 1505683.015249646035954, 704790.220229068654589 ] ] ], [ [ [ 1320163.852591658243909, 618109.733189682010561 ], [ 1319964.349555341759697, 617921.604864527587779 ], [ 1319956.120193223468959, 618109.374413801007904 ], [ 1320163.852591658243909, 618109.733189682010561 ] ] ], [ [ [ 1297738.68103963136673, 629849.250110936583951 ], [ 1297432.199445999460295, 629696.460494579630904 ], [ 1297383.145144145470113, 629760.624586809892207 ], [ 1297738.68103963136673, 629849.250110936583951 ] ] ], [ [ [ 1296239.019623087719083, 628735.288615084951743 ], [ 1296880.203154919669032, 628768.943117775721475 ], [ 1296214.685289891669527, 628711.609741411055438 ], [ 1296239.019623087719083, 628735.288615084951743 ] ] ], [ [ [ 1324990.710169032681733, 596489.337667352170683 ], [ 1325197.333606468280777, 596400.804933010716923 ], [ 1324943.273594995262101, 596165.089190640370362 ], [ 1324990.710169032681733, 596489.337667352170683 ] ] ], [ [ [ 1324618.13731726212427, 594029.663116532610729 ], [ 1324906.485914573306218, 594003.85476534976624 ], [ 1324948.601998026948422, 593762.188018933986314 ], [ 1324618.13731726212427, 594029.663116532610729 ] ] ], [ [ [ 1321718.222335664788261, 621822.326573424856178 ], [ 1321497.631516163004562, 621722.331251664087176 ], [ 1321433.929638645611703, 621806.48374022974167 ], [ 1321718.222335664788261, 621822.326573424856178 ] ] ], [ [ [ 1326166.205510262167081, 596926.812834922922775 ], [ 1326090.114571040961891, 596726.266498796408996 ], [ 1326041.128640674753115, 596901.797315343981609 ], [ 1326166.205510262167081, 596926.812834922922775 ] ] ], [ [ [ 1310301.075371631653979, 602016.615542670362629 ], [ 1310242.853985826252028, 601903.157119759707712 ], [ 1310160.724667815957218, 601954.898999433265999 ], [ 1310301.075371631653979, 602016.615542670362629 ] ] ], [ [ [ 1310100.488758265972137, 602657.997406836948358 ], [ 1310000.446975390426815, 602410.544878854416311 ], [ 1310059.953187378123403, 602695.084254920831881 ], [ 1310100.488758265972137, 602657.997406836948358 ] ] ], [ [ [ 1310473.578689868096262, 602834.524537061457522 ], [ 1310411.952609946252778, 602708.328448361018673 ], [ 1310355.071367966243997, 602836.812709421501495 ], [ 1310473.578689868096262, 602834.524537061457522 ] ] ], [ [ [ 1505555.095863909227774, 704711.894649869878776 ], [ 1505346.791772278025746, 704565.582805785699748 ], [ 1505418.969931388041005, 704766.271818320732564 ], [ 1505555.095863909227774, 704711.894649869878776 ] ] ], [ [ [ 1326326.601796313887462, 597062.802683460293338 ], [ 1326205.376914620865136, 597002.234688180498779 ], [ 1326178.563598281238228, 597154.958229532348923 ], [ 1326326.601796313887462, 597062.802683460293338 ] ] ], [ [ [ 1312025.977488841628656, 603298.793221293482929 ], [ 1311914.171142829116434, 603232.816734087304212 ], [ 1311896.696352531202137, 603338.540252619073726 ], [ 1312025.977488841628656, 603298.793221293482929 ] ] ], [ [ [ 1324033.163646351313218, 594692.839175117551349 ], [ 1323965.784075336530805, 594683.281843068194576 ], [ 1324089.94716427102685, 594878.803880232851952 ], [ 1324033.163646351313218, 594692.839175117551349 ] ] ], [ [ [ 1314566.38341628597118, 602904.2752370206872 ], [ 1314485.695205247495323, 602956.965560834622011 ], [ 1314602.122974034864455, 602961.009504239191301 ], [ 1314566.38341628597118, 602904.2752370206872 ] ] ], [ [ [ 1311012.116542703006417, 601010.714064912055619 ], [ 1310827.235272145597264, 601036.423114869510755 ], [ 1310841.391226691193879, 601078.852399776806124 ], [ 1311012.116542703006417, 601010.714064912055619 ] ] ], [ [ [ 1296995.435434554005042, 641587.525004435447045 ], [ 1296856.643328057136387, 641598.250247690710239 ], [ 1296949.20721521996893, 641670.27471859997604 ], [ 1296995.435434554005042, 641587.525004435447045 ] ] ], [ [ [ 1310619.664618828566745, 603254.793741739471443 ], [ 1310524.611335386987776, 603265.388907186570577 ], [ 1310658.142696622293442, 603314.235975292394869 ], [ 1310619.664618828566745, 603254.793741739471443 ] ] ], [ [ [ 1310381.729303770232946, 603230.381981685059145 ], [ 1310257.558318759547547, 603221.736633292282932 ], [ 1310267.273221930256113, 603282.929095494211651 ], [ 1310381.729303770232946, 603230.381981685059145 ] ] ], [ [ [ 1305722.677079172804952, 620023.871541998698376 ], [ 1305860.927866456098855, 620052.960974103654735 ], [ 1305891.23680078680627, 619979.305889113456942 ], [ 1305722.677079172804952, 620023.871541998698376 ] ] ], [ [ [ 1315340.675314563093707, 629467.206284378073178 ], [ 1315364.310444168746471, 629573.905048626707867 ], [ 1315379.592914832988754, 629556.889587052166462 ], [ 1315340.675314563093707, 629467.206284378073178 ] ] ], [ [ [ 1310558.107813183218241, 602946.560150544624776 ], [ 1310439.895861924160272, 602968.830915360013023 ], [ 1310557.058186396025121, 602986.074655209667981 ], [ 1310558.107813183218241, 602946.560150544624776 ] ] ], [ [ [ 1315430.621441608993337, 630159.27302056492772 ], [ 1315400.891456180950627, 630064.6436258694157 ], [ 1315379.197110065259039, 630131.929203136241995 ], [ 1315430.621441608993337, 630159.27302056492772 ] ] ], [ [ [ 1305669.607445847941563, 619240.712226472212933 ], [ 1305639.484909053426236, 619139.970119450823404 ], [ 1305636.19408564735204, 619246.056778787751682 ], [ 1305669.607445847941563, 619240.712226472212933 ] ] ], [ [ [ 1324100.153540191007778, 594997.55915878911037 ], [ 1324014.589666701620445, 595014.497843551565893 ], [ 1324049.347972070099786, 595051.289677724475041 ], [ 1324100.153540191007778, 594997.55915878911037 ] ] ], [ [ [ 1296966.784524908056483, 641538.698163348832168 ], [ 1296973.071800445672125, 641478.693619849160314 ], [ 1296910.323019083356485, 641501.375945720472373 ], [ 1296966.784524908056483, 641538.698163348832168 ] ] ], [ [ [ 1305631.468721823068336, 619580.309470419189893 ], [ 1305596.560409172670916, 619522.250509451958351 ], [ 1305593.735026378883049, 619580.144301892956719 ], [ 1305631.468721823068336, 619580.309470419189893 ] ] ], [ [ [ 1313113.228975813603029, 599011.542742675170302 ], [ 1313067.870793097186834, 599008.723857468576171 ], [ 1313086.632697182241827, 599047.569916066830046 ], [ 1313113.228975813603029, 599011.542742675170302 ] ] ], [ [ [ 1305848.123134966474026, 619764.726818150957115 ], [ 1305804.372915075393394, 619746.218486782046966 ], [ 1305828.794914543861523, 619787.872888319776393 ], [ 1305848.123134966474026, 619764.726818150957115 ] ] ], [ [ [ 1305460.14282858138904, 619886.742074295994826 ], [ 1305396.917843096191064, 619834.743325357325375 ], [ 1305457.750902532599866, 619907.359942107112147 ], [ 1305460.14282858138904, 619886.742074295994826 ] ] ], [ [ [ 1312238.759589381050318, 598801.060982836177573 ], [ 1312195.510072365868837, 598791.079281887970865 ], [ 1312233.160441117361188, 598814.532712205778807 ], [ 1312238.759589381050318, 598801.060982836177573 ] ] ] ] } },
{ "type": "Feature", "properties": { "OBJECTID": 152.0, "STATE": "Florida", "STATE_FIPS": "12", "CD_2DIG": "05", "STATE_CODE": 8, "CLIMDIV": 805, "CD_NEW": 5, "FIPS_CD": "1205", "NCDC_GEO_I": 62.0, "NAME": "EVERGLADES", "ST_ABBRV": "FL", "SHAPE_AREA": 0.0, "SHAPE_LEN": 0.0 }, "geometry": { "type": "MultiPolygon", "coordinates": [ [ [ [ 1471630.889572121202946, 575840.777265086653642 ], [ 1502018.965685224393383, 573698.996829163981602 ], [ 1508528.087934375042096, 581642.885626676492393 ], [ 1521539.76194273494184, 574026.208709637634456 ], [ 1520008.285274473950267, 583198.306556841242127 ], [ 1544570.303480902919546, 587208.281896338798106 ], [ 1567759.510724912863225, 552436.729324964340776 ], [ 1574780.45465689827688, 510445.669944915687665 ], [ 1574343.003699513617903, 424539.619003504689317 ], [ 1563468.201232088729739, 376758.356520654808264 ], [ 1544031.472343879053369, 357513.010969378927257 ], [ 1515573.442533711902797, 350023.479683187557384 ], [ 1505278.161101744743064, 360188.164961028669495 ], [ 1506153.797297504730523, 371892.253203372471035 ], [ 1508827.314853027230129, 372480.782141498581041 ], [ 1512309.428327702684328, 367253.172264256922062 ], [ 1514785.982028874335811, 367878.982457939884625 ], [ 1515137.45466214697808, 365891.687921592558268 ], [ 1514813.967336401110515, 365681.972621660737786 ], [ 1514941.876292272936553, 365353.139543512195814 ], [ 1517613.318579009501263, 363561.58125670690788 ], [ 1519538.090898978989571, 362855.598907996027265 ], [ 1520305.859062020434067, 363062.420089197228663 ], [ 1520849.875321991974488, 362050.075062515039463 ], [ 1529864.988905510865152, 362686.612338635837659 ], [ 1531776.897021739510819, 367569.577069926890545 ], [ 1521616.263101448072121, 376688.461073730548378 ], [ 1504678.127580603351817, 378400.642156073648948 ], [ 1510683.241769498912618, 384140.316979649476707 ], [ 1503487.784459477989003, 382768.05782831471879 ], [ 1496437.847540287999436, 391220.989127684326377 ], [ 1500996.119585513137281, 396680.12252139399061 ], [ 1486086.909494172083214, 407774.61620755813783 ], [ 1495868.368555001914501, 410406.954874488816131 ], [ 1496421.571949491277337, 411314.968472221167758 ], [ 1494452.140449090627953, 414785.992892474925611 ], [ 1486030.007388975238428, 421429.544140117184725 ], [ 1463188.032810096861795, 427801.610919762577396 ], [ 1458949.760678445221856, 422642.104783485643566 ], [ 1458712.172486307797953, 429834.677688267373014 ], [ 1447779.068286821944639, 425975.946691605087835 ], [ 1446782.120015103369951, 430589.185473879333586 ], [ 1438492.812422646675259, 434643.020145806018263 ], [ 1435776.049128238810226, 432925.207976999692619 ], [ 1416609.62788136000745, 482242.982558218354825 ], [ 1400311.262382953660563, 484116.366107251436915 ], [ 1402512.383301266934723, 485048.998206807416864 ], [ 1401904.050058688269928, 486032.464961884950753 ], [ 1400316.992122127441689, 486662.467151918972377 ], [ 1399999.150342811597511, 487324.764073645230383 ], [ 1400050.949860369320959, 487771.760368317714892 ], [ 1399952.070517956744879, 488144.837683697056491 ], [ 1399971.760908224619925, 488239.357329711026978 ], [ 1407877.560603166930377, 491838.550033537554555 ], [ 1419938.180085454368964, 511950.405157214845531 ], [ 1397603.962003774475306, 488576.073515546217095 ], [ 1387761.307238426292315, 534395.378606851678342 ], [ 1373216.673382143955678, 532889.711265424848534 ], [ 1379915.48671273724176, 522680.060902657685801 ], [ 1381900.383428445551544, 515490.78767064405838 ], [ 1380586.786478128517047, 514290.781994580349419 ], [ 1379395.135960543295369, 519064.187213621858973 ], [ 1365719.588924103649333, 519514.326081850449555 ], [ 1368226.419068262213841, 516256.278616015508305 ], [ 1361212.630950868595392, 524162.378885629645083 ], [ 1363965.049173502484336, 521622.320245562354103 ], [ 1365220.7708151913248, 524664.28408957074862 ], [ 1358977.02772371401079, 529469.307663817657158 ], [ 1368791.990508111193776, 530814.148336143116467 ], [ 1367424.537996783852577, 540366.551175200613216 ], [ 1464974.531503010541201, 555047.01583497331012 ], [ 1471630.889572121202946, 575840.777265086653642 ] ] ], [ [ [ 1382649.212954937713221, 505728.826308184303343 ], [ 1392918.34325902746059, 497339.156587053323165 ], [ 1390888.68327961419709, 493606.721492699405644 ], [ 1393430.816533942241222, 486351.925809874024708 ], [ 1395212.740012865513563, 484444.62615579465637 ], [ 1390116.375489920377731, 486084.59092432318721 ], [ 1382649.212954937713221, 505728.826308184303343 ] ] ], [ [ [ 1481965.636777686420828, 418875.15904624358518 ], [ 1484000.38086528936401, 415409.829775346675888 ], [ 1486432.099873777711764, 415059.879060809093062 ], [ 1484634.972396941157058, 412744.875383086386137 ], [ 1484393.139934822684154, 409167.480417147453409 ], [ 1475463.684767534490675, 415923.440687533991877 ], [ 1481965.636777686420828, 418875.15904624358518 ] ] ], [ [ [ 1384274.150764312129468, 482858.613562843762338 ], [ 1393379.268010375322774, 478571.009406614291947 ], [ 1400661.006288570119068, 480729.452302450255957 ], [ 1393021.218748645158485, 476409.592002600547858 ], [ 1384274.150764312129468, 482858.613562843762338 ] ] ], [ [ [ 1436865.811015381710604, 432925.830447942658793 ], [ 1444706.664109957404435, 430680.098576611140743 ], [ 1445919.606431178981438, 426663.129847909614909 ], [ 1437972.208061875076964, 425870.036542137095239 ], [ 1436865.811015381710604, 432925.830447942658793 ] ] ], [ [ [ 1522095.161528723780066, 369454.577724499162287 ], [ 1521535.6728685060516, 367916.979570936760865 ], [ 1520480.978696688311175, 367316.653446972428355 ], [ 1520017.616083402186632, 365456.437105697521474 ], [ 1525903.184659600490704, 363001.377389475528616 ], [ 1517623.221628496889025, 363816.538411334331613 ], [ 1522095.161528723780066, 369454.577724499162287 ] ] ], [ [ [ 1486851.226942721754313, 410011.014720653009135 ], [ 1488242.262892406433821, 415535.738457352621481 ], [ 1488628.27592933550477, 413348.194666226219852 ], [ 1489934.598886983469129, 412322.462835181795526 ], [ 1486851.226942721754313, 410011.014720653009135 ] ] ], [ [ [ 1377400.184050722979009, 495090.057087968569249 ], [ 1374589.997970510972664, 499177.315240529133007 ], [ 1375520.214103140635416, 499479.827619898715056 ], [ 1377400.184050722979009, 495090.057087968569249 ] ] ], [ [ [ 1404893.865684645948932, 482818.00729282136308 ], [ 1411805.199732318520546, 480117.426217998785432 ], [ 1414250.641872020205483, 477290.28368934529135 ], [ 1413015.907029549358413, 477103.38976941088913 ], [ 1410702.827670643571764, 479869.860984904575162 ], [ 1405801.22074213786982, 481775.555108786968049 ], [ 1404893.865684645948932, 482818.00729282136308 ] ] ], [ [ [ 1368854.654780051438138, 515581.238318855466787 ], [ 1370268.789343837881461, 514409.822805667645298 ], [ 1370884.182390460278839, 510731.7268006222439 ], [ 1371671.309086256893352, 508802.608197266410571 ], [ 1372091.438408438581973, 509277.000978043361101 ], [ 1371909.81159539334476, 505851.744011130824219 ], [ 1368854.654780051438138, 515581.238318855466787 ] ] ], [ [ [ 1506071.399504057131708, 373000.983596231089905 ], [ 1509654.123838679632172, 373411.714021780702751 ], [ 1510692.892439695307985, 372227.604868150898255 ], [ 1507814.3123520151712, 372762.208670265099499 ], [ 1505900.030543477507308, 372192.633067749266047 ], [ 1505528.86690225196071, 371539.374226926884148 ], [ 1506071.399504057131708, 373000.983596231089905 ] ] ], [ [ [ 1488789.298608983401209, 413373.941775696934201 ], [ 1491144.939973145257682, 413665.189030591631308 ], [ 1490652.649957773741335, 412538.05382670997642 ], [ 1488789.298608983401209, 413373.941775696934201 ] ] ], [ [ [ 1514893.235516875982285, 365616.570162049494684 ], [ 1518598.8881671782583, 365600.011410574486945 ], [ 1517455.056502300081775, 364375.701868667150848 ], [ 1514893.235516875982285, 365616.570162049494684 ] ] ], [ [ [ 1485175.630759327905253, 417167.460318937839475 ], [ 1487516.005612986860797, 416251.02622384444112 ], [ 1487038.303941550897434, 415565.763508093194105 ], [ 1485175.630759327905253, 417167.460318937839475 ] ] ], [ [ [ 1381703.210640788543969, 487705.960900342208333 ], [ 1383234.327937828144059, 481465.815340038272552 ], [ 1380581.788806969998404, 488932.279530189058278 ], [ 1381703.210640788543969, 487705.960900342208333 ] ] ], [ [ [ 1377658.434173193993047, 492307.885302381124347 ], [ 1379407.887849983992055, 492321.030590191658121 ], [ 1380552.465760733466595, 489139.718698775628582 ], [ 1377658.434173193993047, 492307.885302381124347 ] ] ], [ [ [ 1356991.012542105978355, 529234.3333571520634 ], [ 1358619.35676867258735, 528315.96376381686423 ], [ 1358184.486385741969571, 528003.724417466204613 ], [ 1360936.78990997443907, 524311.885395978926681 ], [ 1356991.012542105978355, 529234.3333571520634 ] ] ], [ [ [ 1415248.533629474695772, 476091.108432479493786 ], [ 1415941.023728539934382, 477122.891613285057247 ], [ 1416998.302666950738057, 474983.043269261543173 ], [ 1416167.787265402264893, 476355.93324383610161 ], [ 1415248.533629474695772, 476091.108432479493786 ] ] ], [ [ [ 1417637.54716835427098, 473035.441526092647109 ], [ 1417704.426227501826361, 474457.279350612603594 ], [ 1418513.071355412248522, 473321.225877254153602 ], [ 1417637.54716835427098, 473035.441526092647109 ] ] ], [ [ [ 1380861.824341077357531, 505887.398119385587052 ], [ 1383256.722437320277095, 505974.778243096079677 ], [ 1380260.519997469848022, 505181.943141853669658 ], [ 1380861.824341077357531, 505887.398119385587052 ] ] ], [ [ [ 1492953.662141562672332, 414184.983616443641949 ], [ 1494571.072171174921095, 414061.492609572131187 ], [ 1493936.755242595681921, 413157.09630881389603 ], [ 1493300.279628404881805, 413514.42877786635654 ], [ 1493363.46916619525291, 413978.589195996697526 ], [ 1492953.662141562672332, 414184.983616443641949 ] ] ], [ [ [ 1406438.890323700848967, 482259.05719788238639 ], [ 1407661.264624411938712, 482964.674974267545622 ], [ 1408173.042737629963085, 482277.639851262094453 ], [ 1406438.890323700848967, 482259.05719788238639 ] ] ], [ [ [ 1492068.912891081534326, 414622.361938461195678 ], [ 1492456.941242766799405, 414067.306233523355331 ], [ 1492090.197635059244931, 414020.891252337256446 ], [ 1491356.022511160932481, 413454.666803982341662 ], [ 1492068.912891081534326, 414622.361938461195678 ] ] ], [ [ [ 1414174.987872306723148, 476651.433275432675146 ], [ 1414406.149611076340079, 476654.010778864671011 ], [ 1416237.61553645436652, 474830.048832558502909 ], [ 1414174.987872306723148, 476651.433275432675146 ] ] ], [ [ [ 1371082.341493200743571, 510821.399410524929408 ], [ 1372252.67226017313078, 510977.059539112320635 ], [ 1371091.200017436174676, 510406.687374650267884 ], [ 1371082.341493200743571, 510821.399410524929408 ] ] ], [ [ [ 1494665.872429142007604, 412329.808998797030654 ], [ 1494964.218391813570634, 411705.600093797198497 ], [ 1494526.904883204726502, 411558.974985286069568 ], [ 1494665.872429142007604, 412329.808998797030654 ] ] ], [ [ [ 1371132.687013253336772, 510334.442117248021532 ], [ 1372004.900024002185091, 510046.901524227287155 ], [ 1371974.087246638955548, 509478.078079640865326 ], [ 1371132.687013253336772, 510334.442117248021532 ] ] ], [ [ [ 1391325.884902639780194, 499930.379159876552876 ], [ 1392142.089586930116639, 499446.967556299117859 ], [ 1391998.661083847982809, 499448.80982965847943 ], [ 1391917.487273946404457, 499322.189441164082382 ], [ 1392224.406948095187545, 499173.026585663552396 ], [ 1392094.580740696052089, 498958.387739542755298 ], [ 1392318.834071389166638, 498811.590660249232315 ], [ 1392250.895806498592719, 498525.922750441764947 ], [ 1391325.884902639780194, 499930.379159876552876 ] ] ], [ [ [ 1395150.000785249518231, 484547.616126862238161 ], [ 1395720.155497233849019, 484888.055137640854809 ], [ 1395601.767113950336352, 484502.437862510734703 ], [ 1395150.000785249518231, 484547.616126862238161 ] ] ], [ [ [ 1384641.921869330806658, 480378.105971388984472 ], [ 1385034.706158590503037, 480361.113013807218522 ], [ 1385549.459062604000792, 480362.909808015276212 ], [ 1385420.257241466082633, 480266.735479465511162 ], [ 1384641.921869330806658, 480378.105971388984472 ] ] ], [ [ [ 1358787.813670268049464, 527534.709736632998101 ], [ 1359158.337507534306496, 527215.618515475187451 ], [ 1359108.016885595861822, 527173.860208350000903 ], [ 1358787.813670268049464, 527534.709736632998101 ] ] ], [ [ [ 1494538.196683690184727, 411351.792644997301977 ], [ 1494927.318858517799526, 411138.886314552742988 ], [ 1494609.852366232080385, 410979.777775673021097 ], [ 1494538.196683690184727, 411351.792644997301977 ] ] ], [ [ [ 1492583.890323543688282, 414248.776124617201276 ], [ 1492449.692959085572511, 413650.45784699980868 ], [ 1491883.92838302324526, 413549.633797655289527 ], [ 1492475.290316303260624, 413965.367772025929298 ], [ 1492583.890323543688282, 414248.776124617201276 ] ] ], [ [ [ 1401550.741283891955391, 485224.364805390301626 ], [ 1402094.709114876808599, 485479.519072602153756 ], [ 1402274.689590679481626, 485194.888218977837823 ], [ 1401550.741283891955391, 485224.364805390301626 ] ] ], [ [ [ 1507943.890184650197625, 377807.980836836737581 ], [ 1508167.332152377115563, 377544.974395175871905 ], [ 1507699.644016718026251, 377571.194289383245632 ], [ 1507943.890184650197625, 377807.980836836737581 ] ] ], [ [ [ 1492785.518260939279571, 414185.028272665629629 ], [ 1492878.189871723065153, 413572.777254640182946 ], [ 1492711.349949731957167, 413538.94176410138607 ], [ 1492785.518260939279571, 414185.028272665629629 ] ] ], [ [ [ 1369151.371766242664307, 515704.687306270527188 ], [ 1368864.617185450624675, 515764.521891153184697 ], [ 1369022.935203896369785, 516428.481313610333018 ], [ 1369151.371766242664307, 515704.687306270527188 ] ] ], [ [ [ 1369217.423979474697262, 516990.950256417214405 ], [ 1369073.495218901894987, 517037.633982800180092 ], [ 1369222.220417041098699, 517632.273308257106692 ], [ 1369217.423979474697262, 516990.950256417214405 ] ] ], [ [ [ 1392125.192165691871196, 499301.147606653743424 ], [ 1392353.074190099723637, 499392.723967576224823 ], [ 1392340.113549084635451, 499055.458676727022976 ], [ 1392125.192165691871196, 499301.147606653743424 ] ] ], [ [ [ 1416391.186341070337221, 476401.631303674075752 ], [ 1416617.015484895557165, 476252.635807635902893 ], [ 1416569.125442283693701, 476048.285205769818276 ], [ 1416391.186341070337221, 476401.631303674075752 ] ] ], [ [ [ 1494385.302811922039837, 410986.376305070880335 ], [ 1494350.694854482542723, 410692.385862673225347 ], [ 1494139.378315548645332, 410788.556562329526059 ], [ 1494385.302811922039837, 410986.376305070880335 ] ] ], [ [ [ 1477966.345319708809257, 417781.373302734165918 ], [ 1478315.21519919577986, 417627.967225406959187 ], [ 1477998.961572885513306, 417592.585765961615834 ], [ 1477966.345319708809257, 417781.373302734165918 ] ] ], [ [ [ 1392320.613059548893943, 499048.131797044305131 ], [ 1392108.829987265868112, 498962.826278020162135 ], [ 1392228.084196473704651, 499151.553765218530316 ], [ 1392320.613059548893943, 499048.131797044305131 ] ] ], [ [ [ 1494391.763381819939241, 411033.466784999356605 ], [ 1494258.082300814101472, 411079.649827408022247 ], [ 1494399.520018713315949, 411215.436877475643996 ], [ 1494391.763381819939241, 411033.466784999356605 ] ] ], [ [ [ 1494011.384386786958203, 411159.388014322554227 ], [ 1494211.795583644183353, 411043.072056235512719 ], [ 1494193.931117624277249, 410954.222075246740133 ], [ 1494011.384386786958203, 411159.388014322554227 ] ] ], [ [ [ 1494288.318370039574802, 411342.646324931352865 ], [ 1494469.928810808574781, 411306.210075123468414 ], [ 1494223.826518006855622, 411168.422656335926149 ], [ 1494288.318370039574802, 411342.646324931352865 ] ] ], [ [ [ 1521871.171522790798917, 366186.746877430588938 ], [ 1522037.201356165809557, 366104.927617880515754 ], [ 1522007.271324672037736, 366060.903731794678606 ], [ 1521871.171522790798917, 366186.746877430588938 ] ] ], [ [ [ 1521771.506948836147785, 366434.397945735312533 ], [ 1521919.219886925071478, 366491.621569685230497 ], [ 1521904.237370816990733, 366365.354787586897146 ], [ 1521771.506948836147785, 366434.397945735312533 ] ] ], [ [ [ 1493244.508476213552058, 413959.363990675366949 ], [ 1493219.417293978622183, 413802.197884537046775 ], [ 1493197.400674718432128, 413818.284954867674969 ], [ 1493244.508476213552058, 413959.363990675366949 ] ] ], [ [ [ 1494555.475188170094043, 411233.263398092531133 ], [ 1494485.305025416892022, 411163.844458605337422 ], [ 1494502.593543749069795, 411277.253562519443221 ], [ 1494555.475188170094043, 411233.263398092531133 ] ] ], [ [ [ 1485224.204116349341348, 421200.91020896093687 ], [ 1485329.660366770811379, 421185.846080018847715 ], [ 1485308.305140436859801, 421066.685048124578316 ], [ 1485224.204116349341348, 421200.91020896093687 ] ] ], [ [ [ 1494492.973231691401452, 411076.448693583253771 ], [ 1494400.974364776862785, 411093.757283888349775 ], [ 1494440.133274475112557, 411146.315031921956688 ], [ 1494492.973231691401452, 411076.448693583253771 ] ] ], [ [ [ 1518433.646970066009089, 374330.783669248805381 ], [ 1518371.92621463839896, 374280.042131062480621 ], [ 1518424.501409604679793, 374362.387334352592006 ], [ 1518433.646970066009089, 374330.783669248805381 ] ] ] ] } },
{ "type": "Feature", "properties": { "OBJECTID": 153.0, "STATE": "Florida", "STATE_FIPS": "12", "CD_2DIG": "06", "STATE_CODE": 8, "CLIMDIV": 806, "CD_NEW": 6, "FIPS_CD": "1206", "NCDC_GEO_I": 63.0, "NAME": "LOWER EAST COAST", "ST_ABBRV": "FL", "SHAPE_AREA": 0.0, "SHAPE_LEN": 0.0 }, "geometry": { "type": "MultiPolygon", "coordinates": [ [ [ [ 1544565.237322641070932, 587212.531506305909716 ], [ 1562172.524449906777591, 584418.860637789126486 ], [ 1561348.811989646637812, 589608.961505078244954 ], [ 1568645.582714882679284, 584361.879614348523319 ], [ 1571715.952620573574677, 586993.687334587331861 ], [ 1580422.127421063836664, 573119.889532145461999 ], [ 1593903.727968552382663, 520727.910007640079129 ], [ 1594467.595767926191911, 521987.46068936388474 ], [ 1594272.031001657946035, 525677.916104619856924 ], [ 1594151.125437391456217, 525833.892367937718518 ], [ 1593978.512676706537604, 525944.850565670523793 ], [ 1594035.379372110357508, 523050.695912325812969 ], [ 1593859.131453116191551, 528864.684508347301744 ], [ 1590494.682911827927455, 546022.267002614447847 ], [ 1591099.831963903736323, 546476.340569680556655 ], [ 1594457.026242076652125, 525544.409881323226728 ], [ 1596623.130389437545091, 472019.738114215200767 ], [ 1595572.771708821179345, 476628.137825680023525 ], [ 1594415.93983868486248, 475378.57114007655764 ], [ 1598594.524742332985625, 450681.497550145082641 ], [ 1598178.870931572047994, 450617.19081884942716 ], [ 1597875.473065958591178, 452485.280453555984423 ], [ 1597047.315470392117277, 453508.413807197997812 ], [ 1585155.658551357220858, 415882.509673285472672 ], [ 1589438.285483208019286, 391884.47640884516295 ], [ 1579383.278262590523809, 376866.783500725636259 ], [ 1581103.910247288411483, 371281.573359045374673 ], [ 1563468.201232088729739, 376758.356520654808264 ], [ 1574343.003699513617903, 424539.619003504689317 ], [ 1574780.45465689827688, 510445.669944915687665 ], [ 1567759.510724912863225, 552436.729324964340776 ], [ 1544565.237322641070932, 587212.531506305909716 ] ] ], [ [ [ 1595135.574165333993733, 387163.886206160881557 ], [ 1588361.992759886430576, 369177.067930281511508 ], [ 1584897.59476777468808, 370108.860386192332953 ], [ 1585262.167393422452733, 379986.297621712787077 ], [ 1595135.574165333993733, 387163.886206160881557 ] ] ], [ [ [ 1559125.85291530424729, 590682.107621789211407 ], [ 1562689.060003569116816, 596599.383950264425948 ], [ 1568742.340147994458675, 587718.716929282178171 ], [ 1559125.85291530424729, 590682.107621789211407 ] ] ], [ [ [ 1598603.355269228573889, 450171.773140255187172 ], [ 1600063.803047455148771, 442727.172990187478717 ], [ 1599873.816999842878431, 436720.846508374961559 ], [ 1600630.834545548772439, 435592.162548546330072 ], [ 1598207.669091072399169, 438044.271696933195926 ], [ 1598572.690232492750511, 439329.964260324253701 ], [ 1598348.026893192669377, 440116.263479756365996 ], [ 1598759.934419537195936, 440563.857286134618334 ], [ 1597885.927742306608707, 440587.204354269313626 ], [ 1598936.19444182398729, 442984.266426793532446 ], [ 1598512.672906093066558, 444128.608742404612713 ], [ 1599527.964187396690249, 444240.239390135509893 ], [ 1599539.284051747061312, 444754.943251445249189 ], [ 1599394.561550492653623, 445213.84732200182043 ], [ 1598356.209945834940299, 446328.930865072878078 ], [ 1597070.779409748967737, 446289.18623091065092 ], [ 1598919.577658439753577, 446976.463977192761377 ], [ 1598603.355269228573889, 450171.773140255187172 ] ] ], [ [ [ 1596635.6254005250521, 429128.009271723567508 ], [ 1598785.362215377157554, 428329.788150267384481 ], [ 1599159.441047983244061, 424555.199206755380146 ], [ 1596635.6254005250521, 429128.009271723567508 ] ] ], [ [ [ 1572193.855963592184708, 587725.989994514267892 ], [ 1565980.133834700798616, 597136.205390243325382 ], [ 1571098.365211390890181, 590034.436794871464372 ], [ 1572193.855963592184708, 587725.989994514267892 ] ] ], [ [ [ 1600371.574494183296338, 405707.084018042543903 ], [ 1599165.199844157090411, 396680.954217530845199 ], [ 1597186.794039349071681, 393749.800785500614438 ], [ 1598698.358923545572907, 396762.652486641600262 ], [ 1600371.574494183296338, 405707.084018042543903 ] ] ], [ [ [ 1597290.519065621774644, 432449.286953202157747 ], [ 1597406.371136888163164, 431621.812525474873837 ], [ 1595132.378500383347273, 432946.28621216659667 ], [ 1597290.519065621774644, 432449.286953202157747 ] ] ], [ [ [ 1596126.361279107863083, 390528.89900128840236 ], [ 1596780.89435389242135, 389158.199376421747729 ], [ 1595555.549253708450124, 389332.309542353614233 ], [ 1594603.230953885475174, 390391.455972479656339 ], [ 1596126.361279107863083, 390528.89900128840236 ] ] ], [ [ [ 1596956.890893009025604, 435529.6858665489126 ], [ 1597485.284494959050789, 436169.5003774202778 ], [ 1598660.52002967428416, 435785.717609502316918 ], [ 1596956.890893009025604, 435529.6858665489126 ] ] ], [ [ [ 1598137.470272747101262, 446248.327333410270512 ], [ 1597705.254142751218751, 444785.775071344454773 ], [ 1596932.776423400035128, 445466.475463782669976 ], [ 1598137.470272747101262, 446248.327333410270512 ] ] ], [ [ [ 1599953.724943645764142, 408405.032414944900665 ], [ 1600161.915015385020524, 405755.992918495263439 ], [ 1599164.321447773836553, 405851.064422984898556 ], [ 1599953.724943645764142, 408405.032414944900665 ] ] ], [ [ [ 1594612.658752503339201, 392198.581457587482873 ], [ 1595999.944470918737352, 392631.956363406905439 ], [ 1595022.655360549222678, 390950.372744845051784 ], [ 1594612.658752503339201, 392198.581457587482873 ] ] ], [ [ [ 1596980.648310675052926, 447448.764966623100918 ], [ 1598074.358329452807084, 448284.112087114597671 ], [ 1597601.641730684554204, 447425.95224807865452 ], [ 1596980.648310675052926, 447448.764966623100918 ] ] ], [ [ [ 1598314.942312743747607, 435455.074678641336504 ], [ 1599602.242470806231722, 434813.69870176090626 ], [ 1598356.08210080396384, 435261.973081479081884 ], [ 1598314.942312743747607, 435455.074678641336504 ] ] ], [ [ [ 1598107.377432323759422, 449068.082490216300357 ], [ 1597677.731688772328198, 448614.029628685442731 ], [ 1597523.198069059988484, 449824.387081415741704 ], [ 1598107.377432323759422, 449068.082490216300357 ] ] ], [ [ [ 1595160.432835407089442, 437016.762593241233844 ], [ 1595727.464664826402441, 436912.819482543854974 ], [ 1597876.495181867387146, 436313.776549350121059 ], [ 1598516.3102198143024, 436432.845605524315033 ], [ 1598733.699197922833264, 436194.769454307854176 ], [ 1598026.381974151125178, 436197.716707011277322 ], [ 1595160.432835407089442, 437016.762593241233844 ] ] ], [ [ [ 1596223.281253321096301, 444018.796561990166083 ], [ 1597129.239235111512244, 444719.693405397469178 ], [ 1597173.598342765588313, 444184.450223000603728 ], [ 1596223.281253321096301, 444018.796561990166083 ] ] ], [ [ [ 1597415.139212433248758, 449576.90140542993322 ], [ 1597009.347354947123677, 448989.218826540338341 ], [ 1597306.185606942744926, 449670.730248407518957 ], [ 1597415.139212433248758, 449576.90140542993322 ] ] ], [ [ [ 1595500.730756998993456, 445089.569546861341223 ], [ 1596043.069288146914914, 443968.106613906624261 ], [ 1595746.611820132471621, 443923.90130351728294 ], [ 1595500.730756998993456, 445089.569546861341223 ] ] ], [ [ [ 1583315.804268742445856, 380819.147932025138289 ], [ 1584277.445641116704792, 381039.400518285867292 ], [ 1583887.386546010384336, 380549.853784656675998 ], [ 1583315.804268742445856, 380819.147932025138289 ] ] ], [ [ [ 1596133.363792495103553, 436975.057377509830985 ], [ 1597265.522594956215471, 436885.812633243913297 ], [ 1597318.15821431716904, 436766.505484243505634 ], [ 1596133.363792495103553, 436975.057377509830985 ] ] ], [ [ [ 1598820.810857658740133, 445113.654469623463228 ], [ 1598490.758585367584601, 444616.112776079913601 ], [ 1598388.180601622443646, 444777.767360475787427 ], [ 1598820.810857658740133, 445113.654469623463228 ] ] ], [ [ [ 1597274.140752171631902, 437298.460477003827691 ], [ 1596325.599270047619939, 437334.915811241255142 ], [ 1596275.466843015514314, 437474.230431319505442 ], [ 1597274.140752171631902, 437298.460477003827691 ] ] ], [ [ [ 1597968.755320701748133, 437173.951445080398116 ], [ 1597815.214959562756121, 436617.418368008744437 ], [ 1597797.137260670075193, 437259.320325189211871 ], [ 1597968.755320701748133, 437173.951445080398116 ] ] ], [ [ [ 1596850.563996723853052, 438581.632229761220515 ], [ 1596652.697470804443583, 438415.498328276386019 ], [ 1596712.262211210327223, 438687.089488079946022 ], [ 1596850.563996723853052, 438581.632229761220515 ] ] ], [ [ [ 1594845.117612818256021, 435449.465848242631182 ], [ 1594582.692594053223729, 435007.239948472066317 ], [ 1594393.818969786632806, 435384.452439265034627 ], [ 1594845.117612818256021, 435449.465848242631182 ] ] ], [ [ [ 1597743.579655276611447, 439686.79155638377415 ], [ 1598390.886156735941768, 439568.600173788669053 ], [ 1597775.084906772710383, 439438.080476819479372 ], [ 1597743.579655276611447, 439686.79155638377415 ] ] ], [ [ [ 1597258.079881196143106, 438551.522352074447554 ], [ 1597042.211202473612502, 438492.385467461135704 ], [ 1597148.212492578895763, 438628.937944911594968 ], [ 1597258.079881196143106, 438551.522352074447554 ] ] ], [ [ [ 1599430.665399558376521, 444669.298074796271976 ], [ 1599118.120148552581668, 445070.523896699189208 ], [ 1599162.23461060365662, 445231.313510318344925 ], [ 1599430.665399558376521, 444669.298074796271976 ] ] ], [ [ [ 1594809.351903285831213, 437848.900338956620544 ], [ 1595323.647965971846133, 437729.066948915366083 ], [ 1594804.344447973882779, 437735.692652167344932 ], [ 1594809.351903285831213, 437848.900338956620544 ] ] ], [ [ [ 1598145.055001648841426, 438359.385523070988711 ], [ 1597722.52822768711485, 438291.248669446387794 ], [ 1597747.789670784492046, 438551.733264721638989 ], [ 1598145.055001648841426, 438359.385523070988711 ] ] ], [ [ [ 1593463.686308643547818, 432728.310656451561954 ], [ 1594459.503869851585478, 432865.651234998658765 ], [ 1594618.418250848073512, 432844.39259052957641 ], [ 1593750.073429242242128, 432619.641383151058108 ], [ 1593463.686308643547818, 432728.310656451561954 ] ] ], [ [ [ 1591755.74794732965529, 538363.892978199524805 ], [ 1591784.48516347957775, 537454.856771928374656 ], [ 1591633.821691373363137, 538574.663745731231757 ], [ 1591755.74794732965529, 538363.892978199524805 ] ] ], [ [ [ 1596480.548294720705599, 438337.584645018505398 ], [ 1596373.747169659240171, 437844.886041077494156 ], [ 1596319.803078071447089, 438375.631757114373613 ], [ 1596480.548294720705599, 438337.584645018505398 ] ] ], [ [ [ 1597820.930857887724414, 439775.030718497699127 ], [ 1598287.590679477201775, 440108.086268244253006 ], [ 1598304.230147580383345, 439907.494223385467194 ], [ 1597820.930857887724414, 439775.030718497699127 ] ] ], [ [ [ 1594184.653600599849597, 524260.375219987065066 ], [ 1594284.660332774044946, 523636.163292771729175 ], [ 1594119.786689233034849, 523597.955142886028625 ], [ 1594184.653600599849597, 524260.375219987065066 ] ] ], [ [ [ 1596085.162589691346511, 437910.277411590737756 ], [ 1595676.381310079712421, 438029.119270491763018 ], [ 1596129.399966082302853, 438067.356529378041159 ], [ 1596085.162589691346511, 437910.277411590737756 ] ] ], [ [ [ 1594811.702191597549245, 444071.88807638885919 ], [ 1595055.071474092779681, 444309.659920871490613 ], [ 1595500.967560383956879, 444325.0134587980574 ], [ 1594811.702191597549245, 444071.88807638885919 ] ] ], [ [ [ 1598385.766276061302051, 439494.748030435875989 ], [ 1597895.749350662808865, 439226.413651853159536 ], [ 1597836.901081779738888, 439372.829631457163487 ], [ 1598385.766276061302051, 439494.748030435875989 ] ] ], [ [ [ 1592040.560498083243147, 431252.638107363134623 ], [ 1591681.615268294932321, 431086.144860084692482 ], [ 1591966.831379394745454, 431377.422906652034726 ], [ 1592040.560498083243147, 431252.638107363134623 ] ] ], [ [ [ 1598054.983483424875885, 439207.720503700256813 ], [ 1598441.983004970708862, 439079.300000698247459 ], [ 1597995.485747076105326, 439183.570915786607657 ], [ 1598054.983483424875885, 439207.720503700256813 ] ] ], [ [ [ 1597710.528146467637271, 434230.293612537730951 ], [ 1597522.591633020434529, 434052.161400135140866 ], [ 1597356.540560818044469, 434252.609741281252354 ], [ 1597710.528146467637271, 434230.293612537730951 ] ] ], [ [ [ 1568816.702584181912243, 588369.333635885966942 ], [ 1568741.430761218536645, 587935.96409297036007 ], [ 1568734.003734349273145, 588361.700328969513066 ], [ 1568816.702584181912243, 588369.333635885966942 ] ] ], [ [ [ 1583883.992191994562745, 382402.229450490151066 ], [ 1583590.295010426780209, 382262.450613380759023 ], [ 1583794.428505429299548, 382461.769789946905803 ], [ 1583883.992191994562745, 382402.229450490151066 ] ] ], [ [ [ 1595667.121065900661051, 473604.96962054783944 ], [ 1595493.14871926791966, 473421.910826278035529 ], [ 1595339.705923222238198, 473535.019472082785796 ], [ 1595667.121065900661051, 473604.96962054783944 ] ] ], [ [ [ 1584810.15670624631457, 370276.234382427821402 ], [ 1584828.632617900148034, 370130.16098734899424 ], [ 1584616.400059796404094, 370195.718212412088178 ], [ 1584810.15670624631457, 370276.234382427821402 ] ] ], [ [ [ 1568766.557109332177788, 588516.870051406789571 ], [ 1568679.494839369086549, 588404.047656897222623 ], [ 1568705.36173279909417, 588685.677294261055067 ], [ 1568766.557109332177788, 588516.870051406789571 ] ] ], [ [ [ 1592012.995687370421365, 538004.328658787882887 ], [ 1591902.827482297550887, 537913.00883071613498 ], [ 1591901.421513898996636, 537987.869511560653336 ], [ 1592012.995687370421365, 538004.328658787882887 ] ] ] ] } },
{ "type": "Feature", "properties": { "OBJECTID": 154.0, "STATE": "Florida", "STATE_FIPS": "12", "CD_2DIG": "07", "STATE_CODE": 8, "CLIMDIV": 807, "CD_NEW": 7, "FIPS_CD": "1207", "NCDC_GEO_I": 64.0, "NAME": "KEYS", "ST_ABBRV": "FL", "SHAPE_AREA": 0.0, "SHAPE_LEN": 0.0 }, "geometry": { "type": "MultiPolygon", "coordinates": [ [ [ [ 1563468.201232088729739, 376758.356520654808264 ], [ 1573489.280708390288055, 370440.031944143003784 ], [ 1577302.221258873818442, 371825.593008823518176 ], [ 1579822.25909106223844, 369582.556627031881362 ], [ 1581969.554104246431962, 361918.729411081061698 ], [ 1570950.552105995593593, 370698.242496529244818 ], [ 1546371.101169989211485, 357327.654480899043847 ], [ 1563468.201232088729739, 376758.356520654808264 ] ] ], [ [ [ 1581484.50785080390051, 369990.278612464200705 ], [ 1588279.199173361063004, 369065.145550934656058 ], [ 1588365.351396789774299, 365919.973316934134346 ], [ 1570957.8788868393749, 341190.679460306884721 ], [ 1569007.314488343661651, 340274.001930808997713 ], [ 1584586.700889923376963, 364347.225369279156439 ], [ 1581484.50785080390051, 369990.278612464200705 ] ] ], [ [ [ 1495647.162087301025167, 293274.269561633351259 ], [ 1496148.240344032179564, 301210.109752138203476 ], [ 1498898.812126464676112, 294616.041445774026215 ], [ 1495647.162087301025167, 293274.269561633351259 ] ] ], [ [ [ 1475719.421145227504894, 296582.690391240350436 ], [ 1479988.573867283761501, 293796.523902349523269 ], [ 1481161.899887788575143, 290918.46905735245673 ], [ 1480359.104851389536634, 289417.966353186639026 ], [ 1475376.348291122820228, 286944.727855987090152 ], [ 1477041.677645433228463, 290026.766537568764761 ], [ 1473185.069863317534328, 291869.859117073181551 ], [ 1474226.113470104523003, 291884.530040708195884 ], [ 1473242.112096831668168, 294195.276453572965693 ], [ 1474774.716628979193047, 291716.23619317059638 ], [ 1480482.547234526369721, 290455.583935461356305 ], [ 1475719.421145227504894, 296582.690391240350436 ] ] ], [ [ [ 1461850.215770772425458, 284988.631237224733923 ], [ 1466939.099141125334427, 282343.874249221174978 ], [ 1461059.195946883410215, 279796.046090864983853 ], [ 1461850.215770772425458, 284988.631237224733923 ] ] ], [ [ [ 1479259.361608866136521, 294972.301033619558439 ], [ 1484859.662876956863329, 295011.08298516884679 ], [ 1483973.611656505381688, 292906.353227411513217 ], [ 1479259.361608866136521, 294972.301033619558439 ] ] ], [ [ [ 1455671.334187112515792, 280106.002355378703214 ], [ 1458002.904854544904083, 278856.234123072354123 ], [ 1451754.587262929417193, 276973.79826489649713 ], [ 1455671.334187112515792, 280106.002355378703214 ] ] ], [ [ [ 1518743.70773047208786, 305170.304305436671712 ], [ 1528039.975103859324008, 308987.322719314252026 ], [ 1523904.44443215825595, 304078.000973759801127 ], [ 1522958.736655318178236, 306462.608789612248074 ], [ 1520403.81891456223093, 305009.622833016037475 ], [ 1518743.70773047208786, 305170.304305436671712 ] ] ], [ [ [ 1469716.059212598251179, 287627.980772033683024 ], [ 1472308.115181755740196, 290933.400914489815477 ], [ 1473001.622993314871565, 288257.657849570561666 ], [ 1469716.059212598251179, 287627.980772033683024 ] ] ], [ [ [ 1485431.755357065238059, 303981.884821069717873 ], [ 1488705.616663874825463, 298756.639785028062761 ], [ 1489233.873934450326487, 299837.918976157088764 ], [ 1488642.855639039771631, 298380.672165469557513 ], [ 1485431.755357065238059, 303981.884821069717873 ] ] ], [ [ [ 1546600.396525338757783, 321058.818901264632586 ], [ 1550466.639967007795349, 321919.824048611626495 ], [ 1544883.800371458986774, 319978.793680633825716 ], [ 1546600.396525338757783, 321058.818901264632586 ] ] ], [ [ [ 1498610.975422344170511, 299189.162242850463372 ], [ 1499218.017852138960734, 301481.191140676382929 ], [ 1500446.881397174671292, 298639.519712255219929 ], [ 1498610.975422344170511, 299189.162242850463372 ] ] ], [ [ [ 1457277.998778704321012, 281340.876853067718912 ], [ 1460550.740450465818867, 281795.453265242569614 ], [ 1459727.283175758086145, 279461.069936534389853 ], [ 1457277.998778704321012, 281340.876853067718912 ] ] ], [ [ [ 1555707.245353400474414, 328587.555342218664009 ], [ 1558747.064540867228061, 329379.634719065623358 ], [ 1554524.488639943068847, 326132.062145982927177 ], [ 1555707.245353400474414, 328587.555342218664009 ] ] ], [ [ [ 1489322.279963374370709, 297651.976337941188831 ], [ 1490729.307899725157768, 299125.560696536500473 ], [ 1491989.153982064686716, 295442.866975399199873 ], [ 1490535.574419756885618, 297428.718405566061847 ], [ 1489322.279963374370709, 297651.976337941188831 ] ] ], [ [ [ 1489821.642231110250577, 296666.949629605864175 ], [ 1491335.702613725559786, 293775.897319828101899 ], [ 1489423.210503270849586, 293932.667156870360486 ], [ 1489821.642231110250577, 296666.949629605864175 ] ] ], [ [ [ 1532880.746019068639725, 312876.40884399873903 ], [ 1534002.413737338269129, 312035.143886458012275 ], [ 1533139.283024764386937, 312094.926906579930801 ], [ 1533576.478931321296841, 311915.171446411928628 ], [ 1533275.063041697256267, 311385.131479806848802 ], [ 1532930.277478103525937, 311223.323974650877062 ], [ 1532880.746019068639725, 312876.40884399873903 ] ] ], [ [ [ 1471875.588678224012256, 287045.081343379220925 ], [ 1475379.204048699699342, 286845.990381653828081 ], [ 1472347.766179632395506, 284600.278627085033804 ], [ 1471261.462139832787216, 284384.201630777562968 ], [ 1473555.14088474214077, 286096.081234660872724 ], [ 1471875.588678224012256, 287045.081343379220925 ] ] ], [ [ [ 1565394.680755914188921, 339053.179932676313911 ], [ 1564810.263142883777618, 335441.316541645966936 ], [ 1562358.370692670578137, 333467.072713531029876 ], [ 1565394.680755914188921, 339053.179932676313911 ] ] ], [ [ [ 1484964.749295205576345, 295869.095756038732361 ], [ 1488237.485396476462483, 294364.405162990908138 ], [ 1487537.123740473994985, 293169.805231815902516 ], [ 1484964.749295205576345, 295869.095756038732361 ] ] ], [ [ [ 1491168.691475730156526, 298619.886787307914346 ], [ 1492818.204916345886886, 297446.175345301337074 ], [ 1493020.722027804935351, 294820.093878441723064 ], [ 1491168.691475730156526, 298619.886787307914346 ] ] ], [ [ [ 1519815.75608828291297, 304438.8157633941737 ], [ 1522236.439428482903168, 303768.23187669593608 ], [ 1520823.306204147869721, 303427.419114571239334 ], [ 1519815.75608828291297, 304438.8157633941737 ] ] ], [ [ [ 1505721.555828095180914, 299619.160911362851039 ], [ 1504567.959473276278004, 297628.108329372422304 ], [ 1503796.185584132326767, 297012.928989370935597 ], [ 1505721.555828095180914, 299619.160911362851039 ] ] ], [ [ [ 1531595.378714678809047, 311217.921630194818135 ], [ 1531570.603165464941412, 310257.149916517315432 ], [ 1529671.226460429606959, 309918.150099898513872 ], [ 1528531.134998150868341, 308918.995830030879006 ], [ 1528112.697763154515997, 309207.669350091135129 ], [ 1531595.378714678809047, 311217.921630194818135 ] ] ], [ [ [ 1566339.268253610469401, 340040.363618538249284 ], [ 1568686.45309054129757, 340044.219541284663137 ], [ 1566821.695508595788851, 338609.280677382368594 ], [ 1566339.268253610469401, 340040.363618538249284 ] ] ], [ [ [ 1538126.027475580805913, 315541.569472630741075 ], [ 1539855.148373835254461, 315498.10635594825726 ], [ 1538191.41082105319947, 314721.129949039954226 ], [ 1538126.027475580805913, 315541.569472630741075 ] ] ], [ [ [ 1470943.07743274862878, 286248.063635960395914 ], [ 1470298.467831890098751, 283708.607735091238283 ], [ 1469161.072328067617491, 284563.690345598442946 ], [ 1470943.07743274862878, 286248.063635960395914 ] ] ], [ [ [ 1528868.008958307793364, 307794.392721133830491 ], [ 1529285.072083961451426, 308767.251389889162965 ], [ 1529986.637963611865416, 308593.949175655958243 ], [ 1528868.008958307793364, 307794.392721133830491 ] ] ], [ [ [ 1452545.524459835374728, 279963.931304906902369 ], [ 1452967.06659464770928, 281556.022160678345244 ], [ 1453200.485605330904946, 279620.067766125779599 ], [ 1452545.524459835374728, 279963.931304906902369 ] ] ], [ [ [ 1529373.498560651903972, 308932.425831690547056 ], [ 1531758.238965327851474, 310143.097406644606963 ], [ 1530038.293126261793077, 308691.395557441865094 ], [ 1529373.498560651903972, 308932.425831690547056 ] ] ], [ [ [ 1531685.494167436379939, 310711.339026218571234 ], [ 1531954.057177623733878, 313092.247996742313262 ], [ 1532498.201114994939417, 311700.436321455403231 ], [ 1531685.494167436379939, 310711.339026218571234 ] ] ], [ [ [ 1500053.956499271094799, 295825.727977262344211 ], [ 1502237.358249367680401, 296859.516822713892907 ], [ 1500771.952243697363883, 295732.792468991363421 ], [ 1500053.956499271094799, 295825.727977262344211 ] ] ], [ [ [ 1473873.053336748387665, 291021.324125244049355 ], [ 1474285.77754915249534, 290041.068326348555274 ], [ 1473353.498834801372141, 289991.953422327002045 ], [ 1473873.053336748387665, 291021.324125244049355 ] ] ], [ [ [ 1540994.721698301844299, 318081.932416323223151 ], [ 1541705.213458350393921, 318136.734076229331549 ], [ 1539599.202907788334414, 316914.004562446149066 ], [ 1540994.721698301844299, 318081.932416323223151 ] ] ], [ [ [ 1477048.518908706260845, 292780.503401236026548 ], [ 1477115.438482144614682, 292584.961484136409126 ], [ 1476045.986188736278564, 292305.088657534564845 ], [ 1477048.518908706260845, 292780.503401236026548 ] ] ], [ [ [ 1554131.292000111425295, 325803.934257016633637 ], [ 1553237.056294223060831, 324970.86554896942107 ], [ 1552772.486370151862502, 324941.280204256996512 ], [ 1554131.292000111425295, 325803.934257016633637 ] ] ], [ [ [ 1451142.64491721871309, 278804.044378715043422 ], [ 1451498.449947583023459, 278619.418588288128376 ], [ 1451267.870069272583351, 278554.130657827481627 ], [ 1451142.64491721871309, 278804.044378715043422 ] ] ], [ [ [ 1561812.605112347751856, 332733.260613277961966 ], [ 1560717.465452150208876, 332000.143737187201623 ], [ 1561851.631525305099785, 332807.444534662587103 ], [ 1561812.605112347751856, 332733.260613277961966 ] ] ], [ [ [ 1561959.943726276513189, 332862.869329881155863 ], [ 1562727.677000765921548, 332839.452704875322524 ], [ 1562759.809245995245874, 332759.894346844812389 ], [ 1561959.943726276513189, 332862.869329881155863 ] ] ], [ [ [ 1539254.668287189211696, 316683.508330359123647 ], [ 1538347.928942707134411, 316235.347268949495628 ], [ 1539263.276973731350154, 316737.935999645560514 ], [ 1539254.668287189211696, 316683.508330359123647 ] ] ], [ [ [ 1577890.199725452810526, 372276.5031662840629 ], [ 1578049.222676895326003, 372084.660000976815354 ], [ 1577507.442660583416, 372011.754676921234932 ], [ 1577890.199725452810526, 372276.5031662840629 ] ] ], [ [ [ 1475831.536647959379479, 292288.388896993768867 ], [ 1475986.590415315004066, 292118.285192410054151 ], [ 1475779.849132843548432, 292046.481497281347401 ], [ 1475831.536647959379479, 292288.388896993768867 ] ] ], [ [ [ 1560283.938154243165627, 331570.668834404612426 ], [ 1559906.008339515887201, 331341.660717688791919 ], [ 1560294.769448917591944, 331614.988620030053426 ], [ 1560283.938154243165627, 331570.668834404612426 ] ] ], [ [ [ 1580069.226807755418122, 371601.749951824662276 ], [ 1580073.728235535789281, 371550.581379793700762 ], [ 1580055.583753942744806, 371565.341640726197511 ], [ 1580069.226807755418122, 371601.749951824662276 ] ] ], [ [ [ 1579989.106289844261482, 371626.548612529644743 ], [ 1580000.531282652169466, 371623.012367151561193 ], [ 1579990.497130259638652, 371624.067789072345477 ], [ 1579989.106289844261482, 371626.548612529644743 ] ] ] ] } },
{ "type": "Feature", "properties": { "OBJECTID": 155.0, "STATE": "Illinois", "STATE_FIPS": "17", "CD_2DIG": "01", "STATE_CODE": 11, "CLIMDIV": 1101, "CD_NEW": 1, "FIPS_CD": "1701", "NCDC_GEO_I": 65.0, "NAME": "NORTHWEST", "ST_ABBRV": "IL", "SHAPE_AREA": 0.0, "SHAPE_LEN": 0.0 }, "geometry": { "type": "Polygon", "coordinates": [ [ [ 436281.386827591748443, 2177888.066376868169755 ], [ 576129.169645595364273, 2187684.891962751746178 ], [ 583465.137618855107576, 2091017.266924454364926 ], [ 564608.845515592838638, 2089676.101434942567721 ], [ 569238.451928976573981, 2031121.843194363638759 ], [ 509648.315752551658079, 2041688.901556998258457 ], [ 510216.530353906040546, 2032134.6907993494533 ], [ 420859.969440384709742, 2018043.840300445910543 ], [ 406225.809182375436649, 2036305.553520063869655 ], [ 411478.705548628640827, 2056760.049692422384396 ], [ 442795.100806260772515, 2063180.692713523749262 ], [ 467830.084076416736934, 2078723.394139137351885 ], [ 469482.743669317627791, 2096128.870577523717657 ], [ 479717.148165384831373, 2104275.569232186768204 ], [ 479160.921030069992412, 2138484.038973764050752 ], [ 436281.386827591748443, 2177888.066376868169755 ] ] ] } },
{ "type": "Feature", "properties": { "OBJECTID": 156.0, "STATE": "Illinois", "STATE_FIPS": "17", "CD_2DIG": "02", "STATE_CODE": 11, "CLIMDIV": 1102, "CD_NEW": 2, "FIPS_CD": "1702", "NCDC_GEO_I": 66.0, "NAME": "NORTHEAST", "ST_ABBRV": "IL", "SHAPE_AREA": 0.0, "SHAPE_LEN": 0.0 }, "geometry": { "type": "Polygon", "coordinates": [ [ [ 576129.169645595364273, 2187684.891962751746178 ], [ 669151.65524584823288, 2194511.098603372462094 ], [ 668864.178133143112063, 2169740.801477054134011 ], [ 699103.46004705899395, 2111229.003680858761072 ], [ 703136.184463886427693, 2063729.096919427393004 ], [ 662852.238350314437412, 2059603.95692249853164 ], [ 663848.19753880717326, 2049926.086867523845285 ], [ 644620.163330535637215, 2047877.077001332072541 ], [ 645686.570322881336324, 2038171.811746473889798 ], [ 588445.996564241591841, 2032745.059607655042782 ], [ 589888.521802878356539, 2012848.715482620289549 ], [ 580215.562514566001482, 2011909.064936893293634 ], [ 578759.697209979291074, 2031901.988120447378606 ], [ 569238.451928976573981, 2031121.843194363638759 ], [ 564608.845515592838638, 2089676.101434942567721 ], [ 583465.137618855107576, 2091017.266924454364926 ], [ 576129.169645595364273, 2187684.891962751746178 ] ] ] } },
{ "type": "Feature", "properties": { "OBJECTID": 158.0, "STATE": "Illinois", "STATE_FIPS": "17", "CD_2DIG": "04", "STATE_CODE": 11, "CLIMDIV": 1104, "CD_NEW": 4, "FIPS_CD": "1704", "NCDC_GEO_I": 68.0, "NAME": "CENTRAL", "ST_ABBRV": "IL", "SHAPE_AREA": 0.0, "SHAPE_LEN": 0.0 }, "geometry": { "type": "Polygon", "coordinates": [ [ [ 509860.5619115550071, 2041699.590149695985019 ], [ 528662.888883297680877, 2042873.371581726474687 ], [ 529312.975972751970403, 2033336.616525749443099 ], [ 555013.42152206087485, 2035041.526968721067533 ], [ 552923.352571359602734, 2029926.609066122910008 ], [ 578759.697209979291074, 2031901.988120447378606 ], [ 591513.565301275695674, 1993380.471241622930393 ], [ 620286.889172154362313, 1996056.023822854505852 ], [ 622336.287930889287964, 1980373.771091812290251 ], [ 631947.778788561583497, 1981220.356758959591389 ], [ 634846.448710790951736, 1943762.308423165697604 ], [ 625246.651878490927629, 1942952.759788913652301 ], [ 612437.419804208562709, 1921410.709185620769858 ], [ 610746.416343691758811, 1871233.511645436985418 ], [ 582865.864716349518858, 1869398.6401959634386 ], [ 574100.478094379184768, 1898170.903231212636456 ], [ 533085.992921912809834, 1901889.056235687807202 ], [ 533194.10255267447792, 1895326.126148061128333 ], [ 508556.224607759795617, 1892060.425664501031861 ], [ 506818.508781631360762, 1915738.611324010649696 ], [ 487906.576598227547947, 1907504.058484103064984 ], [ 476699.857634116720874, 1914535.178603425389156 ], [ 488653.000645371968858, 1919028.287691180128604 ], [ 513445.228119402891025, 1956671.350626966683194 ], [ 513573.420313298120163, 1973508.450845004059374 ], [ 503894.505434797378257, 1973028.804758125217631 ], [ 500559.702258740202524, 2031564.701745648868382 ], [ 510216.530353906040546, 2032134.6907993494533 ], [ 509860.5619115550071, 2041699.590149695985019 ] ] ] } },
{ "type": "Feature", "properties": { "OBJECTID": 159.0, "STATE": "Illinois", "STATE_FIPS": "17", "CD_2DIG": "05", "STATE_CODE": 11, "CLIMDIV": 1105, "CD_NEW": 5, "FIPS_CD": "1705", "NCDC_GEO_I": 69.0, "NAME": "EAST", "ST_ABBRV": "IL", "SHAPE_AREA": 0.0, "SHAPE_LEN": 0.0 }, "geometry": { "type": "Polygon", "coordinates": [ [ [ 703136.184463886427693, 2063729.096919427393004 ], [ 716699.912166552734561, 1905814.518778701080009 ], [ 638272.954468867741525, 1898757.36857668752782 ], [ 639038.501747111789882, 1889008.116338813910261 ], [ 615063.329856392461807, 1887169.702644462464377 ], [ 612437.419804208562709, 1921410.709185620769858 ], [ 625246.651878490927629, 1942952.759788913652301 ], [ 634846.448710790951736, 1943762.308423165697604 ], [ 631947.778788561583497, 1981220.356758959591389 ], [ 622336.287930889287964, 1980373.771091812290251 ], [ 620286.889172154362313, 1996056.023822854505852 ], [ 591513.565301275695674, 1993380.471241622930393 ], [ 588445.996564241591841, 2032745.059607655042782 ], [ 645686.570322881336324, 2038171.811746473889798 ], [ 644620.163330535637215, 2047877.077001332072541 ], [ 663848.19753880717326, 2049926.086867523845285 ], [ 662852.238350314437412, 2059603.95692249853164 ], [ 703136.184463886427693, 2063729.096919427393004 ] ] ] } },
{ "type": "Feature", "properties": { "OBJECTID": 160.0, "STATE": "Illinois", "STATE_FIPS": "17", "CD_2DIG": "06", "STATE_CODE": 11, "CLIMDIV": 1106, "CD_NEW": 6, "FIPS_CD": "1706", "NCDC_GEO_I": 70.0, "NAME": "WEST SOUTHWEST", "ST_ABBRV": "IL", "SHAPE_AREA": 0.0, "SHAPE_LEN": 0.0 }, "geometry": { "type": "Polygon", "coordinates": [ [ [ 476699.857634116720874, 1914535.178603425389156 ], [ 487906.576598227547947, 1907504.058484103064984 ], [ 506818.508781631360762, 1915738.611324010649696 ], [ 508556.224607759795617, 1892060.425664501031861 ], [ 533194.10255267447792, 1895326.126148061128333 ], [ 533085.992921912809834, 1901889.056235687807202 ], [ 574100.478094379184768, 1898170.903231212636456 ], [ 582865.864716349518858, 1869398.6401959634386 ], [ 592491.608942885184661, 1870031.110980493482202 ], [ 595052.752287446637638, 1835548.03756323014386 ], [ 585291.39870379480999, 1835162.46863316022791 ], [ 586322.164292997913435, 1820499.208488473203033 ], [ 576901.246588781592436, 1819776.739662890089676 ], [ 580363.89963819948025, 1766601.333798257168382 ], [ 550883.787433451157995, 1764697.452116325497627 ], [ 551734.879876545164734, 1754947.295990707585588 ], [ 501272.104176682420075, 1752191.411902529420331 ], [ 505810.229678659292404, 1773690.600223537068814 ], [ 477005.320301884086803, 1785212.258665998466313 ], [ 461634.257687815115787, 1775488.222529568010941 ], [ 450357.857905934099108, 1816081.170242640422657 ], [ 393166.105662601243239, 1866434.220591405406594 ], [ 431465.223003765335307, 1871311.231640529818833 ], [ 430892.854919424513355, 1881145.363442075671628 ], [ 460130.43157472810708, 1882118.812715779757127 ], [ 476699.857634116720874, 1914535.178603425389156 ] ] ] } },
{ "type": "Feature", "properties": { "OBJECTID": 161.0, "STATE": "Illinois", "STATE_FIPS": "17", "CD_2DIG": "07", "STATE_CODE": 11, "CLIMDIV": 1107, "CD_NEW": 7, "FIPS_CD": "1707", "NCDC_GEO_I": 71.0, "NAME": "EAST SOUTHEAST", "ST_ABBRV": "IL", "SHAPE_AREA": 0.0, "SHAPE_LEN": 0.0 }, "geometry": { "type": "Polygon", "coordinates": [ [ [ 716806.978879586793482, 1904585.468038051621988 ], [ 722169.514296725625172, 1846098.351619532564655 ], [ 715007.512280730181374, 1840866.442166239954531 ], [ 719804.661162641481496, 1831318.060324162477627 ], [ 713440.413439902942628, 1821482.952328872168437 ], [ 727758.046789760468528, 1802322.339425021084026 ], [ 731300.261753840721212, 1778589.331449281191453 ], [ 722833.785850798129104, 1760791.93323487136513 ], [ 629257.638450505095534, 1754959.077435225481167 ], [ 630340.931119884946384, 1740278.117636608891189 ], [ 591954.780960258096457, 1737300.337376766372472 ], [ 590363.1435801028274, 1766677.23092792276293 ], [ 580363.89963819948025, 1766601.333798257168382 ], [ 576901.246588781592436, 1819776.739662890089676 ], [ 586322.164292997913435, 1820499.208488473203033 ], [ 585291.39870379480999, 1835162.46863316022791 ], [ 595052.752287446637638, 1835548.03756323014386 ], [ 592498.230778588796966, 1869980.471495940582827 ], [ 610746.416343691758811, 1871233.511645436985418 ], [ 613976.930718339397572, 1887087.134290128946304 ], [ 639038.501747111789882, 1889008.116338813910261 ], [ 638272.954468867741525, 1898757.36857668752782 ], [ 716806.978879586793482, 1904585.468038051621988 ] ] ] } },
{ "type": "Feature", "properties": { "OBJECTID": 162.0, "STATE": "Illinois", "STATE_FIPS": "17", "CD_2DIG": "09", "STATE_CODE": 11, "CLIMDIV": 1109, "CD_NEW": 9, "FIPS_CD": "1709", "NCDC_GEO_I": 72.0, "NAME": "SOUTHEAST", "ST_ABBRV": "IL", "SHAPE_AREA": 0.0, "SHAPE_LEN": 0.0 }, "geometry": { "type": "Polygon", "coordinates": [ [ [ 629257.638450505095534, 1754959.077435225481167 ], [ 719640.069223717786372, 1758137.775764497695491 ], [ 720734.794126294436865, 1751987.515458495356143 ], [ 712111.03016903612297, 1746593.950392960337922 ], [ 705923.844044744153507, 1724316.428185251075774 ], [ 693639.267630313406698, 1720855.351908308686689 ], [ 701200.047119065304287, 1710905.437674926128238 ], [ 692710.50302979699336, 1703128.391108470736071 ], [ 697968.146568379714154, 1702041.331692767795175 ], [ 690942.575673508108594, 1696965.26926132873632 ], [ 694897.697410217137076, 1679445.961545345140621 ], [ 687460.712003451539204, 1680384.628159775398672 ], [ 694484.920479269931093, 1669467.689047399675474 ], [ 684306.244494830607437, 1652690.104887989349663 ], [ 693968.577149337157607, 1633701.146269076270983 ], [ 659963.724809697363526, 1621815.200840908801183 ], [ 656613.292368567083031, 1608453.117422209586948 ], [ 665808.571904893033206, 1594256.620208078529686 ], [ 659551.869620374054648, 1584093.094192752148956 ], [ 621007.30685934307985, 1599255.584101745625958 ], [ 621797.426204042858444, 1611571.727721334202215 ], [ 639108.78437931148801, 1613052.39249244844541 ], [ 637040.599812480155379, 1642363.075278826290742 ], [ 598211.09901267150417, 1639603.315232685534284 ], [ 593220.735433032154106, 1678719.695616365177557 ], [ 591954.780960258096457, 1737300.337376766372472 ], [ 630340.931119884946384, 1740278.117636608891189 ], [ 629257.638450505095534, 1754959.077435225481167 ] ] ] } },
{ "type": "Feature", "properties": { "OBJECTID": 163.0, "STATE": "Illinois", "STATE_FIPS": "17", "CD_2DIG": "08", "STATE_CODE": 11, "CLIMDIV": 1108, "CD_NEW": 8, "FIPS_CD": "1708", "NCDC_GEO_I": 73.0, "NAME": "SOUTHWEST", "ST_ABBRV": "IL", "SHAPE_AREA": 0.0, "SHAPE_LEN": 0.0 }, "geometry": { "type": "Polygon", "coordinates": [ [ [ 550883.787433451157995, 1764697.452116325497627 ], [ 590363.1435801028274, 1766677.23092792276293 ], [ 598211.09901267150417, 1639603.315232685534284 ], [ 637040.599812480155379, 1642363.075278826290742 ], [ 639108.78437931148801, 1613052.39249244844541 ], [ 621797.426204042858444, 1611571.727721334202215 ], [ 621007.30685934307985, 1599255.584101745625958 ], [ 600748.284157834597863, 1579774.453670149436221 ], [ 601856.728689815034159, 1569065.008633739082143 ], [ 593577.824616039521061, 1579899.113945382647216 ], [ 592155.694884793017991, 1570436.070446947356686 ], [ 582868.084340119617991, 1575623.797340971417725 ], [ 568880.093261862057261, 1601896.84090008190833 ], [ 576535.499369913246483, 1614161.686603726586327 ], [ 565857.816275330842473, 1647674.791047219187021 ], [ 535887.709559804177843, 1669565.652881219284609 ], [ 526911.181269651628099, 1666167.957437291508541 ], [ 528330.434530588565394, 1675236.108452275861055 ], [ 501911.206358230323531, 1688673.077857359079644 ], [ 487586.44439887884073, 1706865.997728175483644 ], [ 501272.104176682420075, 1752191.411902529420331 ], [ 551734.879876545164734, 1754947.295990707585588 ], [ 550883.787433451157995, 1764697.452116325497627 ] ] ] } },
{ "type": "Feature", "properties": { "OBJECTID": 164.0, "STATE": "Indiana", "STATE_FIPS": "18", "CD_2DIG": "01", "STATE_CODE": 12, "CLIMDIV": 1201, "CD_NEW": 1, "FIPS_CD": "1801", "NCDC_GEO_I": 74.0, "NAME": "NORTHWEST", "ST_ABBRV": "IN", "SHAPE_AREA": 0.0, "SHAPE_LEN": 0.0 }, "geometry": { "type": "Polygon", "coordinates": [ [ [ 756383.194700674386695, 2120640.922261218074709 ], [ 780928.05701384646818, 2122986.557479880750179 ], [ 795023.453820274211466, 2028798.025580263696611 ], [ 785614.786379653261974, 2027977.600515127182007 ], [ 787536.155058056814596, 2008457.087861785199493 ], [ 773314.442072478123009, 2006847.168146439129487 ], [ 773625.010166805237532, 1987540.451359075726941 ], [ 746535.024507652036846, 1985038.289510631933808 ], [ 747582.35568527970463, 1975311.360816457541659 ], [ 711334.027623485773802, 1972133.668929104227573 ], [ 699268.089176867855713, 2109474.297448189929128 ], [ 716732.044766849721782, 2099893.747569924686104 ], [ 756383.194700674386695, 2120640.922261218074709 ] ] ] } },
{ "type": "Feature", "properties": { "OBJECTID": 165.0, "STATE": "Indiana", "STATE_FIPS": "18", "CD_2DIG": "02", "STATE_CODE": 12, "CLIMDIV": 1202, "CD_NEW": 2, "FIPS_CD": "1802", "NCDC_GEO_I": 75.0, "NAME": "NORTH CENTRAL", "ST_ABBRV": "IN", "SHAPE_AREA": 0.0, "SHAPE_LEN": 0.0 }, "geometry": { "type": "Polygon", "coordinates": [ [ [ 780928.05701384646818, 2122986.557479880750179 ], [ 851898.549052320886403, 2130352.461915342602879 ], [ 867111.417846687487327, 2007462.574835897656158 ], [ 848268.047806667746045, 2005277.618350319797173 ], [ 849396.442004900309257, 1995674.295272721210495 ], [ 806792.385211737826467, 1990761.182340112980455 ], [ 808145.530918038333766, 1976315.992478818632662 ], [ 781451.375576840597205, 1973680.659850594587624 ], [ 773006.070708572166041, 2006053.900688955094665 ], [ 787536.155058056814596, 2008457.087861785199493 ], [ 785614.786379653261974, 2027977.600515127182007 ], [ 795023.453820274211466, 2028798.025580263696611 ], [ 780928.05701384646818, 2122986.557479880750179 ] ] ] } },
{ "type": "Feature", "properties": { "OBJECTID": 166.0, "STATE": "Indiana", "STATE_FIPS": "18", "CD_2DIG": "03", "STATE_CODE": 12, "CLIMDIV": 1203, "CD_NEW": 3, "FIPS_CD": "1803", "NCDC_GEO_I": 76.0, "NAME": "NORTHEAST", "ST_ABBRV": "IN", "SHAPE_AREA": 0.0, "SHAPE_LEN": 0.0 }, "geometry": { "type": "Polygon", "coordinates": [ [ [ 921928.692554525914602, 2138443.363126124255359 ], [ 937838.546834929962642, 2006394.71207503718324 ], [ 884150.946219240082428, 1999632.23220525146462 ], [ 882922.180609598057345, 2009262.88960626302287 ], [ 867111.417846687487327, 2007462.574835897656158 ], [ 851898.549052320886403, 2130352.461915342602879 ], [ 921928.692554525914602, 2138443.363126124255359 ] ] ] } },
{ "type": "Feature", "properties": { "OBJECTID": 167.0, "STATE": "Indiana", "STATE_FIPS": "18", "CD_2DIG": "04", "STATE_CODE": 12, "CLIMDIV": 1204, "CD_NEW": 4, "FIPS_CD": "1804", "NCDC_GEO_I": 77.0, "NAME": "WEST CENTRAL", "ST_ABBRV": "IN", "SHAPE_AREA": 0.0, "SHAPE_LEN": 0.0 }, "geometry": { "type": "Polygon", "coordinates": [ [ [ 749719.880553288501687, 1985333.507963486947119 ], [ 779972.620164692751132, 1988142.80529036722146 ], [ 796306.847140971454792, 1832553.093047845177352 ], [ 748727.734596592141315, 1828696.241647969698533 ], [ 747855.030334224225953, 1838439.636058541247621 ], [ 714986.014927368378267, 1840540.056450922507793 ], [ 722169.514296725625172, 1846098.351619532564655 ], [ 711334.027623485773802, 1972133.668929104227573 ], [ 747582.35568527970463, 1975311.360816457541659 ], [ 749719.880553288501687, 1985333.507963486947119 ] ] ] } },
{ "type": "Feature", "properties": { "OBJECTID": 168.0, "STATE": "Indiana", "STATE_FIPS": "18", "CD_2DIG": "05", "STATE_CODE": 12, "CLIMDIV": 1205, "CD_NEW": 5, "FIPS_CD": "1805", "NCDC_GEO_I": 78.0, "NAME": "CENTRAL", "ST_ABBRV": "IN", "SHAPE_AREA": 0.0, "SHAPE_LEN": 0.0 }, "geometry": { "type": "Polygon", "coordinates": [ [ [ 881680.568839830579236, 2009128.173686197493225 ], [ 886704.605395824415609, 1978750.071679654996842 ], [ 875468.1967896084534, 1977546.245431118411943 ], [ 881195.474990257527679, 1911341.120080364868045 ], [ 906092.670962513890117, 1914229.760171959642321 ], [ 913057.474653586512432, 1856452.810110357124358 ], [ 891801.703795962268487, 1838794.732056802371517 ], [ 871966.474419909995049, 1836197.141926985001191 ], [ 867813.808174303267151, 1825827.495077274274081 ], [ 849197.609788101864979, 1823296.537068727659062 ], [ 845114.593904627719894, 1857609.903116340748966 ], [ 798830.38781485054642, 1852510.569662938592955 ], [ 781451.375576840597205, 1973680.659850594587624 ], [ 808145.530918038333766, 1976315.992478818632662 ], [ 806792.385211737826467, 1990761.182340112980455 ], [ 849396.442004900309257, 1995674.295272721210495 ], [ 848268.047806667746045, 2005277.618350319797173 ], [ 881680.568839830579236, 2009128.173686197493225 ] ] ] } },
{ "type": "Feature", "properties": { "OBJECTID": 169.0, "STATE": "Indiana", "STATE_FIPS": "18", "CD_2DIG": "06", "STATE_CODE": 12, "CLIMDIV": 1206, "CD_NEW": 6, "FIPS_CD": "1806", "NCDC_GEO_I": 79.0, "NAME": "EAST CENTRAL", "ST_ABBRV": "IN", "SHAPE_AREA": 0.0, "SHAPE_LEN": 0.0 }, "geometry": { "type": "Polygon", "coordinates": [ [ [ 937838.546834929962642, 2006394.71207503718324 ], [ 950580.721826230175793, 1889410.952528564492241 ], [ 909687.769291053642519, 1885079.236382565228269 ], [ 906092.670962513890117, 1914229.760171959642321 ], [ 881195.474990257527679, 1911341.120080364868045 ], [ 875468.1967896084534, 1977546.245431118411943 ], [ 886704.605395824415609, 1978750.071679654996842 ], [ 884150.946219240082428, 1999632.23220525146462 ], [ 937838.546834929962642, 2006394.71207503718324 ] ] ] } },
{ "type": "Feature", "properties": { "OBJECTID": 170.0, "STATE": "Indiana", "STATE_FIPS": "18", "CD_2DIG": "07", "STATE_CODE": 12, "CLIMDIV": 1207, "CD_NEW": 7, "FIPS_CD": "1807", "NCDC_GEO_I": 80.0, "NAME": "SOUTHWEST", "ST_ABBRV": "IN", "SHAPE_AREA": 0.0, "SHAPE_LEN": 0.0 }, "geometry": { "type": "Polygon", "coordinates": [ [ [ 717222.637702713022009, 1835712.465466166613623 ], [ 747855.030334224225953, 1838439.636058541247621 ], [ 748727.734596592141315, 1828696.241647969698533 ], [ 796306.847140971454792, 1832553.093047845177352 ], [ 806731.38371294317767, 1730222.001105997012928 ], [ 796956.693597608129494, 1729383.536859474610537 ], [ 801379.394309934228659, 1701573.731822242261842 ], [ 779752.454672504914925, 1689168.387854902772233 ], [ 775268.37306996784173, 1675016.685665378347039 ], [ 730811.670322329388, 1692498.053364997263998 ], [ 729779.335862142033875, 1676085.185603633522987 ], [ 724210.874212383525446, 1683593.765642232494429 ], [ 704760.14113221084699, 1684816.553492215229198 ], [ 701817.93247349280864, 1667191.477378512267023 ], [ 688805.89001204399392, 1671233.17837390769273 ], [ 694373.744523287052289, 1673025.91956230532378 ], [ 687460.712003451539204, 1680384.628159775398672 ], [ 694897.697410217137076, 1679445.961545345140621 ], [ 690942.575673508108594, 1696965.26926132873632 ], [ 697968.146568379714154, 1702041.331692767795175 ], [ 692764.93740186013747, 1703312.157433837652206 ], [ 701200.047119065304287, 1710905.437674926128238 ], [ 693639.267630313406698, 1720855.351908308686689 ], [ 706118.165557386702858, 1724550.613103151554242 ], [ 731286.69888658891432, 1778507.313690390437841 ], [ 727758.046789760468528, 1802322.339425021084026 ], [ 714042.605909082805738, 1818554.920261937892064 ], [ 717222.637702713022009, 1835712.465466166613623 ] ] ] } },
{ "type": "Feature", "properties": { "OBJECTID": 171.0, "STATE": "Indiana", "STATE_FIPS": "18", "CD_2DIG": "08", "STATE_CODE": 12, "CLIMDIV": 1208, "CD_NEW": 8, "FIPS_CD": "1808", "NCDC_GEO_I": 81.0, "NAME": "SOUTH CENTRAL", "ST_ABBRV": "IN", "SHAPE_AREA": 0.0, "SHAPE_LEN": 0.0 }, "geometry": { "type": "Polygon", "coordinates": [ [ [ 798044.100286060711369, 1853264.760786934057251 ], [ 845114.593904627719894, 1857609.903116340748966 ], [ 849197.609788101864979, 1823296.537068727659062 ], [ 872762.158598840003833, 1829450.92835768382065 ], [ 874853.08011418802198, 1770925.228834125446156 ], [ 863056.592075491091236, 1762869.265892447903752 ], [ 863833.126450815587305, 1754400.966424037702382 ], [ 884650.160944547853433, 1749743.181937324581668 ], [ 873137.33150601061061, 1710200.54128281516023 ], [ 864959.761457256623544, 1703464.067903882591054 ], [ 849058.932977625401691, 1709550.788575963582844 ], [ 841505.173738543293439, 1723577.255766808986664 ], [ 834450.930426186998375, 1727381.430565169779584 ], [ 838532.572103352285922, 1720883.023347921669483 ], [ 826788.251278021140024, 1717713.556665412615985 ], [ 825124.863153639016673, 1696210.079934113891795 ], [ 813880.701623365748674, 1685129.906098257983103 ], [ 797793.062459815759212, 1701230.039392217760906 ], [ 796956.693597608129494, 1729383.536859474610537 ], [ 806731.38371294317767, 1730222.001105997012928 ], [ 798044.100286060711369, 1853264.760786934057251 ] ] ] } },
{ "type": "Feature", "properties": { "OBJECTID": 172.0, "STATE": "Indiana", "STATE_FIPS": "18", "CD_2DIG": "09", "STATE_CODE": 12, "CLIMDIV": 1209, "CD_NEW": 9, "FIPS_CD": "1809", "NCDC_GEO_I": 82.0, "NAME": "SOUTHEAST", "ST_ABBRV": "IN", "SHAPE_AREA": 0.0, "SHAPE_LEN": 0.0 }, "geometry": { "type": "Polygon", "coordinates": [ [ [ 909641.975565848057158, 1885071.80200787470676 ], [ 950580.721826230175793, 1889410.952528564492241 ], [ 955652.760661370237358, 1843009.663720183074474 ], [ 949710.10065777937416, 1836747.129679985577241 ], [ 960507.376081089605577, 1807639.580748276785016 ], [ 930947.687193556921557, 1793020.619707389269024 ], [ 908074.87131972995121, 1795119.01699164765887 ], [ 911620.426324789528735, 1773520.25930457143113 ], [ 886449.815243151388131, 1740742.127848965814337 ], [ 879987.303383205085993, 1755380.471383227268234 ], [ 863833.126450815587305, 1754400.966424037702382 ], [ 863056.592075491091236, 1762869.265892447903752 ], [ 874853.08011418802198, 1770925.228834125446156 ], [ 871966.474419909995049, 1836197.141926985001191 ], [ 891801.703795962268487, 1838794.732056802371517 ], [ 913057.474653586512432, 1856452.810110357124358 ], [ 909641.975565848057158, 1885071.80200787470676 ] ] ] } },
{ "type": "Feature", "properties": { "OBJECTID": 174.0, "STATE": "Iowa", "STATE_FIPS": "19", "CD_2DIG": "02", "STATE_CODE": 13, "CLIMDIV": 1302, "CD_NEW": 2, "FIPS_CD": "1902", "NCDC_GEO_I": 84.0, "NAME": "NORTH CENTRAL", "ST_ABBRV": "IA", "SHAPE_AREA": 0.0, "SHAPE_LEN": 0.0 }, "geometry": { "type": "Polygon", "coordinates": [ [ [ 128288.781530002175714, 2279642.908490366302431 ], [ 277420.623977702285629, 2283590.553425288759172 ], [ 281150.710691166226752, 2178163.326172360219061 ], [ 165525.512147836503573, 2175077.392490904778242 ], [ 165332.497876641660696, 2184764.34724485874176 ], [ 126892.119434250620543, 2184088.632102584000677 ], [ 128288.781530002175714, 2279642.908490366302431 ] ] ] } },
{ "type": "Feature", "properties": { "OBJECTID": 175.0, "STATE": "Iowa", "STATE_FIPS": "19", "CD_2DIG": "03", "STATE_CODE": 13, "CLIMDIV": 1303, "CD_NEW": 3, "FIPS_CD": "1903", "NCDC_GEO_I": 85.0, "NAME": "NORTHEAST", "ST_ABBRV": "IA", "SHAPE_AREA": 0.0, "SHAPE_LEN": 0.0 }, "geometry": { "type": "Polygon", "coordinates": [ [ [ 381959.753979767381679, 2288174.801096168812364 ], [ 386545.085734039836098, 2271822.715512950904667 ], [ 399089.878208349749912, 2261603.301991348154843 ], [ 390347.865808949805796, 2240136.726272983942181 ], [ 401436.257782215077896, 2205344.33420996600762 ], [ 431071.417877893778495, 2194039.992232516873628 ], [ 436552.545507245697081, 2176705.240536634810269 ], [ 451884.386975360335782, 2166715.590574059635401 ], [ 436258.304195436066948, 2165881.037100572604686 ], [ 436765.601039165572729, 2156135.543561312370002 ], [ 283900.385556422988884, 2149311.36840921221301 ], [ 277420.623977702285629, 2283590.553425288759172 ], [ 381959.753979767381679, 2288174.801096168812364 ] ] ] } },
{ "type": "Feature", "properties": { "OBJECTID": 176.0, "STATE": "Iowa", "STATE_FIPS": "19", "CD_2DIG": "04", "STATE_CODE": 13, "CLIMDIV": 1304, "CD_NEW": 4, "FIPS_CD": "1904", "NCDC_GEO_I": 86.0, "NAME": "WEST CENTRAL", "ST_ABBRV": "IA", "SHAPE_AREA": 0.0, "SHAPE_LEN": 0.0 }, "geometry": { "type": "Polygon", "coordinates": [ [ [ -40254.618706253779237, 2168862.850632322952151 ], [ 127056.55117201032408, 2174446.106900462415069 ], [ 131426.723319349403027, 2135407.647414615377784 ], [ 150531.057838819746394, 2135844.06392318662256 ], [ 151315.696693707635859, 2097075.148834920721129 ], [ 141731.997036184853641, 2096872.913336558965966 ], [ 145676.062555679440266, 2056729.464868414215744 ], [ -4447.915653270933035, 2055958.465915336273611 ], [ -10658.198668306577019, 2107750.980659219436347 ], [ -22314.952600948963664, 2115976.702390370424837 ], [ -34196.855330948084884, 2150293.222394086420536 ], [ -31538.10811906258823, 2164034.423504875507206 ], [ -40254.618706253779237, 2168862.850632322952151 ] ] ] } },
{ "type": "Feature", "properties": { "OBJECTID": 177.0, "STATE": "Iowa", "STATE_FIPS": "19", "CD_2DIG": "05", "STATE_CODE": 13, "CLIMDIV": 1305, "CD_NEW": 5, "FIPS_CD": "1905", "NCDC_GEO_I": 87.0, "NAME": "CENTRAL", "ST_ABBRV": "IA", "SHAPE_AREA": 0.0, "SHAPE_LEN": 0.0 }, "geometry": { "type": "Polygon", "coordinates": [ [ [ 130998.037167914648307, 2184152.632784835994244 ], [ 165332.497876641660696, 2184764.34724485874176 ], [ 165525.512147836503573, 2175077.392490904778242 ], [ 281150.710691166226752, 2178163.326172360219061 ], [ 283900.385556422988884, 2149311.36840921221301 ], [ 303112.45548489241628, 2150091.396954669617116 ], [ 306654.459813644818496, 2062019.758447649655864 ], [ 145676.062555679440266, 2056729.464868414215744 ], [ 141731.997036184853641, 2096872.913336558965966 ], [ 151315.696693707635859, 2097075.148834920721129 ], [ 150532.12183362187352, 2135835.695373877882957 ], [ 131426.723319349403027, 2135407.647414615377784 ], [ 130998.037167914648307, 2184152.632784835994244 ] ] ] } },
{ "type": "Feature", "properties": { "OBJECTID": 178.0, "STATE": "Iowa", "STATE_FIPS": "19", "CD_2DIG": "06", "STATE_CODE": 13, "CLIMDIV": 1306, "CD_NEW": 6, "FIPS_CD": "1906", "NCDC_GEO_I": 88.0, "NAME": "EAST CENTRAL", "ST_ABBRV": "IA", "SHAPE_AREA": 0.0, "SHAPE_LEN": 0.0 }, "geometry": { "type": "Polygon", "coordinates": [ [ [ 436258.304195436066948, 2165881.037100572604686 ], [ 451884.386975360335782, 2166715.590574059635401 ], [ 459488.498135527072009, 2149881.085461108479649 ], [ 478673.682120957644656, 2139305.275266512762755 ], [ 481747.339530644880142, 2126133.628515724558383 ], [ 479648.882888276304584, 2104015.354905386921018 ], [ 458484.644331451097969, 2070963.648127407534048 ], [ 412234.496079181029927, 2057202.536973120877519 ], [ 407400.900592846912332, 2046842.985161883523688 ], [ 384415.618242917815223, 2045982.740310804452747 ], [ 384004.806131849531084, 2055725.057184965582564 ], [ 374447.252536611806136, 2055373.972108173184097 ], [ 370956.565083751629572, 2064921.879653326235712 ], [ 306654.459813644818496, 2062019.758447649655864 ], [ 303112.45548489241628, 2150091.396954669617116 ], [ 436765.601039165572729, 2156135.543561312370002 ], [ 436258.304195436066948, 2165881.037100572604686 ] ] ] } },
{ "type": "Feature", "properties": { "OBJECTID": 179.0, "STATE": "Iowa", "STATE_FIPS": "19", "CD_2DIG": "07", "STATE_CODE": 13, "CLIMDIV": 1307, "CD_NEW": 7, "FIPS_CD": "1907", "NCDC_GEO_I": 89.0, "NAME": "SOUTHWEST", "ST_ABBRV": "IA", "SHAPE_AREA": 0.0, "SHAPE_LEN": 0.0 }, "geometry": { "type": "Polygon", "coordinates": [ [ [ 1883.033651936321576, 2055730.568294435972348 ], [ 145676.062555679440266, 2056729.464868414215744 ], [ 146396.273913764540339, 2017935.86826357501559 ], [ 127329.888550893621868, 2017655.736200041836128 ], [ 128334.914179695726489, 1951987.442394272889942 ], [ 19670.049680080304825, 1952561.999712716555223 ], [ 9305.146397128914032, 1968968.075576851842925 ], [ 15930.136551740724826, 1987056.428825167473406 ], [ 1883.033651936321576, 2055730.568294435972348 ] ] ] } },
{ "type": "Feature", "properties": { "OBJECTID": 180.0, "STATE": "Iowa", "STATE_FIPS": "19", "CD_2DIG": "08", "STATE_CODE": 13, "CLIMDIV": 1308, "CD_NEW": 8, "FIPS_CD": "1908", "NCDC_GEO_I": 90.0, "NAME": "SOUTH CENTRAL", "ST_ABBRV": "IA", "SHAPE_AREA": 0.0, "SHAPE_LEN": 0.0 }, "geometry": { "type": "Polygon", "coordinates": [ [ [ 145676.062555679440266, 2056729.464868414215744 ], [ 259136.609051529201679, 2060189.46963844448328 ], [ 260554.94278689994826, 2021317.695091706234962 ], [ 279650.405528616043739, 2021995.289351266343147 ], [ 282109.21350149565842, 1958160.808589725755155 ], [ 128334.914179695726489, 1951987.442394272889942 ], [ 127329.888550893621868, 2017655.736200041836128 ], [ 146396.273913764540339, 2017935.86826357501559 ], [ 145676.062555679440266, 2056729.464868414215744 ] ] ] } },
{ "type": "Feature", "properties": { "OBJECTID": 181.0, "STATE": "Iowa", "STATE_FIPS": "19", "CD_2DIG": "09", "STATE_CODE": 13, "CLIMDIV": 1309, "CD_NEW": 9, "FIPS_CD": "1909", "NCDC_GEO_I": 91.0, "NAME": "SOUTHEAST", "ST_ABBRV": "IA", "SHAPE_AREA": 0.0, "SHAPE_LEN": 0.0 }, "geometry": { "type": "Polygon", "coordinates": [ [ [ 259136.609051529201679, 2060189.46963844448328 ], [ 370956.565083751629572, 2064921.879653326235712 ], [ 374447.252536611806136, 2055373.972108173184097 ], [ 384004.806131849531084, 2055725.057184965582564 ], [ 384415.618242917815223, 2045982.740310804452747 ], [ 409088.15721158857923, 2046949.430847414769232 ], [ 406225.809182375436649, 2036305.553520063869655 ], [ 420899.669212190201506, 2021004.132649953709915 ], [ 408839.755712857469916, 1972843.419028318021446 ], [ 389213.158220544573851, 1963900.451374250929803 ], [ 385428.54818282276392, 1938647.135719040408731 ], [ 358203.38607744401088, 1963772.702712948899716 ], [ 282109.21350149565842, 1958160.808589725755155 ], [ 279650.405528616043739, 2021995.289351266343147 ], [ 260554.94278689994826, 2021317.695091706234962 ], [ 259136.609051529201679, 2060189.46963844448328 ] ] ] } },
{ "type": "Feature", "properties": { "OBJECTID": 182.0, "STATE": "Kansas", "STATE_FIPS": "20", "CD_2DIG": "01", "STATE_CODE": 14, "CLIMDIV": 1401, "CD_NEW": 1, "FIPS_CD": "2001", "NCDC_GEO_I": 92.0, "NAME": "NORTHWEST", "ST_ABBRV": "KS", "SHAPE_AREA": 0.0, "SHAPE_LEN": 0.0 }, "geometry": { "type": "Polygon", "coordinates": [ [ [ -511746.497452071227599, 1903622.043399219401181 ], [ -306705.882080556708388, 1893035.177427091868594 ], [ -308698.118435853160918, 1795619.714600962586701 ], [ -517558.722206280275714, 1806305.596203930675983 ], [ -511746.497452071227599, 1903622.043399219401181 ] ] ] } },
{ "type": "Feature", "properties": { "OBJECTID": 184.0, "STATE": "Kansas", "STATE_FIPS": "20", "CD_2DIG": "03", "STATE_CODE": 14, "CLIMDIV": 1403, "CD_NEW": 3, "FIPS_CD": "2003", "NCDC_GEO_I": 94.0, "NAME": "NORTHEAST", "ST_ABBRV": "KS", "SHAPE_AREA": 0.0, "SHAPE_LEN": 0.0 }, "geometry": { "type": "Polygon", "coordinates": [ [ [ -68186.444147780188359, 1887431.133372337091714 ], [ 58533.810663200965791, 1887190.478664154419675 ], [ 77138.784291143616429, 1872011.759585467865691 ], [ 89827.267766546588973, 1875878.2979292338714 ], [ 96563.024903998346417, 1858756.936380007537082 ], [ 87988.035283870616695, 1858363.931839506374672 ], [ 75759.65594939008588, 1836296.891223263228312 ], [ 95135.658407804672606, 1819111.486257404787466 ], [ 100524.668778910010587, 1799151.135352650657296 ], [ 120552.892772504928871, 1793176.192128971917555 ], [ 119412.818113642031676, 1780720.485913220793009 ], [ 97565.056417392377625, 1782328.730341219576076 ], [ 92723.662769989605295, 1773581.131994292372838 ], [ 69853.699210914681316, 1771163.449203591095284 ], [ 69688.553405053229653, 1780154.833971546264365 ], [ 35663.916580853692722, 1781152.667071591829881 ], [ 35116.805721522432577, 1799238.973803800530732 ], [ -3043.054116839402013, 1799178.156892566243187 ], [ -3345.671508869336321, 1789092.198778765974566 ], [ -9159.283555021836946, 1797438.254589205607772 ], [ -26245.799320820482535, 1797070.400335557758808 ], [ -33287.744375651069277, 1794337.232414335012436 ], [ -33513.455481666758715, 1779832.959321713773534 ], [ -72823.146904760156758, 1785105.152433113893494 ], [ -72700.959909950877773, 1799783.426292624557391 ], [ -82237.902622954992694, 1799988.861272160196677 ], [ -81631.38918941745942, 1838800.647665332769975 ], [ -68669.164883524048491, 1838684.947734540794045 ], [ -68186.444147780188359, 1887431.133372337091714 ] ] ] } },
{ "type": "Feature", "properties": { "OBJECTID": 185.0, "STATE": "Kansas", "STATE_FIPS": "20", "CD_2DIG": "04", "STATE_CODE": 14, "CLIMDIV": 1404, "CD_NEW": 4, "FIPS_CD": "2004", "NCDC_GEO_I": 95.0, "NAME": "WEST CENTRAL", "ST_ABBRV": "KS", "SHAPE_AREA": 0.0, "SHAPE_LEN": 0.0 }, "geometry": { "type": "Polygon", "coordinates": [ [ [ -517558.722206280275714, 1806305.596203930675983 ], [ -307549.18281746096909, 1795570.804577081697062 ], [ -310577.06247672799509, 1698068.402107231784612 ], [ -523525.119694334978703, 1708899.523282260634005 ], [ -517558.722206280275714, 1806305.596203930675983 ] ] ] } },
{ "type": "Feature", "properties": { "OBJECTID": 186.0, "STATE": "Kansas", "STATE_FIPS": "20", "CD_2DIG": "05", "STATE_CODE": 14, "CLIMDIV": 1405, "CD_NEW": 5, "FIPS_CD": "2005", "NCDC_GEO_I": 96.0, "NAME": "CENTRAL", "ST_ABBRV": "KS", "SHAPE_AREA": 0.0, "SHAPE_LEN": 0.0 }, "geometry": { "type": "Polygon", "coordinates": [ [ [ -212122.199254893494071, 1802303.397054244531319 ], [ -165059.764111961965682, 1801142.260569133562967 ], [ -165573.140088377316715, 1771913.602442445466295 ], [ -117767.617959746348788, 1771048.389549805084243 ], [ -117429.902793285131338, 1790549.955998184392229 ], [ -82496.147107699405751, 1790158.652158535085618 ], [ -76521.103903758892557, 1760724.041987556032836 ], [ -80309.495295935732429, 1721764.186929085291922 ], [ -70776.412333762884373, 1721693.365907569648698 ], [ -73045.231787717813859, 1672745.465966533636674 ], [ -100161.393291812157258, 1673247.028457184322178 ], [ -100053.745423023690819, 1683035.346052962355316 ], [ -214549.133832135179546, 1684964.257497783517465 ], [ -214271.294602776033571, 1694837.230872151907533 ], [ -262785.149204429704696, 1696291.835439262213185 ], [ -262472.565527072758414, 1706062.881158503470942 ], [ -310258.959228735708166, 1707844.112253058236092 ], [ -307549.18281746096909, 1795570.804577081697062 ], [ -213220.406219467520714, 1792580.076457198243588 ], [ -212122.199254893494071, 1802303.397054244531319 ] ] ] } },
{ "type": "Feature", "properties": { "OBJECTID": 187.0, "STATE": "Kansas", "STATE_FIPS": "20", "CD_2DIG": "06", "STATE_CODE": 14, "CLIMDIV": 1406, "CD_NEW": 6, "FIPS_CD": "2006", "NCDC_GEO_I": 97.0, "NAME": "EAST CENTRAL", "ST_ABBRV": "KS", "SHAPE_AREA": 0.0, "SHAPE_LEN": 0.0 }, "geometry": { "type": "Polygon", "coordinates": [ [ [ -80521.95889891841216, 1799968.096139283152297 ], [ -72700.959909950877773, 1799783.426292624557391 ], [ -72823.146904760156758, 1785105.152433113893494 ], [ -42975.65363347557286, 1779917.604235510341823 ], [ -33513.455481666758715, 1779832.959321713773534 ], [ -33287.744375651069277, 1794337.232414335012436 ], [ -20417.276566525866656, 1798589.037945377407596 ], [ -3345.671508869336321, 1789092.198778765974566 ], [ -3043.054116839402013, 1799178.156892566243187 ], [ 35116.805721522432577, 1799238.973803800530732 ], [ 35663.916580853692722, 1781152.667071591829881 ], [ 69688.553405053229653, 1780154.833971546264365 ], [ 69853.699210914681316, 1771163.449203591095284 ], [ 92723.662769989605295, 1773581.131994292372838 ], [ 97565.056417392377625, 1782328.730341219576076 ], [ 119412.818113642031676, 1780720.485913220793009 ], [ 120482.911141580858384, 1667844.76502693281509 ], [ 3557.169647992793216, 1667327.004717988660559 ], [ 3547.552381145864729, 1682004.539477370446548 ], [ -31003.656008070996904, 1682240.046813457040116 ], [ -31111.593264623199502, 1672502.593505462864414 ], [ -73045.231787717813859, 1672745.465966533636674 ], [ -70776.412333762884373, 1721693.365907569648698 ], [ -80309.495295935732429, 1721764.186929085291922 ], [ -80521.95889891841216, 1799968.096139283152297 ] ] ] } },
{ "type": "Feature", "properties": { "OBJECTID": 188.0, "STATE": "Kansas", "STATE_FIPS": "20", "CD_2DIG": "07", "STATE_CODE": 14, "CLIMDIV": 1407, "CD_NEW": 7, "FIPS_CD": "2007", "NCDC_GEO_I": 98.0, "NAME": "SOUTHWEST", "ST_ABBRV": "KS", "SHAPE_AREA": 0.0, "SHAPE_LEN": 0.0 }, "geometry": { "type": "Polygon", "coordinates": [ [ [ -523525.119694334978703, 1708899.523282260634005 ], [ -309393.345788869482931, 1698024.046260165516287 ], [ -312116.267408440355211, 1556528.165474641136825 ], [ -532377.722428858629428, 1566911.201192081905901 ], [ -523525.119694334978703, 1708899.523282260634005 ] ] ] } },
{ "type": "Feature", "properties": { "OBJECTID": 189.0, "STATE": "Kansas", "STATE_FIPS": "20", "CD_2DIG": "08", "STATE_CODE": 14, "CLIMDIV": 1408, "CD_NEW": 8, "FIPS_CD": "2008", "NCDC_GEO_I": 99.0, "NAME": "SOUTH CENTRAL", "ST_ABBRV": "KS", "SHAPE_AREA": 0.0, "SHAPE_LEN": 0.0 }, "geometry": { "type": "Polygon", "coordinates": [ [ [ -310258.959228735708166, 1707844.112253058236092 ], [ -262472.565527072758414, 1706062.881158503470942 ], [ -262785.149204429704696, 1696291.835439262213185 ], [ -214271.294602776033571, 1694837.230872151907533 ], [ -214549.133832135179546, 1684964.257497783517465 ], [ -100053.745423023690819, 1683035.346052962355316 ], [ -101182.471097312532947, 1551267.559009867953137 ], [ -312116.267408440355211, 1556528.165474641136825 ], [ -310258.959228735708166, 1707844.112253058236092 ] ] ] } },
{ "type": "Feature", "properties": { "OBJECTID": 190.0, "STATE": "Kansas", "STATE_FIPS": "20", "CD_2DIG": "09", "STATE_CODE": 14, "CLIMDIV": 1409, "CD_NEW": 9, "FIPS_CD": "2009", "NCDC_GEO_I": 100.0, "NAME": "SOUTHEAST", "ST_ABBRV": "KS", "SHAPE_AREA": 0.0, "SHAPE_LEN": 0.0 }, "geometry": { "type": "Polygon", "coordinates": [ [ [ -31003.656008070996904, 1682240.046813457040116 ], [ 3547.552381145864729, 1682004.539477370446548 ], [ 3557.169647992793216, 1667327.004717988660559 ], [ 120482.911141580858384, 1667844.76502693281509 ], [ 121843.539623994875001, 1551438.697378043085337 ], [ -101182.471097312532947, 1551267.559009867953137 ], [ -100161.393291812157258, 1673247.028457184322178 ], [ -31111.593264623199502, 1672502.593505462864414 ], [ -31003.656008070996904, 1682240.046813457040116 ] ] ] } },
{ "type": "Feature", "properties": { "OBJECTID": 191.0, "STATE": "Maryland", "STATE_FIPS": "24", "CD_2DIG": "08", "STATE_CODE": 18, "CLIMDIV": 1808, "CD_NEW": 8, "FIPS_CD": "2408", "NCDC_GEO_I": 101.0, "NAME": "ALLEGHENY PLATEAU", "ST_ABBRV": "MD", "SHAPE_AREA": 0.0, "SHAPE_LEN": 0.0 }, "geometry": { "type": "Polygon", "coordinates": [ [ [ 1407008.340056244749576, 1920243.613606749335304 ], [ 1396620.839712945278734, 1977444.756715388037264 ], [ 1442204.709344830131158, 1985779.329727865522727 ], [ 1429505.816272104857489, 1945412.43864368298091 ], [ 1407008.340056244749576, 1920243.613606749335304 ] ] ] } },
{ "type": "Feature", "properties": { "OBJECTID": 192.0, "STATE": "Maryland", "STATE_FIPS": "24", "CD_2DIG": "07", "STATE_CODE": 18, "CLIMDIV": 1807, "CD_NEW": 7, "FIPS_CD": "2407", "NCDC_GEO_I": 102.0, "NAME": "APPALACHIAN MOUNTAIN", "ST_ABBRV": "MD", "SHAPE_AREA": 0.0, "SHAPE_LEN": 0.0 }, "geometry": { "type": "Polygon", "coordinates": [ [ [ 1442195.744320983532816, 1985764.034912469331175 ], [ 1491929.423852992942557, 1994925.028818395221606 ], [ 1564320.629267687210813, 2008560.78786901733838 ], [ 1553978.171533479820937, 1960739.830454587936401 ], [ 1544335.427950529614463, 1979081.111371197039261 ], [ 1532819.227791627403349, 1983608.83513228665106 ], [ 1536399.35618422459811, 1989781.081450555473566 ], [ 1521964.20578616973944, 1986818.60884086904116 ], [ 1506233.241828545928001, 1994573.388745778938755 ], [ 1499909.979586187750101, 1984630.64897067216225 ], [ 1486102.845347461290658, 1982533.197687377221882 ], [ 1484976.276834855088964, 1970129.02855756576173 ], [ 1465996.967120164306834, 1969965.751283560879529 ], [ 1457523.21294169430621, 1980112.242201172048226 ], [ 1445714.590130204567686, 1954239.458792658289894 ], [ 1436477.884536892874166, 1956155.468726211693138 ], [ 1442195.744320983532816, 1985764.034912469331175 ] ] ] } },
{ "type": "Feature", "properties": { "OBJECTID": 193.0, "STATE": "Maryland", "STATE_FIPS": "24", "CD_2DIG": "06", "STATE_CODE": 18, "CLIMDIV": 1806, "CD_NEW": 6, "FIPS_CD": "2406", "NCDC_GEO_I": 103.0, "NAME": "NORTHERN CENTRAL", "ST_ABBRV": "MD", "SHAPE_AREA": 0.0, "SHAPE_LEN": 0.0 }, "geometry": { "type": "MultiPolygon", "coordinates": [ [ [ [ 1564290.068947652354836, 2008602.84073447319679 ], [ 1704077.134545241482556, 2037703.03292268444784 ], [ 1714038.282850848278031, 2000346.437040044227615 ], [ 1691094.342498958809301, 1996558.586473871022463 ], [ 1696807.099726218497381, 2007787.120166272390634 ], [ 1704304.003924291348085, 2007182.924627772532403 ], [ 1698248.870571228442714, 2009658.905299177626148 ], [ 1704514.371464570285752, 2020096.027005787473172 ], [ 1692223.699820043053478, 2003902.897285408107564 ], [ 1694108.842756864149123, 2020763.598959552124143 ], [ 1687314.81631913385354, 2016700.933359995251521 ], [ 1680441.909479554276913, 2008681.185996963176876 ], [ 1687768.9703959596809, 2002814.919744999613613 ], [ 1674711.443519153865054, 1996057.229128174716607 ], [ 1676154.721291897119954, 1989127.606105772312731 ], [ 1673324.017988803097978, 1991684.756199346855283 ], [ 1673930.326251659076661, 2003299.153648227220401 ], [ 1671703.608063533669338, 2001025.03264842228964 ], [ 1672813.059883656445891, 1982651.349258077098057 ], [ 1669031.120378403691575, 1991364.670602098572999 ], [ 1665496.204645413439721, 1991644.236232082359493 ], [ 1664553.437629278982058, 1993285.400026422692463 ], [ 1664123.838240594370291, 1993465.773038048762828 ], [ 1663301.135729753877968, 1993533.412967388518155 ], [ 1659776.307511761086062, 1989439.066075936425477 ], [ 1666400.670506491791457, 1989809.094777263700962 ], [ 1667935.714421113254502, 1985720.856123653473333 ], [ 1663106.432172893313691, 1985869.052569045452401 ], [ 1665493.360561630921438, 1984294.942740617319942 ], [ 1664338.344201662112027, 1980716.741707695648074 ], [ 1658694.705215517431498, 1982835.403420844115317 ], [ 1664062.209298545261845, 1975009.624682037625462 ], [ 1655465.11479889601469, 1981581.974893871229142 ], [ 1653977.99511716235429, 1979479.773082196246833 ], [ 1664481.519087598659098, 1973885.332520538708195 ], [ 1663287.778189054923132, 1969673.730862295255065 ], [ 1645571.669572067912668, 1975406.663675130112097 ], [ 1650919.961670057149604, 1969495.576919450890273 ], [ 1625876.690461655147374, 1953715.361490162787959 ], [ 1621026.379318218445405, 1935031.888796414248645 ], [ 1610765.724453697912395, 1928080.028726943768561 ], [ 1578947.872209081891924, 1937843.0290028587915 ], [ 1571857.893064780160785, 1944510.665936880744994 ], [ 1575825.211919463705271, 1954609.7127952540759 ], [ 1555431.006474228808656, 1961710.044716045726091 ], [ 1564290.068947652354836, 2008602.84073447319679 ] ] ], [ [ [ 1652728.425077868625522, 1966734.595251116435975 ], [ 1652220.131924021290615, 1968950.591011201497167 ], [ 1653988.616405081702396, 1968287.514018311398104 ], [ 1652728.425077868625522, 1966734.595251116435975 ] ] ], [ [ [ 1665786.508200079435483, 1983470.312723913928494 ], [ 1668512.768267629202455, 1983536.878781092818826 ], [ 1667944.45831123762764, 1982153.397489806171507 ], [ 1665786.508200079435483, 1983470.312723913928494 ] ] ], [ [ [ 1649110.326309926109388, 1967772.251005535945296 ], [ 1649804.381950812414289, 1967269.244656136492267 ], [ 1649669.382322040153667, 1967262.102909648092464 ], [ 1649110.326309926109388, 1967772.251005535945296 ] ] ] ] } },
{ "type": "Feature", "properties": { "OBJECTID": 194.0, "STATE": "Maryland", "STATE_FIPS": "24", "CD_2DIG": "05", "STATE_CODE": 18, "CLIMDIV": 1805, "CD_NEW": 5, "FIPS_CD": "2405", "NCDC_GEO_I": 104.0, "NAME": "NORTHEASTERN SHORE", "ST_ABBRV": "MD", "SHAPE_AREA": 0.0, "SHAPE_LEN": 0.0 }, "geometry": { "type": "MultiPolygon", "coordinates": [ [ [ [ 1712914.429399559274316, 2000429.535156260477379 ], [ 1721168.014764117775485, 1975066.540077078854665 ], [ 1709572.434613701421767, 1946746.665692309848964 ], [ 1696530.051818448817357, 1946960.790979945799336 ], [ 1696711.076498350594193, 1940612.933891787659377 ], [ 1690308.64364718971774, 1949419.82169241993688 ], [ 1691275.648123828228563, 1939962.424324678257108 ], [ 1689682.77608359279111, 1938689.511565109947696 ], [ 1689542.125158582348377, 1934976.731811217032373 ], [ 1683320.70904148533009, 1947664.977159081492573 ], [ 1699775.883485563565046, 1971728.883267443161458 ], [ 1693316.939936017617583, 1976545.216637071920559 ], [ 1695749.982757450547069, 1972368.754103821935132 ], [ 1687105.563248893478885, 1962185.046784496866167 ], [ 1689224.28161392104812, 1971929.332593933446333 ], [ 1686757.068662428995594, 1965828.800333661260083 ], [ 1685323.749028172809631, 1971075.807791918283328 ], [ 1682894.904217621544376, 1971169.308934657368809 ], [ 1683094.594647400081158, 1956596.852026423905045 ], [ 1676565.432994503062218, 1966572.739939140155911 ], [ 1680394.149382570292801, 1986496.459425400942564 ], [ 1712914.429399559274316, 2000429.535156260477379 ] ] ], [ [ [ 1677392.53684151545167, 1952971.985180532559752 ], [ 1684338.173764850478619, 1941848.113379501039162 ], [ 1677385.961678787367418, 1946565.28232190059498 ], [ 1676199.530500517459586, 1930297.803679453674704 ], [ 1677392.53684151545167, 1952971.985180532559752 ] ] ], [ [ [ 1691681.196727785514668, 1941097.06057113641873 ], [ 1697352.387333124643192, 1940114.710642406716943 ], [ 1690933.63382762321271, 1936605.6408414717298 ], [ 1691681.196727785514668, 1941097.06057113641873 ] ] ], [ [ [ 1682395.827279678313062, 1953699.725819715764374 ], [ 1686304.224427625536919, 1952622.37179936398752 ], [ 1685469.566823727451265, 1951963.903923812322319 ], [ 1682395.827279678313062, 1953699.725819715764374 ] ] ] ] } },
{ "type": "Feature", "properties": { "OBJECTID": 195.0, "STATE": "Maryland", "STATE_FIPS": "24", "CD_2DIG": "04", "STATE_CODE": 18, "CLIMDIV": 1804, "CD_NEW": 4, "FIPS_CD": "2404", "NCDC_GEO_I": 105.0, "NAME": "UPPER SOUTHERN", "ST_ABBRV": "MD", "SHAPE_AREA": 0.0, "SHAPE_LEN": 0.0 }, "geometry": { "type": "MultiPolygon", "coordinates": [ [ [ [ 1647887.577648041537032, 1968775.764072824036703 ], [ 1649511.682119719916955, 1960859.106710396008566 ], [ 1650253.840047978097573, 1967182.004707074025646 ], [ 1653921.193022839026526, 1968203.220371415140107 ], [ 1653128.044495651032776, 1960638.960998319787905 ], [ 1664202.772894363384694, 1961683.612503007054329 ], [ 1664439.456639248412102, 1959444.79490361106582 ], [ 1666046.892576049081981, 1956513.806888243416324 ], [ 1666126.463725333102047, 1956301.889711755793542 ], [ 1666200.005479237064719, 1955954.172427291050553 ], [ 1665700.673456623684615, 1953624.871505234157667 ], [ 1666075.817054225131869, 1956398.021449875785038 ], [ 1663641.586692032637075, 1958407.001558415824547 ], [ 1655447.265091172186658, 1957273.285934809595346 ], [ 1656984.456883101491258, 1952701.262509952997789 ], [ 1669993.529783267294988, 1949170.408074548933655 ], [ 1665796.264551667263731, 1943972.97343666641973 ], [ 1655900.282648619497195, 1952493.512378711253405 ], [ 1654524.57233280944638, 1951759.44583679549396 ], [ 1653494.299799097701907, 1953084.565019518136978 ], [ 1653155.419598612934351, 1952182.173473204020411 ], [ 1651161.923797510098666, 1953349.596944772871211 ], [ 1650082.730430638417602, 1953248.488008270738646 ], [ 1650050.918152152327821, 1952460.529028244083747 ], [ 1649793.938892687438056, 1952895.974010566715151 ], [ 1649658.66178062860854, 1952878.065892272163182 ], [ 1649584.408985417569056, 1952767.36970409238711 ], [ 1666937.374306832207367, 1940400.724341052351519 ], [ 1653052.398040457395837, 1942053.066529477480799 ], [ 1655540.871418045833707, 1937312.310578384669498 ], [ 1657282.101075328886509, 1939674.592614944791421 ], [ 1659162.947930661961436, 1936478.971253924071789 ], [ 1660653.246601283783093, 1938044.998514111852273 ], [ 1662806.287603815784678, 1934712.718174640089273 ], [ 1663237.007282447535545, 1934444.901128572411835 ], [ 1663306.392138235969469, 1934465.747915084008127 ], [ 1664182.405839981511235, 1935533.501323869917542 ], [ 1663532.111959950067103, 1931335.894179106457159 ], [ 1661365.8563919859007, 1934846.544183761347085 ], [ 1659254.766485425876454, 1932232.673579642083496 ], [ 1661150.983971603447571, 1925548.571394677041098 ], [ 1662485.924526260700077, 1929129.153985569253564 ], [ 1665825.155763790477067, 1928858.454530260292813 ], [ 1665590.732678040396422, 1913950.603972238954157 ], [ 1651356.273476554546505, 1915975.047737564425915 ], [ 1657184.421939031453803, 1891962.146886930568144 ], [ 1638587.516002374934033, 1902192.217131608398631 ], [ 1623898.872562575852498, 1894359.266982825938612 ], [ 1619889.910513457143679, 1920773.488637741655111 ], [ 1610765.724453697912395, 1928080.028726943768561 ], [ 1621026.379318218445405, 1935031.888796414248645 ], [ 1625876.690461655147374, 1953715.361490162787959 ], [ 1647887.577648041537032, 1968775.764072824036703 ] ] ], [ [ [ 1663311.221433713566512, 1935692.652620002860203 ], [ 1663451.726243090815842, 1934875.73288156837225 ], [ 1663046.825717769097537, 1935011.870462412014604 ], [ 1663311.221433713566512, 1935692.652620002860203 ] ] ], [ [ [ 1661052.41639611008577, 1932608.057958278805017 ], [ 1660815.882413696264848, 1932400.492240186780691 ], [ 1660907.839754851302132, 1932809.2692599685397 ], [ 1661052.41639611008577, 1932608.057958278805017 ] ] ], [ [ [ 1665533.45735722896643, 1929249.147101728478447 ], [ 1665470.560719733824953, 1929188.88325552479364 ], [ 1665522.441388692008331, 1929274.216267816955224 ], [ 1665533.45735722896643, 1929249.147101728478447 ] ] ] ] } },
{ "type": "Feature", "properties": { "OBJECTID": 197.0, "STATE": "Maryland", "STATE_FIPS": "24", "CD_2DIG": "02", "STATE_CODE": 18, "CLIMDIV": 1802, "CD_NEW": 2, "FIPS_CD": "2402", "NCDC_GEO_I": 107.0, "NAME": "CENTRAL EASTERN SHORE", "ST_ABBRV": "MD", "SHAPE_AREA": 0.0, "SHAPE_LEN": 0.0 }, "geometry": { "type": "MultiPolygon", "coordinates": [ [ [ [ 1721453.156878598500043, 1974052.948894285131246 ], [ 1738867.490782201755792, 1912089.466734559973702 ], [ 1725577.249272702494636, 1872193.465642267139629 ], [ 1718061.829996381187811, 1878797.412502388004214 ], [ 1721759.341214133659378, 1880629.223624108592048 ], [ 1723070.386240593157709, 1884347.370759516023099 ], [ 1716929.416703091934323, 1886170.704680687747896 ], [ 1718917.707328969379887, 1868408.203762979013845 ], [ 1710701.190576479537413, 1876539.40021991962567 ], [ 1707802.134379169438034, 1872311.073296442627907 ], [ 1708451.025817753747106, 1876680.771491055609658 ], [ 1698630.676331242313609, 1884508.780001405393705 ], [ 1695131.963845048798248, 1880811.141493661794811 ], [ 1687172.763412925647572, 1892646.64297256199643 ], [ 1693133.530354154761881, 1889804.752742744749412 ], [ 1695354.89587454078719, 1900365.026835592463613 ], [ 1701551.968571303412318, 1896937.849318069871515 ], [ 1704055.413645813707262, 1900879.509385415352881 ], [ 1695843.313449313631281, 1906426.535733922850341 ], [ 1694330.025661329040304, 1900208.934419521596283 ], [ 1692637.656157453078777, 1906900.156883110990748 ], [ 1690795.183355788933113, 1898684.186654184013605 ], [ 1688028.245263034710661, 1908788.259064052486792 ], [ 1712275.928730346728116, 1905482.601122856140137 ], [ 1716259.259553815238178, 1920541.169013637350872 ], [ 1709232.940351624507457, 1928303.745250886771828 ], [ 1715210.205457899486646, 1919955.342811634065583 ], [ 1710666.898709231521934, 1908119.965235630981624 ], [ 1698866.40954606491141, 1913189.254687834298238 ], [ 1703004.038440341129899, 1918987.459021815797314 ], [ 1696092.520241336897016, 1916051.175457237288356 ], [ 1700769.448165672598407, 1927674.047088685445487 ], [ 1694281.475426380056888, 1915089.954146437579766 ], [ 1687638.444508017040789, 1929319.823063460644335 ], [ 1682595.560189349809662, 1912550.002095786156133 ], [ 1680383.775551356840879, 1921402.30718029406853 ], [ 1682048.403624277329072, 1930315.649306669831276 ], [ 1685278.086478910176083, 1935270.982589641818777 ], [ 1685069.512172327609733, 1931350.866962242405862 ], [ 1688352.364844206720591, 1931263.823585999198258 ], [ 1689760.713918406516314, 1927342.649450726108626 ], [ 1693147.469288419466466, 1926009.116578700952232 ], [ 1694333.967807573964819, 1923597.409416774520651 ], [ 1695212.207549124956131, 1923591.776439126115292 ], [ 1698097.844649447593838, 1929292.971689941594377 ], [ 1693528.514500198187307, 1927004.7961440756917 ], [ 1690563.024466637754813, 1935950.523958295118064 ], [ 1700789.243503524223343, 1941132.533391789300367 ], [ 1696530.051818448817357, 1946960.790979945799336 ], [ 1709572.434613701421767, 1946746.665692309848964 ], [ 1721453.156878598500043, 1974052.948894285131246 ] ] ], [ [ [ 1700022.070333261042833, 1875495.446372540434822 ], [ 1703018.650589020457119, 1873348.565011898986995 ], [ 1705211.951538095716387, 1874680.31503408565186 ], [ 1706394.782251161290333, 1874237.542331814998761 ], [ 1705108.211720831925049, 1871528.892395888688043 ], [ 1705676.517038562567905, 1870249.253739471780136 ], [ 1708016.215991848148406, 1869577.525453922338784 ], [ 1708225.537665272131562, 1868746.646934625692666 ], [ 1706415.282922565704212, 1869226.376680047251284 ], [ 1700022.070333261042833, 1875495.446372540434822 ] ] ], [ [ [ 1708571.218637791695073, 1868202.465623189462349 ], [ 1710444.854342424776405, 1869443.040693651884794 ], [ 1710416.519223214592785, 1868681.131342253414914 ], [ 1708571.218637791695073, 1868202.465623189462349 ] ] ], [ [ [ 1702377.105763578088954, 1877459.5835123101715 ], [ 1704574.073013833491132, 1877845.820287550101057 ], [ 1702722.787342224968597, 1876360.566247703973204 ], [ 1702377.105763578088954, 1877459.5835123101715 ] ] ], [ [ [ 1694144.740558446850628, 1900572.61081963009201 ], [ 1694163.545466721057892, 1900348.843442290788516 ], [ 1694013.051415868103504, 1900475.746420784853399 ], [ 1694144.740558446850628, 1900572.61081963009201 ] ] ], [ [ [ 1691218.520407257135957, 1895207.331300045829266 ], [ 1691189.395055264933035, 1895040.381132449721918 ], [ 1691160.581568209687248, 1895224.2285524928011 ], [ 1691218.520407257135957, 1895207.331300045829266 ] ] ], [ [ [ 1711716.282512736972421, 1874064.664626074256375 ], [ 1711662.303004585439339, 1874065.225552377523854 ], [ 1711770.490554717602208, 1874113.88420447288081 ], [ 1711716.282512736972421, 1874064.664626074256375 ] ] ], [ [ [ 1705822.119969395920634, 1871439.290392812574282 ], [ 1705858.531442922074348, 1871379.860811675433069 ], [ 1705818.939426657278091, 1871435.065418870421126 ], [ 1705822.119969395920634, 1871439.290392812574282 ] ] ] ] } },
{ "type": "Feature", "properties": { "OBJECTID": 198.0, "STATE": "Maryland", "STATE_FIPS": "24", "CD_2DIG": "01", "STATE_CODE": 18, "CLIMDIV": 1801, "CD_NEW": 1, "FIPS_CD": "2401", "NCDC_GEO_I": 108.0, "NAME": "SOUTHEASTERN SHORE", "ST_ABBRV": "MD", "SHAPE_AREA": 0.0, "SHAPE_LEN": 0.0 }, "geometry": { "type": "MultiPolygon", "coordinates": [ [ [ [ 1739412.559429459972307, 1910141.039523796644062 ], [ 1741937.436244330834597, 1901216.443351545603946 ], [ 1793120.244711067061871, 1911478.832120260689408 ], [ 1793615.330755068454891, 1904474.08095531584695 ], [ 1785195.247150225099176, 1907339.843188191065565 ], [ 1785308.489502279087901, 1904046.628677010303363 ], [ 1795688.135303675197065, 1898096.812202728819102 ], [ 1785342.411952852969989, 1884523.977335442556068 ], [ 1779356.766653343336657, 1858350.156115667661652 ], [ 1748284.398096272023395, 1848939.730335389729589 ], [ 1749052.337937595555559, 1846501.947482134681195 ], [ 1745796.190578760579228, 1846956.93691722326912 ], [ 1744261.445380598539487, 1843749.168141034664586 ], [ 1742955.110671067377552, 1844873.7236397578381 ], [ 1742606.937285674968734, 1843245.191911153262481 ], [ 1743509.784442531643435, 1842615.779207424027845 ], [ 1743660.850327685475349, 1841987.007703769020736 ], [ 1743115.151825142093003, 1842165.866305047413334 ], [ 1741456.988879238255322, 1839613.881819528993219 ], [ 1742247.365676429821178, 1841057.397747032810003 ], [ 1739508.207139709731564, 1842503.348660391755402 ], [ 1740575.560873075155541, 1843080.068373505957425 ], [ 1741080.292088124668226, 1844470.191670697880909 ], [ 1738950.594044158700854, 1843797.444259272888303 ], [ 1739325.262438095640391, 1848358.482068099081516 ], [ 1736006.922082609962672, 1844252.437705532414839 ], [ 1736817.583231170661747, 1851410.095955773023888 ], [ 1741892.011084156110883, 1850592.170852903975174 ], [ 1740474.595798233058304, 1853513.889011233113706 ], [ 1744452.789519847370684, 1853431.350944282021374 ], [ 1743872.60534585849382, 1859574.776895616203547 ], [ 1745030.450246596243232, 1858884.982498938217759 ], [ 1746110.611776063917205, 1859231.928863011300564 ], [ 1746403.265375375049189, 1859512.345319023821503 ], [ 1746353.596424477640539, 1859772.238034161971882 ], [ 1743835.98275564215146, 1860270.602820389671251 ], [ 1741676.70433172932826, 1859120.484374172752723 ], [ 1742274.407411717576906, 1855624.020301972981542 ], [ 1736354.68997144815512, 1853997.846701284172013 ], [ 1735207.30236239451915, 1855656.801001041894779 ], [ 1738391.527121601160616, 1863100.577283459482715 ], [ 1743366.008508024038747, 1864000.005363517440856 ], [ 1744890.69966687518172, 1868211.759815303841606 ], [ 1726740.737646386725828, 1865501.976352044614032 ], [ 1736440.3725329071749, 1872063.037872762884945 ], [ 1740386.438044919865206, 1880831.040650237118825 ], [ 1727389.983568743336946, 1875611.93934064405039 ], [ 1730610.576685639563948, 1901477.463217102689669 ], [ 1739412.559429459972307, 1910141.039523796644062 ] ] ], [ [ [ 1795788.603462814120576, 1897458.980609103105962 ], [ 1793117.169029449345544, 1871040.512561115436256 ], [ 1790626.670466501964256, 1862219.025034023448825 ], [ 1789026.751508511602879, 1861704.236058138078079 ], [ 1795788.603462814120576, 1897458.980609103105962 ] ] ], [ [ [ 1715303.063898468157277, 1861193.768580718198791 ], [ 1720766.713651534402743, 1864300.856335951015353 ], [ 1720592.509850431233644, 1860830.079936207272112 ], [ 1715303.063898468157277, 1861193.768580718198791 ] ] ], [ [ [ 1795002.549053308088332, 1910589.361281184712425 ], [ 1796997.235649046488106, 1907881.009420353919268 ], [ 1796585.373490219935775, 1897664.166226640809327 ], [ 1795002.549053308088332, 1910589.361281184712425 ] ] ], [ [ [ 1719715.486306567909196, 1854280.149929743027315 ], [ 1721405.833246992435306, 1856502.420210310956463 ], [ 1723885.878697028150782, 1855511.700483587337658 ], [ 1724066.089618370402604, 1852696.043669592356309 ], [ 1719715.486306567909196, 1854280.149929743027315 ] ] ], [ [ [ 1724747.991288247983903, 1848019.908906779019162 ], [ 1727607.336548928404227, 1848037.354153400985524 ], [ 1727960.053068910259753, 1842572.292037713807076 ], [ 1724965.868087250506505, 1845873.28686576266773 ], [ 1726589.910067157354206, 1846392.641006035031751 ], [ 1726458.534655209165066, 1846594.258932990953326 ], [ 1726081.473583126673475, 1846785.007305672159418 ], [ 1725864.528865718981251, 1846759.880972360726446 ], [ 1725906.901206480804831, 1846962.047114941990003 ], [ 1725029.541945349657908, 1847263.996735096676275 ], [ 1724228.684973106021062, 1847918.715311566367745 ], [ 1724747.991288247983903, 1848019.908906779019162 ] ] ], [ [ [ 1727030.850302937673405, 1860968.771995170973241 ], [ 1730311.30664243362844, 1861560.145914260530844 ], [ 1729630.448798723053187, 1860246.624962996225804 ], [ 1727030.850302937673405, 1860968.771995170973241 ] ] ], [ [ [ 1739629.340686216717586, 1841917.886216742685065 ], [ 1740981.488742147805169, 1839372.120092761470005 ], [ 1739592.612841633381322, 1839450.517025396693498 ], [ 1739886.413678370183334, 1838744.899192600278184 ], [ 1740668.106435486115515, 1838963.38022466795519 ], [ 1739511.16070770774968, 1838396.171661061933264 ], [ 1739629.340686216717586, 1841917.886216742685065 ] ] ], [ [ [ 1722484.767753491876647, 1848065.271077976329252 ], [ 1724524.269046409055591, 1848200.459235194372013 ], [ 1724175.479405253659934, 1847905.987911596894264 ], [ 1724779.51273431442678, 1847348.160760432248935 ], [ 1725871.221195878693834, 1846929.67195896897465 ], [ 1725790.73552589584142, 1846738.163758930983022 ], [ 1726533.865548442583531, 1846423.533713903045282 ], [ 1722574.532124187797308, 1847604.11159645486623 ], [ 1722736.272115394240245, 1845361.817161094630137 ], [ 1722484.767753491876647, 1848065.271077976329252 ] ] ], [ [ [ 1723173.134293729439378, 1842174.051709028892219 ], [ 1724687.219855744158849, 1843863.708315443946049 ], [ 1725189.389720084378496, 1841512.114490138133988 ], [ 1723173.134293729439378, 1842174.051709028892219 ] ] ], [ [ [ 1725668.510784087935463, 1841860.735896308440715 ], [ 1726722.741705243708566, 1842019.636657822644338 ], [ 1728654.236012902809307, 1841170.276705612195656 ], [ 1728332.018464263761416, 1839143.730114717036486 ], [ 1725668.510784087935463, 1841860.735896308440715 ] ] ], [ [ [ 1731345.314620973309502, 1824697.997397565748543 ], [ 1732237.539083718555048, 1826321.986980869201943 ], [ 1733232.523284807102755, 1823984.838338748086244 ], [ 1731345.314620973309502, 1824697.997397565748543 ] ] ], [ [ [ 1721288.05999089893885, 1857767.982182551873848 ], [ 1722940.7949261541944, 1858584.22549991752021 ], [ 1722441.221465981332585, 1856641.56585676362738 ], [ 1721288.05999089893885, 1857767.982182551873848 ] ] ], [ [ [ 1730672.185002163983881, 1826865.729000070132315 ], [ 1732162.693885878426954, 1827667.808184364810586 ], [ 1731672.830626394134015, 1826843.785768892150372 ], [ 1730672.185002163983881, 1826865.729000070132315 ] ] ], [ [ [ 1723178.554950318066403, 1842112.292122855084017 ], [ 1724790.478997654281557, 1839326.149173966608942 ], [ 1724559.729662897530943, 1838235.584960540756583 ], [ 1723178.554950318066403, 1842112.292122855084017 ] ] ], [ [ [ 1726175.045677208574489, 1838309.368154459400102 ], [ 1726464.650217117276043, 1837867.359234709991142 ], [ 1726343.02982724760659, 1837689.329130162717775 ], [ 1726811.466997484443709, 1837676.287617347668856 ], [ 1727232.143946361960843, 1837102.16310125682503 ], [ 1726493.254237559856847, 1836210.328230369370431 ], [ 1726175.045677208574489, 1838309.368154459400102 ] ] ], [ [ [ 1728308.237563456874341, 1859119.424801558256149 ], [ 1729652.771761468145996, 1859252.520143139176071 ], [ 1729102.55589631665498, 1858494.408132973359898 ], [ 1728308.237563456874341, 1859119.424801558256149 ] ] ], [ [ [ 1737062.196679390501231, 1842366.302498474251479 ], [ 1738237.221418218221515, 1841290.444367855088785 ], [ 1737260.072926731081679, 1840194.113355683162808 ], [ 1737062.196679390501231, 1842366.302498474251479 ] ] ], [ [ [ 1725340.951614358462393, 1839495.794204162666574 ], [ 1726358.484730598283932, 1839948.513370845699683 ], [ 1726567.142212978331372, 1838799.424972896231338 ], [ 1726239.901494913036004, 1839309.379728962201625 ], [ 1725340.951614358462393, 1839495.794204162666574 ] ] ], [ [ [ 1724126.387039603898302, 1849115.152688957052305 ], [ 1725649.380283667473122, 1849030.096045114099979 ], [ 1723900.598876138916239, 1848689.349618804873899 ], [ 1724126.387039603898302, 1849115.152688957052305 ] ] ], [ [ [ 1738577.438436336349696, 1838489.981980869313702 ], [ 1737859.987567673670128, 1839183.817634772742167 ], [ 1739199.087514468934387, 1838219.13931845757179 ], [ 1738644.335998470429331, 1838165.826473886379972 ], [ 1738556.472903102869168, 1837819.077298202784732 ], [ 1738577.438436336349696, 1838489.981980869313702 ] ] ], [ [ [ 1715771.400292339036241, 1858366.025074765551835 ], [ 1717143.675263031385839, 1856861.870409850031137 ], [ 1716429.551966643659398, 1856095.902656256919727 ], [ 1715771.400292339036241, 1858366.025074765551835 ] ] ], [ [ [ 1732389.235934757161885, 1827139.057328063994646 ], [ 1733184.101181359263137, 1827188.716309631243348 ], [ 1732806.417400020407513, 1826525.231743672629818 ], [ 1732389.235934757161885, 1827139.057328063994646 ] ] ], [ [ [ 1715391.54268111102283, 1860391.541793374111876 ], [ 1716260.224773159250617, 1859658.50543155008927 ], [ 1716330.288421004079282, 1858773.632924071047455 ], [ 1715672.830996915465221, 1859397.003229427384213 ], [ 1715391.54268111102283, 1860391.541793374111876 ] ] ], [ [ [ 1725669.126544442027807, 1839392.514549840707332 ], [ 1726250.353242544922978, 1839212.018205426866189 ], [ 1726833.541984735988081, 1837778.069813162786886 ], [ 1725682.831657238537446, 1839002.004431907786056 ], [ 1725669.126544442027807, 1839392.514549840707332 ] ] ], [ [ [ 1726449.46686986531131, 1843435.728558678645641 ], [ 1727290.515195829095319, 1842578.586380652617663 ], [ 1727924.74335038359277, 1842244.519834091188386 ], [ 1727346.068670493783429, 1842257.279683442786336 ], [ 1726449.46686986531131, 1843435.728558678645641 ] ] ], [ [ [ 1729446.965294259367511, 1831048.640984959900379 ], [ 1730126.899246761808172, 1829834.388015330769122 ], [ 1729100.686256519518793, 1831116.463312492705882 ], [ 1729446.965294259367511, 1831048.640984959900379 ] ] ], [ [ [ 1725492.482952082995325, 1841269.176652596797794 ], [ 1726140.447666969383135, 1841032.683296084636822 ], [ 1725686.718796676956117, 1840806.701097407145426 ], [ 1725492.482952082995325, 1841269.176652596797794 ] ] ], [ [ [ 1724809.825982061913237, 1844231.270834020338953 ], [ 1725155.047212032368407, 1843281.501464519184083 ], [ 1724492.849076888989657, 1844200.326045781606808 ], [ 1724809.825982061913237, 1844231.270834020338953 ] ] ], [ [ [ 1725338.665786349913105, 1843146.36534179141745 ], [ 1725631.82811777619645, 1842027.223321859491989 ], [ 1725278.193964256439358, 1841674.313745498890057 ], [ 1725338.665786349913105, 1843146.36534179141745 ] ] ], [ [ [ 1728138.409761450253427, 1847996.405789090320468 ], [ 1728176.440497819101438, 1847626.874980438267812 ], [ 1727719.514555781846866, 1847946.033526555402204 ], [ 1728138.409761450253427, 1847996.405789090320468 ] ] ], [ [ [ 1728982.840814387658611, 1847466.395098847337067 ], [ 1728809.495725735556334, 1846870.316061776829883 ], [ 1728785.851870654150844, 1847689.251666373340413 ], [ 1728982.840814387658611, 1847466.395098847337067 ] ] ], [ [ [ 1724370.060430554673076, 1840666.161857628496364 ], [ 1724479.337395247770473, 1841236.566919562639669 ], [ 1724862.158616301836446, 1840509.911222195951268 ], [ 1724370.060430554673076, 1840666.161857628496364 ] ] ], [ [ [ 1756459.34393, 1847093.41932880342938 ], [ 1756869.788857824634761, 1846908.387184382416308 ], [ 1757242.281118658836931, 1846370.789328843355179 ], [ 1756459.34393, 1847093.41932880342938 ] ] ], [ [ [ 1724906.55103174992837, 1840571.292927575064823 ], [ 1725103.132806661305949, 1840950.838601343333721 ], [ 1725241.802543838741258, 1840468.827422070549801 ], [ 1724906.55103174992837, 1840571.292927575064823 ] ] ], [ [ [ 1724748.826540146255866, 1837866.657561529194936 ], [ 1725025.226447757799178, 1837571.351862280163914 ], [ 1725426.832499289186671, 1836772.83382427203469 ], [ 1724748.826540146255866, 1837866.657561529194936 ] ] ], [ [ [ 1794756.011077414732426, 1911843.0119410273619 ], [ 1795216.539965284522623, 1911388.236032061744481 ], [ 1794703.959778225049376, 1911373.869081834796816 ], [ 1794756.011077414732426, 1911843.0119410273619 ] ] ], [ [ [ 1718179.966901815263554, 1858495.928780836984515 ], [ 1718480.24794044252485, 1857734.764225439634174 ], [ 1718106.484931137412786, 1858490.827807117952034 ], [ 1718179.966901815263554, 1858495.928780836984515 ] ] ], [ [ [ 1724036.378355481429026, 1844619.144128926098347 ], [ 1724423.069452799856663, 1844213.06174740777351 ], [ 1723801.132105085998774, 1844559.123990820720792 ], [ 1724036.378355481429026, 1844619.144128926098347 ] ] ], [ [ [ 1726246.670866830740124, 1834783.302828374085948 ], [ 1726575.49864568351768, 1834024.406412863871083 ], [ 1725839.664710982469842, 1835583.291360154282302 ], [ 1726246.670866830740124, 1834783.302828374085948 ] ] ], [ [ [ 1737854.806471871444955, 1838179.737523293122649 ], [ 1738323.616788632702082, 1838127.636213121237233 ], [ 1738487.059440041193739, 1837782.725026878528297 ], [ 1738932.269394888542593, 1837747.363001564051956 ], [ 1738604.893760409438983, 1837699.022144473390654 ], [ 1737854.806471871444955, 1838179.737523293122649 ] ] ], [ [ [ 1722682.536612489027902, 1845082.775440691504627 ], [ 1722837.243409263435751, 1844706.509602893376723 ], [ 1722593.438639708328992, 1844728.01388328243047 ], [ 1722682.536612489027902, 1845082.775440691504627 ] ] ], [ [ [ 1737605.767655309988186, 1839433.687388671096414 ], [ 1737295.73744267784059, 1839931.45826946082525 ], [ 1737367.872228665277362, 1840015.160466875880957 ], [ 1737605.767655309988186, 1839433.687388671096414 ] ] ], [ [ [ 1717056.980183074716479, 1860289.022446041926742 ], [ 1717327.870515457820147, 1860433.996061093173921 ], [ 1717423.307987418957055, 1860267.060482958331704 ], [ 1717056.980183074716479, 1860289.022446041926742 ] ] ], [ [ [ 1715882.995237136259675, 1857214.750136323040351 ], [ 1716022.047406009398401, 1856749.399980442598462 ], [ 1715774.894253525417298, 1857217.553354220231995 ], [ 1715882.995237136259675, 1857214.750136323040351 ] ] ], [ [ [ 1719466.549598681274801, 1854652.062879334203899 ], [ 1719448.735375667223707, 1854409.563120894832537 ], [ 1719338.458659414667636, 1854540.786652905633673 ], [ 1719466.549598681274801, 1854652.062879334203899 ] ] ], [ [ [ 1724733.626678203698248, 1840442.506774601759389 ], [ 1725084.039617856498808, 1840421.655627363594249 ], [ 1725193.818307757377625, 1840281.187237329082564 ], [ 1725029.659346416126937, 1840249.385148944798857 ], [ 1724733.626678203698248, 1840442.506774601759389 ] ] ], [ [ [ 1737796.640230274060741, 1844234.438126102555543 ], [ 1737698.55854152305983, 1844079.569250792032108 ], [ 1737572.49695967650041, 1844259.86189478659071 ], [ 1737796.640230274060741, 1844234.438126102555543 ] ] ], [ [ [ 1723199.53453867812641, 1852742.496287480229512 ], [ 1723031.866506584687158, 1852696.29392126086168 ], [ 1723096.549460969865322, 1852851.63302786485292 ], [ 1723199.53453867812641, 1852742.496287480229512 ] ] ], [ [ [ 1730401.067129458999261, 1862616.954253108939156 ], [ 1730698.164733488345519, 1862678.515798313776031 ], [ 1730687.485400203615427, 1862501.519829206867144 ], [ 1730401.067129458999261, 1862616.954253108939156 ] ] ], [ [ [ 1716325.528375323629007, 1866315.780112757813185 ], [ 1716371.474700524937361, 1866107.024803795851767 ], [ 1716058.219510657712817, 1866154.599228114122525 ], [ 1716325.528375323629007, 1866315.780112757813185 ] ] ], [ [ [ 1723648.813033033628017, 1846039.971332329092547 ], [ 1723923.535704044857994, 1845820.8752249868121 ], [ 1723977.059853238752112, 1845710.00855463068001 ], [ 1723648.813033033628017, 1846039.971332329092547 ] ] ], [ [ [ 1729575.408538314746693, 1858509.072111912071705 ], [ 1729485.404675439931452, 1858400.602503511821851 ], [ 1729392.96990784117952, 1858519.839262017747387 ], [ 1729575.408538314746693, 1858509.072111912071705 ] ] ], [ [ [ 1724604.471239996608347, 1841311.496684411540627 ], [ 1724794.963267041835934, 1841165.890369029482827 ], [ 1724590.044351072981954, 1841258.568419176386669 ], [ 1724604.471239996608347, 1841311.496684411540627 ] ] ], [ [ [ 1733571.836967750219628, 1863133.405282847816125 ], [ 1733725.692477097501978, 1863161.201069598086178 ], [ 1733722.557803714415058, 1863041.526027944171801 ], [ 1733571.836967750219628, 1863133.405282847816125 ] ] ], [ [ [ 1729053.295800862601027, 1844290.724362671840936 ], [ 1729254.330064524197951, 1844285.009438705164939 ], [ 1729096.67572027258575, 1844258.854583256645128 ], [ 1729053.295800862601027, 1844290.724362671840936 ] ] ], [ [ [ 1738927.765508506912738, 1838977.521956978365779 ], [ 1738813.198114947648719, 1838879.06795717170462 ], [ 1738813.170420255279168, 1839023.394938233541325 ], [ 1738927.765508506912738, 1838977.521956978365779 ] ] ], [ [ [ 1746541.142500483430922, 1846319.677256780909374 ], [ 1746474.950214463286102, 1846292.302077734610066 ], [ 1746405.741179217351601, 1846374.472288064891472 ], [ 1746541.142500483430922, 1846319.677256780909374 ] ] ], [ [ [ 1742249.550996996695176, 1840367.547728697303683 ], [ 1742161.203816940076649, 1840311.715445004170761 ], [ 1742152.23573643178679, 1840364.931254598544911 ], [ 1742249.550996996695176, 1840367.547728697303683 ] ] ], [ [ [ 1739064.167417357908562, 1839023.694977479986846 ], [ 1739088.51470631128177, 1838934.464090183610097 ], [ 1739002.216631497023627, 1838984.58346737199463 ], [ 1739064.167417357908562, 1839023.694977479986846 ] ] ], [ [ [ 1739946.279174606082961, 1839290.640456434572116 ], [ 1739874.644332860130817, 1839264.68610727484338 ], [ 1739893.167956340825185, 1839357.863310740794986 ], [ 1739946.279174606082961, 1839290.640456434572116 ] ] ], [ [ [ 1746429.570004800567403, 1846249.35735622048378 ], [ 1746361.937463925452903, 1846229.469476371072233 ], [ 1746376.401382234878838, 1846291.075544516323134 ], [ 1746429.570004800567403, 1846249.35735622048378 ] ] ], [ [ [ 1746603.3176523684524, 1846424.962781401351094 ], [ 1746532.278489089105278, 1846396.539527939399704 ], [ 1746531.614082443527877, 1846459.349307856056839 ], [ 1746603.3176523684524, 1846424.962781401351094 ] ] ], [ [ [ 1739189.475467314943671, 1838031.812760980101302 ], [ 1739144.147125088609755, 1837996.962868957547471 ], [ 1739134.458446627482772, 1838060.684316555736586 ], [ 1739189.475467314943671, 1838031.812760980101302 ] ] ], [ [ [ 1738957.312453794991598, 1838024.557677515549585 ], [ 1738900.270316604757681, 1838001.521802742965519 ], [ 1738893.280494409613311, 1838072.586966754402965 ], [ 1738957.312453794991598, 1838024.557677515549585 ] ] ], [ [ [ 1741498.273778517264873, 1840914.1834509705659 ], [ 1741466.450879754731432, 1840846.910884772893041 ], [ 1741448.571481246501207, 1840882.386257655220106 ], [ 1741498.273778517264873, 1840914.1834509705659 ] ] ], [ [ [ 1742655.203401538776234, 1840502.859548619482666 ], [ 1742594.666753941914067, 1840464.708121143979952 ], [ 1742589.282073083333671, 1840481.433901161886752 ], [ 1742655.203401538776234, 1840502.859548619482666 ] ] ], [ [ [ 1742876.327252886956558, 1844035.450189176714048 ], [ 1742820.488955747801811, 1844054.943773733684793 ], [ 1742852.545703460695222, 1844085.473378602648154 ], [ 1742876.327252886956558, 1844035.450189176714048 ] ] ], [ [ [ 1751077.204909551888704, 1848127.024088307050988 ], [ 1751126.326019592583179, 1848099.59357082657516 ], [ 1751047.119409266859293, 1848123.715930573642254 ], [ 1751077.204909551888704, 1848127.024088307050988 ] ] ], [ [ [ 1742900.559883371926844, 1843959.382476242724806 ], [ 1742844.458993571810424, 1843921.03255524719134 ], [ 1742865.878977215150371, 1843964.977230368182063 ], [ 1742900.559883371926844, 1843959.382476242724806 ] ] ], [ [ [ 1751033.533755428390577, 1848194.628228949150071 ], [ 1750974.382377024274319, 1848175.503145981114358 ], [ 1751000.129388365894556, 1848207.459438250632957 ], [ 1751033.533755428390577, 1848194.628228949150071 ] ] ], [ [ [ 1745891.383752420544624, 1846025.417691971873865 ], [ 1745855.002912173047662, 1845993.135573819745332 ], [ 1745851.188512137159705, 1846025.221034201327711 ], [ 1745891.383752420544624, 1846025.417691971873865 ] ] ] ] } },
{ "type": "Feature", "properties": { "OBJECTID": 199.0, "STATE": "Virginia", "STATE_FIPS": "51", "CD_2DIG": "01", "STATE_CODE": 44, "CLIMDIV": 4401, "CD_NEW": 1, "FIPS_CD": "5101", "NCDC_GEO_I": 109.0, "NAME": "TIDEWATER", "ST_ABBRV": "VA", "SHAPE_AREA": 0.0, "SHAPE_LEN": 0.0 }, "geometry": { "type": "MultiPolygon", "coordinates": [ [ [ [ 1587812.100431916303933, 1884416.367784775327891 ], [ 1605526.555028539616615, 1879179.55172222154215 ], [ 1610650.980417682556435, 1859857.548037484521046 ], [ 1629218.156014395412058, 1870786.815392686054111 ], [ 1641362.684032461838797, 1851240.71490698796697 ], [ 1671896.027439188212156, 1850714.419526146259159 ], [ 1709246.844823245424777, 1828715.981251644669101 ], [ 1702731.804840941447765, 1804382.467854382237419 ], [ 1704025.70861611654982, 1798593.436639696592465 ], [ 1708990.991887561744079, 1800412.962114226771519 ], [ 1710810.070757808862254, 1799623.418947179336101 ], [ 1711955.690284831449389, 1797914.697486727731302 ], [ 1698903.685290480498224, 1798013.472178077092394 ], [ 1697901.137932451674715, 1791957.783686390146613 ], [ 1711504.634273105533794, 1791682.939603592269123 ], [ 1707205.474788557039574, 1785760.833460693713278 ], [ 1720160.79951713164337, 1772259.124023363692686 ], [ 1719125.296537233283743, 1769951.624680314213037 ], [ 1718075.304875049740076, 1771162.568676529219374 ], [ 1717341.906087418086827, 1770143.396156383911148 ], [ 1715741.568597758188844, 1771097.99441897100769 ], [ 1715007.291107881814241, 1770421.982334824511781 ], [ 1714566.648955502547324, 1770967.321839695097879 ], [ 1714521.168501187115908, 1770790.917018250795081 ], [ 1714269.829562498722225, 1770982.012007878860459 ], [ 1714209.697525379247963, 1770842.038199523231015 ], [ 1716796.066015846794471, 1769137.451781538082287 ], [ 1718536.916542729362845, 1769613.628637477755547 ], [ 1719153.680291017750278, 1764453.17558251414448 ], [ 1712794.479340561432764, 1769246.504314724821597 ], [ 1712599.206582388840616, 1773396.535892634186894 ], [ 1709699.622627096483484, 1777614.999507570639253 ], [ 1708403.154322967398912, 1775968.810751812066883 ], [ 1710800.097626025788486, 1774584.471354343229905 ], [ 1711795.563337289495394, 1771951.401294989977032 ], [ 1711123.284104737220332, 1769587.251142194261774 ], [ 1701146.626135451486334, 1776919.837686637416482 ], [ 1706628.060602392302826, 1768707.775155893294141 ], [ 1702542.714163659373298, 1769003.79798550484702 ], [ 1701660.1393305757083, 1770596.273612092714757 ], [ 1699759.31461410340853, 1770639.607288772240281 ], [ 1698296.50030241231434, 1772351.923896522261202 ], [ 1697483.155348719097674, 1772373.780054130358621 ], [ 1699759.766185383312404, 1766197.888987181475386 ], [ 1707832.173414074117318, 1765181.813635804690421 ], [ 1700634.766675365390256, 1764545.523905650246888 ], [ 1701013.357245724881068, 1760680.366193259833381 ], [ 1710832.694967770250514, 1758854.719578441930935 ], [ 1701426.229944251012057, 1752105.309277185471728 ], [ 1712138.871615624520928, 1749802.669667646754533 ], [ 1706969.186127201188356, 1747191.840135736390948 ], [ 1708377.608495720196515, 1742152.564994285115972 ], [ 1721907.176469856407493, 1744159.508086785208434 ], [ 1718272.196670785779133, 1740311.567948570009321 ], [ 1715999.622103099478409, 1742190.977953178808093 ], [ 1714870.177852039225399, 1741958.441316840937361 ], [ 1714272.470910376403481, 1740593.630840538768098 ], [ 1717947.910035606939346, 1734132.040644919499755 ], [ 1724900.636779615655541, 1740260.676238270010799 ], [ 1717232.459860456176102, 1719444.590484274085611 ], [ 1725609.691514672711492, 1726897.847609644755721 ], [ 1752696.845894951140508, 1726833.053939644945785 ], [ 1772227.344603557139635, 1688846.91491444571875 ], [ 1759567.165903394808993, 1686111.763294741977006 ], [ 1755030.094016572227702, 1692654.819770769681782 ], [ 1754288.388086003484204, 1691050.289237874327227 ], [ 1754421.373664332088083, 1690025.773261111695319 ], [ 1757623.780397634254768, 1685705.287488208152354 ], [ 1607289.420563880586997, 1654487.233010835712776 ], [ 1613363.959895751904696, 1674859.058004705933854 ], [ 1609284.231338487705216, 1694721.502003707457334 ], [ 1629620.122693357523531, 1709969.682195764966309 ], [ 1620576.327647117199376, 1740557.564313584007323 ], [ 1625552.513698450522497, 1744070.622530972585082 ], [ 1625464.712963852565736, 1737194.996758940862492 ], [ 1636811.315872434293851, 1756137.572255546925589 ], [ 1631614.692790885688737, 1773591.161985598737374 ], [ 1640006.843228036537766, 1788122.987240434158593 ], [ 1616728.666817829245701, 1798722.064728183206171 ], [ 1628330.492477659368888, 1820833.169823292875662 ], [ 1636460.554635932436213, 1822402.346119915833697 ], [ 1625398.466700325254351, 1833297.507946542929858 ], [ 1628449.78595565399155, 1841958.332265885546803 ], [ 1579173.223990118363872, 1859981.089509958401322 ], [ 1587812.100431916303933, 1884416.367784775327891 ] ] ], [ [ [ 1779565.948089370736852, 1857697.87194084492512 ], [ 1775235.394800821784884, 1854809.648094979813322 ], [ 1762778.132283067563549, 1807846.704138837754726 ], [ 1765660.25750662619248, 1799670.188740166602656 ], [ 1755770.633784326957539, 1790912.331690248567611 ], [ 1759145.126145303249359, 1799933.560675455490127 ], [ 1758939.668213523458689, 1801805.511887812288478 ], [ 1759998.590725922258571, 1803629.145933020161465 ], [ 1759647.806125607574359, 1803584.476466084131971 ], [ 1754511.153165667550638, 1795269.991341794840991 ], [ 1750132.614140783436596, 1748906.473170145880431 ], [ 1741204.99533529789187, 1769389.240050448104739 ], [ 1748478.336088207783177, 1790221.166841800557449 ], [ 1742229.383376568555832, 1788289.352908944478258 ], [ 1742751.287068406585604, 1796307.812986303120852 ], [ 1750653.686885283561423, 1798514.360355476848781 ], [ 1751621.224785896250978, 1800881.958106270059943 ], [ 1742076.266733967233449, 1798256.856959941564128 ], [ 1751932.268095260718837, 1822756.503631631145254 ], [ 1750503.95919788395986, 1825094.22794558852911 ], [ 1748217.652675743913278, 1824881.839409554377198 ], [ 1747573.024169462267309, 1825089.29201712552458 ], [ 1747164.320254703052342, 1825683.585681925993413 ], [ 1756109.84647029475309, 1828021.546117521356791 ], [ 1759331.967030846746638, 1840342.09675358585082 ], [ 1751599.604289368260652, 1841386.359256106894463 ], [ 1759003.468201520154253, 1851500.373301129322499 ], [ 1779565.948089370736852, 1857697.87194084492512 ] ] ], [ [ [ 1790626.670466501964256, 1862219.025034023448825 ], [ 1785051.736707651522011, 1842988.492563766427338 ], [ 1783853.536577792372555, 1841414.609494503121823 ], [ 1781803.793397415662184, 1841888.261055649723858 ], [ 1790626.670466501964256, 1862219.025034023448825 ] ] ], [ [ [ 1784074.309765786398202, 1855494.075815988471732 ], [ 1784075.957089801551774, 1848367.539717944804579 ], [ 1779613.298349985852838, 1845032.339488240191713 ], [ 1784074.309765786398202, 1855494.075815988471732 ] ] ], [ [ [ 1775327.969008234795183, 1842608.717015862930566 ], [ 1773798.709045590599999, 1834780.589311307994649 ], [ 1772874.229161622468382, 1834955.874909580918029 ], [ 1775327.969008234795183, 1842608.717015862930566 ] ] ], [ [ [ 1716678.705835277913138, 1782172.500338584883139 ], [ 1714498.889942981768399, 1785876.015470838407055 ], [ 1716567.095791516127065, 1783016.54768197145313 ], [ 1716739.259420958347619, 1782360.148033236386254 ], [ 1716678.705835277913138, 1782172.500338584883139 ] ] ], [ [ [ 1771174.688194983871654, 1832819.824116094969213 ], [ 1773681.123108615865931, 1834362.761262718588114 ], [ 1772395.314690550789237, 1831618.262929886346683 ], [ 1771174.688194983871654, 1832819.824116094969213 ] ] ], [ [ [ 1750041.098024608334526, 1745407.641931129153818 ], [ 1751853.115737312240526, 1747137.461935095489025 ], [ 1751983.365807318827137, 1746265.448922401526943 ], [ 1751650.319891032995656, 1746726.658322219038382 ], [ 1751390.812336252536625, 1745716.10323591530323 ], [ 1750628.283862946089357, 1745651.144780144095421 ], [ 1750228.574442999670282, 1745346.211610797559842 ], [ 1750041.098024608334526, 1745407.641931129153818 ] ] ], [ [ [ 1775826.581174886086956, 1849764.119657633826137 ], [ 1776659.016396604012698, 1848567.844262945232913 ], [ 1775280.991568417521194, 1848929.750346102518961 ], [ 1775826.581174886086956, 1849764.119657633826137 ] ] ], [ [ [ 1777076.782736261375248, 1849397.96462634508498 ], [ 1777682.180497570196167, 1848648.393689162796363 ], [ 1776676.690295001259074, 1848416.920762141002342 ], [ 1777076.782736261375248, 1849397.96462634508498 ] ] ], [ [ [ 1786779.707065803930163, 1855939.944160691695288 ], [ 1787007.603749956702814, 1855399.077507657231763 ], [ 1786548.079364657402039, 1855321.141700641950592 ], [ 1786779.707065803930163, 1855939.944160691695288 ] ] ], [ [ [ 1754843.498468308476731, 1691954.614632096141577 ], [ 1755181.394508375553414, 1691449.776026769075543 ], [ 1754663.292643607826903, 1691578.101409882539883 ], [ 1754843.498468308476731, 1691954.614632096141577 ] ] ], [ [ [ 1750029.090961234876886, 1747957.178700795629993 ], [ 1750484.623578166589141, 1747841.040110397152603 ], [ 1750412.673010591650382, 1747677.021863075671718 ], [ 1750029.090961234876886, 1747957.178700795629993 ] ] ], [ [ [ 1781396.69524962734431, 1849815.402390082599595 ], [ 1780552.954881897196174, 1849262.371588746551424 ], [ 1781423.421372298616916, 1850042.69422465772368 ], [ 1781396.69524962734431, 1849815.402390082599595 ] ] ] ] } },
{ "type": "Feature", "properties": { "OBJECTID": 200.0, "STATE": "Virginia", "STATE_FIPS": "51", "CD_2DIG": "04", "STATE_CODE": 44, "CLIMDIV": 4404, "CD_NEW": 4, "FIPS_CD": "5104", "NCDC_GEO_I": 110.0, "NAME": "NORTHERN", "ST_ABBRV": "VA", "SHAPE_AREA": 0.0, "SHAPE_LEN": 0.0 }, "geometry": { "type": "Polygon", "coordinates": [ [ [ 1496571.669859160669148, 1966373.265328226378188 ], [ 1546875.32014414248988, 1938087.413704238831997 ], [ 1551140.448147888062522, 1959811.402517409762368 ], [ 1565107.319113737437874, 1961488.79146875650622 ], [ 1575984.641990586416796, 1954414.900202116463333 ], [ 1573031.314877471420914, 1941892.552417527418584 ], [ 1619889.910513457143679, 1920773.488637741655111 ], [ 1616515.831401582807302, 1895018.315942477434874 ], [ 1604405.233095143688843, 1877266.651898709125817 ], [ 1586902.179001176962629, 1884056.770113057456911 ], [ 1577535.033447742462158, 1868063.597504686797038 ], [ 1580951.938132553361356, 1857425.547519417945296 ], [ 1557694.090186784276739, 1824323.235123859951273 ], [ 1493976.937015182804316, 1830628.567315811058506 ], [ 1506124.260148664470762, 1849245.769504207186401 ], [ 1486868.300081057706848, 1855768.726493068737909 ], [ 1489148.122326762182638, 1866976.608654130715877 ], [ 1466663.724888827651739, 1880895.113637420581654 ], [ 1497728.273343350505456, 1932734.972817967412993 ], [ 1496571.669859160669148, 1966373.265328226378188 ] ] ] } },
{ "type": "Feature", "properties": { "OBJECTID": 201.0, "STATE": "Virginia", "STATE_FIPS": "51", "CD_2DIG": "05", "STATE_CODE": 44, "CLIMDIV": 4405, "CD_NEW": 5, "FIPS_CD": "5105", "NCDC_GEO_I": 111.0, "NAME": "CENTRAL MOUNTAIN", "ST_ABBRV": "VA", "SHAPE_AREA": 0.0, "SHAPE_LEN": 0.0 }, "geometry": { "type": "Polygon", "coordinates": [ [ [ 1458081.031149897491559, 1886257.414701144443825 ], [ 1489148.122326762182638, 1866976.608654130715877 ], [ 1486868.300081057706848, 1855768.726493068737909 ], [ 1505843.734045411227271, 1847486.999691827688366 ], [ 1488441.070622747531161, 1822684.074006753973663 ], [ 1480471.86675343872048, 1790649.631096972385421 ], [ 1459486.205468802712858, 1780278.170739054679871 ], [ 1460129.397717216750607, 1770065.498243749374524 ], [ 1452165.102014471078292, 1767948.074897001730278 ], [ 1431458.965315314242616, 1725346.635961052495986 ], [ 1422732.642169864615425, 1727445.396209561964497 ], [ 1412410.001798922428861, 1716582.144592944066972 ], [ 1407978.289686359232292, 1688359.997377380728722 ], [ 1386929.407052827998996, 1678633.931437288410962 ], [ 1374845.693047136534005, 1703035.154917317675427 ], [ 1360453.270768883638084, 1697684.403620393946767 ], [ 1354852.692296428605914, 1709060.885307393735275 ], [ 1372954.972690074006096, 1734817.534637870034203 ], [ 1367564.935383943608031, 1749017.338548121973872 ], [ 1398117.634088064078242, 1812479.917584617389366 ], [ 1403867.155347560765222, 1850195.11338810576126 ], [ 1421127.549747793236747, 1837930.752335703233257 ], [ 1438338.860670113004744, 1836513.161011849297211 ], [ 1458081.031149897491559, 1886257.414701144443825 ] ] ] } },
{ "type": "Feature", "properties": { "OBJECTID": 202.0, "STATE": "Virginia", "STATE_FIPS": "51", "CD_2DIG": "02", "STATE_CODE": 44, "CLIMDIV": 4402, "CD_NEW": 2, "FIPS_CD": "5102", "NCDC_GEO_I": 112.0, "NAME": "EASTERN PIEDMONT", "ST_ABBRV": "VA", "SHAPE_AREA": 0.0, "SHAPE_LEN": 0.0 }, "geometry": { "type": "Polygon", "coordinates": [ [ [ 1578594.24888410884887, 1858151.4376571837347 ], [ 1602967.886689268983901, 1847799.342166233807802 ], [ 1616989.278237992431968, 1850439.40109214396216 ], [ 1636428.72553216596134, 1823233.255733138648793 ], [ 1616728.666817829245701, 1798722.064728183206171 ], [ 1640006.843228036537766, 1788122.987240434158593 ], [ 1631614.692790885688737, 1773591.161985598737374 ], [ 1636811.315872434293851, 1756137.572255546925589 ], [ 1625464.712963852565736, 1737194.996758940862492 ], [ 1625552.513698450522497, 1744070.622530972585082 ], [ 1620576.327647117199376, 1740557.564313584007323 ], [ 1629620.122693357523531, 1709969.682195764966309 ], [ 1609284.231338487705216, 1694721.502003707457334 ], [ 1613363.959895751904696, 1674859.058004705933854 ], [ 1607289.420563880586997, 1654487.233010835712776 ], [ 1523078.379486598772928, 1638177.608010572614148 ], [ 1524873.861863601021469, 1655099.253161573084071 ], [ 1537484.514037451008335, 1650440.061519627692178 ], [ 1527373.508817781927064, 1656736.497153775766492 ], [ 1537385.695006860885769, 1702060.297936487244442 ], [ 1514034.408588229678571, 1710768.00582082523033 ], [ 1517797.096320227487013, 1734736.457993299001828 ], [ 1494779.566516445716843, 1748110.067464551189914 ], [ 1493437.404050171142444, 1756767.310930060222745 ], [ 1518601.178867443464696, 1776442.713280264288187 ], [ 1535761.132198250852525, 1821931.240297307493165 ], [ 1557694.090186784276739, 1824323.235123859951273 ], [ 1578594.24888410884887, 1858151.4376571837347 ] ] ] } },
{ "type": "Feature", "properties": { "OBJECTID": 203.0, "STATE": "Virginia", "STATE_FIPS": "51", "CD_2DIG": "03", "STATE_CODE": 44, "CLIMDIV": 4403, "CD_NEW": 3, "FIPS_CD": "5103", "NCDC_GEO_I": 113.0, "NAME": "WESTERN PIEDMONT", "ST_ABBRV": "VA", "SHAPE_AREA": 0.0, "SHAPE_LEN": 0.0 }, "geometry": { "type": "Polygon", "coordinates": [ [ [ 1497891.793513778364286, 1829679.910471057519317 ], [ 1535761.132198250852525, 1821931.240297307493165 ], [ 1518601.178867443464696, 1776442.713280264288187 ], [ 1493359.444336222950369, 1752036.547957968432456 ], [ 1517797.096320227487013, 1734736.457993299001828 ], [ 1514034.408588229678571, 1710768.00582082523033 ], [ 1537385.695006860885769, 1702060.297936487244442 ], [ 1527373.508817781927064, 1656736.497153775766492 ], [ 1536454.775671981740743, 1651863.896726346574724 ], [ 1537484.514037451008335, 1650440.061519627692178 ], [ 1524873.861863601021469, 1655099.253161573084071 ], [ 1523078.379486598772928, 1638177.608010572614148 ], [ 1358682.305495022796094, 1611458.763830879935995 ], [ 1358290.202403956325725, 1623141.050103199202567 ], [ 1367783.635906215524301, 1623454.857411281904206 ], [ 1392265.622789420187473, 1661511.695938033051789 ], [ 1392061.416032629087567, 1684265.963232228765264 ], [ 1404616.454772790428251, 1684922.689311664784327 ], [ 1412731.553034992422909, 1695173.529958219034597 ], [ 1412410.001798922428861, 1716582.144592944066972 ], [ 1422732.642169864615425, 1727445.396209561964497 ], [ 1431458.965315314242616, 1725346.635961052495986 ], [ 1452165.102014471078292, 1767948.074897001730278 ], [ 1460129.397717216750607, 1770065.498243749374524 ], [ 1459486.205468802712858, 1780278.170739054679871 ], [ 1480471.86675343872048, 1790649.631096972385421 ], [ 1488441.070622747531161, 1822684.074006753973663 ], [ 1497891.793513778364286, 1829679.910471057519317 ] ] ] } },
{ "type": "Feature", "properties": { "OBJECTID": 204.0, "STATE": "Virginia", "STATE_FIPS": "51", "CD_2DIG": "06", "STATE_CODE": 44, "CLIMDIV": 4406, "CD_NEW": 6, "FIPS_CD": "5106", "NCDC_GEO_I": 114.0, "NAME": "SOUTHWESTERN MOUNTAIN", "ST_ABBRV": "VA", "SHAPE_AREA": 0.0, "SHAPE_LEN": 0.0 }, "geometry": { "type": "Polygon", "coordinates": [ [ [ 1223775.323919400572777, 1700997.689295309362933 ], [ 1230313.906656756065786, 1682117.998304312117398 ], [ 1254453.713100492954254, 1668037.403187732910737 ], [ 1279356.989229160826653, 1687319.259085620054975 ], [ 1293246.723599802935496, 1677808.972872677259147 ], [ 1316541.724298922345042, 1688495.853101623710245 ], [ 1321513.941712231608108, 1704386.465944039868191 ], [ 1330279.779948478797451, 1699305.704448122996837 ], [ 1350689.20029276702553, 1715045.014863267308101 ], [ 1360453.270768883638084, 1697684.403620393946767 ], [ 1374845.693047136534005, 1703035.154917317675427 ], [ 1394350.153712082188576, 1670608.972084454027936 ], [ 1367783.635906215524301, 1623454.857411281904206 ], [ 1358290.202403956325725, 1623141.050103199202567 ], [ 1358682.305495022796094, 1611458.763830879935995 ], [ 1089283.310812830459327, 1576764.415669814217836 ], [ 1134589.719347739592195, 1598838.919508802006021 ], [ 1138385.653608861844987, 1612010.847456575138494 ], [ 1154823.561027267249301, 1618235.92915145936422 ], [ 1164989.724023198708892, 1645838.406084506539628 ], [ 1195067.003507314249873, 1666791.113851713715121 ], [ 1223775.323919400572777, 1700997.689295309362933 ] ] ] } },
{ "type": "Feature", "properties": { "OBJECTID": 205.0, "STATE": "Kentucky", "STATE_FIPS": "21", "CD_2DIG": "01", "STATE_CODE": 15, "CLIMDIV": 1501, "CD_NEW": 1, "FIPS_CD": "2101", "NCDC_GEO_I": 115.0, "NAME": "WESTERN", "ST_ABBRV": "KY", "SHAPE_AREA": 0.0, "SHAPE_LEN": 0.0 }, "geometry": { "type": "MultiPolygon", "coordinates": [ [ [ [ 797472.896048177615739, 1701290.100703354924917 ], [ 806065.443047535605729, 1690321.091361852828413 ], [ 813381.682338452665135, 1692412.988316207658499 ], [ 823288.16392520419322, 1653459.588155904784799 ], [ 815575.018604974611662, 1653236.986889858031645 ], [ 821933.305012907483615, 1635685.243161289487034 ], [ 804813.128705546841957, 1626444.167241120478138 ], [ 796308.854444191907533, 1596886.468709373380989 ], [ 820829.21395617199596, 1591024.872925076633692 ], [ 830709.683635038672946, 1572928.43730333307758 ], [ 847024.218896245118231, 1571970.12156409653835 ], [ 847849.423102493048646, 1554442.339583520079032 ], [ 701261.154432220733725, 1543965.71776573965326 ], [ 704483.338721403619274, 1523889.046437553595752 ], [ 583755.722572651342489, 1514856.101775967516005 ], [ 587352.259900066303089, 1529258.631313358200714 ], [ 599218.134544433443807, 1523556.370488069020212 ], [ 605267.178065773216076, 1535168.683485870948061 ], [ 608174.706100302399136, 1568521.394718982744962 ], [ 600208.61218281253241, 1576852.41554713412188 ], [ 607588.33109500259161, 1591399.294218436116353 ], [ 621007.30685934307985, 1599255.584101745625958 ], [ 663470.389549748739228, 1585362.777114419499412 ], [ 659227.487940306426026, 1620441.334034304134548 ], [ 693968.577149337157607, 1633701.146269076270983 ], [ 684337.921304239076562, 1653171.230488767614588 ], [ 694346.605621373513713, 1669362.819418089697137 ], [ 704939.674089430482127, 1671298.310077041853219 ], [ 704091.416618779185228, 1684497.088952940655872 ], [ 724210.874212383525446, 1683593.765642232494429 ], [ 727274.815287647768855, 1675281.729931435547769 ], [ 729840.84043636219576, 1692018.145508279558271 ], [ 738295.035983667941764, 1685337.168520443839952 ], [ 746600.211729444330558, 1690309.509127370081842 ], [ 774315.110201841569506, 1674687.654279911424965 ], [ 779752.454672504914925, 1689168.387854902772233 ], [ 797472.896048177615739, 1701290.100703354924917 ] ] ], [ [ [ 577752.639992786571383, 1522208.937578847864643 ], [ 572976.996599972480908, 1514021.698697523213923 ], [ 571178.30107037734706, 1522766.98885408998467 ], [ 577752.639992786571383, 1522208.937578847864643 ] ] ] ] } },
{ "type": "Feature", "properties": { "OBJECTID": 206.0, "STATE": "Kentucky", "STATE_FIPS": "21", "CD_2DIG": "02", "STATE_CODE": 15, "CLIMDIV": 1502, "CD_NEW": 2, "FIPS_CD": "2102", "NCDC_GEO_I": 116.0, "NAME": "CENTRAL", "ST_ABBRV": "KY", "SHAPE_AREA": 0.0, "SHAPE_LEN": 0.0 }, "geometry": { "type": "Polygon", "coordinates": [ [ [ 894875.06742176564876, 1754314.345691415248439 ], [ 916353.235983553924598, 1743497.071315876441076 ], [ 909853.200200014398433, 1714328.234645672840998 ], [ 920845.025248461053707, 1707492.484890974359587 ], [ 940524.046648857416585, 1713320.712890264345333 ], [ 942989.554699898581021, 1704035.941923482576385 ], [ 926602.52660524030216, 1690556.965797728858888 ], [ 926446.491142051410861, 1678122.100276587530971 ], [ 956815.801627209759317, 1676761.378519701072946 ], [ 960509.11191222560592, 1666189.007924178382382 ], [ 973782.634800615371205, 1669355.733135698828846 ], [ 975060.088831136352383, 1655872.440914845094085 ], [ 987092.555637449142523, 1649749.645219552563503 ], [ 988892.582769798696972, 1636197.494557915255427 ], [ 974736.977988307829946, 1620773.834434576099738 ], [ 982069.606577278580517, 1608225.990213584154844 ], [ 963790.851405141642317, 1590459.385979778366163 ], [ 974809.566102127311751, 1564291.817472256720066 ], [ 847849.423102493048646, 1554442.339583520079032 ], [ 847024.218896245118231, 1571970.12156409653835 ], [ 830709.683635038672946, 1572928.43730333307758 ], [ 820829.21395617199596, 1591024.872925076633692 ], [ 796308.854444191907533, 1596886.468709373380989 ], [ 804813.128705546841957, 1626444.167241120478138 ], [ 821933.305012907483615, 1635685.243161289487034 ], [ 812395.150152829592116, 1684354.945736995199695 ], [ 825124.863153639016673, 1696210.079934113891795 ], [ 826788.251278021140024, 1717713.556665412615985 ], [ 838403.400947461021133, 1720618.241082566091791 ], [ 834162.399615032481961, 1727227.135761847253889 ], [ 845000.892766768811271, 1712068.558067980222404 ], [ 865177.070869973278604, 1703527.945082523161545 ], [ 874426.807837254134938, 1711934.251354496693239 ], [ 879633.630556567455642, 1740967.660627300851047 ], [ 891975.881601215689443, 1744425.510503084398806 ], [ 894875.06742176564876, 1754314.345691415248439 ] ] ] } },
{ "type": "Feature", "properties": { "OBJECTID": 207.0, "STATE": "Kentucky", "STATE_FIPS": "21", "CD_2DIG": "03", "STATE_CODE": 15, "CLIMDIV": 1503, "CD_NEW": 3, "FIPS_CD": "2103", "NCDC_GEO_I": 117.0, "NAME": "BLUE GRASS", "ST_ABBRV": "KY", "SHAPE_AREA": 0.0, "SHAPE_LEN": 0.0 }, "geometry": { "type": "Polygon", "coordinates": [ [ [ 972805.887713680858724, 1841531.006239529466256 ], [ 986483.931876616785303, 1848393.269912583753467 ], [ 1011457.916333176428452, 1815939.794369347626343 ], [ 1034419.793048499734141, 1816464.221610910492018 ], [ 1062791.796906805830076, 1803192.828521445393562 ], [ 1070854.041636881418526, 1781185.44486625562422 ], [ 1082569.345367071451619, 1777151.640274843666703 ], [ 1069739.326999694574624, 1753531.711042405106127 ], [ 1086305.833763, 1742533.032242527697235 ], [ 1063433.022507993737236, 1732661.166783105116338 ], [ 1061128.18729519401677, 1720837.202562171034515 ], [ 1043300.450979503802955, 1720457.369187741074711 ], [ 1042972.089568211114965, 1710172.393275269540027 ], [ 1033128.37692265457008, 1706736.183446479961276 ], [ 1039272.462722978671081, 1679414.765377148287371 ], [ 1017301.325270894682035, 1673600.400660261977464 ], [ 1006672.426260317093693, 1648516.421683341963217 ], [ 988892.582769798696972, 1636197.494557915255427 ], [ 973782.634800615371205, 1669355.733135698828846 ], [ 960509.11191222560592, 1666189.007924178382382 ], [ 956815.801627209759317, 1676761.378519701072946 ], [ 926446.491142051410861, 1678122.100276587530971 ], [ 926602.52660524030216, 1690556.965797728858888 ], [ 942989.554699898581021, 1704035.941923482576385 ], [ 940524.046648857416585, 1713320.712890264345333 ], [ 920845.025248461053707, 1707492.484890974359587 ], [ 909853.200200014398433, 1714328.234645672840998 ], [ 916353.235983553924598, 1743497.071315876441076 ], [ 894875.06742176564876, 1754314.345691415248439 ], [ 911814.287381221423857, 1774085.105117352446541 ], [ 907986.120261035277508, 1795026.77821911056526 ], [ 930947.687193556921557, 1793020.619707389269024 ], [ 960346.884089202154428, 1807336.290955169126391 ], [ 949802.604746545781381, 1837185.01347476686351 ], [ 961003.887754783267155, 1848370.627717304741964 ], [ 972805.887713680858724, 1841531.006239529466256 ] ] ] } },
{ "type": "Feature", "properties": { "OBJECTID": 208.0, "STATE": "Kentucky", "STATE_FIPS": "21", "CD_2DIG": "04", "STATE_CODE": 15, "CLIMDIV": 1504, "CD_NEW": 4, "FIPS_CD": "2104", "NCDC_GEO_I": 118.0, "NAME": "EASTERN", "ST_ABBRV": "KY", "SHAPE_AREA": 0.0, "SHAPE_LEN": 0.0 }, "geometry": { "type": "Polygon", "coordinates": [ [ [ 1125482.317329113837332, 1825184.597760843113065 ], [ 1131750.44602812663652, 1807236.475558468606323 ], [ 1154140.450904193567112, 1795806.53237975994125 ], [ 1155240.116148255066946, 1762681.485109082888812 ], [ 1173623.839740045601502, 1744721.875644479179755 ], [ 1171240.346957508474588, 1738579.459037514636293 ], [ 1192399.638885299907997, 1712556.649122264003381 ], [ 1203976.190825405996293, 1711097.42270613159053 ], [ 1209152.658487975830212, 1701098.741681982995942 ], [ 1223686.953745482722297, 1701525.798734120558947 ], [ 1195067.003507314249873, 1666791.113851713715121 ], [ 1164989.724023198708892, 1645838.406084506539628 ], [ 1154823.561027267249301, 1618235.92915145936422 ], [ 1138385.653608861844987, 1612010.847456575138494 ], [ 1134589.719347739592195, 1598838.919508802006021 ], [ 1088202.366215501446277, 1574563.684240116272122 ], [ 973485.118610819685273, 1564495.77432965952903 ], [ 963790.851405141642317, 1590459.385979778366163 ], [ 982069.606577278580517, 1608225.990213584154844 ], [ 974736.977988307829946, 1620773.834434576099738 ], [ 1001641.013006226858124, 1651004.883558876812458 ], [ 1006672.426260317093693, 1648516.421683341963217 ], [ 1009423.094484003609978, 1666626.200958955334499 ], [ 1039272.462722978671081, 1679414.765377148287371 ], [ 1033128.37692265457008, 1706736.183446479961276 ], [ 1042972.089568211114965, 1710172.393275269540027 ], [ 1043300.450979503802955, 1720457.369187741074711 ], [ 1061128.18729519401677, 1720837.202562171034515 ], [ 1063433.022507993737236, 1732661.166783105116338 ], [ 1086264.829922797624022, 1742232.941053146962076 ], [ 1069739.326999694574624, 1753531.711042405106127 ], [ 1082569.345367071451619, 1777151.640274843666703 ], [ 1065321.801751108607277, 1789169.212338897632435 ], [ 1063101.406144675565884, 1808079.670937001006678 ], [ 1073002.941938504809514, 1812016.002008280949667 ], [ 1092964.459910854930058, 1802866.769336664583534 ], [ 1125482.317329113837332, 1825184.597760843113065 ] ] ] } },
{ "type": "Feature", "properties": { "OBJECTID": 209.0, "STATE": "Louisiana", "STATE_FIPS": "22", "CD_2DIG": "01", "STATE_CODE": 16, "CLIMDIV": 1601, "CD_NEW": 1, "FIPS_CD": "2201", "NCDC_GEO_I": 119.0, "NAME": "NORTHWEST", "ST_ABBRV": "LA", "SHAPE_AREA": 0.0, "SHAPE_LEN": 0.0 }, "geometry": { "type": "Polygon", "coordinates": [ [ [ 181691.066073080408387, 1107309.874094021506608 ], [ 256353.528559285710799, 1109026.67043823027052 ], [ 266768.616182391764596, 1046600.108774450607598 ], [ 240618.569775082840351, 1037967.619928832049482 ], [ 241123.247168986330507, 1021333.274859542958438 ], [ 261224.292073886696016, 1021918.606687218998559 ], [ 267329.906711756135337, 1007707.675491271307692 ], [ 270781.670757740561385, 992831.686093415948562 ], [ 259752.537668827921152, 992523.241884893504903 ], [ 259879.691210753866471, 984807.591411029337905 ], [ 243114.749400049186079, 987780.127837278530933 ], [ 241073.674040664423956, 977785.819757766788825 ], [ 199828.776028273627162, 976664.800332641345449 ], [ 184107.490785158675862, 992894.898128386470489 ], [ 181691.066073080408387, 1107309.874094021506608 ] ] ] } },
{ "type": "Feature", "properties": { "OBJECTID": 210.0, "STATE": "Louisiana", "STATE_FIPS": "22", "CD_2DIG": "02", "STATE_CODE": 16, "CLIMDIV": 1602, "CD_NEW": 2, "FIPS_CD": "2202", "NCDC_GEO_I": 120.0, "NAME": "NORTH CENTRAL", "ST_ABBRV": "LA", "SHAPE_AREA": 0.0, "SHAPE_LEN": 0.0 }, "geometry": { "type": "Polygon", "coordinates": [ [ [ 256353.528559285710799, 1109026.67043823027052 ], [ 364916.726063718146179, 1111753.283304894110188 ], [ 366614.423392560333014, 1078401.681686139898375 ], [ 381459.350937710143626, 1072929.634457831038162 ], [ 371512.828445955703501, 1030477.470412492169999 ], [ 387765.684568180586211, 1013275.986431309022009 ], [ 382013.154834865126759, 1007406.338199713383801 ], [ 385390.46044165029889, 992016.998829978052527 ], [ 346996.82161063188687, 990423.987231139326468 ], [ 343223.51060222054366, 975810.698856315342709 ], [ 318673.143458070233464, 974853.322662930004299 ], [ 318949.012885287462268, 965103.738299368065782 ], [ 285552.448140549066011, 963947.073627711390145 ], [ 294294.000330814160407, 990593.728252198896371 ], [ 287503.769733161840122, 1012836.993279972230084 ], [ 241123.247168986330507, 1021333.274859542958438 ], [ 241256.742609061067924, 1039588.112788180704229 ], [ 266743.196463236934505, 1046521.367911968496628 ], [ 256353.528559285710799, 1109026.67043823027052 ] ] ] } },
{ "type": "Feature", "properties": { "OBJECTID": 211.0, "STATE": "Louisiana", "STATE_FIPS": "22", "CD_2DIG": "03", "STATE_CODE": 16, "CLIMDIV": 1603, "CD_NEW": 3, "FIPS_CD": "2203", "NCDC_GEO_I": 121.0, "NAME": "NORTHEAST", "ST_ABBRV": "LA", "SHAPE_AREA": 0.0, "SHAPE_LEN": 0.0 }, "geometry": { "type": "Polygon", "coordinates": [ [ [ 366463.599416268989444, 1111796.105026476085186 ], [ 448705.358476056484506, 1115166.535413953708485 ], [ 448912.982682872447185, 1103476.434549943078309 ], [ 456217.585251774580684, 1112441.07629543193616 ], [ 450162.652426794054918, 1087230.319864088203758 ], [ 460682.996105898113456, 1083955.289396730717272 ], [ 452148.562100043578539, 1072467.558647366240621 ], [ 464761.631062047439627, 1075502.418906806968153 ], [ 459235.187408510479145, 1065698.560112753184512 ], [ 468234.175224212638568, 1059217.394014097051695 ], [ 458032.844870067841839, 1064819.575235409894958 ], [ 456333.926017923513427, 1057363.351605130825192 ], [ 470259.364006123098079, 1053216.518824620870873 ], [ 468516.291707802098244, 1043584.672889026463963 ], [ 479441.153283442312386, 1046141.666853077942505 ], [ 469336.743220258969814, 1025667.751661937567405 ], [ 464922.756309365620837, 1030927.388944072299637 ], [ 453460.916622444812674, 1025262.211608820594847 ], [ 453951.307689896319062, 1018123.469799039768986 ], [ 468753.999953782884404, 1020391.812059447867796 ], [ 462121.063726543623488, 1009076.619124771677889 ], [ 454695.296837283298373, 1011484.261708591133356 ], [ 462769.416584828984924, 1005648.414176167803816 ], [ 447146.854792420694139, 982190.525775976944715 ], [ 438424.046438873861916, 985126.557699608267285 ], [ 436955.303270837641321, 975788.41952574881725 ], [ 445696.197636034630705, 974603.7844512964366 ], [ 420073.520239737117663, 974021.409395657246932 ], [ 414079.0050089469878, 997992.588778138975613 ], [ 397330.594570510089397, 986351.179528743261471 ], [ 386477.199879480875097, 997106.414332433720119 ], [ 382013.154834865126759, 1007406.338199713383801 ], [ 387721.604495918611065, 1013381.823451718315482 ], [ 371512.828445955703501, 1030477.470412492169999 ], [ 382645.588603189447895, 1058056.208721765782684 ], [ 381255.113516891782638, 1073687.732718873070553 ], [ 366614.423392560333014, 1078401.681686139898375 ], [ 366463.599416268989444, 1111796.105026476085186 ] ] ] } },
{ "type": "Feature", "properties": { "OBJECTID": 213.0, "STATE": "Louisiana", "STATE_FIPS": "22", "CD_2DIG": "05", "STATE_CODE": 16, "CLIMDIV": 1605, "CD_NEW": 5, "FIPS_CD": "2205", "NCDC_GEO_I": 123.0, "NAME": "CENTRAL", "ST_ABBRV": "LA", "SHAPE_AREA": 0.0, "SHAPE_LEN": 0.0 }, "geometry": { "type": "Polygon", "coordinates": [ [ [ 385559.829832450312097, 996922.018924650968984 ], [ 397330.594570510089397, 986351.179528743261471 ], [ 414079.0050089469878, 997992.588778138975613 ], [ 419466.691211638331879, 974603.600906344363466 ], [ 435860.609123973175883, 974265.591769128921442 ], [ 434394.749811852234416, 960022.468199743656442 ], [ 423425.498964833212085, 960263.351538368500769 ], [ 434267.425998462364078, 956594.216145859449171 ], [ 423422.75887730816612, 948531.950152861769311 ], [ 429364.413823148410302, 932443.662163294269703 ], [ 418923.260823524440639, 935887.68460097827483 ], [ 425660.175735694705509, 922130.736617943970487 ], [ 412300.397091571707278, 918110.53410654515028 ], [ 421974.945292058982886, 894649.389203174971044 ], [ 412996.222645367495716, 886597.267347150249407 ], [ 413917.717006847204175, 894078.256428128224798 ], [ 406793.945944937819149, 894541.916999987675808 ], [ 399357.87675244663842, 886432.460723242606036 ], [ 406683.21225842856802, 832348.203126638312824 ], [ 414344.529321272333618, 822619.368426627479494 ], [ 386321.596906879916787, 823123.860651658615097 ], [ 370379.646193676162511, 810063.950079842354171 ], [ 359733.21956955071073, 829800.689827254740521 ], [ 322475.386620232777204, 828668.870691671036184 ], [ 324303.361312035704032, 875041.103570610401221 ], [ 302759.496719814080279, 873511.462958622258157 ], [ 300868.840868236497045, 913548.090052378247492 ], [ 286165.434731892310083, 922770.033264168538153 ], [ 310566.986931954335887, 944109.171341306529939 ], [ 285601.039799692691304, 963906.840406686416827 ], [ 318949.012885287462268, 965103.738299368065782 ], [ 318673.143458070233464, 974853.322662930004299 ], [ 343223.51060222054366, 975810.698856315342709 ], [ 346996.82161063188687, 990423.987231139326468 ], [ 385559.829832450312097, 996922.018924650968984 ] ] ] } },
{ "type": "Feature", "properties": { "OBJECTID": 214.0, "STATE": "Louisiana", "STATE_FIPS": "22", "CD_2DIG": "06", "STATE_CODE": 16, "CLIMDIV": 1606, "CD_NEW": 6, "FIPS_CD": "2206", "NCDC_GEO_I": 124.0, "NAME": "EAST CENTRAL", "ST_ABBRV": "LA", "SHAPE_AREA": 0.0, "SHAPE_LEN": 0.0 }, "geometry": { "type": "MultiPolygon", "coordinates": [ [ [ [ 412879.011478425760288, 894788.68355786986649 ], [ 412996.222645367495716, 886597.267347150249407 ], [ 596452.58544640254695, 900646.468253410304897 ], [ 587376.616320976638235, 861860.845613325363956 ], [ 616878.419325990602374, 810730.980116663035005 ], [ 577089.444350756122731, 804204.614349932526238 ], [ 545098.823545063962229, 818843.095244310796261 ], [ 510052.619806828850415, 803051.795169242308475 ], [ 493208.153580534970388, 820853.03834314562846 ], [ 449926.114692264993209, 816274.449336867313832 ], [ 432375.012786435021553, 834845.076173415756784 ], [ 406426.811745542101562, 833716.088405192364007 ], [ 399334.742713807092514, 886226.628343032556586 ], [ 412879.011478425760288, 894788.68355786986649 ] ] ], [ [ [ 620383.659593521966599, 811978.284131789696403 ], [ 616602.432379904552363, 806976.989286661148071 ], [ 612907.788896688842215, 807482.120078445062973 ], [ 620383.659593521966599, 811978.284131789696403 ] ] ] ] } },
{ "type": "Feature", "properties": { "OBJECTID": 215.0, "STATE": "Louisiana", "STATE_FIPS": "22", "CD_2DIG": "07", "STATE_CODE": 16, "CLIMDIV": 1607, "CD_NEW": 7, "FIPS_CD": "2207", "NCDC_GEO_I": 125.0, "NAME": "SOUTHWEST", "ST_ABBRV": "LA", "SHAPE_AREA": 0.0, "SHAPE_LEN": 0.0 }, "geometry": { "type": "Polygon", "coordinates": [ [ [ 233123.652846800192492, 869819.10544442513492 ], [ 324303.361312035704032, 875041.103570610401221 ], [ 322475.386620232777204, 828668.870691671036184 ], [ 366472.303299161838368, 825249.381390201044269 ], [ 370445.841802071023267, 808481.52656797983218 ], [ 357430.838649246958084, 792403.111147882300429 ], [ 376314.892476029228419, 791345.504139553406276 ], [ 388599.240881628647912, 781464.373174315667711 ], [ 388441.473890649154782, 755318.852324736886658 ], [ 366482.811348397633992, 748525.348643336095847 ], [ 377000.684132410155144, 743796.092199061764404 ], [ 376368.231241710484028, 735120.589849743293598 ], [ 383921.790035719692241, 736698.020129804615863 ], [ 386558.189215501421131, 734436.112093867384829 ], [ 356895.339787372504361, 724609.972904271096922 ], [ 267665.258368467038963, 748636.949923017993569 ], [ 209145.089709660969675, 737433.433680192567408 ], [ 200150.38487372349482, 750436.751920222654007 ], [ 221529.848306243948173, 778507.232936170767061 ], [ 216355.550156613549916, 831859.60318397032097 ], [ 233123.652846800192492, 869819.10544442513492 ] ] ] } },
{ "type": "Feature", "properties": { "OBJECTID": 217.0, "STATE": "Louisiana", "STATE_FIPS": "22", "CD_2DIG": "09", "STATE_CODE": 16, "CLIMDIV": 1609, "CD_NEW": 9, "FIPS_CD": "2209", "NCDC_GEO_I": 127.0, "NAME": "SOUTHEAST", "ST_ABBRV": "LA", "SHAPE_AREA": 0.0, "SHAPE_LEN": 0.0 }, "geometry": { "type": "MultiPolygon", "coordinates": [ [ [ [ 483159.75871088943677, 820650.108324896194972 ], [ 493271.867794391640928, 820828.461752266739495 ], [ 510052.619806828850415, 803051.795169242308475 ], [ 545098.823545063962229, 818843.095244310796261 ], [ 577048.496066148276441, 804210.367035897797905 ], [ 607100.993913400336169, 808964.489785575889982 ], [ 612558.647608357830904, 806091.071110369288363 ], [ 604999.376431819982827, 792293.474267912446521 ], [ 591588.202846307889558, 788718.537707903306 ], [ 595890.141713296063244, 781455.590858354000375 ], [ 605234.170238374965265, 784284.297767228912562 ], [ 608678.542786694946699, 774954.408361181733198 ], [ 617502.231499079032801, 776933.29799312108662 ], [ 626869.523669509449974, 799627.807249284465797 ], [ 632537.242172865779139, 797033.368956510326825 ], [ 630238.42146554228384, 790482.070234079379588 ], [ 642421.393779536359943, 779302.782989310915582 ], [ 635305.455279816756956, 771022.744692121515982 ], [ 649999.404606794356368, 765524.017939631361514 ], [ 632381.825260143610649, 767895.30950295436196 ], [ 635445.685435244929977, 755463.022127484553494 ], [ 613514.903653660789132, 762315.815794834052213 ], [ 614114.709256941918284, 757887.324453660054132 ], [ 619577.958149518002756, 757297.675276204012334 ], [ 618788.637895231251605, 755184.183171296841465 ], [ 623192.72961782629136, 754935.802144769695587 ], [ 623636.69631323532667, 753079.522316897986457 ], [ 625700.364943318068981, 753486.980203229002655 ], [ 629956.681129105505534, 750059.921900983899832 ], [ 630256.966732536908239, 749093.963757411227562 ], [ 614890.190792389330454, 754728.783936296356842 ], [ 607403.943752483348362, 745788.89340953878127 ], [ 611055.036065342254005, 736743.339367528446019 ], [ 628238.649046648060903, 730758.249630947015248 ], [ 624411.991987009998411, 723238.753510571434163 ], [ 653673.175346813513897, 720056.614144254825078 ], [ 655117.586968667223118, 704213.121699805371463 ], [ 645376.294693356147036, 712787.74296578404028 ], [ 647085.317964521702379, 706745.146731468499638 ], [ 646735.084215708891861, 699605.163105154177174 ], [ 640318.680314938654192, 696111.667440990917385 ], [ 617592.845825311262161, 715368.31556909554638 ], [ 599131.938944849767722, 712781.987762643839233 ], [ 603924.889350905781612, 722564.352064996608533 ], [ 598134.533280292642303, 721413.542125829146244 ], [ 595454.185244022170082, 731774.7532635522075 ], [ 583678.406708928057924, 727591.067391905817203 ], [ 564056.443964633159339, 739458.142589175957255 ], [ 558803.697440643562004, 730712.031069081975147 ], [ 570109.78634196636267, 725578.769907773588784 ], [ 575919.143914534244686, 726695.15594168996904 ], [ 579315.665799408918247, 710291.235035320860334 ], [ 569211.401188388816081, 711701.220757033326663 ], [ 579078.166419916204177, 698051.593162358156405 ], [ 562549.144660137593746, 685049.898620913736522 ], [ 560250.053550298209302, 701284.664236241835169 ], [ 548337.005766399670392, 712646.433061150019057 ], [ 549933.021913529373705, 708052.709437570883892 ], [ 545910.971647861762904, 702957.486585904029198 ], [ 540151.169641142827459, 712974.192733998410404 ], [ 536420.434569671633653, 704765.024000758072361 ], [ 523444.231981639866717, 708300.513344090664759 ], [ 532115.443198057822883, 698322.570900074555539 ], [ 519081.310963888536207, 699703.969272542744875 ], [ 516855.817938722611871, 686450.0590656864224 ], [ 501121.519056908320636, 681718.35562916775234 ], [ 490231.437066827318631, 691553.70676310826093 ], [ 458900.91178265970666, 697428.917683261446655 ], [ 453271.337843093147967, 702749.037092346930876 ], [ 451481.760488005238585, 705401.40862207848113 ], [ 451329.681280125922058, 706268.547651872620918 ], [ 462608.947670472494792, 711641.331821598578244 ], [ 469427.635546640784014, 700089.502256016712636 ], [ 474595.792881421628408, 699254.871192639577202 ], [ 458852.059569034317974, 729295.491908224532381 ], [ 475791.358564712281805, 740111.352188544697128 ], [ 493472.605498107266612, 769066.241210391512141 ], [ 484796.487878105137497, 789595.321129943127744 ], [ 471136.570559063227847, 788442.651045729406178 ], [ 483159.75871088943677, 820650.108324896194972 ] ] ], [ [ [ 668158.290306829614565, 708453.643556795665063 ], [ 666027.252791836392134, 702686.968376345816068 ], [ 667602.689962904551066, 702782.508514133398421 ], [ 665855.809589039068669, 702590.641583760501817 ], [ 660234.787702535511926, 698279.718017071834765 ], [ 656589.38718579208944, 699699.725449072779156 ], [ 668158.290306829614565, 708453.643556795665063 ] ] ], [ [ [ 661413.949839511769824, 715374.908115271944553 ], [ 666508.755261900252663, 714382.124519679811783 ], [ 655535.880871759960428, 703881.388338580145501 ], [ 661413.949839511769824, 715374.908115271944553 ] ] ], [ [ [ 646545.540585479000583, 710869.105970321572386 ], [ 654093.51585074828472, 701759.52061564696487 ], [ 655756.493738706689328, 697979.702109749196097 ], [ 655127.39804547780659, 695189.377020880696364 ], [ 646545.540585479000583, 710869.105970321572386 ] ] ], [ [ [ 656262.186301501933485, 716066.385922253830358 ], [ 660980.140750357066281, 715776.41924782213755 ], [ 657277.943806124269031, 710143.684899009298533 ], [ 656262.186301501933485, 716066.385922253830358 ] ] ], [ [ [ 690097.755328858387657, 770797.349462641752325 ], [ 688004.729314921074547, 798649.101262721000239 ], [ 690122.830217884620652, 795170.058596997521818 ], [ 691658.592083427938633, 790881.51047482911963 ], [ 692203.84895270341076, 788273.540256055421196 ], [ 692479.966545217321254, 785204.945429153158329 ], [ 692201.136198704480194, 779626.327240177663043 ], [ 691615.218105333275162, 775969.57684031187091 ], [ 690097.755328858387657, 770797.349462641752325 ] ] ], [ [ [ 573824.053101685945876, 733165.15755956468638 ], [ 577040.467149951728061, 729449.433526369160973 ], [ 575030.167699050274678, 730765.84288812649902 ], [ 573008.301404113532044, 730927.082144126412459 ], [ 575685.567783182370476, 729720.812534265452996 ], [ 571433.114657798432745, 727921.73852237011306 ], [ 573824.053101685945876, 733165.15755956468638 ] ] ], [ [ [ 666225.198455782607198, 713967.185600535711274 ], [ 668007.313298318185844, 710476.548847469501197 ], [ 665000.111277340678498, 709597.956137806060724 ], [ 660983.595892583951354, 706179.308465385343879 ], [ 666225.198455782607198, 713967.185600535711274 ] ] ], [ [ [ 656850.839714471483603, 698191.411015782272443 ], [ 658732.822817359119654, 693405.405300868093036 ], [ 660511.357659847242758, 691350.583130384678952 ], [ 662123.041697981767356, 690591.378208232810721 ], [ 662370.030688931699842, 689708.536251653102227 ], [ 664211.700171596254222, 687877.168209863128141 ], [ 664273.084627966978587, 688123.249412235571072 ], [ 665125.774282190832309, 687607.219232992385514 ], [ 665702.46108270145487, 687633.312746567302383 ], [ 665918.570846021990292, 687534.4313955004327 ], [ 666142.436910597723909, 687326.658400975284167 ], [ 664554.445092458627187, 687516.162627481273375 ], [ 664609.808971811668016, 687014.056467615184374 ], [ 663070.851298448629677, 688751.700872490298934 ], [ 664828.029291899991222, 685329.585834571858868 ], [ 658564.573753797798418, 693477.337396613671444 ], [ 656850.839714471483603, 698191.411015782272443 ] ] ], [ [ [ 582502.528178478009067, 703259.34794760774821 ], [ 587358.805809903307818, 705315.079328797291964 ], [ 579137.168512118165381, 698923.393051059450954 ], [ 582502.528178478009067, 703259.34794760774821 ] ] ], [ [ [ 581639.063567637698725, 724373.73677036666777 ], [ 579392.418382870382629, 729054.859703716007061 ], [ 580647.245180048514158, 726806.270020291092806 ], [ 581703.260238430928439, 727551.389339619316161 ], [ 581357.348464051727206, 726962.712077417760156 ], [ 581916.661161047755741, 724904.876026429701596 ], [ 581639.063567637698725, 724373.73677036666777 ] ] ], [ [ [ 532858.346662801806815, 682880.14983555173967 ], [ 532717.030530485673808, 683123.565575727028772 ], [ 536695.906962319044396, 681432.144626662833616 ], [ 538097.311026828945614, 681587.786949402536266 ], [ 537690.043645532336086, 680977.02398222615011 ], [ 538475.339957294985652, 681609.902884539915249 ], [ 538362.562410605256446, 680927.418002262129448 ], [ 538945.2340337485075, 680628.612318685278296 ], [ 538641.183450163574889, 681952.533936205785722 ], [ 540081.705303980619647, 682135.829665758297779 ], [ 540300.243230475927703, 680967.10625768522732 ], [ 540776.865679962094873, 681132.16795517783612 ], [ 541572.554777855752036, 680457.111228342866525 ], [ 539112.09197356691584, 680473.186404092703015 ], [ 536149.169672621414065, 681463.762112075812183 ], [ 532858.346662801806815, 682880.14983555173967 ] ] ], [ [ [ 656579.339339447091334, 697656.251376366708428 ], [ 657793.902034560334869, 694345.549350775778294 ], [ 659338.594262080383487, 691818.327915450790897 ], [ 656056.409123050747439, 694049.313479910604656 ], [ 657438.555056070792489, 695280.255845294101164 ], [ 656408.526230244315229, 696558.587575740297325 ], [ 655359.209317693021148, 691006.392659361590631 ], [ 656579.339339447091334, 697656.251376366708428 ] ] ], [ [ [ 662561.199855564860627, 697802.302405164227821 ], [ 664792.512882734765299, 697390.230282501201145 ], [ 663519.644586645648815, 696733.945546407951042 ], [ 664923.154659273219295, 696387.019660601741634 ], [ 663990.605783793143928, 696093.070112552843057 ], [ 664545.611956988810562, 695677.555281916749664 ], [ 665384.611451628734358, 695455.518908551661298 ], [ 665391.330489461659454, 693909.166252247523516 ], [ 662452.829385432763956, 697430.780902561265975 ], [ 662688.2447903258726, 696671.67673743807245 ], [ 661207.179633958032355, 696537.395349062280729 ], [ 662561.199855564860627, 697802.302405164227821 ] ] ], [ [ [ 664851.780085096834227, 709287.052071669022553 ], [ 668165.331408944330178, 708737.367539418046363 ], [ 663629.940682164742611, 707819.981195866595954 ], [ 664851.780085096834227, 709287.052071669022553 ] ] ], [ [ [ 648496.239751397049986, 683317.838459716993384 ], [ 643405.373195058782585, 675117.120652206009254 ], [ 643226.025875432882458, 675094.554890880943276 ], [ 648496.239751397049986, 683317.838459716993384 ] ] ], [ [ [ 670044.11407580296509, 701997.354412017739378 ], [ 671801.072976513300091, 702537.99807232641615 ], [ 673191.270464167115279, 702135.927785380277783 ], [ 672185.615661154384725, 701077.600670227431692 ], [ 673035.343868820811622, 700574.745015698019415 ], [ 673148.627374438452534, 699827.334252618486062 ], [ 672800.415265957126394, 699430.386250869487412 ], [ 671259.040569606469944, 702249.015770878526382 ], [ 670917.322250768076628, 701939.096388086676598 ], [ 670044.11407580296509, 701997.354412017739378 ] ] ], [ [ [ 674742.0877687826287, 695213.779146381304599 ], [ 675110.077257400495, 694642.975536552025005 ], [ 675712.515432564774528, 692157.961333007086068 ], [ 674742.0877687826287, 695213.779146381304599 ] ] ], [ [ [ 514444.696314205881208, 678295.884892629692331 ], [ 522538.805232743208762, 680923.601063048932701 ], [ 522414.179244453436695, 680649.832369703566656 ], [ 521170.002420511969831, 680043.970922440756112 ], [ 514444.696314205881208, 678295.884892629692331 ] ] ], [ [ [ 550960.529277215828188, 681504.240275740157813 ], [ 557171.307284939684905, 683649.693399603129365 ], [ 551541.955069943098351, 681358.538727615843527 ], [ 550960.529277215828188, 681504.240275740157813 ] ] ], [ [ [ 490563.996041898441035, 678240.730657911626622 ], [ 493930.884636596369091, 677932.33331300818827 ], [ 496176.985157585178968, 676822.3896463267738 ], [ 495438.408303515345324, 676493.410776894539595 ], [ 490563.996041898441035, 678240.730657911626622 ] ] ], [ [ [ 654408.511177465668879, 691514.147720317938365 ], [ 655417.910054976120591, 690824.835054419818334 ], [ 654531.790475997026078, 691248.127412851434201 ], [ 654950.926434504101053, 690400.182511100312695 ], [ 654046.624117339262739, 690288.051061799749732 ], [ 652817.498247738927603, 688965.284586898749694 ], [ 652188.544238431029953, 688020.634559161262587 ], [ 651632.050305895507336, 686336.03182511345949 ], [ 649286.365368739701807, 683353.092623313306831 ], [ 652164.249390764860436, 688474.252273791586049 ], [ 654408.511177465668879, 691514.147720317938365 ] ] ], [ [ [ 670347.736075954162516, 697317.382092023035511 ], [ 673391.605690748081543, 696636.610760238720104 ], [ 672315.07082662882749, 696372.166122471215203 ], [ 673755.681160159176216, 695040.044235927518457 ], [ 670347.736075954162516, 697317.382092023035511 ] ] ], [ [ [ 667922.813932463061064, 701214.143146556918509 ], [ 668484.030288390698843, 700968.062051650951616 ], [ 671020.175266774953343, 701297.828280355315655 ], [ 669514.979739454924129, 699365.923713135533035 ], [ 669488.620952640427276, 700425.032031214679591 ], [ 667922.813932463061064, 701214.143146556918509 ] ] ], [ [ [ 670320.01656196184922, 698323.046915766433813 ], [ 672435.89286439481657, 697086.720245288684964 ], [ 670185.771809659199789, 697580.441215976839885 ], [ 667750.991419906495139, 697391.676690784050152 ], [ 667362.003398439846933, 697554.529824616969563 ], [ 669457.495135974138975, 697606.101687275222503 ], [ 670320.01656196184922, 698323.046915766433813 ] ] ], [ [ [ 685021.47032222757116, 782009.611643680022098 ], [ 687255.638209607684985, 781982.175308807403781 ], [ 686595.215292643173598, 781035.657957687275484 ], [ 685021.47032222757116, 782009.611643680022098 ] ] ], [ [ [ 688826.809391053859144, 767777.655134786269628 ], [ 690016.387226912891492, 770324.721068602637388 ], [ 689082.889786220504902, 767858.196956189465709 ], [ 688826.809391053859144, 767777.655134786269628 ] ] ], [ [ [ 547460.893960009329021, 686710.759231127798557 ], [ 551034.84234217251651, 688383.769736694055609 ], [ 550148.519515508553013, 687737.99079810467083 ], [ 547460.893960009329021, 686710.759231127798557 ] ] ], [ [ [ 661093.317981232423335, 696170.61834310204722 ], [ 662594.701164272380993, 695448.305246211588383 ], [ 663443.231796985375695, 694031.139121728832833 ], [ 661093.317981232423335, 696170.61834310204722 ] ] ], [ [ [ 667583.89456489670556, 695491.688658494735137 ], [ 669517.387449492234737, 695872.515805159811862 ], [ 670065.980742994928733, 694747.35978079168126 ], [ 667583.89456489670556, 695491.688658494735137 ] ] ], [ [ [ 663933.772550163324922, 699694.500046140281484 ], [ 665897.194749219575897, 699392.903925985796377 ], [ 666294.181008630432189, 698620.074414958944544 ], [ 663834.539985856274143, 699125.174720293609425 ], [ 663393.314022896345705, 698632.981924393330701 ], [ 663933.772550163324922, 699694.500046140281484 ] ] ], [ [ [ 675682.025907218339853, 702437.597476172843017 ], [ 676372.851498337229714, 700762.901749189710245 ], [ 674726.277737596887164, 701115.769165933830664 ], [ 675682.025907218339853, 702437.597476172843017 ] ] ], [ [ [ 646620.781121220439672, 679003.727789858356118 ], [ 648761.594321061391383, 681209.090303859789856 ], [ 646277.476331180543639, 677870.995880687143654 ], [ 646620.781121220439672, 679003.727789858356118 ] ] ], [ [ [ 678943.484473311342299, 702897.804498896352015 ], [ 676058.835441397037357, 703836.854665202903561 ], [ 677889.219776214566082, 703479.740925133228302 ], [ 678943.484473311342299, 702897.804498896352015 ] ] ], [ [ [ 652666.283399846637622, 688509.476022492162883 ], [ 653647.347192106419243, 689087.447277240455151 ], [ 654259.914323183824308, 689362.139414344681427 ], [ 654663.862519698450342, 688764.898717721924186 ], [ 653261.103217279538512, 688637.980547483079135 ], [ 652489.723348770174198, 687436.604688241612166 ], [ 652666.283399846637622, 688509.476022492162883 ] ] ], [ [ [ 676811.206846759072505, 697942.570466707926244 ], [ 676418.802559281699359, 697547.033325632102787 ], [ 676811.209901055670343, 696647.709178986260667 ], [ 675567.910724061192013, 696884.881636255653575 ], [ 676811.206846759072505, 697942.570466707926244 ] ] ], [ [ [ 502341.395036878122482, 677554.339312676456757 ], [ 502885.78617166163167, 676816.581885430030525 ], [ 504374.147553900722414, 676460.931473223608918 ], [ 502891.544689979811665, 676570.508284254930913 ], [ 502341.395036878122482, 677554.339312676456757 ] ] ], [ [ [ 658832.855261407210492, 694709.939059355179779 ], [ 659926.192320341942832, 693715.085879142396152 ], [ 659335.465583640965633, 693601.395550358924083 ], [ 658832.855261407210492, 694709.939059355179779 ] ] ], [ [ [ 660859.079210688592866, 696133.420014501549304 ], [ 661540.153832846903242, 693632.49296555633191 ], [ 663538.913108242675662, 692061.484138952335343 ], [ 661479.349911304540001, 693521.334319655550644 ], [ 660859.079210688592866, 696133.420014501549304 ] ] ], [ [ [ 645206.467678171815351, 676487.569989245035686 ], [ 645785.64749347709585, 676550.61415609694086 ], [ 645031.23767086234875, 676330.539160262444057 ], [ 645305.895987547934055, 676118.212152684573084 ], [ 645455.71464479516726, 676273.474734081304632 ], [ 645682.047933209571056, 676134.133286356576718 ], [ 645286.7138625230873, 675183.871022619772702 ], [ 643500.12458526622504, 673455.957391225849278 ], [ 644161.576873482903466, 675126.231552600394934 ], [ 645727.125282083754428, 677652.568753577186726 ], [ 645172.397597479983233, 676757.289131279685535 ], [ 645206.467678171815351, 676487.569989245035686 ] ] ], [ [ [ 659631.554119455278851, 691607.996958797913976 ], [ 660928.290961181395687, 689981.510174192022532 ], [ 660520.05874652590137, 690094.633622574037872 ], [ 660796.096164127928205, 688982.498425906291232 ], [ 661113.106470859842375, 688720.434056802536361 ], [ 660711.672870660666376, 688348.148597021587193 ], [ 659631.554119455278851, 691607.996958797913976 ] ] ], [ [ [ 512513.54280885879416, 677999.951311891898513 ], [ 513356.884745185903739, 678763.646899372572079 ], [ 514991.969227344787214, 678936.265113576082513 ], [ 512513.54280885879416, 677999.951311891898513 ] ] ], [ [ [ 664871.338995779165998, 687955.021003533503972 ], [ 666589.782618403318338, 688373.668922452721745 ], [ 667156.232082509784959, 687585.177493774564937 ], [ 664871.338995779165998, 687955.021003533503972 ] ] ], [ [ [ 505367.933827862085309, 676911.466606261208653 ], [ 506765.409769053629134, 678687.626633388921618 ], [ 506794.78510079003172, 678475.769313386641443 ], [ 505367.933827862085309, 676911.466606261208653 ] ] ], [ [ [ 666463.794150759116746, 699610.799227067502216 ], [ 667570.873500911751762, 699822.394380208803341 ], [ 668229.328069563489407, 698924.528945871628821 ], [ 666463.794150759116746, 699610.799227067502216 ] ] ], [ [ [ 536711.296691853553057, 681516.889547200058587 ], [ 536490.029310530982912, 681732.757302092155442 ], [ 538126.020094549865462, 681663.216829121811315 ], [ 536711.296691853553057, 681516.889547200058587 ] ] ], [ [ [ 653509.020375848165713, 688556.384050164371729 ], [ 654670.662807752960362, 688668.916893172659911 ], [ 654728.414266578387469, 688067.589917863835581 ], [ 653912.286495906417258, 688221.152797796181403 ], [ 653227.609141547698528, 687343.653723899158649 ], [ 653509.020375848165713, 688556.384050164371729 ] ] ], [ [ [ 668705.667964291875251, 698785.915149935288355 ], [ 669486.789187198039144, 698776.025532360537909 ], [ 670326.39373303996399, 699032.506932449061424 ], [ 669888.223620758624747, 698861.449193188804202 ], [ 669815.627458898350596, 698494.854419860057533 ], [ 668705.667964291875251, 698785.915149935288355 ] ] ], [ [ [ 665460.121340774348937, 695467.511374928057194 ], [ 666132.322185317636468, 695689.966398686752655 ], [ 667026.983959954348393, 694446.624378187814727 ], [ 665975.457355833030306, 694220.844099869951606 ], [ 665460.121340774348937, 695467.511374928057194 ] ] ], [ [ [ 666095.737709913752042, 700674.10303335939534 ], [ 666318.611193152377382, 699500.158003870164976 ], [ 665117.365511450683698, 699995.806384243769571 ], [ 666095.737709913752042, 700674.10303335939534 ] ] ], [ [ [ 512106.088459704827983, 677179.518431085394695 ], [ 514817.401860495621804, 678141.40496228786651 ], [ 514139.561592180340085, 677651.149330067448318 ], [ 512106.088459704827983, 677179.518431085394695 ] ] ], [ [ [ 670352.904534335131757, 693997.301212318590842 ], [ 670962.267898407648318, 693192.073085848824121 ], [ 670129.492765488917939, 693355.108956839889288 ], [ 669613.670381424366497, 693159.704322358360514 ], [ 668900.554369095596485, 693591.883935020887293 ], [ 670352.904534335131757, 693997.301212318590842 ] ] ], [ [ [ 667851.578417512588203, 682508.074891573167406 ], [ 666269.437152444734238, 683281.36834780825302 ], [ 665454.240332933957689, 684418.354756684857421 ], [ 667851.578417512588203, 682508.074891573167406 ] ] ], [ [ [ 496599.160068312368821, 676926.205817364272662 ], [ 499643.422200314409565, 676604.104398873751052 ], [ 496946.102556653087959, 676340.084524619509466 ], [ 496599.160068312368821, 676926.205817364272662 ] ] ], [ [ [ 654691.141007925500162, 693718.842459582723677 ], [ 653734.971423186943866, 691237.662320162169635 ], [ 652579.280527330236509, 689813.191179912537336 ], [ 654691.141007925500162, 693718.842459582723677 ] ] ], [ [ [ 666449.674567893962376, 689859.370504862279631 ], [ 667892.592670857557096, 689395.82706169213634 ], [ 668091.82654024893418, 689176.098458326072432 ], [ 666427.951054439065047, 689702.603050746023655 ], [ 667139.270490412367508, 688919.435461786924861 ], [ 666872.614723584149033, 688658.5094473058125 ], [ 666305.804898582282476, 688920.464708449319005 ], [ 665918.941687191138044, 688877.477975098183379 ], [ 666744.750129907042719, 688982.545816449564882 ], [ 665855.079883837373927, 689552.060678055277094 ], [ 666449.674567893962376, 689859.370504862279631 ] ] ], [ [ [ 688604.722955824341625, 767039.689631532295607 ], [ 686886.141728489892557, 764283.658420636435039 ], [ 688472.427024174132384, 767307.465014042332768 ], [ 688604.722955824341625, 767039.689631532295607 ] ] ], [ [ [ 566902.137118239188567, 733393.638488463824615 ], [ 567862.122526054736227, 733996.735418634722009 ], [ 567810.73923755378928, 733548.542066119378433 ], [ 566902.137118239188567, 733393.638488463824615 ] ] ], [ [ [ 667512.794783806195483, 694036.395034094806761 ], [ 668951.375187944155186, 694691.973477325751446 ], [ 668145.978724470827729, 693878.448423125897534 ], [ 667512.794783806195483, 694036.395034094806761 ] ] ], [ [ [ 655525.535769761539996, 690384.765298107871786 ], [ 656877.577694124192931, 690218.3695262032561 ], [ 656470.585684264893644, 688765.313213197048753 ], [ 655525.535769761539996, 690384.765298107871786 ] ] ], [ [ [ 674492.991353976074606, 691964.573950636899099 ], [ 675427.119935969938524, 692261.772549206274562 ], [ 675061.592850693850778, 692031.536694649024867 ], [ 675414.607067273929715, 692078.771236875560135 ], [ 675444.64266385580413, 691756.211722638225183 ], [ 674690.347632494056597, 691997.084706121124327 ], [ 675474.479587540845387, 691056.81790548551362 ], [ 674492.991353976074606, 691964.573950636899099 ] ] ], [ [ [ 663954.271335103665479, 684648.834871084080078 ], [ 665398.821852203807794, 684480.522783775464632 ], [ 665560.61963009100873, 683718.93624212348368 ], [ 663954.271335103665479, 684648.834871084080078 ] ] ], [ [ [ 682572.897293022018857, 779547.760754199698567 ], [ 684471.881379504920915, 780227.177995603880845 ], [ 684490.916653906111605, 780040.036567478207871 ], [ 682572.897293022018857, 779547.760754199698567 ] ] ], [ [ [ 506718.317915061255917, 676754.126292299013585 ], [ 508001.56236867827829, 677543.277656307676807 ], [ 507185.122821349534206, 676924.412225077277981 ], [ 506718.317915061255917, 676754.126292299013585 ] ] ], [ [ [ 672224.624158333404921, 691124.521184809389524 ], [ 672629.518746102228761, 692141.228065017960034 ], [ 672910.839414712507278, 691187.360655851545744 ], [ 672224.624158333404921, 691124.521184809389524 ] ] ], [ [ [ 677294.339131357730366, 702519.942375201266259 ], [ 678804.825980560388416, 702320.10183599696029 ], [ 679371.119936431525275, 702730.601956660626456 ], [ 679066.066861687926576, 702268.02707644412294 ], [ 678259.574157731141895, 702041.012807887396775 ], [ 677294.339131357730366, 702519.942375201266259 ] ] ], [ [ [ 678124.996053873095661, 704191.744967965059914 ], [ 679343.78359457757324, 704843.28332080913242 ], [ 678949.503462082822807, 703964.523813784006052 ], [ 678124.996053873095661, 704191.744967965059914 ] ] ], [ [ [ 666540.786447610007599, 697671.079029120039195 ], [ 668511.295897323638201, 696988.346704471856356 ], [ 666869.2850713605294, 696931.325942274415866 ], [ 666540.786447610007599, 697671.079029120039195 ] ] ], [ [ [ 652505.680896809557453, 687173.217469852650538 ], [ 653164.673934145015664, 687115.428181581897661 ], [ 651685.073336670757271, 686235.543822817853652 ], [ 652206.795022301957943, 687582.024003662751056 ], [ 652505.680896809557453, 687173.217469852650538 ] ] ], [ [ [ 660330.407344765611924, 697461.589050769805908 ], [ 660538.993060082313605, 697219.585899664321914 ], [ 660816.655493529397063, 696438.265484537929296 ], [ 660330.407344765611924, 697461.589050769805908 ] ] ], [ [ [ 549437.081562391598709, 686671.611566794570535 ], [ 550877.619466985226609, 686674.936323153437115 ], [ 548912.363195409998298, 686268.026669926824979 ], [ 549437.081562391598709, 686671.611566794570535 ] ] ], [ [ [ 675064.568167744204402, 697534.959751377231441 ], [ 675168.901191218872555, 696659.818487552576698 ], [ 674848.426587478374131, 696720.332914808765054 ], [ 675064.568167744204402, 697534.959751377231441 ] ] ], [ [ [ 504571.762631110381335, 676479.357195917051286 ], [ 504922.002867433591746, 676732.211297227651812 ], [ 506419.368452021561097, 676633.635658121434972 ], [ 504571.762631110381335, 676479.357195917051286 ] ] ], [ [ [ 670750.218493098393083, 693059.53667417273391 ], [ 671061.201143501908518, 692919.582883456489071 ], [ 670273.387277169153094, 692783.103625703486614 ], [ 670793.276289146044292, 692434.364892966928892 ], [ 670648.024120087269694, 692225.30387188133318 ], [ 671276.700181644409895, 691574.180211810395122 ], [ 671268.257883071782999, 691342.08256429748144 ], [ 669924.849761605844833, 692704.191192967584357 ], [ 670063.181961266207509, 693182.424505662522279 ], [ 670750.218493098393083, 693059.53667417273391 ] ] ], [ [ [ 646112.584242816548795, 678149.227615834097378 ], [ 645809.626347816432826, 676720.072894478915259 ], [ 645255.187809707131237, 676740.091998610529117 ], [ 646112.584242816548795, 678149.227615834097378 ] ] ], [ [ [ 540422.477664135978557, 681881.327304014819674 ], [ 541654.738765975693241, 681618.119553080643527 ], [ 542024.256806089309976, 680437.764972879551351 ], [ 540422.477664135978557, 681881.327304014819674 ] ] ], [ [ [ 668411.154587910976261, 691078.955185456085019 ], [ 669500.35241616005078, 691029.710578638711013 ], [ 669666.961955952108838, 690545.745842382893898 ], [ 668411.154587910976261, 691078.955185456085019 ] ] ], [ [ [ 665726.057282422669232, 684643.945535632432438 ], [ 667379.260490547982045, 683970.254484912264161 ], [ 667104.634307456668466, 683561.485193791566417 ], [ 665726.057282422669232, 684643.945535632432438 ] ] ], [ [ [ 673030.870845127850771, 699241.08998296817299 ], [ 673375.393215832300484, 699095.765870297909714 ], [ 673678.866977438563481, 697453.941522262291983 ], [ 673030.870845127850771, 699241.08998296817299 ] ] ], [ [ [ 677418.797200478496961, 698974.221776516293176 ], [ 678447.203922561369836, 698642.325912719010375 ], [ 677301.980904171592556, 698306.59233796724584 ], [ 677418.797200478496961, 698974.221776516293176 ] ] ], [ [ [ 668188.475445382995531, 706185.965388793498278 ], [ 669162.48129998636432, 705482.842010842519812 ], [ 668210.54223395709414, 705665.926630530506372 ], [ 668188.475445382995531, 706185.965388793498278 ] ] ], [ [ [ 557720.971081547439098, 685595.461107595358044 ], [ 560212.138003039872274, 685608.323151522432454 ], [ 558343.186200728290714, 685286.901240155333653 ], [ 557720.971081547439098, 685595.461107595358044 ] ] ], [ [ [ 654095.377321705105714, 689490.358391026151367 ], [ 654418.844110609847121, 689709.080704902298748 ], [ 655159.480383679270744, 689578.184808970429003 ], [ 655719.717251212685369, 689872.026830911054276 ], [ 655921.629242636961862, 689466.746661059325561 ], [ 655896.454589145141654, 689281.796605209936388 ], [ 655607.596486901049502, 689726.752300717285834 ], [ 655595.474125246051699, 689466.576970520662144 ], [ 655446.895674966392107, 689585.803892205352895 ], [ 654095.377321705105714, 689490.358391026151367 ] ] ], [ [ [ 655072.319771483307704, 688971.78961846686434 ], [ 655414.007494542747736, 688751.806332516018301 ], [ 654339.534388536238112, 689316.825665778829716 ], [ 655072.319771483307704, 688971.78961846686434 ] ] ], [ [ [ 676231.310973140294664, 706386.688587644370273 ], [ 677189.153770523145795, 706426.317159597296268 ], [ 677311.448683039052412, 706287.581426451448351 ], [ 677076.04149827058427, 706369.588016742723994 ], [ 676580.170200137537904, 706111.95712867367547 ], [ 676883.579202415887266, 705935.637781429919414 ], [ 676483.578517529531382, 705656.953675414435565 ], [ 676252.2820543035632, 706100.681642884854227 ], [ 676435.606674741604365, 705615.229696120368317 ], [ 676044.026104295277037, 705395.7151767447358 ], [ 676231.310973140294664, 706386.688587644370273 ] ] ], [ [ [ 666592.572500915965065, 698580.547706606681459 ], [ 667645.388270539580844, 698506.070878029684536 ], [ 667263.543462116271257, 697577.947353964205831 ], [ 666592.572500915965065, 698580.547706606681459 ] ] ], [ [ [ 660549.107669923338108, 696118.788166450336576 ], [ 660132.257070937310345, 695174.672187295975164 ], [ 659846.379027025075629, 695571.361882762867026 ], [ 660549.107669923338108, 696118.788166450336576 ] ] ], [ [ [ 679119.817079747561365, 703865.000481278635561 ], [ 680140.820158455404453, 704260.521348511683755 ], [ 679827.307350374991074, 703565.716262551955879 ], [ 679119.817079747561365, 703865.000481278635561 ] ] ], [ [ [ 668477.028434160980396, 697217.486032181652263 ], [ 668884.996774937259033, 697213.725586474640295 ], [ 670639.992229706025682, 696239.458266485249624 ], [ 668477.028434160980396, 697217.486032181652263 ] ] ], [ [ [ 541439.781170068541542, 680159.627968841814436 ], [ 543263.222584896255285, 680192.796967888018116 ], [ 543488.062822524225339, 679964.544016788015142 ], [ 541439.781170068541542, 680159.627968841814436 ] ] ], [ [ [ 676762.043405019445345, 705298.103638327680528 ], [ 677046.629167083185166, 704789.669271720922552 ], [ 676920.991461577941664, 704416.614645066088997 ], [ 678106.697039260296151, 704511.031699843937531 ], [ 677952.056661297334358, 704222.346999658970162 ], [ 676876.450713469646871, 704329.385066551272757 ], [ 676102.743864091928117, 704593.273634660523385 ], [ 676762.043405019445345, 705298.103638327680528 ] ] ], [ [ [ 674248.340154604171403, 704790.93940522626508 ], [ 674838.051771407015622, 704742.550972423050553 ], [ 672128.637379723251797, 703704.594011113164015 ], [ 674248.340154604171403, 704790.93940522626508 ] ] ], [ [ [ 672521.517184391384944, 697057.536181505187415 ], [ 673667.775547089986503, 697397.167773188557476 ], [ 673822.218752135755494, 696708.780393051565625 ], [ 672521.517184391384944, 697057.536181505187415 ] ] ], [ [ [ 655289.614843623829074, 690439.407895791111514 ], [ 655669.629870340693742, 689932.080345133552328 ], [ 655235.689941982855089, 690158.280851798132062 ], [ 654088.850945337675512, 690087.672698339330964 ], [ 655289.614843623829074, 690439.407895791111514 ] ] ], [ [ [ 649211.974076775368303, 683251.309078376740217 ], [ 648980.59530452801846, 682049.953593639424071 ], [ 648733.376825403072871, 682050.363766313297674 ], [ 649211.974076775368303, 683251.309078376740217 ] ] ], [ [ [ 666990.684509164770134, 702611.204680049209855 ], [ 667915.820893798954785, 702291.015156535082497 ], [ 667080.629654789925553, 701963.747084545204416 ], [ 666990.684509164770134, 702611.204680049209855 ] ] ], [ [ [ 666818.572685624239966, 701639.649568011634983 ], [ 669015.699941978091374, 702469.424081015517004 ], [ 667645.585159027716145, 701704.115566892083734 ], [ 666818.572685624239966, 701639.649568011634983 ] ] ], [ [ [ 651439.895642657764256, 688845.302476785611361 ], [ 651573.223209580988623, 688579.970087198540568 ], [ 651088.427815828472376, 687721.833850521710701 ], [ 651439.895642657764256, 688845.302476785611361 ] ] ], [ [ [ 660297.610300513566472, 691701.544626642833464 ], [ 661108.670587750151753, 692756.948006784776226 ], [ 660622.94754118018318, 691358.56277340487577 ], [ 660297.610300513566472, 691701.544626642833464 ] ] ], [ [ [ 688244.543523127911612, 779303.594959845184349 ], [ 688736.904325748910196, 778382.351398197351955 ], [ 688582.178433379391208, 778105.494728661607951 ], [ 688244.543523127911612, 779303.594959845184349 ] ] ], [ [ [ 648375.472485661855899, 683767.08351703279186 ], [ 648852.682300400338136, 683937.968000354710966 ], [ 648551.641577286063693, 683400.52584041969385 ], [ 648375.472485661855899, 683767.08351703279186 ] ] ], [ [ [ 661505.78581091365777, 688575.695277903461829 ], [ 661330.957405418623239, 688135.796678029815666 ], [ 661118.81850129191298, 688072.328519663540646 ], [ 661424.691805735812522, 688605.413236821419559 ], [ 661104.461048900499009, 689515.984455878264271 ], [ 661505.78581091365777, 688575.695277903461829 ] ] ], [ [ [ 650263.301781416055746, 685870.793922316166572 ], [ 649298.587252381024882, 684950.990220065927133 ], [ 650184.472163862548769, 686157.72170158335939 ], [ 650263.301781416055746, 685870.793922316166572 ] ] ], [ [ [ 557528.081495828577317, 684075.440246869577095 ], [ 557528.40766335115768, 684138.026286173146218 ], [ 558090.940169248497114, 684280.905290761147626 ], [ 557528.081495828577317, 684075.440246869577095 ] ] ], [ [ [ 656686.282630653004162, 691555.455317241256125 ], [ 656714.509271042537875, 690506.950181032880209 ], [ 655883.377067951136269, 691162.931230010348372 ], [ 656686.282630653004162, 691555.455317241256125 ] ] ], [ [ [ 665651.213448691181839, 692386.326794846798293 ], [ 666082.072874490986578, 690860.436685604858212 ], [ 665645.979433710104786, 690297.563359201652929 ], [ 665651.213448691181839, 692386.326794846798293 ] ] ], [ [ [ 678140.973850635928102, 706305.112645224900916 ], [ 676974.315715255215764, 705079.562581712030806 ], [ 676858.443980737938546, 705165.239239770686254 ], [ 678140.973850635928102, 706305.112645224900916 ] ] ], [ [ [ 665609.620201604324393, 698677.724845454213209 ], [ 665232.440480434917845, 698289.330245676916093 ], [ 664927.481712484615855, 698773.796879737405106 ], [ 665609.620201604324393, 698677.724845454213209 ] ] ], [ [ [ 666266.387652199133299, 685956.984966359217651 ], [ 664860.334248255356215, 685235.225227510556579 ], [ 665337.274015118950047, 685656.170187020907179 ], [ 666266.387652199133299, 685956.984966359217651 ] ] ], [ [ [ 678548.292125843232498, 705614.704634229186922 ], [ 677709.141347585711628, 704581.103465675492771 ], [ 677063.881076485849917, 705109.015232859179378 ], [ 678548.292125843232498, 705614.704634229186922 ] ] ], [ [ [ 665069.30021543125622, 687142.356273333425634 ], [ 665152.420788783580065, 686633.927658782573417 ], [ 664981.39420220348984, 686153.617431800696068 ], [ 664641.654910876182839, 686958.622630908037536 ], [ 665069.30021543125622, 687142.356273333425634 ] ] ], [ [ [ 662483.812392790452577, 690678.300700258347206 ], [ 662587.434867013595067, 690512.770062795840204 ], [ 662949.633268457138911, 689727.349016543710604 ], [ 662367.45512757578399, 690346.903430803795345 ], [ 662483.812392790452577, 690678.300700258347206 ] ] ], [ [ [ 684445.39857688115444, 781612.261034305091016 ], [ 685353.979428838822059, 781509.184797934722155 ], [ 684453.956239203340374, 781258.566387264872901 ], [ 684445.39857688115444, 781612.261034305091016 ] ] ], [ [ [ 565899.691298569086939, 736015.699310364667326 ], [ 565517.953721689875238, 735231.754782964475453 ], [ 565258.835923238890246, 735350.761067894403823 ], [ 565899.691298569086939, 736015.699310364667326 ] ] ], [ [ [ 674377.571024219389074, 694133.883416460128501 ], [ 674596.211106125032529, 694908.100773929036222 ], [ 674728.96684052166529, 694243.603007641737349 ], [ 674377.571024219389074, 694133.883416460128501 ] ] ], [ [ [ 670465.225407432997599, 696086.75044965010602 ], [ 671001.876941569847986, 696123.404601979418658 ], [ 670959.658764303545468, 694517.463330376544036 ], [ 670465.225407432997599, 696086.75044965010602 ] ] ], [ [ [ 665587.173385131871328, 684697.438291195081547 ], [ 665727.674420787254348, 684834.653900271980092 ], [ 666178.862879362422973, 684976.496491478523239 ], [ 665587.173385131871328, 684697.438291195081547 ] ] ], [ [ [ 670689.471883435500786, 704288.945180601673201 ], [ 671704.610267992480658, 705078.237626851303503 ], [ 671299.054883339093067, 704386.925867683836259 ], [ 670689.471883435500786, 704288.945180601673201 ] ] ], [ [ [ 667140.425878941547126, 688158.855042055132799 ], [ 667285.807769728126004, 688299.125951976282522 ], [ 667626.662009137682617, 688522.016129751922563 ], [ 667140.425878941547126, 688158.855042055132799 ] ] ], [ [ [ 668127.98714078089688, 705255.367664280231111 ], [ 668997.801348817767575, 705050.880203812732361 ], [ 667987.3082930741366, 704802.512436519493349 ], [ 668127.98714078089688, 705255.367664280231111 ] ] ], [ [ [ 661332.142557478742674, 697848.963113357895054 ], [ 662652.610299831489101, 697948.87731746956706 ], [ 661422.609292605542578, 696944.651767016504891 ], [ 661332.142557478742674, 697848.963113357895054 ] ] ], [ [ [ 663623.078210922889411, 694435.869479412795044 ], [ 665048.538715779199265, 693467.353839793941006 ], [ 665387.53859950194601, 693395.069144783774391 ], [ 665701.490674276603386, 693140.465901580289938 ], [ 665821.674378596246243, 692851.474848772748373 ], [ 665347.590047514415346, 693348.891604072530754 ], [ 664909.628811326576397, 693025.025677518569864 ], [ 664378.651953808497638, 693498.077453727484681 ], [ 663635.440302371396683, 693767.721434113336727 ], [ 663498.926282645436004, 693999.612496606772766 ], [ 663623.078210922889411, 694435.869479412795044 ] ] ], [ [ [ 666528.597243965370581, 698690.408253963571042 ], [ 666553.149648006772622, 698880.391800773446448 ], [ 666705.311739429831505, 699316.218958711833693 ], [ 667160.433697837404907, 699153.009004283114336 ], [ 666528.597243965370581, 698690.408253963571042 ] ] ], [ [ [ 673764.01521259592846, 697371.101427341229282 ], [ 674468.372432807926089, 697045.665104448096827 ], [ 674552.40830844361335, 696378.020128554431722 ], [ 673891.158651531790383, 696706.261619330383837 ], [ 673764.01521259592846, 697371.101427341229282 ] ] ], [ [ [ 679110.793020861456171, 702039.656518182717264 ], [ 679448.354619612917304, 701641.942238427232951 ], [ 678832.427754618925974, 702082.918540662270971 ], [ 679110.793020861456171, 702039.656518182717264 ] ] ], [ [ [ 670463.388575106277131, 703127.325328964157961 ], [ 672063.649760717409663, 703687.088114095153287 ], [ 670621.714453387772664, 703087.970653521479107 ], [ 670463.388575106277131, 703127.325328964157961 ] ] ], [ [ [ 659482.281124948640354, 693118.393111348152161 ], [ 660190.705863855197094, 692337.471303711878136 ], [ 660337.653107749065384, 691887.584965249872766 ], [ 659484.035657051135786, 692739.498853417579085 ], [ 659482.281124948640354, 693118.393111348152161 ] ] ], [ [ [ 667683.045432750834152, 691280.870830240659416 ], [ 668207.93379688472487, 691247.437394397100434 ], [ 668503.742174383951351, 690678.543713878025301 ], [ 667932.973070354084484, 690782.472525910125114 ], [ 667683.045432750834152, 691280.870830240659416 ] ] ], [ [ [ 642377.859366841381416, 673909.714997048373334 ], [ 642498.657409792300314, 673417.118996874196455 ], [ 642020.160321054398082, 673076.450935790431686 ], [ 642377.859366841381416, 673909.714997048373334 ] ] ], [ [ [ 667382.598240849678405, 689753.415884324582294 ], [ 667766.288274438586086, 689557.218667498673312 ], [ 667188.374764737905934, 689831.088128876872361 ], [ 667382.598240849678405, 689753.415884324582294 ] ] ], [ [ [ 664512.653732363018207, 691136.862589955329895 ], [ 664655.428373389295302, 690462.933866412146017 ], [ 664213.185145236435346, 691120.432329945499077 ], [ 664512.653732363018207, 691136.862589955329895 ] ] ], [ [ [ 674283.585848388727754, 697376.057821570080705 ], [ 674957.177962756133638, 697888.437273785006255 ], [ 674753.765530040604062, 697150.910459794686176 ], [ 674283.585848388727754, 697376.057821570080705 ] ] ], [ [ [ 666148.974369844072498, 692305.194912967621349 ], [ 667845.568211918696761, 691961.635585176059976 ], [ 668078.714393884292804, 691731.69257721491158 ], [ 666148.974369844072498, 692305.194912967621349 ] ] ], [ [ [ 666171.487459018127993, 691070.381610660115257 ], [ 666604.065262958523817, 690725.009891525376588 ], [ 666166.785987416515127, 690462.106219950714149 ], [ 666171.487459018127993, 691070.381610660115257 ] ] ], [ [ [ 668400.395825587678701, 698247.47131696564611 ], [ 669301.370049964636564, 698139.201418555574492 ], [ 668492.212432437227108, 697785.872579889139161 ], [ 668400.395825587678701, 698247.47131696564611 ] ] ], [ [ [ 673806.455188056104816, 698254.645183916785754 ], [ 674209.471655283472501, 697449.48355991311837 ], [ 674024.449480082839727, 697364.684554766514339 ], [ 673806.455188056104816, 698254.645183916785754 ] ] ], [ [ [ 663848.329902280238457, 699004.025333154015243 ], [ 663789.065373826189898, 698409.492522025946528 ], [ 663559.639608074445277, 698553.332596966880374 ], [ 663848.329902280238457, 699004.025333154015243 ] ] ], [ [ [ 667672.838520641438663, 703293.861889274441637 ], [ 667926.365989875863306, 703597.171119907754473 ], [ 668047.334269330371171, 703402.261783413472585 ], [ 667672.838520641438663, 703293.861889274441637 ] ] ], [ [ [ 668555.21741867728997, 698752.142249881639145 ], [ 669761.942800106829964, 698427.332897911779583 ], [ 669148.541582111269236, 698346.868516904069111 ], [ 668555.21741867728997, 698752.142249881639145 ] ] ], [ [ [ 662907.095941019593738, 686806.736957270419225 ], [ 663573.693019117112271, 686150.130953776650131 ], [ 663492.849700379068963, 685928.090217225137167 ], [ 662907.095941019593738, 686806.736957270419225 ] ] ], [ [ [ 669655.546042554662563, 690807.037748964037746 ], [ 670249.174639709992334, 690916.478881280170754 ], [ 670261.387191678164527, 690749.500670493580401 ], [ 669655.546042554662563, 690807.037748964037746 ] ] ], [ [ [ 671679.933297055889852, 704893.195410119602457 ], [ 672208.896316587808542, 704802.124519292614423 ], [ 671754.383294125553221, 704292.913552010199055 ], [ 671679.933297055889852, 704893.195410119602457 ] ] ], [ [ [ 688205.908306911122054, 780050.178852477110922 ], [ 688279.469815666670911, 779413.355159285594709 ], [ 687912.972955293720588, 779783.286598108592443 ], [ 688205.908306911122054, 780050.178852477110922 ] ] ], [ [ [ 664648.357908346224576, 690347.967311089974828 ], [ 665476.406292470986955, 690422.78591562632937 ], [ 665197.775618793675676, 690257.731941704754718 ], [ 664648.357908346224576, 690347.967311089974828 ] ] ], [ [ [ 670326.295801778673194, 699806.801672555389814 ], [ 670027.122468384797685, 699367.666319584473968 ], [ 669931.144765558303334, 699492.839958778931759 ], [ 670326.295801778673194, 699806.801672555389814 ] ] ], [ [ [ 668801.155981932533905, 703033.88452942087315 ], [ 669708.703956363839097, 703237.645353890140541 ], [ 669248.605384738300927, 702908.861487452988513 ], [ 668801.155981932533905, 703033.88452942087315 ] ] ], [ [ [ 660679.888864418724552, 695071.615634670015424 ], [ 661121.60164032666944, 694032.28919513116125 ], [ 660997.870828049140982, 693980.13327372726053 ], [ 660679.888864418724552, 695071.615634670015424 ] ] ], [ [ [ 668828.847749015549198, 691790.750412265886553 ], [ 669454.826073832460679, 692054.25784772715997 ], [ 669340.115090268547647, 691486.610817609471269 ], [ 669119.841226931777783, 691536.932767412625253 ], [ 668828.847749015549198, 691790.750412265886553 ] ] ], [ [ [ 568602.536457571433857, 733950.643931086175144 ], [ 568006.539143926231191, 733550.306022606207989 ], [ 567947.62315518502146, 733640.846152325510047 ], [ 568602.536457571433857, 733950.643931086175144 ] ] ], [ [ [ 673246.294946726760827, 696427.477836336474866 ], [ 673669.02310555591248, 696468.639930388773791 ], [ 674258.336505148676224, 696252.163703992031515 ], [ 673246.294946726760827, 696427.477836336474866 ] ] ], [ [ [ 665235.924323016195558, 689904.339583929278888 ], [ 665472.788259271183051, 690295.300033647101372 ], [ 665552.943829738418572, 690209.485358510282822 ], [ 665235.924323016195558, 689904.339583929278888 ] ] ], [ [ [ 678082.23346544301603, 707313.610591303557158 ], [ 677703.468747080652975, 707372.511054447153583 ], [ 677576.455197372240946, 707887.531242183991708 ], [ 678082.23346544301603, 707313.610591303557158 ] ] ], [ [ [ 655127.917973214294761, 695110.477362216217443 ], [ 654750.83780964021571, 694641.424843395128846 ], [ 654820.664420345798135, 695203.257529327529483 ], [ 655127.917973214294761, 695110.477362216217443 ] ] ], [ [ [ 661002.474961067317054, 689231.381423766026273 ], [ 660831.159800281515345, 689346.234767928719521 ], [ 660958.920078011229634, 689874.353911183192395 ], [ 661002.474961067317054, 689231.381423766026273 ] ] ], [ [ [ 668615.741504160221666, 704246.905710191931576 ], [ 668471.505902869394049, 703669.416526485816576 ], [ 668056.29841600661166, 703774.378734811907634 ], [ 668615.741504160221666, 704246.905710191931576 ] ] ], [ [ [ 677016.34961411554832, 697219.955374805838801 ], [ 677466.482335168751888, 696957.827606896054931 ], [ 677042.58864697383251, 696970.03710669267457 ], [ 677016.34961411554832, 697219.955374805838801 ] ] ], [ [ [ 667925.876376571482979, 703072.864078433834948 ], [ 668216.298598081222735, 703355.863442119210958 ], [ 668495.172999969101511, 703022.258202387252823 ], [ 667925.876376571482979, 703072.864078433834948 ] ] ], [ [ [ 674568.741536665591411, 696223.982373851467855 ], [ 674921.796962300082669, 696066.682856702245772 ], [ 674673.623402630677447, 696114.612135496921837 ], [ 674653.326339730643667, 695800.22607556625735 ], [ 674568.741536665591411, 696223.982373851467855 ] ] ], [ [ [ 684388.28500004473608, 781490.728754213312641 ], [ 684064.445419467869215, 781362.152396183693781 ], [ 684341.079170404816978, 781543.378935636137612 ], [ 684388.28500004473608, 781490.728754213312641 ] ] ], [ [ [ 664886.804054700536653, 689477.335239307722077 ], [ 665747.067433853168041, 689564.592958499328233 ], [ 665481.573144549387507, 688861.287613154272549 ], [ 664886.804054700536653, 689477.335239307722077 ] ] ], [ [ [ 670402.72480257821735, 703853.31281847669743 ], [ 670849.167486664489843, 704160.738966507371515 ], [ 670666.419803314027376, 703592.624157392070629 ], [ 670402.72480257821735, 703853.31281847669743 ] ] ], [ [ [ 676953.584619831875898, 707172.489471217151731 ], [ 677556.843819546862505, 706659.350067753810436 ], [ 677345.48329278617166, 706343.61426261079032 ], [ 676953.584619831875898, 707172.489471217151731 ] ] ], [ [ [ 679607.950596955488436, 702663.973484473186545 ], [ 679608.993856996763498, 701605.463360614143312 ], [ 679519.916992171201855, 701743.940819782204926 ], [ 679607.950596955488436, 702663.973484473186545 ] ] ], [ [ [ 670151.093075648183003, 698822.01236764062196 ], [ 669909.269319068174809, 698504.204050625208765 ], [ 669956.376120465924032, 698835.859390966012143 ], [ 670151.093075648183003, 698822.01236764062196 ] ] ], [ [ [ 659988.202764520421624, 696513.572651822818443 ], [ 660478.077777822385542, 696149.346703890128992 ], [ 660179.29485989571549, 695903.147229569149204 ], [ 659988.202764520421624, 696513.572651822818443 ] ] ], [ [ [ 646114.768364718183875, 677068.849145633750595 ], [ 646252.96331763046328, 676880.308538170880638 ], [ 645779.447091103065759, 676199.299593971343711 ], [ 646114.768364718183875, 677068.849145633750595 ] ] ], [ [ [ 643048.319846170837991, 673061.166832308867015 ], [ 643364.039958753623068, 673065.353417864767835 ], [ 643027.505565713043325, 672698.664689024328254 ], [ 643048.319846170837991, 673061.166832308867015 ] ] ], [ [ [ 669621.985898349783383, 694267.035364739596844 ], [ 670076.591206697747111, 694567.48269265529234 ], [ 669997.518100366229191, 694080.763747829943895 ], [ 669621.985898349783383, 694267.035364739596844 ] ] ], [ [ [ 538192.975766562041827, 681997.423526285099797 ], [ 538499.456133940955624, 681720.560003488906659 ], [ 538178.265248041367158, 681770.407830908312462 ], [ 538192.975766562041827, 681997.423526285099797 ] ] ], [ [ [ 667878.375072240713052, 690656.403806563932449 ], [ 668851.668376494664699, 690482.242710737977177 ], [ 669063.057547578937374, 690131.186203740187921 ], [ 667878.375072240713052, 690656.403806563932449 ] ] ], [ [ [ 668349.469743269961327, 704762.446625650860369 ], [ 668326.931666652671993, 704226.421232847962528 ], [ 668015.547754481667653, 704552.686281088623218 ], [ 668349.469743269961327, 704762.446625650860369 ] ] ], [ [ [ 667262.660472206654958, 699150.183215202880092 ], [ 667337.913992913789116, 698669.714895428158343 ], [ 667068.19378798105754, 698805.561867426498793 ], [ 667262.660472206654958, 699150.183215202880092 ] ] ], [ [ [ 665620.711065436713398, 686322.631271761958487 ], [ 665955.179420872940682, 685959.9777142314706 ], [ 665335.065260062925518, 685722.170225536683574 ], [ 665620.711065436713398, 686322.631271761958487 ] ] ], [ [ [ 664111.833369703730568, 693168.576775350375101 ], [ 664210.754112308612093, 693033.247946987859905 ], [ 664241.951930371345952, 692776.032338512828574 ], [ 664098.564784114132635, 692679.235411627218127 ], [ 664111.833369703730568, 693168.576775350375101 ] ] ], [ [ [ 666382.15370467340108, 690444.555145598598756 ], [ 666725.728812328074127, 690097.990507026202977 ], [ 666397.638926158309914, 690015.813791050692089 ], [ 666382.15370467340108, 690444.555145598598756 ] ] ], [ [ [ 667163.930357165285386, 695023.875432683387771 ], [ 667358.297253430238925, 694979.297050135559402 ], [ 667333.552521051722579, 694509.41009284905158 ], [ 667163.930357165285386, 695023.875432683387771 ] ] ], [ [ [ 667900.95495564583689, 698282.717651038430631 ], [ 668000.074969918117858, 697966.76950007060077 ], [ 667760.457193341455422, 698109.882034057402052 ], [ 667900.95495564583689, 698282.717651038430631 ] ] ], [ [ [ 661844.882101315772161, 688289.594284522230737 ], [ 661450.418064001714811, 688210.507908205618151 ], [ 661582.559745350503363, 688535.344743830151856 ], [ 661844.882101315772161, 688289.594284522230737 ] ] ], [ [ [ 663909.327749743359163, 691022.320478243869729 ], [ 664173.923430357011966, 690921.774339665193111 ], [ 664493.507053281180561, 690339.381626794696786 ], [ 663952.592020960873924, 690809.168407799210399 ], [ 663909.327749743359163, 691022.320478243869729 ] ] ], [ [ [ 661739.914158442174084, 688012.5476093190955 ], [ 661990.431411063764244, 687682.146785289165564 ], [ 661741.825747912633233, 687559.994607737171464 ], [ 661739.914158442174084, 688012.5476093190955 ] ] ], [ [ [ 663144.330197615316138, 693757.868000395712443 ], [ 663572.444407394854352, 693580.005489737843163 ], [ 663891.140016970806755, 693473.234010713524185 ], [ 663628.258583326009102, 693372.849426708766259 ], [ 663144.330197615316138, 693757.868000395712443 ] ] ], [ [ [ 667813.599731351132505, 701232.889611401944421 ], [ 667822.533218729775399, 700745.271010557305999 ], [ 667488.014663056936115, 701083.96259875735268 ], [ 667813.599731351132505, 701232.889611401944421 ] ] ], [ [ [ 674312.807889270596206, 696169.643587088095956 ], [ 674539.787657215143554, 695748.626354370033368 ], [ 673881.614890346536413, 696000.6979398134863 ], [ 674312.807889270596206, 696169.643587088095956 ] ] ], [ [ [ 666299.821073057013564, 698045.529980848892592 ], [ 666398.105976001825184, 698520.75823956518434 ], [ 666624.5077668458689, 697995.021548152319156 ], [ 666299.821073057013564, 698045.529980848892592 ] ] ], [ [ [ 659946.664078013389371, 696205.387098728679121 ], [ 660082.12294424592983, 695837.688561010640115 ], [ 659809.282046808279119, 695627.221642059274018 ], [ 659689.313966005574912, 695842.478598594898358 ], [ 659759.614646048634313, 696148.718169460771605 ], [ 659946.664078013389371, 696205.387098728679121 ] ] ], [ [ [ 642947.541772760683671, 674332.864768992294557 ], [ 642542.151256654877216, 673892.935899717966095 ], [ 642967.375956742791459, 674486.814813406323083 ], [ 642947.541772760683671, 674332.864768992294557 ] ] ], [ [ [ 663647.113059164723381, 685979.903768392396159 ], [ 664233.60329100524541, 685302.170595697825775 ], [ 663677.077080516843125, 685597.980992747587152 ], [ 663647.113059164723381, 685979.903768392396159 ] ] ], [ [ [ 571602.679629671969451, 734483.845898593077436 ], [ 571761.323019963107072, 734102.097039044252597 ], [ 571581.249857253511436, 733727.058005053550005 ], [ 571602.679629671969451, 734483.845898593077436 ] ] ], [ [ [ 653621.384814788820222, 687758.003698492073454 ], [ 653955.290220592054538, 687504.343143239035271 ], [ 653659.688559433328919, 687503.854454220621847 ], [ 653621.384814788820222, 687758.003698492073454 ] ] ], [ [ [ 674839.866995127988048, 702314.883158876677044 ], [ 675302.010695558157749, 702267.294025800772943 ], [ 674817.372807590989396, 701995.18272223835811 ], [ 674839.866995127988048, 702314.883158876677044 ] ] ], [ [ [ 650563.030657152063213, 686354.738882565754466 ], [ 650335.650043731322512, 686399.785052064922638 ], [ 650551.413950057234615, 686483.67651021562051 ], [ 650563.030657152063213, 686354.738882565754466 ] ] ], [ [ [ 666036.640018885722384, 689224.22049211000558 ], [ 665725.358277244726196, 689087.331918719573878 ], [ 665890.055702875368297, 689384.062514165649191 ], [ 666036.640018885722384, 689224.22049211000558 ] ] ], [ [ [ 654685.458203600719571, 690010.152044805581681 ], [ 654976.492725967778824, 689860.381463089142926 ], [ 654474.345336886006407, 689824.907964919810183 ], [ 654685.458203600719571, 690010.152044805581681 ] ] ], [ [ [ 665910.421922654379159, 692361.712184746400453 ], [ 666121.501583400648087, 691623.985288594616577 ], [ 665862.263770113233477, 692287.07524407049641 ], [ 665910.421922654379159, 692361.712184746400453 ] ] ], [ [ [ 670496.027377714053728, 700030.448366573778912 ], [ 670596.870140901417471, 699592.488661574898288 ], [ 670276.046452909940854, 700006.695847194408998 ], [ 670496.027377714053728, 700030.448366573778912 ] ] ], [ [ [ 668245.742456577601843, 703548.893634364940226 ], [ 668462.925718674552627, 703292.218519803602248 ], [ 668111.785431215423159, 703427.251427670591511 ], [ 668245.742456577601843, 703548.893634364940226 ] ] ], [ [ [ 674572.904775587958284, 697114.707720731035806 ], [ 674547.469832844217308, 696723.655641946708784 ], [ 674525.924428344704211, 697059.974543635034934 ], [ 674298.987759581883438, 697234.718071419047192 ], [ 674572.904775587958284, 697114.707720731035806 ] ] ], [ [ [ 666864.627086652326398, 690079.927895799395628 ], [ 667065.196324137621559, 689842.509781488450244 ], [ 666645.399406165932305, 689939.545730400597677 ], [ 666864.627086652326398, 690079.927895799395628 ] ] ], [ [ [ 674657.651036949129775, 696367.943869318347424 ], [ 674914.467831745394506, 696585.140154769527726 ], [ 675032.961898515000939, 696532.731848254334182 ], [ 674657.651036949129775, 696367.943869318347424 ] ] ], [ [ [ 665720.276121946051717, 688980.170671184081584 ], [ 665928.105267591658048, 688677.093553833314218 ], [ 665559.368438735371456, 688808.386966469930485 ], [ 665720.276121946051717, 688980.170671184081584 ] ] ], [ [ [ 678047.967965243034996, 707713.269692892907187 ], [ 678189.993603280978277, 707339.416998547967523 ], [ 677721.191180280409753, 707791.097246105084196 ], [ 678047.967965243034996, 707713.269692892907187 ] ] ], [ [ [ 677258.883298974600621, 706204.865200402331538 ], [ 676929.194568876642734, 706147.674768507480621 ], [ 677195.829376259236597, 706299.526932223932818 ], [ 677258.883298974600621, 706204.865200402331538 ] ] ], [ [ [ 662725.007358180941083, 694485.841833553276956 ], [ 662924.379668835899793, 693909.944811141467653 ], [ 662686.109935041517019, 694495.707247825223021 ], [ 662725.007358180941083, 694485.841833553276956 ] ] ], [ [ [ 677935.329844764783047, 707094.335885994369164 ], [ 677667.144063147483394, 706685.225032540038228 ], [ 677574.535148708848283, 706731.95424907002598 ], [ 677935.329844764783047, 707094.335885994369164 ] ] ], [ [ [ 674487.89998010348063, 695691.427273255656473 ], [ 674441.749184126034379, 695347.064588293316774 ], [ 674234.270958591951057, 695739.080779561074451 ], [ 674487.89998010348063, 695691.427273255656473 ] ] ], [ [ [ 665664.712617967976257, 692695.164900238742121 ], [ 665953.641919260611758, 692504.827408080571331 ], [ 665754.399970127618872, 692510.781212967820466 ], [ 665664.712617967976257, 692695.164900238742121 ] ] ], [ [ [ 666187.065239322371781, 697912.697948249639012 ], [ 666658.747804260347039, 697944.08567454945296 ], [ 666712.563358389539644, 697904.668081021984108 ], [ 666187.065239322371781, 697912.697948249639012 ] ] ], [ [ [ 654720.469811498653144, 694529.805785586708225 ], [ 654844.965399013250135, 694210.570294883800671 ], [ 654754.850305178202689, 694115.143263076432049 ], [ 654720.469811498653144, 694529.805785586708225 ] ] ], [ [ [ 662473.76275139383506, 687233.56686274940148 ], [ 662509.791260000667535, 687264.12332151341252 ], [ 662884.492936072521843, 686873.828565887873992 ], [ 662473.76275139383506, 687233.56686274940148 ] ] ], [ [ [ 664471.280497344094329, 693166.452547691995278 ], [ 664854.912033299566247, 692898.961511582834646 ], [ 664367.597668513073586, 692800.279371307347901 ], [ 664471.280497344094329, 693166.452547691995278 ] ] ], [ [ [ 674792.254552588332444, 695782.397138369386084 ], [ 674987.000126037979499, 695488.727247450500727 ], [ 674686.680138585041277, 695308.996183179900981 ], [ 674635.311491420841776, 695628.357595404377207 ], [ 674792.254552588332444, 695782.397138369386084 ] ] ], [ [ [ 663962.07454939733725, 693478.444440809660591 ], [ 664371.053969312692061, 693355.198420449509285 ], [ 663812.2120846247999, 693365.863214596291073 ], [ 663962.07454939733725, 693478.444440809660591 ] ] ], [ [ [ 642985.331885469611734, 674780.447369651636109 ], [ 643194.64633772848174, 674774.575907390913926 ], [ 643056.432893734425306, 674526.069153534248471 ], [ 642985.331885469611734, 674780.447369651636109 ] ] ], [ [ [ 668991.137177501106635, 690527.867443474358879 ], [ 668892.631910427822731, 690515.738888788851909 ], [ 668575.625271208235063, 690670.978375434875488 ], [ 668991.137177501106635, 690527.867443474358879 ] ] ], [ [ [ 662200.058812273782678, 687709.820665712468326 ], [ 662045.008934324490838, 687597.02851237799041 ], [ 662120.104168172809295, 687757.597487252554856 ], [ 662200.058812273782678, 687709.820665712468326 ] ] ], [ [ [ 669394.30719066481106, 699553.049472178681754 ], [ 669322.952516721910797, 699344.223028832813725 ], [ 669170.092117889784276, 699447.512315962463617 ], [ 669394.30719066481106, 699553.049472178681754 ] ] ], [ [ [ 677217.122613913030364, 698282.599116832134314 ], [ 676679.17474761151243, 698039.825921525829472 ], [ 677114.972540319664404, 698285.321420483640395 ], [ 677217.122613913030364, 698282.599116832134314 ] ] ], [ [ [ 568161.281228315667249, 726678.520071278326213 ], [ 568283.799944186932407, 726621.12471224355977 ], [ 568318.57242871040944, 726599.508763660560362 ], [ 568182.246738782152534, 726548.33880068117287 ], [ 568161.281228315667249, 726678.520071278326213 ] ] ], [ [ [ 570891.604787702672184, 726540.793126842239872 ], [ 570843.732911651604809, 726436.550389542942867 ], [ 570836.755928214290179, 726552.159702532575466 ], [ 570891.604787702672184, 726540.793126842239872 ] ] ] ] } },
{ "type": "Feature", "properties": { "OBJECTID": 218.0, "STATE": "Michigan", "STATE_FIPS": "26", "CD_2DIG": "01", "STATE_CODE": 20, "CLIMDIV": 2001, "CD_NEW": 1, "FIPS_CD": "2601", "NCDC_GEO_I": 128.0, "NAME": "WEST UPPER", "ST_ABBRV": "MI", "SHAPE_AREA": 0.0, "SHAPE_LEN": 0.0 }, "geometry": { "type": "MultiPolygon", "coordinates": [ [ [ [ 610748.560111588332802, 2746701.370361918583512 ], [ 628602.307541021844372, 2739547.275004022754729 ], [ 610199.743318482302129, 2736384.492912020999938 ], [ 591356.633599429158494, 2714031.440694658085704 ], [ 577088.720281120040454, 2688042.767993902787566 ], [ 574721.546269929502159, 2663477.536568551324308 ], [ 599902.037667274009436, 2688812.516538589261472 ], [ 590215.218438755255193, 2671918.767897861078382 ], [ 605037.081496451748535, 2684108.617661107797176 ], [ 625464.03627207223326, 2682575.056669895071536 ], [ 643861.060583607060835, 2672114.186568154022098 ], [ 663364.220263228402473, 2643488.117408655118197 ], [ 683010.502847851370461, 2643680.898694565054029 ], [ 686524.36721772828605, 2606592.804337227717042 ], [ 676838.773868729942478, 2605710.444040061440319 ], [ 678512.802026461227797, 2586492.580785731319338 ], [ 668864.649657722795382, 2585623.997792568523437 ], [ 681267.218102948158048, 2537107.607215377036482 ], [ 660262.481164466124028, 2485491.10756361996755 ], [ 648207.540430777240545, 2493175.25372438877821 ], [ 652487.402059375308454, 2515394.820730534847826 ], [ 634621.564848205889575, 2512275.84449478937313 ], [ 639728.498444699682295, 2549342.83234360255301 ], [ 611600.57130712363869, 2561027.491638918407261 ], [ 612621.636332595255226, 2573655.871204538270831 ], [ 579895.821578909293748, 2581921.862909216433764 ], [ 568153.068101348821074, 2577474.180230050813407 ], [ 453493.951432966510765, 2608263.542076756246388 ], [ 444978.620720317179803, 2626056.298436432145536 ], [ 429071.493501852615736, 2632246.417787943966687 ], [ 475414.20620259991847, 2663133.721922582946718 ], [ 502991.419317117251921, 2667476.229169369209558 ], [ 536451.443380419397727, 2687771.023808386176825 ], [ 575283.365261601982638, 2731748.05291469860822 ], [ 610748.560111588332802, 2746701.370361918583512 ] ] ], [ [ [ 567797.701764087658376, 2821630.471141177695245 ], [ 551470.822345623979345, 2801212.044713080860674 ], [ 526715.126043212367222, 2787387.554308759979904 ], [ 533644.183838094351813, 2786045.165852434001863 ], [ 509739.913000510947313, 2780083.039532983209938 ], [ 513312.326251233287621, 2789454.613846587017179 ], [ 567797.701764087658376, 2821630.471141177695245 ] ] ], [ [ [ 549733.320079256081954, 2813392.565063853282481 ], [ 549678.5524062293116, 2813297.129884724505246 ], [ 549581.128064848831855, 2813319.011069421190768 ], [ 549733.320079256081954, 2813392.565063853282481 ] ] ] ] } },
{ "type": "Feature", "properties": { "OBJECTID": 219.0, "STATE": "Michigan", "STATE_FIPS": "26", "CD_2DIG": "02", "STATE_CODE": 20, "CLIMDIV": 2002, "CD_NEW": 2, "FIPS_CD": "2602", "NCDC_GEO_I": 129.0, "NAME": "EAST UPPER", "ST_ABBRV": "MI", "SHAPE_AREA": 0.0, "SHAPE_LEN": 0.0 }, "geometry": { "type": "MultiPolygon", "coordinates": [ [ [ [ 843611.595126294763759, 2691540.409061351791024 ], [ 842576.445699324947782, 2659615.159589200280607 ], [ 873431.148960062302649, 2662951.550563364289701 ], [ 878286.852776358718984, 2655545.145110218320042 ], [ 898188.497612781007774, 2666431.524193636141717 ], [ 907387.758038391009904, 2645336.46083470992744 ], [ 910974.31923768192064, 2641255.85112927807495 ], [ 906686.443026242777705, 2632417.186607506126165 ], [ 924382.535967772942968, 2629922.231652740389109 ], [ 921580.49504614865873, 2625076.042631306685507 ], [ 935286.148063120082952, 2617712.115075468551368 ], [ 936433.644808474928141, 2615464.129806399345398 ], [ 935633.546551297069527, 2611499.078823746182024 ], [ 892283.576578335952945, 2612142.561963770072907 ], [ 888200.9562779199332, 2607037.33996758935973 ], [ 877064.326954253599979, 2615084.27808408299461 ], [ 872628.539837692165747, 2590670.843752596992999 ], [ 850196.418905961792916, 2607251.677628303878009 ], [ 811677.418495440739207, 2612503.117813526187092 ], [ 798602.927069544792175, 2595590.208602039609104 ], [ 753652.492924691527151, 2589141.439897960051894 ], [ 749217.464203354669735, 2571767.44881948409602 ], [ 732644.112558254506439, 2561209.733667123131454 ], [ 731537.296618001069874, 2548657.16707047726959 ], [ 722380.847993787494488, 2556453.625330420210958 ], [ 733732.225805521011353, 2568008.590141013730317 ], [ 734173.117540325270966, 2580842.806784702464938 ], [ 715451.484082850045525, 2576064.531067670788616 ], [ 703147.344610297121108, 2553408.684131616726518 ], [ 699988.970653075375594, 2580744.215474302880466 ], [ 695574.631890868069604, 2557253.622130424249917 ], [ 676376.033131425618194, 2537823.026817013975233 ], [ 668864.649657722795382, 2585623.997792568523437 ], [ 678512.802026461227797, 2586492.580785731319338 ], [ 676838.773868729942478, 2605710.444040061440319 ], [ 686524.36721772828605, 2606592.804337227717042 ], [ 685517.75705307314638, 2646473.420956559013575 ], [ 720508.345548430923373, 2637989.950847752857953 ], [ 754525.085938654839993, 2670345.523978277109563 ], [ 804493.04354604287073, 2676347.798401447013021 ], [ 843611.595126294763759, 2691540.409061351791024 ] ] ], [ [ [ 947830.639492215588689, 2627911.810461438726634 ], [ 969048.117551626055501, 2619546.726285953540355 ], [ 966778.605342516792007, 2611989.497696403414011 ], [ 957321.04432635800913, 2614594.19477396691218 ], [ 946863.304692544974387, 2612871.29450098099187 ], [ 945362.344263571547344, 2610352.012973212171346 ], [ 944481.956853443058208, 2610582.876203423365951 ], [ 944645.577514911419712, 2611544.784999708645046 ], [ 943592.545131421065889, 2611762.166335980407894 ], [ 944248.605220951489173, 2612205.419433070812374 ], [ 943533.30111532995943, 2613048.171671992633492 ], [ 942870.378179832128808, 2613451.695564674213529 ], [ 940905.073273546528071, 2611844.765088251791894 ], [ 939575.551315501448698, 2616169.152822713367641 ], [ 937917.089709550724365, 2613199.403770118020475 ], [ 939963.297780747525394, 2619980.292445703409612 ], [ 953553.688010006793775, 2622928.77655397169292 ], [ 947830.639492215588689, 2627911.810461438726634 ] ] ], [ [ [ 899947.705911948578432, 2664811.508442899212241 ], [ 912154.485482018557377, 2671166.60694735776633 ], [ 907605.566304165753536, 2660778.691659589763731 ], [ 914345.861308341613039, 2649444.363455710466951 ], [ 899947.705911948578432, 2664811.508442899212241 ] ] ], [ [ [ 887468.332966700079851, 2589936.237586973235011 ], [ 898537.007040875847451, 2590733.971736204344779 ], [ 904136.755792079376988, 2586775.435084498021752 ], [ 894936.152939366409555, 2581183.766688594594598 ], [ 887468.332966700079851, 2589936.237586973235011 ] ] ], [ [ [ 908068.692246305989102, 2645604.498024093452841 ], [ 917023.683666710392572, 2642651.219348576851189 ], [ 913798.879999194992706, 2637637.751638110727072 ], [ 908068.692246305989102, 2645604.498024093452841 ] ] ], [ [ [ 715890.636422010371462, 2654163.284634267911315 ], [ 721939.310423034708947, 2647198.977912729140371 ], [ 720373.57164609618485, 2642683.299812958575785 ], [ 716305.211169134825468, 2642600.658799758180976 ], [ 715890.636422010371462, 2654163.284634267911315 ] ] ], [ [ [ 880164.470162168960087, 2593854.695015305653214 ], [ 883460.192339294357225, 2594511.272025574464351 ], [ 883747.30605986318551, 2593116.542038800660521 ], [ 880164.470162168960087, 2593854.695015305653214 ] ] ], [ [ [ 894023.652293032035232, 2667373.947971608489752 ], [ 895626.395438375067897, 2666628.820888189598918 ], [ 892554.759263442014344, 2667048.980096781626344 ], [ 894023.652293032035232, 2667373.947971608489752 ] ] ], [ [ [ 956668.294598948210478, 2613338.434782668482512 ], [ 957544.708296444034204, 2613051.621141570154577 ], [ 957025.509178772685118, 2612483.461410253308713 ], [ 956668.294598948210478, 2613338.434782668482512 ] ] ], [ [ [ 906563.512709919596091, 2608329.093811155762523 ], [ 908855.876176072866656, 2608190.513765660114586 ], [ 907249.289055596920662, 2607899.963825920596719 ], [ 906563.512709919596091, 2608329.093811155762523 ] ] ], [ [ [ 942360.361930747982115, 2611237.487944861408323 ], [ 942318.626371366903186, 2610329.305038147140294 ], [ 941745.000344793079421, 2610403.661743574775755 ], [ 942360.361930747982115, 2611237.487944861408323 ] ] ], [ [ [ 905768.788904989371076, 2609596.971202298533171 ], [ 906806.903930208762176, 2608576.682268475182354 ], [ 905390.45580198301468, 2609714.019013815559447 ], [ 905768.788904989371076, 2609596.971202298533171 ] ] ], [ [ [ 908618.89461200335063, 2609769.926666259765625 ], [ 908150.383210828527808, 2609608.538914596661925 ], [ 907484.415743302204646, 2610183.626554246991873 ], [ 908618.89461200335063, 2609769.926666259765625 ] ] ], [ [ [ 940535.936254677595571, 2612758.810327745042741 ], [ 940048.284023365005851, 2612703.634930717293173 ], [ 940428.594692071783356, 2613054.465004173107445 ], [ 940535.936254677595571, 2612758.810327745042741 ] ] ], [ [ [ 943173.28373669530265, 2613071.925412202719599 ], [ 942877.841142539633438, 2612533.31880150269717 ], [ 943081.588191251619719, 2613309.693591461051255 ], [ 943173.28373669530265, 2613071.925412202719599 ] ] ], [ [ [ 942123.211096641374752, 2611764.34068920603022 ], [ 942366.02362699538935, 2612148.954618919640779 ], [ 942258.199262109817937, 2611592.568749604746699 ], [ 942123.211096641374752, 2611764.34068920603022 ] ] ], [ [ [ 947322.673872287501581, 2610729.082430342677981 ], [ 947076.00062326528132, 2610674.319891291670501 ], [ 947188.220463004661724, 2610957.272521193604916 ], [ 947322.673872287501581, 2610729.082430342677981 ] ] ], [ [ [ 942788.308301591547206, 2612374.152667872607708 ], [ 942616.843236888875253, 2612281.659761292394251 ], [ 942788.42348663660232, 2612571.266551546286792 ], [ 942788.308301591547206, 2612374.152667872607708 ] ] ], [ [ [ 939785.158141568303108, 2613073.626291411463171 ], [ 939627.195046065491624, 2613066.094696652609855 ], [ 939711.441230973345228, 2613227.777902747970074 ], [ 939785.158141568303108, 2613073.626291411463171 ] ] ], [ [ [ 943427.976925376453437, 2612083.555820039939135 ], [ 943273.375697306357324, 2611930.654331099707633 ], [ 943410.024028814979829, 2612303.527249434497207 ], [ 943427.976925376453437, 2612083.555820039939135 ] ] ], [ [ [ 947531.504022387671284, 2612073.069104753434658 ], [ 947437.844128802069463, 2611963.891942668706179 ], [ 947486.110888833296485, 2612141.292619343381375 ], [ 947531.504022387671284, 2612073.069104753434658 ] ] ], [ [ [ 946616.718662007129751, 2611156.674002980813384 ], [ 946535.607210451853462, 2611051.371814116835594 ], [ 946529.812306104577146, 2611216.624019347131252 ], [ 946616.718662007129751, 2611156.674002980813384 ] ] ] ] } },
{ "type": "Feature", "properties": { "OBJECTID": 220.0, "STATE": "Michigan", "STATE_FIPS": "26", "CD_2DIG": "03", "STATE_CODE": 20, "CLIMDIV": 2003, "CD_NEW": 3, "FIPS_CD": "2603", "NCDC_GEO_I": 130.0, "NAME": "NORTHWEST", "ST_ABBRV": "MI", "SHAPE_AREA": 0.0, "SHAPE_LEN": 0.0 }, "geometry": { "type": "MultiPolygon", "coordinates": [ [ [ [ 872275.810252349125221, 2584847.346125908195972 ], [ 883482.356456251232885, 2510909.740586724597961 ], [ 873939.271051685791463, 2509961.640911491122097 ], [ 886764.502333764801733, 2404381.688981897663325 ], [ 764780.442498158896342, 2392959.879059360362589 ], [ 773132.350119009846821, 2419267.50893863523379 ], [ 769477.979080332559533, 2450852.717918678186834 ], [ 781990.548730205395259, 2457759.356396761722863 ], [ 781952.471154620405287, 2476315.279678261838853 ], [ 801570.564888014690951, 2483073.476994764991105 ], [ 819329.68813019990921, 2514261.36890801275149 ], [ 815022.490735956584103, 2473340.558589769061655 ], [ 820321.621633066679351, 2464654.875736288260669 ], [ 827181.58576249727048, 2490636.291672334540635 ], [ 826172.776447832584381, 2463251.726459215860814 ], [ 834658.381878309883177, 2488886.575541810598224 ], [ 831815.299748143879697, 2522509.892551659606397 ], [ 865813.681423289934173, 2540126.731503324583173 ], [ 848300.326375835109502, 2554588.761534734629095 ], [ 859512.62648952298332, 2574795.699454359244555 ], [ 856746.332189440494403, 2579555.381733969319612 ], [ 855774.221491068601608, 2578944.645787489134818 ], [ 855334.853328140336089, 2579626.239156968891621 ], [ 854336.08711631258484, 2579002.205178354401141 ], [ 853470.996076950104907, 2579335.984462562017143 ], [ 853362.377759285503998, 2579653.777522425632924 ], [ 872275.810252349125221, 2584847.346125908195972 ] ] ], [ [ [ 810976.055676105897874, 2574740.792147070169449 ], [ 818514.05267575243488, 2560275.409839583560824 ], [ 813356.151226488524117, 2553973.600067081861198 ], [ 807702.37095973896794, 2556346.894252852071077 ], [ 810976.055676105897874, 2574740.792147070169449 ] ] ], [ [ [ 780215.418774118646979, 2497779.633456681855023 ], [ 786129.522498533711769, 2502686.69552790094167 ], [ 788223.756519477698021, 2494148.465217273682356 ], [ 780215.418774118646979, 2497779.633456681855023 ] ] ], [ [ [ 774422.912682058988139, 2490403.33501863759011 ], [ 778595.041356249479577, 2487255.044383941683918 ], [ 773826.96256625384558, 2486106.153384209144861 ], [ 774422.912682058988139, 2490403.33501863759011 ] ] ], [ [ [ 815052.052353960461915, 2577301.910850941669196 ], [ 817649.160133798141032, 2580771.469983517657965 ], [ 819204.68869596766308, 2577586.366803524084389 ], [ 815052.052353960461915, 2577301.910850941669196 ] ] ], [ [ [ 801699.669081736588851, 2566650.535525731742382 ], [ 803374.960835672682151, 2572094.322866347618401 ], [ 804994.7119304217631, 2572227.247029044665396 ], [ 805106.856130116386339, 2572160.299484720919281 ], [ 801699.669081736588851, 2566650.535525731742382 ] ] ], [ [ [ 824775.898880654713139, 2582598.967438851017505 ], [ 826768.339440368581563, 2578601.481219200417399 ], [ 823438.48250655492302, 2578094.824497461784631 ], [ 824775.898880654713139, 2582598.967438851017505 ] ] ] ] } },
{ "type": "Feature", "properties": { "OBJECTID": 221.0, "STATE": "Michigan", "STATE_FIPS": "26", "CD_2DIG": "04", "STATE_CODE": 20, "CLIMDIV": 2004, "CD_NEW": 4, "FIPS_CD": "2604", "NCDC_GEO_I": 131.0, "NAME": "NORTHEAST LOWER", "ST_ABBRV": "MI", "SHAPE_AREA": 0.0, "SHAPE_LEN": 0.0 }, "geometry": { "type": "Polygon", "coordinates": [ [ [ 874887.048268907587044, 2585273.493943794630468 ], [ 896161.454368078964762, 2573117.728915034793317 ], [ 916860.67861270532012, 2573223.106725413817912 ], [ 929458.916315185255371, 2558246.075357296969742 ], [ 976931.842950509977527, 2550036.205977102275938 ], [ 986705.006041210726835, 2541329.937668853439391 ], [ 999815.177952292724513, 2515631.796909789089113 ], [ 989259.270535438554361, 2519995.059879124630243 ], [ 984237.619711497216485, 2511101.060635353438556 ], [ 1000384.241739813354798, 2491342.730338411405683 ], [ 1004354.145652199280448, 2446788.308223023544997 ], [ 988515.400262515177019, 2417329.130367049016058 ], [ 886764.502333764801733, 2404381.688981897663325 ], [ 873944.907911020680331, 2509864.73844574810937 ], [ 883482.356456251232885, 2510909.740586724597961 ], [ 874887.048268907587044, 2585273.493943794630468 ] ] ] } },
{ "type": "Feature", "properties": { "OBJECTID": 222.0, "STATE": "Michigan", "STATE_FIPS": "26", "CD_2DIG": "05", "STATE_CODE": 20, "CLIMDIV": 2005, "CD_NEW": 5, "FIPS_CD": "2605", "NCDC_GEO_I": 132.0, "NAME": "WEST CENTRAL LOWER", "ST_ABBRV": "MI", "SHAPE_AREA": 0.0, "SHAPE_LEN": 0.0 }, "geometry": { "type": "Polygon", "coordinates": [ [ [ 772155.584064664668404, 2393389.359189251903445 ], [ 830264.674784039612859, 2398321.895310027059168 ], [ 841070.52119186904747, 2301803.392898153048009 ], [ 822792.012816679198295, 2299663.249974975828081 ], [ 815458.378861613105983, 2279326.365338649135083 ], [ 786192.897342340438627, 2276164.080357796512544 ], [ 759723.893386055133305, 2327722.746396781876683 ], [ 765418.726650894852355, 2353580.33593461709097 ], [ 756070.179126267437823, 2378465.903524421621114 ], [ 772155.584064664668404, 2393389.359189251903445 ] ] ] } },
{ "type": "Feature", "properties": { "OBJECTID": 223.0, "STATE": "Michigan", "STATE_FIPS": "26", "CD_2DIG": "06", "STATE_CODE": 20, "CLIMDIV": 2006, "CD_NEW": 6, "FIPS_CD": "2606", "NCDC_GEO_I": 133.0, "NAME": "CENTRAL LOWER", "ST_ABBRV": "MI", "SHAPE_AREA": 0.0, "SHAPE_LEN": 0.0 }, "geometry": { "type": "Polygon", "coordinates": [ [ [ 830258.039196645142511, 2398336.977721616625786 ], [ 941032.763005837448873, 2411022.832194671034813 ], [ 950091.867911619832739, 2335730.85842402651906 ], [ 934179.668495992315002, 2333710.005694505292922 ], [ 939294.132766852155328, 2293429.890673153102398 ], [ 863335.066781926318072, 2284565.412574081216007 ], [ 861154.046518700779416, 2304036.191693647764623 ], [ 841070.52119186904747, 2301803.392898153048009 ], [ 830258.039196645142511, 2398336.977721616625786 ] ] ] } },
{ "type": "Feature", "properties": { "OBJECTID": 224.0, "STATE": "Michigan", "STATE_FIPS": "26", "CD_2DIG": "07", "STATE_CODE": 20, "CLIMDIV": 2007, "CD_NEW": 7, "FIPS_CD": "2607", "NCDC_GEO_I": 134.0, "NAME": "EAST CENTRAL LOWER", "ST_ABBRV": "MI", "SHAPE_AREA": 0.0, "SHAPE_LEN": 0.0 }, "geometry": { "type": "Polygon", "coordinates": [ [ [ 988515.400262515177019, 2417329.130367049016058 ], [ 989174.319740531034768, 2404507.248483253177255 ], [ 964878.590077732573263, 2386509.272850431036204 ], [ 968984.516960594453849, 2358850.448297742754221 ], [ 987673.330732552567497, 2351809.497768214438111 ], [ 1011594.074507377459668, 2388814.184777379501611 ], [ 1010916.202901456621476, 2390970.086577215231955 ], [ 1005460.417003522044979, 2390784.139693773817271 ], [ 1004855.952945825993083, 2391182.209870920050889 ], [ 1004829.623449164209887, 2391706.088740226346999 ], [ 1041295.96263470815029, 2413981.408152147196233 ], [ 1067301.895721080945805, 2390736.175283656455576 ], [ 1088115.127252714708447, 2318950.319202810991555 ], [ 1048837.855768682667986, 2311786.813020819332451 ], [ 1046509.216562619199976, 2326207.278505690861493 ], [ 1036274.481981996446848, 2329555.992404237389565 ], [ 1017632.286829210352153, 2326502.541019966360182 ], [ 1019139.902193489368074, 2316889.689022390637547 ], [ 972843.459003182942979, 2309180.499953257385641 ], [ 974311.592080209520645, 2299495.050454740412533 ], [ 939142.268230968038552, 2294581.531366301234812 ], [ 934179.668495992315002, 2333710.005694505292922 ], [ 950091.867911619832739, 2335730.85842402651906 ], [ 941032.763005837448873, 2411022.832194671034813 ], [ 988515.400262515177019, 2417329.130367049016058 ] ] ] } },
{ "type": "Feature", "properties": { "OBJECTID": 225.0, "STATE": "Michigan", "STATE_FIPS": "26", "CD_2DIG": "08", "STATE_CODE": 20, "CLIMDIV": 2008, "CD_NEW": 8, "FIPS_CD": "2608", "NCDC_GEO_I": 135.0, "NAME": "SOUTHWEST LOWER", "ST_ABBRV": "MI", "SHAPE_AREA": 0.0, "SHAPE_LEN": 0.0 }, "geometry": { "type": "Polygon", "coordinates": [ [ [ 822792.012816679198295, 2299663.249974975828081 ], [ 861154.046518700779416, 2304036.191693647764623 ], [ 867941.144141011638567, 2245856.682198646478355 ], [ 848884.320518546621315, 2243537.347663868684322 ], [ 853222.782554361154325, 2205806.517016470897943 ], [ 873155.542093003401533, 2207043.506977041251957 ], [ 878012.296091784141026, 2168427.147112143225968 ], [ 839703.446620855946094, 2163938.891440506558865 ], [ 841612.332043293165043, 2129276.762002716772258 ], [ 756220.533249279018492, 2120622.356654286384583 ], [ 772839.718755140667781, 2139452.998518616426736 ], [ 794707.063040812732652, 2201427.757514408789575 ], [ 786192.897342340438627, 2276164.080357796512544 ], [ 815458.378861613105983, 2279326.365338649135083 ], [ 822792.012816679198295, 2299663.249974975828081 ] ] ] } },
{ "type": "Feature", "properties": { "OBJECTID": 226.0, "STATE": "Michigan", "STATE_FIPS": "26", "CD_2DIG": "09", "STATE_CODE": 20, "CLIMDIV": 2009, "CD_NEW": 9, "FIPS_CD": "2609", "NCDC_GEO_I": 136.0, "NAME": "SOUTH CENTRAL LOWER", "ST_ABBRV": "MI", "SHAPE_AREA": 0.0, "SHAPE_LEN": 0.0 }, "geometry": { "type": "Polygon", "coordinates": [ [ [ 974311.592080209520645, 2299495.050454740412533 ], [ 979831.18262129672803, 2260560.508736508432776 ], [ 960869.225115193752572, 2257689.683416677173227 ], [ 972868.607484538340941, 2179804.2811916670762 ], [ 953944.892440802534111, 2177607.929743701592088 ], [ 959159.027116006007418, 2136900.594850246794522 ], [ 841102.182661654311232, 2129175.364701299928129 ], [ 839703.446620855946094, 2163938.891440506558865 ], [ 878012.296091784141026, 2168427.147112143225968 ], [ 873155.542093003401533, 2207043.506977041251957 ], [ 853222.782554361154325, 2205806.517016470897943 ], [ 848884.320518546621315, 2243537.347663868684322 ], [ 867941.144141011638567, 2245856.682198646478355 ], [ 863335.066781926318072, 2284565.412574081216007 ], [ 974311.592080209520645, 2299495.050454740412533 ] ] ] } },
{ "type": "Feature", "properties": { "OBJECTID": 227.0, "STATE": "Michigan", "STATE_FIPS": "26", "CD_2DIG": "10", "STATE_CODE": 20, "CLIMDIV": 2010, "CD_NEW": 10, "FIPS_CD": "2610", "NCDC_GEO_I": 137.0, "NAME": "SOUTHEAST LOWER", "ST_ABBRV": "MI", "SHAPE_AREA": 0.0, "SHAPE_LEN": 0.0 }, "geometry": { "type": "MultiPolygon", "coordinates": [ [ [ [ 1017632.286829210352153, 2326502.541019966360182 ], [ 1046509.216562619199976, 2326207.278505690861493 ], [ 1048837.855768682667986, 2311786.813020819332451 ], [ 1088115.127252714708447, 2318950.319202810991555 ], [ 1097980.85770777054131, 2298522.431670256890357 ], [ 1095467.865189354633912, 2258859.195977409370244 ], [ 1080828.631340482039377, 2263933.837911475915462 ], [ 1071614.201788720441982, 2257481.839754519518465 ], [ 1069186.561808157712221, 2229218.0710489153862 ], [ 1052467.691626807441935, 2213429.364027951844037 ], [ 1048589.63791421125643, 2191324.776050078682601 ], [ 1050487.329716737382114, 2185658.022574463393539 ], [ 1036641.536161685595289, 2167604.553008050192147 ], [ 1035102.497971173608676, 2150444.393109592143446 ], [ 1032765.058004254591651, 2155831.277840399648994 ], [ 1030725.697690958855674, 2148925.348737406544387 ], [ 959159.027116006007418, 2136900.594850246794522 ], [ 953944.892440802534111, 2177607.929743701592088 ], [ 972868.607484538340941, 2179804.2811916670762 ], [ 960869.225115193752572, 2257689.683416677173227 ], [ 979831.18262129672803, 2260560.508736508432776 ], [ 972843.459003182942979, 2309180.499953257385641 ], [ 1019139.902193489368074, 2316889.689022390637547 ], [ 1017632.286829210352153, 2326502.541019966360182 ] ] ], [ [ [ 1094730.374578045215458, 2256646.96235183859244 ], [ 1094955.556043291464448, 2256443.457520756870508 ], [ 1091409.82985947933048, 2251854.359584863763303 ], [ 1090721.006443601101637, 2249636.115210630465299 ], [ 1084428.58560758177191, 2250803.247388334479183 ], [ 1088896.785900539718568, 2254392.89811831433326 ], [ 1089617.43149546161294, 2256478.102604143787175 ], [ 1093550.941579088103026, 2255975.887221429962665 ], [ 1094730.374578045215458, 2256646.96235183859244 ] ] ], [ [ [ 1051487.144820721819997, 2204762.149507517460734 ], [ 1050845.153493770863861, 2192066.82124337553978 ], [ 1050100.671399570070207, 2195514.958484839648008 ], [ 1051487.144820721819997, 2204762.149507517460734 ] ] ], [ [ [ 1083414.615360989468172, 2255366.088726621121168 ], [ 1088832.068768793484196, 2254741.032517986837775 ], [ 1083840.778618070064113, 2253932.238461495842785 ], [ 1083414.615360989468172, 2255366.088726621121168 ] ] ], [ [ [ 1062508.261775606079027, 2222222.645235851407051 ], [ 1064196.266750425565988, 2222069.857055507134646 ], [ 1060645.844411075580865, 2220788.765306692104787 ], [ 1062508.261775606079027, 2222222.645235851407051 ] ] ], [ [ [ 1083826.168918152106926, 2251248.3150703930296 ], [ 1086059.553528185002506, 2253637.074830099474639 ], [ 1084742.809523211093619, 2251787.673724487423897 ], [ 1083826.168918152106926, 2251248.3150703930296 ] ] ], [ [ [ 1083910.73578848131001, 2246895.089529816992581 ], [ 1086584.925633341539651, 2249609.07898322166875 ], [ 1084816.666004416998476, 2247350.364136428106576 ], [ 1084308.910877875983715, 2246950.829747239127755 ], [ 1083910.73578848131001, 2246895.089529816992581 ] ] ], [ [ [ 1031326.735086909029633, 2149786.206290511414409 ], [ 1031835.563370970427059, 2149106.895700469147414 ], [ 1030835.074875367223285, 2148946.725562606472522 ], [ 1031326.735086909029633, 2149786.206290511414409 ] ] ], [ [ [ 1032515.215184048865922, 2150091.279229898937047 ], [ 1033109.839620347716846, 2149542.06293373554945 ], [ 1032197.774230795912445, 2149154.605507398955524 ], [ 1032515.215184048865922, 2150091.279229898937047 ] ] ], [ [ [ 1052449.908758829114959, 2192278.406394929625094 ], [ 1051869.152276773005724, 2191858.303651367779821 ], [ 1052304.088774031959474, 2192316.591702795121819 ], [ 1052449.908758829114959, 2192278.406394929625094 ] ] ], [ [ [ 1052697.600993911735713, 2193612.601194092072546 ], [ 1052476.558728408068419, 2194215.32336520915851 ], [ 1052563.364155692048371, 2194344.981207783799618 ], [ 1052697.600993911735713, 2193612.601194092072546 ] ] ], [ [ [ 1052393.428606450790539, 2192897.772916102781892 ], [ 1052462.517954265931621, 2192320.420099867507815 ], [ 1052034.327739156084135, 2192372.353146582841873 ], [ 1052393.428606450790539, 2192897.772916102781892 ] ] ], [ [ [ 1065094.639795139431953, 2223961.282470417674631 ], [ 1065074.975294071016833, 2224270.89278522040695 ], [ 1065275.325398361310363, 2224010.417276925873011 ], [ 1065094.639795139431953, 2223961.282470417674631 ] ] ], [ [ [ 1038167.495473961229436, 2167621.602270731236786 ], [ 1038375.811115704476833, 2167708.05125441821292 ], [ 1038467.683700729510747, 2167606.679463134147227 ], [ 1038167.495473961229436, 2167621.602270731236786 ] ] ], [ [ [ 1033252.826853651786223, 2153892.133753178175539 ], [ 1033531.349664592067711, 2153838.739407677669078 ], [ 1033315.383802620810457, 2153700.20692868810147 ], [ 1033252.826853651786223, 2153892.133753178175539 ] ] ], [ [ [ 1033122.179723122855648, 2154320.175506273284554 ], [ 1033293.989186546998098, 2154187.579637862741947 ], [ 1033065.437968203797936, 2154162.625738319475204 ], [ 1033122.179723122855648, 2154320.175506273284554 ] ] ], [ [ [ 1094745.841124865692109, 2257134.330221691634506 ], [ 1094938.651410399004817, 2257281.076011992990971 ], [ 1094782.153576508630067, 2257068.042067432310432 ], [ 1094745.841124865692109, 2257134.330221691634506 ] ] ], [ [ [ 1037330.89304567349609, 2168012.697632728610188 ], [ 1037269.962316137971357, 2167910.080743870697916 ], [ 1037173.65789431007579, 2167994.392010945826769 ], [ 1037330.89304567349609, 2168012.697632728610188 ] ] ] ] } },
{ "type": "Feature", "properties": { "OBJECTID": 228.0, "STATE": "Minnesota", "STATE_FIPS": "27", "CD_2DIG": "01", "STATE_CODE": 21, "CLIMDIV": 2101, "CD_NEW": 1, "FIPS_CD": "2701", "NCDC_GEO_I": 138.0, "NAME": "NORTHWEST", "ST_ABBRV": "MN", "SHAPE_AREA": 0.0, "SHAPE_LEN": 0.0 }, "geometry": { "type": "Polygon", "coordinates": [ [ [ -91756.574682514357846, 2887031.679387745447457 ], [ 50161.302077850501519, 2888265.357246491592377 ], [ 55304.06466039121733, 2875747.004116313531995 ], [ 67410.645569910120685, 2879844.050848184619099 ], [ 67730.134278062119847, 2857011.414310738444328 ], [ 48913.093888856179547, 2856837.208520104177296 ], [ 49058.424676688278851, 2837842.098841485567391 ], [ 29670.163693099872035, 2837588.550202931277454 ], [ 30653.438323615293484, 2780494.91545826010406 ], [ 57980.078965700857225, 2780598.056638665962964 ], [ 54560.855264285077283, 2769254.76542457845062 ], [ 60787.683942851603206, 2764373.223701676819474 ], [ 64187.702967468176212, 2636715.514879045076668 ], [ -13299.56798294001419, 2636478.932213867548853 ], [ -13238.668242907766398, 2626812.811373232863843 ], [ -61332.441074097441742, 2626905.383555820677429 ], [ -64426.289296348943026, 2734119.231663093902171 ], [ -86077.539281031757127, 2794360.454797070939094 ], [ -87677.233971369350911, 2840635.285607140511274 ], [ -81146.611195081350161, 2854078.444273950532079 ], [ -91756.574682514357846, 2887031.679387745447457 ] ] ] } },
{ "type": "Feature", "properties": { "OBJECTID": 229.0, "STATE": "Minnesota", "STATE_FIPS": "27", "CD_2DIG": "02", "STATE_CODE": 21, "CLIMDIV": 2102, "CD_NEW": 2, "FIPS_CD": "2702", "NCDC_GEO_I": 139.0, "NAME": "NORTH CENTRAL", "ST_ABBRV": "MN", "SHAPE_AREA": 0.0, "SHAPE_LEN": 0.0 }, "geometry": { "type": "Polygon", "coordinates": [ [ [ 62837.26851919805631, 2930237.106513281352818 ], [ 87261.326075392586063, 2923997.218887012917548 ], [ 97320.846597355703125, 2864504.786809005308896 ], [ 105131.141680938846548, 2857967.50481131253764 ], [ 160641.102278889680747, 2849307.144224355462939 ], [ 164622.234292898065178, 2836920.668679745867848 ], [ 216928.798946105205687, 2850610.384835091885179 ], [ 224821.35441153642023, 2674096.457429723348469 ], [ 169888.81145481695421, 2673040.559919211547822 ], [ 170426.856767189601669, 2647863.934284367132932 ], [ 127001.257111566112144, 2647260.540188771206886 ], [ 127965.431686418291065, 2588701.043469097465277 ], [ 94143.71137066630763, 2601195.769546407274902 ], [ 92956.997527063198504, 2646592.222692920360714 ], [ 64156.977433167652634, 2646370.472852637991309 ], [ 57980.078965700857225, 2780598.056638665962964 ], [ 30653.438323615293484, 2780494.91545826010406 ], [ 29670.163693099872035, 2837588.550202931277454 ], [ 49058.424676688278851, 2837842.098841485567391 ], [ 48913.093888856179547, 2856837.208520104177296 ], [ 67730.134278062119847, 2857011.414310738444328 ], [ 67410.645569910120685, 2879844.050848184619099 ], [ 55304.06466039121733, 2875747.004116313531995 ], [ 49828.539023001249006, 2885755.348729414399713 ], [ 62699.175951988108864, 2888380.786070878617465 ], [ 62837.26851919805631, 2930237.106513281352818 ] ] ] } },
{ "type": "Feature", "properties": { "OBJECTID": 230.0, "STATE": "Minnesota", "STATE_FIPS": "27", "CD_2DIG": "03", "STATE_CODE": 21, "CLIMDIV": 2103, "CD_NEW": 3, "FIPS_CD": "2703", "NCDC_GEO_I": 140.0, "NAME": "NORTHEAST", "ST_ABBRV": "MN", "SHAPE_AREA": 0.0, "SHAPE_LEN": 0.0 }, "geometry": { "type": "MultiPolygon", "coordinates": [ [ [ [ 216928.798946105205687, 2850610.384835091885179 ], [ 251034.621556902275188, 2842410.294961899518967 ], [ 245549.668686860852176, 2833423.274821483064443 ], [ 264880.550741396786179, 2828741.644800260663033 ], [ 272171.040981086553074, 2807661.420826331712306 ], [ 279537.524584570433944, 2811011.06165934400633 ], [ 279634.33080339175649, 2822775.869105928111821 ], [ 295096.530408123624511, 2823872.799432495143265 ], [ 302924.395744951325469, 2810297.244298668112606 ], [ 333463.41484432911966, 2797891.531334330327809 ], [ 333196.273936370387673, 2790755.088248441461474 ], [ 355601.869815832411405, 2795699.147899494040757 ], [ 383199.029265489603858, 2815567.477869323920459 ], [ 394161.006950029055588, 2799078.817263249307871 ], [ 439827.382162816764321, 2804128.518802484497428 ], [ 458961.429261907644104, 2791535.946787787601352 ], [ 489269.15115424641408, 2795504.844277990516275 ], [ 395178.705148209934123, 2745536.112998894881457 ], [ 299753.728606068179943, 2651030.542811665218323 ], [ 290869.211959151434712, 2634728.918296741321683 ], [ 283987.052864161960315, 2636343.179013698361814 ], [ 283522.054450131603517, 2647095.725267361849546 ], [ 225284.236659113434143, 2645330.939890348352492 ], [ 216928.798946105205687, 2850610.384835091885179 ] ] ], [ [ [ 302464.369675182620995, 2644228.57154077431187 ], [ 302204.807038369297516, 2645163.774233045056462 ], [ 305611.120689587551169, 2641617.891821042168885 ], [ 302464.369675182620995, 2644228.57154077431187 ] ] ] ] } },
{ "type": "Feature", "properties": { "OBJECTID": 232.0, "STATE": "Minnesota", "STATE_FIPS": "27", "CD_2DIG": "05", "STATE_CODE": 21, "CLIMDIV": 2105, "CD_NEW": 5, "FIPS_CD": "2705", "NCDC_GEO_I": 142.0, "NAME": "CENTRAL", "ST_ABBRV": "MN", "SHAPE_AREA": 0.0, "SHAPE_LEN": 0.0 }, "geometry": { "type": "Polygon", "coordinates": [ [ [ 64156.977433167652634, 2646370.472852637991309 ], [ 92956.997527063198504, 2646592.222692920360714 ], [ 98610.316015567004797, 2596561.107488715089858 ], [ 127377.410029882099479, 2590738.499391940888017 ], [ 125785.023321420201682, 2575372.270934360101819 ], [ 169442.971752683690283, 2576188.445533338468522 ], [ 174941.205250176833943, 2510017.266236688941717 ], [ 194363.145026931189932, 2510403.080783993005753 ], [ 194985.493865929194726, 2474908.345326721202582 ], [ 176018.470575219776947, 2456856.027045252267271 ], [ 176098.366845242999261, 2435640.758804966695607 ], [ 195521.510915271181148, 2436193.666869132313877 ], [ 195806.041981191170635, 2426243.576127458363771 ], [ 210906.882319661934162, 2425417.189963709563017 ], [ 215769.514796987263253, 2398037.292633667588234 ], [ 165612.465763315296499, 2396681.795795807614923 ], [ 164351.942544046993135, 2387010.41175522794947 ], [ 96082.886915455994313, 2385779.4154033488594 ], [ 40869.330015375846415, 2418350.941573795396835 ], [ 40749.85408818932774, 2433668.678438332397491 ], [ 59261.145768279529875, 2433860.078534305561334 ], [ 58298.307715811279195, 2491820.836647975258529 ], [ 67950.322419899821398, 2491899.759244966320693 ], [ 64156.977433167652634, 2646370.472852637991309 ] ] ] } },
{ "type": "Feature", "properties": { "OBJECTID": 233.0, "STATE": "Minnesota", "STATE_FIPS": "27", "CD_2DIG": "06", "STATE_CODE": 21, "CLIMDIV": 2106, "CD_NEW": 6, "FIPS_CD": "2706", "NCDC_GEO_I": 143.0, "NAME": "EAST CENTRAL", "ST_ABBRV": "MN", "SHAPE_AREA": 0.0, "SHAPE_LEN": 0.0 }, "geometry": { "type": "Polygon", "coordinates": [ [ [ 171768.75953428237699, 2673051.063265027012676 ], [ 224821.35441153642023, 2674096.457429723348469 ], [ 225284.236659113434143, 2645330.939890348352492 ], [ 283522.054450131603517, 2647095.725267361849546 ], [ 287090.818612716859207, 2570713.23180246213451 ], [ 255388.151309143082472, 2549256.356398225296289 ], [ 242559.007034857408144, 2520986.754258893895894 ], [ 262269.574882615474053, 2499466.728510761633515 ], [ 253813.12573238206096, 2482003.232861970551312 ], [ 252695.693347549124155, 2421606.779341813642532 ], [ 235762.092037924739998, 2424430.938567944336683 ], [ 232366.536095591523917, 2440361.539043101482093 ], [ 210297.851545731537044, 2424888.212168741039932 ], [ 195806.041981191170635, 2426243.576127458363771 ], [ 195521.510915271181148, 2436193.666869132313877 ], [ 176098.366845242999261, 2435640.758804966695607 ], [ 176018.470575219776947, 2456856.027045252267271 ], [ 194985.493865929194726, 2474908.345326721202582 ], [ 194363.145026931189932, 2510403.080783993005753 ], [ 174941.205250176833943, 2510017.266236688941717 ], [ 169442.971752683690283, 2576188.445533338468522 ], [ 125770.147695462437696, 2575413.848509861622006 ], [ 127001.257111566112144, 2647260.540188771206886 ], [ 170426.856767189601669, 2647863.934284367132932 ], [ 171768.75953428237699, 2673051.063265027012676 ] ] ] } },
{ "type": "Feature", "properties": { "OBJECTID": 234.0, "STATE": "Minnesota", "STATE_FIPS": "27", "CD_2DIG": "07", "STATE_CODE": 21, "CLIMDIV": 2107, "CD_NEW": 7, "FIPS_CD": "2707", "NCDC_GEO_I": 144.0, "NAME": "SOUTHWEST", "ST_ABBRV": "MN", "SHAPE_AREA": 0.0, "SHAPE_LEN": 0.0 }, "geometry": { "type": "Polygon", "coordinates": [ [ [ 51076.566417496804206, 2412085.242259514983743 ], [ 89973.404163935600081, 2390376.869970397092402 ], [ 90222.943914729883545, 2366327.902925514616072 ], [ 71026.757038477502647, 2366068.863580222707242 ], [ 71023.7319586664089, 2356395.248508343938738 ], [ 71785.70796498983691, 2346709.41868373285979 ], [ 90969.050131723925006, 2346908.842482719104737 ], [ 92207.488342961703893, 2279197.905261144973338 ], [ -36488.893056899192743, 2278666.27133969636634 ], [ -35768.131885219358082, 2404748.312917688395828 ], [ 31352.398010846918623, 2404583.833240081556141 ], [ 31367.467218031331868, 2394859.808532072231174 ], [ 50706.789499124861322, 2394864.446627577301115 ], [ 51076.566417496804206, 2412085.242259514983743 ] ] ] } },
{ "type": "Feature", "properties": { "OBJECTID": 235.0, "STATE": "Minnesota", "STATE_FIPS": "27", "CD_2DIG": "08", "STATE_CODE": 21, "CLIMDIV": 2108, "CD_NEW": 8, "FIPS_CD": "2708", "NCDC_GEO_I": 145.0, "NAME": "SOUTH CENTRAL", "ST_ABBRV": "MN", "SHAPE_AREA": 0.0, "SHAPE_LEN": 0.0 }, "geometry": { "type": "Polygon", "coordinates": [ [ [ 210653.916972631734097, 2397899.929594293236732 ], [ 215688.095273296843516, 2390013.69595185900107 ], [ 234914.781862680829363, 2390574.487665057182312 ], [ 237512.054654439300066, 2282191.870538854505867 ], [ 92207.488342961703893, 2279197.905261144973338 ], [ 90969.050131723925006, 2346908.842482719104737 ], [ 71785.70796498983691, 2346709.41868373285979 ], [ 71023.7319586664089, 2356395.248508343938738 ], [ 71026.757038477502647, 2366068.863580222707242 ], [ 90222.943914729883545, 2366327.902925514616072 ], [ 89973.404163935600081, 2390376.869970397092402 ], [ 164351.942544046993135, 2387010.41175522794947 ], [ 165612.465763315296499, 2396681.795795807614923 ], [ 210653.916972631734097, 2397899.929594293236732 ] ] ] } },
{ "type": "Feature", "properties": { "OBJECTID": 236.0, "STATE": "Minnesota", "STATE_FIPS": "27", "CD_2DIG": "09", "STATE_CODE": 21, "CLIMDIV": 2109, "CD_NEW": 9, "FIPS_CD": "2709", "NCDC_GEO_I": 146.0, "NAME": "SOUTHEAST", "ST_ABBRV": "MN", "SHAPE_AREA": 0.0, "SHAPE_LEN": 0.0 }, "geometry": { "type": "Polygon", "coordinates": [ [ [ 229282.496716042456683, 2440690.279118141159415 ], [ 235944.187474279053276, 2424283.387852887157351 ], [ 257948.793950920779025, 2418664.555593989789486 ], [ 273591.034440807648934, 2402532.4220982179977 ], [ 290924.299346555548254, 2401339.187438358087093 ], [ 299169.164383228286169, 2389799.901328979991376 ], [ 321056.774706686381251, 2381253.941172809805721 ], [ 333348.423750413407106, 2359968.72322835540399 ], [ 364888.299118473252747, 2342736.190012777689844 ], [ 381165.572590958618093, 2318725.428561586420983 ], [ 384820.649930962710641, 2288281.249059549998492 ], [ 237512.054654439300066, 2282191.870538854505867 ], [ 234914.781862680829363, 2390574.487665057182312 ], [ 215688.095273296843516, 2390013.69595185900107 ], [ 211256.844336939888308, 2417230.214311214163899 ], [ 210908.562979545036796, 2425430.49091501859948 ], [ 229282.496716042456683, 2440690.279118141159415 ] ] ] } },
{ "type": "Feature", "properties": { "OBJECTID": 237.0, "STATE": "Mississippi", "STATE_FIPS": "28", "CD_2DIG": "01", "STATE_CODE": 22, "CLIMDIV": 2201, "CD_NEW": 1, "FIPS_CD": "2801", "NCDC_GEO_I": 147.0, "NAME": "UPPER DELTA", "ST_ABBRV": "MS", "SHAPE_AREA": 0.0, "SHAPE_LEN": 0.0 }, "geometry": { "type": "Polygon", "coordinates": [ [ [ 505935.91810952097876, 1322964.424464205745608 ], [ 525433.792738911579363, 1327215.959160529775545 ], [ 529977.752888493356295, 1264862.179512024857104 ], [ 536297.916969706187956, 1249422.613298154436052 ], [ 554895.937498519197106, 1251062.207661443157122 ], [ 557799.887000931776129, 1213123.912646310636774 ], [ 538620.548444821150042, 1210288.739519825670868 ], [ 539197.346810039598495, 1200511.85321068065241 ], [ 525481.032136646914296, 1196674.384729414712638 ], [ 534367.3328663604334, 1210033.518302249256521 ], [ 509691.064132822968531, 1208781.940383191220462 ], [ 508617.734180504921824, 1228220.292160182725638 ], [ 489739.991377870202996, 1227359.937837322009727 ], [ 491919.69253627024591, 1185934.086252943845466 ], [ 482282.95928116113646, 1185372.932655530981719 ], [ 482806.318034769385122, 1175698.765796732157469 ], [ 441153.881256971275434, 1173508.976814702386037 ], [ 448567.409829909040127, 1182453.901362013071775 ], [ 439568.73058833356481, 1191415.168599101249129 ], [ 456801.463319622096606, 1190182.351884545292705 ], [ 446345.372283034783322, 1200578.241785830119625 ], [ 460516.422211822646204, 1202600.630528745241463 ], [ 450349.348605140461586, 1223861.544316319283098 ], [ 461438.546117854653858, 1223098.156811759574339 ], [ 459249.09831820166437, 1229217.474862809292972 ], [ 469627.24769268266391, 1236652.53862438746728 ], [ 461620.771298543026205, 1242713.655995878158137 ], [ 474855.634564430569299, 1245929.117232104530558 ], [ 462671.968664750689641, 1253762.385064495261759 ], [ 470942.06317442987347, 1250829.993117347126827 ], [ 478316.35838884342229, 1269229.564828092698008 ], [ 487280.29598509229254, 1263922.190808202372864 ], [ 496755.674081662844401, 1290212.897931857965887 ], [ 491671.189758916909341, 1303995.259672334883362 ], [ 497205.656637018313631, 1299454.252169745275751 ], [ 502943.781608928635251, 1305824.336765424115583 ], [ 493172.89346386800753, 1310112.741391500690952 ], [ 494768.290154986316338, 1317294.055798897054046 ], [ 502062.707528482889757, 1310875.764634386170655 ], [ 500143.538776080997195, 1328270.332544421078637 ], [ 505935.91810952097876, 1322964.424464205745608 ] ] ] } },
{ "type": "Feature", "properties": { "OBJECTID": 238.0, "STATE": "Mississippi", "STATE_FIPS": "28", "CD_2DIG": "02", "STATE_CODE": 22, "CLIMDIV": 2202, "CD_NEW": 2, "FIPS_CD": "2802", "NCDC_GEO_I": 148.0, "NAME": "NORTH CENTRAL", "ST_ABBRV": "MS", "SHAPE_AREA": 0.0, "SHAPE_LEN": 0.0 }, "geometry": { "type": "Polygon", "coordinates": [ [ [ 515318.11452640639618, 1341767.418317517498508 ], [ 631542.499476047349162, 1349450.998927320819348 ], [ 628327.042952828574926, 1304716.050034147687256 ], [ 614070.042555227992125, 1303619.110596218146384 ], [ 618335.428695063106716, 1245226.467941118869931 ], [ 627953.573323931195773, 1245937.426266538444906 ], [ 625946.986232665600255, 1206361.720886533847079 ], [ 539484.832193621201441, 1195526.579336501425132 ], [ 538620.548444821150042, 1210288.739519825670868 ], [ 557799.887000931776129, 1213123.912646310636774 ], [ 555616.88723433110863, 1248457.884974726010114 ], [ 536297.916969706187956, 1249422.613298154436052 ], [ 523368.426082239777315, 1298021.289519134676084 ], [ 525433.792738911579363, 1327215.959160529775545 ], [ 515279.354198649700265, 1327867.644676062045619 ], [ 521167.461592796142213, 1333751.724305876763538 ], [ 515318.11452640639618, 1341767.418317517498508 ] ] ] } },
{ "type": "Feature", "properties": { "OBJECTID": 239.0, "STATE": "Mississippi", "STATE_FIPS": "28", "CD_2DIG": "03", "STATE_CODE": 22, "CLIMDIV": 2203, "CD_NEW": 3, "FIPS_CD": "2803", "NCDC_GEO_I": 149.0, "NAME": "NORTHEAST", "ST_ABBRV": "MS", "SHAPE_AREA": 0.0, "SHAPE_LEN": 0.0 }, "geometry": { "type": "Polygon", "coordinates": [ [ [ 631542.499476047349162, 1349450.998927320819348 ], [ 705275.757704377174377, 1355271.639418448088691 ], [ 715454.426408514147624, 1344503.079567997949198 ], [ 713263.42887062788941, 1253924.385568300262094 ], [ 618335.428695063106716, 1245226.467941118869931 ], [ 614070.042555227992125, 1303619.110596218146384 ], [ 628327.042952828574926, 1304716.050034147687256 ], [ 631542.499476047349162, 1349450.998927320819348 ] ] ] } },
{ "type": "Feature", "properties": { "OBJECTID": 240.0, "STATE": "Mississippi", "STATE_FIPS": "28", "CD_2DIG": "04", "STATE_CODE": 22, "CLIMDIV": 2204, "CD_NEW": 4, "FIPS_CD": "2804", "NCDC_GEO_I": 150.0, "NAME": "LOWER DELTA", "ST_ABBRV": "MS", "SHAPE_AREA": 0.0, "SHAPE_LEN": 0.0 }, "geometry": { "type": "Polygon", "coordinates": [ [ [ 492662.972858187800739, 1227495.277909614844248 ], [ 508617.734180504921824, 1228220.292160182725638 ], [ 509691.064132822968531, 1208781.940383191220462 ], [ 534367.3328663604334, 1210033.518302249256521 ], [ 523184.065206947503611, 1198874.938066231552511 ], [ 539197.346810039598495, 1200511.85321068065241 ], [ 542710.97696481551975, 1193967.113638420822099 ], [ 544267.395371397957206, 1171426.776559375459328 ], [ 538379.545076563837938, 1157015.024840647820383 ], [ 524542.714232553029433, 1160847.569704679539427 ], [ 525327.555491449660622, 1134055.661965152714401 ], [ 516768.143126414855942, 1124846.6943284207955 ], [ 560850.242586326203309, 1107556.672759713605046 ], [ 549656.647828731685877, 1086897.918861233629286 ], [ 511618.536623417632654, 1062628.537533158669248 ], [ 495259.063353714474943, 1074588.261668331921101 ], [ 479623.577515045937616, 1068870.512866677949205 ], [ 480351.734163356246427, 1054014.38352236431092 ], [ 471007.528396066394635, 1050098.207394159631804 ], [ 464909.479916769545525, 1075380.282689037267119 ], [ 452148.562100043578539, 1072467.558647366240621 ], [ 460682.996105898113456, 1083955.289396730717272 ], [ 450162.652426794054918, 1087230.319864088203758 ], [ 456217.585251774580684, 1112441.07629543193616 ], [ 444694.998645253072027, 1106369.849444883409888 ], [ 452655.340275344904512, 1121092.23493006778881 ], [ 444711.949942158244085, 1128488.193442398915067 ], [ 454880.511319935147185, 1130476.519340075086802 ], [ 458444.872628050681669, 1145114.217296567745507 ], [ 449277.032499395252671, 1148299.697426048805937 ], [ 456202.589180640003178, 1164877.045837012585253 ], [ 447955.697722312819678, 1156999.042810834012926 ], [ 442448.279999029531609, 1159935.038764284923673 ], [ 449692.834766631247476, 1167745.944385843118653 ], [ 439784.608911289717071, 1163508.960142195224762 ], [ 441153.881256971275434, 1173508.976814702386037 ], [ 482806.318034769385122, 1175698.765796732157469 ], [ 482282.95928116113646, 1185372.932655530981719 ], [ 491919.69253627024591, 1185934.086252943845466 ], [ 492662.972858187800739, 1227495.277909614844248 ] ] ] } },
{ "type": "Feature", "properties": { "OBJECTID": 241.0, "STATE": "Mississippi", "STATE_FIPS": "28", "CD_2DIG": "05", "STATE_CODE": 22, "CLIMDIV": 2205, "CD_NEW": 5, "FIPS_CD": "2805", "NCDC_GEO_I": 151.0, "NAME": "CENTRAL", "ST_ABBRV": "MS", "SHAPE_AREA": 0.0, "SHAPE_LEN": 0.0 }, "geometry": { "type": "Polygon", "coordinates": [ [ [ 640250.100588303757831, 1209337.753731163451448 ], [ 637807.585751466918737, 1148535.860034624580294 ], [ 619200.428547143237665, 1137222.71697183442302 ], [ 625685.516681500361301, 1038675.594237835146487 ], [ 587489.1169878289802, 1035899.354188573663123 ], [ 588866.426263424800709, 1016459.230307656340301 ], [ 541917.382002053083852, 1013778.754409357788973 ], [ 539835.406406108057126, 1027827.091901919106022 ], [ 554937.111497072153725, 1053640.70620475220494 ], [ 538296.2900129762711, 1052682.454219591803849 ], [ 537721.514639008208178, 1062415.01065344363451 ], [ 518490.908981357177254, 1061319.605371188139543 ], [ 517750.109025738143828, 1071398.121151350671425 ], [ 549726.992835218785331, 1086945.768730250420049 ], [ 560850.242586326203309, 1107556.672759713605046 ], [ 522283.378185953770299, 1120177.191198438405991 ], [ 516176.746832717733923, 1129125.283597835805267 ], [ 525327.555491449660622, 1134055.661965152714401 ], [ 524542.714232553029433, 1160847.569704679539427 ], [ 538379.545076563837938, 1157015.024840647820383 ], [ 544267.395371397957206, 1171426.776559375459328 ], [ 540265.650347877526656, 1195575.519062794744968 ], [ 640250.100588303757831, 1209337.753731163451448 ] ] ] } },
{ "type": "Feature", "properties": { "OBJECTID": 242.0, "STATE": "Mississippi", "STATE_FIPS": "28", "CD_2DIG": "06", "STATE_CODE": 22, "CLIMDIV": 2206, "CD_NEW": 6, "FIPS_CD": "2806", "NCDC_GEO_I": 152.0, "NAME": "EAST CENTRAL", "ST_ABBRV": "MS", "SHAPE_AREA": 0.0, "SHAPE_LEN": 0.0 }, "geometry": { "type": "Polygon", "coordinates": [ [ [ 627953.573323931195773, 1245937.426266538444906 ], [ 713263.42887062788941, 1253924.385568300262094 ], [ 709855.321974636754021, 1084668.579553901217878 ], [ 623347.015026797424071, 1077926.151423783041537 ], [ 619200.428547143237665, 1137222.71697183442302 ], [ 637807.585751466918737, 1148535.860034624580294 ], [ 636760.795543478336185, 1189210.78904831642285 ], [ 643165.369911719346419, 1189688.173758388496935 ], [ 640250.100588303757831, 1209337.753731163451448 ], [ 625828.636892676586285, 1208194.721729907905683 ], [ 627953.573323931195773, 1245937.426266538444906 ] ] ] } },
{ "type": "Feature", "properties": { "OBJECTID": 243.0, "STATE": "Mississippi", "STATE_FIPS": "28", "CD_2DIG": "07", "STATE_CODE": 22, "CLIMDIV": 2207, "CD_NEW": 7, "FIPS_CD": "2807", "NCDC_GEO_I": 153.0, "NAME": "SOUTHWEST", "ST_ABBRV": "MS", "SHAPE_AREA": 0.0, "SHAPE_LEN": 0.0 }, "geometry": { "type": "Polygon", "coordinates": [ [ [ 495378.08085489901714, 1072071.000349114648998 ], [ 508650.499380891676992, 1062920.310287547297776 ], [ 517907.988937823509332, 1070812.453315239166841 ], [ 518490.908981357177254, 1061319.605371188139543 ], [ 537721.514639008208178, 1062415.01065344363451 ], [ 538296.2900129762711, 1052682.454219591803849 ], [ 554937.111497072153725, 1053640.70620475220494 ], [ 538945.892464034724981, 1024924.665847971569747 ], [ 555321.755057128029875, 984360.886484321556054 ], [ 542769.79445710463915, 976755.631861830828711 ], [ 545367.225047362386249, 935954.479826931492426 ], [ 516572.213443584158085, 934176.478683720342815 ], [ 518855.572701830300502, 895322.768071019672789 ], [ 415280.320870544936042, 889936.216706333099864 ], [ 422323.068946852406953, 896352.895793143892661 ], [ 412351.77713070565369, 918345.669932771241292 ], [ 425357.026268769463059, 921451.841070396010764 ], [ 418923.260823524440639, 935887.68460097827483 ], [ 429364.413823148410302, 932443.662163294269703 ], [ 423422.75887730816612, 948531.950152861769311 ], [ 434197.368418892088812, 955108.355576267465949 ], [ 423522.497875203727745, 960606.791900666197762 ], [ 434376.413070050126407, 960010.432905278517865 ], [ 436676.164590943604708, 974229.282546332688071 ], [ 446645.22446283971658, 975597.540400493424386 ], [ 436955.303270837641321, 975788.41952574881725 ], [ 438424.046438873861916, 985126.557699608267285 ], [ 447146.854792420694139, 982190.525775976944715 ], [ 462769.416584828984924, 1005648.414176167803816 ], [ 454695.296837283298373, 1011484.261708591133356 ], [ 462121.063726543623488, 1009076.619124771677889 ], [ 468753.999953782884404, 1020391.812059447867796 ], [ 453951.307689896319062, 1018123.469799039768986 ], [ 453460.916622444812674, 1025262.211608820594847 ], [ 464922.756309365620837, 1030927.388944072299637 ], [ 469336.743220258969814, 1025667.751661937567405 ], [ 479374.0272029810003, 1045829.103698241757229 ], [ 467888.946612523985095, 1043958.882978985202499 ], [ 470537.051504125352949, 1052785.606511191930622 ], [ 458406.755581543315202, 1054745.899307282408699 ], [ 457672.1328333223355, 1064312.272663863375783 ], [ 467158.387118403567001, 1057831.844006469473243 ], [ 459235.187408510479145, 1065698.560112753184512 ], [ 469973.549594750627875, 1068401.532223416725174 ], [ 471007.528396066394635, 1050098.207394159631804 ], [ 480351.734163356246427, 1054014.38352236431092 ], [ 479623.577515045937616, 1068870.512866677949205 ], [ 495378.08085489901714, 1072071.000349114648998 ] ] ] } },
{ "type": "Feature", "properties": { "OBJECTID": 244.0, "STATE": "Mississippi", "STATE_FIPS": "28", "CD_2DIG": "08", "STATE_CODE": 22, "CLIMDIV": 2208, "CD_NEW": 8, "FIPS_CD": "2808", "NCDC_GEO_I": 154.0, "NAME": "SOUTH CENTRAL", "ST_ABBRV": "MS", "SHAPE_AREA": 0.0, "SHAPE_LEN": 0.0 }, "geometry": { "type": "Polygon", "coordinates": [ [ [ 587489.1169878289802, 1035899.354188573663123 ], [ 625685.516681500361301, 1038675.594237835146487 ], [ 629558.258229748695157, 991881.426513520302251 ], [ 621636.28375634981785, 990743.434389535919763 ], [ 619678.3211839501746, 950112.926917123724706 ], [ 620413.267804864677601, 940390.638229551492259 ], [ 630176.736292059998959, 941099.541013931157067 ], [ 632674.057320213061757, 903768.05827872059308 ], [ 518855.572701830300502, 895322.768071019672789 ], [ 516572.213443584158085, 934176.478683720342815 ], [ 545367.225047362386249, 935954.479826931492426 ], [ 542769.79445710463915, 976755.631861830828711 ], [ 555325.473712084582075, 984238.593437364092097 ], [ 540435.314105810713954, 1011759.808658748399466 ], [ 588866.426263424800709, 1016459.230307656340301 ], [ 587489.1169878289802, 1035899.354188573663123 ] ] ] } },
{ "type": "Feature", "properties": { "OBJECTID": 245.0, "STATE": "Mississippi", "STATE_FIPS": "28", "CD_2DIG": "09", "STATE_CODE": 22, "CLIMDIV": 2209, "CD_NEW": 9, "FIPS_CD": "2809", "NCDC_GEO_I": 155.0, "NAME": "SOUTHEAST", "ST_ABBRV": "MS", "SHAPE_AREA": 0.0, "SHAPE_LEN": 0.0 }, "geometry": { "type": "Polygon", "coordinates": [ [ [ 704983.636725616524927, 1084294.136405387893319 ], [ 720454.665640900260769, 909006.973141672438942 ], [ 681640.280320405610837, 905952.825603757170029 ], [ 682365.988720115739852, 896218.704288334120065 ], [ 634230.511183149064891, 892676.863561901147477 ], [ 630176.736292059998959, 941099.541013931157067 ], [ 620413.267804864677601, 940390.638229551492259 ], [ 619678.3211839501746, 950112.926917123724706 ], [ 621636.28375634981785, 990743.434389535919763 ], [ 629558.258229748695157, 991881.426513520302251 ], [ 622881.428041993756779, 1077930.604512486374006 ], [ 704983.636725616524927, 1084294.136405387893319 ] ] ] } },
{ "type": "Feature", "properties": { "OBJECTID": 246.0, "STATE": "Mississippi", "STATE_FIPS": "28", "CD_2DIG": "10", "STATE_CODE": 22, "CLIMDIV": 2210, "CD_NEW": 10, "FIPS_CD": "2810", "NCDC_GEO_I": 156.0, "NAME": "COASTAL", "ST_ABBRV": "MS", "SHAPE_AREA": 0.0, "SHAPE_LEN": 0.0 }, "geometry": { "type": "MultiPolygon", "coordinates": [ [ [ [ 596033.156942804693244, 900086.816579923033714 ], [ 632674.057320213061757, 903768.05827872059308 ], [ 634689.879788533202372, 892706.219098694389686 ], [ 682365.988720115739852, 896218.704288334120065 ], [ 681640.280320405610837, 905952.825603757170029 ], [ 720454.665640900260769, 909006.973141672438942 ], [ 729206.411760345334187, 837349.595031313947402 ], [ 697214.146401751437224, 834098.876947569544427 ], [ 684938.564588482258841, 843466.798577332985587 ], [ 644609.337362238904461, 825861.389186841552146 ], [ 638937.219539302983321, 833324.479343541665003 ], [ 630109.17886394483503, 811884.669217529706657 ], [ 616776.444623030838557, 810956.08176507090684 ], [ 587361.478106922819279, 861940.71497630677186 ], [ 596033.156942804693244, 900086.816579923033714 ] ] ], [ [ [ 712309.40991789707914, 835097.140060178469867 ], [ 712808.498985914629884, 833621.958910982473753 ], [ 711075.982298513525166, 834352.414522567531094 ], [ 712309.40991789707914, 835097.140060178469867 ] ] ] ] } },
{ "type": "Feature", "properties": { "OBJECTID": 247.0, "STATE": "Missouri", "STATE_FIPS": "29", "CD_2DIG": "01", "STATE_CODE": 23, "CLIMDIV": 2301, "CD_NEW": 1, "FIPS_CD": "2901", "NCDC_GEO_I": 157.0, "NAME": "NORTHWEST PRAIRIE", "ST_ABBRV": "MO", "SHAPE_AREA": 0.0, "SHAPE_LEN": 0.0 }, "geometry": { "type": "Polygon", "coordinates": [ [ [ 275680.633830214268528, 1957683.260172624140978 ], [ 279472.361061760049779, 1930665.31958959880285 ], [ 264766.444869581784587, 1929745.016021284274757 ], [ 266954.594302800658625, 1857774.231297020567581 ], [ 281285.175842744240072, 1858060.354638437973335 ], [ 281195.992176711908542, 1815841.50700488849543 ], [ 305174.095760366122704, 1808527.023730923654512 ], [ 295394.946721763233654, 1777005.36442028125748 ], [ 270595.808683965355158, 1777258.883872296428308 ], [ 262740.720692415605299, 1786382.669731531525031 ], [ 253285.537570272019366, 1770798.422582729719579 ], [ 162033.933940016489942, 1767263.920709646539763 ], [ 161721.59969422314316, 1757806.387620638823137 ], [ 119679.861220771592343, 1758661.150578703498468 ], [ 120880.764574172877474, 1792645.93200347525999 ], [ 100524.668778910010587, 1799151.135352650657296 ], [ 95135.658407804672606, 1819111.486257404787466 ], [ 75517.668318156531313, 1837140.549466525902972 ], [ 88096.902570842430578, 1858474.495892947074026 ], [ 95962.70956812890654, 1857808.410167141119018 ], [ 90332.475321992169484, 1862709.284732678905129 ], [ 95149.688403010906768, 1868045.140727062011138 ], [ 88622.280687606296851, 1876387.812724143499509 ], [ 73519.41190704627661, 1873410.468961035367101 ], [ 49855.989343203851604, 1891124.25885624694638 ], [ 44065.427461346283962, 1914292.410219011828303 ], [ 28872.084255772690085, 1921857.176663254387677 ], [ 28901.145264140308427, 1948266.60076470230706 ], [ 18912.794245198681892, 1951257.051342447753996 ], [ 275680.633830214268528, 1957683.260172624140978 ] ] ] } },
{ "type": "Feature", "properties": { "OBJECTID": 250.0, "STATE": "Missouri", "STATE_FIPS": "29", "CD_2DIG": "04", "STATE_CODE": 23, "CLIMDIV": 2304, "CD_NEW": 4, "FIPS_CD": "2904", "NCDC_GEO_I": 160.0, "NAME": "WEST OZARKS", "ST_ABBRV": "MO", "SHAPE_AREA": 0.0, "SHAPE_LEN": 0.0 }, "geometry": { "type": "Polygon", "coordinates": [ [ [ 246484.12785300417454, 1655741.129898759769276 ], [ 294346.294920124288183, 1656011.456164261093363 ], [ 300930.350562440638896, 1645925.040768875507638 ], [ 312833.593095812364481, 1652968.091900205239654 ], [ 313079.287957256834488, 1636671.481736882356927 ], [ 327748.79599924525246, 1629891.882605092367157 ], [ 330133.036405868420843, 1563952.309897414641455 ], [ 344462.510823617514689, 1564148.271283524576575 ], [ 344220.623772406252101, 1501620.473174694227055 ], [ 122674.817937661558972, 1495570.852948207873851 ], [ 120792.423046450188849, 1624875.265542495064437 ], [ 208540.184587859024759, 1617555.933583004167303 ], [ 206740.140818481741007, 1646287.780000470811501 ], [ 245237.075165635440499, 1644341.26054573059082 ], [ 246484.12785300417454, 1655741.129898759769276 ] ] ] } },
{ "type": "Feature", "properties": { "OBJECTID": 251.0, "STATE": "Missouri", "STATE_FIPS": "29", "CD_2DIG": "05", "STATE_CODE": 23, "CLIMDIV": 2305, "CD_NEW": 5, "FIPS_CD": "2905", "NCDC_GEO_I": 161.0, "NAME": "EAST OZARKS", "ST_ABBRV": "MO", "SHAPE_AREA": 0.0, "SHAPE_LEN": 0.0 }, "geometry": { "type": "Polygon", "coordinates": [ [ [ 454990.188317583349999, 1729501.111337538808584 ], [ 489285.600916086637881, 1728301.02256629196927 ], [ 491503.154424913809635, 1698512.173200552351773 ], [ 528330.434530588565394, 1675236.108452275861055 ], [ 526911.181269651628099, 1666167.957437291508541 ], [ 535887.709559804177843, 1669565.652881219284609 ], [ 566070.739608856500126, 1647395.46836272883229 ], [ 576516.549105541780591, 1614396.950339808594435 ], [ 571550.543435789993964, 1598035.008625661488622 ], [ 548966.091023974237032, 1582910.695464042015374 ], [ 531262.486600174102932, 1581915.65271366154775 ], [ 531818.835310171009041, 1573759.77553972741589 ], [ 515257.749115809681825, 1571274.470133109483868 ], [ 507867.600792064797133, 1557356.102078232681379 ], [ 469350.074917583551724, 1555675.935305573744699 ], [ 481117.395960789290257, 1508330.408114154823124 ], [ 344220.623772406252101, 1501620.473174694227055 ], [ 344462.510823617514689, 1564148.271283524576575 ], [ 330133.036405868420843, 1563952.309897414641455 ], [ 327748.79599924525246, 1629891.882605092367157 ], [ 313079.287957256834488, 1636671.481736882356927 ], [ 312422.588226242922246, 1671106.470688053406775 ], [ 331638.938583227980416, 1671312.966262434842065 ], [ 329505.912000213225838, 1702176.228026500437409 ], [ 377213.221234773343895, 1703806.996603146428242 ], [ 377891.159207345277537, 1688710.05177338165231 ], [ 387478.817663205205463, 1689033.578583482420072 ], [ 387088.961215673713014, 1695566.231236366089433 ], [ 452542.142231097910553, 1698133.817377783125266 ], [ 454990.188317583349999, 1729501.111337538808584 ] ] ] } },
{ "type": "Feature", "properties": { "OBJECTID": 252.0, "STATE": "Missouri", "STATE_FIPS": "29", "CD_2DIG": "06", "STATE_CODE": 23, "CLIMDIV": 2306, "CD_NEW": 6, "FIPS_CD": "2906", "NCDC_GEO_I": 162.0, "NAME": "BOOTHEEL", "ST_ABBRV": "MO", "SHAPE_AREA": 0.0, "SHAPE_LEN": 0.0 }, "geometry": { "type": "Polygon", "coordinates": [ [ [ 574365.067620603833348, 1598217.684121384518221 ], [ 582993.553909244597889, 1575513.040829291567206 ], [ 592155.694884793017991, 1570436.070446947356686 ], [ 593577.824616039521061, 1579899.113945382647216 ], [ 608097.427804494160227, 1568870.103787943022326 ], [ 601144.17184696928598, 1525187.184998867334798 ], [ 587477.294188266270794, 1529361.821053509600461 ], [ 579928.865315456059761, 1509892.947893627220765 ], [ 577752.639992786571383, 1522208.937578847864643 ], [ 570309.446395980427042, 1521761.57102606492117 ], [ 576530.575221250066534, 1500277.412895972840488 ], [ 567107.16963057545945, 1493955.401277060154825 ], [ 575237.585347173386253, 1486621.925235788337886 ], [ 560438.550697640166618, 1484866.21353130065836 ], [ 571012.668049609172158, 1473914.999248981941491 ], [ 561800.120728786801919, 1457455.435834195930511 ], [ 502011.024984522780869, 1453107.805725406156853 ], [ 526918.06485219206661, 1486602.658990432042629 ], [ 527367.103762425482273, 1498196.474660936743021 ], [ 518654.038644526677672, 1510470.947488943114877 ], [ 481117.395960789290257, 1508330.408114154823124 ], [ 469350.074917583551724, 1555675.935305573744699 ], [ 507867.600792064797133, 1557356.102078232681379 ], [ 515257.749115809681825, 1571274.470133109483868 ], [ 531818.835310171009041, 1573759.77553972741589 ], [ 531262.486600174102932, 1581915.65271366154775 ], [ 548966.091023974237032, 1582910.695464042015374 ], [ 560268.371828773291782, 1595678.865247377660125 ], [ 574365.067620603833348, 1598217.684121384518221 ] ] ] } },
{ "type": "Feature", "properties": { "OBJECTID": 253.0, "STATE": "Montana", "STATE_FIPS": "30", "CD_2DIG": "01", "STATE_CODE": 24, "CLIMDIV": 2401, "CD_NEW": 1, "FIPS_CD": "3001", "NCDC_GEO_I": 163.0, "NAME": "WESTERN", "ST_ABBRV": "MT", "SHAPE_AREA": 0.0, "SHAPE_LEN": 0.0 }, "geometry": { "type": "Polygon", "coordinates": [ [ [ -1474367.315641711698845, 3044425.631444949191064 ], [ -1330585.866808070335537, 3014974.128698954358697 ], [ -1327392.797292733564973, 2994199.707468049135059 ], [ -1313508.147212222917005, 2994544.506300137843937 ], [ -1315311.869558088947088, 2968978.873224088922143 ], [ -1296251.81104760360904, 2958542.21343896118924 ], [ -1286098.742872633039951, 2913893.541491426061839 ], [ -1269789.049663117853925, 2906454.523290696088225 ], [ -1264323.247813323047012, 2892922.550053655169904 ], [ -1266868.327870849054307, 2885295.933867756277323 ], [ -1280382.043188421055675, 2884553.608915350865573 ], [ -1281090.079705212963745, 2870066.615403207018971 ], [ -1289997.784705754369497, 2864942.034619873855263 ], [ -1292893.327284390339628, 2803886.529524762649089 ], [ -1273266.604952325345948, 2800111.706249570008367 ], [ -1279891.838471551658586, 2762463.417106715030968 ], [ -1260252.138150217942894, 2759276.926641733851284 ], [ -1262834.914510169066489, 2744454.756152725312859 ], [ -1247413.17216612957418, 2737024.634870484936982 ], [ -1247928.776223786175251, 2721538.78249767748639 ], [ -1254879.041823565494269, 2707822.098862087819725 ], [ -1272993.181365282507613, 2701964.449114766903222 ], [ -1275986.874475462595001, 2688248.508110468741506 ], [ -1292109.745431439951062, 2686286.308997520245612 ], [ -1293769.651610317872837, 2676726.059620421845466 ], [ -1312746.949383845552802, 2662535.551228491123766 ], [ -1330523.02994153695181, 2663844.002902538981289 ], [ -1344691.965124937472865, 2653247.696362970862538 ], [ -1352374.670326176797971, 2675036.650655596982688 ], [ -1424884.663452725857496, 2634672.108197649940848 ], [ -1440535.270073092309758, 2648896.179345912765712 ], [ -1432088.809056400787085, 2663716.218687184620649 ], [ -1435976.258540943963453, 2672470.609036876820028 ], [ -1420071.395583203528076, 2681615.879762873984873 ], [ -1425009.568174337269738, 2712345.547436023596674 ], [ -1418182.992180675966665, 2713695.831247840542346 ], [ -1398823.263880119659007, 2764616.772191147785634 ], [ -1420361.78995754616335, 2766850.147112477105111 ], [ -1422709.42063821409829, 2779005.456285153049976 ], [ -1431212.636699495371431, 2775910.798647635616362 ], [ -1460303.920132017461583, 2845034.637213329318911 ], [ -1489268.87555449991487, 2869767.106323661282659 ], [ -1478261.546881587943062, 2873934.743754591327161 ], [ -1486140.149396279361099, 2883318.151402909308672 ], [ -1480329.963429691502824, 2898690.584193373564631 ], [ -1497940.355690029915422, 2934231.654184364248067 ], [ -1474367.315641711698845, 3044425.631444949191064 ] ] ] } },
{ "type": "Feature", "properties": { "OBJECTID": 254.0, "STATE": "Montana", "STATE_FIPS": "30", "CD_2DIG": "03", "STATE_CODE": 24, "CLIMDIV": 2403, "CD_NEW": 3, "FIPS_CD": "3003", "NCDC_GEO_I": 164.0, "NAME": "NORTH CENTRAL", "ST_ABBRV": "MT", "SHAPE_AREA": 0.0, "SHAPE_LEN": 0.0 }, "geometry": { "type": "Polygon", "coordinates": [ [ [ -1330585.866808070335537, 3014974.128698954358697 ], [ -826372.042833332088776, 2936888.440207681618631 ], [ -833674.762314680614509, 2883424.495013839565217 ], [ -842094.68850947485771, 2881275.280029844492674 ], [ -841351.747770867543295, 2861653.868796672206372 ], [ -849430.823264236329123, 2862662.957991573493928 ], [ -853196.928195455460809, 2853481.556624067947268 ], [ -863823.091523009818047, 2788762.128026325255632 ], [ -879450.985352958436124, 2793817.008526743855327 ], [ -901072.892001096857712, 2773909.522793583571911 ], [ -905151.672492727055214, 2789927.106720481999218 ], [ -932833.046171999536455, 2791011.42787572927773 ], [ -963351.550288162776269, 2803877.440874098334461 ], [ -976489.805473446729593, 2823174.276118495967239 ], [ -998746.142186623997986, 2825218.758134981617332 ], [ -1011178.739580377936363, 2818829.824187450576574 ], [ -1041480.085910361260176, 2822736.746161039918661 ], [ -1045543.588804204715416, 2803971.072076659183949 ], [ -1071085.23134999582544, 2793547.309676685370505 ], [ -1116307.84918864723295, 2803926.421996771357954 ], [ -1114926.142699881922454, 2812526.491056974511594 ], [ -1134688.925806863931939, 2823870.207943227607757 ], [ -1127458.464608698850498, 2833930.593989290297031 ], [ -1178985.96015812875703, 2842228.564808300696313 ], [ -1180556.739722141996026, 2832793.301408615428954 ], [ -1199682.794910219032317, 2836004.302188137546182 ], [ -1202038.880921527510509, 2824057.58005062257871 ], [ -1228282.484287375817075, 2829143.147421206347644 ], [ -1245521.973566770087928, 2848468.750214851927012 ], [ -1263822.469642639858648, 2845706.882133378647268 ], [ -1271960.99271506187506, 2857997.300537276547402 ], [ -1272123.707767381099984, 2887070.228985108435154 ], [ -1263820.179337660316378, 2888077.44850690336898 ], [ -1268918.870012093102559, 2905188.365241459570825 ], [ -1286098.742872633039951, 2913893.541491426061839 ], [ -1295920.003833835944533, 2957918.762123576831073 ], [ -1315311.869558088947088, 2968978.873224088922143 ], [ -1311637.359435789985582, 2991134.791656023822725 ], [ -1329252.551401298493147, 2996038.863440855871886 ], [ -1330585.866808070335537, 3014974.128698954358697 ] ] ] } },
{ "type": "Feature", "properties": { "OBJECTID": 255.0, "STATE": "Montana", "STATE_FIPS": "30", "CD_2DIG": "06", "STATE_CODE": 24, "CLIMDIV": 2406, "CD_NEW": 6, "FIPS_CD": "3006", "NCDC_GEO_I": 165.0, "NAME": "NORTHEASTERN", "ST_ABBRV": "MT", "SHAPE_AREA": 0.0, "SHAPE_LEN": 0.0 }, "geometry": { "type": "Polygon", "coordinates": [ [ [ -595594.442423764267005, 2913445.410156272817403 ], [ -610252.97474981599953, 2737490.806853838730603 ], [ -641548.986652025952935, 2731924.454360542353243 ], [ -632486.643102713278495, 2710483.732228606473655 ], [ -644603.502801749971695, 2684104.279816716443747 ], [ -690187.314772680634633, 2685166.251584406942129 ], [ -711596.760433919960633, 2700103.160602629650384 ], [ -713664.925021780771203, 2723033.808954594656825 ], [ -747897.3488804907538, 2726441.033125864341855 ], [ -752146.41663962660823, 2717060.173819202929735 ], [ -758560.085332820541225, 2717761.211309807840735 ], [ -757537.468569688964635, 2727458.580140838399529 ], [ -767153.441027599037625, 2728461.02420646045357 ], [ -771044.242521163774654, 2691597.988879385404289 ], [ -911525.838787885382771, 2711293.101724603679031 ], [ -902425.274969273712486, 2773599.296590809244663 ], [ -879450.985352958436124, 2793817.008526743855327 ], [ -861781.631087090820074, 2792388.137216428294778 ], [ -853196.928195455460809, 2853481.556624067947268 ], [ -849430.823264236329123, 2862662.957991573493928 ], [ -841351.747770867543295, 2861653.868796672206372 ], [ -842094.68850947485771, 2881275.280029844492674 ], [ -833674.762314680614509, 2883424.495013839565217 ], [ -826372.042833332088776, 2936888.440207681618631 ], [ -595594.442423764267005, 2913445.410156272817403 ] ] ] } },
{ "type": "Feature", "properties": { "OBJECTID": 256.0, "STATE": "Montana", "STATE_FIPS": "30", "CD_2DIG": "04", "STATE_CODE": 24, "CLIMDIV": 2404, "CD_NEW": 4, "FIPS_CD": "3004", "NCDC_GEO_I": 166.0, "NAME": "CENTRAL", "ST_ABBRV": "MT", "SHAPE_AREA": 0.0, "SHAPE_LEN": 0.0 }, "geometry": { "type": "Polygon", "coordinates": [ [ [ -1272028.878890997031704, 2885938.348194812890142 ], [ -1268972.210039308294654, 2850116.616243871394545 ], [ -1245521.973566770087928, 2848468.750214851927012 ], [ -1228282.484287375817075, 2829143.147421206347644 ], [ -1202038.880921527510509, 2824057.58005062257871 ], [ -1199682.794910219032317, 2836004.302188137546182 ], [ -1180556.739722141996026, 2832793.301408615428954 ], [ -1178985.96015812875703, 2842228.564808300696313 ], [ -1127458.464608698850498, 2833930.593989290297031 ], [ -1134688.925806863931939, 2823870.207943227607757 ], [ -1114926.142699881922454, 2812526.491056974511594 ], [ -1116307.84918864723295, 2803926.421996771357954 ], [ -1071085.23134999582544, 2793547.309676685370505 ], [ -1045543.588804204715416, 2803971.072076659183949 ], [ -1041480.085910361260176, 2822736.746161039918661 ], [ -977740.557087708846666, 2823431.597537626046687 ], [ -956218.252718574600294, 2800023.701433082576841 ], [ -904616.610050360905007, 2789614.488067765254527 ], [ -899646.244185442570597, 2780131.773731443565339 ], [ -911619.610558900865726, 2712016.168911603279412 ], [ -903530.687215332174674, 2694667.259415780659765 ], [ -906218.186586639028974, 2656957.592945829033852 ], [ -917420.056726668728516, 2658363.091230209451169 ], [ -926989.973799241473898, 2644879.471172818914056 ], [ -956133.459459544508718, 2645550.496795273385942 ], [ -957649.921068927505985, 2634174.848309004213661 ], [ -1035172.321921429946087, 2644725.366060652770102 ], [ -1036680.168701312621124, 2635101.33207175321877 ], [ -1051067.898704242659733, 2637260.884520245715976 ], [ -1052088.437454717699438, 2656916.934382962994277 ], [ -1181958.191180323017761, 2673375.224480447359383 ], [ -1190843.132628107909113, 2653454.878516244702041 ], [ -1212345.357182115782052, 2638493.058586686849594 ], [ -1208447.233099864330143, 2662144.726121530402452 ], [ -1217909.558294149348512, 2663786.393611217848957 ], [ -1208660.744961833581328, 2720606.619930346496403 ], [ -1226970.19659892260097, 2723697.437363436445594 ], [ -1251579.968076626071706, 2711341.284988875035197 ], [ -1247413.17216612957418, 2737024.634870484936982 ], [ -1262834.914510169066489, 2744454.756152725312859 ], [ -1260252.138150217942894, 2759276.926641733851284 ], [ -1279891.838471551658586, 2762463.417106715030968 ], [ -1273266.604952325345948, 2800111.706249570008367 ], [ -1292893.327284390339628, 2803886.529524762649089 ], [ -1289997.784705754369497, 2864942.034619873855263 ], [ -1281090.079705212963745, 2870066.615403207018971 ], [ -1280382.043188421055675, 2884553.608915350865573 ], [ -1272028.878890997031704, 2885938.348194812890142 ] ] ] } },
{ "type": "Feature", "properties": { "OBJECTID": 257.0, "STATE": "Montana", "STATE_FIPS": "30", "CD_2DIG": "02", "STATE_CODE": 24, "CLIMDIV": 2402, "CD_NEW": 2, "FIPS_CD": "3002", "NCDC_GEO_I": 167.0, "NAME": "SOUTHWESTERN", "ST_ABBRV": "MT", "SHAPE_AREA": 0.0, "SHAPE_LEN": 0.0 }, "geometry": { "type": "Polygon", "coordinates": [ [ [ -1224420.49851184990257, 2723233.931537670549005 ], [ -1208660.744961833581328, 2720606.619930346496403 ], [ -1217909.558294149348512, 2663786.393611217848957 ], [ -1208447.233099864330143, 2662144.726121530402452 ], [ -1212345.357182115782052, 2638493.058586686849594 ], [ -1190843.132628107909113, 2653454.878516244702041 ], [ -1181958.191180323017761, 2673375.224480447359383 ], [ -1138920.005128375021741, 2666978.568925500847399 ], [ -1150125.666949860053137, 2601068.099401813466102 ], [ -1160832.631793092237785, 2595448.9649852165021 ], [ -1163736.691611416172236, 2576325.166285156272352 ], [ -1173062.037636021850631, 2577789.749620493501425 ], [ -1189292.194375719875097, 2481523.834048518445343 ], [ -1210649.742431544233114, 2516682.482180941849947 ], [ -1222851.401637827046216, 2506110.161768681835383 ], [ -1220944.556896979454905, 2493962.441844734828919 ], [ -1284351.275725876912475, 2507999.627721725963056 ], [ -1294524.345588357187808, 2496102.99351514922455 ], [ -1324631.081327348714694, 2505625.25587350782007 ], [ -1332285.071572947781533, 2492667.751561200711876 ], [ -1342663.703600810840726, 2505007.821370624005795 ], [ -1346224.091642386512831, 2542106.18858380895108 ], [ -1369484.812182994326577, 2556846.040361408609897 ], [ -1365308.880389641737565, 2578029.838941514492035 ], [ -1379323.414570807712153, 2602656.585701587609947 ], [ -1381495.559410809772089, 2642485.408497002907097 ], [ -1389605.834372085286304, 2654614.595206299331039 ], [ -1351534.561690024565905, 2675153.12154658511281 ], [ -1344718.521361733786762, 2653257.80015190737322 ], [ -1330523.02994153695181, 2663844.002902538981289 ], [ -1315996.008130575530231, 2660943.078586866147816 ], [ -1293769.651610317872837, 2676726.059620421845466 ], [ -1292109.745431439951062, 2686286.308997520245612 ], [ -1275986.874475462595001, 2688248.508110468741506 ], [ -1269594.921701613580808, 2704728.412121460307389 ], [ -1224420.49851184990257, 2723233.931537670549005 ] ] ] } },
{ "type": "Feature", "properties": { "OBJECTID": 258.0, "STATE": "Montana", "STATE_FIPS": "30", "CD_2DIG": "05", "STATE_CODE": 24, "CLIMDIV": 2405, "CD_NEW": 5, "FIPS_CD": "3005", "NCDC_GEO_I": 168.0, "NAME": "SOUTH CENTRAL", "ST_ABBRV": "MT", "SHAPE_AREA": 0.0, "SHAPE_LEN": 0.0 }, "geometry": { "type": "Polygon", "coordinates": [ [ [ -903917.015250401920639, 2667951.935104347765446 ], [ -858583.10008457582444, 2660896.919279370456934 ], [ -858074.55668379412964, 2651148.661518443841487 ], [ -848514.513319902238436, 2650012.687056488823146 ], [ -848721.610142304678448, 2570565.512513775378466 ], [ -834451.200157455750741, 2568084.215877966023982 ], [ -843834.366555346176028, 2513568.546640036161989 ], [ -804468.658787635620683, 2509207.446750793140382 ], [ -806691.775084474706091, 2488633.191066862083972 ], [ -1179503.683433799305931, 2539414.085853424854577 ], [ -1173062.037636021850631, 2577789.749620493501425 ], [ -1163736.691611416172236, 2576325.166285156272352 ], [ -1160832.631793092237785, 2595448.9649852165021 ], [ -1150125.666949860053137, 2601068.099401813466102 ], [ -1138920.005128375021741, 2666978.568925500847399 ], [ -1052088.437454717699438, 2656916.934382962994277 ], [ -1051067.898704242659733, 2637260.884520245715976 ], [ -1036680.168701312621124, 2635101.33207175321877 ], [ -1035172.321921429946087, 2644725.366060652770102 ], [ -957649.921068927505985, 2634174.848309004213661 ], [ -956133.459459544508718, 2645550.496795273385942 ], [ -926989.973799241473898, 2644879.471172818914056 ], [ -917420.056726668728516, 2658363.091230209451169 ], [ -906218.186586639028974, 2656957.592945829033852 ], [ -903917.015250401920639, 2667951.935104347765446 ] ] ] } },
{ "type": "Feature", "properties": { "OBJECTID": 259.0, "STATE": "Montana", "STATE_FIPS": "30", "CD_2DIG": "07", "STATE_CODE": 24, "CLIMDIV": 2407, "CD_NEW": 7, "FIPS_CD": "3007", "NCDC_GEO_I": 169.0, "NAME": "SOUTHEASTERN", "ST_ABBRV": "MT", "SHAPE_AREA": 0.0, "SHAPE_LEN": 0.0 }, "geometry": { "type": "Polygon", "coordinates": [ [ [ -641548.986652025952935, 2731924.454360542353243 ], [ -610252.97474981599953, 2737490.806853838730603 ], [ -632333.655079905758612, 2472266.075441672001034 ], [ -806691.775084474706091, 2488633.191066862083972 ], [ -804468.658787635620683, 2509207.446750793140382 ], [ -843834.366555346176028, 2513568.546640036161989 ], [ -834451.200157455750741, 2568084.215877966023982 ], [ -848721.610142304678448, 2570565.512513775378466 ], [ -848514.513319902238436, 2650012.687056488823146 ], [ -858074.55668379412964, 2651148.661518443841487 ], [ -858583.10008457582444, 2660896.919279370456934 ], [ -905955.12492859957274, 2668155.798728340771049 ], [ -908751.168267178931274, 2708015.543073184788227 ], [ -771044.242521163774654, 2691597.988879385404289 ], [ -767153.441027599037625, 2728461.02420646045357 ], [ -757537.468569688964635, 2727458.580140838399529 ], [ -758560.085332820541225, 2717761.211309807840735 ], [ -752146.41663962660823, 2717060.173819202929735 ], [ -747897.3488804907538, 2726441.033125864341855 ], [ -709375.978967121453024, 2722593.989396679680794 ], [ -711596.760433919960633, 2700103.160602629650384 ], [ -701847.089369776658714, 2699151.38782471511513 ], [ -702483.19309873029124, 2692764.306424154434353 ], [ -649708.373658768716268, 2681359.012018845416605 ], [ -633390.895329620107077, 2700068.315547685604542 ], [ -641548.986652025952935, 2731924.454360542353243 ] ] ] } },
{ "type": "Feature", "properties": { "OBJECTID": 260.0, "STATE": "North Dakota", "STATE_FIPS": "38", "CD_2DIG": "01", "STATE_CODE": 32, "CLIMDIV": 3201, "CD_NEW": 1, "FIPS_CD": "3801", "NCDC_GEO_I": 170.0, "NAME": "NORTHWEST", "ST_ABBRV": "ND", "SHAPE_AREA": 0.0, "SHAPE_LEN": 0.0 }, "geometry": { "type": "Polygon", "coordinates": [ [ [ -593274.086502106743865, 2913225.547158262692392 ], [ -407012.835823883011471, 2899932.525111765600741 ], [ -406533.924620442383457, 2849982.838183427229524 ], [ -377350.442435204400681, 2848284.124073499813676 ], [ -374769.544127660919912, 2771277.96396355656907 ], [ -481256.864081531821284, 2777534.17447929084301 ], [ -484202.861259972036351, 2767152.259357760194689 ], [ -501098.574883961875457, 2776733.974809164181352 ], [ -496490.412478452373762, 2800542.32157241506502 ], [ -507382.525594583130442, 2810549.903814396355301 ], [ -532657.303344681626186, 2814223.753135923296213 ], [ -563254.43556466687005, 2800958.044747209176421 ], [ -569287.531780626974069, 2815652.582763326819986 ], [ -576392.362786201760173, 2814894.120694354176521 ], [ -587712.1142486135941, 2800330.624825296457857 ], [ -602080.17241685918998, 2799939.438861988484859 ], [ -593274.086502106743865, 2913225.547158262692392 ] ] ] } },
{ "type": "Feature", "properties": { "OBJECTID": 261.0, "STATE": "North Dakota", "STATE_FIPS": "38", "CD_2DIG": "02", "STATE_CODE": 32, "CLIMDIV": 3202, "CD_NEW": 2, "FIPS_CD": "3802", "NCDC_GEO_I": 171.0, "NAME": "NORTH CENTRAL", "ST_ABBRV": "ND", "SHAPE_AREA": 0.0, "SHAPE_LEN": 0.0 }, "geometry": { "type": "Polygon", "coordinates": [ [ [ -407012.835823883011471, 2899932.525111765600741 ], [ -261151.069896618952043, 2892990.95820111874491 ], [ -261295.853965664224233, 2823842.50161588517949 ], [ -239386.430829218385043, 2823035.658810110297054 ], [ -240155.45379621750908, 2799327.484040966723114 ], [ -230619.239913867146242, 2793779.53263749089092 ], [ -230910.217115628009196, 2784313.594328201841563 ], [ -210753.522749923315132, 2787876.263388881459832 ], [ -210385.681789085676428, 2775886.201608298812062 ], [ -200951.997376631741645, 2780986.400986348744482 ], [ -190461.233301957254298, 2763736.045646834652871 ], [ -374769.544127660919912, 2771277.96396355656907 ], [ -377350.442435204400681, 2848284.124073499813676 ], [ -406533.924620442383457, 2849982.838183427229524 ], [ -407012.835823883011471, 2899932.525111765600741 ] ] ] } },
{ "type": "Feature", "properties": { "OBJECTID": 263.0, "STATE": "North Dakota", "STATE_FIPS": "38", "CD_2DIG": "04", "STATE_CODE": 32, "CLIMDIV": 3204, "CD_NEW": 4, "FIPS_CD": "3804", "NCDC_GEO_I": 173.0, "NAME": "WEST CENTRAL", "ST_ABBRV": "ND", "SHAPE_AREA": 0.0, "SHAPE_LEN": 0.0 }, "geometry": { "type": "Polygon", "coordinates": [ [ [ -531970.153140052803792, 2813801.208214321639389 ], [ -507382.525594583130442, 2810549.903814396355301 ], [ -496490.412478452373762, 2800542.32157241506502 ], [ -501098.574883961875457, 2776733.974809164181352 ], [ -484076.16100792970974, 2767121.568978074006736 ], [ -481256.864081531821284, 2777534.17447929084301 ], [ -345688.981481619877741, 2769679.343412118032575 ], [ -361883.19786468433449, 2694136.113435575272888 ], [ -378297.5695742155076, 2694903.614650723990053 ], [ -373889.360946376575157, 2677623.714452968444675 ], [ -537019.57410249998793, 2685408.049831098876894 ], [ -534162.764326313976198, 2723817.390951398294419 ], [ -610905.115081448573619, 2730077.275005712173879 ], [ -604593.714700000709854, 2803336.157838827930391 ], [ -588246.299735846580006, 2800074.139555240981281 ], [ -569847.392725964076817, 2815770.057362241204828 ], [ -562829.206332790432498, 2800990.71451587928459 ], [ -531970.153140052803792, 2813801.208214321639389 ] ] ] } },
{ "type": "Feature", "properties": { "OBJECTID": 264.0, "STATE": "North Dakota", "STATE_FIPS": "38", "CD_2DIG": "05", "STATE_CODE": 32, "CLIMDIV": 3205, "CD_NEW": 5, "FIPS_CD": "3805", "NCDC_GEO_I": 174.0, "NAME": "CENTRAL", "ST_ABBRV": "ND", "SHAPE_AREA": 0.0, "SHAPE_LEN": 0.0 }, "geometry": { "type": "Polygon", "coordinates": [ [ [ -345688.981481619877741, 2769679.343412118032575 ], [ -190461.233301957254298, 2763736.045646834652871 ], [ -187387.853177922661416, 2629255.124433278106153 ], [ -313481.08714703383157, 2633828.9814447844401 ], [ -312626.947776137851179, 2710632.431136326864362 ], [ -355157.951980540878139, 2712636.771944233216345 ], [ -353199.908900425944012, 2750876.825039185583591 ], [ -346608.781880597118288, 2750543.93268036423251 ], [ -345688.981481619877741, 2769679.343412118032575 ] ] ] } },
{ "type": "Feature", "properties": { "OBJECTID": 265.0, "STATE": "North Dakota", "STATE_FIPS": "38", "CD_2DIG": "06", "STATE_CODE": 32, "CLIMDIV": 3206, "CD_NEW": 6, "FIPS_CD": "3806", "NCDC_GEO_I": 175.0, "NAME": "EAST CENTRAL", "ST_ABBRV": "ND", "SHAPE_AREA": 0.0, "SHAPE_LEN": 0.0 }, "geometry": { "type": "Polygon", "coordinates": [ [ [ -189049.859625863988185, 2744491.247925474774092 ], [ -67069.579294279537862, 2742304.080328503157943 ], [ -64140.320367145417549, 2668718.553481043316424 ], [ -57620.103087407907879, 2659570.248922630678862 ], [ -61319.19584212393238, 2627009.417498903814703 ], [ -187387.853177922661416, 2629255.124433278106153 ], [ -189049.859625863988185, 2744491.247925474774092 ] ] ] } },
{ "type": "Feature", "properties": { "OBJECTID": 267.0, "STATE": "North Dakota", "STATE_FIPS": "38", "CD_2DIG": "08", "STATE_CODE": 32, "CLIMDIV": 3208, "CD_NEW": 8, "FIPS_CD": "3808", "NCDC_GEO_I": 177.0, "NAME": "SOUTH CENTRAL", "ST_ABBRV": "ND", "SHAPE_AREA": 0.0, "SHAPE_LEN": 0.0 }, "geometry": { "type": "Polygon", "coordinates": [ [ [ -360922.16954744263785, 2712933.618307942524552 ], [ -312626.947776137851179, 2710632.431136326864362 ], [ -313481.08714703383157, 2633828.9814447844401 ], [ -300763.542391573486384, 2633247.025078805163503 ], [ -301189.244405590230599, 2556535.618657350540161 ], [ -465420.821770274778828, 2565400.179995170794427 ], [ -465649.027608910400886, 2680549.039138364139944 ], [ -377074.993888504221104, 2675586.625677599571645 ], [ -372381.263167377503123, 2681485.201577392872423 ], [ -378297.5695742155076, 2694903.614650723990053 ], [ -361883.19786468433449, 2694136.113435575272888 ], [ -360922.16954744263785, 2712933.618307942524552 ] ] ] } },
{ "type": "Feature", "properties": { "OBJECTID": 268.0, "STATE": "North Dakota", "STATE_FIPS": "38", "CD_2DIG": "09", "STATE_CODE": 32, "CLIMDIV": 3209, "CD_NEW": 9, "FIPS_CD": "3809", "NCDC_GEO_I": 178.0, "NAME": "SOUTHEAST", "ST_ABBRV": "ND", "SHAPE_AREA": 0.0, "SHAPE_LEN": 0.0 }, "geometry": { "type": "Polygon", "coordinates": [ [ [ -298221.429546276398469, 2633131.693400426302105 ], [ -60135.115554972253449, 2627135.512023870833218 ], [ -46281.48358801624272, 2593631.752412284258753 ], [ -43738.059042214561487, 2549801.21970798028633 ], [ -301189.244405590230599, 2556535.618657350540161 ], [ -298221.429546276398469, 2633131.693400426302105 ] ] ] } },
{ "type": "Feature", "properties": { "OBJECTID": 269.0, "STATE": "Nebraska", "STATE_FIPS": "31", "CD_2DIG": "01", "STATE_CODE": 25, "CLIMDIV": 2501, "CD_NEW": 1, "FIPS_CD": "3101", "NCDC_GEO_I": 179.0, "NAME": "PANHANDLE", "ST_ABBRV": "NE", "SHAPE_AREA": 0.0, "SHAPE_LEN": 0.0 }, "geometry": { "type": "Polygon", "coordinates": [ [ [ -652240.686109092552215, 2250419.907114482019097 ], [ -492903.342117722146213, 2238384.514642897993326 ], [ -493098.446520184050314, 2137275.868053404614329 ], [ -500674.39752484287601, 2098063.806398419197649 ], [ -493895.762854950444307, 2097638.95952635910362 ], [ -504623.422992089937907, 2015323.644126042257994 ], [ -671177.709806971834041, 2027603.675800622440875 ], [ -652240.686109092552215, 2250419.907114482019097 ] ] ] } },
{ "type": "Feature", "properties": { "OBJECTID": 270.0, "STATE": "Nebraska", "STATE_FIPS": "31", "CD_2DIG": "02", "STATE_CODE": 25, "CLIMDIV": 2502, "CD_NEW": 2, "FIPS_CD": "3102", "NCDC_GEO_I": 180.0, "NAME": "NORTH CENTRAL", "ST_ABBRV": "NE", "SHAPE_AREA": 0.0, "SHAPE_LEN": 0.0 }, "geometry": { "type": "Polygon", "coordinates": [ [ [ -492927.140815602033399, 2238411.114603137597442 ], [ -202590.276399576687254, 2225205.022603021468967 ], [ -187597.586203235987341, 2211865.69640179304406 ], [ -189546.534739414375508, 2084254.988954546861351 ], [ -350917.34950889297761, 2089654.873129208572209 ], [ -352646.37554918875685, 2050910.714804695220664 ], [ -496272.425817255454604, 2058812.308044146513566 ], [ -493897.894168843340594, 2097639.093942030332983 ], [ -500676.528723111958243, 2098063.942658917512745 ], [ -493100.566973025735933, 2137276.002247415948659 ], [ -492927.140815602033399, 2238411.114603137597442 ] ] ] } },
{ "type": "Feature", "properties": { "OBJECTID": 271.0, "STATE": "Nebraska", "STATE_FIPS": "31", "CD_2DIG": "03", "STATE_CODE": 25, "CLIMDIV": 2503, "CD_NEW": 3, "FIPS_CD": "3103", "NCDC_GEO_I": 181.0, "NAME": "NORTHEAST", "ST_ABBRV": "NE", "SHAPE_AREA": 0.0, "SHAPE_LEN": 0.0 }, "geometry": { "type": "Polygon", "coordinates": [ [ [ -184437.834260657808045, 2210858.767569025978446 ], [ -163788.140079083648743, 2197878.790097436867654 ], [ -149910.295017916621873, 2209380.960224259644747 ], [ -106158.361369411504711, 2208640.698888000566512 ], [ -56333.882231198025693, 2184491.248304012231529 ], [ -51116.63384862006933, 2168512.386181656736881 ], [ -31538.10811906258823, 2164034.423504875507206 ], [ -28630.947872219781857, 2129906.488736993167549 ], [ -19796.904917552092229, 2110851.206327655818313 ], [ -10658.198668306577019, 2107750.980659219436347 ], [ -6282.727308789807466, 2077529.24735937663354 ], [ -151132.931220669212053, 2083528.917596995364875 ], [ -151545.526329936139518, 2059354.378235084470361 ], [ -189882.887001089489786, 2055097.815937129547819 ], [ -184437.834260657808045, 2210858.767569025978446 ] ] ] } },
{ "type": "Feature", "properties": { "OBJECTID": 272.0, "STATE": "Nebraska", "STATE_FIPS": "31", "CD_2DIG": "07", "STATE_CODE": 25, "CLIMDIV": 2507, "CD_NEW": 7, "FIPS_CD": "3107", "NCDC_GEO_I": 182.0, "NAME": "SOUTHWEST", "ST_ABBRV": "NE", "SHAPE_AREA": 0.0, "SHAPE_LEN": 0.0 }, "geometry": { "type": "Polygon", "coordinates": [ [ [ -502115.801516495994292, 2059233.317054263083264 ], [ -351399.555511682236101, 2050857.915130023378879 ], [ -353785.240902728459332, 1973285.176732530584559 ], [ -333564.22050984040834, 1972386.030146271456033 ], [ -334744.916731819917914, 1943094.260108253452927 ], [ -353382.284469390055165, 1933999.392463722033426 ], [ -354748.577475167810917, 1894991.814897537464276 ], [ -511746.497452071227599, 1903622.043399219401181 ], [ -502115.801516495994292, 2059233.317054263083264 ] ] ] } },
{ "type": "Feature", "properties": { "OBJECTID": 273.0, "STATE": "Nebraska", "STATE_FIPS": "31", "CD_2DIG": "05", "STATE_CODE": 25, "CLIMDIV": 2505, "CD_NEW": 5, "FIPS_CD": "3105", "NCDC_GEO_I": 183.0, "NAME": "CENTRAL", "ST_ABBRV": "NE", "SHAPE_AREA": 0.0, "SHAPE_LEN": 0.0 }, "geometry": { "type": "Polygon", "coordinates": [ [ [ -350915.216096257849131, 2089654.777629491174594 ], [ -189147.143551985820523, 2084240.200262050842866 ], [ -191284.221285133069614, 1967499.327860363060609 ], [ -251282.506052363867639, 1963997.015187211800367 ], [ -353785.240902728459332, 1973285.176732530584559 ], [ -350915.216096257849131, 2089654.777629491174594 ] ] ] } },
{ "type": "Feature", "properties": { "OBJECTID": 274.0, "STATE": "Nebraska", "STATE_FIPS": "31", "CD_2DIG": "06", "STATE_CODE": 25, "CLIMDIV": 2506, "CD_NEW": 6, "FIPS_CD": "3106", "NCDC_GEO_I": 184.0, "NAME": "EAST CENTRAL", "ST_ABBRV": "NE", "SHAPE_AREA": 0.0, "SHAPE_LEN": 0.0 }, "geometry": { "type": "Polygon", "coordinates": [ [ [ -151132.931220669212053, 2083528.917596995364875 ], [ -10059.397793497064413, 2075423.059192630462348 ], [ -7429.884234423232556, 2058525.83012294350192 ], [ 6609.667103072551981, 2049547.333900702884421 ], [ 13883.862137911333775, 1974790.315158962039277 ], [ -38815.872278308757814, 1974892.059347273549065 ], [ -38947.657925281120697, 1945666.23114967555739 ], [ -76665.654770090273814, 1946004.881619876949117 ], [ -76551.448104421433527, 1965532.25379936513491 ], [ -191284.221285133069614, 1967499.327860363060609 ], [ -189882.887001089489786, 2055097.815937129547819 ], [ -151545.526329936139518, 2059354.378235084470361 ], [ -151132.931220669212053, 2083528.917596995364875 ] ] ] } },
{ "type": "Feature", "properties": { "OBJECTID": 275.0, "STATE": "Nebraska", "STATE_FIPS": "31", "CD_2DIG": "08", "STATE_CODE": 25, "CLIMDIV": 2508, "CD_NEW": 8, "FIPS_CD": "3108", "NCDC_GEO_I": 185.0, "NAME": "SOUTH CENTRAL", "ST_ABBRV": "NE", "SHAPE_AREA": 0.0, "SHAPE_LEN": 0.0 }, "geometry": { "type": "Polygon", "coordinates": [ [ [ -333564.22050984040834, 1972386.030146271456033 ], [ -251282.506052363867639, 1963997.015187211800367 ], [ -190885.782826790440595, 1967489.876854864414781 ], [ -192383.3007576893433, 1889582.880658770445734 ], [ -354748.577475167810917, 1894991.814897537464276 ], [ -353382.284469390055165, 1933999.392463722033426 ], [ -334744.916731819917914, 1943094.260108253452927 ], [ -333564.22050984040834, 1972386.030146271456033 ] ] ] } },
{ "type": "Feature", "properties": { "OBJECTID": 276.0, "STATE": "Nebraska", "STATE_FIPS": "31", "CD_2DIG": "09", "STATE_CODE": 25, "CLIMDIV": 2509, "CD_NEW": 9, "FIPS_CD": "3109", "NCDC_GEO_I": 186.0, "NAME": "SOUTHEAST", "ST_ABBRV": "NE", "SHAPE_AREA": 0.0, "SHAPE_LEN": 0.0 }, "geometry": { "type": "Polygon", "coordinates": [ [ [ 9691.601601452219256, 1974822.291910126106814 ], [ 19577.688996964909165, 1946552.944413182325661 ], [ 29107.809439228451083, 1947739.101253982167691 ], [ 28872.084255772690085, 1921857.176663254387677 ], [ 44065.427461346283962, 1914292.410219011828303 ], [ 49467.228205613144382, 1891649.932562128407881 ], [ 58533.810663200965791, 1887190.478664154419675 ], [ -192408.017731409694534, 1889561.616868616314605 ], [ -190885.782826790440595, 1967489.876854864414781 ], [ -76551.448104421433527, 1965532.25379936513491 ], [ -76665.654770090273814, 1946004.881619876949117 ], [ -38947.657925281120697, 1945666.23114967555739 ], [ -38815.872278308757814, 1974892.059347273549065 ], [ 9691.601601452219256, 1974822.291910126106814 ] ] ] } },
{ "type": "Feature", "properties": { "OBJECTID": 277.0, "STATE": "Oklahoma", "STATE_FIPS": "40", "CD_2DIG": "01", "STATE_CODE": 34, "CLIMDIV": 3401, "CD_NEW": 1, "FIPS_CD": "4001", "NCDC_GEO_I": 187.0, "NAME": "PANHANDLE", "ST_ABBRV": "OK", "SHAPE_AREA": 0.0, "SHAPE_LEN": 0.0 }, "geometry": { "type": "Polygon", "coordinates": [ [ [ -616760.000617646379396, 1573511.556147860595956 ], [ -304635.885112847376149, 1556237.176426313119009 ], [ -291152.378089790174272, 1535614.877749318722636 ], [ -292026.185703153663781, 1510458.04521090304479 ], [ -319523.159758747671731, 1511191.264435499208048 ], [ -320488.745930539094843, 1463174.646383334184065 ], [ -301441.756169457279611, 1462502.15953762200661 ], [ -301942.545598886208609, 1445574.915705896681175 ], [ -323986.795439483772498, 1427226.457213414600119 ], [ -337770.860258088156115, 1432926.323651125654578 ], [ -342089.851242138422094, 1446341.137154382420704 ], [ -357848.119772720092442, 1432939.346421889262274 ], [ -354932.667574790073559, 1502176.730140743544325 ], [ -620900.670962499454618, 1517668.669194866204634 ], [ -616760.000617646379396, 1573511.556147860595956 ] ] ] } },
{ "type": "Feature", "properties": { "OBJECTID": 278.0, "STATE": "Oklahoma", "STATE_FIPS": "40", "CD_2DIG": "02", "STATE_CODE": 34, "CLIMDIV": 3402, "CD_NEW": 2, "FIPS_CD": "4002", "NCDC_GEO_I": 188.0, "NAME": "NORTH CENTRAL", "ST_ABBRV": "OK", "SHAPE_AREA": 0.0, "SHAPE_LEN": 0.0 }, "geometry": { "type": "Polygon", "coordinates": [ [ [ -304635.885112847376149, 1556237.176426313119009 ], [ -66106.344647561199963, 1550903.688604599563405 ], [ -66523.727918864547973, 1526604.040623066015542 ], [ -94206.834987315218314, 1515901.639350767945871 ], [ -93592.444817958079511, 1505616.402665624162182 ], [ -78731.984657795284875, 1503495.464488184312358 ], [ -91597.239338768369635, 1496022.868231198750436 ], [ -91799.085358286320115, 1476571.808653008192778 ], [ -82269.100116484929458, 1476461.469304835190997 ], [ -82370.146885414389544, 1466747.659319325350225 ], [ -101603.34871449394268, 1466943.179799419129267 ], [ -101691.85661648210953, 1457180.822399128228426 ], [ -320488.745930539094843, 1463174.646383334184065 ], [ -319523.159758747671731, 1511191.264435499208048 ], [ -292026.185703153663781, 1510458.04521090304479 ], [ -291152.378089790174272, 1535614.877749318722636 ], [ -304635.885112847376149, 1556237.176426313119009 ] ] ] } },
{ "type": "Feature", "properties": { "OBJECTID": 95.0, "STATE": "Idaho", "STATE_FIPS": "16", "CD_2DIG": "03", "STATE_CODE": 10, "CLIMDIV": 1003, "CD_NEW": 3, "FIPS_CD": "1603", "NCDC_GEO_I": 5.0, "NAME": "NORTH CENTRAL CANYONS", "ST_ABBRV": "ID", "SHAPE_AREA": 0.0, "SHAPE_LEN": 0.0 }, "geometry": { "type": "Polygon", "coordinates": [ [ [ -1558546.626194491283968, 2691458.07090077130124 ], [ -1568102.528374728979543, 2661576.360026888083667 ], [ -1574649.052724547451362, 2655370.865455134306103 ], [ -1586946.088740391889587, 2661458.042118397541344 ], [ -1587422.174258184386417, 2701486.250480884686112 ], [ -1603575.249335172120482, 2713517.501512424554676 ], [ -1612393.191781508969143, 2745007.448030234780163 ], [ -1605868.492491176351905, 2752628.068137990310788 ], [ -1611965.352220648899674, 2775336.609051592182368 ], [ -1605626.708745996002108, 2795438.529407648835331 ], [ -1555502.032605983316898, 2788877.799517669714987 ], [ -1528211.811476296978071, 2749775.826495484914631 ], [ -1515686.31867009983398, 2714353.827690371312201 ], [ -1544427.574795233318582, 2727943.305756095796824 ], [ -1564924.563831417355686, 2764839.7613366660662 ], [ -1594166.912666986929253, 2760951.691592873074114 ], [ -1602285.378348679048941, 2747985.495242324657738 ], [ -1558546.626194491283968, 2691458.07090077130124 ] ] ] } },
{ "type": "Feature", "properties": { "OBJECTID": 100.0, "STATE": "Idaho", "STATE_FIPS": "16", "CD_2DIG": "09", "STATE_CODE": 10, "CLIMDIV": 1009, "CD_NEW": 9, "FIPS_CD": "1609", "NCDC_GEO_I": 10.0, "NAME": "UPPER SNAKE RIVER PLAINS", "ST_ABBRV": "ID", "SHAPE_AREA": 0.0, "SHAPE_LEN": 0.0 }, "geometry": { "type": "Polygon", "coordinates": [ [ [ -1441868.754322831984609, 2298735.158695136196911 ], [ -1402698.855082497932017, 2322805.318739301059395 ], [ -1422986.772935409797356, 2419877.187110903207213 ], [ -1352440.601816050708294, 2448457.067871325649321 ], [ -1334382.225087653845549, 2473078.571606068406254 ], [ -1330428.114065697416663, 2499914.000125869642943 ], [ -1226221.602703571552411, 2457917.825604364741594 ], [ -1226121.719447436742485, 2448185.776650023646653 ], [ -1249639.699651466915384, 2420082.445153635926545 ], [ -1367818.567636611871421, 2304759.858422722667456 ], [ -1415084.914622750831768, 2273709.985419045202434 ], [ -1441868.754322831984609, 2298735.158695136196911 ] ] ] } },
{ "type": "Feature", "properties": { "OBJECTID": 150.0, "STATE": "Georgia", "STATE_FIPS": "13", "CD_2DIG": "03", "STATE_CODE": 9, "CLIMDIV": 903, "CD_NEW": 3, "FIPS_CD": "1303", "NCDC_GEO_I": 60.0, "NAME": "NORTHEAST", "ST_ABBRV": "GA", "SHAPE_AREA": 0.0, "SHAPE_LEN": 0.0 }, "geometry": { "type": "Polygon", "coordinates": [ [ [ 1163311.668607647763565, 1405911.18172843917273 ], [ 1145823.845227959332988, 1369346.088906329590827 ], [ 1177801.521781634306535, 1349495.070443361066282 ], [ 1192176.155818592291325, 1350555.860268791206181 ], [ 1229409.694568845909089, 1295969.485261036083102 ], [ 1264305.907941553276032, 1271758.559048819588497 ], [ 1226146.077215893194079, 1256119.145274847047403 ], [ 1205065.856574374483898, 1255927.591419667005539 ], [ 1197013.599048249423504, 1267502.037728797877207 ], [ 1182086.957192773465067, 1261535.629163654521108 ], [ 1166346.596135282423347, 1266520.882825101492926 ], [ 1164837.003401229623705, 1293077.559392093447968 ], [ 1152392.654552589170635, 1297174.880798997124657 ], [ 1152816.431909533217549, 1310055.461196521297097 ], [ 1122145.460516377352178, 1328785.322118577780202 ], [ 1124345.519030647585168, 1350186.836032192688435 ], [ 1114786.161364195635542, 1376810.080633267760277 ], [ 1123883.154709314694628, 1399688.102205625269562 ], [ 1163311.668607647763565, 1405911.18172843917273 ] ] ] } },
{ "type": "Feature", "properties": { "OBJECTID": 157.0, "STATE": "Illinois", "STATE_FIPS": "17", "CD_2DIG": "03", "STATE_CODE": 11, "CLIMDIV": 1103, "CD_NEW": 3, "FIPS_CD": "1703", "NCDC_GEO_I": 67.0, "NAME": "WEST", "ST_ABBRV": "IL", "SHAPE_AREA": 0.0, "SHAPE_LEN": 0.0 }, "geometry": { "type": "Polygon", "coordinates": [ [ [ 462888.189015117415693, 2029476.648140660254285 ], [ 500559.702258740202524, 2031564.701745648868382 ], [ 503894.505434797378257, 1973028.804758125217631 ], [ 513573.420313298120163, 1973508.450845004059374 ], [ 511926.8074854335282, 1953275.957201246870682 ], [ 488653.000645371968858, 1919028.287691180128604 ], [ 474978.167751709814183, 1914614.78035144158639 ], [ 460130.43157472810708, 1882118.812715779757127 ], [ 430892.854919424513355, 1881145.363442075671628 ], [ 431465.223003765335307, 1871311.231640529818833 ], [ 393377.804425049223937, 1869536.57175334985368 ], [ 378936.138999106711708, 1911526.988726443611085 ], [ 389224.696059510926716, 1941168.927453922340646 ], [ 385955.245109151932411, 1958993.227855111705139 ], [ 408717.799409489554819, 1972601.414582601748407 ], [ 420859.969440384709742, 2018043.840300445910543 ], [ 463313.394846933078952, 2019717.654471396002918 ], [ 462888.189015117415693, 2029476.648140660254285 ] ] ] } },
{ "type": "Feature", "properties": { "OBJECTID": 173.0, "STATE": "Iowa", "STATE_FIPS": "19", "CD_2DIG": "01", "STATE_CODE": 13, "CLIMDIV": 1301, "CD_NEW": 1, "FIPS_CD": "1901", "NCDC_GEO_I": 83.0, "NAME": "NORTHWEST", "ST_ABBRV": "IA", "SHAPE_AREA": 0.0, "SHAPE_LEN": 0.0 }, "geometry": { "type": "Polygon", "coordinates": [ [ [ -48239.055224467811058, 2278738.147964019794017 ], [ 125359.265433556895005, 2279606.952469722833484 ], [ 127056.55117201032408, 2174446.106900462415069 ], [ -40685.96129944956192, 2173746.181306538172066 ], [ -52071.337920278558158, 2193458.948128526099026 ], [ -35341.199465957608481, 2236217.880897606257349 ], [ -47289.985007259412669, 2252893.760756717063487 ], [ -42052.453537741130276, 2265949.961507346946746 ], [ -48239.055224467811058, 2278738.147964019794017 ] ] ] } },
{ "type": "Feature", "properties": { "OBJECTID": 183.0, "STATE": "Kansas", "STATE_FIPS": "20", "CD_2DIG": "02", "STATE_CODE": 14, "CLIMDIV": 1402, "CD_NEW": 2, "FIPS_CD": "2002", "NCDC_GEO_I": 93.0, "NAME": "NORTH CENTRAL", "ST_ABBRV": "KS", "SHAPE_AREA": 0.0, "SHAPE_LEN": 0.0 }, "geometry": { "type": "Polygon", "coordinates": [ [ [ -306705.882080556708388, 1893035.177427091868594 ], [ -68186.444147780188359, 1887431.133372337091714 ], [ -68669.164883524048491, 1838684.947734540794045 ], [ -81631.38918941745942, 1838800.647665332769975 ], [ -82336.760514487221371, 1790157.822680710116401 ], [ -117429.902793285131338, 1790549.955998184392229 ], [ -117767.617959746348788, 1771048.389549805084243 ], [ -140865.989609713142272, 1771308.501058919588104 ], [ -165573.140088377316715, 1771913.602442445466295 ], [ -165059.764111961965682, 1801142.260569133562967 ], [ -212993.045694860833464, 1802330.322949060704559 ], [ -213220.406219467520714, 1792580.076457198243588 ], [ -308698.118435853160918, 1795619.714600962586701 ], [ -306705.882080556708388, 1893035.177427091868594 ] ] ] } },
{ "type": "Feature", "properties": { "OBJECTID": 196.0, "STATE": "Maryland", "STATE_FIPS": "24", "CD_2DIG": "03", "STATE_CODE": 18, "CLIMDIV": 1803, "CD_NEW": 3, "FIPS_CD": "2403", "NCDC_GEO_I": 106.0, "NAME": "LOWER SOUTHERN", "ST_ABBRV": "MD", "SHAPE_AREA": 0.0, "SHAPE_LEN": 0.0 }, "geometry": { "type": "Polygon", "coordinates": [ [ [ 1654864.236050561303273, 1918061.336698568193242 ], [ 1665575.126051916973665, 1913940.606428140774369 ], [ 1709026.772458006395027, 1828882.605796823976561 ], [ 1671896.027439188212156, 1850714.419526146259159 ], [ 1641362.684032461838797, 1851240.71490698796697 ], [ 1629218.156014395412058, 1870786.815392686054111 ], [ 1613896.450149338692427, 1859805.920463366899639 ], [ 1607423.967308518709615, 1863524.516734304605052 ], [ 1607605.215658607427031, 1888475.513105243910104 ], [ 1618694.843312135431916, 1903626.744384812889621 ], [ 1623898.872562575852498, 1894359.266982825938612 ], [ 1638587.516002374934033, 1902192.217131608398631 ], [ 1657184.421939031453803, 1891962.146886930568144 ], [ 1654864.236050561303273, 1918061.336698568193242 ] ] ] } },
{ "type": "Feature", "properties": { "OBJECTID": 212.0, "STATE": "Louisiana", "STATE_FIPS": "22", "CD_2DIG": "04", "STATE_CODE": 16, "CLIMDIV": 1604, "CD_NEW": 4, "FIPS_CD": "2204", "NCDC_GEO_I": 122.0, "NAME": "WEST CENTRAL", "ST_ABBRV": "LA", "SHAPE_AREA": 0.0, "SHAPE_LEN": 0.0 }, "geometry": { "type": "Polygon", "coordinates": [ [ [ 263897.727065407671034, 1012224.712971141911112 ], [ 287503.769733161840122, 1012836.993279972230084 ], [ 294294.000330814160407, 990593.728252198896371 ], [ 286462.438632861012593, 960933.061287218588404 ], [ 310566.986931954335887, 944109.171341306529939 ], [ 286133.15833715692861, 923573.877572509110905 ], [ 300868.840868236497045, 913548.090052378247492 ], [ 302848.372146194393281, 871706.502011761069298 ], [ 232231.122947869676864, 868839.504612023942173 ], [ 234425.616178919473896, 903763.52569699450396 ], [ 229056.450789200491272, 901823.338070491445251 ], [ 219392.876557935611345, 917083.796346027986147 ], [ 223715.453060252330033, 924677.754776058951393 ], [ 206050.83377709868364, 944941.708252457436174 ], [ 208162.384717478213133, 961150.451853289501742 ], [ 199508.031454040028621, 976580.993178592645563 ], [ 241073.674040664423956, 977785.819757766788825 ], [ 243114.749400049186079, 987780.127837278530933 ], [ 256157.711487559223315, 982859.850172465201467 ], [ 259752.537668827921152, 992523.241884893504903 ], [ 270781.670757740561385, 992831.686093415948562 ], [ 263897.727065407671034, 1012224.712971141911112 ] ] ] } },
{ "type": "Feature", "properties": { "OBJECTID": 216.0, "STATE": "Louisiana", "STATE_FIPS": "22", "CD_2DIG": "08", "STATE_CODE": 16, "CLIMDIV": 1608, "CD_NEW": 8, "FIPS_CD": "2208", "NCDC_GEO_I": 126.0, "NAME": "SOUTH CENTRAL", "ST_ABBRV": "LA", "SHAPE_AREA": 0.0, "SHAPE_LEN": 0.0 }, "geometry": { "type": "MultiPolygon", "coordinates": [ [ [ [ 410076.211864380864426, 833854.765826853225008 ], [ 432375.012786435021553, 834845.076173415756784 ], [ 449926.114692264993209, 816274.449336867313832 ], [ 477984.496596219949424, 817349.257718183798715 ], [ 471136.570559063227847, 788442.651045729406178 ], [ 484796.487878105137497, 789595.321129943127744 ], [ 493472.605498107266612, 769066.241210391512141 ], [ 457092.02460536849685, 722961.772863143589348 ], [ 444571.03470736759482, 730519.229024880449288 ], [ 431140.798295709711965, 726130.440995703451335 ], [ 430289.682589438278228, 738734.918074302840978 ], [ 419736.045636757451575, 738187.815478879958391 ], [ 422083.792381978186313, 750516.272281262208708 ], [ 398301.19513152865693, 745915.232735211844556 ], [ 402828.940718246100005, 759464.746923870639876 ], [ 388884.597651217249222, 759146.785643700161017 ], [ 388599.240881628647912, 781464.373174315667711 ], [ 376314.892476029228419, 791345.504139553406276 ], [ 357430.838649246958084, 792403.111147882300429 ], [ 378805.055879159364849, 819565.752066525863484 ], [ 414344.529321272333618, 822619.368426627479494 ], [ 410076.211864380864426, 833854.765826853225008 ] ] ], [ [ [ 396721.53562325972598, 737930.742246467620134 ], [ 415992.20119323709514, 731275.211308585247025 ], [ 410687.887159036647063, 721810.107462718500756 ], [ 402798.957612555532251, 720368.899574915063567 ], [ 383938.280595071963035, 730606.226348643889651 ], [ 396721.53562325972598, 737930.742246467620134 ] ] ] ] } },
{ "type": "Feature", "properties": { "OBJECTID": 231.0, "STATE": "Minnesota", "STATE_FIPS": "27", "CD_2DIG": "04", "STATE_CODE": 21, "CLIMDIV": 2104, "CD_NEW": 4, "FIPS_CD": "2704", "NCDC_GEO_I": 141.0, "NAME": "WEST CENTRAL", "ST_ABBRV": "MN", "SHAPE_AREA": 0.0, "SHAPE_LEN": 0.0 }, "geometry": { "type": "Polygon", "coordinates": [ [ [ -10211.540075212393276, 2636488.795923726633191 ], [ 64187.702967468176212, 2636715.514879045076668 ], [ 67950.322419899821398, 2491899.759244966320693 ], [ 58298.307715811279195, 2491820.836647975258529 ], [ 59261.145768279529875, 2433860.078534305561334 ], [ 40749.85408818932774, 2433668.678438332397491 ], [ 50706.789499124861322, 2394864.446627577301115 ], [ 31367.467218031331868, 2394859.808532072231174 ], [ 31352.398010846918623, 2404583.833240081556141 ], [ -35768.131885219358082, 2404748.312917688395828 ], [ -35521.065050735640398, 2479263.905594480223954 ], [ -66933.039235961259692, 2513403.445045864675194 ], [ -45401.523168664818513, 2536939.018165220040828 ], [ -43580.125562733672268, 2550956.711685356218368 ], [ -46281.48358801624272, 2593631.752412284258753 ], [ -60801.053399189739139, 2626465.410412772092968 ], [ -13238.668242907766398, 2626812.811373232863843 ], [ -10211.540075212393276, 2636488.795923726633191 ] ] ] } },
{ "type": "Feature", "properties": { "OBJECTID": 248.0, "STATE": "Missouri", "STATE_FIPS": "29", "CD_2DIG": "02", "STATE_CODE": 23, "CLIMDIV": 2302, "CD_NEW": 2, "FIPS_CD": "2902", "NCDC_GEO_I": 158.0, "NAME": "NORTHEAST PRAIRIE", "ST_ABBRV": "MO", "SHAPE_AREA": 0.0, "SHAPE_LEN": 0.0 }, "geometry": { "type": "Polygon", "coordinates": [ [ [ 358203.38607744401088, 1963772.702712948899716 ], [ 385428.54818282276392, 1938647.135719040408731 ], [ 379075.999439962906763, 1910065.482759813312441 ], [ 393166.105662601243239, 1866434.220591405406594 ], [ 450357.857905934099108, 1816081.170242640422657 ], [ 458678.243589481106028, 1778870.531106033362448 ], [ 467705.532972555141896, 1773827.998935153940693 ], [ 477068.93421555927489, 1785205.206601835088804 ], [ 506186.601106288610026, 1773067.327365346252918 ], [ 492977.634967508725822, 1725377.934430845314637 ], [ 489182.300980804779101, 1720592.056982338894159 ], [ 483060.008608616772108, 1733222.188636991195381 ], [ 454990.188317583349999, 1729501.111337538808584 ], [ 452542.142231097910553, 1698133.817377783125266 ], [ 387088.961215673713014, 1695566.231236366089433 ], [ 387478.817663205205463, 1689033.578583482420072 ], [ 377891.159207345277537, 1688710.05177338165231 ], [ 377213.221234773343895, 1703806.996603146428242 ], [ 329505.912000213225838, 1702176.228026500437409 ], [ 335988.984066935430747, 1714744.598894217750058 ], [ 331155.290412607428152, 1722148.471176324412227 ], [ 343592.742070990148932, 1723213.413027370581403 ], [ 344355.33516106067691, 1734046.380677408305928 ], [ 313658.181630853854585, 1745144.749127318151295 ], [ 310937.412172212963924, 1760156.053463620599359 ], [ 294346.58558513445314, 1777808.275195132708177 ], [ 305174.095760366122704, 1808527.023730923654512 ], [ 281195.992176711908542, 1815841.50700488849543 ], [ 281285.175842744240072, 1858060.354638437973335 ], [ 266954.594302800658625, 1857774.231297020567581 ], [ 264766.444869581784587, 1929745.016021284274757 ], [ 279472.361061760049779, 1930665.31958959880285 ], [ 275694.535433300654404, 1957769.366505618207157 ], [ 358203.38607744401088, 1963772.702712948899716 ] ] ] } },
{ "type": "Feature", "properties": { "OBJECTID": 266.0, "STATE": "North Dakota", "STATE_FIPS": "38", "CD_2DIG": "07", "STATE_CODE": 32, "CLIMDIV": 3207, "CD_NEW": 7, "FIPS_CD": "3807", "NCDC_GEO_I": 176.0, "NAME": "SOUTHWEST", "ST_ABBRV": "ND", "SHAPE_AREA": 0.0, "SHAPE_LEN": 0.0 }, "geometry": { "type": "Polygon", "coordinates": [ [ [ -610905.115081448573619, 2730077.275005712173879 ], [ -534162.764326313976198, 2723817.390951398294419 ], [ -537019.57410249998793, 2685408.049831098876894 ], [ -465649.027608910400886, 2680549.039138364139944 ], [ -465420.816082695499063, 2565400.182536649517715 ], [ -623882.820792097132653, 2577214.224130695220083 ], [ -610905.115081448573619, 2730077.275005712173879 ] ] ] } },
{ "type": "Feature", "properties": { "OBJECTID": 301.0, "STATE": "Pennsylvania", "STATE_FIPS": "42", "CD_2DIG": "10", "STATE_CODE": 36, "CLIMDIV": 3610, "CD_NEW": 10, "FIPS_CD": "4210", "NCDC_GEO_I": 211.0, "NAME": "NORTHWEST PLATEAU", "ST_ABBRV": "PA", "SHAPE_AREA": 0.0, "SHAPE_LEN": 0.0 }, "geometry": { "type": "Polygon", "coordinates": [ [ [ 1324231.181591345928609, 2254443.25602687895298 ], [ 1329457.270364948082715, 2224641.08015277562663 ], [ 1503480.466097208438441, 2256768.955229950603098 ], [ 1515637.329232631484047, 2199769.196677894797176 ], [ 1478845.946022824849933, 2192267.410573575645685 ], [ 1463469.455815523397177, 2205620.887106272391975 ], [ 1402143.8971228946466, 2194901.281665195245296 ], [ 1405650.482447079382837, 2174300.998214224819094 ], [ 1396807.758773442124948, 2174483.538644479122013 ], [ 1396431.247309711994603, 2161672.86470691440627 ], [ 1405854.693918030010536, 2167429.598381474148482 ], [ 1430113.197725270409137, 2155319.975822472013533 ], [ 1424377.30071384110488, 2142884.29077831748873 ], [ 1428882.66404223558493, 2118082.107228116132319 ], [ 1395047.561219275929034, 2112567.157584465574473 ], [ 1392333.931158838327974, 2127947.537064894102514 ], [ 1380640.709812361747026, 2116526.787617059890181 ], [ 1360710.092948126140982, 2113666.592634244821966 ], [ 1350512.623603599146008, 2134511.55926176160574 ], [ 1325598.50516275735572, 2130089.612436581403017 ], [ 1319534.056620585732162, 2117472.682008569128811 ], [ 1283818.098779319319874, 2117792.795469926670194 ], [ 1268321.040665764128789, 2211897.472791339270771 ], [ 1324231.181591345928609, 2254443.25602687895298 ] ] ] } },
{ "type": "Feature", "properties": { "OBJECTID": 18.0, "STATE": "Massachusettes", "STATE_FIPS": "25", "CD_2DIG": "02", "STATE_CODE": 19, "CLIMDIV": 1902, "CD_NEW": 2, "FIPS_CD": "2502", "NCDC_GEO_I": 272.0, "NAME": "CENTRAL", "ST_ABBRV": "MA", "SHAPE_AREA": 0.0, "SHAPE_LEN": 0.0 }, "geometry": { "type": "Polygon", "coordinates": [ [ [ 2005608.97269108495675, 2471982.081666185986251 ], [ 2010772.372548385057598, 2419488.847441247664392 ], [ 2023663.767337931087241, 2385049.178951852954924 ], [ 2018846.62924781255424, 2364377.098267150577158 ], [ 2005740.205261406023055, 2360220.337775333318859 ], [ 2002164.685662256320938, 2373808.337409734725952 ], [ 1892524.397845077095553, 2347609.90178391430527 ], [ 1873281.602045009844005, 2423350.173283132258803 ], [ 1989603.77305590105243, 2448930.484440608415753 ], [ 2005608.97269108495675, 2471982.081666185986251 ] ] ] } },
{ "type": "Feature", "properties": { "OBJECTID": 22.0, "STATE": "Connecticut", "STATE_FIPS": "09", "CD_2DIG": "03", "STATE_CODE": 6, "CLIMDIV": 603, "CD_NEW": 3, "FIPS_CD": "0903", "NCDC_GEO_I": 276.0, "NAME": "COASTAL", "ST_ABBRV": "CT", "SHAPE_AREA": 0.0, "SHAPE_LEN": 0.0 }, "geometry": { "type": "MultiPolygon", "coordinates": [ [ [ [ 1985768.356377706630155, 2301006.028695278801024 ], [ 1983830.787913742940873, 2288280.133422234095633 ], [ 1973998.202882076613605, 2289671.226575278211385 ], [ 1944520.557771265041083, 2276984.426182793918997 ], [ 1942846.892049642978236, 2270823.24645764566958 ], [ 1912754.137069341028109, 2264529.030418723355979 ], [ 1902436.40360696753487, 2258536.156620062422007 ], [ 1899765.617200403707102, 2264408.61778967641294 ], [ 1888130.052990278927609, 2244580.298074772115797 ], [ 1880256.106206956785172, 2246622.893976652063429 ], [ 1876153.852225891547278, 2237689.73933258280158 ], [ 1867320.383197231916711, 2236191.288772358093411 ], [ 1863939.455537429545075, 2227587.932207213714719 ], [ 1857801.703286005184054, 2226743.799102002754807 ], [ 1854131.071622987743467, 2219030.580820757430047 ], [ 1847583.739118076395243, 2215738.512464732863009 ], [ 1838888.012018320849165, 2226782.661382652353495 ], [ 1907775.971395725850016, 2281040.469066859222949 ], [ 1985768.356377706630155, 2301006.028695278801024 ] ] ], [ [ [ 1946701.435608746483922, 2274324.903036552015692 ], [ 1947062.243869147496298, 2275260.943318253848702 ], [ 1947343.096528908703476, 2274252.01004320429638 ], [ 1946701.435608746483922, 2274324.903036552015692 ] ] ], [ [ [ 1858495.592929848935455, 2225441.021402448881418 ], [ 1858999.747119854204357, 2225453.01308825565502 ], [ 1858611.36750066629611, 2224891.08431210136041 ], [ 1858495.592929848935455, 2225441.021402448881418 ] ] ], [ [ [ 1866843.813155128620565, 2232653.024474556557834 ], [ 1866992.84338007401675, 2233025.250116039533168 ], [ 1867088.284255940467119, 2233062.345026779919863 ], [ 1867255.732184683904052, 2232999.509709991980344 ], [ 1867273.254247236065567, 2232946.730394294951111 ], [ 1866843.813155128620565, 2232653.024474556557834 ] ] ], [ [ [ 1975436.447043288499117, 2286451.243052850477397 ], [ 1975312.879216933622956, 2286148.28927817940712 ], [ 1975280.323807036038488, 2286465.115933138877153 ], [ 1975436.447043288499117, 2286451.243052850477397 ] ] ], [ [ [ 1913430.036784370662645, 2261623.232469137292355 ], [ 1913677.263413278851658, 2261658.395370728801936 ], [ 1913430.355649380246177, 2261450.236710061319172 ], [ 1913430.036784370662645, 2261623.232469137292355 ] ] ], [ [ [ 1913525.551843426888809, 2262339.373055760748684 ], [ 1913314.334890288999304, 2261875.317194647155702 ], [ 1913252.360664075706154, 2261881.88990950351581 ], [ 1913525.551843426888809, 2262339.373055760748684 ] ] ], [ [ [ 1914462.122423376422375, 2263140.554781337734312 ], [ 1914628.360054017743096, 2262966.643582414835691 ], [ 1914515.305862652603537, 2262945.100891803856939 ], [ 1914462.122423376422375, 2263140.554781337734312 ] ] ], [ [ [ 1912600.497535641537979, 2263042.319282277021557 ], [ 1912844.218972068978474, 2263056.978140633087605 ], [ 1912726.168392040301114, 2262945.601831634528935 ], [ 1912600.497535641537979, 2263042.319282277021557 ] ] ], [ [ [ 1913430.067958074389026, 2262905.613045065663755 ], [ 1913532.256853849627078, 2262702.198202945757657 ], [ 1913192.795293429633602, 2262548.129858316387981 ], [ 1913430.067958074389026, 2262905.613045065663755 ] ] ], [ [ [ 1913655.672354579437524, 2262191.274737677536905 ], [ 1913695.766549667809159, 2261904.975060956086963 ], [ 1913551.799458532361314, 2261817.696358674671501 ], [ 1913655.672354579437524, 2262191.274737677536905 ] ] ], [ [ [ 1913781.896745607722551, 2262294.666808099485934 ], [ 1913826.846791325137019, 2262172.617840161081403 ], [ 1913864.035576685564592, 2262113.247107985895127 ], [ 1913804.281400700099766, 2262028.523059743456542 ], [ 1913781.896745607722551, 2262294.666808099485934 ] ] ], [ [ [ 1914149.582744631217793, 2262776.118976695463061 ], [ 1914130.467072986066341, 2262594.228305334225297 ], [ 1914026.441549642710015, 2262630.218105115927756 ], [ 1914149.582744631217793, 2262776.118976695463061 ] ] ], [ [ [ 1914469.068953656125814, 2262782.626992522738874 ], [ 1914651.920026579406112, 2262787.214515172410756 ], [ 1914495.322371081914753, 2262731.720256368163973 ], [ 1914469.068953656125814, 2262782.626992522738874 ] ] ], [ [ [ 1914372.986719314940274, 2262508.127620039507747 ], [ 1914250.168080705450848, 2262509.537306686863303 ], [ 1914301.762582399649546, 2262593.613884723745286 ], [ 1914372.986719314940274, 2262508.127620039507747 ] ] ], [ [ [ 1858435.265519795939326, 2224139.543883328326046 ], [ 1858577.344671331578866, 2224191.438408255577087 ], [ 1858667.357346035540104, 2224070.095665898174047 ], [ 1858435.265519795939326, 2224139.543883328326046 ] ] ], [ [ [ 1914046.831451611127704, 2263037.313197868876159 ], [ 1913933.852179968729615, 2262815.719085663091391 ], [ 1913886.043759180465713, 2262817.052623863331974 ], [ 1914046.831451611127704, 2263037.313197868876159 ] ] ], [ [ [ 1912464.082226325990632, 2263557.147761067375541 ], [ 1912560.851729310117662, 2263462.911706999409944 ], [ 1912496.07960375607945, 2263447.443348719738424 ], [ 1912464.082226325990632, 2263557.147761067375541 ] ] ], [ [ [ 1913258.402891094097868, 2263635.602059412747622 ], [ 1913191.401158844586462, 2263605.378980017267168 ], [ 1913227.612624717177823, 2263658.377978520002216 ], [ 1913258.402891094097868, 2263635.602059412747622 ] ] ], [ [ [ 1913219.311851480742916, 2262952.125484840478748 ], [ 1913183.007685547228903, 2262888.489058222156018 ], [ 1913123.443322085076943, 2262862.085829352959991 ], [ 1913219.311851480742916, 2262952.125484840478748 ] ] ], [ [ [ 1912688.263991074170917, 2263540.50868660164997 ], [ 1912662.530207127565518, 2263478.127988008316606 ], [ 1912640.930547699099407, 2263492.23791818972677 ], [ 1912688.263991074170917, 2263540.50868660164997 ] ] ], [ [ [ 1913547.815115561708808, 2263348.770302289631218 ], [ 1913479.977330049499869, 2263318.451885272748768 ], [ 1913528.127443180186674, 2263374.432415539398789 ], [ 1913547.815115561708808, 2263348.770302289631218 ] ] ], [ [ [ 1914106.300930300727487, 2262036.764433564152569 ], [ 1914046.65195435564965, 2262009.295689267106354 ], [ 1914081.451646406436339, 2262058.714776341803372 ], [ 1914106.300930300727487, 2262036.764433564152569 ] ] ], [ [ [ 1914013.643187121953815, 2262843.83260308066383 ], [ 1913980.966395525727421, 2262784.558383733034134 ], [ 1913991.226891095517203, 2262847.120591337326914 ], [ 1914013.643187121953815, 2262843.83260308066383 ] ] ], [ [ [ 1912369.094704388873652, 2263487.643994544632733 ], [ 1912354.792339161736891, 2263424.424631030764431 ], [ 1912345.612453497713432, 2263472.555337794590741 ], [ 1912369.094704388873652, 2263487.643994544632733 ] ] ], [ [ [ 1913237.783690121257678, 2263698.300630765967071 ], [ 1913209.667453055735677, 2263673.975524502340704 ], [ 1913232.78847852605395, 2263708.015180632472038 ], [ 1913237.783690121257678, 2263698.300630765967071 ] ] ] ] } },
{ "type": "Feature", "properties": { "OBJECTID": 249.0, "STATE": "Missouri", "STATE_FIPS": "29", "CD_2DIG": "03", "STATE_CODE": 23, "CLIMDIV": 2303, "CD_NEW": 3, "FIPS_CD": "2903", "NCDC_GEO_I": 159.0, "NAME": "WEST CENTRAL PLAINS", "ST_ABBRV": "MO", "SHAPE_AREA": 0.0, "SHAPE_LEN": 0.0 }, "geometry": { "type": "Polygon", "coordinates": [ [ [ 262740.720692415605299, 1786382.669731531525031 ], [ 295394.946721763233654, 1777005.36442028125748 ], [ 310937.412172212963924, 1760156.053463620599359 ], [ 313658.181630853854585, 1745144.749127318151295 ], [ 344355.33516106067691, 1734046.380677408305928 ], [ 343592.742070990148932, 1723213.413027370581403 ], [ 331036.49701083288528, 1721821.167060535633937 ], [ 331638.938583227980416, 1671312.966262434842065 ], [ 312422.588226242922246, 1671106.470688053406775 ], [ 312850.807540663518012, 1652962.573747151531279 ], [ 300955.330952156044077, 1645924.490420449059457 ], [ 294241.592885959136765, 1656011.993336177198216 ], [ 245357.372414579614997, 1655739.594310435000807 ], [ 245223.726291151659098, 1644338.28645299281925 ], [ 206740.140818481741007, 1646287.780000470811501 ], [ 208540.184587859024759, 1617555.933583004167303 ], [ 120792.423046450188849, 1624875.265542495064437 ], [ 119679.861220771592343, 1758661.150578703498468 ], [ 161753.837937829172006, 1757811.622124502202496 ], [ 161980.54352154766093, 1767252.771446607541293 ], [ 185926.062300302524818, 1770022.104598453035578 ], [ 253285.537570272019366, 1770798.422582729719579 ], [ 262740.720692415605299, 1786382.669731531525031 ] ] ] } },
{ "type": "Feature", "properties": { "OBJECTID": 299.0, "STATE": "South Carolina", "STATE_FIPS": "45", "CD_2DIG": "06", "STATE_CODE": 38, "CLIMDIV": 3806, "CD_NEW": 6, "FIPS_CD": "4506", "NCDC_GEO_I": 209.0, "NAME": "CENTRAL", "ST_ABBRV": "SC", "SHAPE_AREA": 0.0, "SHAPE_LEN": 0.0 }, "geometry": { "type": "Polygon", "coordinates": [ [ [ 1437080.358537967083976, 1375860.690084215253592 ], [ 1442867.865717700216919, 1353536.273714082781225 ], [ 1468846.365606971317902, 1339919.484421399887651 ], [ 1463569.213352119084448, 1332653.755970089696348 ], [ 1473607.094441498629749, 1327465.364630762021989 ], [ 1460345.837550828466192, 1281206.441866155713797 ], [ 1450271.381639356259257, 1273947.168941093375906 ], [ 1450140.165140859782696, 1257104.056475777411833 ], [ 1435083.349867258220911, 1249912.550607608864084 ], [ 1426778.777350621763617, 1257225.872635692823678 ], [ 1402170.700513562653214, 1235479.390616357559338 ], [ 1344605.511085022473708, 1261741.110907141817734 ], [ 1358836.777276528533548, 1282472.660983019974083 ], [ 1320122.328847914002836, 1301321.281871803104877 ], [ 1325905.925638187909499, 1326260.750963086495176 ], [ 1333106.857027978403494, 1326084.538326575653628 ], [ 1330101.522710941499099, 1337206.816463363356888 ], [ 1336845.816269537666813, 1345159.75529535766691 ], [ 1350476.668154518818483, 1340047.654006470460445 ], [ 1380689.696330181555822, 1355490.872108024079353 ], [ 1378276.342595368158072, 1345332.208834175253287 ], [ 1393887.428394207265228, 1335001.321372712031007 ], [ 1414955.345669110072777, 1350818.577611946500838 ], [ 1421072.99916354729794, 1370100.245230353670195 ], [ 1437080.358537967083976, 1375860.690084215253592 ] ] ] } },
{ "type": "Feature", "properties": { "OBJECTID": 279.0, "STATE": "Oklahoma", "STATE_FIPS": "40", "CD_2DIG": "03", "STATE_CODE": 34, "CLIMDIV": 3403, "CD_NEW": 3, "FIPS_CD": "4003", "NCDC_GEO_I": 189.0, "NAME": "NORTHEAST", "ST_ABBRV": "OK", "SHAPE_AREA": 0.0, "SHAPE_LEN": 0.0 }, "geometry": { "type": "Polygon", "coordinates": [ [ [ -66106.344647561199963, 1550903.688604599563405 ], [ 121843.539623994875001, 1551438.697378043085337 ], [ 128120.125863729874254, 1457840.142491598846391 ], [ 78587.398574215068948, 1457203.795239438535646 ], [ 78701.108215154861682, 1447437.914416648680344 ], [ 70690.918696719803847, 1447398.503514270996675 ], [ 64511.931196593221102, 1435099.251445509959012 ], [ 65764.642683539568679, 1418082.204136922955513 ], [ 36863.520362680021208, 1412439.313515208195895 ], [ 31290.081651450451318, 1422755.200809981441125 ], [ -2979.799289485404188, 1422718.999006423167884 ], [ -2639.220777759525845, 1447173.199269944336265 ], [ -26575.174156133176439, 1447247.906501920428127 ], [ -26560.357085816514882, 1456956.081563308369368 ], [ -73014.196462456951849, 1456844.249814425129443 ], [ -72928.502494895015843, 1466653.294438022421673 ], [ -91799.085358286320115, 1476571.808653008192778 ], [ -91597.239338768369635, 1496022.868231198750436 ], [ -78731.984657795284875, 1503495.464488184312358 ], [ -93592.444817958079511, 1505616.402665624162182 ], [ -94206.834987315218314, 1515901.639350767945871 ], [ -66523.727918864547973, 1526604.040623066015542 ], [ -66106.344647561199963, 1550903.688604599563405 ] ] ] } },
{ "type": "Feature", "properties": { "OBJECTID": 280.0, "STATE": "Oklahoma", "STATE_FIPS": "40", "CD_2DIG": "04", "STATE_CODE": 34, "CLIMDIV": 3404, "CD_NEW": 4, "FIPS_CD": "4004", "NCDC_GEO_I": 190.0, "NAME": "WEST CENTRAL", "ST_ABBRV": "OK", "SHAPE_AREA": 0.0, "SHAPE_LEN": 0.0 }, "geometry": { "type": "Polygon", "coordinates": [ [ [ -301441.756169457279611, 1462502.15953762200661 ], [ -197041.231365765299415, 1459495.276821152772754 ], [ -197878.291742151835933, 1410254.477963571902364 ], [ -207394.18948309199186, 1410486.773810595273972 ], [ -207866.037427269970067, 1391054.530432598898187 ], [ -235705.9500720006763, 1391792.420159218367189 ], [ -236920.000197257526452, 1340961.10233242996037 ], [ -341800.929124210204463, 1346670.983538086991757 ], [ -342197.322698524862062, 1336981.702378272777423 ], [ -361853.426538914267439, 1337817.765114659210667 ], [ -357848.119772720092442, 1432939.346421889262274 ], [ -347801.268180313752964, 1444216.312453366350383 ], [ -340618.280501483241096, 1445917.679970182245597 ], [ -337770.860258088156115, 1432926.323651125654578 ], [ -324053.836011681589298, 1427213.997486382257193 ], [ -301942.545598886208609, 1445574.915705896681175 ], [ -301441.756169457279611, 1462502.15953762200661 ] ] ] } },
{ "type": "Feature", "properties": { "OBJECTID": 281.0, "STATE": "Oklahoma", "STATE_FIPS": "40", "CD_2DIG": "05", "STATE_CODE": 34, "CLIMDIV": 3405, "CD_NEW": 5, "FIPS_CD": "4005", "NCDC_GEO_I": 191.0, "NAME": "CENTRAL", "ST_ABBRV": "OK", "SHAPE_AREA": 0.0, "SHAPE_LEN": 0.0 }, "geometry": { "type": "Polygon", "coordinates": [ [ [ -73626.607677547523053, 1466660.683588541345671 ], [ -73014.196462456951849, 1456844.249814425129443 ], [ -26560.357085816514882, 1456956.081563308369368 ], [ -26575.174156133176439, 1447247.906501920428127 ], [ -2639.220777759525845, 1447173.199269944336265 ], [ -2979.799289485404188, 1422718.999006423167884 ], [ -17228.615878095712105, 1422744.658385803224519 ], [ -17330.336324151761801, 1388584.640529442578554 ], [ -7889.862618379926971, 1388594.881102740298957 ], [ -7869.510961398746076, 1368992.208331920905039 ], [ 1683.659514707842618, 1368970.400754650123417 ], [ 1679.351081687867463, 1359241.074861387722194 ], [ -39802.539929465674504, 1359355.391502889804542 ], [ -47137.908427001471864, 1312406.384509546216577 ], [ -62688.749745713139419, 1319567.968804585048929 ], [ -66017.51899776623759, 1311075.777050299569964 ], [ -84204.760587138938718, 1323310.814367066835985 ], [ -84412.865632838816964, 1310949.931499255122617 ], [ -151254.454687293909956, 1311924.88234595535323 ], [ -151622.482662170194089, 1292480.831694979220629 ], [ -189868.767105171107687, 1293218.88281498872675 ], [ -188774.641162630636245, 1371158.385981895029545 ], [ -207718.850323622580618, 1371542.728732838528231 ], [ -207394.18948309199186, 1410486.773810595273972 ], [ -197878.291742151835933, 1410254.477963571902364 ], [ -197041.231365765299415, 1459495.276821152772754 ], [ -101691.85661648210953, 1457180.822399128228426 ], [ -101603.34871449394268, 1466943.179799419129267 ], [ -73626.607677547523053, 1466660.683588541345671 ] ] ] } },
{ "type": "Feature", "properties": { "OBJECTID": 282.0, "STATE": "Oklahoma", "STATE_FIPS": "40", "CD_2DIG": "06", "STATE_CODE": 34, "CLIMDIV": 3406, "CD_NEW": 6, "FIPS_CD": "4006", "NCDC_GEO_I": 192.0, "NAME": "EAST CENTRAL", "ST_ABBRV": "OK", "SHAPE_AREA": 0.0, "SHAPE_LEN": 0.0 }, "geometry": { "type": "Polygon", "coordinates": [ [ [ 128120.125863729874254, 1457840.142491598846391 ], [ 141261.56196188958711, 1371792.755458921659738 ], [ 136554.43686101376079, 1361996.061166778206825 ], [ 110363.671381983818719, 1367046.128311135340482 ], [ 107042.316296398392296, 1350108.757037030998617 ], [ 96782.004136964285863, 1350012.946709444280714 ], [ 96971.188954813958844, 1333868.683631034102291 ], [ 44548.196788318389736, 1330182.964276244863868 ], [ 44194.573218067387643, 1281515.033967103343457 ], [ 10721.92792029620432, 1281338.067263361765072 ], [ 10716.050784566752554, 1291063.126651605824009 ], [ -8377.523513096870374, 1291073.069017890375108 ], [ -8363.545637067169082, 1300804.748005823465064 ], [ -36904.780848929927743, 1300879.508634987287223 ], [ -36804.473146972020913, 1319310.778145313262939 ], [ -44476.017732534193783, 1316911.851724982727319 ], [ -39802.539929465674504, 1359355.391502889804542 ], [ 1679.351081687867463, 1359241.074861387722194 ], [ 1683.659514707842618, 1368970.400754650123417 ], [ -7869.510961398746076, 1368992.208331920905039 ], [ -7889.862618379926971, 1388594.881102740298957 ], [ -17330.336324151761801, 1388584.640529442578554 ], [ -17228.615878095712105, 1422744.658385803224519 ], [ 31290.081651450451318, 1422755.200809981441125 ], [ 36863.520362680021208, 1412439.313515208195895 ], [ 65764.642683539568679, 1418082.204136922955513 ], [ 64511.931196593221102, 1435099.251445509959012 ], [ 70690.918696719803847, 1447398.503514270996675 ], [ 78701.108215154861682, 1447437.914416648680344 ], [ 78587.398574215068948, 1457203.795239438535646 ], [ 128120.125863729874254, 1457840.142491598846391 ] ] ] } },
{ "type": "Feature", "properties": { "OBJECTID": 283.0, "STATE": "Oklahoma", "STATE_FIPS": "40", "CD_2DIG": "07", "STATE_CODE": 34, "CLIMDIV": 3407, "CD_NEW": 7, "FIPS_CD": "4007", "NCDC_GEO_I": 193.0, "NAME": "SOUTHWEST", "ST_ABBRV": "OK", "SHAPE_AREA": 0.0, "SHAPE_LEN": 0.0 }, "geometry": { "type": "Polygon", "coordinates": [ [ [ -231881.172060211189091, 1391681.518409285694361 ], [ -207422.744420343544334, 1391022.250010063173249 ], [ -207718.850323622580618, 1371542.728732838528231 ], [ -188774.641162630636245, 1371158.385981895029545 ], [ -197314.014117788581643, 1230826.941128720762208 ], [ -215979.415131279383786, 1235147.484760065563023 ], [ -227214.925672380253673, 1225043.094338273862377 ], [ -237645.409655700350413, 1236107.81498046265915 ], [ -252363.815144077583682, 1232567.401429447811097 ], [ -273184.28255567792803, 1244024.433292301837355 ], [ -291468.0384326952626, 1243769.0809311196208 ], [ -293230.613543714396656, 1257896.839402182260528 ], [ -306116.079287442669738, 1271347.464956609765068 ], [ -310672.660325685341377, 1262223.317212862428278 ], [ -337036.957434687123168, 1263807.513847763417289 ], [ -356981.287181627412792, 1286579.594428420998156 ], [ -364065.133654822187964, 1285303.117480503860861 ], [ -361853.426538914267439, 1337817.765114659210667 ], [ -342197.322698524862062, 1336981.702378272777423 ], [ -341800.929124210204463, 1346670.983538086991757 ], [ -236920.000197257526452, 1340961.10233242996037 ], [ -231881.172060211189091, 1391681.518409285694361 ] ] ] } },
{ "type": "Feature", "properties": { "OBJECTID": 284.0, "STATE": "Oklahoma", "STATE_FIPS": "40", "CD_2DIG": "08", "STATE_CODE": 34, "CLIMDIV": 3408, "CD_NEW": 8, "FIPS_CD": "4008", "NCDC_GEO_I": 194.0, "NAME": "SOUTH CENTRAL", "ST_ABBRV": "OK", "SHAPE_AREA": 0.0, "SHAPE_LEN": 0.0 }, "geometry": { "type": "Polygon", "coordinates": [ [ [ -83858.594579975833767, 1323268.049959024181589 ], [ -65709.539222826555488, 1311028.6742543654982 ], [ -62688.749745713139419, 1319567.968804585048929 ], [ -47927.098711384525814, 1312343.614626122871414 ], [ -36804.473146972020913, 1319310.778145313262939 ], [ -36904.780848929927743, 1300879.508634987287223 ], [ -8363.545637067169082, 1300804.748005823465064 ], [ -8377.523513096870374, 1291073.069017890375108 ], [ 10716.050784566752554, 1291063.126651605824009 ], [ 10721.92792029620432, 1281338.067263361765072 ], [ 29848.569361152938654, 1281419.952396494802088 ], [ 29907.224153675531852, 1271684.79378646472469 ], [ 20093.831228508337517, 1271629.280753884231672 ], [ 20189.194242068580934, 1232514.036127211991698 ], [ 770.424830421363822, 1232503.825214406475425 ], [ 5928.607328030788267, 1208441.552304098382592 ], [ 22230.995929555901967, 1198251.601912766927853 ], [ -13463.932334689616255, 1196917.878316099522635 ], [ -32065.967419115433586, 1179992.758808272657916 ], [ -57619.165682238402951, 1197812.501600301591679 ], [ -53982.417066479305504, 1203385.61420676112175 ], [ -61241.603479436023918, 1205909.421412342693657 ], [ -70265.844847140673664, 1195696.171943094581366 ], [ -84544.194752703988343, 1210872.719365576514974 ], [ -99922.771567699150182, 1199131.361938757123426 ], [ -103030.041127055155812, 1184000.486841155448928 ], [ -111120.727893362389295, 1206294.160312232095748 ], [ -126575.797432763778488, 1195635.629431370412931 ], [ -152358.595696723641595, 1215282.21614713803865 ], [ -168493.593629281356698, 1200697.679238786688074 ], [ -181475.056224070431199, 1204405.859581301221624 ], [ -178446.519819371780613, 1215719.193574837874621 ], [ -191323.504028248222312, 1217551.607286967337132 ], [ -195766.310637455026153, 1233036.342910783132538 ], [ -194655.918881717167096, 1293328.147859046235681 ], [ -151622.482662170194089, 1292480.831694979220629 ], [ -151271.349138482386479, 1311918.353842514101416 ], [ -84412.865632838816964, 1310949.931499255122617 ], [ -83858.594579975833767, 1323268.049959024181589 ] ] ] } },
{ "type": "Feature", "properties": { "OBJECTID": 285.0, "STATE": "Oklahoma", "STATE_FIPS": "40", "CD_2DIG": "09", "STATE_CODE": 34, "CLIMDIV": 3409, "CD_NEW": 9, "FIPS_CD": "4009", "NCDC_GEO_I": 195.0, "NAME": "SOUTHEAST", "ST_ABBRV": "OK", "SHAPE_AREA": 0.0, "SHAPE_LEN": 0.0 }, "geometry": { "type": "Polygon", "coordinates": [ [ [ 141158.745009721227689, 1370790.968253130558878 ], [ 139264.148348125105258, 1174453.758827744051814 ], [ 103967.049535139041836, 1187218.811647228430957 ], [ 71614.465553225090844, 1210975.6282015114557 ], [ 65262.614132291360875, 1201053.925034176092595 ], [ 41766.507409112738969, 1201699.316655282629654 ], [ 37112.129017552251753, 1208533.816858667414635 ], [ 14639.128135116226986, 1200926.570327401161194 ], [ 770.424830421363822, 1232503.825214406475425 ], [ 20189.194242068580934, 1232514.036127211991698 ], [ 20093.831228508337517, 1271629.280753884231672 ], [ 29907.224153675531852, 1271684.79378646472469 ], [ 29848.569361152938654, 1281419.952396494802088 ], [ 44194.573218067387643, 1281515.033967103343457 ], [ 44548.196788318389736, 1330182.964276244863868 ], [ 96971.188954813958844, 1333868.683631034102291 ], [ 96782.004136964285863, 1350012.946709444280714 ], [ 107042.316296398392296, 1350108.757037030998617 ], [ 110363.671381983818719, 1367046.128311135340482 ], [ 135729.060601400997257, 1361572.600895670475438 ], [ 141158.745009721227689, 1370790.968253130558878 ] ] ] } },
{ "type": "Feature", "properties": { "OBJECTID": 286.0, "STATE": "North Carolina", "STATE_FIPS": "37", "CD_2DIG": "01", "STATE_CODE": 31, "CLIMDIV": 3101, "CD_NEW": 1, "FIPS_CD": "3701", "NCDC_GEO_I": 196.0, "NAME": "SOUTHERN MOUNTAINS", "ST_ABBRV": "NC", "SHAPE_AREA": 0.0, "SHAPE_LEN": 0.0 }, "geometry": { "type": "Polygon", "coordinates": [ [ [ 1225256.729530245997012, 1545414.242538473568857 ], [ 1237437.880936239846051, 1541060.876548210158944 ], [ 1249302.329108694568276, 1521139.015009560622275 ], [ 1255095.61015697219409, 1532037.958794804522768 ], [ 1289230.078292072517797, 1511970.513854985591024 ], [ 1306393.344491472002119, 1513544.224623780697584 ], [ 1294448.625682133482769, 1488656.749297453323379 ], [ 1280404.650675605051219, 1488641.445929311215878 ], [ 1280411.848762155044824, 1443052.542348429793492 ], [ 1224029.891776741715148, 1438683.431807355955243 ], [ 1163339.440672362456098, 1405915.198252795962617 ], [ 1054571.829933525063097, 1390380.99413097742945 ], [ 1054164.269244582857937, 1417034.714378086151555 ], [ 1075296.093350713606924, 1425197.911135032074526 ], [ 1075440.954421888105571, 1440705.902105007087812 ], [ 1086705.959221217781305, 1454245.134285992244259 ], [ 1120120.161909432616085, 1463605.138863371917978 ], [ 1147246.094958479516208, 1490037.44785331748426 ], [ 1164282.286438996205106, 1495216.632133154664189 ], [ 1165959.289004522608593, 1511133.587346830638126 ], [ 1176103.837925000814721, 1512350.479509154101834 ], [ 1186106.001658872468397, 1527969.038868516450748 ], [ 1197678.288402932928875, 1518339.859723241999745 ], [ 1225256.729530245997012, 1545414.242538473568857 ] ] ] } },
{ "type": "Feature", "properties": { "OBJECTID": 287.0, "STATE": "North Carolina", "STATE_FIPS": "37", "CD_2DIG": "02", "STATE_CODE": 31, "CLIMDIV": 3102, "CD_NEW": 2, "FIPS_CD": "3702", "NCDC_GEO_I": 197.0, "NAME": "NORTHERN MOUNTAINS", "ST_ABBRV": "NC", "SHAPE_AREA": 0.0, "SHAPE_LEN": 0.0 }, "geometry": { "type": "Polygon", "coordinates": [ [ [ 1264814.482185461791232, 1600088.363446667324752 ], [ 1373855.095109110930935, 1613133.761701081879437 ], [ 1378098.338384745409712, 1556609.580903691006824 ], [ 1310457.903056810609996, 1543322.376142803113908 ], [ 1305273.913418412208557, 1512191.284212802769616 ], [ 1289230.078292072517797, 1511970.513854985591024 ], [ 1255095.61015697219409, 1532037.958794804522768 ], [ 1249302.329108694568276, 1521139.015009560622275 ], [ 1237442.526860237820074, 1541457.887492154026404 ], [ 1253441.739132801070809, 1569964.774655544897541 ], [ 1266455.044221557909623, 1571689.843501539900899 ], [ 1264814.482185461791232, 1600088.363446667324752 ] ] ] } },
{ "type": "Feature", "properties": { "OBJECTID": 288.0, "STATE": "North Carolina", "STATE_FIPS": "37", "CD_2DIG": "05", "STATE_CODE": 31, "CLIMDIV": 3105, "CD_NEW": 5, "FIPS_CD": "3705", "NCDC_GEO_I": 198.0, "NAME": "SOUTHERN PIEDMONT", "ST_ABBRV": "NC", "SHAPE_AREA": 0.0, "SHAPE_LEN": 0.0 }, "geometry": { "type": "Polygon", "coordinates": [ [ [ 1281214.811102933716029, 1488069.394225397380069 ], [ 1346037.637394879478961, 1494843.821430230513215 ], [ 1348252.554945656796917, 1488383.426916785305366 ], [ 1489304.159329201793298, 1515568.786788616096601 ], [ 1518490.962410350795835, 1482103.20031145052053 ], [ 1504671.879739884054288, 1483728.920411737402901 ], [ 1497568.947393332375214, 1476538.485084673622623 ], [ 1479734.56449332437478, 1454221.194008719176054 ], [ 1479419.238712108926848, 1433976.906362588750198 ], [ 1373433.179317716509104, 1416728.312050647335127 ], [ 1372752.56747099943459, 1429763.091473247623071 ], [ 1356044.065646594157442, 1446528.198949911864474 ], [ 1347633.804198830621317, 1438082.847553026629612 ], [ 1346540.8964592886623, 1449748.265334335155785 ], [ 1280411.848762155044824, 1443052.542348429793492 ], [ 1281214.811102933716029, 1488069.394225397380069 ] ] ] } },
{ "type": "Feature", "properties": { "OBJECTID": 289.0, "STATE": "North Carolina", "STATE_FIPS": "37", "CD_2DIG": "04", "STATE_CODE": 31, "CLIMDIV": 3104, "CD_NEW": 4, "FIPS_CD": "3704", "NCDC_GEO_I": 199.0, "NAME": "CENTRAL PIEDMONT", "ST_ABBRV": "NC", "SHAPE_AREA": 0.0, "SHAPE_LEN": 0.0 }, "geometry": { "type": "Polygon", "coordinates": [ [ [ 1535490.820395552087575, 1587378.253448000177741 ], [ 1561575.021887145470828, 1580723.345506265759468 ], [ 1579928.429534474154934, 1566250.290491600520909 ], [ 1546032.440369703108445, 1525933.30333891697228 ], [ 1526500.680261307163164, 1529690.42961537791416 ], [ 1508218.61290088808164, 1494950.068554700119421 ], [ 1489304.159329201793298, 1515568.786788616096601 ], [ 1348252.554945656796917, 1488383.426916785305366 ], [ 1346037.637394879478961, 1494843.821430230513215 ], [ 1294685.953981093829498, 1489185.465370451565832 ], [ 1308536.213462203275412, 1517115.457108892500401 ], [ 1310803.047463623574004, 1543475.497570126317441 ], [ 1380687.109894620720297, 1558849.957084065070376 ], [ 1388437.839681445155293, 1549936.978301896480843 ], [ 1409023.576255050487816, 1559485.902195935836062 ], [ 1418712.998125010170043, 1559251.536660442128778 ], [ 1420014.15491974237375, 1549344.405892412411049 ], [ 1492867.343174025882035, 1553286.376085089053959 ], [ 1528282.018778310157359, 1562204.078207908896729 ], [ 1535490.820395552087575, 1587378.253448000177741 ] ] ] } },
{ "type": "Feature", "properties": { "OBJECTID": 290.0, "STATE": "North Carolina", "STATE_FIPS": "37", "CD_2DIG": "03", "STATE_CODE": 31, "CLIMDIV": 3103, "CD_NEW": 3, "FIPS_CD": "3703", "NCDC_GEO_I": 200.0, "NAME": "NORTHERN PIEDMONT", "ST_ABBRV": "NC", "SHAPE_AREA": 0.0, "SHAPE_LEN": 0.0 }, "geometry": { "type": "Polygon", "coordinates": [ [ [ 1374514.914265129249543, 1613205.555252545746043 ], [ 1595753.87680401885882, 1652168.349889260949567 ], [ 1596707.303301257779822, 1648040.684386079898104 ], [ 1597121.269200746435672, 1624224.998865033965558 ], [ 1579928.429534474154934, 1566250.290491600520909 ], [ 1561575.021887145470828, 1580723.345506265759468 ], [ 1535009.836510440567508, 1587357.140222779475152 ], [ 1528282.018778310157359, 1562204.078207908896729 ], [ 1466030.020151884993538, 1548457.229447173187509 ], [ 1464970.608247652184218, 1554696.556834408082068 ], [ 1420014.15491974237375, 1549344.405892412411049 ], [ 1414224.207048679236323, 1559402.511840367689729 ], [ 1388437.839681445155293, 1549936.978301896480843 ], [ 1375675.460372688481584, 1560331.173541030380875 ], [ 1381491.128102048533037, 1567527.482267852174118 ], [ 1374514.914265129249543, 1613205.555252545746043 ] ] ] } },
{ "type": "Feature", "properties": { "OBJECTID": 291.0, "STATE": "North Carolina", "STATE_FIPS": "37", "CD_2DIG": "08", "STATE_CODE": 31, "CLIMDIV": 3108, "CD_NEW": 8, "FIPS_CD": "3708", "NCDC_GEO_I": 201.0, "NAME": "NORTHERN COASTAL PLAIN", "ST_ABBRV": "NC", "SHAPE_AREA": 0.0, "SHAPE_LEN": 0.0 }, "geometry": { "type": "MultiPolygon", "coordinates": [ [ [ [ 1595753.87680401885882, 1652168.349889260949567 ], [ 1757623.780397634254768, 1685705.287488208152354 ], [ 1754707.684655871940777, 1679263.905146574834362 ], [ 1769894.126892232801765, 1666579.054120138986036 ], [ 1770251.663930182578042, 1674051.228411024436355 ], [ 1789924.374549985164776, 1637780.90129960118793 ], [ 1768722.68637303262949, 1663345.537319790106267 ], [ 1761266.854610312264413, 1664996.476721440209076 ], [ 1777541.514448873698711, 1645737.356826808070764 ], [ 1747591.935495857382193, 1655026.510914463084191 ], [ 1764871.762419519713148, 1640876.22552352398634 ], [ 1754295.058560248697177, 1636323.970683333929628 ], [ 1743180.208162474213168, 1644960.492307802429423 ], [ 1751957.238532779738307, 1632571.687968649668619 ], [ 1729024.450279931072146, 1639940.44747992255725 ], [ 1744865.531917845131829, 1631056.801329902606085 ], [ 1728565.120028275763616, 1617250.359666291391477 ], [ 1713321.391778774792328, 1618721.34215191216208 ], [ 1708405.82208525412716, 1644742.861862053861842 ], [ 1699455.77374013653025, 1650965.74795244820416 ], [ 1697889.596026708604768, 1651626.681616054382175 ], [ 1696778.159376471303403, 1651460.061167155858129 ], [ 1696126.979929361492395, 1650694.089638110483065 ], [ 1705998.572548511670902, 1644665.674884933046997 ], [ 1711355.739796751644462, 1606372.405593987554312 ], [ 1768390.916933994973078, 1623902.377472453285009 ], [ 1773411.977000880986452, 1619846.185631077736616 ], [ 1769404.682933368021622, 1616290.027280723676085 ], [ 1765372.094486171146855, 1618666.387086651287973 ], [ 1764048.181726948590949, 1618416.048534257337451 ], [ 1763749.64310338976793, 1617847.059037327300757 ], [ 1770017.78124838671647, 1614619.579434447223321 ], [ 1774300.618324941489846, 1617571.140561419539154 ], [ 1777588.9087746120058, 1589354.089709378080443 ], [ 1765784.352012998657301, 1589881.998484619660303 ], [ 1764068.051216704538092, 1578015.734010124811903 ], [ 1756604.803745100274682, 1577708.240256358869374 ], [ 1757226.739419005811214, 1587182.208804994588718 ], [ 1695008.515994945541024, 1570635.503529134672135 ], [ 1655624.393016214948148, 1582652.336225633043796 ], [ 1635161.139756854390725, 1560827.004914697492495 ], [ 1616385.659088183194399, 1578869.11587175866589 ], [ 1583081.89984770747833, 1559384.560993450228125 ], [ 1597121.269200746435672, 1624224.998865033965558 ], [ 1595753.87680401885882, 1652168.349889260949567 ] ] ], [ [ [ 1787501.331456450512633, 1625980.003071639453992 ], [ 1798305.184651874005795, 1618060.032646586187184 ], [ 1805591.301232189172879, 1598867.063864722382277 ], [ 1800875.993764274055138, 1598146.951873805141076 ], [ 1806073.11963653168641, 1590224.657980021554977 ], [ 1798942.360099784564227, 1582273.720951484050602 ], [ 1790123.432427097344771, 1591691.479882121318951 ], [ 1780101.299976006848738, 1589718.632139013614506 ], [ 1777435.7475376133807, 1614215.575206565205008 ], [ 1791976.278468212578446, 1621043.206351649016142 ], [ 1787501.331456450512633, 1625980.003071639453992 ] ] ], [ [ [ 1759563.803907193476334, 1686086.303435963811353 ], [ 1772227.344603557139635, 1688846.91491444571875 ], [ 1788312.074414882343262, 1655008.397809711284935 ], [ 1814426.590002433629707, 1619226.455604065908119 ], [ 1819249.077362192329019, 1612169.713670902419835 ], [ 1819076.378028608625755, 1610103.673126192530617 ], [ 1806813.811275453539565, 1627747.675365628441796 ], [ 1797261.805209920508787, 1631636.108295162208378 ], [ 1801119.996466480661184, 1634045.205290593672544 ], [ 1795495.653308242326602, 1635551.32691913866438 ], [ 1788161.657195137813687, 1655036.046271932311356 ], [ 1786257.169082598062232, 1655232.987284747650847 ], [ 1786679.792866050964221, 1655736.740180703345686 ], [ 1786401.503132325131446, 1656206.47649530088529 ], [ 1784924.299630700144917, 1657402.94570429250598 ], [ 1784813.943901763530448, 1657072.172473826212808 ], [ 1784547.809999286429957, 1656947.83925980841741 ], [ 1784327.155963035533205, 1658448.550974856829271 ], [ 1785914.799327357904986, 1656729.761408309917897 ], [ 1786957.739577077096328, 1656772.917834640014917 ], [ 1775470.723235846264288, 1678565.212332411203533 ], [ 1774358.708766766823828, 1679211.908008403377607 ], [ 1774123.846208283444867, 1678753.613334495807067 ], [ 1772998.666653423802927, 1678701.355553479399532 ], [ 1774579.394826220348477, 1679594.522871105931699 ], [ 1774795.095085505163297, 1680473.360019343905151 ], [ 1773164.031596469925717, 1679377.143427694914863 ], [ 1773993.403637513983995, 1680271.112861243775114 ], [ 1772970.412240645382553, 1680657.73935735411942 ], [ 1772661.138722182950005, 1680595.620864778058603 ], [ 1772274.747907896293327, 1680697.171184488106519 ], [ 1772560.157238836865872, 1679976.179154077544808 ], [ 1771796.984955139225349, 1679917.974294631974772 ], [ 1773392.082502685952932, 1684410.49765231157653 ], [ 1771479.134990809718147, 1687777.852386777522042 ], [ 1770919.278190098237246, 1686875.523653481155634 ], [ 1771852.042244114913046, 1686284.926854122895747 ], [ 1772024.737101558130234, 1685753.844502731924877 ], [ 1770162.567596972454339, 1686473.849136691307649 ], [ 1769224.797768359072506, 1683035.514665181515738 ], [ 1770706.130118530942127, 1681186.111049631610513 ], [ 1768952.869425011565909, 1680343.042586190393195 ], [ 1759563.803907193476334, 1686086.303435963811353 ] ] ], [ [ [ 1830267.940869198180735, 1590457.569456840632483 ], [ 1823121.895780463935807, 1607507.555514822248369 ], [ 1825090.831624157493934, 1604189.728694655699655 ], [ 1830760.474673846969381, 1590851.194306634832174 ], [ 1832932.984937633154914, 1569562.849824561504647 ], [ 1833383.422573362244293, 1550238.865373340668157 ], [ 1814587.647764462744817, 1542058.253663434879854 ], [ 1833088.425799733493477, 1555028.722000752808526 ], [ 1830267.940869198180735, 1590457.569456840632483 ] ] ], [ [ [ 1799485.523512742947787, 1623161.087260599946603 ], [ 1806790.332238780101761, 1622790.588311601663008 ], [ 1810609.241864361334592, 1613319.839767352445051 ], [ 1799485.523512742947787, 1623161.087260599946603 ] ] ], [ [ [ 1779472.614103599218652, 1665381.526415651431307 ], [ 1781945.449658141937107, 1663339.303942665923387 ], [ 1781449.136674633482471, 1661222.634859559359029 ], [ 1780025.535351776983589, 1664197.415380530524999 ], [ 1778967.301012418000028, 1664170.414461798034608 ], [ 1779472.614103599218652, 1665381.526415651431307 ] ] ], [ [ [ 1772877.568168299272656, 1677348.798732174327597 ], [ 1773849.31322127673775, 1677961.291966086253524 ], [ 1773118.225706644821912, 1676602.048949705669656 ], [ 1772877.568168299272656, 1677348.798732174327597 ] ] ], [ [ [ 1773445.220753059256822, 1676265.350444469600916 ], [ 1774179.088941058842465, 1676526.664048208156601 ], [ 1774130.490828594658524, 1676128.95282456278801 ], [ 1773445.220753059256822, 1676265.350444469600916 ] ] ], [ [ [ 1771065.556350836064667, 1685686.233857131563127 ], [ 1771689.792393225012347, 1685143.670056652277708 ], [ 1771121.201153726549819, 1685515.093738301191479 ], [ 1771038.756659803679213, 1685033.342386692296714 ], [ 1771347.42923844140023, 1685188.229498117230833 ], [ 1771391.548299088375643, 1684748.907664266880602 ], [ 1771182.942744776140898, 1684633.394193596439436 ], [ 1770801.928724746219814, 1685038.266879654489458 ], [ 1771065.556350836064667, 1685686.233857131563127 ] ] ], [ [ [ 1780689.135243586963043, 1660348.214897797908634 ], [ 1781021.090437373844907, 1660984.676033035386354 ], [ 1781574.19561927113682, 1660645.19354525511153 ], [ 1780689.135243586963043, 1660348.214897797908634 ] ] ], [ [ [ 1780793.926023723324761, 1659383.854555533267558 ], [ 1781892.670466787414625, 1659546.637314623221755 ], [ 1781417.2366119294893, 1658838.340948346536607 ], [ 1780793.926023723324761, 1659383.854555533267558 ] ] ], [ [ [ 1785266.667590060736984, 1656245.317677205661312 ], [ 1786101.000033642398193, 1655711.56586385006085 ], [ 1785921.193575870944187, 1655406.577998225344345 ], [ 1785266.667590060736984, 1656245.317677205661312 ] ] ], [ [ [ 1809022.794675885001197, 1622094.879954823525622 ], [ 1809751.101567714009434, 1621920.604909075656906 ], [ 1809480.761083521880209, 1621661.507915833732113 ], [ 1809022.794675885001197, 1622094.879954823525622 ] ] ], [ [ [ 1771471.789360845694318, 1679680.857545165112242 ], [ 1771963.32122440263629, 1679329.165192164015025 ], [ 1771541.243653438985348, 1678882.085806561168283 ], [ 1771625.313925641588867, 1679041.634305140236393 ], [ 1771425.009691971587017, 1679543.064825654728338 ], [ 1771430.750276022590697, 1679610.634435160085559 ], [ 1771471.789360845694318, 1679680.857545165112242 ] ] ], [ [ [ 1783061.196545207640156, 1658509.861392458667979 ], [ 1783252.306240793783218, 1658773.232213785639033 ], [ 1782675.346551280468702, 1657833.297176614403725 ], [ 1783061.196545207640156, 1658509.861392458667979 ] ] ], [ [ [ 1779442.215722233755514, 1661679.869317037984729 ], [ 1780034.406684803077951, 1662027.449445359641686 ], [ 1780112.574218028690666, 1661794.62563039874658 ], [ 1779442.215722233755514, 1661679.869317037984729 ] ] ], [ [ [ 1772281.550101766828448, 1678872.09173888922669 ], [ 1772674.290422341320664, 1678733.279839867958799 ], [ 1772147.995238588890061, 1678589.051679569296539 ], [ 1772281.550101766828448, 1678872.09173888922669 ] ] ], [ [ [ 1771595.959328132681549, 1655956.29911610414274 ], [ 1772028.755972545593977, 1655539.042309614131227 ], [ 1771885.696367806987837, 1655338.879077677847818 ], [ 1771595.959328132681549, 1655956.29911610414274 ] ] ], [ [ [ 1772538.616699617356062, 1680109.384366053855047 ], [ 1773172.073538067052141, 1680203.708750334335491 ], [ 1772858.091779013862833, 1680036.653886719606817 ], [ 1772538.616699617356062, 1680109.384366053855047 ] ] ], [ [ [ 1832666.155061166733503, 1556047.569155133562163 ], [ 1832862.405694401822984, 1555465.230161399813369 ], [ 1832512.81965996325016, 1556077.018920020433143 ], [ 1832666.155061166733503, 1556047.569155133562163 ] ] ], [ [ [ 1783725.942294734530151, 1658512.387604931136593 ], [ 1784246.429774781689048, 1658553.392061681486666 ], [ 1784155.119627947919071, 1658218.828097476856783 ], [ 1783725.942294734530151, 1658512.387604931136593 ] ] ], [ [ [ 1771856.076500767609105, 1679757.432205795077607 ], [ 1772092.774707115720958, 1679742.396814673673362 ], [ 1772472.610909916460514, 1679826.179329412989318 ], [ 1771950.990699051413685, 1679461.82707657944411 ], [ 1771856.076500767609105, 1679757.432205795077607 ] ] ], [ [ [ 1773909.446507349843159, 1679793.710393651388586 ], [ 1774329.558561609126627, 1679804.315673781558871 ], [ 1773837.131461845012382, 1679517.609160772524774 ], [ 1773909.446507349843159, 1679793.710393651388586 ] ] ], [ [ [ 1779433.527972117532045, 1663803.319655410246924 ], [ 1779598.725031883455813, 1663686.961846098070964 ], [ 1779199.076259723398834, 1663807.269398170523345 ], [ 1779433.527972117532045, 1663803.319655410246924 ] ] ], [ [ [ 1772823.008642616914585, 1677146.542613482102752 ], [ 1772653.34222550643608, 1676744.72398875746876 ], [ 1772722.753316017799079, 1677274.521009620046243 ], [ 1772823.008642616914585, 1677146.542613482102752 ] ] ], [ [ [ 1779622.095866025891155, 1661330.076756218215451 ], [ 1779903.776403616182506, 1661462.665409587789327 ], [ 1780119.110993076348677, 1661404.079055431997404 ], [ 1779622.095866025891155, 1661330.076756218215451 ] ] ], [ [ [ 1771351.030064665246755, 1685624.630203460343182 ], [ 1771482.475969312246889, 1685609.222186991246417 ], [ 1771757.735202159034088, 1685291.183971684193239 ], [ 1771351.030064665246755, 1685624.630203460343182 ] ] ], [ [ [ 1783448.45084564620629, 1657646.033590147737414 ], [ 1783589.236004442209378, 1657262.194597617490217 ], [ 1783389.73013015370816, 1657616.758925152942538 ], [ 1783448.45084564620629, 1657646.033590147737414 ] ] ], [ [ [ 1778847.648741717683151, 1665282.145434426143765 ], [ 1778962.286388902226463, 1664927.124352025799453 ], [ 1778641.292081909719855, 1664995.977652269415557 ], [ 1778847.648741717683151, 1665282.145434426143765 ] ] ], [ [ [ 1783361.588961007539183, 1659818.382004746701568 ], [ 1783547.152518675429747, 1659769.489643010310829 ], [ 1783503.970137510215864, 1659620.961625979514793 ], [ 1783361.588961007539183, 1659818.382004746701568 ] ] ], [ [ [ 1770505.081387205282226, 1684513.458370536100119 ], [ 1770502.910652007209137, 1684369.315236889524385 ], [ 1770424.811207703547552, 1684625.231851037358865 ], [ 1770505.081387205282226, 1684513.458370536100119 ] ] ], [ [ [ 1779699.655567318666726, 1660633.1089911616873 ], [ 1779915.895899424562231, 1660722.620548534439877 ], [ 1779887.058171771001071, 1660601.154025178169832 ], [ 1779699.655567318666726, 1660633.1089911616873 ] ] ], [ [ [ 1771461.823994195088744, 1679837.628762440523133 ], [ 1771695.218802233459428, 1679821.873629765352234 ], [ 1771628.476206506136805, 1679636.253703217022121 ], [ 1771461.823994195088744, 1679837.628762440523133 ] ] ], [ [ [ 1770445.284502111142501, 1685060.660436526173726 ], [ 1770412.862305465852842, 1685032.042834517778829 ], [ 1770299.346176038030535, 1685246.6694005059544 ], [ 1770445.284502111142501, 1685060.660436526173726 ] ] ], [ [ [ 1782833.454555019270629, 1660798.495909762335941 ], [ 1783091.050541416043416, 1660883.262675375211984 ], [ 1782935.53082940238528, 1660734.686838683206588 ], [ 1782833.454555019270629, 1660798.495909762335941 ] ] ], [ [ [ 1782277.817783230915666, 1658761.268708429066464 ], [ 1782375.384107038378716, 1658686.739610666641966 ], [ 1782244.573189812945202, 1658434.211196473333985 ], [ 1782277.817783230915666, 1658761.268708429066464 ] ] ], [ [ [ 1783274.806619505630806, 1660621.432509881211445 ], [ 1783472.432410827372223, 1660398.345437484560534 ], [ 1783362.864061817061156, 1660348.244978392263874 ], [ 1783274.806619505630806, 1660621.432509881211445 ] ] ], [ [ [ 1778256.040778528898954, 1671447.805134069640189 ], [ 1778485.65711966319941, 1671486.027584916213527 ], [ 1778527.132351174717769, 1671395.61889384011738 ], [ 1778415.198226933833212, 1671321.783211626578122 ], [ 1778256.040778528898954, 1671447.805134069640189 ] ] ], [ [ [ 1781226.557596024358645, 1660366.009089379804209 ], [ 1781183.246488380013034, 1660181.609730918891728 ], [ 1781133.751310834428295, 1660376.723022585269064 ], [ 1781226.557596024358645, 1660366.009089379804209 ] ] ], [ [ [ 1780728.324813795043156, 1661369.256811747793108 ], [ 1780542.317864970769733, 1661467.027783332625404 ], [ 1780727.084275842178613, 1661382.623969804961234 ], [ 1780728.324813795043156, 1661369.256811747793108 ] ] ], [ [ [ 1780770.313418528763577, 1660237.604781271424145 ], [ 1780937.56164350383915, 1660250.71087663481012 ], [ 1780988.514380576554686, 1660104.605196081334725 ], [ 1780846.235293247271329, 1660145.913376467768103 ], [ 1780770.313418528763577, 1660237.604781271424145 ] ] ], [ [ [ 1773791.648118967656046, 1679438.967918756883591 ], [ 1773969.73899034736678, 1679480.814583422616124 ], [ 1773796.23415907798335, 1679284.586510644061491 ], [ 1773791.648118967656046, 1679438.967918756883591 ] ] ], [ [ [ 1777973.68413625867106, 1670027.759576549055055 ], [ 1778170.891368736280128, 1670145.723791774595156 ], [ 1777969.308797486592084, 1669922.208335689734668 ], [ 1777973.68413625867106, 1670027.759576549055055 ] ] ], [ [ [ 1771307.858709015185013, 1687188.071037870831788 ], [ 1771417.158012885134667, 1687205.947777690365911 ], [ 1771358.996250719996169, 1687144.750435935566202 ], [ 1771307.858709015185013, 1687188.071037870831788 ] ] ], [ [ [ 1773278.667054406134412, 1676575.799724703188986 ], [ 1773178.018316, 1676502.615140562178567 ], [ 1773270.345526673831046, 1676585.354316358454525 ], [ 1773278.667054406134412, 1676575.799724703188986 ] ] ], [ [ [ 1779179.791240211343393, 1662218.699351377086714 ], [ 1779367.111502369632944, 1662174.692281812662259 ], [ 1779223.950514780823141, 1661998.717502317158505 ], [ 1779179.791240211343393, 1662218.699351377086714 ] ] ], [ [ [ 1777387.546400854131207, 1673904.737926882924512 ], [ 1777527.40537097165361, 1674031.90248196432367 ], [ 1777608.135972117772326, 1674011.130915145855397 ], [ 1777387.546400854131207, 1673904.737926882924512 ] ] ], [ [ [ 1782521.924341584555805, 1661246.817266229307279 ], [ 1782562.557526277378201, 1661321.002667939290404 ], [ 1782607.552902442403138, 1661363.130168217467144 ], [ 1782641.839376255869865, 1661341.763357484014705 ], [ 1782521.924341584555805, 1661246.817266229307279 ] ] ], [ [ [ 1785534.747516884934157, 1657254.659385990351439 ], [ 1785592.721196630969644, 1657298.798597965622321 ], [ 1785605.663658211473376, 1657186.093458110466599 ], [ 1785534.747516884934157, 1657254.659385990351439 ] ] ], [ [ [ 1783018.112424571998417, 1660644.331817488651723 ], [ 1783165.744325998937711, 1660615.441893253708258 ], [ 1783034.175389752490446, 1660470.197396704694256 ], [ 1783018.112424571998417, 1660644.331817488651723 ] ] ], [ [ [ 1774198.356398905161768, 1678562.135645281989127 ], [ 1774267.820357976015657, 1678623.478014087071642 ], [ 1774366.240464174421504, 1678662.518561890115961 ], [ 1774198.356398905161768, 1678562.135645281989127 ] ] ], [ [ [ 1770935.78580500325188, 1685766.514878144022077 ], [ 1770976.015274694655091, 1685823.395073224790394 ], [ 1771116.008157773176208, 1685740.727820854168385 ], [ 1770935.78580500325188, 1685766.514878144022077 ] ] ], [ [ [ 1786114.292302934452891, 1657451.740541951032355 ], [ 1786079.703842631075531, 1657394.656900122528896 ], [ 1785995.346440774155781, 1657531.358995107468218 ], [ 1786114.292302934452891, 1657451.740541951032355 ] ] ], [ [ [ 1777585.723275752505288, 1673783.443835803540424 ], [ 1777594.54020192916505, 1673683.823388248914853 ], [ 1777490.206624197307974, 1673735.262726265471429 ], [ 1777585.723275752505288, 1673783.443835803540424 ] ] ], [ [ [ 1781155.609581210883334, 1660088.007418056484312 ], [ 1781125.666188792558387, 1659959.880309578962624 ], [ 1780871.070976123446599, 1659869.527407550252974 ], [ 1781155.609581210883334, 1660088.007418056484312 ] ] ], [ [ [ 1786661.479524430586025, 1656866.478868754580617 ], [ 1786758.735837186453864, 1656902.954552397597581 ], [ 1786687.848783319815993, 1656836.767666606465355 ], [ 1786661.479524430586025, 1656866.478868754580617 ] ] ], [ [ [ 1786655.393065464682877, 1657117.365568861365318 ], [ 1786642.535413208417594, 1657046.983294388512149 ], [ 1786585.435898379888386, 1657141.787343931384385 ], [ 1786655.393065464682877, 1657117.365568861365318 ] ] ], [ [ [ 1773194.286532005527988, 1679195.398057009326294 ], [ 1773121.36742511857301, 1679147.185760347405449 ], [ 1773118.380333657143638, 1679189.395067358855158 ], [ 1773194.286532005527988, 1679195.398057009326294 ] ] ], [ [ [ 1782708.128385337302461, 1660076.554689509095624 ], [ 1782650.745225587161258, 1659988.791309821186587 ], [ 1782641.910333853214979, 1660066.518190886359662 ], [ 1782708.128385337302461, 1660076.554689509095624 ] ] ], [ [ [ 1783366.265188534045592, 1659553.91010055760853 ], [ 1783259.826148117426783, 1659446.167985302396119 ], [ 1783220.095404626568779, 1659515.972238620044664 ], [ 1783366.265188534045592, 1659553.91010055760853 ] ] ], [ [ [ 1786150.597143950173631, 1656238.924499530810863 ], [ 1786193.810536476084962, 1656113.047335911076516 ], [ 1786158.532468799967319, 1656116.08672914840281 ], [ 1786150.597143950173631, 1656238.924499530810863 ] ] ], [ [ [ 1780315.195607508532703, 1661658.949621367268264 ], [ 1780383.778749314602464, 1661568.311125081032515 ], [ 1780283.611041776137426, 1661585.810135535895824 ], [ 1780315.195607508532703, 1661658.949621367268264 ] ] ], [ [ [ 1786460.645763239823282, 1657253.482810891233385 ], [ 1786455.04125682846643, 1657086.239402033621445 ], [ 1786436.501862708246335, 1657264.883121058810502 ], [ 1786460.645763239823282, 1657253.482810891233385 ] ] ], [ [ [ 1773301.027365814428777, 1680332.945726425386965 ], [ 1773219.288503676420078, 1680301.739159878576174 ], [ 1773219.433757831342518, 1680346.684614052996039 ], [ 1773301.027365814428777, 1680332.945726425386965 ] ] ], [ [ [ 1786151.889952755300328, 1655462.337704913690686 ], [ 1786084.906083390582353, 1655435.387488731881604 ], [ 1786092.721052938839421, 1655482.334244156023487 ], [ 1786151.889952755300328, 1655462.337704913690686 ] ] ], [ [ [ 1778323.640468041878194, 1670705.33348862384446 ], [ 1778296.24530991492793, 1670663.227178298402578 ], [ 1778263.317025696625933, 1670714.801244996953756 ], [ 1778323.640468041878194, 1670705.33348862384446 ] ] ], [ [ [ 1771890.126754177501425, 1685138.832554084947333 ], [ 1771873.709571402985603, 1685091.076277887215838 ], [ 1771800.776351268403232, 1685201.552602676209062 ], [ 1771890.126754177501425, 1685138.832554084947333 ] ] ], [ [ [ 1778637.353865334065631, 1671391.287067279685289 ], [ 1778611.367543844040483, 1671331.26373895839788 ], [ 1778590.240417384542525, 1671346.192019496578723 ], [ 1778637.353865334065631, 1671391.287067279685289 ] ] ], [ [ [ 1784105.027179063064978, 1658090.463930116733536 ], [ 1784173.804727901471779, 1658119.966374605661258 ], [ 1784124.197884693276137, 1658048.882064776495099 ], [ 1784105.027179063064978, 1658090.463930116733536 ] ] ], [ [ [ 1770635.560892092529684, 1684504.701423486229032 ], [ 1770747.472724398598075, 1684482.677862953161821 ], [ 1770766.102849270682782, 1684435.234802632592618 ], [ 1770635.560892092529684, 1684504.701423486229032 ] ] ], [ [ [ 1770483.272571606561542, 1686021.175996174803004 ], [ 1770441.134969565318897, 1685978.669073542812839 ], [ 1770446.925801590550691, 1686064.928721037460491 ], [ 1770483.272571606561542, 1686021.175996174803004 ] ] ], [ [ [ 1771608.852539249463007, 1680223.577132800826803 ], [ 1771661.590584181481972, 1680213.937172110192478 ], [ 1771638.366443096660078, 1680153.381294545484707 ], [ 1771608.852539249463007, 1680223.577132800826803 ] ] ], [ [ [ 1769914.766173983924091, 1684822.31764322402887 ], [ 1769884.049999472452328, 1684779.403428265592083 ], [ 1769870.533688180847093, 1684795.864615091821179 ], [ 1769914.766173983924091, 1684822.31764322402887 ] ] ], [ [ [ 1782217.33314587501809, 1658395.802033449523151 ], [ 1782219.393381886417046, 1658341.021089948248118 ], [ 1782164.292301395442337, 1658325.824919424019754 ], [ 1782217.33314587501809, 1658395.802033449523151 ] ] ], [ [ [ 1783127.499369823606685, 1660831.197910636896268 ], [ 1783111.904963073087856, 1660783.606899780454114 ], [ 1783119.260259261820465, 1660831.827231023460627 ], [ 1783127.499369823606685, 1660831.197910636896268 ] ] ], [ [ [ 1770812.671703113941476, 1686131.348726394353434 ], [ 1770746.984454641817138, 1686092.030229885829613 ], [ 1770811.984343835851178, 1686144.262911342084408 ], [ 1770812.671703113941476, 1686131.348726394353434 ] ] ], [ [ [ 1780738.480184793006629, 1660288.608471713028848 ], [ 1780708.537772225216031, 1660261.078772415407002 ], [ 1780715.586730523966253, 1660306.13446087250486 ], [ 1780738.480184793006629, 1660288.608471713028848 ] ] ], [ [ [ 1771135.424485583789647, 1685251.641766101820394 ], [ 1771096.718839299399406, 1685234.96191889513284 ], [ 1771090.241449100198224, 1685252.017199485562742 ], [ 1771135.424485583789647, 1685251.641766101820394 ] ] ], [ [ [ 1786371.364805373596027, 1655894.146818336797878 ], [ 1786342.887127896305174, 1655884.674935434944928 ], [ 1786351.311366264941171, 1655916.972863541916013 ], [ 1786371.364805373596027, 1655894.146818336797878 ] ] ], [ [ [ 1783201.629180000629276, 1660701.095460109179839 ], [ 1783172.814794559730217, 1660694.537388720782474 ], [ 1783176.672307277098298, 1660732.378759620245546 ], [ 1783201.629180000629276, 1660701.095460109179839 ] ] ], [ [ [ 1786655.016305074794218, 1656847.895232268376276 ], [ 1786619.495702864602208, 1656841.942105398979038 ], [ 1786622.434407913126051, 1656855.754025237634778 ], [ 1786655.016305074794218, 1656847.895232268376276 ] ] ], [ [ [ 1780864.744337772252038, 1659869.310548654990271 ], [ 1780838.541565061546862, 1659830.326798904454336 ], [ 1780835.100901399971917, 1659829.814972649794072 ], [ 1780864.744337772252038, 1659869.310548654990271 ] ] ] ] } },
{ "type": "Feature", "properties": { "OBJECTID": 292.0, "STATE": "North Carolina", "STATE_FIPS": "37", "CD_2DIG": "07", "STATE_CODE": 31, "CLIMDIV": 3107, "CD_NEW": 7, "FIPS_CD": "3707", "NCDC_GEO_I": 202.0, "NAME": "CENTRAL COASTAL PLAIN", "ST_ABBRV": "NC", "SHAPE_AREA": 0.0, "SHAPE_LEN": 0.0 }, "geometry": { "type": "MultiPolygon", "coordinates": [ [ [ [ 1618231.012067778035998, 1578224.234577989205718 ], [ 1635161.139756854390725, 1560827.004914697492495 ], [ 1655624.393016214948148, 1582652.336225633043796 ], [ 1695008.515994945541024, 1570635.503529134672135 ], [ 1757226.739419005811214, 1587182.208804994588718 ], [ 1756604.803745100274682, 1577708.240256358869374 ], [ 1764200.448560629040003, 1578046.449092390248552 ], [ 1768174.335621151840314, 1590871.625293547753245 ], [ 1790123.432427097344771, 1591691.479882121318951 ], [ 1793975.896504372358322, 1581751.481492277234793 ], [ 1775685.477489971090108, 1549300.741460464661941 ], [ 1756462.597787925973535, 1555516.965125697199255 ], [ 1758567.956833182834089, 1548352.039337320486084 ], [ 1753411.987172921886668, 1547237.58552967524156 ], [ 1751994.964397918898612, 1556511.12264456297271 ], [ 1740676.923676398582757, 1550619.685771958436817 ], [ 1733475.453802540199831, 1561470.518762189429253 ], [ 1742286.078498905757442, 1562796.857207820750773 ], [ 1744336.614228686317801, 1568954.349370242562145 ], [ 1729511.878307206789032, 1561753.760019856272265 ], [ 1737251.819143144413829, 1548415.388384993886575 ], [ 1690905.892252008197829, 1556757.487547248834744 ], [ 1701574.965019833296537, 1546232.829634376103058 ], [ 1749014.787767913891003, 1538569.459262875374407 ], [ 1748184.712290249532089, 1531163.830178239149973 ], [ 1742700.704162685899064, 1533109.135768676176667 ], [ 1742488.116555703803897, 1531872.790184760233387 ], [ 1740110.750545460963622, 1532794.714315596967936 ], [ 1738952.066596142016351, 1531789.623633354436606 ], [ 1746195.762464092578739, 1529417.158400280401111 ], [ 1746143.014683301560581, 1526994.37390623241663 ], [ 1737791.134796664584428, 1529498.970146139152348 ], [ 1725867.048499953001738, 1518199.762495740083978 ], [ 1746014.432179016293958, 1523076.068095515249297 ], [ 1726682.681846289429814, 1497793.026180051499978 ], [ 1707981.462257049744949, 1505583.071313646389171 ], [ 1702599.914058655034751, 1512457.771473492495716 ], [ 1698034.847367816371843, 1514831.521747348364443 ], [ 1696879.285987274022773, 1514736.988640879513696 ], [ 1710596.569780969060957, 1498734.393485111184418 ], [ 1732680.490038708550856, 1487109.100619946839288 ], [ 1735429.116427861852571, 1498550.339943286264315 ], [ 1738572.39486565021798, 1492808.545457863016054 ], [ 1743858.36113777058199, 1493587.421646022237837 ], [ 1737724.933715792372823, 1500479.29469291632995 ], [ 1742970.963004382327199, 1503761.244906099280342 ], [ 1752308.863854266470298, 1493674.033600376686081 ], [ 1745820.875734687317163, 1504543.972171805566177 ], [ 1754594.656227463390678, 1503175.819645303767174 ], [ 1754114.253447327297181, 1516261.226234564790502 ], [ 1759080.701913141645491, 1511592.054976945277303 ], [ 1756486.78471358306706, 1503814.29207227495499 ], [ 1760438.082725887419656, 1497845.130646091420203 ], [ 1762144.959558308357373, 1505087.802416334627196 ], [ 1762451.189277386292815, 1501958.513003082247451 ], [ 1771426.94840638502501, 1500441.600545720662922 ], [ 1757761.442036886233836, 1476071.649451003409922 ], [ 1748176.129300539148971, 1482296.289232177659869 ], [ 1745012.500477001303807, 1472907.930143536999822 ], [ 1737644.995559086790308, 1481121.216569198528305 ], [ 1733472.458393754437566, 1475166.091389609500766 ], [ 1741915.058792431373149, 1472518.052381146466359 ], [ 1722472.558236072538421, 1470643.615009063389152 ], [ 1707236.617131933104247, 1460597.774472671560943 ], [ 1686249.76485929498449, 1485226.042761476943269 ], [ 1648730.527074171463028, 1483132.734711890108883 ], [ 1630552.061606092611328, 1502988.978723621927202 ], [ 1601089.967345819808543, 1498684.866113572148606 ], [ 1586565.439359471434727, 1506954.199327152455226 ], [ 1570475.868498197058216, 1501354.867757543921471 ], [ 1546032.440369703108445, 1525933.30333891697228 ], [ 1579928.429534474154934, 1566250.290491600520909 ], [ 1587068.531441088300198, 1557375.619800828397274 ], [ 1618231.012067778035998, 1578224.234577989205718 ] ] ], [ [ [ 1764678.44886980112642, 1501929.126469484064728 ], [ 1766792.774741986067966, 1513199.545297434087843 ], [ 1768883.932408755645156, 1512790.367869574809447 ], [ 1770482.445570904528722, 1512228.616403051884845 ], [ 1773545.444962720619515, 1506949.697519390378147 ], [ 1772452.7058909854386, 1502658.826992365764454 ], [ 1764678.44886980112642, 1501929.126469484064728 ] ] ], [ [ [ 1735985.75544533575885, 1469450.24002564442344 ], [ 1744029.144934170879424, 1470399.848764928756282 ], [ 1728816.237230521161109, 1467076.386051636887714 ], [ 1715968.371710125124082, 1461828.488333746558055 ], [ 1707525.96483198273927, 1457233.591790880076587 ], [ 1707048.421439489582554, 1457312.256115782540292 ], [ 1709977.133895286591724, 1460530.002617688151076 ], [ 1730702.104679566575214, 1469003.488858874188736 ], [ 1731323.995616480475292, 1468939.503397841239348 ], [ 1731246.955435952404514, 1468433.041926373494789 ], [ 1731269.988705690717325, 1468286.482678132830188 ], [ 1731405.649003013037145, 1468235.92409963416867 ], [ 1731768.089596155565232, 1468262.037248786073178 ], [ 1735985.75544533575885, 1469450.24002564442344 ] ] ], [ [ [ 1813359.827438204549253, 1541871.924722528550774 ], [ 1801015.4913449594751, 1531567.450484901899472 ], [ 1794228.607632536673918, 1523543.97484360053204 ], [ 1795677.166739885462448, 1530077.119918925222009 ], [ 1813359.827438204549253, 1541871.924722528550774 ] ] ], [ [ [ 1771899.672466223826632, 1494522.941547431750223 ], [ 1761547.397495361045003, 1471921.04719902924262 ], [ 1759335.132737913168967, 1464689.888881308259442 ], [ 1759259.508600419620052, 1461334.045390399871394 ], [ 1759007.609641295159236, 1460774.332973225275055 ], [ 1756590.672361530130729, 1464112.593218460679054 ], [ 1756436.296186650404707, 1465713.729231074685231 ], [ 1758574.741225021425635, 1463914.814805918838829 ], [ 1761014.651236906647682, 1473646.632327937986702 ], [ 1761982.300049308221787, 1473401.387136628152803 ], [ 1765238.528006250737235, 1481227.836789071327075 ], [ 1763632.61321738245897, 1482201.602183200418949 ], [ 1771899.672466223826632, 1494522.941547431750223 ] ] ], [ [ [ 1746531.199646027293056, 1469343.93445452908054 ], [ 1754005.940403451910242, 1469316.313647555885836 ], [ 1758741.113493523327634, 1466301.712290103081614 ], [ 1746531.199646027293056, 1469343.93445452908054 ] ] ], [ [ [ 1752336.030606554588303, 1472748.875576823716983 ], [ 1757271.494655677583069, 1473155.207147443667054 ], [ 1757585.160606073914096, 1472169.853294678032398 ], [ 1752336.030606554588303, 1472748.875576823716983 ] ] ], [ [ [ 1772553.053525160066783, 1494843.701865704730153 ], [ 1779880.703451049281284, 1505363.726121893152595 ], [ 1778523.046292285202071, 1503078.259874954354018 ], [ 1772553.053525160066783, 1494843.701865704730153 ] ] ], [ [ [ 1785692.863259610487148, 1514309.505489437142387 ], [ 1780109.908355043968186, 1505655.837725272634998 ], [ 1779713.442497636890039, 1505545.761353191919625 ], [ 1780348.598502712324262, 1507741.170528825605288 ], [ 1781159.230902360752225, 1507548.825297363568097 ], [ 1783105.817904874449596, 1510482.80946769961156 ], [ 1782575.220070388866588, 1511177.163080893456936 ], [ 1783264.191277243429795, 1510817.479744663694873 ], [ 1785692.863259610487148, 1514309.505489437142387 ] ] ], [ [ [ 1743525.898727802326903, 1474122.624332652427256 ], [ 1743929.921562256524339, 1473607.273129407782108 ], [ 1742859.885833885986358, 1473324.747822701931 ], [ 1743357.048643314046785, 1471726.050770919537172 ], [ 1742238.279443654464558, 1472752.857212133938447 ], [ 1743525.898727802326903, 1474122.624332652427256 ] ] ], [ [ [ 1789232.920371572487056, 1522969.913935236632824 ], [ 1790617.775037153158337, 1522562.594602950615808 ], [ 1789108.120124620851129, 1521814.120540596544743 ], [ 1789232.920371572487056, 1522969.913935236632824 ] ] ], [ [ [ 1791865.676779946312308, 1521843.355383241316304 ], [ 1791427.395310553489253, 1523212.047506855567917 ], [ 1792200.367639718577266, 1522823.772996024228632 ], [ 1792168.23641747306101, 1522067.444148213602602 ], [ 1785828.789484513457865, 1514348.760274020722136 ], [ 1791865.676779946312308, 1521843.355383241316304 ] ] ], [ [ [ 1741453.70368582662195, 1471974.230071145808324 ], [ 1742052.483980533201247, 1470878.932019904488698 ], [ 1741286.897184400586411, 1471385.453152943169698 ], [ 1741453.70368582662195, 1471974.230071145808324 ] ] ], [ [ [ 1731360.738835797877982, 1468269.090085031697527 ], [ 1732502.925897624110803, 1469213.736745456466451 ], [ 1732659.654140019090846, 1468611.950990783283487 ], [ 1731360.738835797877982, 1468269.090085031697527 ] ] ], [ [ [ 1788155.561720244353637, 1521207.765058954246342 ], [ 1789219.769320836057886, 1521568.016369241755456 ], [ 1788887.145658886758611, 1521025.57915048673749 ], [ 1788155.561720244353637, 1521207.765058954246342 ] ] ], [ [ [ 1780743.675234702182934, 1508112.992405538214371 ], [ 1781644.5637504120823, 1508528.837218152126297 ], [ 1781440.202323314268142, 1508058.705614334670827 ], [ 1780743.675234702182934, 1508112.992405538214371 ] ] ], [ [ [ 1784647.047876951517537, 1513982.527974330820143 ], [ 1784355.253387148492038, 1514558.282989978790283 ], [ 1784850.620890096062794, 1514663.002840961096808 ], [ 1784647.047876951517537, 1513982.527974330820143 ] ] ], [ [ [ 1788604.943107323022559, 1522629.211352062877268 ], [ 1789260.688709667883813, 1523153.945713846711442 ], [ 1788778.456115532200783, 1522346.503079732647166 ], [ 1788604.943107323022559, 1522629.211352062877268 ] ] ], [ [ [ 1781508.561756198992953, 1509500.58172419690527 ], [ 1781984.115116701694205, 1509090.488936196779832 ], [ 1781890.111844083527103, 1508853.198005061130971 ], [ 1781485.813673468306661, 1509328.118414977798238 ], [ 1781340.076413205824792, 1509286.762593059334904 ], [ 1781508.561756198992953, 1509500.58172419690527 ] ] ], [ [ [ 1814106.88125173933804, 1542518.250015692552552 ], [ 1814336.156224564881995, 1542554.567374037113041 ], [ 1814587.647764462744817, 1542058.253663434879854 ], [ 1813941.055360038997605, 1542235.989121581893414 ], [ 1814106.88125173933804, 1542518.250015692552552 ] ] ], [ [ [ 1782860.919461882207543, 1511834.771879207110032 ], [ 1783502.191919743083417, 1511870.899183952249587 ], [ 1782806.967971202451736, 1511773.595164798898622 ], [ 1782860.919461882207543, 1511834.771879207110032 ] ] ], [ [ [ 1743977.036209992598742, 1473079.304024923359975 ], [ 1743720.713199221761897, 1472952.551580620696768 ], [ 1743808.51587355742231, 1473401.216034489683807 ], [ 1743977.036209992598742, 1473079.304024923359975 ] ] ], [ [ [ 1783663.740183058427647, 1512944.860964923165739 ], [ 1784117.802303667878732, 1513038.361589365405962 ], [ 1784045.701041972963139, 1512721.93861986277625 ], [ 1783663.740183058427647, 1512944.860964923165739 ] ] ], [ [ [ 1784156.813751367386431, 1513730.346967020770535 ], [ 1784555.318608921021223, 1513830.400961061241105 ], [ 1784310.738578242948279, 1513514.108030309900641 ], [ 1784156.813751367386431, 1513730.346967020770535 ] ] ], [ [ [ 1784216.997251153923571, 1513226.945388914085925 ], [ 1784164.881137361284345, 1513546.088076288346201 ], [ 1784346.885332178324461, 1513403.854235094040632 ], [ 1784216.997251153923571, 1513226.945388914085925 ] ] ], [ [ [ 1781507.903091525193304, 1509199.221475850325078 ], [ 1781480.558405056595802, 1508866.028402802767232 ], [ 1781397.519404554273933, 1509209.945237252162769 ], [ 1781507.903091525193304, 1509199.221475850325078 ] ] ], [ [ [ 1783836.602826012764126, 1512821.723511341726407 ], [ 1783758.742783717578277, 1512629.777822688454762 ], [ 1783649.383643611334264, 1512842.31649415451102 ], [ 1783836.602826012764126, 1512821.723511341726407 ] ] ], [ [ [ 1782193.096094493521377, 1509757.985963857267052 ], [ 1782393.715391047066078, 1509661.621080520795658 ], [ 1782232.133207011967897, 1509415.275760491611436 ], [ 1782193.096094493521377, 1509757.985963857267052 ] ] ], [ [ [ 1784137.466376270866022, 1513227.58325318666175 ], [ 1783877.447190656792372, 1513212.721714742248878 ], [ 1783834.138986855978146, 1513368.579024509061128 ], [ 1784137.466376270866022, 1513227.58325318666175 ] ] ], [ [ [ 1763843.386302520520985, 1478910.934390875743702 ], [ 1763761.89984114211984, 1478770.97663462953642 ], [ 1763706.719729685690254, 1478837.959045576862991 ], [ 1763843.386302520520985, 1478910.934390875743702 ] ] ], [ [ [ 1752384.166898920200765, 1475074.83597494312562 ], [ 1752254.804069133475423, 1474986.794362324988469 ], [ 1752290.225355145754293, 1475127.442928511882201 ], [ 1752384.166898920200765, 1475074.83597494312562 ] ] ], [ [ [ 1762262.346617346862331, 1474624.2171150802169 ], [ 1762133.842026176163927, 1474623.481783703435212 ], [ 1762296.284823487745598, 1474683.619961370946839 ], [ 1762262.346617346862331, 1474624.2171150802169 ] ] ] ] } },
{ "type": "Feature", "properties": { "OBJECTID": 293.0, "STATE": "North Carolina", "STATE_FIPS": "37", "CD_2DIG": "06", "STATE_CODE": 31, "CLIMDIV": 3106, "CD_NEW": 6, "FIPS_CD": "3706", "NCDC_GEO_I": 203.0, "NAME": "SOUTHERN COASTAL PLAIN", "ST_ABBRV": "NC", "SHAPE_AREA": 0.0, "SHAPE_LEN": 0.0 }, "geometry": { "type": "MultiPolygon", "coordinates": [ [ [ [ 1547086.18152258801274, 1525874.334125442896038 ], [ 1570475.868498197058216, 1501354.867757543921471 ], [ 1586565.439359471434727, 1506954.199327152455226 ], [ 1601089.967345819808543, 1498684.866113572148606 ], [ 1631307.42218694742769, 1502805.207468581851572 ], [ 1648730.527074171463028, 1483132.734711890108883 ], [ 1686249.76485929498449, 1485226.042761476943269 ], [ 1702348.240186022594571, 1468952.82406292995438 ], [ 1704914.051306481007487, 1461778.279151605907828 ], [ 1696662.894288184586912, 1456066.144634221680462 ], [ 1690139.604190788464621, 1442729.35498623130843 ], [ 1681611.156665624119341, 1445360.62839235807769 ], [ 1688529.513418324757367, 1452256.149595281807706 ], [ 1682850.838762347586453, 1462709.006007661111653 ], [ 1674729.676122986478731, 1462654.742922673001885 ], [ 1683394.637670021736994, 1451961.604629508219659 ], [ 1679534.363905123434961, 1442970.561533369822428 ], [ 1688353.22396922390908, 1440077.041467166040093 ], [ 1675875.147985290037468, 1429127.036708879983053 ], [ 1664978.66601759660989, 1415238.739672820549458 ], [ 1664310.742294117808342, 1415050.841777779627591 ], [ 1668727.094030284089968, 1423457.830331326695159 ], [ 1671975.819993308279663, 1425249.885941193671897 ], [ 1674679.559210000792518, 1430431.018278469331563 ], [ 1684707.090117418440059, 1437884.133058401755989 ], [ 1672258.334145391592756, 1429340.560819917591289 ], [ 1671839.774948738981038, 1426029.725754474522546 ], [ 1669370.647922705626115, 1426218.87119880435057 ], [ 1669878.200597238028422, 1424890.940641683060676 ], [ 1661838.306137674488127, 1416331.562281358754262 ], [ 1657956.344975072424859, 1409681.273310400778428 ], [ 1653759.729321237420663, 1401785.8307535124477 ], [ 1649819.286272624041885, 1389738.520837067626417 ], [ 1649100.380133786005899, 1383725.194123928202316 ], [ 1649517.876290440326557, 1376673.338947910116985 ], [ 1649523.237404584418982, 1381131.842236002441496 ], [ 1650416.680938406148925, 1380933.550162425031886 ], [ 1647826.765484829200432, 1364014.522623413940892 ], [ 1648201.334550000960007, 1367572.330038487911224 ], [ 1646492.46501584444195, 1367304.973851872608066 ], [ 1647972.55934169748798, 1373437.252622454660013 ], [ 1646671.386736694490537, 1374796.481369595043361 ], [ 1640719.223821409745142, 1361336.234119118191302 ], [ 1621608.70093981991522, 1361789.661152527900413 ], [ 1621412.864542340394109, 1358328.79971867846325 ], [ 1609127.513793944148347, 1355711.642335056792945 ], [ 1607599.2801981754601, 1353809.484769145725295 ], [ 1604842.358579766470939, 1353343.23179698176682 ], [ 1605021.033004448749125, 1352757.317547805141658 ], [ 1597287.278525532456115, 1349538.370115703437477 ], [ 1593786.154216782189906, 1347682.454255132237449 ], [ 1592932.335555010475218, 1346698.833281525643542 ], [ 1473049.291183621156961, 1431708.815644012996927 ], [ 1479419.238712108926848, 1433976.906362588750198 ], [ 1479734.56449332437478, 1454221.194008719176054 ], [ 1501651.297883058199659, 1481068.542121426668018 ], [ 1518446.384399027563632, 1481679.959518857300282 ], [ 1505426.244394511217251, 1490049.222037060419098 ], [ 1526500.680261307163164, 1529690.42961537791416 ], [ 1547086.18152258801274, 1525874.334125442896038 ] ] ], [ [ [ 1621243.065707166679204, 1357525.146643170621246 ], [ 1637311.147942922543734, 1361003.856507937191054 ], [ 1641694.909554118290544, 1358694.986934937536716 ], [ 1621243.065707166679204, 1357525.146643170621246 ] ] ], [ [ [ 1647174.84522020467557, 1362676.642638029297814 ], [ 1647637.664297527633607, 1353933.285941522801295 ], [ 1642717.512447072891518, 1355347.224364756606519 ], [ 1643295.430574308848009, 1358394.61503803380765 ], [ 1646137.886816786602139, 1358062.722493673441932 ], [ 1646610.799042855156586, 1358859.485776932910085 ], [ 1646244.286857452942058, 1359163.995356521569192 ], [ 1646772.194721287116408, 1359661.401301679899916 ], [ 1646631.82496699411422, 1361658.045775717822835 ], [ 1647174.84522020467557, 1362676.642638029297814 ] ] ], [ [ [ 1660161.859065509634092, 1408385.276194326113909 ], [ 1663175.165727707790211, 1413791.937979727983475 ], [ 1663230.49033320765011, 1414047.781206860672683 ], [ 1663065.083865592489019, 1414513.636658093892038 ], [ 1662912.511019703466445, 1414637.62645395193249 ], [ 1663950.172553285490721, 1414937.872259084833786 ], [ 1660161.859065509634092, 1408385.276194326113909 ] ] ], [ [ [ 1650801.746762140654027, 1390682.42198994406499 ], [ 1650530.237305434187874, 1382160.180630899732932 ], [ 1649683.350636839168146, 1381606.913356659468263 ], [ 1650801.746762140654027, 1390682.42198994406499 ] ] ], [ [ [ 1608812.081673810724169, 1354621.900656744837761 ], [ 1621553.207218511961401, 1356758.266103787580505 ], [ 1608362.787467885762453, 1353767.109188731294125 ], [ 1608812.081673810724169, 1354621.900656744837761 ] ] ], [ [ [ 1657442.54614192340523, 1407449.060600695665926 ], [ 1658147.327485407236964, 1405132.565550623461604 ], [ 1656032.881777651142329, 1400995.040784767596051 ], [ 1657379.745226742932573, 1403887.220051300479099 ], [ 1657442.54614192340523, 1407449.060600695665926 ] ] ], [ [ [ 1695780.565410805866122, 1449537.424793649697676 ], [ 1695861.242710136575624, 1448853.737340749707073 ], [ 1696103.674193332903087, 1448938.947590179741383 ], [ 1696576.656454051379114, 1449642.26858021132648 ], [ 1696616.541965166339651, 1449148.867818609578535 ], [ 1691219.54945396608673, 1442840.173599679255858 ], [ 1689504.72300289128907, 1441107.042331723729149 ], [ 1688627.586763516999781, 1440739.115396652370691 ], [ 1695780.565410805866122, 1449537.424793649697676 ] ] ], [ [ [ 1653332.307991087902337, 1398568.392442726530135 ], [ 1655979.367901460966095, 1400423.225829974282533 ], [ 1653599.784595046425238, 1394540.398163524223492 ], [ 1655035.006720862584189, 1398437.052178633399308 ], [ 1653332.307991087902337, 1398568.392442726530135 ] ] ], [ [ [ 1600123.400970504386351, 1349073.418565417872742 ], [ 1607901.644519160501659, 1353722.241141882259399 ], [ 1607922.247063594404608, 1353486.328366140136495 ], [ 1607593.585991727886721, 1352847.277343105059117 ], [ 1600123.400970504386351, 1349073.418565417872742 ] ] ], [ [ [ 1696757.465507251443341, 1449803.908098997548223 ], [ 1699237.672056423733011, 1452079.869350761175156 ], [ 1701014.16381737892516, 1453342.572462936164811 ], [ 1696757.465507251443341, 1449803.908098997548223 ] ] ], [ [ [ 1595883.174278582213446, 1346150.525480203330517 ], [ 1598385.836507875239477, 1348237.727778 ], [ 1599745.923395795281976, 1348821.162992719328031 ], [ 1595883.174278582213446, 1346150.525480203330517 ] ] ], [ [ [ 1703481.438069343799725, 1456254.320116776740178 ], [ 1706082.712022828636691, 1456735.866208983585238 ], [ 1701305.870923683512956, 1453706.720569300232455 ], [ 1703481.438069343799725, 1456254.320116776740178 ] ] ], [ [ [ 1658618.227688744664192, 1410310.704600292723626 ], [ 1659833.587170998565853, 1408660.176604643696919 ], [ 1658460.363385111559182, 1407883.767731495201588 ], [ 1658618.227688744664192, 1410310.704600292723626 ] ] ], [ [ [ 1656151.016960054636002, 1404321.71889874804765 ], [ 1657176.255167639115825, 1403801.878957329317927 ], [ 1655066.511766823939979, 1401940.070129601750523 ], [ 1656151.016960054636002, 1404321.71889874804765 ] ] ], [ [ [ 1645246.706035587238148, 1360334.187002506339923 ], [ 1645980.183974103769287, 1358188.545306064421311 ], [ 1643828.887462308164686, 1359326.937075858470052 ], [ 1645246.706035587238148, 1360334.187002506339923 ] ] ], [ [ [ 1594317.354309159098193, 1347541.892653289949521 ], [ 1596463.414716426283121, 1347500.120612913975492 ], [ 1594812.444390174467117, 1346227.332692681578919 ], [ 1594317.354309159098193, 1347541.892653289949521 ] ] ], [ [ [ 1599317.466902220156044, 1350193.827069144695997 ], [ 1599232.06654307525605, 1348958.15666746487841 ], [ 1597743.519568868679926, 1349373.15273420419544 ], [ 1599317.466902220156044, 1350193.827069144695997 ] ] ], [ [ [ 1652838.709189140237868, 1397670.884981668321416 ], [ 1654500.272975248051807, 1398292.557866657618433 ], [ 1654093.885407525347546, 1396937.843165260506794 ], [ 1652838.709189140237868, 1397670.884981668321416 ] ] ], [ [ [ 1593870.806880663149059, 1346023.888248377013952 ], [ 1594084.940989133669063, 1346740.211537797935307 ], [ 1594590.267806452699006, 1346378.688796358183026 ], [ 1593870.806880663149059, 1346023.888248377013952 ] ] ], [ [ [ 1698093.262585561722517, 1453007.252770530525595 ], [ 1698582.475858588470146, 1452912.16670960909687 ], [ 1699711.758088667178527, 1452624.223340251017362 ], [ 1698891.461226931540295, 1452268.945299926679581 ], [ 1698093.262585561722517, 1453007.252770530525595 ] ] ], [ [ [ 1594606.237608374096453, 1345487.573383911512792 ], [ 1595989.03448912105523, 1346730.86303849495016 ], [ 1595817.834061785135418, 1346280.328754370333627 ], [ 1595842.996279939543456, 1346184.197147386148572 ], [ 1595946.927039015572518, 1346053.386746668955311 ], [ 1594606.237608374096453, 1345487.573383911512792 ] ] ], [ [ [ 1600646.778312874026597, 1350368.664314645342529 ], [ 1600685.694550799671561, 1349888.735634584678337 ], [ 1600230.212848305702209, 1350254.234043490607291 ], [ 1600392.244778744643554, 1349743.167310746852309 ], [ 1600150.134469306329265, 1349333.814859820296988 ], [ 1599827.164497233694419, 1349207.658552513690665 ], [ 1599367.296680711675435, 1350216.643313859123737 ], [ 1600646.778312874026597, 1350368.664314645342529 ] ] ], [ [ [ 1651713.971169834490865, 1394116.815329356351867 ], [ 1651637.853660824708641, 1393739.789865320548415 ], [ 1651422.05401181965135, 1393932.920449408469722 ], [ 1651713.971169834490865, 1394116.815329356351867 ] ] ], [ [ [ 1648128.45604925439693, 1367404.436931354925036 ], [ 1648006.668224420631304, 1367305.200012954650447 ], [ 1647861.522051233798265, 1367216.150273219216615 ], [ 1648128.45604925439693, 1367404.436931354925036 ] ] ] ] } },
{ "type": "Feature", "properties": { "OBJECTID": 295.0, "STATE": "South Carolina", "STATE_FIPS": "45", "CD_2DIG": "05", "STATE_CODE": 38, "CLIMDIV": 3805, "CD_NEW": 5, "FIPS_CD": "4505", "NCDC_GEO_I": 205.0, "NAME": "WEST CENTRAL", "ST_ABBRV": "SC", "SHAPE_AREA": 0.0, "SHAPE_LEN": 0.0 }, "geometry": { "type": "Polygon", "coordinates": [ [ [ 1302855.585135441971943, 1372538.227927780942991 ], [ 1313193.206311604706571, 1364808.372884050011635 ], [ 1322836.109087572433054, 1371980.659441440133378 ], [ 1336845.816269537666813, 1345159.75529535766691 ], [ 1320230.374887041980401, 1301141.011009551817551 ], [ 1358836.777276528533548, 1282472.660983019974083 ], [ 1314481.951245876727626, 1224098.866727550514042 ], [ 1295294.917152204085141, 1237764.613095933105797 ], [ 1294609.746820027474314, 1251012.785065565956756 ], [ 1229409.694568845909089, 1295969.485261036083102 ], [ 1208585.006140375277027, 1322774.706667740130797 ], [ 1242833.12912217178382, 1358737.269837559433654 ], [ 1280716.340303673176095, 1332561.901216514641419 ], [ 1302855.585135441971943, 1372538.227927780942991 ] ] ] } },
{ "type": "Feature", "properties": { "OBJECTID": 296.0, "STATE": "South Carolina", "STATE_FIPS": "45", "CD_2DIG": "01", "STATE_CODE": 38, "CLIMDIV": 3801, "CD_NEW": 1, "FIPS_CD": "4501", "NCDC_GEO_I": 206.0, "NAME": "MOUNTAIN", "ST_ABBRV": "SC", "SHAPE_AREA": 0.0, "SHAPE_LEN": 0.0 }, "geometry": { "type": "Polygon", "coordinates": [ [ [ 1240238.25978176551871, 1438839.384249964496121 ], [ 1234671.625133223831654, 1408633.437633715337142 ], [ 1223396.198135135462508, 1404294.348946750629693 ], [ 1199784.947605712804943, 1411446.925805422011763 ], [ 1181678.829482843866572, 1400331.766391635406762 ], [ 1153693.379791085375473, 1364299.008043417939916 ], [ 1145823.845227959332988, 1369346.088906329590827 ], [ 1163311.668607647763565, 1405911.18172843917273 ], [ 1224029.891776741715148, 1438683.431807355955243 ], [ 1240238.25978176551871, 1438839.384249964496121 ] ] ] } },
{ "type": "Feature", "properties": { "OBJECTID": 297.0, "STATE": "South Carolina", "STATE_FIPS": "45", "CD_2DIG": "02", "STATE_CODE": 38, "CLIMDIV": 3802, "CD_NEW": 2, "FIPS_CD": "4502", "NCDC_GEO_I": 207.0, "NAME": "NORTHWEST", "ST_ABBRV": "SC", "SHAPE_AREA": 0.0, "SHAPE_LEN": 0.0 }, "geometry": { "type": "Polygon", "coordinates": [ [ [ 1153693.379791085375473, 1364299.008043417939916 ], [ 1181678.829482843866572, 1400331.766391635406762 ], [ 1199784.947605712804943, 1411446.925805422011763 ], [ 1223396.198135135462508, 1404294.348946750629693 ], [ 1234671.625133223831654, 1408633.437633715337142 ], [ 1240238.25978176551871, 1438839.384249964496121 ], [ 1316507.796522189397365, 1446810.799152860650793 ], [ 1307951.70383336651139, 1430154.154676725389436 ], [ 1322920.146451145177707, 1371902.223384547745809 ], [ 1313193.206311604706571, 1364808.372884050011635 ], [ 1302427.960649479180574, 1373124.569929193938151 ], [ 1280716.340303673176095, 1332561.901216514641419 ], [ 1242833.12912217178382, 1358737.269837559433654 ], [ 1208585.006140375277027, 1322774.706667740130797 ], [ 1192176.155818592291325, 1350555.860268791206181 ], [ 1177801.521781634306535, 1349495.070443361066282 ], [ 1153693.379791085375473, 1364299.008043417939916 ] ] ] } },
{ "type": "Feature", "properties": { "OBJECTID": 298.0, "STATE": "South Carolina", "STATE_FIPS": "45", "CD_2DIG": "03", "STATE_CODE": 38, "CLIMDIV": 3803, "CD_NEW": 3, "FIPS_CD": "4503", "NCDC_GEO_I": 208.0, "NAME": "NORTH CENTRAL", "ST_ABBRV": "SC", "SHAPE_AREA": 0.0, "SHAPE_LEN": 0.0 }, "geometry": { "type": "Polygon", "coordinates": [ [ [ 1316507.796522189397365, 1446810.799152860650793 ], [ 1346540.8964592886623, 1449748.265334335155785 ], [ 1347633.804198830621317, 1438082.847553026629612 ], [ 1356044.065646594157442, 1446528.198949911864474 ], [ 1372752.56747099943459, 1429763.091473247623071 ], [ 1373433.179317716509104, 1416728.312050647335127 ], [ 1394599.168732330901548, 1419909.024730540579185 ], [ 1420954.907044983003289, 1389357.013763556489721 ], [ 1427556.062180509325117, 1374049.93790946318768 ], [ 1405909.627742927288637, 1340472.103151431772858 ], [ 1391852.919729043031111, 1336167.856142947683111 ], [ 1378276.342595368158072, 1345332.208834175253287 ], [ 1380689.696330181555822, 1355490.872108024079353 ], [ 1350476.668154518818483, 1340047.654006470460445 ], [ 1334115.835301593411714, 1347900.341551535297185 ], [ 1313003.94961066218093, 1397380.112572966143489 ], [ 1307951.70383336651139, 1430154.154676725389436 ], [ 1316507.796522189397365, 1446810.799152860650793 ] ] ] } },
{ "type": "Feature", "properties": { "OBJECTID": 300.0, "STATE": "South Carolina", "STATE_FIPS": "45", "CD_2DIG": "04", "STATE_CODE": 38, "CLIMDIV": 3804, "CD_NEW": 4, "FIPS_CD": "4504", "NCDC_GEO_I": 210.0, "NAME": "NORTHEAST", "ST_ABBRV": "SC", "SHAPE_AREA": 0.0, "SHAPE_LEN": 0.0 }, "geometry": { "type": "Polygon", "coordinates": [ [ [ 1394599.168732330901548, 1419909.024730540579185 ], [ 1474143.123379469150677, 1431882.275636858073995 ], [ 1593870.806880663149059, 1346023.888248377013952 ], [ 1562558.336710998322815, 1314295.839312197873369 ], [ 1549711.344150874065235, 1285066.905629361281171 ], [ 1550446.456521074520424, 1263954.644021131331101 ], [ 1538276.74995320639573, 1279187.539439731044695 ], [ 1550012.801690421300009, 1262086.1377809708938 ], [ 1545431.183290620800108, 1253801.651571858208627 ], [ 1494953.506696994649246, 1268174.896267836214975 ], [ 1472768.388496329309419, 1283513.043339667608961 ], [ 1460345.837550828466192, 1281206.441866155713797 ], [ 1473607.094441498629749, 1327465.364630762021989 ], [ 1463569.213352119084448, 1332653.755970089696348 ], [ 1470056.343255524756387, 1338596.853031177772209 ], [ 1444190.97702698642388, 1351793.227580330567434 ], [ 1437373.125711057335138, 1375845.488066266058013 ], [ 1427915.945680747274309, 1373220.282706244615838 ], [ 1394599.168732330901548, 1419909.024730540579185 ] ] ] } },
{ "type": "Feature", "properties": { "OBJECTID": 302.0, "STATE": "Pennsylvania", "STATE_FIPS": "42", "CD_2DIG": "06", "STATE_CODE": 36, "CLIMDIV": 3606, "CD_NEW": 6, "FIPS_CD": "4206", "NCDC_GEO_I": 212.0, "NAME": "UPPER SUSQUEHANNA", "ST_ABBRV": "PA", "SHAPE_AREA": 0.0, "SHAPE_LEN": 0.0 }, "geometry": { "type": "Polygon", "coordinates": [ [ [ 1503480.466097208438441, 2256768.955229950603098 ], [ 1674759.447730644373223, 2292314.729134982917458 ], [ 1685024.049334403127432, 2253611.32497285772115 ], [ 1664103.202958780573681, 2249118.353634272702038 ], [ 1659916.938419478712603, 2223358.944755094591528 ], [ 1624796.707228947198018, 2210393.069889588747174 ], [ 1613731.666222104104236, 2196448.492738167755306 ], [ 1586091.096760541666299, 2205710.670936892740428 ], [ 1576870.901798887178302, 2224777.214132986497134 ], [ 1514152.522081706672907, 2206731.382513559423387 ], [ 1503480.466097208438441, 2256768.955229950603098 ] ] ] } },
{ "type": "Feature", "properties": { "OBJECTID": 303.0, "STATE": "Pennsylvania", "STATE_FIPS": "42", "CD_2DIG": "01", "STATE_CODE": 36, "CLIMDIV": 3601, "CD_NEW": 1, "FIPS_CD": "4201", "NCDC_GEO_I": 213.0, "NAME": "POCONO MOUNTAINS", "ST_ABBRV": "PA", "SHAPE_AREA": 0.0, "SHAPE_LEN": 0.0 }, "geometry": { "type": "Polygon", "coordinates": [ [ [ 1684559.733070250134915, 2294493.153356022201478 ], [ 1695946.741697725374252, 2281470.092119449749589 ], [ 1712324.266997386934236, 2279379.979751150589436 ], [ 1727630.941921862307936, 2244661.553927032742649 ], [ 1754344.906514125410467, 2236995.308999538887292 ], [ 1728606.320916956756264, 2184961.192539422307163 ], [ 1710837.84297228930518, 2166215.336806322913617 ], [ 1703914.837220600107685, 2162975.054776804056019 ], [ 1692534.236464312300086, 2176183.193906828761101 ], [ 1698113.610967284999788, 2181308.456408500671387 ], [ 1680573.070432006847113, 2194465.828713183291256 ], [ 1673374.407718445407227, 2188158.533340257592499 ], [ 1678255.483512414852157, 2179557.005155484192073 ], [ 1656556.961029421305284, 2162726.188622859772295 ], [ 1640787.48585508717224, 2164843.297723599243909 ], [ 1625837.647088887169957, 2190876.111215610522777 ], [ 1624796.707228947198018, 2210393.069889588747174 ], [ 1659916.938419478712603, 2223358.944755094591528 ], [ 1664103.202958780573681, 2249118.353634272702038 ], [ 1685024.049334403127432, 2253611.32497285772115 ], [ 1674759.447730644373223, 2292314.729134982917458 ], [ 1684559.733070250134915, 2294493.153356022201478 ] ] ] } },
{ "type": "Feature", "properties": { "OBJECTID": 304.0, "STATE": "Pennsylvania", "STATE_FIPS": "42", "CD_2DIG": "07", "STATE_CODE": 36, "CLIMDIV": 3607, "CD_NEW": 7, "FIPS_CD": "4207", "NCDC_GEO_I": 214.0, "NAME": "CENTRAL MOUNTAINS", "ST_ABBRV": "PA", "SHAPE_AREA": 0.0, "SHAPE_LEN": 0.0 }, "geometry": { "type": "Polygon", "coordinates": [ [ [ 1402143.8971228946466, 2194901.281665195245296 ], [ 1463469.455815523397177, 2205620.887106272391975 ], [ 1478845.946022824849933, 2192267.410573575645685 ], [ 1515637.329232631484047, 2199769.196677894797176 ], [ 1562140.146079891826957, 2159326.051196625921875 ], [ 1548488.794585599331185, 2134206.725108601618558 ], [ 1522868.345935125369579, 2114021.480147992260754 ], [ 1432818.902949871728197, 2098148.693525941111147 ], [ 1424377.30071384110488, 2142884.29077831748873 ], [ 1430113.197725270409137, 2155319.975822472013533 ], [ 1405854.693918030010536, 2167429.598381474148482 ], [ 1396431.247309711994603, 2161672.86470691440627 ], [ 1394924.71525821625255, 2170786.607759933453053 ], [ 1405650.482447079382837, 2174300.998214224819094 ], [ 1402143.8971228946466, 2194901.281665195245296 ] ] ] } },
{ "type": "Feature", "properties": { "OBJECTID": 305.0, "STATE": "Pennsylvania", "STATE_FIPS": "42", "CD_2DIG": "05", "STATE_CODE": 36, "CLIMDIV": 3605, "CD_NEW": 5, "FIPS_CD": "4205", "NCDC_GEO_I": 215.0, "NAME": "MIDDLE SUSQUEHANNA", "ST_ABBRV": "PA", "SHAPE_AREA": 0.0, "SHAPE_LEN": 0.0 }, "geometry": { "type": "Polygon", "coordinates": [ [ [ 1623007.120941118337214, 2115970.009034170303494 ], [ 1595298.898849866585806, 2083499.371288420632482 ], [ 1556609.733127233805135, 2068280.431258437922224 ], [ 1559949.584000223549083, 2075551.115626425482333 ], [ 1542899.077098592882976, 2057534.896723808953539 ], [ 1526639.095918450970203, 2076447.334257021080703 ], [ 1512896.987525949021801, 2075980.458894040202722 ], [ 1524929.958204253576696, 2116156.731884441804141 ], [ 1548488.794585599331185, 2134206.725108601618558 ], [ 1562140.146079891826957, 2159326.051196625921875 ], [ 1522928.986351887462661, 2188338.501366543583572 ], [ 1514152.522081706672907, 2206731.382513559423387 ], [ 1576870.901798887178302, 2224777.214132986497134 ], [ 1586091.096760541666299, 2205710.670936892740428 ], [ 1601300.357643382623792, 2197138.353954514954239 ], [ 1624108.26752346358262, 2202399.967939734924585 ], [ 1640787.48585508717224, 2164843.297723599243909 ], [ 1636078.677368712844327, 2146920.815627022180706 ], [ 1606992.194917688844725, 2124996.265412681736052 ], [ 1623007.120941118337214, 2115970.009034170303494 ] ] ] } },
{ "type": "Feature", "properties": { "OBJECTID": 306.0, "STATE": "Pennsylvania", "STATE_FIPS": "42", "CD_2DIG": "09", "STATE_CODE": 36, "CLIMDIV": 3609, "CD_NEW": 9, "FIPS_CD": "4209", "NCDC_GEO_I": 216.0, "NAME": "SOUTHWEST PLATEAU", "ST_ABBRV": "PA", "SHAPE_AREA": 0.0, "SHAPE_LEN": 0.0 }, "geometry": { "type": "Polygon", "coordinates": [ [ [ 1350576.506872494472191, 2134493.426543273963034 ], [ 1360710.092948126140982, 2113666.592634244821966 ], [ 1380640.709812361747026, 2116526.787617059890181 ], [ 1392333.931158838327974, 2127947.537064894102514 ], [ 1395047.561219275929034, 2112567.157584465574473 ], [ 1428882.66404223558493, 2118082.107228116132319 ], [ 1433222.318608346162364, 2097384.066540267784148 ], [ 1420595.665838210610673, 2045876.432270942023024 ], [ 1454421.029455625684932, 2047266.120875119930133 ], [ 1452464.020973185775802, 1987664.748671094654128 ], [ 1309290.778215405764058, 1962636.323427206138149 ], [ 1283818.098779319319874, 2117792.795469926670194 ], [ 1319534.056620585732162, 2117472.682008569128811 ], [ 1325598.50516275735572, 2130089.612436581403017 ], [ 1350576.506872494472191, 2134493.426543273963034 ] ] ] } },
{ "type": "Feature", "properties": { "OBJECTID": 307.0, "STATE": "Pennsylvania", "STATE_FIPS": "42", "CD_2DIG": "08", "STATE_CODE": 36, "CLIMDIV": 3608, "CD_NEW": 8, "FIPS_CD": "4208", "NCDC_GEO_I": 217.0, "NAME": "SOUTH CENTRAL MOUNTAINS", "ST_ABBRV": "PA", "SHAPE_AREA": 0.0, "SHAPE_LEN": 0.0 }, "geometry": { "type": "Polygon", "coordinates": [ [ [ 1432376.030600881902501, 2097622.382659016177058 ], [ 1525840.559661112725735, 2110968.093848597258329 ], [ 1512896.987525949021801, 2075980.458894040202722 ], [ 1526639.095918450970203, 2076447.334257021080703 ], [ 1533142.985421627992764, 2064568.424010744318366 ], [ 1513667.093037110520527, 2002009.533850403502584 ], [ 1452464.020973185775802, 1987664.748671094654128 ], [ 1454421.029455625684932, 2047266.120875119930133 ], [ 1420595.665838210610673, 2045876.432270942023024 ], [ 1432376.030600881902501, 2097622.382659016177058 ] ] ] } },
{ "type": "Feature", "properties": { "OBJECTID": 308.0, "STATE": "Pennsylvania", "STATE_FIPS": "42", "CD_2DIG": "04", "STATE_CODE": 36, "CLIMDIV": 3604, "CD_NEW": 4, "FIPS_CD": "4204", "NCDC_GEO_I": 218.0, "NAME": "LOWER SUSQUEHANNA", "ST_ABBRV": "PA", "SHAPE_AREA": 0.0, "SHAPE_LEN": 0.0 }, "geometry": { "type": "Polygon", "coordinates": [ [ [ 1596962.958560842555016, 2082660.495044531300664 ], [ 1623516.4854377922602, 2059820.546228105667979 ], [ 1634587.995138715719804, 2060672.136384832207114 ], [ 1666566.518528710119426, 2029649.497830842621624 ], [ 1511706.076096234377474, 1998646.476922810077667 ], [ 1535157.545359019422904, 2067952.38608390558511 ], [ 1542899.077098592882976, 2057534.896723808953539 ], [ 1559949.584000223549083, 2075551.115626425482333 ], [ 1556609.733127233805135, 2068280.431258437922224 ], [ 1596962.958560842555016, 2082660.495044531300664 ] ] ] } },
{ "type": "Feature", "properties": { "OBJECTID": 309.0, "STATE": "Pennsylvania", "STATE_FIPS": "42", "CD_2DIG": "03", "STATE_CODE": 36, "CLIMDIV": 3603, "CD_NEW": 3, "FIPS_CD": "4203", "NCDC_GEO_I": 219.0, "NAME": "SOUTHEASTERN PIEDMONT", "ST_ABBRV": "PA", "SHAPE_AREA": 0.0, "SHAPE_LEN": 0.0 }, "geometry": { "type": "Polygon", "coordinates": [ [ [ 1673032.67812650767155, 2140514.889017509296536 ], [ 1712616.552871514344588, 2119444.863436928484589 ], [ 1731552.883424470666796, 2145413.971057071350515 ], [ 1740486.808905605925247, 2142747.909800137858838 ], [ 1747551.206815144047141, 2127140.001702630426735 ], [ 1781746.53402121597901, 2103731.696609555277973 ], [ 1733136.789084197953343, 2053210.550590219674632 ], [ 1717910.07610572502017, 2054028.319124746602029 ], [ 1705289.448786956723779, 2037964.924299008445814 ], [ 1666566.518528710119426, 2029649.497830842621624 ], [ 1634587.995138715719804, 2060672.136384832207114 ], [ 1623516.4854377922602, 2059820.546228105667979 ], [ 1596994.372885581571609, 2080155.284326632274315 ], [ 1623007.120941118337214, 2115970.009034170303494 ], [ 1632184.377251506084576, 2111103.882651464547962 ], [ 1648445.150232538813725, 2117377.966572297271341 ], [ 1673032.67812650767155, 2140514.889017509296536 ] ] ] } },
{ "type": "Feature", "properties": { "OBJECTID": 310.0, "STATE": "Pennsylvania", "STATE_FIPS": "42", "CD_2DIG": "02", "STATE_CODE": 36, "CLIMDIV": 3602, "CD_NEW": 2, "FIPS_CD": "4202", "NCDC_GEO_I": 220.0, "NAME": "EAST CENTRAL MOUNTAINS", "ST_ABBRV": "PA", "SHAPE_AREA": 0.0, "SHAPE_LEN": 0.0 }, "geometry": { "type": "Polygon", "coordinates": [ [ [ 1680536.268155346857384, 2194463.790171576663852 ], [ 1698113.610967284999788, 2181308.456408500671387 ], [ 1692534.236464312300086, 2176183.193906828761101 ], [ 1703914.837220600107685, 2162975.054776804056019 ], [ 1729063.759335469920188, 2186154.100502752233297 ], [ 1737187.842217694036663, 2176469.590281256008893 ], [ 1728132.443878524703905, 2161086.916649856138974 ], [ 1731589.636026001069695, 2145442.342417089734226 ], [ 1712616.552871514344588, 2119444.863436928484589 ], [ 1673032.67812650767155, 2140514.889017509296536 ], [ 1665097.437272624345496, 2126986.74181411601603 ], [ 1633567.598366079386324, 2111339.926436183508486 ], [ 1607019.890490899793804, 2124435.236624692566693 ], [ 1636078.677368712844327, 2146920.815627022180706 ], [ 1640787.48585508717224, 2164843.297723599243909 ], [ 1656556.961029421305284, 2162726.188622859772295 ], [ 1678228.099978958256543, 2179530.108731744810939 ], [ 1673374.407718445407227, 2188158.533340257592499 ], [ 1680536.268155346857384, 2194463.790171576663852 ] ] ] } },
{ "type": "Feature", "properties": { "OBJECTID": 311.0, "STATE": "Ohio", "STATE_FIPS": "39", "CD_2DIG": "01", "STATE_CODE": 33, "CLIMDIV": 3301, "CD_NEW": 1, "FIPS_CD": "3901", "NCDC_GEO_I": 221.0, "NAME": "NORTHWEST", "ST_ABBRV": "OH", "SHAPE_AREA": 0.0, "SHAPE_LEN": 0.0 }, "geometry": { "type": "Polygon", "coordinates": [ [ [ 1032950.692125611007214, 2149275.081290781032294 ], [ 1058359.160331908380613, 2140336.793672326486558 ], [ 1037853.965825866325758, 2137091.323061028961092 ], [ 1046758.822993844398297, 2067463.854535696096718 ], [ 1041399.322122009005398, 2047126.205382403219119 ], [ 1011160.048364555928856, 2043391.651714318897575 ], [ 1013646.123391337459907, 2023924.179929465521127 ], [ 935801.243856812478043, 2023742.68069958477281 ], [ 922759.02173052856233, 2131319.336414179299027 ], [ 1032950.692125611007214, 2149275.081290781032294 ] ] ] } },
{ "type": "Feature", "properties": { "OBJECTID": 312.0, "STATE": "Ohio", "STATE_FIPS": "39", "CD_2DIG": "02", "STATE_CODE": 33, "CLIMDIV": 3302, "CD_NEW": 2, "FIPS_CD": "3902", "NCDC_GEO_I": 222.0, "NAME": "NORTH CENTRAL", "ST_ABBRV": "OH", "SHAPE_AREA": 0.0, "SHAPE_LEN": 0.0 }, "geometry": { "type": "MultiPolygon", "coordinates": [ [ [ [ 1057715.981095862807706, 2140251.115999997127801 ], [ 1075696.580755006056279, 2131189.109222833067179 ], [ 1085757.404095598030835, 2140136.290205619763583 ], [ 1096554.539026073180139, 2136202.981216936372221 ], [ 1096320.562425698619336, 2133273.8769401027821 ], [ 1097193.950198489706963, 2131946.753517254255712 ], [ 1097384.778361131669953, 2131225.148872039280832 ], [ 1097330.003911034902558, 2130539.845422585029155 ], [ 1094521.783042555907741, 2132947.659898407757282 ], [ 1071069.113028206164017, 2124138.066155535168946 ], [ 1079900.258794132852927, 2120229.259860352147371 ], [ 1088319.959181403741241, 2128117.290672652423382 ], [ 1118208.359682043315843, 2121350.728143314365298 ], [ 1156484.618326577357948, 2141803.863029889762402 ], [ 1169500.07054817234166, 2116839.947783101350069 ], [ 1147757.943630959372967, 2098006.028016235213727 ], [ 1148795.519115207018331, 2089835.137622052105144 ], [ 1104202.532962853321806, 2075751.252376788295805 ], [ 1108440.990517380647361, 2044174.820214910199866 ], [ 1044779.348927928484045, 2034405.415757068898529 ], [ 1037853.965825866325758, 2137091.323061028961092 ], [ 1057715.981095862807706, 2140251.115999997127801 ] ] ], [ [ [ 1095157.953328645322472, 2145073.672591966576874 ], [ 1097959.851968100992963, 2141599.541414456441998 ], [ 1093881.977500383043662, 2142720.170598743483424 ], [ 1095157.953328645322472, 2145073.672591966576874 ] ] ], [ [ [ 1084849.580538091249764, 2147730.662145997397602 ], [ 1086809.151854453375563, 2146653.860466051846743 ], [ 1084763.077892293455079, 2144608.365595515817404 ], [ 1084849.580538091249764, 2147730.662145997397602 ] ] ], [ [ [ 1099045.61904602102004, 2130734.990407676436007 ], [ 1102396.373983780154958, 2128208.152576750144362 ], [ 1106226.083370973356068, 2125237.454629620537162 ], [ 1099045.61904602102004, 2130734.990407676436007 ] ] ], [ [ [ 1086246.133061189204454, 2151953.774083139374852 ], [ 1086902.275098019046709, 2149699.899399675428867 ], [ 1085156.918143890565261, 2150914.216009565163404 ], [ 1086246.133061189204454, 2151953.774083139374852 ] ] ], [ [ [ 1084051.644154384965077, 2153607.701117073185742 ], [ 1085693.305781903443858, 2155348.713239574339241 ], [ 1086443.573439226020128, 2153591.306274185888469 ], [ 1084051.644154384965077, 2153607.701117073185742 ] ] ], [ [ [ 1083336.390187799930573, 2149899.052746788598597 ], [ 1083444.334294705186039, 2150235.973952987231314 ], [ 1083751.763986337464303, 2150096.783929422032088 ], [ 1083336.390187799930573, 2149899.052746788598597 ] ] ], [ [ [ 1084988.27355972956866, 2151910.717930329963565 ], [ 1085334.50051345047541, 2151803.108805834781379 ], [ 1084750.476842561038211, 2151653.724464503582567 ], [ 1084988.27355972956866, 2151910.717930329963565 ] ] ], [ [ [ 1087585.653138376073912, 2128653.826272541191429 ], [ 1087522.904015141539276, 2128617.164679022040218 ], [ 1087262.69432727410458, 2129897.86776123335585 ], [ 1087585.653138376073912, 2128653.826272541191429 ] ] ], [ [ [ 1101289.532568940194324, 2127952.228395429905504 ], [ 1101236.691744958050549, 2127948.159940498415381 ], [ 1101264.836902412353083, 2127984.235761795658618 ], [ 1101289.532568940194324, 2127952.228395429905504 ] ] ] ] } },
{ "type": "Feature", "properties": { "OBJECTID": 313.0, "STATE": "Ohio", "STATE_FIPS": "39", "CD_2DIG": "07", "STATE_CODE": 33, "CLIMDIV": 3307, "CD_NEW": 7, "FIPS_CD": "3907", "NCDC_GEO_I": 223.0, "NAME": "NORTHEAST HILLS", "ST_ABBRV": "OH", "SHAPE_AREA": 0.0, "SHAPE_LEN": 0.0 }, "geometry": { "type": "Polygon", "coordinates": [ [ [ 1244121.459009485552087, 2112407.97017387393862 ], [ 1283669.513109690044075, 2118689.133352065458894 ], [ 1292651.163870345801115, 2064061.087476301006973 ], [ 1281327.550123219378293, 2055936.669501378200948 ], [ 1289404.230957379331812, 2044523.847941906424239 ], [ 1287967.755656783469021, 2012621.512677619699389 ], [ 1208272.832150562899187, 2003337.086487496038899 ], [ 1206340.931002706522122, 2019679.367785186972469 ], [ 1198294.198400539811701, 2018768.507454906823114 ], [ 1194498.185888648033142, 2079742.784381717443466 ], [ 1213465.377850154414773, 2081790.827376561239362 ], [ 1212355.500071055954322, 2090908.434963133418933 ], [ 1246700.994620288722217, 2096217.800840771058574 ], [ 1244121.459009485552087, 2112407.97017387393862 ] ] ] } },
{ "type": "Feature", "properties": { "OBJECTID": 314.0, "STATE": "Ohio", "STATE_FIPS": "39", "CD_2DIG": "10", "STATE_CODE": 33, "CLIMDIV": 3310, "CD_NEW": 10, "FIPS_CD": "3910", "NCDC_GEO_I": 224.0, "NAME": "SOUTHEAST", "ST_ABBRV": "OH", "SHAPE_AREA": 0.0, "SHAPE_LEN": 0.0 }, "geometry": { "type": "Polygon", "coordinates": [ [ [ 1205449.030191401951015, 2002995.38503813976422 ], [ 1286068.856678574578837, 2008332.535160054452717 ], [ 1281026.420502116670832, 1947203.582286579301581 ], [ 1256382.00964737450704, 1916163.521549224387854 ], [ 1243953.621430416125804, 1909108.41472263308242 ], [ 1235147.781948665622622, 1914786.618746132822707 ], [ 1214579.436092402786016, 1886298.711781968362629 ], [ 1167551.20515098888427, 1882199.2230321879033 ], [ 1169057.350884580053389, 1862289.425562525633723 ], [ 1159369.622260857606307, 1861735.638140099355951 ], [ 1158629.258088211063296, 1873269.326215941458941 ], [ 1128863.948696345090866, 1876966.618762260535732 ], [ 1125991.26474874606356, 1917414.699336379533634 ], [ 1154602.561658248770982, 1931222.796576911583543 ], [ 1142783.644140662159771, 1960705.99384204717353 ], [ 1162250.647336768452078, 1961584.922823606058955 ], [ 1162060.727826388552785, 1990286.391077870735899 ], [ 1205435.992347921710461, 1994943.851681356318295 ], [ 1205449.030191401951015, 2002995.38503813976422 ] ] ] } },
{ "type": "Feature", "properties": { "OBJECTID": 315.0, "STATE": "Ohio", "STATE_FIPS": "39", "CD_2DIG": "09", "STATE_CODE": 33, "CLIMDIV": 3309, "CD_NEW": 9, "FIPS_CD": "3909", "NCDC_GEO_I": 225.0, "NAME": "SOUTH CENTRAL", "ST_ABBRV": "OH", "SHAPE_AREA": 0.0, "SHAPE_LEN": 0.0 }, "geometry": { "type": "Polygon", "coordinates": [ [ [ 1085789.007797101978213, 1905680.965426253620535 ], [ 1126697.783455470809713, 1906113.101483169244602 ], [ 1128863.948696345090866, 1876966.618762260535732 ], [ 1158629.258088211063296, 1873269.326215941458941 ], [ 1159369.622260857606307, 1861735.638140099355951 ], [ 1169057.350884580053389, 1862289.425562525633723 ], [ 1167551.20515098888427, 1882199.2230321879033 ], [ 1214579.436092402786016, 1886298.711781968362629 ], [ 1218493.131855379091576, 1858058.878741494147107 ], [ 1207173.241934607503936, 1850721.326664604712278 ], [ 1193357.615771279437467, 1865526.630543088307604 ], [ 1181524.136925657745451, 1836859.469791728071868 ], [ 1188392.755886341677979, 1817462.263144034892321 ], [ 1178943.237257331376895, 1812900.641558927483857 ], [ 1177767.659291281132028, 1797498.609410081990063 ], [ 1156945.50100359460339, 1790618.738725119270384 ], [ 1131509.349461852805689, 1807496.217284640762955 ], [ 1125021.222157400334254, 1825312.945317429257557 ], [ 1093035.754351811483502, 1802888.799356847768649 ], [ 1072009.270005100872368, 1812111.617176442639902 ], [ 1057172.141745775472373, 1803064.508025443414226 ], [ 1054421.413868144154549, 1845683.409879105165601 ], [ 1078341.132517703576013, 1852770.483315353980288 ], [ 1074554.61769769131206, 1888342.101588207297027 ], [ 1085789.007797101978213, 1905680.965426253620535 ] ] ] } },
{ "type": "Feature", "properties": { "OBJECTID": 316.0, "STATE": "Ohio", "STATE_FIPS": "39", "CD_2DIG": "08", "STATE_CODE": 33, "CLIMDIV": 3308, "CD_NEW": 8, "FIPS_CD": "3908", "NCDC_GEO_I": 226.0, "NAME": "SOUTHWEST", "ST_ABBRV": "OH", "SHAPE_AREA": 0.0, "SHAPE_LEN": 0.0 }, "geometry": { "type": "Polygon", "coordinates": [ [ [ 1000668.262808208586648, 1940779.502591172698885 ], [ 1045647.267410777159967, 1929965.879178481642157 ], [ 1056179.364123611012474, 1886412.81780185434036 ], [ 1074702.847463817335665, 1888635.767690432490781 ], [ 1078341.132517703576013, 1852770.483315353980288 ], [ 1054421.413868144154549, 1845683.409879105165601 ], [ 1057175.463210254209116, 1803018.258317486848682 ], [ 1041316.467881491407752, 1814734.824750375701115 ], [ 1011457.916333176428452, 1815939.794369347626343 ], [ 986483.931876616785303, 1848393.269912583753467 ], [ 955652.760661370237358, 1843009.663720183074474 ], [ 945622.106994542642497, 1933410.46739416453056 ], [ 1000668.262808208586648, 1940779.502591172698885 ] ] ] } },
{ "type": "Feature", "properties": { "OBJECTID": 317.0, "STATE": "Ohio", "STATE_FIPS": "39", "CD_2DIG": "04", "STATE_CODE": 33, "CLIMDIV": 3304, "CD_NEW": 4, "FIPS_CD": "3904", "NCDC_GEO_I": 227.0, "NAME": "WEST CENTRAL", "ST_ABBRV": "OH", "SHAPE_AREA": 0.0, "SHAPE_LEN": 0.0 }, "geometry": { "type": "Polygon", "coordinates": [ [ [ 1011160.048364555928856, 2043391.651714318897575 ], [ 1043029.202326642000116, 2047319.925403502769768 ], [ 1044779.348927928484045, 2034405.415757068898529 ], [ 1051304.330009030643851, 2033627.363105497322977 ], [ 1054111.3137473592069, 2013458.508948795264587 ], [ 1045648.244436045526527, 2012200.267445200588554 ], [ 1050703.24681044719182, 1929761.568307468434796 ], [ 1000668.262808208586648, 1940779.502591172698885 ], [ 945622.106994542642497, 1933410.46739416453056 ], [ 935801.243856812478043, 2023742.68069958477281 ], [ 1013646.123391337459907, 2023924.179929465521127 ], [ 1011160.048364555928856, 2043391.651714318897575 ] ] ] } },
{ "type": "Feature", "properties": { "OBJECTID": 318.0, "STATE": "Ohio", "STATE_FIPS": "39", "CD_2DIG": "05", "STATE_CODE": 33, "CLIMDIV": 3305, "CD_NEW": 5, "FIPS_CD": "3905", "NCDC_GEO_I": 228.0, "NAME": "CENTRAL", "ST_ABBRV": "OH", "SHAPE_AREA": 0.0, "SHAPE_LEN": 0.0 }, "geometry": { "type": "Polygon", "coordinates": [ [ [ 1051299.684277556370944, 2033679.397463844157755 ], [ 1116765.012753362301737, 2045153.575311910361052 ], [ 1120878.542605021037161, 2004518.191268395399675 ], [ 1112599.871277585392818, 2003861.805052368436009 ], [ 1113244.219944666372612, 1995738.395410029916093 ], [ 1161257.073967089876533, 1998281.716362164355814 ], [ 1164604.237178619718179, 1966092.505770477000624 ], [ 1142783.644140662159771, 1960705.99384204717353 ], [ 1154602.561658248770982, 1931222.796576911583543 ], [ 1125991.26474874606356, 1917414.699336379533634 ], [ 1126697.783455470809713, 1906113.101483169244602 ], [ 1081542.486573343398049, 1905334.495566838886589 ], [ 1074650.499430762371048, 1888693.672848168993369 ], [ 1056179.364123611012474, 1886412.81780185434036 ], [ 1045678.397846469655633, 1929012.517377132084221 ], [ 1053900.812480996362865, 1957528.483316877391189 ], [ 1045648.244436045526527, 2012200.267445200588554 ], [ 1054111.3137473592069, 2013458.508948795264587 ], [ 1051299.684277556370944, 2033679.397463844157755 ] ] ] } },
{ "type": "Feature", "properties": { "OBJECTID": 319.0, "STATE": "Ohio", "STATE_FIPS": "39", "CD_2DIG": "06", "STATE_CODE": 33, "CLIMDIV": 3306, "CD_NEW": 6, "FIPS_CD": "3906", "NCDC_GEO_I": 229.0, "NAME": "EAST CENTRAL", "ST_ABBRV": "OH", "SHAPE_AREA": 0.0, "SHAPE_LEN": 0.0 }, "geometry": { "type": "Polygon", "coordinates": [ [ [ 1126886.268390036653727, 2086856.226000343449414 ], [ 1148795.519115207018331, 2089835.137622052105144 ], [ 1149813.368875110987574, 2081879.489970564609393 ], [ 1193260.295224322471768, 2087987.50588363292627 ], [ 1205435.992347921710461, 1994943.851681356318295 ], [ 1162060.727826388552785, 1990286.391077870735899 ], [ 1161257.073967089876533, 1998281.716362164355814 ], [ 1113244.219944666372612, 1995738.395410029916093 ], [ 1112599.871277585392818, 2003861.805052368436009 ], [ 1120878.542605021037161, 2004518.191268395399675 ], [ 1119576.319382856134325, 2027502.76233236445114 ], [ 1116765.012753362301737, 2045153.575311910361052 ], [ 1108440.990517380647361, 2044174.820214910199866 ], [ 1104202.532962853321806, 2075751.252376788295805 ], [ 1128365.922832309268415, 2078911.340788423083723 ], [ 1126886.268390036653727, 2086856.226000343449414 ] ] ] } },
{ "type": "Feature", "properties": { "OBJECTID": 320.0, "STATE": "Ohio", "STATE_FIPS": "39", "CD_2DIG": "03", "STATE_CODE": 33, "CLIMDIV": 3303, "CD_NEW": 3, "FIPS_CD": "3903", "NCDC_GEO_I": 230.0, "NAME": "NORTHEAST", "ST_ABBRV": "OH", "SHAPE_AREA": 0.0, "SHAPE_LEN": 0.0 }, "geometry": { "type": "Polygon", "coordinates": [ [ [ 1268343.433872246416286, 2211786.086378790438175 ], [ 1283669.513109690044075, 2118689.133352065458894 ], [ 1244121.459009485552087, 2112407.97017387393862 ], [ 1246700.994620288722217, 2096217.800840771058574 ], [ 1212355.500071055954322, 2090908.434963133418933 ], [ 1213465.377850154414773, 2081790.827376561239362 ], [ 1194498.185888648033142, 2079742.784381717443466 ], [ 1193260.295224322471768, 2087987.50588363292627 ], [ 1149813.368875110987574, 2081879.489970564609393 ], [ 1147757.943630959372967, 2098006.028016235213727 ], [ 1169500.07054817234166, 2116839.947783101350069 ], [ 1168336.638022812549025, 2125226.728514342568815 ], [ 1160583.701570960460231, 2124135.342763231135905 ], [ 1158290.236095924396068, 2141198.915324972942472 ], [ 1177227.968438444659114, 2142169.804054614622146 ], [ 1209969.561795010464266, 2178605.910306925419718 ], [ 1268343.433872246416286, 2211786.086378790438175 ] ] ] } },
{ "type": "Feature", "properties": { "OBJECTID": 321.0, "STATE": "Wisconsin", "STATE_FIPS": "55", "CD_2DIG": "01", "STATE_CODE": 47, "CLIMDIV": 4701, "CD_NEW": 1, "FIPS_CD": "5501", "NCDC_GEO_I": 231.0, "NAME": "NORTHWEST", "ST_ABBRV": "WI", "SHAPE_AREA": 0.0, "SHAPE_LEN": 0.0 }, "geometry": { "type": "MultiPolygon", "coordinates": [ [ [ [ 394078.40651071240427, 2673723.160803749226034 ], [ 401551.600638850941323, 2666709.821263966150582 ], [ 387906.510681977204513, 2633773.402137695811689 ], [ 393598.188234537024982, 2565269.12893011700362 ], [ 412826.018236520059872, 2566377.53723259922117 ], [ 416442.47010544204386, 2499401.387035897467285 ], [ 397165.399294967588503, 2498533.100011887960136 ], [ 400496.337779868335929, 2440541.764067164622247 ], [ 343106.534225981216878, 2437562.507093242835253 ], [ 340122.856139707844704, 2476611.347821644507349 ], [ 254440.049355442984961, 2473375.548220002558082 ], [ 262269.574882615474053, 2499466.728510761633515 ], [ 243241.407183759758482, 2513703.02260953746736 ], [ 243857.223575037030969, 2529517.450174229219556 ], [ 255748.75360297478619, 2549623.896092070732266 ], [ 287090.818612716859207, 2570713.23180246213451 ], [ 284734.530615374969784, 2636504.692825843580067 ], [ 299090.323242255486548, 2645936.485280899796635 ], [ 304804.596868938417174, 2640250.117371960543096 ], [ 307596.882661913521588, 2638758.843350662849844 ], [ 322584.407840196101461, 2640881.215639535803348 ], [ 394078.40651071240427, 2673723.160803749226034 ] ] ], [ [ [ 386571.256359536026139, 2678334.722086162306368 ], [ 387121.319487820088398, 2673870.63543588668108 ], [ 383332.471180615597405, 2675149.968647320754826 ], [ 386571.256359536026139, 2678334.722086162306368 ] ] ], [ [ [ 397988.36795633030124, 2676479.191457035485655 ], [ 397186.191501870809589, 2675116.066004285588861 ], [ 396846.846950543695129, 2675434.433071540202945 ], [ 397988.36795633030124, 2676479.191457035485655 ] ] ], [ [ [ 392756.451882021676283, 2675697.128156445454806 ], [ 392961.989736767485738, 2676845.471256543882191 ], [ 393286.616944459441584, 2676703.588574475608766 ], [ 392756.451882021676283, 2675697.128156445454806 ] ] ], [ [ [ 301957.249184601882007, 2643154.562087703496218 ], [ 303058.0449072131305, 2642390.698435199912637 ], [ 303172.18993310193764, 2642192.91299837641418 ], [ 301957.249184601882007, 2643154.562087703496218 ] ] ], [ [ [ 379571.451038961240556, 2671394.704939993564039 ], [ 379246.228504215716384, 2671261.330772676505148 ], [ 379537.968289028736763, 2671595.662736502010375 ], [ 379571.451038961240556, 2671394.704939993564039 ] ] ] ] } },
{ "type": "Feature", "properties": { "OBJECTID": 322.0, "STATE": "Wisconsin", "STATE_FIPS": "55", "CD_2DIG": "02", "STATE_CODE": 47, "CLIMDIV": 4702, "CD_NEW": 2, "FIPS_CD": "5502", "NCDC_GEO_I": 232.0, "NAME": "NORTH CENTRAL", "ST_ABBRV": "WI", "SHAPE_AREA": 0.0, "SHAPE_LEN": 0.0 }, "geometry": { "type": "MultiPolygon", "coordinates": [ [ [ [ 404724.299961588811129, 2643991.680979099590331 ], [ 444930.430788477999158, 2626094.001954900100827 ], [ 453493.951432966510765, 2608263.542076756246388 ], [ 547136.603252691449597, 2585384.492535513360053 ], [ 547811.879890686599538, 2575249.573672637809068 ], [ 538990.050262743374333, 2574605.392687065992504 ], [ 543288.044070233008824, 2517294.883226376026869 ], [ 513744.626806971849874, 2515466.57165423873812 ], [ 516320.540720758552197, 2476846.927075181156397 ], [ 532155.212723645847291, 2477891.906947405077517 ], [ 535658.143878176459111, 2429360.440180124714971 ], [ 449389.000454701832496, 2424119.785266828257591 ], [ 451134.752101522928569, 2395152.989988543093204 ], [ 412712.039192784752231, 2392704.538865088950843 ], [ 412099.520957148284651, 2402398.139310147147626 ], [ 402494.80906874849461, 2401900.488923323806375 ], [ 397165.399294967588503, 2498533.100011887960136 ], [ 416442.47010544204386, 2499401.387035897467285 ], [ 414239.484448298928328, 2540701.690028087235987 ], [ 412826.018236520059872, 2566377.53723259922117 ], [ 393598.188234537024982, 2565269.12893011700362 ], [ 389851.180876969650853, 2632180.941253104247153 ], [ 404724.299961588811129, 2643991.680979099590331 ] ] ], [ [ [ 399163.22065148683032, 2654956.780274565797299 ], [ 415676.550550536485389, 2662595.193567065056413 ], [ 399513.577269819856156, 2651298.872365384362638 ], [ 399163.22065148683032, 2654956.780274565797299 ] ] ], [ [ [ 423434.997210610017646, 2687303.323429218959063 ], [ 427202.160656547581311, 2683080.194251537322998 ], [ 422397.667478197719902, 2678638.522119724191725 ], [ 423434.997210610017646, 2687303.323429218959063 ] ] ] ] } },
{ "type": "Feature", "properties": { "OBJECTID": 323.0, "STATE": "Wisconsin", "STATE_FIPS": "55", "CD_2DIG": "03", "STATE_CODE": 47, "CLIMDIV": 4703, "CD_NEW": 3, "FIPS_CD": "5503", "NCDC_GEO_I": 233.0, "NAME": "NORTHEAST", "ST_ABBRV": "WI", "SHAPE_AREA": 0.0, "SHAPE_LEN": 0.0 }, "geometry": { "type": "MultiPolygon", "coordinates": [ [ [ [ 547136.603252691449597, 2585384.492535513360053 ], [ 612621.636332595255226, 2573655.871204538270831 ], [ 611600.57130712363869, 2561027.491638918407261 ], [ 639864.557190999155864, 2549053.116734966635704 ], [ 634663.992533697746694, 2512181.499981637578458 ], [ 653375.821868021041155, 2513572.09541230276227 ], [ 647555.83296019595582, 2495796.396570412907749 ], [ 661312.314702819683589, 2483819.551867331843823 ], [ 658431.713998916442506, 2472159.566635977011174 ], [ 643829.155894188559614, 2468007.595286122523248 ], [ 633197.948930088081397, 2436541.387677249033004 ], [ 612284.556672294274904, 2435049.708780744113028 ], [ 613720.358340948005207, 2424544.051991236861795 ], [ 585174.406740941456519, 2422911.800991087220609 ], [ 584489.471872788155451, 2432664.505114495754242 ], [ 535658.143878176459111, 2429360.440180124714971 ], [ 532155.212723645847291, 2477891.906947405077517 ], [ 516320.540720758552197, 2476846.927075181156397 ], [ 513744.626806971849874, 2515466.57165423873812 ], [ 543288.044070233008824, 2517294.883226376026869 ], [ 538990.050262743374333, 2574605.392687065992504 ], [ 547811.879890686599538, 2575249.573672637809068 ], [ 547136.603252691449597, 2585384.492535513360053 ] ] ], [ [ [ 668098.806424678186886, 2482426.935276286210865 ], [ 667978.103571807034314, 2482043.109924477525055 ], [ 667348.300167478970252, 2482191.294134029652923 ], [ 668098.806424678186886, 2482426.935276286210865 ] ] ] ] } },
{ "type": "Feature", "properties": { "OBJECTID": 324.0, "STATE": "Wisconsin", "STATE_FIPS": "55", "CD_2DIG": "04", "STATE_CODE": 47, "CLIMDIV": 4704, "CD_NEW": 4, "FIPS_CD": "5504", "NCDC_GEO_I": 234.0, "NAME": "WEST CENTRAL", "ST_ABBRV": "WI", "SHAPE_AREA": 0.0, "SHAPE_LEN": 0.0 }, "geometry": { "type": "Polygon", "coordinates": [ [ [ 254440.049355442984961, 2473375.548220002558082 ], [ 340122.856139707844704, 2476611.347821644507349 ], [ 343106.534225981216878, 2437562.507093242835253 ], [ 400496.337779868335929, 2440541.764067164622247 ], [ 402494.80906874849461, 2401900.488923323806375 ], [ 412099.520957148284651, 2402398.139310147147626 ], [ 412622.713340545422398, 2392748.188457830343395 ], [ 451134.752101522928569, 2395152.989988543093204 ], [ 456062.641815277980641, 2318001.111262671183795 ], [ 380340.797049227170646, 2313209.788859539665282 ], [ 370469.938585455412976, 2336378.348868347704411 ], [ 328564.618482935009524, 2363814.30990833370015 ], [ 321056.774706686381251, 2381253.941172809805721 ], [ 267655.75878913665656, 2407472.314652885310352 ], [ 252243.248090555222007, 2422227.910731589887291 ], [ 251456.434381140366895, 2457231.298045449890196 ], [ 254440.049355442984961, 2473375.548220002558082 ] ] ] } },
{ "type": "Feature", "properties": { "OBJECTID": 325.0, "STATE": "Wisconsin", "STATE_FIPS": "55", "CD_2DIG": "05", "STATE_CODE": 47, "CLIMDIV": 4705, "CD_NEW": 5, "FIPS_CD": "5505", "NCDC_GEO_I": 235.0, "NAME": "CENTRAL", "ST_ABBRV": "WI", "SHAPE_AREA": 0.0, "SHAPE_LEN": 0.0 }, "geometry": { "type": "Polygon", "coordinates": [ [ [ 449389.000454701832496, 2424119.785266828257591 ], [ 584489.471872788155451, 2432664.505114495754242 ], [ 585174.406740941456519, 2422911.800991087220609 ], [ 574850.245967883616686, 2422121.773408398032188 ], [ 577568.291964047355577, 2383518.622145168948919 ], [ 565908.89033424295485, 2382560.093297199811786 ], [ 571040.185396550921723, 2314824.211778171826154 ], [ 456620.527921711211093, 2307968.326423587277532 ], [ 449389.000454701832496, 2424119.785266828257591 ] ] ] } },
{ "type": "Feature", "properties": { "OBJECTID": 326.0, "STATE": "Wisconsin", "STATE_FIPS": "55", "CD_2DIG": "06", "STATE_CODE": 47, "CLIMDIV": 4706, "CD_NEW": 6, "FIPS_CD": "5506", "NCDC_GEO_I": 236.0, "NAME": "EAST CENTRAL", "ST_ABBRV": "WI", "SHAPE_AREA": 0.0, "SHAPE_LEN": 0.0 }, "geometry": { "type": "MultiPolygon", "coordinates": [ [ [ [ 703872.371906956541352, 2511804.92384852655232 ], [ 702982.169229083694518, 2488651.941015379969031 ], [ 675277.226363189518452, 2425644.950014937669039 ], [ 675497.455941865686327, 2386340.844645402394235 ], [ 661542.897124641225673, 2356221.612884656060487 ], [ 659574.239873736747541, 2311836.386244061868638 ], [ 610746.645606953883544, 2307815.980222920887172 ], [ 609909.828815719578415, 2317547.968631647061557 ], [ 571040.185396550921723, 2314824.211778171826154 ], [ 565908.89033424295485, 2382560.093297199811786 ], [ 577568.291964047355577, 2383518.622145168948919 ], [ 574850.245967883616686, 2422121.773408398032188 ], [ 613720.358340948005207, 2424544.051991236861795 ], [ 612284.556672294274904, 2435049.708780744113028 ], [ 632775.553587677306496, 2436498.773246387019753 ], [ 629355.696133472025394, 2423072.326320034917444 ], [ 638882.799537686165422, 2420863.491840477567166 ], [ 661379.780705435783602, 2456945.642650187946856 ], [ 674586.685129213845357, 2464238.668243838008493 ], [ 679378.611516695469618, 2457854.316405321471393 ], [ 687253.449674218078144, 2496071.470987419597805 ], [ 703872.371906956541352, 2511804.92384852655232 ] ] ], [ [ [ 707615.378971119294874, 2517232.509654307737947 ], [ 716050.453220121562481, 2524209.355607460718602 ], [ 714135.93578204815276, 2516970.462371876928955 ], [ 710069.117354716639966, 2519071.665607680100948 ], [ 707615.378971119294874, 2517232.509654307737947 ] ] ], [ [ [ 676235.300207233754918, 2496347.748894562479109 ], [ 679396.123205199372023, 2495702.344733630307019 ], [ 680336.139898300403729, 2494282.501920754089952 ], [ 676235.300207233754918, 2496347.748894562479109 ] ] ], [ [ [ 717979.744616262614727, 2527467.285129591356963 ], [ 716253.534347267239355, 2525053.038657411467284 ], [ 716368.585800579516217, 2527946.866409923415631 ], [ 717979.744616262614727, 2527467.285129591356963 ] ] ], [ [ [ 712387.645507575478405, 2512627.547595063224435 ], [ 710426.536804583040066, 2517102.009304486215115 ], [ 712228.225374403758906, 2514188.000533986371011 ], [ 712387.645507575478405, 2512627.547595063224435 ] ] ], [ [ [ 707745.712201414513402, 2513335.338810897432268 ], [ 708425.664722233894281, 2514234.451801253017038 ], [ 708787.50816231011413, 2513099.508186276070774 ], [ 707745.712201414513402, 2513335.338810897432268 ] ] ] ] } },
{ "type": "Feature", "properties": { "OBJECTID": 327.0, "STATE": "Wisconsin", "STATE_FIPS": "55", "CD_2DIG": "07", "STATE_CODE": 47, "CLIMDIV": 4707, "CD_NEW": 7, "FIPS_CD": "5507", "NCDC_GEO_I": 237.0, "NAME": "SOUTHWEST", "ST_ABBRV": "WI", "SHAPE_AREA": 0.0, "SHAPE_LEN": 0.0 }, "geometry": { "type": "Polygon", "coordinates": [ [ [ 456081.294947691669222, 2317711.282886195927858 ], [ 456620.527921711211093, 2307968.326423587277532 ], [ 498874.034098242816981, 2310590.645746067166328 ], [ 514443.275620525761042, 2302323.861355774104595 ], [ 515669.550426611793227, 2282508.741705913096666 ], [ 497823.884148098586593, 2261862.323531905654818 ], [ 502936.246815704158507, 2183780.101694842800498 ], [ 437433.401455090148374, 2180091.507975745946169 ], [ 431071.417877893778495, 2194039.992232516873628 ], [ 402432.910007674712688, 2203930.24551366083324 ], [ 393999.808913294167724, 2222487.418965026736259 ], [ 390123.145569781307131, 2246997.500731790903956 ], [ 399089.878208349749912, 2261603.301991348154843 ], [ 385813.670966339239385, 2273277.520719812717289 ], [ 380340.797049227170646, 2313209.788859539665282 ], [ 456081.294947691669222, 2317711.282886195927858 ] ] ] } },
{ "type": "Feature", "properties": { "OBJECTID": 328.0, "STATE": "Wisconsin", "STATE_FIPS": "55", "CD_2DIG": "08", "STATE_CODE": 47, "CLIMDIV": 4708, "CD_NEW": 8, "FIPS_CD": "5508", "NCDC_GEO_I": 238.0, "NAME": "SOUTH CENTRAL", "ST_ABBRV": "WI", "SHAPE_AREA": 0.0, "SHAPE_LEN": 0.0 }, "geometry": { "type": "Polygon", "coordinates": [ [ [ 498874.034098242816981, 2310590.645746067166328 ], [ 609909.828815719578415, 2317547.968631647061557 ], [ 605560.760158335673623, 2228933.153254767414182 ], [ 586477.685344175552018, 2227427.256742780096829 ], [ 589501.778774493723176, 2188338.349691560957581 ], [ 502936.246815704158507, 2183780.101694842800498 ], [ 497823.884148098586593, 2261862.323531905654818 ], [ 515669.550426611793227, 2282508.741705913096666 ], [ 514443.275620525761042, 2302323.861355774104595 ], [ 498874.034098242816981, 2310590.645746067166328 ] ] ] } },
{ "type": "Feature", "properties": { "OBJECTID": 329.0, "STATE": "Wisconsin", "STATE_FIPS": "55", "CD_2DIG": "09", "STATE_CODE": 47, "CLIMDIV": 4709, "CD_NEW": 9, "FIPS_CD": "5509", "NCDC_GEO_I": 239.0, "NAME": "SOUTHEAST", "ST_ABBRV": "WI", "SHAPE_AREA": 0.0, "SHAPE_LEN": 0.0 }, "geometry": { "type": "Polygon", "coordinates": [ [ [ 613062.312953239423223, 2307987.800435565412045 ], [ 659574.239873736747541, 2311836.386244061868638 ], [ 652701.379490230465308, 2278248.808555046562105 ], [ 669654.719114646199159, 2227364.218187899328768 ], [ 668882.652979623759165, 2194889.09464078489691 ], [ 589501.778774493723176, 2188338.349691560957581 ], [ 586477.685344175552018, 2227427.256742780096829 ], [ 605560.760158335673623, 2228933.153254767414182 ], [ 602929.351584932068363, 2268293.123470523394644 ], [ 612437.388455564039759, 2268892.560192480217665 ], [ 613062.312953239423223, 2307987.800435565412045 ] ] ] } },
{ "type": "Feature", "properties": { "OBJECTID": 330.0, "STATE": "Tennessee", "STATE_FIPS": "47", "CD_2DIG": "04", "STATE_CODE": 40, "CLIMDIV": 4004, "CD_NEW": 4, "FIPS_CD": "4704", "NCDC_GEO_I": 240.0, "NAME": "WESTERN", "ST_ABBRV": "TN", "SHAPE_AREA": 0.0, "SHAPE_LEN": 0.0 }, "geometry": { "type": "Polygon", "coordinates": [ [ [ 572976.996599972480908, 1514021.698697523213923 ], [ 704483.338721403619274, 1523889.046437553595752 ], [ 711329.02747694554273, 1509137.641624273499474 ], [ 701970.481678665615618, 1508167.908012239495292 ], [ 704074.932501630857587, 1496832.695684268372133 ], [ 693841.927552730077878, 1480674.456559595884755 ], [ 700505.953107147826813, 1423767.585622214013711 ], [ 697642.820353952003643, 1402143.117277098353952 ], [ 686979.249531315173954, 1401313.293788195354864 ], [ 688995.399930763524026, 1353945.271190413972363 ], [ 514827.370221446675714, 1341737.982706725597382 ], [ 535920.815262494725175, 1359087.966431964188814 ], [ 525590.420838820165955, 1374291.631970258662477 ], [ 533289.072228694334626, 1386419.781191400252283 ], [ 523908.539793848234694, 1385956.081437469227239 ], [ 530574.738201078958809, 1396875.70535629033111 ], [ 533443.519268049392849, 1395598.605984374182299 ], [ 533620.991069623851217, 1389133.13373733125627 ], [ 536095.868161974707618, 1387650.547029820736498 ], [ 535877.532416249276139, 1405627.002782897325233 ], [ 547229.317903647897765, 1402600.072716298745945 ], [ 542409.891054874518886, 1410013.894346977584064 ], [ 551428.361635571694933, 1418226.263770651770756 ], [ 541477.413787568570115, 1426108.110816657310352 ], [ 563371.438266409910284, 1437205.500391070265323 ], [ 557810.607603440759704, 1445252.313124666456133 ], [ 567911.835758583503775, 1445959.777484056772664 ], [ 559470.628311388893053, 1457259.300556649453938 ], [ 570901.347124095307663, 1474803.794766071019694 ], [ 560161.481821142486297, 1484059.73570809699595 ], [ 575232.993656151229516, 1486598.935352570610121 ], [ 567107.16963057545945, 1493955.401277060154825 ], [ 576328.942426389083266, 1498722.236524685751647 ], [ 572976.996599972480908, 1514021.698697523213923 ] ] ] } },
{ "type": "Feature", "properties": { "OBJECTID": 331.0, "STATE": "Tennessee", "STATE_FIPS": "47", "CD_2DIG": "03", "STATE_CODE": 40, "CLIMDIV": 4003, "CD_NEW": 3, "FIPS_CD": "4703", "NCDC_GEO_I": 241.0, "NAME": "MIDDLE", "ST_ABBRV": "TN", "SHAPE_AREA": 0.0, "SHAPE_LEN": 0.0 }, "geometry": { "type": "Polygon", "coordinates": [ [ [ 702574.988228545873426, 1544055.802392305573449 ], [ 948115.244340405799448, 1562461.298454405739903 ], [ 949600.573654082603753, 1556623.593190901679918 ], [ 934209.580538189737126, 1545755.806991840014234 ], [ 930868.593978552147746, 1516928.240358965005726 ], [ 906222.987689678324386, 1510513.707641340792179 ], [ 910706.441540643922053, 1496544.199949782341719 ], [ 924497.435337919741869, 1489956.619403691962361 ], [ 924587.92856006778311, 1469846.436350587522611 ], [ 904607.894767400226556, 1469698.986942562274635 ], [ 892587.479428762220778, 1445588.379415135132149 ], [ 873508.332469604560174, 1448773.430145076708868 ], [ 874903.889093037461862, 1370415.504152781097218 ], [ 688995.399930763524026, 1353945.271190413972363 ], [ 686979.249531315173954, 1401313.293788195354864 ], [ 697642.820353952003643, 1402143.117277098353952 ], [ 700505.953107147826813, 1423767.585622214013711 ], [ 693841.927552730077878, 1480674.456559595884755 ], [ 704074.932501630857587, 1496832.695684268372133 ], [ 701970.481678665615618, 1508167.908012239495292 ], [ 711329.02747694554273, 1509137.641624273499474 ], [ 702574.988228545873426, 1544055.802392305573449 ] ] ] } },
{ "type": "Feature", "properties": { "OBJECTID": 332.0, "STATE": "Tennessee", "STATE_FIPS": "47", "CD_2DIG": "02", "STATE_CODE": 40, "CLIMDIV": 4002, "CD_NEW": 2, "FIPS_CD": "4702", "NCDC_GEO_I": 242.0, "NAME": "CUMBERLAND PLATEAU", "ST_ABBRV": "TN", "SHAPE_AREA": 0.0, "SHAPE_LEN": 0.0 }, "geometry": { "type": "Polygon", "coordinates": [ [ [ 949183.343139956239611, 1562584.437246308196336 ], [ 1037890.089561503613368, 1569225.197294960496947 ], [ 1031432.383157691452652, 1553694.598415913293138 ], [ 1036067.276125164120458, 1534280.332247350830585 ], [ 1027290.214359150850214, 1518157.260863444302231 ], [ 1038252.787089169025421, 1507986.117859332822263 ], [ 991908.508881860529073, 1471369.514808675041422 ], [ 953611.072709036292508, 1379495.176607865374535 ], [ 874903.889093037461862, 1370415.504152781097218 ], [ 873508.332469604560174, 1448773.430145076708868 ], [ 896310.090847692103125, 1447195.573805710300803 ], [ 904607.894767400226556, 1469698.986942562274635 ], [ 926254.13632447225973, 1472222.808399538043886 ], [ 924497.435337919741869, 1489956.619403691962361 ], [ 910706.441540643922053, 1496544.199949782341719 ], [ 906222.987689678324386, 1510513.707641340792179 ], [ 930868.593978552147746, 1516928.240358965005726 ], [ 932156.750500134075992, 1541258.58904852415435 ], [ 948545.346821850165725, 1551776.240167785668746 ], [ 949183.343139956239611, 1562584.437246308196336 ] ] ] } },
{ "type": "Feature", "properties": { "OBJECTID": 333.0, "STATE": "Tennessee", "STATE_FIPS": "47", "CD_2DIG": "01", "STATE_CODE": 40, "CLIMDIV": 4001, "CD_NEW": 1, "FIPS_CD": "4701", "NCDC_GEO_I": 243.0, "NAME": "EASTERN", "ST_ABBRV": "TN", "SHAPE_AREA": 0.0, "SHAPE_LEN": 0.0 }, "geometry": { "type": "Polygon", "coordinates": [ [ [ 1037890.089561503613368, 1569225.197294960496947 ], [ 1267114.101189511595294, 1603146.044795281253755 ], [ 1266455.044221557909623, 1571689.843501539900899 ], [ 1253441.739132801070809, 1569964.774655544897541 ], [ 1241327.402560565620661, 1543605.836487182648852 ], [ 1213206.457114963093773, 1539059.62973753339611 ], [ 1197678.288402932928875, 1518339.859723241999745 ], [ 1188863.392877572448924, 1529829.157020124606788 ], [ 1176103.837925000814721, 1512350.479509154101834 ], [ 1165959.289004522608593, 1511133.587346830638126 ], [ 1161961.398126872256398, 1493081.768462953390554 ], [ 1147246.094958479516208, 1490037.44785331748426 ], [ 1120089.648532655555755, 1463587.776895748684183 ], [ 1086705.959221217781305, 1454245.134285992244259 ], [ 1075440.954421888105571, 1440705.902105007087812 ], [ 1075296.093350713606924, 1425197.911135032074526 ], [ 1054164.269244582857937, 1417034.714378086151555 ], [ 1054571.829933525063097, 1390380.99413097742945 ], [ 951040.120335412444547, 1377623.755015846341848 ], [ 991908.508881860529073, 1471369.514808675041422 ], [ 1038252.787089169025421, 1507986.117859332822263 ], [ 1027290.214359150850214, 1518157.260863444302231 ], [ 1036067.276125164120458, 1534280.332247350830585 ], [ 1031432.383157691452652, 1553694.598415913293138 ], [ 1037890.089561503613368, 1569225.197294960496947 ] ] ] } },
{ "type": "Feature", "properties": { "OBJECTID": 334.0, "STATE": "Texas", "STATE_FIPS": "48", "CD_2DIG": "01", "STATE_CODE": 41, "CLIMDIV": 4101, "CD_NEW": 1, "FIPS_CD": "4801", "NCDC_GEO_I": 244.0, "NAME": "HIGH PLAINS", "ST_ABBRV": "TX", "SHAPE_AREA": 0.0, "SHAPE_LEN": 0.0 }, "geometry": { "type": "Polygon", "coordinates": [ [ [ -624395.4705986402696, 1517932.207483982900158 ], [ -354932.667574790073559, 1502176.730140743544325 ], [ -359081.325859635486268, 1403650.010527384933084 ], [ -407499.434067502501421, 1405848.760522286873311 ], [ -409705.848278777499218, 1357056.881290470482782 ], [ -459085.764219178003259, 1359470.348188035655767 ], [ -462087.890782658185344, 1311016.363132122671232 ], [ -448864.616134533018339, 1310321.544290283694863 ], [ -451509.157265363261104, 1261689.643897757632658 ], [ -460204.097260537964758, 1262111.92602617572993 ], [ -465378.291456590523012, 1159977.408995364326984 ], [ -513193.39134824112989, 1162371.38827320956625 ], [ -516074.707456607487984, 1114038.82376346969977 ], [ -528483.149839801015332, 1114864.604036003118381 ], [ -531162.221806547255255, 1066232.075666694203392 ], [ -483208.600875464093406, 1063363.399507032707334 ], [ -497236.353259362862445, 966675.474286448792554 ], [ -593428.135759902652353, 972608.988101838040166 ], [ -590155.251771317794919, 1020991.957440208178014 ], [ -663016.282763245864771, 1026135.693531783297658 ], [ -624395.4705986402696, 1517932.207483982900158 ] ] ] } },
{ "type": "Feature", "properties": { "OBJECTID": 335.0, "STATE": "Texas", "STATE_FIPS": "48", "CD_2DIG": "02", "STATE_CODE": 41, "CLIMDIV": 4102, "CD_NEW": 2, "FIPS_CD": "4802", "NCDC_GEO_I": 245.0, "NAME": "LOW ROLLING PLAINS", "ST_ABBRV": "TX", "SHAPE_AREA": 0.0, "SHAPE_LEN": 0.0 }, "geometry": { "type": "Polygon", "coordinates": [ [ [ -407499.434067502501421, 1405848.760522286873311 ], [ -359081.325859635486268, 1403650.010527384933084 ], [ -364065.133654822187964, 1285303.117480503860861 ], [ -356981.287181627412792, 1286579.594428420998156 ], [ -337036.957434687123168, 1263807.513847763417289 ], [ -310672.660325685341377, 1262223.317212862428278 ], [ -306116.079287442669738, 1271347.464956609765068 ], [ -293230.613543714396656, 1257896.839402182260528 ], [ -291468.0384326952626, 1243769.0809311196208 ], [ -273184.28255567792803, 1244024.433292301837355 ], [ -252363.815144077583682, 1232567.401429447811097 ], [ -237645.409655700350413, 1236107.81498046265915 ], [ -221845.231582746113418, 1227084.434966866159812 ], [ -222601.508071467193076, 1199478.276066808961332 ], [ -271314.366894952836446, 1200656.155538109596819 ], [ -272906.762404634617269, 1151914.521535022882745 ], [ -320783.6217730587814, 1153700.3964763735421 ], [ -322477.37277390412055, 1104388.258768579689786 ], [ -335544.936829998390749, 1104868.442888281540945 ], [ -341077.912504348321818, 1007355.17746794805862 ], [ -300194.142727127473336, 1005658.619156882050447 ], [ -303139.233716453600209, 937540.335564104840159 ], [ -313929.171635815699119, 931517.230699917767197 ], [ -343255.042895029997453, 939058.722630760399625 ], [ -350324.951965509564616, 951513.760838265297934 ], [ -400177.149499803723302, 954074.773496948531829 ], [ -397741.949369250214659, 1009824.212149416329339 ], [ -486744.239275427651592, 1014778.073803160106763 ], [ -483208.600875464093406, 1063363.399507032707334 ], [ -531162.221806547255255, 1066232.075666694203392 ], [ -528483.149839801015332, 1114864.604036003118381 ], [ -516074.707456607487984, 1114038.82376346969977 ], [ -513193.39134824112989, 1162371.38827320956625 ], [ -465378.291456590523012, 1159977.408995364326984 ], [ -460204.097260537964758, 1262111.92602617572993 ], [ -451509.157265363261104, 1261689.643897757632658 ], [ -448864.616134533018339, 1310321.544290283694863 ], [ -462087.890782658185344, 1311016.363132122671232 ], [ -459085.764219178003259, 1359470.348188035655767 ], [ -409705.848278777499218, 1357056.881290470482782 ], [ -407499.434067502501421, 1405848.760522286873311 ] ] ] } },
{ "type": "Feature", "properties": { "OBJECTID": 336.0, "STATE": "Texas", "STATE_FIPS": "48", "CD_2DIG": "03", "STATE_CODE": 41, "CLIMDIV": 4103, "CD_NEW": 3, "FIPS_CD": "4803", "NCDC_GEO_I": 246.0, "NAME": "NORTH CENTRAL", "ST_ABBRV": "TX", "SHAPE_AREA": 0.0, "SHAPE_LEN": 0.0 }, "geometry": { "type": "Polygon", "coordinates": [ [ [ -215859.092980549234198, 1235090.154607615899295 ], [ -192964.237993009417551, 1234311.700086839962751 ], [ -191446.508273997984361, 1217692.588812073459849 ], [ -178488.433236173616024, 1215768.676424644421786 ], [ -182179.613038598035928, 1205482.667494887718931 ], [ -172274.693652896181447, 1199883.007292092777789 ], [ -153254.618446544278413, 1215380.083257517544553 ], [ -145733.933770030620508, 1205295.700519480509683 ], [ -134189.42631598355365, 1205263.702493749558926 ], [ -131328.5855291436892, 1195824.14503417769447 ], [ -110543.805142342389445, 1206051.920685675693676 ], [ -103614.749211627437035, 1183990.636448843404651 ], [ -89947.164511335111456, 1210567.03998562740162 ], [ -69989.431870018204791, 1195635.067234188318253 ], [ -61241.603479436023918, 1205909.421412342693657 ], [ -53982.417066479305504, 1203385.61420676112175 ], [ -57619.165682238402951, 1197812.501600301591679 ], [ -32065.967419115433586, 1179992.758808272657916 ], [ -13605.337471295430078, 1196861.783079070039093 ], [ 5897.576058487183218, 1202354.282016273820773 ], [ 20941.810892064797372, 1197548.608906836248934 ], [ 37112.129017552251753, 1208533.816858667414635 ], [ 41766.507409112738969, 1201699.316655282629654 ], [ 63312.627121637298842, 1201765.446897917427123 ], [ 63471.265807143034181, 1144602.802102480316535 ], [ 38200.15826958159596, 1143407.81722731073387 ], [ 12788.321733904382199, 1127801.413893271936104 ], [ 12769.452065065966963, 1101023.003736739978194 ], [ 5081.236439600757876, 1101049.826237651519477 ], [ 1175.89641010219475, 1089471.342043563723564 ], [ 6101.591015721705844, 1085131.55765197891742 ], [ -7141.210600492641788, 1085289.990254792617634 ], [ -7116.20159283177145, 1031622.93536333180964 ], [ -42477.996642726291611, 1031763.52150811732281 ], [ -13743.031079521007996, 1015422.019487340934575 ], [ -4811.054213321990574, 993634.113007107982412 ], [ -46835.355029060301604, 969201.981008590199053 ], [ -22520.636699907521688, 926382.043022785335779 ], [ -78825.471919155606884, 892594.825742606539279 ], [ -59342.113298494026822, 850744.56731380277779 ], [ -127987.188395390985534, 814997.462493117433041 ], [ -151012.445164410077268, 826345.69658285274636 ], [ -170253.971030239801621, 818683.431339292787015 ], [ -183404.048099144798471, 838392.567581238923594 ], [ -196063.010483220830793, 840801.1132911053719 ], [ -174291.136802798078861, 871710.617243561777286 ], [ -206365.105775691772578, 934425.991882981150411 ], [ -243286.926611157105071, 909395.348226185771637 ], [ -258131.747768157540122, 931816.831634651287459 ], [ -261889.368346830044175, 926011.578187926090322 ], [ -283050.940744105435442, 938802.81698827072978 ], [ -301408.384128863806836, 935998.137423447798938 ], [ -300194.142727127473336, 1005658.619156882050447 ], [ -341077.912504348321818, 1007355.17746794805862 ], [ -335544.936829998390749, 1104868.442888281540945 ], [ -322477.37277390412055, 1104388.258768579689786 ], [ -320783.6217730587814, 1153700.3964763735421 ], [ -272906.762404634617269, 1151914.521535022882745 ], [ -271314.366894952836446, 1200656.155538109596819 ], [ -222601.508071467193076, 1199478.276066808961332 ], [ -215859.092980549234198, 1235090.154607615899295 ] ] ] } },
{ "type": "Feature", "properties": { "OBJECTID": 337.0, "STATE": "Texas", "STATE_FIPS": "48", "CD_2DIG": "04", "STATE_CODE": 41, "CLIMDIV": 4104, "CD_NEW": 4, "FIPS_CD": "4804", "NCDC_GEO_I": 247.0, "NAME": "EAST TEXAS", "ST_ABBRV": "TX", "SHAPE_AREA": 0.0, "SHAPE_LEN": 0.0 }, "geometry": { "type": "Polygon", "coordinates": [ [ [ 70593.987046827183804, 1210877.564763444242999 ], [ 103967.049535139041836, 1187218.811647228430957 ], [ 142895.605569705512607, 1176228.290337170707062 ], [ 148842.303193447005469, 1165397.043617139570415 ], [ 167379.245845014113002, 1171290.312245322857052 ], [ 180420.692288804653799, 1166809.164185112342238 ], [ 184083.798912672587903, 992953.584982124273665 ], [ 199521.935708673176123, 979364.727890953538008 ], [ 208162.384717478213133, 961150.451853289501742 ], [ 206050.83377709868364, 944941.708252457436174 ], [ 216546.508907236042432, 940059.398043145542033 ], [ 213029.182385480293306, 935133.050139708793722 ], [ 223727.390517217718298, 924632.297424692544155 ], [ 219392.876557935611345, 917083.796346027986147 ], [ 229056.450789200491272, 901823.338070491445251 ], [ 234379.998462596850004, 903898.999647660180926 ], [ 235720.815282476920402, 875754.586322138318792 ], [ 216355.550156613549916, 831859.60318397032097 ], [ 220269.33892932740855, 799174.522508915280923 ], [ 180886.533745361142792, 797994.167446823208593 ], [ 183475.739060769730713, 793944.239889109157957 ], [ 181233.665958370605949, 788970.713854191824794 ], [ 135100.054033161984989, 782814.048205348779447 ], [ 121439.560843316998216, 824597.7969386811601 ], [ 110230.398758914598147, 824842.140951084438711 ], [ 80056.006407949273125, 808022.190827184240334 ], [ 86885.413486317862407, 788357.432579119573347 ], [ 70781.109069319165428, 773183.776758087333292 ], [ 44065.773643211723538, 788408.401637731702067 ], [ 17612.669301024499873, 778417.588908535544761 ], [ 3784.766773419444689, 787530.54053028835915 ], [ 16795.829748933108931, 745898.818711283849552 ], [ -3128.06219990694126, 739174.12265383452177 ], [ -11791.024602183755633, 751564.058729640673846 ], [ -8148.643229559855172, 769952.522797684185207 ], [ -18464.614031449600589, 782184.032568520866334 ], [ -9040.193602628833105, 803741.118287957040593 ], [ -17108.462942260393902, 813318.868275702930987 ], [ -27536.528684178061667, 809944.821726805064827 ], [ -34421.689071127657371, 829639.48395815922413 ], [ -57516.621510210890847, 840630.897175508667715 ], [ -54338.000045431050239, 847431.339759867987595 ], [ -78954.674074232767452, 892064.91802514786832 ], [ -22520.636699907521688, 926382.043022785335779 ], [ -46835.355029060301604, 969201.981008590199053 ], [ -5179.615202021830555, 993163.230568003142253 ], [ -5836.816793825006243, 1000580.900373621378094 ], [ -13758.392634892636124, 1015435.418353988206945 ], [ -42477.996642726291611, 1031763.52150811732281 ], [ -7116.20159283177145, 1031622.93536333180964 ], [ -7141.210600492641788, 1085289.990254792617634 ], [ 6101.591015721705844, 1085131.55765197891742 ], [ 1175.89641010219475, 1089471.342043563723564 ], [ 5081.236439600757876, 1101049.826237651519477 ], [ 12769.452065065966963, 1101023.003736739978194 ], [ 12788.321733904382199, 1127801.413893271936104 ], [ 38200.15826958159596, 1143407.81722731073387 ], [ 63471.265807143034181, 1144602.802102480316535 ], [ 63312.627121637298842, 1201765.446897917427123 ], [ 70593.987046827183804, 1210877.564763444242999 ] ] ] } },
{ "type": "Feature", "properties": { "OBJECTID": 338.0, "STATE": "Texas", "STATE_FIPS": "48", "CD_2DIG": "05", "STATE_CODE": 41, "CLIMDIV": 4105, "CD_NEW": 5, "FIPS_CD": "4805", "NCDC_GEO_I": 248.0, "NAME": "TRANS PECOS", "ST_ABBRV": "TX", "SHAPE_AREA": 0.0, "SHAPE_LEN": 0.0 }, "geometry": { "type": "Polygon", "coordinates": [ [ [ -663016.282763245864771, 1026135.693531783297658 ], [ -590155.251771317794919, 1020991.957440208178014 ], [ -598889.988853752845898, 909916.874620410031639 ], [ -607221.575453327852301, 910579.552843852550723 ], [ -607372.508852699073032, 910419.154083036468364 ], [ -559945.286396287265234, 889090.44048414286226 ], [ -554876.753141133231111, 864349.285659569897689 ], [ -540409.312749908538535, 854341.949249336263165 ], [ -550142.516573233879171, 832882.158163209678605 ], [ -542724.822112341411412, 823998.962230206234381 ], [ -552723.645911886473186, 818280.381019723950885 ], [ -556378.613370768260211, 762064.251053595449775 ], [ -590520.790624468238093, 765348.927377960877493 ], [ -609192.500510153709911, 776299.91826286597643 ], [ -616971.115616785362363, 763609.714142527198419 ], [ -644803.014456461183727, 763655.815430077724159 ], [ -668124.038412244059145, 721290.302695375634357 ], [ -667516.847687117988244, 707464.044822862255387 ], [ -680243.825083375093527, 703466.923355463775806 ], [ -697417.920843494008295, 681643.484694971470162 ], [ -780197.130280468612909, 727006.060105112148449 ], [ -822632.336041403003037, 765504.421162551851012 ], [ -836471.460578031139448, 799749.448569278116338 ], [ -835577.849600080517121, 833733.779015255509876 ], [ -848625.987522376119159, 852280.285251167253591 ], [ -852452.43825705954805, 876400.487026901799254 ], [ -894945.896072110626847, 908093.202726820600219 ], [ -941778.278577744960785, 970410.887436558259651 ], [ -964380.149098115274683, 984176.151738360524178 ], [ -977509.136092308326624, 1015291.704331635381095 ], [ -1000349.735985499224626, 1036244.559529818827286 ], [ -996543.469336731242947, 1047549.005519956815988 ], [ -663746.126290026702918, 1016521.694703891640529 ], [ -663016.282763245864771, 1026135.693531783297658 ] ] ] } },
{ "type": "Feature", "properties": { "OBJECTID": 339.0, "STATE": "Texas", "STATE_FIPS": "48", "CD_2DIG": "06", "STATE_CODE": 41, "CLIMDIV": 4106, "CD_NEW": 6, "FIPS_CD": "4806", "NCDC_GEO_I": 249.0, "NAME": "EDWARDS PLATEAU", "ST_ABBRV": "TX", "SHAPE_AREA": 0.0, "SHAPE_LEN": 0.0 }, "geometry": { "type": "Polygon", "coordinates": [ [ [ -494269.189088444923982, 1015184.000855714082718 ], [ -397741.949369250214659, 1009824.212149416329339 ], [ -400177.149499803723302, 954074.773496948531829 ], [ -350324.951965509564616, 951513.760838265297934 ], [ -332591.491442380240187, 933826.636586699518375 ], [ -283050.940744105435442, 938802.81698827072978 ], [ -263229.909503781236708, 926243.5100823167013 ], [ -258084.38447818759596, 931789.974386715446599 ], [ -243286.926611157105071, 909395.348226185771637 ], [ -206365.105775691772578, 934425.991882981150411 ], [ -181415.18902377775521, 890002.359934380510822 ], [ -174291.136802798078861, 871710.617243561777286 ], [ -189066.444310384278651, 855173.401035887538455 ], [ -221323.345327481511049, 776269.15147259098012 ], [ -283578.153324100130703, 725188.446284739417024 ], [ -288849.578538629226387, 732141.184897866100073 ], [ -330252.841274739766959, 733985.870181747013703 ], [ -332586.160868013452273, 674619.068032596725971 ], [ -454673.966812381520867, 679032.544646094087511 ], [ -490676.077985965705011, 722405.013205522089265 ], [ -509163.399519296595827, 730256.200299885473214 ], [ -508091.033947374438867, 741725.362602078472264 ], [ -513708.608891326701269, 736902.336222580284812 ], [ -521852.385981132800225, 758826.677087866119109 ], [ -556378.613370768260211, 762064.251053595449775 ], [ -552723.645911886473186, 818280.381019723950885 ], [ -542841.093138155061752, 823590.4752161889337 ], [ -550142.516573233879171, 832882.158163209678605 ], [ -540409.312749908538535, 854341.949249336263165 ], [ -554876.753141133231111, 864349.285659569897689 ], [ -560335.351139907957986, 889543.404146613087505 ], [ -607372.508852699073032, 910419.154083036468364 ], [ -598889.988853752845898, 909916.874620410031639 ], [ -596308.103791644563898, 972774.830442575155757 ], [ -497236.353259362862445, 966675.474286448792554 ], [ -494269.189088444923982, 1015184.000855714082718 ] ] ] } },
{ "type": "Feature", "properties": { "OBJECTID": 340.0, "STATE": "Texas", "STATE_FIPS": "48", "CD_2DIG": "07", "STATE_CODE": 41, "CLIMDIV": 4107, "CD_NEW": 7, "FIPS_CD": "4807", "NCDC_GEO_I": 250.0, "NAME": "SOUTH CENTRAL", "ST_ABBRV": "TX", "SHAPE_AREA": 0.0, "SHAPE_LEN": 0.0 }, "geometry": { "type": "MultiPolygon", "coordinates": [ [ [ [ -59057.482486560591497, 850487.180310448515229 ], [ -57473.72644970863621, 840593.397988532204181 ], [ -34421.689071127657371, 829639.48395815922413 ], [ -27536.528684178061667, 809944.821726805064827 ], [ -17108.462942260393902, 813318.868275702930987 ], [ -9040.193602628833105, 803741.118287957040593 ], [ -18464.614031449600589, 782184.032568520866334 ], [ -8148.643229559855172, 769952.522797684185207 ], [ -11791.024602183755633, 751564.058729640673846 ], [ -444.915320204756426, 737103.532623661332764 ], [ -2410.741002007085171, 725131.333624316728674 ], [ -16986.300096011251298, 728769.857280207099393 ], [ -33843.924522913323017, 703817.036016559693962 ], [ -127553.755543307182961, 644459.980176734155975 ], [ -113511.359437867213273, 635160.772356168250553 ], [ -113802.844418875916745, 609472.471297032665461 ], [ -75064.453427743763314, 595389.779125039000064 ], [ -84404.009884369821521, 594320.476301873568445 ], [ -77762.367369397630682, 587968.150754343601875 ], [ -79693.267630555012147, 572628.197517390130088 ], [ -92034.337474867439596, 562023.633581832400523 ], [ -90021.488911433538306, 578187.888607216067612 ], [ -96499.442918130560429, 562811.031140086008236 ], [ -101251.914406905532815, 565122.041728038457222 ], [ -99121.694351593774627, 569682.16569744690787 ], [ -100812.953530070459237, 571309.858777872170322 ], [ -116615.447978032985702, 566561.133555424283259 ], [ -124504.301164854725357, 557454.417627655784599 ], [ -113222.708316101008677, 552231.836044907569885 ], [ -117621.431511524802772, 545394.853946730843745 ], [ -110209.180737331800628, 552432.170425698277541 ], [ -111254.115960542374523, 555307.200520544894971 ], [ -100572.96966565233015, 559970.267725474550389 ], [ -117804.932258877131972, 529145.645267004263587 ], [ -125101.41053996339906, 535644.494295639335178 ], [ -153780.429628895100905, 535062.692750329500996 ], [ -136913.353070002805907, 531262.476030895020813 ], [ -135608.154559780959971, 520495.153832258249167 ], [ -123212.849767511565005, 514505.575163493107539 ], [ -125721.126318656359217, 513228.001112284313422 ], [ -128707.197384856190183, 507656.664909869490657 ], [ -140355.800728885020362, 474343.295176887942944 ], [ -150109.066417486174032, 469099.426353862625547 ], [ -153291.920287496614037, 469894.34255110839149 ], [ -153837.970269303943496, 470398.654872484155931 ], [ -146939.432923475309508, 477253.487241645809263 ], [ -145769.854930730420165, 489189.847281139111146 ], [ -148458.06486786561436, 490550.652835584362037 ], [ -154968.623206769960234, 483990.000533289217856 ], [ -146558.996290497569134, 482634.547251235344447 ], [ -160334.068337677890668, 470407.230149918235838 ], [ -167709.310661823808914, 483721.931246235908475 ], [ -175918.477138336311327, 489215.135291534126736 ], [ -165434.787599199946271, 470802.597391272429377 ], [ -197830.964596676989459, 462773.99208410497522 ], [ -204907.750325738859829, 468656.310900233394932 ], [ -204183.431658196815988, 509984.916130826401059 ], [ -192575.901942734752083, 509747.61643466737587 ], [ -191220.476437071134569, 537256.367861523525789 ], [ -176556.655605924635893, 551157.77602922229562 ], [ -188154.973709853511536, 559561.773588877986185 ], [ -178149.817843402881408, 569924.981586654204875 ], [ -204658.276144164934522, 623485.965751076932065 ], [ -196319.334535785543267, 626322.501869941828772 ], [ -234487.551482962066075, 674172.747716072248295 ], [ -272743.437599685043097, 690317.664485854795203 ], [ -273281.261084331956226, 672562.30872606835328 ], [ -332586.160868013452273, 674619.068032596725971 ], [ -330252.841274739766959, 733985.870181747013703 ], [ -288849.578538629226387, 732141.184897866100073 ], [ -287897.466437536932062, 724168.492699957336299 ], [ -255810.771922090090811, 744663.328236527973786 ], [ -221323.345327481511049, 776269.15147259098012 ], [ -196063.010483220830793, 840801.1132911053719 ], [ -183404.048099144798471, 838392.567581238923594 ], [ -170253.971030239801621, 818683.431339292787015 ], [ -151012.445164410077268, 826345.69658285274636 ], [ -127987.188395390985534, 814997.462493117433041 ], [ -59057.482486560591497, 850487.180310448515229 ] ] ], [ [ [ -120368.858173728629481, 504813.738962982024532 ], [ -115430.802256525334087, 512861.759984705829993 ], [ -134147.32175895042019, 469260.249718625331298 ], [ -136497.351794822374359, 469309.297786822658964 ], [ -121653.232402766952873, 503088.173572839703411 ], [ -124920.368094041885342, 510931.853805789723992 ], [ -120368.858173728629481, 504813.738962982024532 ] ] ], [ [ [ -103376.729302302061114, 530745.758790896623395 ], [ -84876.75318364155828, 555042.07269908033777 ], [ -84959.076598338768235, 554274.327324555837549 ], [ -103376.729302302061114, 530745.758790896623395 ] ] ], [ [ [ -109330.130045511643402, 530020.903843847569078 ], [ -103338.007658703048946, 530228.516946952324361 ], [ -115993.536078090968658, 513283.102005506400019 ], [ -109330.130045511643402, 530020.903843847569078 ] ] ], [ [ [ -111681.359447347378591, 530718.579827351612039 ], [ -104950.665288875708939, 531529.830997368087992 ], [ -109701.891590329061728, 530678.487340691732243 ], [ -111681.359447347378591, 530718.579827351612039 ] ] ], [ [ [ -96844.74042639893014, 562227.783047742326744 ], [ -97565.02293584671861, 562804.174291199655272 ], [ -96444.283523534948472, 562357.428448714199476 ], [ -96844.74042639893014, 562227.783047742326744 ] ] ], [ [ [ -112840.105853151675547, 536988.545261410414241 ], [ -112281.915280200948473, 537280.273531660437584 ], [ -112421.560993524471996, 536901.60761740221642 ], [ -112840.105853151675547, 536988.545261410414241 ] ] ], [ [ [ -125167.626872256019851, 508749.512102170847356 ], [ -124384.099414000971592, 509110.16266953520244 ], [ -125089.170422270297422, 508707.318253580422606 ], [ -125219.10985971831542, 508016.422516203951091 ], [ -125626.944508338419837, 507895.310274591902271 ], [ -125167.626872256019851, 508749.512102170847356 ] ] ], [ [ [ -81095.136583949817577, 566798.029257162939757 ], [ -80789.156644501723349, 566532.11295801459346 ], [ -80936.801593390468042, 566548.523714669514447 ], [ -81095.136583949817577, 566798.029257162939757 ] ] ] ] } },
{ "type": "Feature", "properties": { "OBJECTID": 341.0, "STATE": "Texas", "STATE_FIPS": "48", "CD_2DIG": "09", "STATE_CODE": 41, "CLIMDIV": 4109, "CD_NEW": 9, "FIPS_CD": "4809", "NCDC_GEO_I": 251.0, "NAME": "SOUTHERN", "ST_ABBRV": "TX", "SHAPE_AREA": 0.0, "SHAPE_LEN": 0.0 }, "geometry": { "type": "MultiPolygon", "coordinates": [ [ [ [ -232735.393459863873431, 671954.58003072545398 ], [ -196319.334535785543267, 626322.501869941828772 ], [ -204658.276144164934522, 623485.965751076932065 ], [ -178149.817843402881408, 569924.981586654204875 ], [ -187691.575058655551402, 562457.600907885702327 ], [ -176556.655605924635893, 551157.77602922229562 ], [ -191220.476437071134569, 537256.367861523525789 ], [ -192575.901942734752083, 509747.61643466737587 ], [ -204183.431658196815988, 509984.916130826401059 ], [ -204907.750325738859829, 468656.310900233394932 ], [ -197774.094728118012426, 462772.473106544231996 ], [ -177557.922910025867168, 470619.757579744211398 ], [ -141735.546852032362949, 467710.834189683315344 ], [ -158721.88465408506454, 422409.583475459832698 ], [ -147367.760444988874951, 412281.27161199162947 ], [ -144666.353951582364971, 395051.670793071913067 ], [ -199146.943604057043558, 397485.720238987531047 ], [ -198786.605374576029135, 415647.526594969967846 ], [ -232332.249013009190094, 416645.764048611745238 ], [ -260536.029005001386395, 359561.267636909906287 ], [ -268447.915590260759927, 357345.240455185878091 ], [ -282314.077522222185507, 372449.323665735137183 ], [ -312700.822269596683327, 379682.71442621195456 ], [ -326975.323148703784682, 426050.618785054015461 ], [ -344074.544140518934, 446550.083404244447593 ], [ -342645.845245886244811, 471423.64112624921836 ], [ -351972.856466226803605, 479159.694308131060097 ], [ -348382.696245507569984, 506734.524877889198251 ], [ -383489.207888679171447, 533467.664902385207824 ], [ -388095.631499758281279, 553889.537184824701399 ], [ -422097.247005908982828, 587915.794042066554539 ], [ -425138.917847554897889, 612823.961160784703679 ], [ -440612.463099885557313, 631557.641480666701682 ], [ -454673.966812381520867, 679032.544646094087511 ], [ -273281.261084331956226, 672562.30872606835328 ], [ -272743.437599685043097, 690317.664485854795203 ], [ -232735.393459863873431, 671954.58003072545398 ] ] ], [ [ [ -134147.32175895042019, 469260.249718625331298 ], [ -137504.39803050737828, 434304.496900296537206 ], [ -129219.998227764619514, 394581.976893641287461 ], [ -139430.441187750577228, 423506.889478213211987 ], [ -134147.32175895042019, 469260.249718625331298 ] ] ], [ [ [ -134993.77307255420601, 400271.387910679040942 ], [ -133122.923448241548613, 403070.38293520163279 ], [ -133802.647810474416474, 401843.802785807580221 ], [ -130451.386430702012149, 394592.805537232372444 ], [ -134993.77307255420601, 400271.387910679040942 ] ] ], [ [ [ -146775.751229367917404, 437938.939535064040683 ], [ -144882.726407015870791, 438523.601801320561208 ], [ -146936.197118553303881, 435459.539312535722274 ], [ -146775.751229367917404, 437938.939535064040683 ] ] ], [ [ [ -143923.655015215656022, 455634.605127503338736 ], [ -144106.70770004321821, 451451.581516981357709 ], [ -144796.039809049543692, 452597.267703250690829 ], [ -143923.655015215656022, 455634.605127503338736 ] ] ], [ [ [ -136497.351794822374359, 469309.297786822658964 ], [ -136662.799103146215202, 468986.988085499731824 ], [ -136723.06044266212848, 469061.042517020250671 ], [ -136497.351794822374359, 469309.297786822658964 ] ] ], [ [ [ -135853.910900776449125, 469293.973248607479036 ], [ -136005.775667233247077, 469028.439106302743312 ], [ -135955.508417598321103, 469297.747444600914605 ], [ -135853.910900776449125, 469293.973248607479036 ] ] ], [ [ [ -135495.096073969907593, 469286.843066780187655 ], [ -135748.415314306883374, 469166.370649196964223 ], [ -135781.949506058095722, 469292.499166131659877 ], [ -135495.096073969907593, 469286.843066780187655 ] ] ] ] } },
{ "type": "Feature", "properties": { "OBJECTID": 342.0, "STATE": "Texas", "STATE_FIPS": "48", "CD_2DIG": "08", "STATE_CODE": 41, "CLIMDIV": 4108, "CD_NEW": 8, "FIPS_CD": "4808", "NCDC_GEO_I": 252.0, "NAME": "UPPER COAST", "ST_ABBRV": "TX", "SHAPE_AREA": 0.0, "SHAPE_LEN": 0.0 }, "geometry": { "type": "MultiPolygon", "coordinates": [ [ [ [ 80056.006407949273125, 808022.190827184240334 ], [ 121439.560843316998216, 824597.7969386811601 ], [ 135100.054033161984989, 782814.048205348779447 ], [ 181233.665958370605949, 788970.713854191824794 ], [ 180886.533745361142792, 797994.167446823208593 ], [ 220518.209440302627627, 798983.392123670317233 ], [ 221488.222076408448629, 778380.10857044684235 ], [ 200150.38487372349482, 750436.751920222654007 ], [ 209188.292240830429364, 736138.753505855100229 ], [ 187601.224871284590336, 734732.679008081788197 ], [ 145529.547291015012888, 715833.730352926184423 ], [ 148464.104800488508772, 721503.275726456777193 ], [ 140223.904698730882956, 723209.172377657494508 ], [ 119887.235082419516402, 717409.595015141647309 ], [ 126656.767979956042836, 731853.862281557405367 ], [ 121739.622073872902547, 746706.972988294903189 ], [ 94204.215574972724426, 726848.8679446389433 ], [ 115605.210595565484255, 699557.692575109191239 ], [ 108162.08948337554466, 702318.179378433502279 ], [ 107085.747986396250781, 692717.803638020879589 ], [ 102883.842866626306204, 694014.386828757822514 ], [ 96477.720850614467054, 690099.703248204430565 ], [ 87826.494460202855407, 678497.448006781516597 ], [ 77201.876406245166436, 682460.963288055034354 ], [ 82954.52804583235411, 678815.003290216205642 ], [ 75884.440785214435891, 660586.163166438345797 ], [ 85443.946133669567644, 666738.308884498197585 ], [ 60177.13305401110847, 643768.207131892675534 ], [ 7215.97264320236718, 625376.747097841347568 ], [ 3738.250966072719621, 617065.14125930191949 ], [ 29619.901317832696805, 628244.865418310859241 ], [ 2221.405746311424991, 613904.741821440286003 ], [ 2834.718175504828196, 620633.357650824589655 ], [ 685.693218013103547, 621280.168152725673281 ], [ -22230.408289110771875, 612046.551646130392328 ], [ -16901.45444612405845, 632301.874436987913214 ], [ -35450.363185951609921, 617183.414077464374714 ], [ -38117.075817378936335, 628723.331820582621731 ], [ -42577.775865464776871, 628973.252143297111616 ], [ -36617.849801611497242, 617136.831332761095837 ], [ -37414.257890437176684, 616240.436185096506961 ], [ -46357.097933292425296, 611452.660149316769093 ], [ -47776.345697462973476, 611028.628000092925504 ], [ -42641.881917289487319, 614756.928521089954302 ], [ -45215.696826961946499, 621934.54891725233756 ], [ -47403.363080664887093, 615073.261549313785508 ], [ -63009.904355766804656, 626874.967431778088212 ], [ -62677.71038387430599, 611401.616596277453937 ], [ -39494.462383276528271, 597196.280926493811421 ], [ -65453.610440403368557, 583989.826136823394336 ], [ -77707.796585317104473, 601668.336151068797335 ], [ -79953.66775097012578, 595870.941301922430284 ], [ -86754.959378593091969, 604252.05221958970651 ], [ -113802.844418875916745, 609472.471297032665461 ], [ -113511.359437867213273, 635160.772356168250553 ], [ -127553.755543307182961, 644459.980176734155975 ], [ -33843.924522913323017, 703817.036016559693962 ], [ -16986.300096011251298, 728769.857280207099393 ], [ -2410.741002007085171, 725131.333624316728674 ], [ -3128.06219990694126, 739174.12265383452177 ], [ 16795.829748933108931, 745898.818711283849552 ], [ 3769.381711695104514, 787516.879685198306106 ], [ 17612.669301024499873, 778417.588908535544761 ], [ 44065.773643211723538, 788408.401637731702067 ], [ 70781.109069319165428, 773183.776758087333292 ], [ 86885.413486317862407, 788357.432579119573347 ], [ 80056.006407949273125, 808022.190827184240334 ] ] ], [ [ [ -44292.770369468860736, 585278.174046840751544 ], [ -39113.520380878428114, 585993.593677806551568 ], [ -40679.846929686413205, 584212.98431953205727 ], [ -83978.619214281192399, 555566.236123958136886 ], [ -80407.599209926003823, 567652.960749303223565 ], [ -73744.225790571057587, 567229.757165110902861 ], [ -59510.946678268017422, 579943.278358210227452 ], [ -50730.614848574783537, 581676.201619634404778 ], [ -53764.102309343485103, 581977.628200983628631 ], [ -44292.770369468860736, 585278.174046840751544 ] ] ], [ [ [ 120566.733091601388878, 694621.456490882439539 ], [ 117705.937661009462317, 690849.118275144603103 ], [ 97415.082352308483678, 677293.319659352768213 ], [ 91318.453397467921604, 672795.831198223284446 ], [ 86994.624226162966806, 668843.572653829702176 ], [ 86625.000258718268014, 668760.153570116613992 ], [ 104954.39616518036928, 684909.899221708998084 ], [ 105442.25930594059173, 687707.98432096617762 ], [ 113435.790433113419567, 690125.277581133879721 ], [ 108824.004720311786514, 690062.15975596930366 ], [ 109179.893877895578044, 691631.343391843722202 ], [ 120566.733091601388878, 694621.456490882439539 ] ] ], [ [ [ 144936.144492457417073, 716181.567037810804322 ], [ 123235.556469235321856, 700240.771232524653897 ], [ 118635.978254042289336, 699336.840894610853866 ], [ 127948.706653740809998, 709681.589935264899395 ], [ 144936.144492457417073, 716181.567037810804322 ] ] ], [ [ [ -22168.473835657048767, 602920.712419832125306 ], [ 1556.515051492146995, 613495.505057009635493 ], [ -21609.941081036031392, 602221.154302144190297 ], [ -22168.473835657048767, 602920.712419832125306 ] ] ], [ [ [ 136550.185307468025712, 714115.682506050914526 ], [ 144338.812514670920791, 717203.86639530735556 ], [ 127770.394182955395081, 709714.586652020225301 ], [ 125528.907388543113484, 707727.689797486178577 ], [ 128804.005154152648174, 712307.356260415515862 ], [ 136550.185307468025712, 714115.682506050914526 ] ] ], [ [ [ -32724.472684989024856, 595925.794968097703531 ], [ -22197.122590618415416, 601892.597418822115287 ], [ -31475.470840224170388, 594900.225429677520879 ], [ -32724.472684989024856, 595925.794968097703531 ] ] ], [ [ [ 114440.5497955208848, 694113.582281296490692 ], [ 118843.501481888990384, 696647.292984516941942 ], [ 116918.077719766122755, 693863.285961634828709 ], [ 114440.5497955208848, 694113.582281296490692 ] ] ], [ [ [ -34054.688860747774015, 595448.65688924852293 ], [ -37218.517900054932397, 591000.651261566672474 ], [ -38370.020019342839078, 590982.208977624773979 ], [ -34054.688860747774015, 595448.65688924852293 ] ] ], [ [ [ -78568.122885996592231, 578878.431424717302434 ], [ -78134.190360828622943, 573661.11032947327476 ], [ -79693.267630555012147, 572628.197517390130088 ], [ -78568.122885996592231, 578878.431424717302434 ] ] ], [ [ [ 104705.993179108394543, 692499.390757349785417 ], [ 105513.979081071927794, 691535.670142644550651 ], [ 104065.173416749094031, 692150.113993025035597 ], [ 104705.993179108394543, 692499.390757349785417 ] ] ], [ [ [ -45778.572768308724335, 584945.802232380607165 ], [ -46054.783201328347786, 584683.780064570135437 ], [ -46230.404588109246106, 584702.331064778263681 ], [ -45778.572768308724335, 584945.802232380607165 ] ] ], [ [ [ 104592.446838747055153, 687175.303234692080878 ], [ 104792.324275932347518, 687045.953847521333955 ], [ 104407.744357539952034, 686883.067180488724262 ], [ 104592.446838747055153, 687175.303234692080878 ] ] ] ] } },
{ "type": "Feature", "properties": { "OBJECTID": 343.0, "STATE": "Texas", "STATE_FIPS": "48", "CD_2DIG": "10", "STATE_CODE": 41, "CLIMDIV": 4110, "CD_NEW": 10, "FIPS_CD": "4810", "NCDC_GEO_I": 253.0, "NAME": "LOWER VALLEY", "ST_ABBRV": "TX", "SHAPE_AREA": 0.0, "SHAPE_LEN": 0.0 }, "geometry": { "type": "MultiPolygon", "coordinates": [ [ [ [ -232332.249013009190094, 416645.764048611745238 ], [ -198786.605374576029135, 415647.526594969967846 ], [ -199146.943604057043558, 397485.720238987531047 ], [ -144502.479723881260725, 394721.381608315336052 ], [ -148444.919859620829811, 379024.968033154436853 ], [ -139910.563909029704519, 374486.733287496317644 ], [ -142296.37374811488553, 367248.083906597632449 ], [ -133961.491006983793341, 367404.229159963724669 ], [ -132292.854607407731237, 341715.943757780594751 ], [ -121107.255430489472928, 336782.963416678830981 ], [ -122737.410067106131464, 335276.088869667204563 ], [ -122117.119398303970229, 333201.359226218832191 ], [ -123418.581128186837304, 332375.54842109256424 ], [ -124210.533438915284933, 336218.847550012811553 ], [ -126194.720203469216358, 336459.774908479070291 ], [ -128043.596028310596012, 335266.921732947055716 ], [ -127072.55580788118823, 328128.531500014127232 ], [ -116368.584741909100558, 330001.898715847288258 ], [ -116059.879491626415984, 323278.462243669724558 ], [ -129823.909731973879389, 324126.937195011065342 ], [ -144133.764546948747011, 311306.006898368592374 ], [ -167928.923144472297281, 333354.433903019060381 ], [ -221561.348430707788793, 336156.586642339651007 ], [ -246378.962381280696718, 355567.115872659836896 ], [ -259877.360117623116821, 357094.529890877660364 ], [ -232332.249013009190094, 416645.764048611745238 ] ] ], [ [ [ -133650.939224837202346, 390279.317352960584685 ], [ -127450.143542714911746, 390404.523145938699599 ], [ -127377.609525650754222, 389167.993837858026382 ], [ -123631.253231114984374, 376165.715878887684084 ], [ -120268.57445103378268, 362156.773857943364419 ], [ -116542.838849765568739, 335856.536292400269303 ], [ -126964.121822911096388, 387405.009857440541964 ], [ -128076.097907277508057, 390110.557260866044089 ], [ -129023.123514045480988, 386202.776276561780833 ], [ -133650.939224837202346, 390279.317352960584685 ] ] ], [ [ [ -128573.052995900652604, 391204.131955273041967 ], [ -127993.804253221140243, 390699.527229128347244 ], [ -131404.743183968297672, 390741.509189952746965 ], [ -128573.052995900652604, 391204.131955273041967 ] ] ], [ [ [ -118431.562852365197614, 334828.386406527075451 ], [ -116496.398029737567413, 333395.020883578516077 ], [ -116490.185836455959361, 330844.895015299145598 ], [ -116632.876374877800117, 330474.067682859837078 ], [ -118431.562852365197614, 334828.386406527075451 ] ] ], [ [ [ -122082.620621463065618, 335372.719740460452158 ], [ -120545.679094316248666, 334186.602181617752649 ], [ -121622.938201428522007, 333762.48074895713944 ], [ -122082.620621463065618, 335372.719740460452158 ] ] ] ] } },
{ "type": "Feature", "properties": { "OBJECTID": 344.0, "STATE": "South Dakota", "STATE_FIPS": "46", "CD_2DIG": "01", "STATE_CODE": 39, "CLIMDIV": 3901, "CD_NEW": 1, "FIPS_CD": "4601", "NCDC_GEO_I": 254.0, "NAME": "NORTHWEST", "ST_ABBRV": "SD", "SHAPE_AREA": 0.0, "SHAPE_LEN": 0.0 }, "geometry": { "type": "Polygon", "coordinates": [ [ [ -623882.820792097132653, 2577214.224130695220083 ], [ -424451.394247657677624, 2562863.003061225637794 ], [ -433532.256925122404937, 2409786.961267699487507 ], [ -609310.038755664019845, 2420413.006888513453305 ], [ -637135.63917703484185, 2430693.376865071710199 ], [ -623882.820792097132653, 2577214.224130695220083 ] ] ] } },
{ "type": "Feature", "properties": { "OBJECTID": 1.0, "STATE": "South Dakota", "STATE_FIPS": "46", "CD_2DIG": "02", "STATE_CODE": 39, "CLIMDIV": 3902, "CD_NEW": 2, "FIPS_CD": "4602", "NCDC_GEO_I": 255.0, "NAME": "NORTH CENTRAL", "ST_ABBRV": "SD", "SHAPE_AREA": 0.0, "SHAPE_LEN": 0.0 }, "geometry": { "type": "Polygon", "coordinates": [ [ [ -424451.535334484069608, 2562863.011190998833627 ], [ -239482.488768093055114, 2554103.816701883915812 ], [ -243112.301755151973339, 2449782.044795837253332 ], [ -430801.768048081721645, 2458131.419056797865778 ], [ -424451.535334484069608, 2562863.011190998833627 ] ] ] } },
{ "type": "Feature", "properties": { "OBJECTID": 2.0, "STATE": "South Dakota", "STATE_FIPS": "46", "CD_2DIG": "03", "STATE_CODE": 39, "CLIMDIV": 3903, "CD_NEW": 3, "FIPS_CD": "4603", "NCDC_GEO_I": 256.0, "NAME": "NORTHEAST", "ST_ABBRV": "SD", "SHAPE_AREA": 0.0, "SHAPE_LEN": 0.0 }, "geometry": { "type": "Polygon", "coordinates": [ [ [ -237695.486506728106178, 2554035.070794185157865 ], [ -43738.064994968473911, 2549801.216847950126976 ], [ -45401.523168664818513, 2536939.018165220040828 ], [ -66933.039235961259692, 2513403.445045864675194 ], [ -54000.229222290516191, 2492128.674506214912981 ], [ -38306.041052238193515, 2485536.538145487196743 ], [ -35589.277652800657961, 2446027.558454876299948 ], [ -243112.301755151973339, 2449782.044795837253332 ], [ -237695.486506728106178, 2554035.070794185157865 ] ] ] } },
{ "type": "Feature", "properties": { "OBJECTID": 3.0, "STATE": "South Dakota", "STATE_FIPS": "46", "CD_2DIG": "04", "STATE_CODE": 39, "CLIMDIV": 3904, "CD_NEW": 4, "FIPS_CD": "4604", "NCDC_GEO_I": 257.0, "NAME": "BLACK HILLS", "ST_ABBRV": "SD", "SHAPE_AREA": 0.0, "SHAPE_LEN": 0.0 }, "geometry": { "type": "Polygon", "coordinates": [ [ [ -637135.63917703484185, 2430693.376865071710199 ], [ -589565.528986278455704, 2407550.854794246610254 ], [ -572139.32432333251927, 2357914.502556781750172 ], [ -580459.224544388707727, 2325545.767188461497426 ], [ -596412.749097113963217, 2308871.273258333560079 ], [ -601049.542658710968681, 2271384.722200245596468 ], [ -609023.061039456981234, 2267982.110424150247127 ], [ -625859.408384099719115, 2270459.880652667488903 ], [ -647622.231637558084913, 2306368.036164728458971 ], [ -637135.63917703484185, 2430693.376865071710199 ] ] ] } },
{ "type": "Feature", "properties": { "OBJECTID": 4.0, "STATE": "South Dakota", "STATE_FIPS": "46", "CD_2DIG": "06", "STATE_CODE": 39, "CLIMDIV": 3906, "CD_NEW": 6, "FIPS_CD": "4606", "NCDC_GEO_I": 258.0, "NAME": "CENTRAL", "ST_ABBRV": "SD", "SHAPE_AREA": 0.0, "SHAPE_LEN": 0.0 }, "geometry": { "type": "Polygon", "coordinates": [ [ [ -248951.370694921875838, 2282544.609405729454011 ], [ -291589.670527900860179, 2284094.159210769925267 ], [ -293239.124175942270085, 2313926.464454481843859 ], [ -310812.60008406941779, 2303932.481859005521983 ], [ -367888.214379336568527, 2317440.728705927729607 ], [ -379830.540521154413, 2311151.116929893847555 ], [ -402655.151555078104138, 2329134.748690086882561 ], [ -438371.408517904113978, 2324078.203207831364125 ], [ -430801.768048081721645, 2458131.419056797865778 ], [ -243112.301755151973339, 2449782.044795837253332 ], [ -248951.370694921875838, 2282544.609405729454011 ] ] ] } },
{ "type": "Feature", "properties": { "OBJECTID": 5.0, "STATE": "South Dakota", "STATE_FIPS": "46", "CD_2DIG": "07", "STATE_CODE": 39, "CLIMDIV": 3907, "CD_NEW": 7, "FIPS_CD": "4607", "NCDC_GEO_I": 259.0, "NAME": "EAST CENTRAL", "ST_ABBRV": "SD", "SHAPE_AREA": 0.0, "SHAPE_LEN": 0.0 }, "geometry": { "type": "Polygon", "coordinates": [ [ [ -35590.961034318606835, 2446027.784525838214904 ], [ -36201.784468704172468, 2334405.899618604686111 ], [ -246975.228166999906534, 2338336.467725612223148 ], [ -243112.301755151973339, 2449782.044795837253332 ], [ -35590.961034318606835, 2446027.784525838214904 ] ] ] } },
{ "type": "Feature", "properties": { "OBJECTID": 6.0, "STATE": "South Dakota", "STATE_FIPS": "46", "CD_2DIG": "09", "STATE_CODE": 39, "CLIMDIV": 3909, "CD_NEW": 9, "FIPS_CD": "4609", "NCDC_GEO_I": 260.0, "NAME": "SOUTHEAST", "ST_ABBRV": "SD", "SHAPE_AREA": 0.0, "SHAPE_LEN": 0.0 }, "geometry": { "type": "Polygon", "coordinates": [ [ [ -250928.871335664240178, 2226594.588167952839285 ], [ -246975.228166999906534, 2338336.467725612223148 ], [ -36229.304426496091764, 2334406.030851231422275 ], [ -36471.132190202864876, 2278727.466127577703446 ], [ -48239.055224467811058, 2278738.147964019794017 ], [ -48486.803396332266857, 2272935.598598557990044 ], [ -42052.453537741130276, 2265949.961507346946746 ], [ -45997.159432705644576, 2248823.756947546266019 ], [ -35341.199465957608481, 2236217.880897606257349 ], [ -52071.337920278558158, 2193458.948128526099026 ], [ -36222.050417000391462, 2165736.49133270746097 ], [ -49940.478848731909238, 2167667.625459640752524 ], [ -56486.189706521065091, 2184604.239936370868236 ], [ -106158.361369411504711, 2208640.698888000566512 ], [ -149910.295017916621873, 2209380.960224259644747 ], [ -164128.084652698540594, 2197898.518401028122753 ], [ -202588.179876090114703, 2225204.967469604220241 ], [ -250928.871335664240178, 2226594.588167952839285 ] ] ] } },
{ "type": "Feature", "properties": { "OBJECTID": 7.0, "STATE": "South Dakota", "STATE_FIPS": "46", "CD_2DIG": "08", "STATE_CODE": 39, "CLIMDIV": 3908, "CD_NEW": 8, "FIPS_CD": "4608", "NCDC_GEO_I": 261.0, "NAME": "SOUTH CENTRAL", "ST_ABBRV": "SD", "SHAPE_AREA": 0.0, "SHAPE_LEN": 0.0 }, "geometry": { "type": "Polygon", "coordinates": [ [ [ -402308.915786191180814, 2328346.103828657418489 ], [ -379829.927061443740968, 2311163.420323719270527 ], [ -367887.619739118556026, 2317453.03163281455636 ], [ -310812.098325853410643, 2303944.791233416646719 ], [ -293100.624192212882917, 2313882.435566731262952 ], [ -291589.688111563969869, 2284094.138886462897062 ], [ -248952.75756662877393, 2282544.655965737998486 ], [ -250935.499362757225754, 2226595.267686784267426 ], [ -443417.575626073288731, 2235132.11563670868054 ], [ -438371.408517904113978, 2324078.203207831364125 ], [ -402308.915786191180814, 2328346.103828657418489 ] ] ] } },
{ "type": "Feature", "properties": { "OBJECTID": 8.0, "STATE": "South Dakota", "STATE_FIPS": "46", "CD_2DIG": "05", "STATE_CODE": 39, "CLIMDIV": 3905, "CD_NEW": 5, "FIPS_CD": "4605", "NCDC_GEO_I": 262.0, "NAME": "SOUTHWEST", "ST_ABBRV": "SD", "SHAPE_AREA": 0.0, "SHAPE_LEN": 0.0 }, "geometry": { "type": "Polygon", "coordinates": [ [ [ -433532.258955881523434, 2409786.95947833545506 ], [ -443417.450943533505779, 2235132.109054657630622 ], [ -652235.694145951070823, 2250353.57822200935334 ], [ -647622.231637558084913, 2306368.036164728458971 ], [ -625859.220915299258195, 2270459.78471889346838 ], [ -601049.820164877572097, 2271384.947873407974839 ], [ -596412.749097113963217, 2308871.273258333560079 ], [ -573500.573503979947418, 2339897.454406229779124 ], [ -579453.709465074585751, 2392012.582597037777305 ], [ -609309.911277052015066, 2420412.79302017390728 ], [ -433532.258955881523434, 2409786.95947833545506 ] ] ] } },
{ "type": "Feature", "properties": { "OBJECTID": 9.0, "STATE": "Maine", "STATE_FIPS": "23", "CD_2DIG": "01", "STATE_CODE": 17, "CLIMDIV": 1701, "CD_NEW": 1, "FIPS_CD": "2301", "NCDC_GEO_I": 263.0, "NAME": "NORTHERN", "ST_ABBRV": "ME", "SHAPE_AREA": 0.0, "SHAPE_LEN": 0.0 }, "geometry": { "type": "Polygon", "coordinates": [ [ [ 2165529.750764283817261, 2845024.809105410240591 ], [ 2072133.608215807704255, 2772721.555483598727733 ], [ 2037868.352969140512869, 2734907.309136532247066 ], [ 1980800.620560451410711, 2638875.237676537595689 ], [ 1965391.127160734497011, 2627590.594548910390586 ], [ 1930737.380100254435092, 2734239.486156038474292 ], [ 1939812.940507342340425, 2740561.530851206742227 ], [ 1950153.42268570093438, 2730705.929329555016011 ], [ 1948866.109391880687326, 2753115.578747918363661 ], [ 1962462.58134071691893, 2751854.92107075965032 ], [ 1952027.949248446151614, 2763889.593556117266417 ], [ 1975733.224937523016706, 2813956.531764637678862 ], [ 1964294.193001840263605, 2845431.626682695932686 ], [ 1975205.070377973373979, 2874254.752104001585394 ], [ 1971236.322121826699004, 2905320.904739157762378 ], [ 2004761.282958046300337, 3002824.420623890589923 ], [ 2018954.018331636674702, 3003223.735136874485761 ], [ 2023745.083948088111356, 2984942.191810727585107 ], [ 2036950.230918158544227, 2979864.771290527656674 ], [ 2076396.985153866931796, 3012495.462677547242492 ], [ 2121702.954998925328255, 2992440.159303179942071 ], [ 2165529.750764283817261, 2845024.809105410240591 ] ] ] } },
{ "type": "Feature", "properties": { "OBJECTID": 10.0, "STATE": "Maine", "STATE_FIPS": "23", "CD_2DIG": "02", "STATE_CODE": 17, "CLIMDIV": 1702, "CD_NEW": 2, "FIPS_CD": "2302", "NCDC_GEO_I": 264.0, "NAME": "SOUTHERN INTERIOR", "ST_ABBRV": "ME", "SHAPE_AREA": 0.0, "SHAPE_LEN": 0.0 }, "geometry": { "type": "Polygon", "coordinates": [ [ [ 2230740.982136387377977, 2804394.262474944349378 ], [ 2213106.158731615170836, 2771376.183790311682969 ], [ 2098843.851063688285649, 2682187.887947732582688 ], [ 2033179.445580438012257, 2600537.513353765476495 ], [ 2023823.638064340688288, 2569365.733171600848436 ], [ 1993948.523179141804576, 2529255.01423347601667 ], [ 1965391.124332342995331, 2627590.603129299357533 ], [ 1980800.620560451410711, 2638875.237676537595689 ], [ 2037868.352969140512869, 2734907.309136532247066 ], [ 2093885.047485160874203, 2792147.860653714742512 ], [ 2170581.826385789550841, 2847525.55781564116478 ], [ 2197228.121222049929202, 2842957.346295412629843 ], [ 2200431.671675244346261, 2834998.895091144368052 ], [ 2194360.640787391923368, 2831534.002802610397339 ], [ 2212594.378380395937711, 2798931.190749090630561 ], [ 2230740.982136387377977, 2804394.262474944349378 ] ] ] } },
{ "type": "Feature", "properties": { "OBJECTID": 11.0, "STATE": "Maine", "STATE_FIPS": "23", "CD_2DIG": "03", "STATE_CODE": 17, "CLIMDIV": 1703, "CD_NEW": 3, "FIPS_CD": "2303", "NCDC_GEO_I": 265.0, "NAME": "COASTAL", "ST_ABBRV": "ME", "SHAPE_AREA": 0.0, "SHAPE_LEN": 0.0 }, "geometry": { "type": "MultiPolygon", "coordinates": [ [ [ [ 2127024.835489257704467, 2699078.947369305416942 ], [ 2124878.546144718769938, 2687618.599809707608074 ], [ 2115972.442823205608875, 2684357.533240060787648 ], [ 2122157.176713647320867, 2674474.658851585816592 ], [ 2117067.988289854489267, 2648135.211068288423121 ], [ 2122584.676761296577752, 2647655.890986307989806 ], [ 2114615.229996268637478, 2626759.026292936410755 ], [ 2111378.320007466711104, 2624125.18281934922561 ], [ 2109085.351667337585241, 2627618.990792775526643 ], [ 2114085.352320377714932, 2642531.448462024331093 ], [ 2106643.563990002498031, 2626979.439731064252555 ], [ 2096901.148112403228879, 2640517.12911714008078 ], [ 2095099.024643974145874, 2610285.979642518330365 ], [ 2089555.295126712881029, 2618510.827685828320682 ], [ 2089091.678194387583062, 2605776.104054757393897 ], [ 2078890.968673119554296, 2611550.778918175026774 ], [ 2073774.131734704365954, 2588262.615851424634457 ], [ 2064765.4906516734045, 2610048.223520881030709 ], [ 2060519.80304933548905, 2602243.219224726781249 ], [ 2061112.730295224348083, 2595985.381231606937945 ], [ 2058139.551427663769573, 2587246.615651828236878 ], [ 2060166.607909486396238, 2603603.201219839975238 ], [ 2049038.783277108799666, 2597696.943538117688149 ], [ 2038193.408728926908225, 2573420.87180944532156 ], [ 2049871.292386239394546, 2565836.800653835292906 ], [ 2038114.298243263969198, 2558273.646644494496286 ], [ 2042746.411723098950461, 2550166.248494651168585 ], [ 2029242.432171127293259, 2531684.428090203553438 ], [ 2027853.741668639937416, 2503045.877069773152471 ], [ 2013788.363739946158603, 2505183.177079019602388 ], [ 2012252.214502118527889, 2516143.872709536459297 ], [ 1993948.507917517097667, 2529255.059720954857767 ], [ 2023823.638064340688288, 2569365.733171600848436 ], [ 2033179.445580438012257, 2600537.513353765476495 ], [ 2098843.850967234931886, 2682187.888024118263274 ], [ 2127024.835489257704467, 2699078.947369305416942 ] ] ], [ [ [ 2230740.982136387377977, 2804394.262474944349378 ], [ 2252744.160928813740611, 2781569.077981702983379 ], [ 2244782.006173378322273, 2786075.245359618216753 ], [ 2245738.468541071750224, 2780732.882379080168903 ], [ 2236830.156270898412913, 2781728.555190579965711 ], [ 2242228.179956583306193, 2775737.904482395853847 ], [ 2233551.343644178006798, 2779035.512747985776514 ], [ 2242227.974060092587024, 2765239.160313237924129 ], [ 2243990.12111569615081, 2777745.03798547340557 ], [ 2249002.619014631491154, 2770223.46426099864766 ], [ 2251521.441658616065979, 2775001.317862329538912 ], [ 2246751.43620491726324, 2780074.448584309779108 ], [ 2258208.840090930461884, 2773025.682765138801187 ], [ 2245891.007878813426942, 2749242.245309249963611 ], [ 2239158.138403789605945, 2744744.753235332667828 ], [ 2235674.771760965231806, 2753411.682554473634809 ], [ 2227471.361175462137908, 2751975.145227653905749 ], [ 2231162.347941342741251, 2738811.916671357583255 ], [ 2227048.893968233373016, 2745907.394309380091727 ], [ 2227066.298362044617534, 2737766.139680640306324 ], [ 2225799.868815623223782, 2740325.679414749611169 ], [ 2220602.424735236912966, 2738668.10481235338375 ], [ 2219228.843777872622013, 2742009.838715184014291 ], [ 2216362.697817352134734, 2742089.334676826838404 ], [ 2221157.262383919209242, 2728416.880668059457093 ], [ 2212855.54437387175858, 2730462.061695132404566 ], [ 2209540.345195929054171, 2720609.47820533066988 ], [ 2205527.891564289107919, 2733299.364405440166593 ], [ 2204241.153414693661034, 2721752.111011741217226 ], [ 2203404.406685128808022, 2729730.080116047523916 ], [ 2202514.747756395488977, 2729317.494525104761124 ], [ 2202204.37509938236326, 2731193.304366497788578 ], [ 2201978.191560631617904, 2730961.742459021974355 ], [ 2201241.314574208576232, 2731820.336588531266898 ], [ 2200751.852696686517447, 2731644.098441118840128 ], [ 2200902.515147046651691, 2731740.71555885579437 ], [ 2200396.332700172904879, 2731985.649062980897725 ], [ 2199848.344193152152002, 2732000.158457328565419 ], [ 2200312.321424949448556, 2705956.766363312955946 ], [ 2196716.925918134395033, 2716250.796449432149529 ], [ 2196889.975119542330503, 2706777.287780500017107 ], [ 2191619.104873179458082, 2712488.628158480394632 ], [ 2192495.137999990954995, 2713694.621615225449204 ], [ 2191710.293859009165317, 2714699.916436479892582 ], [ 2191832.663357138633728, 2715192.580118171870708 ], [ 2191609.153397042769939, 2715361.145198721438646 ], [ 2191647.031069110613316, 2715705.298459564801306 ], [ 2191413.405062135308981, 2716203.545604161452502 ], [ 2191537.576057509053499, 2716370.860179071314633 ], [ 2191436.293847003951669, 2716461.639266137965024 ], [ 2187015.412912211380899, 2712248.759750003926456 ], [ 2195536.600791051983833, 2705117.655294772703201 ], [ 2190120.529796609655023, 2695668.718865060713142 ], [ 2167745.184868593234569, 2718895.952905508223921 ], [ 2173256.285644454415888, 2706056.067979562561959 ], [ 2163569.727716487366706, 2711573.12481223186478 ], [ 2170019.473900073673576, 2704273.063190399669111 ], [ 2163608.437338517513126, 2702373.089361487422138 ], [ 2160109.00325778266415, 2694114.988653440028429 ], [ 2157175.151065870653838, 2704975.887406900059432 ], [ 2151061.083539778366685, 2702782.052387314848602 ], [ 2158061.748184729833156, 2673984.002169813029468 ], [ 2138452.085245690308511, 2680404.163421437144279 ], [ 2132269.034983163233846, 2676023.625896676443517 ], [ 2126527.063168006483465, 2702232.486046937294304 ], [ 2213106.158731615170836, 2771376.183790311682969 ], [ 2230740.982136387377977, 2804394.262474944349378 ] ] ], [ [ [ 2167310.885911080054939, 2701774.033783580642194 ], [ 2181514.74160639103502, 2692650.509314636234194 ], [ 2173664.382764399517328, 2685451.50512336473912 ], [ 2170519.920086681377143, 2692947.223664793651551 ], [ 2167997.642160411924124, 2694263.738910989835858 ], [ 2172544.97788966819644, 2677517.717815158423036 ], [ 2162469.801665047183633, 2684874.148014821112156 ], [ 2167310.885911080054939, 2701774.033783580642194 ] ] ], [ [ [ 2139541.857584840618074, 2677778.88822347112 ], [ 2150913.184683763887733, 2673757.590213942341506 ], [ 2149049.835271521937102, 2669778.849239385221153 ], [ 2153856.312639832962304, 2671138.52493746811524 ], [ 2155904.891770663671196, 2668722.681014632340521 ], [ 2152797.933357136324048, 2670423.623645956162363 ], [ 2146907.149008324835449, 2669233.549819379579276 ], [ 2152620.833533984143287, 2666908.472454449161887 ], [ 2146184.198951797559857, 2662176.742205271497369 ], [ 2139541.857584840618074, 2677778.88822347112 ] ] ], [ [ [ 2136951.182865539100021, 2652130.74720125971362 ], [ 2143936.769547446630895, 2650685.420724345836788 ], [ 2141686.048741102684289, 2646269.73661822360009 ], [ 2133147.414807965047657, 2653529.973434422165155 ], [ 2133213.444773758295923, 2651895.781401658430696 ], [ 2132480.053567771799862, 2651061.461964822839946 ], [ 2132289.385174974333495, 2653101.046406866982579 ], [ 2133472.375493444036692, 2654716.127745590172708 ], [ 2136951.182865539100021, 2652130.74720125971362 ] ] ], [ [ [ 2124140.529925366397947, 2679819.984397911932319 ], [ 2128079.486630774568766, 2679784.102658548392355 ], [ 2126281.346314046531916, 2677796.934004267677665 ], [ 2127909.686827332247049, 2673691.543609388638288 ], [ 2127758.209447922650725, 2666932.392428365070373 ], [ 2126931.843727610539645, 2665041.409116054419428 ], [ 2124140.529925366397947, 2679819.984397911932319 ] ] ], [ [ [ 2130531.362945531494915, 2656504.28153175348416 ], [ 2138162.748108398169279, 2658390.125955601688474 ], [ 2129716.653317173477262, 2651806.449146629311144 ], [ 2130531.362945531494915, 2656504.28153175348416 ] ] ], [ [ [ 2154925.139305269811302, 2656630.241341401822865 ], [ 2158166.44681537989527, 2649072.296118318103254 ], [ 2155122.730715476442128, 2647247.496231961995363 ], [ 2153258.392845346592367, 2651509.651389824226499 ], [ 2154925.139305269811302, 2656630.241341401822865 ] ] ], [ [ [ 2166545.297850522678345, 2668836.948495575692505 ], [ 2170193.065292747691274, 2666764.494946659076959 ], [ 2162135.859836822841316, 2666074.155277081299573 ], [ 2166545.297850522678345, 2668836.948495575692505 ] ] ], [ [ [ 2063624.994983139215037, 2603628.981137156486511 ], [ 2065251.548113662749529, 2603287.480861025862396 ], [ 2066986.159641519654542, 2595621.863534651231021 ], [ 2063584.462774066021666, 2601033.928700763732195 ], [ 2063023.019185920013115, 2592787.038604155182838 ], [ 2063624.994983139215037, 2603628.981137156486511 ] ] ], [ [ [ 2217879.150960481259972, 2724134.896026134490967 ], [ 2223338.686418312601745, 2722059.992888954468071 ], [ 2222240.141945915296674, 2718847.442564764991403 ], [ 2217879.150960481259972, 2724134.896026134490967 ] ] ], [ [ [ 2082707.79331395146437, 2605754.799407638609409 ], [ 2084164.71909609856084, 2606197.952438153792173 ], [ 2084662.681461022235453, 2601194.756300743669271 ], [ 2081931.366866216063499, 2604728.711952913086861 ], [ 2081241.39782947092317, 2604485.537114009261131 ], [ 2082707.79331395146437, 2605754.799407638609409 ] ] ], [ [ [ 2159446.023113173898309, 2687907.822190143633634 ], [ 2162069.280492376536131, 2686674.897504542488605 ], [ 2161395.879184872377664, 2685807.844457319006324 ], [ 2159446.023113173898309, 2687907.822190143633634 ] ] ], [ [ [ 2049450.131577644497156, 2584430.237290546298027 ], [ 2051947.096169078256935, 2584923.917096298187971 ], [ 2050868.692584034055471, 2582690.076027397997677 ], [ 2049450.131577644497156, 2584430.237290546298027 ] ] ], [ [ [ 2060736.844373919302598, 2593309.48915686737746 ], [ 2062285.812531350180507, 2593312.421266417019069 ], [ 2059949.050339913694188, 2586270.010317364707589 ], [ 2060736.844373919302598, 2593309.48915686737746 ] ] ], [ [ [ 2172947.327787918504328, 2665246.255798017140478 ], [ 2176615.046806044410914, 2665610.042509019840509 ], [ 2174181.534590442664921, 2663596.977681612130255 ], [ 2172947.327787918504328, 2665246.255798017140478 ] ] ], [ [ [ 2222616.319660338573158, 2732568.558078148867935 ], [ 2225073.508043467067182, 2735939.323396447580308 ], [ 2225506.35081053012982, 2735518.954267640598118 ], [ 2222616.319660338573158, 2732568.558078148867935 ] ] ], [ [ [ 2222041.832554401829839, 2725970.687792589887977 ], [ 2225097.841357850469649, 2727137.311072202865034 ], [ 2226366.877208116929978, 2725345.070238752290606 ], [ 2222041.832554401829839, 2725970.687792589887977 ] ] ], [ [ [ 2176101.589541836641729, 2682707.294995220843703 ], [ 2179322.491718738805503, 2681690.484484155196697 ], [ 2177488.992691198829561, 2680413.024149564094841 ], [ 2176101.589541836641729, 2682707.294995220843703 ] ] ], [ [ [ 2098540.167975773569196, 2629659.794428926426917 ], [ 2100050.974777051247656, 2628940.168469691183418 ], [ 2099576.010611559264362, 2626840.719113227911294 ], [ 2098540.167975773569196, 2629659.794428926426917 ] ] ], [ [ [ 2123347.413690692745149, 2667207.693365240469575 ], [ 2125680.97765014693141, 2667717.744075004011393 ], [ 2124570.663315638899803, 2665860.425569550599903 ], [ 2123347.413690692745149, 2667207.693365240469575 ] ] ], [ [ [ 2181504.019250874873251, 2700149.824968883767724 ], [ 2183267.38807912170887, 2699882.770966716576368 ], [ 2182505.79123061709106, 2698607.553807645570487 ], [ 2181504.019250874873251, 2700149.824968883767724 ] ] ], [ [ [ 2048200.514245515689254, 2579579.361131198238581 ], [ 2049825.781768654705957, 2579371.27999741025269 ], [ 2048742.721709220204502, 2578312.764092182274908 ], [ 2048200.514245515689254, 2579579.361131198238581 ] ] ], [ [ [ 2097047.43244188465178, 2622409.388695889618248 ], [ 2098470.075652643106878, 2622698.09932648204267 ], [ 2097767.589053578674793, 2619279.476022693794221 ], [ 2097047.43244188465178, 2622409.388695889618248 ] ] ], [ [ [ 2140388.417644504457712, 2626928.19751988677308 ], [ 2142163.658468023873866, 2625961.305954209994525 ], [ 2140697.319988742936403, 2624757.071272254455835 ], [ 2140388.417644504457712, 2626928.19751988677308 ] ] ], [ [ [ 2046699.928832360776141, 2576176.313033424317837 ], [ 2048561.605625155149028, 2576370.202560386154801 ], [ 2047452.321699270512909, 2575006.100479972548783 ], [ 2046699.928832360776141, 2576176.313033424317837 ] ] ], [ [ [ 2047519.721147932577878, 2589307.052285878919065 ], [ 2048619.302044774638489, 2586918.526743405032903 ], [ 2047828.968680651625618, 2586224.429715542122722 ], [ 2047519.721147932577878, 2589307.052285878919065 ] ] ], [ [ [ 2089794.850721034919843, 2610779.344444807618856 ], [ 2091194.211107124341652, 2611786.883377636782825 ], [ 2091271.915028957882896, 2608541.916220495477319 ], [ 2089794.850721034919843, 2610779.344444807618856 ] ] ], [ [ [ 2178903.255839211400598, 2682919.574687994085252 ], [ 2180485.851266255136579, 2684678.595783962868154 ], [ 2180945.027007358614355, 2684052.188388061709702 ], [ 2178903.255839211400598, 2682919.574687994085252 ] ] ], [ [ [ 2045675.10685263806954, 2578224.746788332238793 ], [ 2047070.850698710419238, 2578402.857491087634116 ], [ 2046436.447571334894747, 2577074.656339650508016 ], [ 2045675.10685263806954, 2578224.746788332238793 ] ] ], [ [ [ 2056175.613107107114047, 2597498.386826650705189 ], [ 2057600.002199824433774, 2597793.047043379861861 ], [ 2056643.544169041328132, 2596130.862804496195167 ], [ 2056175.613107107114047, 2597498.386826650705189 ] ] ], [ [ [ 2111891.683588212821633, 2607085.101396138314158 ], [ 2112137.234660227783024, 2605646.321666750591248 ], [ 2111533.912869604304433, 2605485.114678509533405 ], [ 2111891.683588212821633, 2607085.101396138314158 ] ] ], [ [ [ 2224851.936317284591496, 2732088.024971846025437 ], [ 2224881.031703975517303, 2733309.56692601647228 ], [ 2225910.210618193261325, 2733180.606549509335309 ], [ 2224851.936317284591496, 2732088.024971846025437 ] ] ], [ [ [ 2142293.93772500846535, 2623660.954635854344815 ], [ 2143074.750915222335607, 2622291.611242721788585 ], [ 2142220.914862633682787, 2621901.15028634481132 ], [ 2142293.93772500846535, 2623660.954635854344815 ] ] ], [ [ [ 2053063.226096615893766, 2582938.026819682214409 ], [ 2054269.343237203313038, 2582443.811214506626129 ], [ 2052449.816328763030469, 2580213.584172509144992 ], [ 2053063.226096615893766, 2582938.026819682214409 ] ] ], [ [ [ 2107024.713231236673892, 2626897.422204629518092 ], [ 2106978.463751444127411, 2625882.679404010996222 ], [ 2106098.931791070383042, 2625506.876779262442142 ], [ 2106488.304842876736075, 2626927.335929660126567 ], [ 2107024.713231236673892, 2626897.422204629518092 ] ] ], [ [ [ 2173305.353749549947679, 2675010.588824195321649 ], [ 2173931.65961225470528, 2676115.964170773047954 ], [ 2174943.826935669407248, 2675411.724791462998837 ], [ 2173305.353749549947679, 2675010.588824195321649 ] ] ], [ [ [ 2022408.063196001108736, 2501435.550084506627172 ], [ 2022935.194795680698007, 2502523.869682611431926 ], [ 2023318.307526133721694, 2502271.558661935850978 ], [ 2022408.063196001108736, 2501435.550084506627172 ] ] ], [ [ [ 2046544.65550595941022, 2573650.518757379613817 ], [ 2047954.545473674079403, 2574590.744208314456046 ], [ 2046974.682712831068784, 2572995.495871751569211 ], [ 2046544.65550595941022, 2573650.518757379613817 ] ] ], [ [ [ 2078598.493667324772105, 2606723.176182006951421 ], [ 2079570.909137555165216, 2605750.853802905417979 ], [ 2079348.973679992835969, 2605480.496712509542704 ], [ 2078598.493667324772105, 2606723.176182006951421 ] ] ], [ [ [ 2175962.808437377214432, 2684800.179917519912124 ], [ 2177773.799292218405753, 2685112.568209056742489 ], [ 2176001.759227144997567, 2684510.584803221747279 ], [ 2175962.808437377214432, 2684800.179917519912124 ] ] ], [ [ [ 2048798.675779867684469, 2587828.279411321505904 ], [ 2050146.523019086802378, 2589024.469786350615323 ], [ 2049008.776624446501955, 2587376.214885159395635 ], [ 2048798.675779867684469, 2587828.279411321505904 ] ] ], [ [ [ 2119323.037316859234124, 2635575.412015757989138 ], [ 2120359.790896339807659, 2636322.944096858147532 ], [ 2120351.981143544428051, 2635794.466783866751939 ], [ 2119323.037316859234124, 2635575.412015757989138 ] ] ], [ [ [ 2181055.249304529745132, 2672212.513517446815968 ], [ 2181767.497172546107322, 2672671.787064671516418 ], [ 2182011.564804257825017, 2670966.832837070338428 ], [ 2181055.249304529745132, 2672212.513517446815968 ] ] ], [ [ [ 2148813.227973939385265, 2661444.611640678718686 ], [ 2149863.158905662130564, 2661010.479037689976394 ], [ 2148797.40205909544602, 2660756.694993368349969 ], [ 2148813.227973939385265, 2661444.611640678718686 ] ] ], [ [ [ 2064572.83718900452368, 2595084.391058180481195 ], [ 2065588.671458091586828, 2594928.149315396789461 ], [ 2065316.920258946716785, 2594418.952785530127585 ], [ 2064572.83718900452368, 2595084.391058180481195 ] ] ], [ [ [ 2124864.57243192801252, 2638368.804137873463333 ], [ 2125224.819853079039603, 2638109.773985000327229 ], [ 2124915.678273561876267, 2637740.778966796584427 ], [ 2124959.480387961026281, 2637291.708258732222021 ], [ 2124700.504324084613472, 2636849.772089063655585 ], [ 2124864.57243192801252, 2638368.804137873463333 ] ] ], [ [ [ 2052228.165217077825218, 2593846.810473497025669 ], [ 2052890.082760534482077, 2593906.574666348285973 ], [ 2052106.402684458531439, 2593172.368368283845484 ], [ 2052228.165217077825218, 2593846.810473497025669 ] ] ], [ [ [ 2124358.56985232885927, 2669589.946819789241999 ], [ 2124438.755538634490222, 2668772.63032731320709 ], [ 2124095.378049101214856, 2669675.743813111912459 ], [ 2124358.56985232885927, 2669589.946819789241999 ] ] ], [ [ [ 2066361.678761143703014, 2600391.782798768952489 ], [ 2066771.43550008488819, 2599158.53453391045332 ], [ 2066452.888832108350471, 2598602.087987015023828 ], [ 2066361.678761143703014, 2600391.782798768952489 ] ] ], [ [ [ 2085844.648293688893318, 2604242.10303322179243 ], [ 2086649.880987094016746, 2604226.472994888667017 ], [ 2086095.005041668191552, 2603684.253390407189727 ], [ 2085844.648293688893318, 2604242.10303322179243 ] ] ], [ [ [ 2119377.344920421950519, 2633278.208537135738879 ], [ 2119876.857943351380527, 2633943.383281724527478 ], [ 2119985.745601397939026, 2633672.379653532523662 ], [ 2119377.344920421950519, 2633278.208537135738879 ] ] ], [ [ [ 2173329.162981078960001, 2684823.918557568453252 ], [ 2173271.458011926617473, 2684193.381656975485384 ], [ 2173055.602320003788918, 2684825.980799367651343 ], [ 2173329.162981078960001, 2684823.918557568453252 ] ] ], [ [ [ 2045539.052836420247331, 2576454.283883242402226 ], [ 2046243.561390112387016, 2576618.237938198260963 ], [ 2045708.606241442030296, 2575958.702404539100826 ], [ 2045539.052836420247331, 2576454.283883242402226 ] ] ], [ [ [ 2098419.289412631653249, 2620398.807847193907946 ], [ 2098916.646316331811249, 2620536.636967449914664 ], [ 2098668.969242493622005, 2620023.27537284931168 ], [ 2098419.289412631653249, 2620398.807847193907946 ] ] ], [ [ [ 2080431.647525368025526, 2608607.085596077144146 ], [ 2081035.424778585089371, 2608830.42645444534719 ], [ 2080948.639276551781222, 2608315.102331545203924 ], [ 2080431.647525368025526, 2608607.085596077144146 ] ] ], [ [ [ 2140038.705817660316825, 2646716.670696008484811 ], [ 2140688.743942997418344, 2646566.722204019781202 ], [ 2140563.180807787459344, 2646104.542659931816161 ], [ 2140038.705817660316825, 2646716.670696008484811 ] ] ], [ [ [ 2043452.386551373405382, 2578051.721127611584961 ], [ 2043411.537843072786927, 2578726.788689982146025 ], [ 2043808.481044252868742, 2578607.840750658884645 ], [ 2043452.386551373405382, 2578051.721127611584961 ] ] ], [ [ [ 2223828.398312644101679, 2731932.341357905883342 ], [ 2224445.434560601133853, 2732322.51471593696624 ], [ 2224617.371089206077158, 2732031.72112942347303 ], [ 2223828.398312644101679, 2731932.341357905883342 ] ] ], [ [ [ 2089735.772319941548631, 2615089.904213963542134 ], [ 2090332.520907930098474, 2614925.178850513417274 ], [ 2090093.486911387881264, 2614560.242979025002569 ], [ 2089735.772319941548631, 2615089.904213963542134 ] ] ], [ [ [ 2143383.876565969549119, 2666771.696398434694856 ], [ 2143714.97436391422525, 2666137.427526732906699 ], [ 2143017.656355279032141, 2666491.142865580972284 ], [ 2143383.876565969549119, 2666771.696398434694856 ] ] ], [ [ [ 2090855.419544512638822, 2607848.21720687719062 ], [ 2090574.770685156341642, 2607767.491446485277265 ], [ 2090504.006834347732365, 2608253.094903257209808 ], [ 2090855.419544512638822, 2607848.21720687719062 ] ] ], [ [ [ 2045471.35233655734919, 2582126.926087173633277 ], [ 2045810.312254572054371, 2582226.518450359813869 ], [ 2045516.191434742650017, 2581809.091507151722908 ], [ 2045471.35233655734919, 2582126.926087173633277 ] ] ], [ [ [ 2081839.532132199965417, 2603840.231505738571286 ], [ 2082163.942877937341109, 2603490.22587529104203 ], [ 2081996.585498768603429, 2603354.170182866044343 ], [ 2081839.532132199965417, 2603840.231505738571286 ] ] ], [ [ [ 2084296.592099998146296, 2605467.095067593734711 ], [ 2084380.3076203672681, 2605495.212853976991028 ], [ 2084614.960897946497425, 2605392.54868291458115 ], [ 2084670.449089349247515, 2605071.172544474713504 ], [ 2084296.592099998146296, 2605467.095067593734711 ] ] ], [ [ [ 2020693.161922924919054, 2501745.778177315369248 ], [ 2021154.610667227534577, 2502044.860567125491798 ], [ 2021191.697644848842174, 2501986.308579253032804 ], [ 2020693.161922924919054, 2501745.778177315369248 ] ] ], [ [ [ 2120179.696627518627793, 2635516.176609929651022 ], [ 2119946.793216195423156, 2635438.372549202758819 ], [ 2120091.728381928987801, 2635590.596293874084949 ], [ 2120179.696627518627793, 2635516.176609929651022 ] ] ], [ [ [ 2082093.971202766057104, 2606394.736580878961831 ], [ 2082255.70908343559131, 2606137.571663728449494 ], [ 2082154.69079030235298, 2605989.62682651495561 ], [ 2082093.971202766057104, 2606394.736580878961831 ] ] ], [ [ [ 2023182.801417206879705, 2501854.346940262243152 ], [ 2023382.788939074147493, 2501980.951311864424497 ], [ 2023374.201316865393892, 2501852.54007366951555 ], [ 2023182.801417206879705, 2501854.346940262243152 ] ] ], [ [ [ 2037649.502712244167924, 2539522.417262747418135 ], [ 2037485.188829162390903, 2539397.663163115736097 ], [ 2037561.034774143714458, 2539558.939111194107682 ], [ 2037649.502712244167924, 2539522.417262747418135 ] ] ], [ [ [ 2080317.927557699149475, 2599631.340991166420281 ], [ 2080218.029958124738187, 2599532.014300521463156 ], [ 2080155.645200367085636, 2599682.231022195890546 ], [ 2080317.927557699149475, 2599631.340991166420281 ] ] ], [ [ [ 2098881.987532442901284, 2633313.148956747725606 ], [ 2098826.323924851138145, 2633229.255853476468474 ], [ 2098827.389254682697356, 2633326.682128050830215 ], [ 2098881.987532442901284, 2633313.148956747725606 ] ] ] ] } },
{ "type": "Feature", "properties": { "OBJECTID": 12.0, "STATE": "New Hampshire", "STATE_FIPS": "33", "CD_2DIG": "01", "STATE_CODE": 27, "CLIMDIV": 2701, "CD_NEW": 1, "FIPS_CD": "3301", "NCDC_GEO_I": 266.0, "NAME": "NORTHERN", "ST_ABBRV": "NH", "SHAPE_AREA": 0.0, "SHAPE_LEN": 0.0 }, "geometry": { "type": "Polygon", "coordinates": [ [ [ 1965391.124332342995331, 2627590.603129299357533 ], [ 1935751.402145373634994, 2603378.909687459934503 ], [ 1925729.11191994487308, 2577451.736511608585715 ], [ 1926975.107360511319712, 2542262.675880146212876 ], [ 1916973.426069138105959, 2528016.845185768324882 ], [ 1906518.886819903040305, 2527967.438991119619459 ], [ 1887532.273980998666957, 2559409.033335323445499 ], [ 1892966.664342725416645, 2583182.777579270768911 ], [ 1884801.469149124575779, 2603424.254917299374938 ], [ 1916069.560961936367676, 2637916.940187887754291 ], [ 1904840.291369083104655, 2663806.357017963193357 ], [ 1910926.207533556967974, 2682985.257925394456834 ], [ 1905442.199755574343726, 2719650.516275297384709 ], [ 1915669.364911728072912, 2729883.715863330289721 ], [ 1927823.56857563694939, 2725900.920257480349392 ], [ 1930737.380100254435092, 2734239.486156038474292 ], [ 1965391.124332342995331, 2627590.603129299357533 ] ] ] } },
{ "type": "Feature", "properties": { "OBJECTID": 13.0, "STATE": "New Hampshire", "STATE_FIPS": "33", "CD_2DIG": "02", "STATE_CODE": 27, "CLIMDIV": 2702, "CD_NEW": 2, "FIPS_CD": "3302", "NCDC_GEO_I": 267.0, "NAME": "SOUTHERN", "ST_ABBRV": "NH", "SHAPE_AREA": 0.0, "SHAPE_LEN": 0.0 }, "geometry": { "type": "MultiPolygon", "coordinates": [ [ [ [ 1965391.124332342995331, 2627590.603129299357533 ], [ 1995892.738120439928025, 2526079.4829071033746 ], [ 2012252.214502118527889, 2516143.872709536459297 ], [ 2009064.613167353440076, 2495251.885824723634869 ], [ 2015410.583444290328771, 2496088.671209978871047 ], [ 2011670.90907935379073, 2503977.074377572629601 ], [ 2025278.466889105038717, 2498544.79603784205392 ], [ 2019061.791112021077424, 2482294.456102869939059 ], [ 2019487.891402071341872, 2478951.283271858934313 ], [ 2021443.887954339850694, 2477612.425733327865601 ], [ 1997679.106983450008556, 2464865.850985824130476 ], [ 1989603.77305590105243, 2448930.484440608415753 ], [ 1891442.742539788596332, 2431382.069698594044894 ], [ 1880050.48840296221897, 2515888.979144132696092 ], [ 1887532.273980998666957, 2559409.033335323445499 ], [ 1899246.036860637133941, 2534623.857371014077216 ], [ 1916973.426069138105959, 2528016.845185768324882 ], [ 1926975.107360511319712, 2542262.675880146212876 ], [ 1929608.683590933447704, 2592881.361924246884882 ], [ 1965391.124332342995331, 2627590.603129299357533 ] ] ], [ [ [ 2020491.803415215108544, 2478351.998583736363798 ], [ 2021891.212728365790099, 2480214.451001134701073 ], [ 2021638.318209083285183, 2477672.699872833676636 ], [ 2020491.803415215108544, 2478351.998583736363798 ] ] ], [ [ [ 2024177.160228793509305, 2501713.255960978101939 ], [ 2024682.328326102579013, 2501648.345660019200295 ], [ 2024397.162838321877643, 2501406.333455544430763 ], [ 2024822.449015511898324, 2500229.861583665944636 ], [ 2024757.442335985135287, 2499801.604024581145495 ], [ 2024177.160228793509305, 2501713.255960978101939 ] ] ], [ [ [ 2021596.750127464300022, 2501367.492361688055098 ], [ 2022180.121778195025399, 2501074.818867278750986 ], [ 2021423.555504616815597, 2501252.172633456997573 ], [ 2021596.750127464300022, 2501367.492361688055098 ] ] ], [ [ [ 2034594.746436568908393, 2493478.128886503633112 ], [ 2035081.408605555538088, 2493566.721299319993705 ], [ 2034955.929257084382698, 2493145.413270701188594 ], [ 2034594.746436568908393, 2493478.128886503633112 ] ] ], [ [ [ 2022262.20317377964966, 2501050.859918325673789 ], [ 2022107.0301379901357, 2500825.825231107883155 ], [ 2022130.348709586076438, 2501039.621010271832347 ], [ 2022262.20317377964966, 2501050.859918325673789 ] ] ], [ [ [ 2021725.73032570630312, 2500321.385427279397845 ], [ 2021911.390327140223235, 2500212.395035807974637 ], [ 2021659.78925819019787, 2500213.840180846862495 ], [ 2021725.73032570630312, 2500321.385427279397845 ] ] ], [ [ [ 2021410.118673896417022, 2501467.18651652475819 ], [ 2021384.7968788088765, 2501354.490578469820321 ], [ 2021343.676595404744148, 2501495.408203786704689 ], [ 2021410.118673896417022, 2501467.18651652475819 ] ] ] ] } },
{ "type": "Feature", "properties": { "OBJECTID": 14.0, "STATE": "Vermont", "STATE_FIPS": "50", "CD_2DIG": "02", "STATE_CODE": 43, "CLIMDIV": 4302, "CD_NEW": 2, "FIPS_CD": "5002", "NCDC_GEO_I": 268.0, "NAME": "WESTERN", "ST_ABBRV": "VT", "SHAPE_AREA": 0.0, "SHAPE_LEN": 0.0 }, "geometry": { "type": "Polygon", "coordinates": [ [ [ 1831865.455521801253781, 2414384.555465990211815 ], [ 1813719.249549659434706, 2500656.102634517010301 ], [ 1806209.61390048218891, 2509513.607202541548759 ], [ 1797492.717042648000643, 2502834.606780885253102 ], [ 1798980.928306949324906, 2524224.648596421815455 ], [ 1785001.012457346078008, 2552231.799228532705456 ], [ 1785795.739251838531345, 2597604.957710935734212 ], [ 1768231.022999601671472, 2640377.366423701867461 ], [ 1766936.608755351044238, 2658558.087317330297083 ], [ 1803911.908705297159031, 2668285.785992119461298 ], [ 1829593.029259114991874, 2583269.168009771499783 ], [ 1854897.012098878156394, 2448119.931192080490291 ], [ 1831865.455521801253781, 2414384.555465990211815 ] ] ] } },
{ "type": "Feature", "properties": { "OBJECTID": 15.0, "STATE": "Vermont", "STATE_FIPS": "50", "CD_2DIG": "03", "STATE_CODE": 43, "CLIMDIV": 4303, "CD_NEW": 1, "FIPS_CD": "5003", "NCDC_GEO_I": 269.0, "NAME": "SOUTHEASTERN", "ST_ABBRV": "VT", "SHAPE_AREA": 0.0, "SHAPE_LEN": 0.0 }, "geometry": { "type": "Polygon", "coordinates": [ [ [ 1887534.430132405599579, 2559419.162132789380848 ], [ 1879952.83282191073522, 2521427.573121320456266 ], [ 1890501.604778945678845, 2458909.987668708432466 ], [ 1885292.974858242785558, 2442521.659678844269365 ], [ 1896995.965716580860317, 2428352.104689723812044 ], [ 1831865.455521801253781, 2414384.555465990211815 ], [ 1854897.012098878156394, 2448119.931192080490291 ], [ 1842283.32434802595526, 2508725.733077214565128 ], [ 1858674.563416989753023, 2506486.795657343696803 ], [ 1867582.128451502881944, 2565686.785443452186882 ], [ 1887534.430132405599579, 2559419.162132789380848 ] ] ] } },
{ "type": "Feature", "properties": { "OBJECTID": 16.0, "STATE": "Vermont", "STATE_FIPS": "50", "CD_2DIG": "01", "STATE_CODE": 43, "CLIMDIV": 4301, "CD_NEW": 3, "FIPS_CD": "5001", "NCDC_GEO_I": 270.0, "NAME": "NORTHEASTERN", "ST_ABBRV": "VT", "SHAPE_AREA": 0.0, "SHAPE_LEN": 0.0 }, "geometry": { "type": "Polygon", "coordinates": [ [ [ 1806240.949029123177752, 2668851.46131417574361 ], [ 1910219.732968640979379, 2695205.055641416925937 ], [ 1904841.854186924174428, 2663759.573889611288905 ], [ 1916069.560961937066168, 2637916.940187884960324 ], [ 1902059.060518526704982, 2617191.777796692680568 ], [ 1886171.330399588216096, 2609144.111982570961118 ], [ 1890531.558546599233523, 2564070.488459679298103 ], [ 1867582.128451502881944, 2565686.785443452186882 ], [ 1858674.563416989753023, 2506486.795657343696803 ], [ 1849384.098729541758075, 2503476.792203328572214 ], [ 1842283.324348027817905, 2508725.733077207580209 ], [ 1806240.949029123177752, 2668851.46131417574361 ] ] ] } },
{ "type": "Feature", "properties": { "OBJECTID": 17.0, "STATE": "Massachusettes", "STATE_FIPS": "25", "CD_2DIG": "01", "STATE_CODE": 19, "CLIMDIV": 1901, "CD_NEW": 1, "FIPS_CD": "2501", "NCDC_GEO_I": 271.0, "NAME": "WESTERN", "ST_ABBRV": "MA", "SHAPE_AREA": 0.0, "SHAPE_LEN": 0.0 }, "geometry": { "type": "Polygon", "coordinates": [ [ [ 1832774.105165044311434, 2414597.033081167377532 ], [ 1873281.602045009844005, 2423350.173283132258803 ], [ 1892504.164863371290267, 2344506.859981509391218 ], [ 1832692.076989603694528, 2334472.166467597242445 ], [ 1832774.105165044311434, 2414597.033081167377532 ] ] ] } },
{ "type": "Feature", "properties": { "OBJECTID": 262.0, "STATE": "North Dakota", "STATE_FIPS": "38", "CD_2DIG": "03", "STATE_CODE": 32, "CLIMDIV": 3203, "CD_NEW": 3, "FIPS_CD": "3803", "NCDC_GEO_I": 172.0, "NAME": "NORTHEAST", "ST_ABBRV": "ND", "SHAPE_AREA": 0.0, "SHAPE_LEN": 0.0 }, "geometry": { "type": "Polygon", "coordinates": [ [ [ -261151.069896618952043, 2892990.95820111874491 ], [ -91052.238702792441472, 2888886.453523561358452 ], [ -81146.611195081350161, 2854078.444273950532079 ], [ -87677.233971369350911, 2840635.285607140511274 ], [ -86077.539281031757127, 2794360.454797070939094 ], [ -66974.906814438145375, 2742359.286347633693367 ], [ -190944.879009674768895, 2744562.126842455007136 ], [ -190288.293098322494188, 2771305.394122410565615 ], [ -202662.857578048016876, 2781442.880997311323881 ], [ -210385.681789085676428, 2775886.201608298812062 ], [ -210790.768826245854143, 2787888.392529907636344 ], [ -230910.217115628009196, 2784313.594328201841563 ], [ -230619.239913867146242, 2793779.53263749089092 ], [ -240155.45379621750908, 2799327.484040966723114 ], [ -239386.430829218385043, 2823035.658810110297054 ], [ -261295.853965664224233, 2823842.50161588517949 ], [ -261151.069896618952043, 2892990.95820111874491 ] ] ] } },
{ "type": "Feature", "properties": { "OBJECTID": 294.0, "STATE": "South Carolina", "STATE_FIPS": "45", "CD_2DIG": "07", "STATE_CODE": 38, "CLIMDIV": 3807, "CD_NEW": 7, "FIPS_CD": "4507", "NCDC_GEO_I": 204.0, "NAME": "SOUTHERN", "ST_ABBRV": "SC", "SHAPE_AREA": 0.0, "SHAPE_LEN": 0.0 }, "geometry": { "type": "MultiPolygon", "coordinates": [ [ [ [ 1462822.786419609328732, 1282779.207630877848715 ], [ 1543106.12203018902801, 1253229.277108880225569 ], [ 1528352.895515750860795, 1244010.620609699515626 ], [ 1532585.274140202207491, 1238960.218671558657661 ], [ 1525300.719833362381905, 1236118.27206117240712 ], [ 1527457.973371149739251, 1244772.603410743409768 ], [ 1518410.305484585929662, 1236895.020286368438974 ], [ 1519318.452761594438925, 1224676.831494551850483 ], [ 1505009.311505209421739, 1217934.83684109384194 ], [ 1504724.688932087738067, 1210851.8741824477911 ], [ 1488870.763490942539647, 1207356.301682823570445 ], [ 1495993.241957376012579, 1200732.700743211433291 ], [ 1485654.029086027061567, 1188004.593389303423464 ], [ 1486860.354667663807049, 1185025.461863468633965 ], [ 1457993.105501800309867, 1165521.814168130047619 ], [ 1417934.997908519115299, 1167012.023296032333747 ], [ 1417802.115530462004244, 1166524.055709137348458 ], [ 1416483.497063626069576, 1165666.310911389067769 ], [ 1415458.408030485967174, 1164393.621144396718591 ], [ 1415536.927598320646212, 1160699.730981633067131 ], [ 1413493.919282446615398, 1159925.235284134279937 ], [ 1409083.153046892723069, 1163778.001298639923334 ], [ 1420948.398172782966867, 1126687.995684018125758 ], [ 1417752.27324862475507, 1122225.204223206266761 ], [ 1415766.879228527424857, 1121752.637731144437566 ], [ 1413781.660071363206953, 1119231.828287539770827 ], [ 1412943.616000646492466, 1119151.443735969252884 ], [ 1412151.619368877494708, 1118219.045774346450344 ], [ 1411225.04876898159273, 1113382.677230765577406 ], [ 1414296.252042551524937, 1113458.536690892651677 ], [ 1412482.343658329453319, 1109400.062292837072164 ], [ 1392517.120926500530913, 1113568.927486343076453 ], [ 1379470.9242242584005, 1151197.04420100315474 ], [ 1355167.612007051007822, 1166114.350071771303192 ], [ 1341966.671185810584575, 1206942.588506439700723 ], [ 1318913.230201046681032, 1216674.407286789966747 ], [ 1313352.612269880250096, 1222020.558948036981747 ], [ 1344666.819963804678991, 1261758.30771760828793 ], [ 1402702.788932166527957, 1235476.463665 ], [ 1426778.777350621763617, 1257225.872635692823678 ], [ 1434210.78976742294617, 1250025.075581757817417 ], [ 1446638.774817394092679, 1253088.436022147070616 ], [ 1450271.381639356259257, 1273947.168941093375906 ], [ 1462822.786419609328732, 1282779.207630877848715 ] ] ], [ [ [ 1424959.625683611957356, 1159867.784700176678598 ], [ 1447756.833293883129954, 1156059.599616152932867 ], [ 1434398.365339788841084, 1136512.439777730032802 ], [ 1429595.205038523301482, 1156133.174258132698014 ], [ 1424959.625683611957356, 1159867.784700176678598 ] ] ], [ [ [ 1419095.997333577368408, 1165955.23093504155986 ], [ 1422567.242263374617323, 1155829.860713308677077 ], [ 1425247.507675285916775, 1157570.328369913622737 ], [ 1427477.806702528847381, 1157583.369250183226541 ], [ 1428323.368919587228447, 1156047.230331734055653 ], [ 1430751.188949743518606, 1139948.742218502564356 ], [ 1415407.752202605828643, 1154118.627819153480232 ], [ 1419095.997333577368408, 1165955.23093504155986 ] ] ], [ [ [ 1423877.147136022336781, 1131949.856205141404644 ], [ 1431625.702668823767453, 1131660.420758499298245 ], [ 1419217.70669109816663, 1117529.698548771673813 ], [ 1421283.65373874315992, 1123353.24142123083584 ], [ 1420886.009972176747397, 1130475.818619792582467 ], [ 1423877.147136022336781, 1131949.856205141404644 ] ] ], [ [ [ 1446930.798932376783341, 1148621.315858348738402 ], [ 1449727.904388339724392, 1146616.219413472339511 ], [ 1443665.694731056224555, 1145632.232688748510554 ], [ 1445473.963257705094293, 1143663.867237416561693 ], [ 1440405.763448270270601, 1139737.342972965445369 ], [ 1438476.160821447148919, 1139289.286522990092635 ], [ 1440513.000346064101905, 1143803.171636984217912 ], [ 1446930.798932376783341, 1148621.315858348738402 ] ] ], [ [ [ 1413850.978414038196206, 1118884.026867190143093 ], [ 1415638.258894030936062, 1114507.321332293562591 ], [ 1412213.700137482490391, 1114354.018279615789652 ], [ 1412285.484128062380478, 1118204.385248492006212 ], [ 1413850.978414038196206, 1118884.026867190143093 ] ] ], [ [ [ 1439305.785209057619795, 1160450.404315860476345 ], [ 1444353.098001510137692, 1163250.398854508297518 ], [ 1444355.00145871960558, 1161223.0678002666682 ], [ 1439305.785209057619795, 1160450.404315860476345 ] ] ], [ [ [ 1450455.061159485252574, 1154560.766390790930018 ], [ 1449097.656272031366825, 1148096.318002256331965 ], [ 1446741.957930513424799, 1149144.180649667279795 ], [ 1446560.039889434352517, 1153083.750426174141467 ], [ 1448157.715176465688273, 1150250.570761470589787 ], [ 1448958.715269312728196, 1150897.101461854064837 ], [ 1449794.829741381807253, 1154302.259077707305551 ], [ 1450455.061159485252574, 1154560.766390790930018 ] ] ], [ [ [ 1506253.445521682966501, 1213221.728025719057769 ], [ 1507496.94077590550296, 1210843.835297087905928 ], [ 1500438.955706094391644, 1206421.166958262445405 ], [ 1505373.253880269825459, 1211132.424984731944278 ], [ 1506253.445521682966501, 1213221.728025719057769 ] ] ], [ [ [ 1421045.711412001634017, 1134661.101279664551839 ], [ 1423594.26121524325572, 1133087.301526399096474 ], [ 1420552.481652208603919, 1130535.206245900364593 ], [ 1421045.711412001634017, 1134661.101279664551839 ] ] ], [ [ [ 1448770.740164516260847, 1151475.466552476398647 ], [ 1450003.289099098881707, 1156606.462862868793309 ], [ 1450584.019879164872691, 1155387.716834324644879 ], [ 1450128.868201578734443, 1155605.166263008257374 ], [ 1448770.740164516260847, 1151475.466552476398647 ] ] ], [ [ [ 1506803.897163800662383, 1215536.627554993377998 ], [ 1509385.188303099246696, 1215179.421841068891808 ], [ 1507591.900513951666653, 1213221.479781715199351 ], [ 1506803.897163800662383, 1215536.627554993377998 ] ] ], [ [ [ 1493910.215317014604807, 1196310.166089965729043 ], [ 1493165.665979938115925, 1192731.871355905663222 ], [ 1487887.469433550257236, 1188848.720710166729987 ], [ 1493910.215317014604807, 1196310.166089965729043 ] ] ], [ [ [ 1497042.601251041749492, 1203997.439916518749669 ], [ 1497399.065702806226909, 1203261.86099761724472 ], [ 1495580.899331154301763, 1204417.62998728081584 ], [ 1497042.601251041749492, 1203997.439916518749669 ] ] ], [ [ [ 1416474.150366043439135, 1165536.807250665966421 ], [ 1416869.984653315274045, 1165066.683203185210004 ], [ 1416221.414718674030155, 1164788.449270759010687 ], [ 1416474.150366043439135, 1165536.807250665966421 ] ] ] ] } },
{ "type": "Feature", "properties": { "OBJECTID": 19.0, "STATE": "Massachusettes", "STATE_FIPS": "25", "CD_2DIG": "03", "STATE_CODE": 19, "CLIMDIV": 1903, "CD_NEW": 3, "FIPS_CD": "2503", "NCDC_GEO_I": 273.0, "NAME": "COASTAL", "ST_ABBRV": "MA", "SHAPE_AREA": 0.0, "SHAPE_LEN": 0.0 }, "geometry": { "type": "MultiPolygon", "coordinates": [ [ [ [ 2005608.97269108495675, 2471982.081666185986251 ], [ 2022110.2118034879677, 2477912.237987054977566 ], [ 2020201.694411656819284, 2470366.431938834954053 ], [ 2022720.303751740371808, 2469545.553974727168679 ], [ 2024541.378303741104901, 2470575.00483616348356 ], [ 2023389.49322689534165, 2471796.77370540658012 ], [ 2024337.106688978848979, 2472001.971919387578964 ], [ 2030532.780547963455319, 2460820.704018686432391 ], [ 2025779.779998019570485, 2466080.47680617403239 ], [ 2025466.672097599832341, 2459058.695793409831822 ], [ 2028031.832438124576584, 2460825.925746636930853 ], [ 2035120.28220241307281, 2457489.436551596503705 ], [ 2035011.282004965469241, 2457139.571614107582718 ], [ 2033242.960207487922162, 2457852.386797895189375 ], [ 2031634.101417046505958, 2457704.514069810509682 ], [ 2031496.009652353590354, 2458047.788457212503999 ], [ 2031201.430072744609788, 2457986.686848345212638 ], [ 2031589.460227982839569, 2457651.026250579860061 ], [ 2030758.649139864603058, 2457474.732677226420492 ], [ 2030116.433872059453279, 2456448.606015499215573 ], [ 2030124.982451659394428, 2456007.812401324044913 ], [ 2030287.265366183128208, 2455867.982009482569993 ], [ 2030066.665906281676143, 2455763.694966136943549 ], [ 2030039.159801391419023, 2455922.76763398386538 ], [ 2029899.46551525965333, 2455862.584482671692967 ], [ 2030063.078564703231677, 2455565.83157150214538 ], [ 2030282.483253017999232, 2455559.53357883868739 ], [ 2029913.607167816720903, 2455491.875735646579415 ], [ 2029892.375322959152982, 2455451.595546906813979 ], [ 2029930.322424720041454, 2455381.525947138201445 ], [ 2038695.685655014356598, 2456972.980182521510869 ], [ 2041947.221313086338341, 2462565.330733759328723 ], [ 2046584.720638800179586, 2457758.999296026770025 ], [ 2022904.552164840279147, 2441994.664390647783875 ], [ 2031755.576518163084984, 2436349.488146001007408 ], [ 2028148.446174035780132, 2426628.46833488624543 ], [ 2024032.391642164438963, 2430703.410447107162327 ], [ 2021543.643622116884217, 2428987.984642015770078 ], [ 2026684.599726376822218, 2417994.42378498474136 ], [ 2013576.697903040796518, 2421634.191155694425106 ], [ 2022413.474299956811592, 2416217.134009417146444 ], [ 2019961.058956256601959, 2407586.816019425168633 ], [ 2021152.232142832363024, 2411552.902915046084672 ], [ 2025070.629634642507881, 2413274.338079365901649 ], [ 2029126.691465641371906, 2404691.349044958595186 ], [ 2033255.351467828033492, 2415892.231146751437336 ], [ 2044099.000886749010533, 2412318.729185678530484 ], [ 2064688.627672671107575, 2389063.546423322986811 ], [ 2059767.253512042574584, 2392870.032083350233734 ], [ 2056049.543774652061984, 2386058.409748952835798 ], [ 2071767.163155240239576, 2381909.10787540115416 ], [ 2080097.875181143172085, 2367160.482710246462375 ], [ 2075039.596277794335037, 2365289.711286900099367 ], [ 2070226.322938695084304, 2359403.630957635585219 ], [ 2071584.5544855336193, 2362763.204323890153319 ], [ 2069754.588202310027555, 2362625.031228804960847 ], [ 2069818.994895855663344, 2359070.210219784639776 ], [ 2065994.694803912658244, 2359353.630190153140575 ], [ 2069569.065207552397624, 2357797.888262384105474 ], [ 2067957.524671217426658, 2353657.993922907393426 ], [ 2068876.503617859678343, 2356614.263306748587638 ], [ 2062982.162452396471053, 2359797.453176108654588 ], [ 2065106.371996084228158, 2351067.067288508173078 ], [ 2060476.285858289571479, 2355188.365229037124664 ], [ 2062211.954409474506974, 2346198.533096949569881 ], [ 2054011.750145855592564, 2343968.633258038666099 ], [ 2056873.000912154326215, 2337877.745542632415891 ], [ 2048887.137641008710489, 2347167.934436675626785 ], [ 2052110.541964907199144, 2331627.703213410452008 ], [ 2045101.699127637315542, 2323025.971172419842333 ], [ 2039831.163403561571613, 2331902.807563005946577 ], [ 2037995.25295753008686, 2322972.902567491866648 ], [ 2032282.908133719582111, 2340296.130663670599461 ], [ 2013261.869310751091689, 2349170.528747161850333 ], [ 2009117.051806663163006, 2361056.178349391091615 ], [ 2018846.62924781255424, 2364377.098267150577158 ], [ 2023663.767337931087241, 2385049.178951852954924 ], [ 2010772.372548385057598, 2419488.847441247664392 ], [ 2005608.97269108495675, 2471982.081666185986251 ] ] ], [ [ [ 2094498.375062023289502, 2406239.655621908139437 ], [ 2105477.717820464633405, 2405204.288191828876734 ], [ 2112169.464253920596093, 2399761.677062449511141 ], [ 2122304.44332210207358, 2384209.628682225942612 ], [ 2119679.88626710139215, 2384516.506141324527562 ], [ 2119899.652536424808204, 2379173.599935376551002 ], [ 2122980.748871493618935, 2383202.618293914478272 ], [ 2126552.82832975871861, 2373412.596377136651427 ], [ 2127371.535134219564497, 2369164.137835905887187 ], [ 2123397.34162221616134, 2377620.648207225836813 ], [ 2121092.70454985043034, 2371458.377452086191624 ], [ 2125778.898727282881737, 2365183.334384070243686 ], [ 2090603.881628129864112, 2354930.173048176802695 ], [ 2087484.866079124156386, 2349897.071808190084994 ], [ 2087018.690776547649875, 2342825.645802716258913 ], [ 2082739.337420362746343, 2344747.447494790889323 ], [ 2072053.660039735492319, 2335010.693296208977699 ], [ 2074989.035090236458927, 2364968.954151434358209 ], [ 2097433.76032525068149, 2363243.490720930043608 ], [ 2117235.568318823818117, 2378232.809142700396478 ], [ 2115914.659476667176932, 2392728.873587889131159 ], [ 2109041.05786771979183, 2392724.637803817167878 ], [ 2110446.738913703244179, 2392120.331278434954584 ], [ 2109744.025424108374864, 2390871.068788323085755 ], [ 2109776.613319126423448, 2389199.980348952114582 ], [ 2110188.889164083637297, 2388448.227755438070744 ], [ 2110470.747864750679582, 2387794.505421434529126 ], [ 2110461.605583899188787, 2387755.932334343902767 ], [ 2110407.07326357671991, 2387766.113728606142104 ], [ 2109810.18015870731324, 2388824.724037407431751 ], [ 2108467.475326732266694, 2393156.710695461835712 ], [ 2107980.746865928638726, 2393757.146671362221241 ], [ 2106311.398771648295224, 2399157.587213461752981 ], [ 2104423.720632276497781, 2402411.972626750357449 ], [ 2096310.949997573858127, 2399616.078593410551548 ], [ 2094498.375062023289502, 2406239.655621908139437 ] ] ], [ [ [ 2080013.834248571190983, 2332585.272467047907412 ], [ 2091284.016627505421638, 2320298.213039468973875 ], [ 2093751.783116678707302, 2329326.603939418680966 ], [ 2095935.095517724519596, 2321445.059337334241718 ], [ 2068706.407334544928744, 2310216.164976532571018 ], [ 2080013.834248571190983, 2332585.272467047907412 ] ] ], [ [ [ 2126668.218125350773335, 2335126.108608428854495 ], [ 2134428.770573421847075, 2319408.840987043455243 ], [ 2126038.93320455821231, 2317415.743385653011501 ], [ 2115217.024833605159074, 2319197.367553952615708 ], [ 2127914.69701581588015, 2325335.16279260488227 ], [ 2126668.218125350773335, 2335126.108608428854495 ] ] ], [ [ [ 2064367.103830700274557, 2326605.213726588990539 ], [ 2070931.214899932965636, 2331278.469142297282815 ], [ 2064549.228808809537441, 2324688.220907237380743 ], [ 2064367.103830700274557, 2326605.213726588990539 ] ] ], [ [ [ 2057395.866990488488227, 2320894.137249365448952 ], [ 2061296.275507671525702, 2321160.355221584904939 ], [ 2057648.035514796385542, 2319409.391767644323409 ], [ 2057395.866990488488227, 2320894.137249365448952 ] ] ], [ [ [ 2125608.968386848922819, 2364041.755728684365749 ], [ 2125438.603748234920204, 2358600.728779291734099 ], [ 2126725.176793058868498, 2353971.688783710356802 ], [ 2125357.284661934711039, 2352168.740213789511472 ], [ 2124597.477312375791371, 2352918.538193641230464 ], [ 2125608.968386848922819, 2364041.755728684365749 ] ] ], [ [ [ 2114322.587286892812699, 2319455.727572535164654 ], [ 2112087.013755884487182, 2321617.255052395164967 ], [ 2113698.105137048754841, 2321382.969355901237577 ], [ 2114322.587286892812699, 2319455.727572535164654 ] ] ], [ [ [ 2061773.746888685040176, 2324605.523687877692282 ], [ 2064484.022096700966358, 2323905.860277445055544 ], [ 2062307.652660109801218, 2323122.762904604431242 ], [ 2061773.746888685040176, 2324605.523687877692282 ] ] ], [ [ [ 2090042.778157345717773, 2351210.593212168198079 ], [ 2092109.163977878866717, 2350663.168914791662246 ], [ 2090764.045547771966085, 2350305.537633580155671 ], [ 2090042.778157345717773, 2351210.593212168198079 ] ] ], [ [ [ 2069504.038002296583727, 2304528.084453411865979 ], [ 2070524.986175150377676, 2302929.04473102139309 ], [ 2068020.675507036037743, 2303338.134435899555683 ], [ 2069504.038002296583727, 2304528.084453411865979 ] ] ], [ [ [ 2057397.148686360800639, 2339698.071178496349603 ], [ 2059596.235808173660189, 2339772.285626833327115 ], [ 2059416.617193115875125, 2338556.289013166446239 ], [ 2057397.148686360800639, 2339698.071178496349603 ] ] ], [ [ [ 2055303.133249611360952, 2320016.7526037665084 ], [ 2057284.835072475718334, 2319352.468463522847742 ], [ 2054257.65834004804492, 2317206.63714920450002 ], [ 2055303.133249611360952, 2320016.7526037665084 ] ] ], [ [ [ 2071274.651949328137562, 2333918.483103239908814 ], [ 2072312.602384540252388, 2333110.867942903190851 ], [ 2071164.051806275965646, 2333515.470537845045328 ], [ 2071274.651949328137562, 2333918.483103239908814 ] ] ], [ [ [ 2082113.267372959293425, 2341400.874069711659104 ], [ 2083501.923035130137578, 2343009.29690629336983 ], [ 2082618.728788948617876, 2341463.928170464467257 ], [ 2083016.436042572604492, 2341837.251117486972362 ], [ 2083660.4505904186517, 2341583.042395778466016 ], [ 2083813.298774014459923, 2341135.588061281945556 ], [ 2082113.267372959293425, 2341400.874069711659104 ] ] ], [ [ [ 2029411.995657976251096, 2413847.437997263390571 ], [ 2029667.445691540837288, 2411955.229125926271081 ], [ 2028748.336611493723467, 2411918.614927748218179 ], [ 2029411.995657976251096, 2413847.437997263390571 ] ] ], [ [ [ 2027022.587983065284789, 2416536.598332875408232 ], [ 2025812.054949233075604, 2413905.201770247891545 ], [ 2026313.187885462772101, 2415752.490984187461436 ], [ 2027022.587983065284789, 2416536.598332875408232 ] ] ], [ [ [ 2023136.165250397985801, 2414357.896089210640639 ], [ 2023115.864146781619638, 2412996.065370719879866 ], [ 2022726.976531361229718, 2413034.523604641668499 ], [ 2023136.165250397985801, 2414357.896089210640639 ] ] ], [ [ [ 2123781.79320862935856, 2372347.866238282062113 ], [ 2124699.569152355659753, 2373016.76551107969135 ], [ 2124789.830929616466165, 2372056.802892092615366 ], [ 2123781.79320862935856, 2372347.866238282062113 ] ] ], [ [ [ 2113497.190149364527315, 2390233.351646468043327 ], [ 2114726.928185459692031, 2389898.135014216881245 ], [ 2113578.765505739022046, 2390010.132982278708369 ], [ 2113497.190149364527315, 2390233.351646468043327 ] ] ], [ [ [ 2070158.469143154565245, 2334161.015561541542411 ], [ 2070709.235488263424486, 2333596.678786746691912 ], [ 2070422.385951990494505, 2333608.269225877244025 ], [ 2070158.469143154565245, 2334161.015561541542411 ] ] ], [ [ [ 2022297.384778447914869, 2470242.954039923846722 ], [ 2023094.356969089712948, 2470348.629752682056278 ], [ 2022863.133369328686967, 2469829.856496733147651 ], [ 2022297.384778447914869, 2470242.954039923846722 ] ] ], [ [ [ 2070773.832536366768181, 2353115.909862259402871 ], [ 2071899.006808919133618, 2352646.969488951843232 ], [ 2071854.073623335920274, 2352141.979067802429199 ], [ 2070773.832536366768181, 2353115.909862259402871 ] ] ], [ [ [ 2024224.959887280594558, 2415334.939542420208454 ], [ 2024915.455649081151932, 2414949.026952343527228 ], [ 2024777.854430380510166, 2414631.926023836247623 ], [ 2024224.959887280594558, 2415334.939542420208454 ] ] ], [ [ [ 2071690.714838351821527, 2355967.098202814348042 ], [ 2071288.909922247286886, 2356896.172129664570093 ], [ 2071659.444869732717052, 2356485.582483262754977 ], [ 2071690.714838351821527, 2355967.098202814348042 ] ] ], [ [ [ 2087911.534099434269592, 2346792.244107168633491 ], [ 2088449.022879217052832, 2346632.426365807186812 ], [ 2088560.763058193726465, 2346128.880241675768048 ], [ 2087911.534099434269592, 2346792.244107168633491 ] ] ], [ [ [ 2050207.154176387703046, 2342726.422982472460717 ], [ 2050275.061491252621636, 2342930.598730432800949 ], [ 2050598.033751308219507, 2342958.311420221347362 ], [ 2050207.154176387703046, 2342726.422982472460717 ] ] ], [ [ [ 2071259.076198439346626, 2333348.692466540262103 ], [ 2071479.092491160146892, 2333113.099887593183666 ], [ 2071247.916195390978828, 2332981.497725558932871 ], [ 2071259.076198439346626, 2333348.692466540262103 ] ] ], [ [ [ 2069207.444740135455504, 2358645.383555000182241 ], [ 2069258.864246396813542, 2358926.124766592867672 ], [ 2069382.667942053172737, 2358854.986076802480966 ], [ 2069207.444740135455504, 2358645.383555000182241 ] ] ], [ [ [ 2049942.266296298941597, 2342731.000752788968384 ], [ 2049892.963736642152071, 2342442.714775233529508 ], [ 2049874.406974676530808, 2342691.450657446403056 ], [ 2049942.266296298941597, 2342731.000752788968384 ] ] ], [ [ [ 2072085.023793011438102, 2356302.479283273685724 ], [ 2072070.14796901983209, 2356204.090339217800647 ], [ 2072010.125355475582182, 2356253.794260903261602 ], [ 2072085.023793011438102, 2356302.479283273685724 ] ] ], [ [ [ 2125565.319277367088944, 2359104.055122272577137 ], [ 2125572.600588830653578, 2359075.063687585294247 ], [ 2125559.217411473859102, 2359074.676681308075786 ], [ 2125565.319277367088944, 2359104.055122272577137 ] ] ] ] } },
{ "type": "Feature", "properties": { "OBJECTID": 20.0, "STATE": "Connecticut", "STATE_FIPS": "09", "CD_2DIG": "01", "STATE_CODE": 6, "CLIMDIV": 601, "CD_NEW": 1, "FIPS_CD": "0901", "NCDC_GEO_I": 274.0, "NAME": "NORTHWEST", "ST_ABBRV": "CT", "SHAPE_AREA": 0.0, "SHAPE_LEN": 0.0 }, "geometry": { "type": "Polygon", "coordinates": [ [ [ 1892237.295965324621648, 2343697.690639116801322 ], [ 1877731.268087601521984, 2284787.516352677252144 ], [ 1864558.661825803574175, 2279720.714459629263729 ], [ 1841042.930216044187546, 2292387.50421432312578 ], [ 1833457.494495720602572, 2334652.659853918012232 ], [ 1892237.295965324621648, 2343697.690639116801322 ] ] ] } },
{ "type": "Feature", "properties": { "OBJECTID": 21.0, "STATE": "Connecticut", "STATE_FIPS": "09", "CD_2DIG": "02", "STATE_CODE": 6, "CLIMDIV": 602, "CD_NEW": 2, "FIPS_CD": "0902", "NCDC_GEO_I": 275.0, "NAME": "CENTRAL", "ST_ABBRV": "CT", "SHAPE_AREA": 0.0, "SHAPE_LEN": 0.0 }, "geometry": { "type": "Polygon", "coordinates": [ [ [ 1984746.266379214357585, 2305630.218676957767457 ], [ 1907775.971395725850016, 2281040.469066859222949 ], [ 1855803.648015529382974, 2243749.80705175595358 ], [ 1848113.011783136520535, 2251412.530242411885411 ], [ 1841033.118430699687451, 2292428.20298524107784 ], [ 1864548.745622385758907, 2279761.394962887279689 ], [ 1877721.279716913588345, 2284828.178507042583078 ], [ 1892210.167063468135893, 2347571.353302685543895 ], [ 1968674.678180482471362, 2365603.477481964975595 ], [ 1984746.266379214357585, 2305630.218676957767457 ] ] ] } },
{ "type": "Feature", "properties": { "OBJECTID": 23.0, "STATE": "Rhode Island", "STATE_FIPS": "44", "CD_2DIG": "01", "STATE_CODE": 37, "CLIMDIV": 3701, "CD_NEW": 1, "FIPS_CD": "4401", "NCDC_GEO_I": 277.0, "NAME": "ALL", "ST_ABBRV": "RI", "SHAPE_AREA": 0.0, "SHAPE_LEN": 0.0 }, "geometry": { "type": "MultiPolygon", "coordinates": [ [ [ [ 2002002.009091062936932, 2373766.27022516168654 ], [ 2005740.205164008075371, 2360220.337853608652949 ], [ 2009015.444943918380886, 2361690.954425826203078 ], [ 2011729.844459413550794, 2350824.365692435298115 ], [ 2014722.162004437530413, 2346129.725853020790964 ], [ 2017971.57755856285803, 2344259.229511194396764 ], [ 2011753.834996863733977, 2344714.812242813874036 ], [ 2009615.082343214657158, 2349092.769813727587461 ], [ 2007077.304188104812056, 2351105.437770049553365 ], [ 2007501.796500740805641, 2351780.061608062125742 ], [ 2008382.381160302320495, 2354452.379761222749949 ], [ 2007969.181528397137299, 2356118.169958606828004 ], [ 2007298.569220265373588, 2356493.646111784037203 ], [ 2006667.435158882290125, 2357518.402442676946521 ], [ 2006099.568950510816649, 2357935.74204568983987 ], [ 2013062.706360979238525, 2300478.522637726739049 ], [ 1982076.717746256384999, 2286073.54536039987579 ], [ 1986025.378391289617866, 2299918.962172624655068 ], [ 1969229.573996144346893, 2363916.413731216453016 ], [ 2002002.009091062936932, 2373766.27022516168654 ] ] ], [ [ [ 2032379.831427853088826, 2340022.735102583188564 ], [ 2037998.890656596049666, 2322961.247319217771292 ], [ 2033280.01658543641679, 2316693.473088733386248 ], [ 2026533.217653111554682, 2336326.111407399643213 ], [ 2032379.831427853088826, 2340022.735102583188564 ] ] ], [ [ [ 2025813.978725828230381, 2337091.328812156803906 ], [ 2029018.524213223252445, 2318018.549956804607064 ], [ 2020577.902211701497436, 2312733.00015901401639 ], [ 2022900.330602499423549, 2316646.750290624331683 ], [ 2022105.702197019942105, 2332922.260451411828399 ], [ 2025813.978725828230381, 2337091.328812156803906 ] ] ], [ [ [ 2018901.800755906151608, 2345246.587988205719739 ], [ 2023494.121568659087643, 2343689.633746291976422 ], [ 2022554.902370924130082, 2335634.926480608526617 ], [ 2018587.904894863022491, 2336402.190589107573032 ], [ 2018901.800755906151608, 2345246.587988205719739 ] ] ], [ [ [ 2009763.229474298888817, 2283981.799512075260282 ], [ 2013676.817319134017453, 2277118.532705834135413 ], [ 2009594.026820676866919, 2274856.572971102781594 ], [ 2008089.191829036222771, 2278385.980047862045467 ], [ 2009763.229474298888817, 2283981.799512075260282 ] ] ], [ [ [ 2015693.660343684954569, 2325867.87758006202057 ], [ 2019734.82976911845617, 2316097.94408102799207 ], [ 2017036.64920680783689, 2311736.146745519712567 ], [ 2015693.660343684954569, 2325867.87758006202057 ] ] ], [ [ [ 2015275.558835862204432, 2333473.153794665820897 ], [ 2019803.862827468197793, 2332197.199140872806311 ], [ 2020334.936368698021397, 2330785.429509083274752 ], [ 2019428.238553409930319, 2327677.170638505835086 ], [ 2019681.632239518687129, 2327536.290982213802636 ], [ 2019614.189852250739932, 2327434.303381806239486 ], [ 2017911.307411225279793, 2328703.872381876222789 ], [ 2017959.847899754531682, 2332282.054053395986557 ], [ 2015275.558835862204432, 2333473.153794665820897 ] ] ], [ [ [ 2014995.117298400262371, 2346101.991131024435163 ], [ 2017140.536821778165177, 2348100.292556203436106 ], [ 2017583.890362889738753, 2344870.388158217072487 ], [ 2014995.117298400262371, 2346101.991131024435163 ] ] ], [ [ [ 2013578.188255893299356, 2335361.830220078118145 ], [ 2014785.415909108007327, 2335344.330160234123468 ], [ 2014419.568437323439866, 2334355.219355447217822 ], [ 2013578.188255893299356, 2335361.830220078118145 ] ] ], [ [ [ 2020748.761769986245781, 2334555.263622900936753 ], [ 2021465.693752765655518, 2335036.50153984175995 ], [ 2021829.577217255951837, 2334839.344497277867049 ], [ 2020748.761769986245781, 2334555.263622900936753 ] ] ], [ [ [ 2020823.142443960299715, 2320341.859337055590004 ], [ 2021206.941424946533516, 2319406.438898696098477 ], [ 2021418.074887173017487, 2319235.082790870219469 ], [ 2020876.09725173516199, 2319572.523305720183998 ], [ 2020823.142443960299715, 2320341.859337055590004 ] ] ], [ [ [ 2021734.295308398548514, 2317651.83768949424848 ], [ 2021815.593372915172949, 2316975.818525341805071 ], [ 2021575.675099910702556, 2318138.9345075446181 ], [ 2021734.295308398548514, 2317651.83768949424848 ] ] ], [ [ [ 2017763.326415700372308, 2344914.767756918910891 ], [ 2017704.615393851418048, 2344863.716454561334103 ], [ 2017683.253017297247425, 2345000.221155742648989 ], [ 2017763.326415700372308, 2344914.767756918910891 ] ] ] ] } },
{ "type": "Feature", "properties": { "OBJECTID": 24.0, "STATE": "New York", "STATE_FIPS": "36", "CD_2DIG": "08", "STATE_CODE": 30, "CLIMDIV": 3008, "CD_NEW": 8, "FIPS_CD": "3608", "NCDC_GEO_I": 278.0, "NAME": "ST. LAWRENCE VALLEY", "ST_ABBRV": "NY", "SHAPE_AREA": 0.0, "SHAPE_LEN": 0.0 }, "geometry": { "type": "MultiPolygon", "coordinates": [ [ [ [ 1653720.428391786059365, 2632196.198238946031779 ], [ 1714928.891433855053037, 2644382.792264841962606 ], [ 1729723.67930096690543, 2606530.263769207056612 ], [ 1624568.330553049221635, 2534964.457450709771365 ], [ 1601647.303007788956165, 2543027.762422393076122 ], [ 1599565.949903598288074, 2543856.8791019837372 ], [ 1594863.111406487878412, 2545561.165773483458906 ], [ 1589816.126541616627946, 2547491.00308454176411 ], [ 1592997.493040126981214, 2549491.14732921961695 ], [ 1595189.011908204993233, 2554890.44176368881017 ], [ 1594378.403918612981215, 2564564.131917861755937 ], [ 1613816.777002998162061, 2595882.674996530637145 ], [ 1653720.428391786059365, 2632196.198238946031779 ] ] ], [ [ [ 1592582.34837310272269, 2551528.692494622897357 ], [ 1593065.842592216329649, 2551692.812653184402734 ], [ 1591636.440992142772302, 2550303.367414410691708 ], [ 1592582.34837310272269, 2551528.692494622897357 ] ] ], [ [ [ 1593357.184625419788063, 2553698.554882001131773 ], [ 1593696.463333781575784, 2553811.415367913432419 ], [ 1593497.050368111813441, 2553441.067609122022986 ], [ 1593357.184625419788063, 2553698.554882001131773 ] ] ], [ [ [ 1592123.030615205876529, 2554278.697142589837313 ], [ 1592402.148428119020537, 2554243.102036072872579 ], [ 1592249.997995087178424, 2553873.431034561712295 ], [ 1592123.030615205876529, 2554278.697142589837313 ] ] ], [ [ [ 1591326.751349656842649, 2550861.433790039271116 ], [ 1591408.270489381160587, 2550707.242159015499055 ], [ 1591412.920402941061184, 2550474.348717115353793 ], [ 1591326.751349656842649, 2550861.433790039271116 ] ] ], [ [ [ 1589476.183718584477901, 2548901.827540367376059 ], [ 1589761.908283822704107, 2548936.471783076878637 ], [ 1589612.542091797105968, 2548796.927951502613723 ], [ 1589476.183718584477901, 2548901.827540367376059 ] ] ], [ [ [ 1590930.77875331393443, 2557410.350628796499223 ], [ 1591103.693035167641938, 2557236.591740861069411 ], [ 1590897.772290518740192, 2557109.632200775202364 ], [ 1590930.77875331393443, 2557410.350628796499223 ] ] ], [ [ [ 1592580.781915565486997, 2550681.878344757482409 ], [ 1592582.941667310893536, 2550465.195572660304606 ], [ 1592516.766108839539811, 2550427.316773644648492 ], [ 1592580.781915565486997, 2550681.878344757482409 ] ] ], [ [ [ 1593338.293428098550066, 2553344.190251702908427 ], [ 1593231.726077223895118, 2553372.34978801291436 ], [ 1593344.753479381790385, 2553532.753495484124869 ], [ 1593338.293428098550066, 2553344.190251702908427 ] ] ], [ [ [ 1593364.506694716867059, 2554630.837835092097521 ], [ 1593165.831196458078921, 2554464.352727182675153 ], [ 1593294.822358802659437, 2554701.498698325362056 ], [ 1593364.506694716867059, 2554630.837835092097521 ] ] ], [ [ [ 1592778.74144060537219, 2553180.702546312939376 ], [ 1592952.218563908943906, 2553069.528173887636513 ], [ 1592731.292083403794095, 2553028.771717852447182 ], [ 1592778.74144060537219, 2553180.702546312939376 ] ] ], [ [ [ 1590491.178131179185584, 2554237.738972698803991 ], [ 1590646.298240538919345, 2554315.646077330224216 ], [ 1590548.159068335080519, 2554170.47275178739801 ], [ 1590491.178131179185584, 2554237.738972698803991 ] ] ], [ [ [ 1591254.777340488741174, 2556631.399338405113667 ], [ 1591134.169146308442578, 2556471.333368867170066 ], [ 1591189.643816351890564, 2556701.454816340468824 ], [ 1591254.777340488741174, 2556631.399338405113667 ] ] ], [ [ [ 1592145.118102943757549, 2554060.516464069951326 ], [ 1592051.61601646267809, 2553807.009554452262819 ], [ 1592127.528980704722926, 2554139.356350853573531 ], [ 1592145.118102943757549, 2554060.516464069951326 ] ] ], [ [ [ 1590960.679566383827478, 2549342.189290581271052 ], [ 1591024.116128887515515, 2549269.579163249116391 ], [ 1590925.720903327455744, 2549224.657365838531405 ], [ 1590960.679566383827478, 2549342.189290581271052 ] ] ], [ [ [ 1590268.430235822452232, 2549873.796145726926625 ], [ 1590384.471074118511751, 2549895.613626905716956 ], [ 1590284.289156220387667, 2549751.948087515775114 ], [ 1590268.430235822452232, 2549873.796145726926625 ] ] ], [ [ [ 1592465.373934033792466, 2555300.834092277567834 ], [ 1592378.919783858815208, 2555232.239501602016389 ], [ 1592446.409804427297786, 2555464.975340791512281 ], [ 1592465.373934033792466, 2555300.834092277567834 ] ] ], [ [ [ 1592643.991607649484649, 2553249.860333722550422 ], [ 1592728.1761584719643, 2553207.96849963394925 ], [ 1592667.714163665426895, 2553097.112872418947518 ], [ 1592643.991607649484649, 2553249.860333722550422 ] ] ], [ [ [ 1589920.740791486110538, 2549178.02057292452082 ], [ 1589888.528512888820842, 2548979.022293288260698 ], [ 1589818.581588638015091, 2548964.979622652288526 ], [ 1589920.740791486110538, 2549178.02057292452082 ] ] ], [ [ [ 1592291.996423193486407, 2551599.725535546429455 ], [ 1592411.600668269442394, 2551548.486224206164479 ], [ 1592280.171392743708566, 2551537.444422245956957 ], [ 1592291.996423193486407, 2551599.725535546429455 ] ] ], [ [ [ 1592567.518595515284687, 2552927.981168630067259 ], [ 1592634.804846820421517, 2552907.173811484128237 ], [ 1592561.879552096361294, 2552801.721426135394722 ], [ 1592567.518595515284687, 2552927.981168630067259 ] ] ], [ [ [ 1593636.439428062643856, 2554204.583790020085871 ], [ 1593635.933120724977925, 2554100.175678866915405 ], [ 1593568.928669814718887, 2554104.27693693805486 ], [ 1593636.439428062643856, 2554204.583790020085871 ] ] ], [ [ [ 1589744.65231465594843, 2548224.701981581747532 ], [ 1589717.786387315019965, 2548132.859034431166947 ], [ 1589652.732728279428557, 2548157.943509350065142 ], [ 1589744.65231465594843, 2548224.701981581747532 ] ] ], [ [ [ 1591218.239943588152528, 2551358.135890759062022 ], [ 1591298.454148897901177, 2551324.486732669174671 ], [ 1591194.717489762697369, 2551273.95850882679224 ], [ 1591218.239943588152528, 2551358.135890759062022 ] ] ], [ [ [ 1593074.84184996294789, 2554103.879667480476201 ], [ 1593165.939689293503761, 2554155.930728370323777 ], [ 1593176.523714114679024, 2554111.824899215251207 ], [ 1593074.84184996294789, 2554103.879667480476201 ] ] ], [ [ [ 1591005.20733689609915, 2555914.998963811900467 ], [ 1590919.953101199818775, 2555835.967904806137085 ], [ 1591000.530420870520175, 2555960.377859972417355 ], [ 1591005.20733689609915, 2555914.998963811900467 ] ] ], [ [ [ 1591043.376100244699046, 2550414.486909477505833 ], [ 1591111.180477340007201, 2550415.429940364323556 ], [ 1591078.403213560814038, 2550347.38056445075199 ], [ 1591043.376100244699046, 2550414.486909477505833 ] ] ], [ [ [ 1591760.567680782172829, 2550873.742448700591922 ], [ 1591695.50613260967657, 2550852.183150765951723 ], [ 1591739.058845821768045, 2550939.545043910853565 ], [ 1591760.567680782172829, 2550873.742448700591922 ] ] ], [ [ [ 1592176.689635417424142, 2559739.808812883682549 ], [ 1592119.195268300827593, 2559715.533566886093467 ], [ 1592149.408112751552835, 2559791.699365159962326 ], [ 1592176.689635417424142, 2559739.808812883682549 ] ] ], [ [ [ 1591605.128334091044962, 2551121.979657770134509 ], [ 1591541.133052784018219, 2551139.1780761689879 ], [ 1591588.025931656826288, 2551148.154185582417995 ], [ 1591605.128334091044962, 2551121.979657770134509 ] ] ], [ [ [ 1589305.034005791414529, 2547761.069932516664267 ], [ 1589229.681584504200146, 2547713.956778490450233 ], [ 1589282.586024395888671, 2547780.40053607756272 ], [ 1589305.034005791414529, 2547761.069932516664267 ] ] ], [ [ [ 1593181.263009626185521, 2553482.617372637148947 ], [ 1593119.844423880102113, 2553450.314788423012942 ], [ 1593163.944900120375678, 2553509.767022894695401 ], [ 1593181.263009626185521, 2553482.617372637148947 ] ] ], [ [ [ 1592640.212477131281048, 2555465.913885520305485 ], [ 1592596.287250021938235, 2555410.605611117556691 ], [ 1592617.414562225807458, 2555498.147781940177083 ], [ 1592640.212477131281048, 2555465.913885520305485 ] ] ], [ [ [ 1589052.636901717400178, 2547831.536809893324971 ], [ 1589065.016266916645691, 2547776.300062990747392 ], [ 1588972.188154340954497, 2547813.761796575039625 ], [ 1589052.636901717400178, 2547831.536809893324971 ] ] ], [ [ [ 1592020.710856284946203, 2553883.203297675587237 ], [ 1591994.477843607543036, 2553874.918934445828199 ], [ 1592028.824992063688114, 2553975.798599226400256 ], [ 1592020.710856284946203, 2553883.203297675587237 ] ] ], [ [ [ 1592695.818850463489071, 2555963.374177014455199 ], [ 1592638.847071995027363, 2555909.46415892476216 ], [ 1592690.204132975079119, 2556003.650562720838934 ], [ 1592695.818850463489071, 2555963.374177014455199 ] ] ], [ [ [ 1591129.711199972778559, 2556399.820497855078429 ], [ 1591110.482604726217687, 2556378.688363425433636 ], [ 1591120.270461089676246, 2556405.191444376949221 ], [ 1591129.711199972778559, 2556399.820497855078429 ] ] ] ] } },
{ "type": "Feature", "properties": { "OBJECTID": 25.0, "STATE": "New York", "STATE_FIPS": "36", "CD_2DIG": "09", "STATE_CODE": 30, "CLIMDIV": 3009, "CD_NEW": 9, "FIPS_CD": "3609", "NCDC_GEO_I": 279.0, "NAME": "GREAT LAKES", "ST_ABBRV": "NY", "SHAPE_AREA": 0.0, "SHAPE_LEN": 0.0 }, "geometry": { "type": "MultiPolygon", "coordinates": [ [ [ [ 1589816.126541616627946, 2547491.00308454176411 ], [ 1624568.330553049221635, 2534964.457450709771365 ], [ 1622991.760914775775746, 2506097.894196271430701 ], [ 1601759.072088029002771, 2491898.240047805942595 ], [ 1618084.996449355734512, 2448218.512746643275023 ], [ 1611203.451115989591926, 2430146.37634442653507 ], [ 1615386.080561051378027, 2411681.155447245575488 ], [ 1587491.612494002329186, 2418920.542120115831494 ], [ 1588453.997299033915624, 2411813.143719100393355 ], [ 1580110.784443663898855, 2412797.381451306398958 ], [ 1552660.289721190230921, 2383486.348116410430521 ], [ 1491090.836074270540848, 2372277.838916589040309 ], [ 1493326.712613993091509, 2362304.562156649772078 ], [ 1458340.495228452607989, 2360559.271047891583294 ], [ 1457398.744898811914027, 2346146.460263834800571 ], [ 1414872.459887564880773, 2338662.296623561065644 ], [ 1423132.942655323538929, 2302195.845671572256833 ], [ 1391711.053872638149187, 2285563.445326547138393 ], [ 1375499.47695682826452, 2293970.730498055461794 ], [ 1386134.147471550386399, 2234689.990160315297544 ], [ 1329457.270364948082715, 2224641.08015277562663 ], [ 1324231.181663971627131, 2254443.256039411295205 ], [ 1368097.593614971498027, 2294419.922383945900947 ], [ 1387148.949368513422087, 2324019.569676069542766 ], [ 1386726.501326981233433, 2329845.284632521681488 ], [ 1382431.863151598488912, 2333603.573213004972786 ], [ 1382726.097775721224025, 2334280.507306018844247 ], [ 1381086.997342445654795, 2335706.254861629102379 ], [ 1380646.304467691108584, 2339313.577342878095806 ], [ 1379218.674864131258801, 2341934.006079269573092 ], [ 1376232.261951029999182, 2344466.71890778793022 ], [ 1380145.465586173580959, 2350037.717825116124004 ], [ 1380147.291570247150958, 2350609.059560966212302 ], [ 1379016.87075191247277, 2352246.694358406588435 ], [ 1373916.093657745281234, 2354408.234697844367474 ], [ 1363892.62901539192535, 2354111.1828966550529 ], [ 1360825.56672729132697, 2373623.17062681587413 ], [ 1434730.097583201481029, 2400137.516998215112835 ], [ 1462721.798983327811584, 2401619.261978392489254 ], [ 1481404.996965465135872, 2393291.704064988531172 ], [ 1515695.010504079982638, 2406177.884753759950399 ], [ 1531543.197149466257542, 2400751.884125257842243 ], [ 1528977.188422295730561, 2407134.245512737892568 ], [ 1528859.498486527474597, 2406942.824043955653906 ], [ 1528378.277276654029265, 2406574.756178219802678 ], [ 1528113.259811815572903, 2406469.413104804232717 ], [ 1527254.462904055602849, 2406327.595193803310394 ], [ 1527002.246958550298586, 2406581.410509103909135 ], [ 1546682.384993250248954, 2415429.074686579871923 ], [ 1564861.508465815801173, 2442736.783742586150765 ], [ 1579678.375160903437063, 2447634.558543663471937 ], [ 1582597.290668268920854, 2461652.290480315219611 ], [ 1566594.170095572480932, 2481230.685247079469264 ], [ 1572173.480230059940368, 2487511.167731105349958 ], [ 1571109.936103904154152, 2483079.527013303246349 ], [ 1573937.3339093697723, 2482008.004524671006948 ], [ 1582271.403597216121852, 2499382.667769243009388 ], [ 1571603.962270880118012, 2495081.877264407463372 ], [ 1576457.52348643518053, 2503673.147946617100388 ], [ 1568737.027762295678258, 2507323.376161403022707 ], [ 1565426.875288256444037, 2492957.389111331198364 ], [ 1562137.991249675862491, 2503364.898098641075194 ], [ 1555223.870664894813672, 2507146.919044189155102 ], [ 1579351.115108480444178, 2530753.931794424541295 ], [ 1588867.662321030860767, 2542354.263191916979849 ], [ 1589816.126541616627946, 2547491.00308454176411 ] ] ], [ [ [ 1369656.705210374668241, 2352745.939980019815266 ], [ 1378347.55191868590191, 2351642.26080142846331 ], [ 1375637.437614098191261, 2345525.845036698505282 ], [ 1376870.185825232882053, 2342033.614186653401703 ], [ 1369656.705210374668241, 2352745.939980019815266 ] ] ], [ [ [ 1574739.546739014796913, 2536476.635761850513518 ], [ 1583728.131348683964461, 2538501.837305369786918 ], [ 1577451.338010971201584, 2532454.85468312446028 ], [ 1574739.546739014796913, 2536476.635761850513518 ] ] ], [ [ [ 1568394.343159174546599, 2530763.528350783511996 ], [ 1573612.97730353125371, 2530175.675006938632578 ], [ 1568761.891806296771392, 2526673.64723813906312 ], [ 1568394.343159174546599, 2530763.528350783511996 ] ] ], [ [ [ 1556342.318522787420079, 2486242.630415994208306 ], [ 1558237.030699398601428, 2485399.844351855572313 ], [ 1554220.684862066060305, 2482265.61382123734802 ], [ 1556342.318522787420079, 2486242.630415994208306 ] ] ], [ [ [ 1561969.368762143421918, 2484620.235299501568079 ], [ 1563690.006854737410322, 2483539.464221140835434 ], [ 1561461.693128477782011, 2482637.030358835589141 ], [ 1561969.368762143421918, 2484620.235299501568079 ] ] ], [ [ [ 1558096.629843462957069, 2516470.645458089187741 ], [ 1561731.171403263229877, 2516916.679077654611319 ], [ 1558541.007575897034258, 2515007.641728831920773 ], [ 1558096.629843462957069, 2516470.645458089187741 ] ] ], [ [ [ 1556415.785988393239677, 2501469.021814956795424 ], [ 1558245.214604755863547, 2500164.109214290510863 ], [ 1555597.035291334846988, 2499521.74323934642598 ], [ 1556415.785988393239677, 2501469.021814956795424 ] ] ], [ [ [ 1559734.295209380332381, 2501212.888320521451533 ], [ 1560629.088784640654922, 2499854.522487458772957 ], [ 1559344.16505877696909, 2499864.891568837221712 ], [ 1559734.295209380332381, 2501212.888320521451533 ] ] ], [ [ [ 1575625.691376570379362, 2532870.128514730837196 ], [ 1576357.652997076977044, 2532626.34541588043794 ], [ 1575373.000893035670742, 2531796.654844176955521 ], [ 1575625.691376570379362, 2532870.128514730837196 ] ] ], [ [ [ 1379808.067121298750862, 2339696.999846337363124 ], [ 1380533.886947985505685, 2339090.203234451357275 ], [ 1380688.290045451372862, 2337503.615054519381374 ], [ 1379808.067121298750862, 2339696.999846337363124 ] ] ], [ [ [ 1576001.691940252203494, 2529037.658685585483909 ], [ 1575852.865669636521488, 2528394.459318630862981 ], [ 1575442.466632567811757, 2528303.663077764678746 ], [ 1576001.691940252203494, 2529037.658685585483909 ] ] ], [ [ [ 1528347.23756195907481, 2405285.548312067054212 ], [ 1529134.83657566504553, 2405066.137023099232465 ], [ 1529004.880008694017306, 2404682.499771296046674 ], [ 1528347.23756195907481, 2405285.548312067054212 ] ] ], [ [ [ 1363627.134416911285371, 2353389.925306037534028 ], [ 1364442.032067824853584, 2353714.50028508156538 ], [ 1364795.455714240437374, 2353489.095477820374072 ], [ 1363627.134416911285371, 2353389.925306037534028 ] ] ], [ [ [ 1379959.640529749449342, 2350624.278280142694712 ], [ 1379746.996491620549932, 2349926.448014618363231 ], [ 1379360.40669467090629, 2351102.871736208442599 ], [ 1379959.640529749449342, 2350624.278280142694712 ] ] ], [ [ [ 1528854.965573145542294, 2406759.932203142903745 ], [ 1529164.086915315827355, 2405621.082458760589361 ], [ 1528759.712629151297733, 2406256.875217583030462 ], [ 1528854.965573145542294, 2406759.932203142903745 ] ] ], [ [ [ 1374845.249199869344011, 2341918.800628134515136 ], [ 1375317.096143244765699, 2342011.926263501867652 ], [ 1375487.082845936529338, 2341739.253638285212219 ], [ 1374845.249199869344011, 2341918.800628134515136 ] ] ], [ [ [ 1589065.016266916645691, 2547776.300062990747392 ], [ 1588756.114236995810643, 2547344.728576387278736 ], [ 1588972.188154340954497, 2547813.761796575039625 ], [ 1589065.016266916645691, 2547776.300062990747392 ] ] ], [ [ [ 1585946.282045301049948, 2541906.329327259678394 ], [ 1586138.257629987085238, 2541764.727376123424619 ], [ 1585943.935430101584643, 2541582.81391235254705 ], [ 1585946.282045301049948, 2541906.329327259678394 ] ] ], [ [ [ 1574716.599093881901354, 2527215.191209875978529 ], [ 1574788.820597945945337, 2527433.628415936138481 ], [ 1574845.410971704404801, 2527398.376868094317615 ], [ 1574716.599093881901354, 2527215.191209875978529 ] ] ], [ [ [ 1588722.486993724713102, 2545940.432765467092395 ], [ 1588883.426545631838962, 2545955.575650015845895 ], [ 1588737.752488108817488, 2545720.655602076556534 ], [ 1588722.486993724713102, 2545940.432765467092395 ] ] ], [ [ [ 1589115.873430922627449, 2546560.698378947097808 ], [ 1588992.697896948549896, 2546511.388584764208645 ], [ 1589156.718238116940483, 2546758.358824831433594 ], [ 1589115.873430922627449, 2546560.698378947097808 ] ] ], [ [ [ 1588669.992398405913264, 2545617.739410963375121 ], [ 1588561.930154452798888, 2545574.427747089415789 ], [ 1588596.44932085997425, 2545662.211698409169912 ], [ 1588669.992398405913264, 2545617.739410963375121 ] ] ], [ [ [ 1589294.254003606038168, 2547689.220473172143102 ], [ 1589214.525815152330324, 2547619.395032361615449 ], [ 1589229.681584504200146, 2547713.956778490450233 ], [ 1589294.254003606038168, 2547689.220473172143102 ] ] ] ] } },
{ "type": "Feature", "properties": { "OBJECTID": 26.0, "STATE": "New York", "STATE_FIPS": "36", "CD_2DIG": "03", "STATE_CODE": 30, "CLIMDIV": 3003, "CD_NEW": 3, "FIPS_CD": "3603", "NCDC_GEO_I": 280.0, "NAME": "NORTHERN PLATEAU", "ST_ABBRV": "NY", "SHAPE_AREA": 0.0, "SHAPE_LEN": 0.0 }, "geometry": { "type": "Polygon", "coordinates": [ [ [ 1729723.67930096690543, 2606530.263769207056612 ], [ 1769112.70404907152988, 2484631.90077399276197 ], [ 1751944.912672224687412, 2473922.287697414401919 ], [ 1758312.84011224238202, 2455788.111819600686431 ], [ 1720164.286951942835003, 2443276.343391026370227 ], [ 1618084.996520146960393, 2448218.512761955615133 ], [ 1601759.072088029002771, 2491898.240047805942595 ], [ 1622991.760914775775746, 2506097.894196271430701 ], [ 1624568.330553049221635, 2534964.457450709771365 ], [ 1729723.67930096690543, 2606530.263769207056612 ] ] ] } },
{ "type": "Feature", "properties": { "OBJECTID": 27.0, "STATE": "New York", "STATE_FIPS": "36", "CD_2DIG": "07", "STATE_CODE": 30, "CLIMDIV": 3007, "CD_NEW": 7, "FIPS_CD": "3607", "NCDC_GEO_I": 281.0, "NAME": "CHAMPLAIN VALLEY", "ST_ABBRV": "NY", "SHAPE_AREA": 0.0, "SHAPE_LEN": 0.0 }, "geometry": { "type": "Polygon", "coordinates": [ [ [ 1812020.217026449041441, 2503048.221704101655632 ], [ 1775681.259909418178722, 2469556.0282137459144 ], [ 1714928.891433855053037, 2644382.792264841962606 ], [ 1766936.608755351044238, 2658558.087317330297083 ], [ 1773630.101854915730655, 2615220.235866385512054 ], [ 1785795.739297504536808, 2597604.957825181540102 ], [ 1785001.012457346078008, 2552231.799228532705456 ], [ 1798980.928330636350438, 2524224.648498924449086 ], [ 1797492.71697237319313, 2502834.606763874646276 ], [ 1806209.613994430517778, 2509513.607122130692005 ], [ 1812020.217026449041441, 2503048.221704101655632 ] ] ] } },
{ "type": "Feature", "properties": { "OBJECTID": 28.0, "STATE": "New York", "STATE_FIPS": "36", "CD_2DIG": "05", "STATE_CODE": 30, "CLIMDIV": 3005, "CD_NEW": 5, "FIPS_CD": "3605", "NCDC_GEO_I": 282.0, "NAME": "HUDSON VALLEY", "ST_ABBRV": "NY", "SHAPE_AREA": 0.0, "SHAPE_LEN": 0.0 }, "geometry": { "type": "MultiPolygon", "coordinates": [ [ [ [ 1812956.144467899342999, 2501670.166664212942123 ], [ 1832774.105165044311434, 2414597.033081167377532 ], [ 1830832.557549470337108, 2338232.880946202669293 ], [ 1848122.813089855480939, 2251371.813158698379993 ], [ 1855813.479329156456515, 2243709.093970012851059 ], [ 1838897.73923451709561, 2226741.91908623278141 ], [ 1847518.313612694619223, 2214475.835694594308734 ], [ 1847224.925001383526251, 2214536.839732407592237 ], [ 1846639.620573235908523, 2214136.841867849230766 ], [ 1846412.596769424388185, 2210465.42967242654413 ], [ 1840073.812582575948909, 2205320.026739678811282 ], [ 1838229.30575650674291, 2200174.121252261567861 ], [ 1840067.915610955096781, 2201440.14023583708331 ], [ 1839565.408046844415367, 2197818.504363659303635 ], [ 1837234.363923722878098, 2199821.753033546730876 ], [ 1837389.045475730439648, 2200249.999361869413406 ], [ 1837124.797676944872364, 2201417.88902689749375 ], [ 1836881.87072463799268, 2201661.368566289544106 ], [ 1836621.531850789906457, 2201678.908498677425086 ], [ 1837425.246718906331807, 2198691.8930036383681 ], [ 1838276.520490589551628, 2198747.404760325327516 ], [ 1839064.358786256052554, 2194958.251708729658276 ], [ 1841422.422486577183008, 2193213.84119763225317 ], [ 1830390.755221961764619, 2190420.887579736299813 ], [ 1830139.235968028428033, 2198291.25615258468315 ], [ 1829842.718369683949277, 2198544.09355149557814 ], [ 1828628.071646172786132, 2198763.930272886529565 ], [ 1826059.836856828304008, 2177551.975085392128676 ], [ 1828095.951322949957103, 2212261.158109533134848 ], [ 1767414.506541337352246, 2231882.029343108646572 ], [ 1783036.647476641228423, 2277658.983805440366268 ], [ 1781762.921173307113349, 2375240.39342207275331 ], [ 1751944.912672224687412, 2473922.287697414401919 ], [ 1769112.70404907152988, 2484631.90077399276197 ], [ 1775681.259909418178722, 2469556.0282137459144 ], [ 1812956.144467899342999, 2501670.166664212942123 ] ] ], [ [ [ 1830557.76268385280855, 2190377.532777859363705 ], [ 1830978.632305507780984, 2188083.828451019246131 ], [ 1830192.441726009361446, 2188195.047322598285973 ], [ 1830557.76268385280855, 2190377.532777859363705 ] ] ], [ [ [ 1833918.858704685000703, 2189488.744891940616071 ], [ 1835189.50660046748817, 2190209.362074295990169 ], [ 1835352.635898063657805, 2189762.677540595177561 ], [ 1833918.858704685000703, 2189488.744891940616071 ] ] ], [ [ [ 1840315.28067021840252, 2197868.499733928591013 ], [ 1841083.696166352601722, 2198249.344817894510925 ], [ 1841293.082925258902833, 2196877.712220360524952 ], [ 1840315.28067021840252, 2197868.499733928591013 ] ] ], [ [ [ 1847636.845094515476376, 2214470.832077788654715 ], [ 1847835.261811190517619, 2215029.938883364200592 ], [ 1847831.327482256805524, 2213769.556547101121396 ], [ 1847211.435672529740259, 2213175.28765958501026 ], [ 1846905.749422621913254, 2213245.575175075791776 ], [ 1847636.845094515476376, 2214470.832077788654715 ] ] ], [ [ [ 1825687.621827118797228, 2176699.696957990061492 ], [ 1826344.7009363907855, 2176282.821312677115202 ], [ 1825429.256818428635597, 2175617.208682345692068 ], [ 1825687.621827118797228, 2176699.696957990061492 ] ] ], [ [ [ 1830145.452531831339002, 2186537.137815938796848 ], [ 1828982.027210844913498, 2183959.085658796597272 ], [ 1830135.429365511517972, 2186931.795511652715504 ], [ 1830145.452531831339002, 2186537.137815938796848 ] ] ], [ [ [ 1841732.996204932453111, 2198763.761128592304885 ], [ 1842231.158299328060821, 2199278.721120494883507 ], [ 1842191.524894109228626, 2198092.716065793763846 ], [ 1841732.996204932453111, 2198763.761128592304885 ] ] ], [ [ [ 1840942.070790429133922, 2202721.368962879758328 ], [ 1841411.374287040438503, 2201999.848426155745983 ], [ 1840780.388101989869028, 2202068.575009941589087 ], [ 1840942.070790429133922, 2202721.368962879758328 ] ] ], [ [ [ 1839720.789526281645522, 2202245.945094770751894 ], [ 1840016.993662505410612, 2202164.179105127695948 ], [ 1840186.682321820640936, 2202250.751580943819135 ], [ 1840171.903432180173695, 2202149.383173448499292 ], [ 1840230.179226115345955, 2202069.557279629632831 ], [ 1840236.261791371041909, 2202031.751275113783777 ], [ 1840233.961359133478254, 2201999.201029626652598 ], [ 1840075.452467172872275, 2201785.555567833594978 ], [ 1839720.789526281645522, 2202245.945094770751894 ] ] ], [ [ [ 1832937.919377176091075, 2190852.901862685568631 ], [ 1832660.231952051166445, 2190695.749675841070712 ], [ 1832776.001153441844508, 2190937.465503701940179 ], [ 1832937.919377176091075, 2190852.901862685568631 ] ] ], [ [ [ 1823792.954002728452906, 2175917.655193274840713 ], [ 1823621.097890824778005, 2175777.130769067443907 ], [ 1823504.40146522084251, 2175940.907522829715163 ], [ 1823792.954002728452906, 2175917.655193274840713 ] ] ], [ [ [ 1826962.443989869672805, 2176919.255901388358325 ], [ 1827303.148034519748762, 2176792.894055567681789 ], [ 1826944.28271296992898, 2176848.351076759397984 ], [ 1826962.443989869672805, 2176919.255901388358325 ] ] ], [ [ [ 1827375.178086675470695, 2178263.784025656059384 ], [ 1827346.44087308854796, 2177901.097063010092825 ], [ 1827208.562147320946679, 2177968.473075185902417 ], [ 1827375.178086675470695, 2178263.784025656059384 ] ] ], [ [ [ 1832967.234455936122686, 2190394.765594604890794 ], [ 1832976.759915842209011, 2190211.496023317333311 ], [ 1832829.411658933851868, 2190269.359413917642087 ], [ 1832967.234455936122686, 2190394.765594604890794 ] ] ], [ [ [ 1827108.224477174924687, 2176632.801502926740795 ], [ 1827211.661282981513068, 2176717.822447501588613 ], [ 1827297.472390672890469, 2176737.703552130609751 ], [ 1827108.224477174924687, 2176632.801502926740795 ] ] ], [ [ [ 1827220.750630305614322, 2177279.433009367436171 ], [ 1827018.319167656125501, 2177199.844559344928712 ], [ 1827035.833672752603889, 2177308.915432659443468 ], [ 1827220.750630305614322, 2177279.433009367436171 ] ] ], [ [ [ 1827114.983749755425379, 2177686.12694893963635 ], [ 1827295.51735088438727, 2177542.271150919608772 ], [ 1827097.621938031166792, 2177582.26955754449591 ], [ 1827114.983749755425379, 2177686.12694893963635 ] ] ], [ [ [ 1827159.115235024364665, 2177873.276252470444888 ], [ 1827321.191581903491169, 2177731.745142145082355 ], [ 1827133.909694184083492, 2177770.561399137601256 ], [ 1827159.115235024364665, 2177873.276252470444888 ] ] ], [ [ [ 1826991.310379621339962, 2177109.133406001143157 ], [ 1827171.675896129338071, 2176970.75607969192788 ], [ 1826977.39748536515981, 2177018.74736401066184 ], [ 1826991.310379621339962, 2177109.133406001143157 ] ] ], [ [ [ 1827085.960135109722614, 2176557.016772923059762 ], [ 1826856.800144518958405, 2176481.148831887170672 ], [ 1826867.419579033739865, 2176576.396369940135628 ], [ 1827085.960135109722614, 2176557.016772923059762 ] ] ], [ [ [ 1826821.369970731437206, 2176404.219285489059985 ], [ 1826999.922755663981661, 2176282.323011389467865 ], [ 1826813.208387079415843, 2176308.400433409959078 ], [ 1826821.369970731437206, 2176404.219285489059985 ] ] ], [ [ [ 1823810.462891338160262, 2177076.837661752011627 ], [ 1823960.853505199076608, 2176911.100485536735505 ], [ 1823779.144635129021481, 2177029.199214055668563 ], [ 1823810.462891338160262, 2177076.837661752011627 ] ] ], [ [ [ 1827450.88569605932571, 2178397.279835629276931 ], [ 1827528.973990568658337, 2178446.185894942842424 ], [ 1827440.472681901417673, 2178329.34954558359459 ], [ 1827450.88569605932571, 2178397.279835629276931 ] ] ], [ [ [ 1837176.50188398710452, 2200544.098982140887529 ], [ 1837139.524695968721062, 2200540.258492764085531 ], [ 1837141.192276737187058, 2200593.603334786836058 ], [ 1837176.50188398710452, 2200544.098982140887529 ] ] ], [ [ [ 1827265.245952704921365, 2177465.057714851107448 ], [ 1827249.148957855533808, 2177505.219740907195956 ], [ 1827283.861118156695738, 2177504.42709439760074 ], [ 1827265.245952704921365, 2177465.057714851107448 ] ] ] ] } },
{ "type": "Feature", "properties": { "OBJECTID": 29.0, "STATE": "New York", "STATE_FIPS": "36", "CD_2DIG": "06", "STATE_CODE": 30, "CLIMDIV": 3006, "CD_NEW": 6, "FIPS_CD": "3606", "NCDC_GEO_I": 283.0, "NAME": "MOHAWK VALLEY", "ST_ABBRV": "NY", "SHAPE_AREA": 0.0, "SHAPE_LEN": 0.0 }, "geometry": { "type": "Polygon", "coordinates": [ [ [ 1613174.810098269721493, 2448661.194447159767151 ], [ 1720164.286951942835003, 2443276.343391026370227 ], [ 1758312.84011224238202, 2455788.111819600686431 ], [ 1772677.31811249256134, 2410187.058770272880793 ], [ 1737852.37949366052635, 2395180.543559002224356 ], [ 1701154.948884332086891, 2401159.269784387201071 ], [ 1700746.842536003794521, 2392669.029800502583385 ], [ 1683305.43363171396777, 2398309.355327499099076 ], [ 1657739.17612206726335, 2387474.63814694294706 ], [ 1628236.751699809450656, 2415095.103660468012094 ], [ 1615386.080561051378027, 2411681.155447245575488 ], [ 1613174.810098269721493, 2448661.194447159767151 ] ] ] } },
{ "type": "Feature", "properties": { "OBJECTID": 30.0, "STATE": "New York", "STATE_FIPS": "36", "CD_2DIG": "01", "STATE_CODE": 30, "CLIMDIV": 3001, "CD_NEW": 1, "FIPS_CD": "3601", "NCDC_GEO_I": 284.0, "NAME": "WESTERN PLATEAU", "ST_ABBRV": "NY", "SHAPE_AREA": 0.0, "SHAPE_LEN": 0.0 }, "geometry": { "type": "Polygon", "coordinates": [ [ [ 1488301.24230258516036, 2319994.563727871049196 ], [ 1528346.708001886727288, 2327539.704533095471561 ], [ 1538605.575744872447103, 2294878.15845737233758 ], [ 1567510.733612439129502, 2303217.235543449409306 ], [ 1576211.267146568978205, 2298143.627611799631268 ], [ 1583451.562109051039442, 2305130.996748147066683 ], [ 1588299.50394396786578, 2273982.572789923753589 ], [ 1386134.147544362582266, 2234689.990173432510346 ], [ 1375499.476974652148783, 2293970.73039912013337 ], [ 1391711.053872638149187, 2285563.445326547138393 ], [ 1423459.044943953631446, 2302604.903992145787925 ], [ 1484257.377120315330103, 2306765.192388082388788 ], [ 1488301.24230258516036, 2319994.563727871049196 ] ] ] } },
{ "type": "Feature", "properties": { "OBJECTID": 31.0, "STATE": "New York", "STATE_FIPS": "36", "CD_2DIG": "02", "STATE_CODE": 30, "CLIMDIV": 3002, "CD_NEW": 2, "FIPS_CD": "3602", "NCDC_GEO_I": 285.0, "NAME": "EASTERN PLATEAU", "ST_ABBRV": "NY", "SHAPE_AREA": 0.0, "SHAPE_LEN": 0.0 }, "geometry": { "type": "Polygon", "coordinates": [ [ [ 1737852.37949366052635, 2395180.543559002224356 ], [ 1772683.7232992479112, 2410189.837576007470489 ], [ 1781762.921173307113349, 2375240.39342207275331 ], [ 1783036.647476641228423, 2277658.983805440366268 ], [ 1767414.506541337352246, 2231882.029343108646572 ], [ 1748687.285014333203435, 2243637.346060619223863 ], [ 1727630.941994580673054, 2244661.553943381644785 ], [ 1712324.266924997558817, 2279379.979734946042299 ], [ 1695946.741697725374252, 2281470.092119449749589 ], [ 1685849.499901416013017, 2294305.421865980606526 ], [ 1588273.784353469265625, 2273963.184217451605946 ], [ 1583451.562129501719028, 2305130.996649682056159 ], [ 1606299.066374581074342, 2311891.701732339803129 ], [ 1593338.562568711815402, 2363096.359404264483601 ], [ 1622997.291026829276234, 2371657.488425895106047 ], [ 1606115.190799462143332, 2413084.51169659756124 ], [ 1628236.751699809450656, 2415095.103660468012094 ], [ 1657739.17612206726335, 2387474.63814694294706 ], [ 1683305.43363171396777, 2398309.355327499099076 ], [ 1700746.842536003794521, 2392669.029800502583385 ], [ 1701154.948884332086891, 2401159.269784387201071 ], [ 1737852.37949366052635, 2395180.543559002224356 ] ] ] } },
{ "type": "Feature", "properties": { "OBJECTID": 32.0, "STATE": "New York", "STATE_FIPS": "36", "CD_2DIG": "04", "STATE_CODE": 30, "CLIMDIV": 3004, "CD_NEW": 4, "FIPS_CD": "3604", "NCDC_GEO_I": 286.0, "NAME": "COASTAL", "ST_ABBRV": "NY", "SHAPE_AREA": 0.0, "SHAPE_LEN": 0.0 }, "geometry": { "type": "MultiPolygon", "coordinates": [ [ [ [ 1958275.461527206236497, 2263164.816350679378957 ], [ 1946619.018640369875357, 2250364.403844087384641 ], [ 1947310.760124766733497, 2239312.942154998891056 ], [ 1944012.532546641305089, 2241968.463301579467952 ], [ 1932004.400179697899148, 2228255.340446271467954 ], [ 1938596.781261535128579, 2227683.124515197239816 ], [ 1945625.030080833937973, 2229623.084335804916918 ], [ 1955000.168296589748934, 2248496.52873906493187 ], [ 1960971.269339863443747, 2244570.560012685135007 ], [ 1967076.091312035685405, 2253027.628671802114695 ], [ 1973255.999849877785891, 2247362.655458656605333 ], [ 1991058.81759331189096, 2261212.506444301456213 ], [ 1947501.958969487575814, 2223151.445058633107692 ], [ 1951806.041171221528202, 2227161.000582879874855 ], [ 1950832.300644953269511, 2228895.509745185263455 ], [ 1919456.211600774433464, 2212001.283537196926773 ], [ 1917818.83540264191106, 2204074.812957392074168 ], [ 1895117.601916228421032, 2199586.684865676332265 ], [ 1895018.178678993834183, 2199511.109687448013574 ], [ 1895031.368625042028725, 2199468.564277636352926 ], [ 1895281.72068559192121, 2199339.679855007212609 ], [ 1894398.189660317031667, 2197936.088778690434992 ], [ 1897121.34672598936595, 2196726.235493146348745 ], [ 1896498.606169112026691, 2194361.679823650512844 ], [ 1889121.444828091189265, 2195692.33903999440372 ], [ 1858281.060294791590422, 2173259.070083562750369 ], [ 1853855.55197733012028, 2177016.718666567001492 ], [ 1855336.05041425395757, 2172202.537653640378267 ], [ 1851738.83509310008958, 2173081.839209299068898 ], [ 1836068.877277612918988, 2161728.635502072051167 ], [ 1848686.400281187146902, 2171186.017416342161596 ], [ 1847819.334996734047309, 2172705.410475647076964 ], [ 1849453.340356023283675, 2172806.889911415521055 ], [ 1847999.977622000267729, 2173113.563183234073222 ], [ 1849736.38429684820585, 2175000.481171827763319 ], [ 1849618.678903333144262, 2176123.881182236131281 ], [ 1849034.272404203657061, 2176706.214576481841505 ], [ 1841225.092138894135132, 2176833.890390062239021 ], [ 1835665.465156827820465, 2172024.337448719888926 ], [ 1839150.530249175382778, 2169666.515481025911868 ], [ 1838859.329588586231694, 2166426.352249638177454 ], [ 1826006.854303879197687, 2167815.005099505651742 ], [ 1832123.123970761429518, 2189470.861640841234475 ], [ 1845494.966379048069939, 2189713.731562914326787 ], [ 1846065.350994064472616, 2201981.272743706591427 ], [ 1853066.994707150850445, 2195602.870327824261039 ], [ 1851726.933545041829348, 2207025.497480016667396 ], [ 1866654.906201085541397, 2205455.035917526111007 ], [ 1862252.072362993843853, 2211930.166279173456132 ], [ 1862609.252513322979212, 2214745.605024817865342 ], [ 1869548.367601398611441, 2209220.149474835488945 ], [ 1867944.468255829298869, 2211342.098677058238536 ], [ 1872443.281870385166258, 2213286.005320763681084 ], [ 1874051.792606769362465, 2210764.825871170498431 ], [ 1874720.688187591498718, 2211379.704042083583772 ], [ 1869262.295660604489967, 2217297.538891358301044 ], [ 1889505.41208354011178, 2215054.989775277208537 ], [ 1891522.666687061777338, 2225309.564991511404514 ], [ 1896076.041447098366916, 2222784.368385888170451 ], [ 1930599.490335227688774, 2235509.343555942177773 ], [ 1958275.461527206236497, 2263164.816350679378957 ] ] ], [ [ [ 1821701.82845949777402, 2170616.259488337207586 ], [ 1824110.62768653430976, 2163077.916916314978153 ], [ 1811970.558204883011058, 2150851.020308465696871 ], [ 1812872.629637050442398, 2167255.822448564693332 ], [ 1821701.82845949777402, 2170616.259488337207586 ] ] ], [ [ [ 1952454.393226682208478, 2254795.387707930523902 ], [ 1956886.243866245262325, 2253244.508481713943183 ], [ 1958890.034614593721926, 2247739.246941143181175 ], [ 1950848.207114414544776, 2250285.553170082625002 ], [ 1949812.713211625814438, 2248423.162710246164352 ], [ 1952454.393226682208478, 2254795.387707930523902 ] ] ], [ [ [ 1878391.498789973556995, 2180734.37634276272729 ], [ 1884188.837295170640573, 2185261.94438857678324 ], [ 1885883.463157576275989, 2185017.161892569623888 ], [ 1889810.544848673511297, 2186115.699975122697651 ], [ 1865024.603174832416698, 2172246.037956065498292 ], [ 1870151.940411406336352, 2178174.156023648101836 ], [ 1871938.726903138449416, 2177037.26061291527003 ], [ 1873176.529942634748295, 2178695.772588668391109 ], [ 1878391.498789973556995, 2180734.37634276272729 ] ] ], [ [ [ 1905036.516735214507207, 2193044.682545436546206 ], [ 1926062.559000726090744, 2208628.468247291166335 ], [ 1904583.227989611215889, 2192460.841264148708433 ], [ 1890277.094189878553152, 2184087.429823722224683 ], [ 1885802.953453886788338, 2182726.590245028957725 ], [ 1885173.836071549449116, 2183042.8595509538427 ], [ 1905036.516735214507207, 2193044.682545436546206 ] ] ], [ [ [ 1855467.545533960685134, 2171738.653569112997502 ], [ 1864560.412500653648749, 2174333.500052687246352 ], [ 1850149.756122659659013, 2169749.150940016843379 ], [ 1850869.832001673290506, 2171120.074991478119045 ], [ 1855467.545533960685134, 2171738.653569112997502 ] ] ], [ [ [ 1969169.314444294432178, 2260080.931258695200086 ], [ 1972407.935781043954194, 2259676.480504217091948 ], [ 1971969.823226862354204, 2258352.263567320071161 ], [ 1972838.957612279104069, 2256560.448184089269489 ], [ 1972079.866443455219269, 2254017.678352899849415 ], [ 1972477.010292139602825, 2252517.989556098356843 ], [ 1972436.532193989260122, 2251804.810323768295348 ], [ 1972483.777230977313593, 2251851.862420656718314 ], [ 1972543.649497759994119, 2251646.318990052677691 ], [ 1972515.402250206563622, 2251539.060634176712483 ], [ 1969169.314444294432178, 2260080.931258695200086 ] ] ], [ [ [ 1971370.984403721056879, 2276782.592004596721381 ], [ 1978834.677905352320522, 2282327.143639605492353 ], [ 1974502.00869910302572, 2278173.303957342170179 ], [ 1971370.984403721056879, 2276782.592004596721381 ] ] ], [ [ [ 1928800.437339404365048, 2210971.911132360808551 ], [ 1947209.334862036630511, 2223264.849843580741435 ], [ 1926951.125896196579561, 2209339.398373832460493 ], [ 1928401.562178703956306, 2211520.184311889111996 ], [ 1928800.437339404365048, 2210971.911132360808551 ] ] ], [ [ [ 1842297.1930520106107, 2174359.751683929935098 ], [ 1844597.075471871998161, 2171314.914177146740258 ], [ 1844429.215510028414428, 2169810.445764745119959 ], [ 1843488.463364095427096, 2169576.747833632398397 ], [ 1844163.276150632183999, 2171606.898858669679612 ], [ 1842297.1930520106107, 2174359.751683929935098 ] ] ], [ [ [ 1960818.976589197991416, 2266981.82127373944968 ], [ 1960857.458421205636114, 2264279.150714114774019 ], [ 1959448.331761286128312, 2264984.586972344201058 ], [ 1960818.976589197991416, 2266981.82127373944968 ] ] ], [ [ [ 1888219.394320014398545, 2187271.664120362140238 ], [ 1889543.308031299617141, 2186497.233120812103152 ], [ 1887265.347023257985711, 2186043.792288726195693 ], [ 1887312.86095110187307, 2186960.346946214325726 ], [ 1888219.394320014398545, 2187271.664120362140238 ] ] ], [ [ [ 1943766.079408413497731, 2239167.46958806598559 ], [ 1945062.126580084906891, 2238401.387519184499979 ], [ 1946112.088007832178846, 2236462.702878357842565 ], [ 1944511.018247778061777, 2237348.305228210054338 ], [ 1943925.857299906201661, 2238250.960542514920235 ], [ 1943766.079408413497731, 2239167.46958806598559 ] ] ], [ [ [ 1885927.42669268255122, 2185425.347274312749505 ], [ 1886524.630091031314805, 2185594.798445232212543 ], [ 1885244.839997824979946, 2185169.451159496791661 ], [ 1885927.42669268255122, 2185425.347274312749505 ] ] ], [ [ [ 1893149.543454241473228, 2189155.874733454082161 ], [ 1893642.455771328182891, 2188036.453341184649616 ], [ 1892975.360642970306799, 2189106.814705919940025 ], [ 1893149.543454241473228, 2189155.874733454082161 ] ] ], [ [ [ 1889491.257652378175408, 2187900.190615874249488 ], [ 1890084.536520154448226, 2187359.031192575581372 ], [ 1889668.292445361847058, 2186727.883076060097665 ], [ 1889441.521184136392549, 2187075.940763825085014 ], [ 1889574.16809454979375, 2187254.274112751707435 ], [ 1889487.620931836310774, 2187646.699826659169048 ], [ 1889107.204452253878117, 2187767.490072243846953 ], [ 1889491.257652378175408, 2187900.190615874249488 ] ] ], [ [ [ 1856630.216742620337754, 2173620.966926552820951 ], [ 1857148.470093468436971, 2174107.623903942294419 ], [ 1857220.217821408296004, 2173085.933664474170655 ], [ 1856630.216742620337754, 2173620.966926552820951 ] ] ], [ [ [ 1886969.002619904931635, 2186533.335785736329854 ], [ 1887196.40334191871807, 2186078.404260253533721 ], [ 1886651.612151903100312, 2186142.424890039023012 ], [ 1886969.002619904931635, 2186533.335785736329854 ] ] ], [ [ [ 1888802.500174804823473, 2187315.913600461091846 ], [ 1889453.2678513599094, 2187553.345533697400242 ], [ 1889373.507155153900385, 2186982.904160608537495 ], [ 1888802.500174804823473, 2187315.913600461091846 ] ] ], [ [ [ 1885619.346085779834539, 2186785.981732634361833 ], [ 1885919.408863774500787, 2186173.394060045015067 ], [ 1885421.012440103106201, 2186239.570309643168002 ], [ 1885619.346085779834539, 2186785.981732634361833 ] ] ], [ [ [ 1943609.157852399162948, 2221975.315871680155396 ], [ 1943913.243858774425462, 2221630.796291556209326 ], [ 1943540.83948908932507, 2221702.036100266501307 ], [ 1943609.157852399162948, 2221975.315871680155396 ] ] ], [ [ [ 1898561.462444755714387, 2224935.141379202716053 ], [ 1899329.426772554405034, 2225213.242427079472691 ], [ 1899521.608204313088208, 2224886.838043614756316 ], [ 1898561.462444755714387, 2224935.141379202716053 ] ] ], [ [ [ 1843116.603405761998147, 2171227.595010000281036 ], [ 1843336.738917699549347, 2170800.172049491666257 ], [ 1842972.007094101514667, 2170696.367227802984416 ], [ 1843116.603405761998147, 2171227.595010000281036 ] ] ], [ [ [ 1941062.339675972471014, 2219479.951853537466377 ], [ 1941203.903101297561079, 2219760.539969241712242 ], [ 1941297.302742444211617, 2219589.350202976725996 ], [ 1941062.339675972471014, 2219479.951853537466377 ] ] ], [ [ [ 1899397.852762548951432, 2225205.662845970131457 ], [ 1899771.046777577605098, 2225034.843339657876641 ], [ 1899567.667854314902797, 2224949.055844193324447 ], [ 1899397.852762548951432, 2225205.662845970131457 ] ] ], [ [ [ 1944744.741371077252552, 2222591.997730016242713 ], [ 1944963.314249771181494, 2222695.207224351353943 ], [ 1944862.640821774490178, 2222506.59853444667533 ], [ 1944744.741371077252552, 2222591.997730016242713 ] ] ], [ [ [ 1841822.571983386063948, 2173072.897099211812019 ], [ 1841900.546393274795264, 2173127.562316922470927 ], [ 1841889.907361100893468, 2173023.154063402675092 ], [ 1842068.157106175320223, 2172907.541200174018741 ], [ 1842048.356309829745442, 2172777.817160539329052 ], [ 1841822.571983386063948, 2173072.897099211812019 ] ] ], [ [ [ 1841924.807496613357216, 2173040.651955948676914 ], [ 1842127.329412192571908, 2173085.297487367410213 ], [ 1842096.392458519665524, 2172940.034380117896944 ], [ 1841924.807496613357216, 2173040.651955948676914 ] ] ], [ [ [ 1941173.458038828102872, 2220007.172332501038909 ], [ 1941304.481915177311748, 2220063.725574329961091 ], [ 1941253.131435310933739, 2219950.437297435011715 ], [ 1941173.458038828102872, 2220007.172332501038909 ] ] ], [ [ [ 1843990.318812794052064, 2171432.580847513861954 ], [ 1844057.161814503604546, 2171313.194745546206832 ], [ 1844034.239364428445697, 2171297.154182624071836 ], [ 1843990.318812794052064, 2171432.580847513861954 ] ] ], [ [ [ 1901945.165108035551384, 2199535.094592251349241 ], [ 1901771.687565981643274, 2199486.066154331434518 ], [ 1901925.614126819418743, 2199591.412836193107069 ], [ 1901945.165108035551384, 2199535.094592251349241 ] ] ], [ [ [ 1887520.680902221705765, 2187096.321735070552677 ], [ 1887551.472022779285908, 2187083.308319088537246 ], [ 1887475.897350541548803, 2187064.421593422070146 ], [ 1887520.680902221705765, 2187096.321735070552677 ] ] ], [ [ [ 1887297.427107410039753, 2186984.713610672391951 ], [ 1887381.255906367907301, 2187085.156226860359311 ], [ 1887447.58333382033743, 2187099.136060871649534 ], [ 1887297.427107410039753, 2186984.713610672391951 ] ] ], [ [ [ 1895104.161210200982168, 2199500.133433686569333 ], [ 1895031.116143802180886, 2199508.63119138777256 ], [ 1895086.377248578472063, 2199552.622488358989358 ], [ 1895104.161210200982168, 2199500.133433686569333 ] ] ], [ [ [ 1879943.279158825753257, 2182238.288776274304837 ], [ 1879979.604012735420838, 2182325.132580652367324 ], [ 1880016.718240353977308, 2182279.969150020740926 ], [ 1879943.279158825753257, 2182238.288776274304837 ] ] ], [ [ [ 1842268.761813331162557, 2173570.398703382816166 ], [ 1842190.597667006077245, 2173557.932930048555136 ], [ 1842229.798943114234135, 2173610.300323462579399 ], [ 1842268.761813331162557, 2173570.398703382816166 ] ] ], [ [ [ 1842818.610206794925034, 2171428.148400058504194 ], [ 1842747.774012168170884, 2171519.42217746283859 ], [ 1842758.920008365064859, 2171556.72194256586954 ], [ 1842818.610206794925034, 2171428.148400058504194 ] ] ], [ [ [ 1943915.239766928600147, 2221588.68177532684058 ], [ 1943876.939349589403719, 2221541.485874486155808 ], [ 1943846.962193899322301, 2221603.569181505125016 ], [ 1943915.239766928600147, 2221588.68177532684058 ] ] ], [ [ [ 1843927.230105640832335, 2171447.287571751046926 ], [ 1843945.165020971791819, 2171449.478268030565232 ], [ 1843964.618899092776701, 2171418.067634855862707 ], [ 1843927.230105640832335, 2171447.287571751046926 ] ] ], [ [ [ 1938180.953570508863777, 2228626.167365317232907 ], [ 1938185.329619705677032, 2228579.000184200238436 ], [ 1938149.371432687854394, 2228621.22043810877949 ], [ 1938180.953570508863777, 2228626.167365317232907 ] ] ], [ [ [ 1889076.068900311831385, 2195351.407795778010041 ], [ 1889057.469042679062113, 2195320.232331062667072 ], [ 1889052.361527425702661, 2195340.082858535461128 ], [ 1889076.068900311831385, 2195351.407795778010041 ] ] ], [ [ [ 1843991.568769363220781, 2171468.682656706310809 ], [ 1843969.626311222789809, 2171452.875143971294165 ], [ 1843986.239242723211646, 2171477.316715938504785 ], [ 1843991.568769363220781, 2171468.682656706310809 ] ] ], [ [ [ 1889129.546473631169647, 2195652.467596367932856 ], [ 1889111.380232910625637, 2195643.87941440474242 ], [ 1889123.941139815375209, 2195658.822728312108666 ], [ 1889129.546473631169647, 2195652.467596367932856 ] ] ], [ [ [ 1915261.720656441291794, 2202006.850730472244322 ], [ 1915279.422625410370529, 2201994.276577130425721 ], [ 1915273.807181269861758, 2201989.076941856648773 ], [ 1915261.720656441291794, 2202006.850730472244322 ] ] ] ] } },
{ "type": "Feature", "properties": { "OBJECTID": 33.0, "STATE": "New Jersey", "STATE_FIPS": "34", "CD_2DIG": "01", "STATE_CODE": 28, "CLIMDIV": 2801, "CD_NEW": 1, "FIPS_CD": "3401", "NCDC_GEO_I": 287.0, "NAME": "NORTHERN", "ST_ABBRV": "NJ", "SHAPE_AREA": 0.0, "SHAPE_LEN": 0.0 }, "geometry": { "type": "MultiPolygon", "coordinates": [ [ [ [ 1755965.235823767492548, 2235772.975193095393479 ], [ 1828293.002262073103338, 2210524.194314008112997 ], [ 1822375.874580678064376, 2172185.217186798807234 ], [ 1816647.297021451639012, 2169014.053940922487527 ], [ 1819224.747010727645829, 2180724.252285575028509 ], [ 1813156.30558808054775, 2162437.877186413854361 ], [ 1788016.486427080351859, 2155018.089843223802745 ], [ 1794864.771138923708349, 2146281.350577033590525 ], [ 1785329.774273961549625, 2130940.183065579738468 ], [ 1772875.598279398633167, 2133588.403226339723915 ], [ 1759640.22433695057407, 2120936.081941259559244 ], [ 1747551.206815144047141, 2127140.001702630426735 ], [ 1743710.878745611291379, 2140532.074113249313086 ], [ 1732601.759539365768433, 2141958.565301744733006 ], [ 1728132.443878524703905, 2161086.916649856138974 ], [ 1737231.23279269458726, 2176203.308664670214057 ], [ 1727681.603318914305419, 2188460.276320179924369 ], [ 1746895.038452653447166, 2230665.869726080447435 ], [ 1755965.235823767492548, 2235772.975193095393479 ] ] ], [ [ [ 1823885.714288363233209, 2177132.396789768245071 ], [ 1824045.340390386525542, 2176917.172710436861962 ], [ 1823813.344501192448661, 2176643.057860721368343 ], [ 1823609.866600246867165, 2176777.210266251116991 ], [ 1823753.45856948918663, 2177090.809956309851259 ], [ 1823885.714288363233209, 2177132.396789768245071 ] ], [ [ 1823810.462891338160262, 2177076.837661752011627 ], [ 1823960.853505199076608, 2176911.100485536735505 ], [ 1823992.37374364444986, 2176963.73472394561395 ], [ 1823810.462891338160262, 2177076.837661752011627 ] ] ] ] } },
{ "type": "Feature", "properties": { "OBJECTID": 34.0, "STATE": "New Jersey", "STATE_FIPS": "34", "CD_2DIG": "02", "STATE_CODE": 28, "CLIMDIV": 2802, "CD_NEW": 2, "FIPS_CD": "3402", "NCDC_GEO_I": 288.0, "NAME": "SOUTHERN", "ST_ABBRV": "NJ", "SHAPE_AREA": 0.0, "SHAPE_LEN": 0.0 }, "geometry": { "type": "Polygon", "coordinates": [ [ [ 1828986.276584070408717, 2146666.845702067948878 ], [ 1834546.925796412164345, 2061772.270388242090121 ], [ 1816621.552296812646091, 2044821.831038699485362 ], [ 1822932.20466212881729, 2037882.608466720208526 ], [ 1793434.846077226102352, 1987601.423349396325648 ], [ 1778848.903382666641846, 1996073.406451658112928 ], [ 1771254.971596841700375, 1990385.914386132964864 ], [ 1730685.412076159613207, 2014234.944120014784858 ], [ 1725249.869885068852454, 2031838.578848160803318 ], [ 1730108.815473919268698, 2047889.98741592047736 ], [ 1781672.312652595108375, 2103540.715512569993734 ], [ 1758928.910952200880274, 2120940.023410911206156 ], [ 1772875.598353167995811, 2133588.403243117965758 ], [ 1785930.421782911289483, 2131549.372570210602134 ], [ 1794864.771138923708349, 2146281.350577033590525 ], [ 1788673.250781750539318, 2155685.812059813179076 ], [ 1812101.935620674863458, 2163263.291525354608893 ], [ 1808912.127592264674604, 2149819.11090651480481 ], [ 1828986.276584070408717, 2146666.845702067948878 ] ] ] } },
{ "type": "Feature", "properties": { "OBJECTID": 35.0, "STATE": "New Jersey", "STATE_FIPS": "34", "CD_2DIG": "03", "STATE_CODE": 28, "CLIMDIV": 2803, "CD_NEW": 3, "FIPS_CD": "3403", "NCDC_GEO_I": 289.0, "NAME": "COASTAL", "ST_ABBRV": "NJ", "SHAPE_AREA": 0.0, "SHAPE_LEN": 0.0 }, "geometry": { "type": "MultiPolygon", "coordinates": [ [ [ [ 1836122.862181652337313, 2146848.512362051289529 ], [ 1835004.082754643401131, 2150657.899997348431498 ], [ 1838134.750028219772503, 2141579.120171763002872 ], [ 1838821.640145824523643, 2138300.219287799205631 ], [ 1843345.147803362226114, 2074093.719281091121957 ], [ 1840944.24614629521966, 2075572.796407827641815 ], [ 1842782.356933524599299, 2075892.255235642660409 ], [ 1841742.955746462801471, 2077542.822727605234832 ], [ 1840488.92520279227756, 2091710.640214892337099 ], [ 1838984.612701158039272, 2095986.961594852386042 ], [ 1839769.477501263841987, 2096771.620611353078857 ], [ 1839965.590644010109827, 2101422.813252721447498 ], [ 1839330.631638056365773, 2101630.848201521206647 ], [ 1839831.64998510456644, 2105430.076531975995749 ], [ 1839556.78726816107519, 2107704.620416840538383 ], [ 1839268.168435362633318, 2107966.502461875323206 ], [ 1839026.871483420254663, 2108024.628675060346723 ], [ 1834940.200325202662498, 2105311.267465468496084 ], [ 1833430.308750049443915, 2106185.416560242883861 ], [ 1832386.332547327270731, 2106004.333369793836027 ], [ 1834395.551318835699931, 2104606.294842557515949 ], [ 1839132.544828590238467, 2105781.22826342144981 ], [ 1832682.267705891979858, 2102390.992110059130937 ], [ 1836943.969922304386273, 2093238.504802254028618 ], [ 1830049.356156983645633, 2092238.325842517660931 ], [ 1838269.563288056757301, 2091451.610851277597249 ], [ 1835221.971262105274945, 2072047.299574351171032 ], [ 1835717.473261883016676, 2068883.052228259155527 ], [ 1837186.455047663301229, 2067402.147368101635948 ], [ 1839213.617963755037636, 2067208.656390360789374 ], [ 1839405.455999576253816, 2066913.802297915099189 ], [ 1827975.424919647164643, 2049106.521128688007593 ], [ 1832657.3446009978652, 2043026.211150696035475 ], [ 1828946.249163958709687, 2045767.948900358984247 ], [ 1824349.233746610349044, 2043534.02431523334235 ], [ 1822880.572935710893944, 2045855.90750510734506 ], [ 1818267.66240769228898, 2044415.714560916414484 ], [ 1827076.616328322561458, 2037777.018583766883239 ], [ 1819655.476063140667975, 2027955.906526915729046 ], [ 1819732.237660617101938, 2026290.707771363668144 ], [ 1824333.057131880661473, 2023240.045489314710721 ], [ 1817655.007536852965131, 2024554.59542956831865 ], [ 1818413.549281047191471, 2021327.953060667496175 ], [ 1817049.072035029297695, 2020646.324114047922194 ], [ 1816949.474199090851471, 2020077.681215819437057 ], [ 1817384.534183618845418, 2019475.369822504930198 ], [ 1817226.183313542045653, 2018465.448895286303014 ], [ 1816411.243023421149701, 2019732.920517483027652 ], [ 1815231.724187424872071, 2018792.210348798660561 ], [ 1814937.035388129297644, 2017426.168289001798257 ], [ 1815412.413236893713474, 2016025.228480441728607 ], [ 1816180.669136087177321, 2015735.703366367379203 ], [ 1815687.728069357573986, 2014546.649392981547862 ], [ 1814557.323931684950367, 2016573.735002707922831 ], [ 1808282.877812865190208, 2014672.166653784224764 ], [ 1812171.080103277927265, 2007335.748265014030039 ], [ 1810734.681556866969913, 2006075.712165313540027 ], [ 1810867.725809784140438, 2004814.466390499612316 ], [ 1809468.371640181168914, 2004426.405206257011741 ], [ 1806549.854543339926749, 1998040.949436580296606 ], [ 1808382.3408479380887, 1995992.91936994343996 ], [ 1804434.425729599781334, 1994165.268058277899399 ], [ 1807688.243438168661669, 1992600.229496884392574 ], [ 1804156.678969980916008, 1992438.592358119552955 ], [ 1801925.410968164680526, 1987157.259231458418071 ], [ 1805405.841085116378963, 1983925.200430885422975 ], [ 1800528.614699091296643, 1982939.613440147601068 ], [ 1796234.630205909023061, 1969658.493134221062064 ], [ 1799398.852243751985952, 1969416.837524971459061 ], [ 1791903.040783833013847, 1966392.370569552993402 ], [ 1793434.846077226102352, 1987601.423349396325648 ], [ 1807319.060053164372221, 2015110.987788843689486 ], [ 1822932.20466212881729, 2037882.608466720208526 ], [ 1816621.552296812646091, 2044821.831038699485362 ], [ 1826236.51663639745675, 2047243.368895611958578 ], [ 1835819.340364524861798, 2066068.947036289842799 ], [ 1829211.416046118130907, 2093723.716584270587191 ], [ 1834161.560252711875364, 2093881.02471952768974 ], [ 1831315.4200178461615, 2102814.615831147879362 ], [ 1831375.156655169790611, 2106428.401723701506853 ], [ 1834270.352661120938137, 2106449.376213334966451 ], [ 1828489.996729328297079, 2136502.717694394290447 ], [ 1828986.276584070408717, 2146666.845702067948878 ], [ 1836710.700869579799473, 2144031.955521963071078 ], [ 1832996.478688386268914, 2144079.572706303093582 ], [ 1833888.073496286291629, 2143049.132053734734654 ], [ 1830263.972830107202753, 2140235.163357289042324 ], [ 1829084.459611747646704, 2138373.664881052449346 ], [ 1829402.11416859482415, 2137199.026102450676262 ], [ 1838286.226041473913938, 2139464.400225966703147 ], [ 1836122.862181652337313, 2146848.512362051289529 ] ] ], [ [ [ 1841322.249856982380152, 2065742.569472315954044 ], [ 1843477.019964122911915, 2073315.494821032974869 ], [ 1837048.381131226662546, 2049438.226874198066071 ], [ 1834352.435622190125287, 2042771.280179056804627 ], [ 1832920.367396853165701, 2041355.757954104570672 ], [ 1841322.249856982380152, 2065742.569472315954044 ] ] ], [ [ [ 1824411.043844920350239, 2022873.993703526910394 ], [ 1827630.285768730565906, 2024217.900669449940324 ], [ 1818204.952211569063365, 2015112.717746137175709 ], [ 1819905.3289508826565, 2018559.739850040990859 ], [ 1819563.48179220315069, 2019679.185503446264192 ], [ 1824411.043844920350239, 2022873.993703526910394 ] ] ], [ [ [ 1814392.082487281411886, 2010431.670752709265798 ], [ 1817353.018922672607005, 2012578.560780215077102 ], [ 1811259.280849513830617, 2002718.196772175375372 ], [ 1810824.90934232249856, 2006063.223255522083491 ], [ 1812169.491572209866717, 2006969.199276962084696 ], [ 1812208.796969033544883, 2008420.748587326612324 ], [ 1812933.607027620077133, 2008745.400185266043991 ], [ 1813413.632526313653216, 2009473.98422562261112 ], [ 1813178.444483637576923, 2009860.723576023476198 ], [ 1814202.795317661715671, 2010143.968703416641802 ], [ 1813713.238967144628987, 2010954.184534965315834 ], [ 1813863.202663141302764, 2010989.341882776236162 ], [ 1813883.935005926527083, 2010764.477821679320186 ], [ 1814392.082487281411886, 2010431.670752709265798 ] ] ], [ [ [ 1803340.613333231536672, 1979506.935742706991732 ], [ 1805101.86840953072533, 1977066.993542796233669 ], [ 1799980.942437344230711, 1969226.119957303861156 ], [ 1799620.369045064086094, 1972763.667436233954504 ], [ 1803878.259340121177956, 1977751.179489340633154 ], [ 1803876.555950420442969, 1978321.308244550367817 ], [ 1803340.613333231536672, 1979506.935742706991732 ] ] ], [ [ [ 1826497.673593520652503, 2028269.983289072755724 ], [ 1831968.621345553547144, 2033295.599520764313638 ], [ 1827592.905658601550385, 2025217.037295571761206 ], [ 1826497.673593520652503, 2028269.983289072755724 ] ] ], [ [ [ 1808454.566069984110072, 1990581.756186666665599 ], [ 1809273.914507204201072, 1990540.273833269951865 ], [ 1805155.263702695490792, 1979886.972615587292239 ], [ 1804908.725551865529269, 1979428.259042144287378 ], [ 1804524.556572467088699, 1979301.737309964839369 ], [ 1807387.478993132477626, 1987970.125617729965597 ], [ 1806067.580163300503045, 1988377.531081120949239 ], [ 1807550.300238677999005, 1988306.969291957793757 ], [ 1808454.566069984110072, 1990581.756186666665599 ] ] ], [ [ [ 1811038.532558981096372, 2000922.346476483158767 ], [ 1808498.39794731955044, 1992207.971247151261196 ], [ 1808046.823013214627281, 1991650.800085336901248 ], [ 1808762.12264455575496, 1995977.192950269207358 ], [ 1808151.795202028471977, 1997295.444447715301067 ], [ 1811038.532558981096372, 2000922.346476483158767 ] ] ], [ [ [ 1836954.079801471438259, 2067777.205504908924922 ], [ 1838344.328905717469752, 2069638.111094317631796 ], [ 1838646.149946368532255, 2067706.583835163153708 ], [ 1836954.079801471438259, 2067777.205504908924922 ] ] ], [ [ [ 1816470.896128457039595, 2016124.406812867382541 ], [ 1818328.441216921666637, 2016105.215597159927711 ], [ 1816513.291995336534455, 2015067.147405550349504 ], [ 1816470.896128457039595, 2016124.406812867382541 ] ] ], [ [ [ 1820471.375482004834339, 2021625.028872179798782 ], [ 1821031.558093263534829, 2023268.096165419789031 ], [ 1822138.017938761040568, 2023458.868669762276113 ], [ 1822848.266414291458204, 2022964.842445987742394 ], [ 1822862.820133543107659, 2022767.958819003077224 ], [ 1820471.375482004834339, 2021625.028872179798782 ] ] ], [ [ [ 1819130.183490239083767, 2019644.375762681942433 ], [ 1818898.702274295501411, 2017959.300966423004866 ], [ 1818584.571382638532668, 2018083.26843795273453 ], [ 1818609.589637199649587, 2017403.288284515263513 ], [ 1818333.692909139441326, 2017462.689918679418042 ], [ 1819130.183490239083767, 2019644.375762681942433 ] ] ], [ [ [ 1802778.646388270659372, 1977222.978990129427984 ], [ 1803847.456947094528005, 1978176.214851340977475 ], [ 1803321.781397292623296, 1977180.409028889844194 ], [ 1802778.646388270659372, 1977222.978990129427984 ] ] ], [ [ [ 1804832.176211240002885, 1989898.776701973518357 ], [ 1807090.00379499909468, 1990951.619205222930759 ], [ 1805496.709264006000012, 1988958.850956497946754 ], [ 1804832.176211240002885, 1989898.776701973518357 ] ] ], [ [ [ 1814990.398801858071238, 2017494.178448005579412 ], [ 1815927.957983949221671, 2016935.680427976883948 ], [ 1816771.09175884956494, 2016855.100461837369949 ], [ 1816107.831239066552371, 2015999.214135697111487 ], [ 1814990.398801858071238, 2017494.178448005579412 ] ] ], [ [ [ 1803665.145976496860385, 1981635.074924301356077 ], [ 1803980.195666266372427, 1980371.297184896655381 ], [ 1803167.586258482187986, 1980382.868613539030775 ], [ 1803665.145976496860385, 1981635.074924301356077 ] ] ], [ [ [ 1799720.328057984355837, 1975687.54645231179893 ], [ 1801243.957468966953456, 1975561.186888549011201 ], [ 1801023.10148896696046, 1974661.338781057856977 ], [ 1799720.328057984355837, 1975687.54645231179893 ] ] ], [ [ [ 1837433.312564035411924, 2059337.001378380693495 ], [ 1838364.157382414443418, 2060616.246969939675182 ], [ 1838173.984900242183357, 2060240.616523023461923 ], [ 1838293.721683958312497, 2059731.048240670934319 ], [ 1837433.312564035411924, 2059337.001378380693495 ] ] ], [ [ [ 1817010.780419557821006, 2020236.427721611689776 ], [ 1818392.337307390756905, 2020629.979064137209207 ], [ 1817455.383655838901177, 2019691.740575195290148 ], [ 1817010.780419557821006, 2020236.427721611689776 ] ] ], [ [ [ 1801302.911654595285654, 1977192.059444977436215 ], [ 1802469.695698151597753, 1976226.183029054198414 ], [ 1801253.886405464494601, 1975718.57889117510058 ], [ 1801302.911654595285654, 1977192.059444977436215 ] ] ], [ [ [ 1816159.340480071725324, 2017451.048004762735218 ], [ 1817545.138571503804997, 2017878.543934826971963 ], [ 1817117.607030239654705, 2017307.481357661541551 ], [ 1816914.889481934951618, 2017624.989568478427827 ], [ 1816289.26370739005506, 2017373.358549443073571 ], [ 1816159.340480071725324, 2017451.048004762735218 ] ] ], [ [ [ 1812705.884958466282114, 2010908.615312346955761 ], [ 1813427.071700425352901, 2010358.937666589627042 ], [ 1813099.163632691837847, 2010108.166874705348164 ], [ 1812705.884958466282114, 2010908.615312346955761 ] ] ], [ [ [ 1814242.131480323383585, 2014050.261210131691769 ], [ 1814350.73111507948488, 2013395.955766689032316 ], [ 1813651.837830527685583, 2013625.573626877507195 ], [ 1814242.131480323383585, 2014050.261210131691769 ] ] ], [ [ [ 1817360.315390995936468, 2018650.585512774530798 ], [ 1817799.239393312949687, 2019266.505313344765455 ], [ 1818044.924336307216436, 2019623.804034913424402 ], [ 1817360.315390995936468, 2018650.585512774530798 ] ] ], [ [ [ 1818724.6843450977467, 2021021.15828509372659 ], [ 1819317.537919740658253, 2020767.675658582011238 ], [ 1818755.194000152871013, 2020192.818476725602522 ], [ 1818724.6843450977467, 2021021.15828509372659 ] ] ], [ [ [ 1826291.387399605708197, 2035691.255335926543921 ], [ 1826764.154580811504275, 2035524.233512787846848 ], [ 1826638.228509659646079, 2035299.997675212332979 ], [ 1826835.596164734335616, 2034683.086455939337611 ], [ 1826291.387399605708197, 2035691.255335926543921 ] ] ], [ [ [ 1814545.944435292622074, 2012283.406736171105877 ], [ 1814833.201648946153, 2011556.561939322622493 ], [ 1814219.15237448643893, 2011812.057051490293816 ], [ 1814391.803157214773819, 2011979.251502446364611 ], [ 1814545.944435292622074, 2012283.406736171105877 ] ] ], [ [ [ 1811736.934062536573038, 2012865.011049774475396 ], [ 1812066.827463961904868, 2013477.22143671149388 ], [ 1812170.482933258637786, 2013464.389670818345621 ], [ 1811736.934062536573038, 2012865.011049774475396 ] ] ], [ [ [ 1815003.078452314017341, 2013731.670400492381305 ], [ 1814991.142561553744599, 2013276.356176930479705 ], [ 1814414.540418349206448, 2013285.481465593446046 ], [ 1814900.173470209352672, 2013788.563098542392254 ], [ 1815003.078452314017341, 2013731.670400492381305 ] ] ], [ [ [ 1819943.83347982657142, 2021204.813619431573898 ], [ 1820607.007905177772045, 2020667.091395395575091 ], [ 1820052.542782595613971, 2020400.080873655620962 ], [ 1819943.83347982657142, 2021204.813619431573898 ] ] ], [ [ [ 1839141.215298141585663, 2100160.057627217378467 ], [ 1839752.982771184761077, 2099558.649865079671144 ], [ 1839475.617407203651965, 2099307.59661503508687 ], [ 1839141.215298141585663, 2100160.057627217378467 ] ] ], [ [ [ 1814753.715557001065463, 2012746.350084233330563 ], [ 1815099.268834797898307, 2012276.296288296347484 ], [ 1814472.261267849477008, 2012409.785823349608108 ], [ 1814753.715557001065463, 2012746.350084233330563 ] ] ], [ [ [ 1839055.114540448412299, 2093794.035764003405347 ], [ 1839600.782123842509463, 2093345.040670732501894 ], [ 1838501.906521869124845, 2093587.786487682256848 ], [ 1839055.114540448412299, 2093794.035764003405347 ] ] ], [ [ [ 1807378.381300816545263, 1989837.330464492086321 ], [ 1808014.701896711019799, 1989866.464343348750845 ], [ 1807980.415310467593372, 1989644.274770048912615 ], [ 1807378.381300816545263, 1989837.330464492086321 ] ] ], [ [ [ 1813724.650510621024296, 2014344.901735852472484 ], [ 1813814.326882909983397, 2013946.693445258075371 ], [ 1813453.500005682231858, 2014131.571292989887297 ], [ 1813724.650510621024296, 2014344.901735852472484 ] ] ], [ [ [ 1819421.472765897866338, 2020421.396684473846108 ], [ 1819296.893515918869525, 2019800.021712099900469 ], [ 1818998.501161077292636, 2019854.209950134158134 ], [ 1819421.472765897866338, 2020421.396684473846108 ] ] ], [ [ [ 1813620.393025927711278, 2014410.465065015247092 ], [ 1814154.782871186500415, 2014599.974458223441616 ], [ 1814455.484728511422873, 2014405.942754983901978 ], [ 1813620.393025927711278, 2014410.465065015247092 ] ] ], [ [ [ 1807601.321196481352672, 1989662.443016499048099 ], [ 1807090.976892033126205, 1989649.258311403449625 ], [ 1807066.123697232920676, 1989679.694746315712109 ], [ 1807601.321196481352672, 1989662.443016499048099 ] ] ], [ [ [ 1818152.810951134422794, 2022609.22297377162613 ], [ 1818647.176863337866962, 2022329.049186421558261 ], [ 1818657.594963136361912, 2022083.045641156379133 ], [ 1818152.810951134422794, 2022609.22297377162613 ] ] ], [ [ [ 1838326.274354181485251, 2060301.511557678924873 ], [ 1838648.0880398072768, 2060367.841600208776072 ], [ 1838444.858732469845563, 2060111.253630962222815 ], [ 1838326.274354181485251, 2060301.511557678924873 ] ] ], [ [ [ 1812716.955567918717861, 2009731.733811907470226 ], [ 1813050.400679187383503, 2009896.368913107085973 ], [ 1813285.054630317958072, 2009529.166108980542049 ], [ 1812716.955567918717861, 2009731.733811907470226 ] ] ], [ [ [ 1816779.826870060293004, 2017481.165437135146931 ], [ 1817031.967892948072404, 2017139.242325909202918 ], [ 1816581.289353555301204, 2017240.091367323417217 ], [ 1816779.826870060293004, 2017481.165437135146931 ] ] ], [ [ [ 1816756.442296447465196, 2017155.543907568091527 ], [ 1816786.650259392336011, 2016888.110840905690566 ], [ 1816616.355967645067722, 2017027.820179025409743 ], [ 1816756.442296447465196, 2017155.543907568091527 ] ] ], [ [ [ 1818471.786995256552473, 2020652.157736448571086 ], [ 1818638.803853286895901, 2020297.727329469984397 ], [ 1818272.817048804368824, 2020122.037081216229126 ], [ 1818471.786995256552473, 2020652.157736448571086 ] ] ], [ [ [ 1834674.737853352213278, 2147541.542984203901142 ], [ 1834937.321229562396184, 2147475.935791836120188 ], [ 1834791.71938787586987, 2147270.115225286222994 ], [ 1834674.737853352213278, 2147541.542984203901142 ] ] ], [ [ [ 1815073.863603639416397, 2013988.794766077538952 ], [ 1815002.693927694810554, 2013749.404774682363495 ], [ 1814816.299204346491024, 2013993.779811300570145 ], [ 1815073.863603639416397, 2013988.794766077538952 ] ] ], [ [ [ 1814272.517067440086976, 2012300.422463556518778 ], [ 1814368.399136787513271, 2012025.514481470920146 ], [ 1814176.909813442034647, 2012004.053347941720858 ], [ 1814272.517067440086976, 2012300.422463556518778 ] ] ], [ [ [ 1814247.515050097368658, 2010987.591166911181062 ], [ 1814513.089492752682418, 2010778.471171442419291 ], [ 1814155.471380948089063, 2010891.764645201154053 ], [ 1814247.515050097368658, 2010987.591166911181062 ] ] ], [ [ [ 1813755.608760977629572, 2013285.554631322622299 ], [ 1814130.882216443074867, 2013281.86706680431962 ], [ 1814188.620589008321986, 2013159.996810141019523 ], [ 1813755.608760977629572, 2013285.554631322622299 ] ] ], [ [ [ 1812869.432165317703038, 2010039.47434412362054 ], [ 1813000.233743907418102, 2010182.901249518617988 ], [ 1813064.451039572712034, 2010025.369578091194853 ], [ 1812869.432165317703038, 2010039.47434412362054 ] ] ], [ [ [ 1836468.552685598609969, 2060897.185044758021832 ], [ 1836114.975585733074695, 2060905.803625624859706 ], [ 1836048.715220041573048, 2060967.900591931538656 ], [ 1836468.552685598609969, 2060897.185044758021832 ] ] ], [ [ [ 1826941.088760085171089, 2035157.507103393319994 ], [ 1826743.829843464074656, 2035232.409554247744381 ], [ 1826770.550901971524581, 2035345.343276901869103 ], [ 1826941.088760085171089, 2035157.507103393319994 ] ] ], [ [ [ 1813380.794452211586758, 2012220.638733566273004 ], [ 1813654.847113436087966, 2012237.195870315656066 ], [ 1813418.58324548183009, 2012104.65811446076259 ], [ 1813380.794452211586758, 2012220.638733566273004 ] ] ], [ [ [ 1813082.311283481074497, 2009580.017013627570122 ], [ 1813197.946458913851529, 2009360.327376406174153 ], [ 1813050.698537522461265, 2009451.479954760754481 ], [ 1813082.311283481074497, 2009580.017013627570122 ] ] ], [ [ [ 1818833.58725991519168, 2022316.498638635501266 ], [ 1818848.462289554299787, 2022516.111587916500866 ], [ 1818910.877421475481242, 2022455.374721618369222 ], [ 1818833.58725991519168, 2022316.498638635501266 ] ] ], [ [ [ 1819084.024690486490726, 2018199.251780759077519 ], [ 1819191.480229996144772, 2018119.197172160260379 ], [ 1819012.982730239862576, 2018010.417122187325731 ], [ 1819084.024690486490726, 2018199.251780759077519 ] ] ], [ [ [ 1814078.290027941577137, 2012424.47498215874657 ], [ 1814083.347930167568848, 2012285.702682015718892 ], [ 1814031.633560589747503, 2012341.116163762751967 ], [ 1814078.290027941577137, 2012424.47498215874657 ] ] ], [ [ [ 1821581.229344150051475, 2027077.721817689947784 ], [ 1821811.616197008406743, 2027057.227511466946453 ], [ 1821608.267589109251276, 2026960.432287325616926 ], [ 1821581.229344150051475, 2027077.721817689947784 ] ] ], [ [ [ 1821559.765498038846999, 2026920.49860760034062 ], [ 1821443.270635863067582, 2026688.120455354452133 ], [ 1821500.44821606320329, 2026964.330745186656713 ], [ 1821559.765498038846999, 2026920.49860760034062 ] ] ], [ [ [ 1819743.555562047753483, 2020365.893508492270485 ], [ 1819625.60113709862344, 2020414.309847883414477 ], [ 1819729.285619415808469, 2020470.942426149267703 ], [ 1819743.555562047753483, 2020365.893508492270485 ] ] ], [ [ [ 1812984.458542488981038, 2009312.141835405258462 ], [ 1813072.559983462328091, 2009426.47608174639754 ], [ 1813166.61408416647464, 2009338.206875089788809 ], [ 1812984.458542488981038, 2009312.141835405258462 ] ] ], [ [ [ 1812421.884627012303099, 2009748.473346599377692 ], [ 1812563.451846088515595, 2009687.055260041262954 ], [ 1812434.589395109796897, 2009615.941693401196972 ], [ 1812421.884627012303099, 2009748.473346599377692 ] ] ], [ [ [ 1813890.500219606794417, 2011563.363945578923449 ], [ 1813744.674960542935878, 2011457.749525493243709 ], [ 1813639.04376069502905, 2011490.926611742004752 ], [ 1813890.500219606794417, 2011563.363945578923449 ] ] ], [ [ [ 1820659.205136622069404, 2021036.776254484197125 ], [ 1820685.191507245181128, 2020832.183342455886304 ], [ 1820671.350023702485487, 2020804.385378426173702 ], [ 1820659.205136622069404, 2021036.776254484197125 ] ] ], [ [ [ 1813930.181653486331925, 2011181.179507181979716 ], [ 1814022.778902853839099, 2011173.533751512411982 ], [ 1813825.310179093852639, 2011133.698747247923166 ], [ 1813930.181653486331925, 2011181.179507181979716 ] ] ], [ [ [ 1819432.757947940379381, 2018988.776399152819067 ], [ 1819353.711790137458593, 2018951.044660568935797 ], [ 1819390.506423988612369, 2019055.878496356541291 ], [ 1819432.757947940379381, 2018988.776399152819067 ] ] ], [ [ [ 1813642.416198593564332, 2013158.207050324883312 ], [ 1813745.755018809111789, 2013060.350732110906392 ], [ 1813614.365954016335309, 2013142.121997760841623 ], [ 1813642.416198593564332, 2013158.207050324883312 ] ] ], [ [ [ 1813938.494634929578751, 2012215.717594767222181 ], [ 1814034.785731340758502, 2012216.394845565780997 ], [ 1813946.306771101430058, 2012150.244230239884928 ], [ 1813938.494634929578751, 2012215.717594767222181 ] ] ], [ [ [ 1814116.624727295013145, 2011277.935968645615503 ], [ 1814175.158506229985505, 2011274.675422183703631 ], [ 1814215.14322383585386, 2011252.102597797755152 ], [ 1814116.624727295013145, 2011277.935968645615503 ] ] ], [ [ [ 1818493.217188791139051, 2020136.371878714300692 ], [ 1818443.136623634491116, 2020142.681610595202073 ], [ 1818516.022715680301189, 2020158.750401093857363 ], [ 1818493.217188791139051, 2020136.371878714300692 ] ] ] ] } },
{ "type": "Feature", "properties": { "OBJECTID": 36.0, "STATE": "New York", "STATE_FIPS": "36", "CD_2DIG": "10", "STATE_CODE": 30, "CLIMDIV": 3010, "CD_NEW": 10, "FIPS_CD": "3610", "NCDC_GEO_I": 290.0, "NAME": "CENTRAL LAKES", "ST_ABBRV": "NY", "SHAPE_AREA": 0.0, "SHAPE_LEN": 0.0 }, "geometry": { "type": "Polygon", "coordinates": [ [ [ 1552660.289721190230921, 2383486.348116410430521 ], [ 1580110.784372536931187, 2412797.381436354015023 ], [ 1588453.997299033915624, 2411813.143719100393355 ], [ 1587447.679274400230497, 2418976.882736376486719 ], [ 1614412.114082882413641, 2403514.772302428260446 ], [ 1622997.291026829276234, 2371657.488425895106047 ], [ 1593338.562568711815402, 2363096.359404264483601 ], [ 1606235.256164344027638, 2311602.371989905368537 ], [ 1592511.355236308882013, 2311165.245194581802934 ], [ 1593676.925399376312271, 2305087.898143706843257 ], [ 1576941.645149580202997, 2303912.887063456699252 ], [ 1576211.267166913719848, 2298143.627513306681067 ], [ 1567510.733612439129502, 2303217.235543449409306 ], [ 1538605.575744872447103, 2294878.15845737233758 ], [ 1528346.707949768519029, 2327539.704420079942793 ], [ 1486979.149741316912696, 2319745.536254298407584 ], [ 1484257.377139531774446, 2306765.192289399448782 ], [ 1423751.253520438913256, 2300697.580692394636571 ], [ 1414872.459887564880773, 2338662.296623561065644 ], [ 1457398.744898811914027, 2346146.460263834800571 ], [ 1458340.495228452607989, 2360559.271047891583294 ], [ 1493326.712613993091509, 2362304.562156649772078 ], [ 1491090.836074270540848, 2372277.838916589040309 ], [ 1552660.289721190230921, 2383486.348116410430521 ] ] ] } },
{ "type": "Feature", "properties": { "OBJECTID": 37.0, "STATE": "West Virginia", "STATE_FIPS": "54", "CD_2DIG": "01", "STATE_CODE": 46, "CLIMDIV": 4601, "CD_NEW": 1, "FIPS_CD": "5401", "NCDC_GEO_I": 291.0, "NAME": "NORTHWESTERN", "ST_ABBRV": "WV", "SHAPE_AREA": 0.0, "SHAPE_LEN": 0.0 }, "geometry": { "type": "Polygon", "coordinates": [ [ [ 1292675.593851058278233, 2063911.413838581414893 ], [ 1309290.778215405764058, 1962636.323427206138149 ], [ 1318541.82324372860603, 1964136.290956068085507 ], [ 1321174.791830015135929, 1955011.140185886528343 ], [ 1275396.544627776369452, 1923956.223164663417265 ], [ 1259874.135085294488817, 1863516.682130310218781 ], [ 1239591.28485183021985, 1860474.041104200296104 ], [ 1214582.95629723300226, 1886390.0362558523193 ], [ 1235147.781948665622622, 1914786.618746132822707 ], [ 1243953.621430416125804, 1909108.41472263308242 ], [ 1256382.00964737450704, 1916163.521549224387854 ], [ 1280806.368605575757101, 1946578.193154297070578 ], [ 1291758.856402275152504, 2027462.598130422644317 ], [ 1281327.550123219378293, 2055936.669501378200948 ], [ 1292675.593851058278233, 2063911.413838581414893 ] ] ] } },
{ "type": "Feature", "properties": { "OBJECTID": 38.0, "STATE": "West Virginia", "STATE_FIPS": "54", "CD_2DIG": "03", "STATE_CODE": 46, "CLIMDIV": 4603, "CD_NEW": 3, "FIPS_CD": "5403", "NCDC_GEO_I": 292.0, "NAME": "SOUTHWESTERN", "ST_ABBRV": "WV", "SHAPE_AREA": 0.0, "SHAPE_LEN": 0.0 }, "geometry": { "type": "Polygon", "coordinates": [ [ [ 1211441.356214692350477, 1874706.799105813959613 ], [ 1236458.518550203880295, 1869869.312482526293024 ], [ 1239591.28485183021985, 1860474.041104200296104 ], [ 1260953.61646795575507, 1862898.18269076757133 ], [ 1274456.880419278051704, 1834731.816871392307803 ], [ 1281395.296293583232909, 1832189.21660348912701 ], [ 1284846.294338970445096, 1839075.461241286247969 ], [ 1306456.796506201848388, 1821046.576756821013987 ], [ 1267874.822466757381335, 1781321.304024819051847 ], [ 1267115.772188841365278, 1757016.709171759197488 ], [ 1255916.574606711044908, 1757476.403527710819617 ], [ 1251416.375759907532483, 1749903.515874384203926 ], [ 1258631.204420682042837, 1735452.928617209661752 ], [ 1237889.208691430278122, 1728450.691042246297002 ], [ 1244011.108234155690297, 1723119.992101934272796 ], [ 1226387.375014581950381, 1699039.540697956690565 ], [ 1192359.259371867869049, 1712589.746908750617877 ], [ 1155234.400258803274482, 1762758.445482935989276 ], [ 1155588.537428442388773, 1791748.253951305523515 ], [ 1177767.659291281132028, 1797498.609410081990063 ], [ 1178943.237257331376895, 1812900.641558927483857 ], [ 1188275.658402976347134, 1817071.27495897677727 ], [ 1181524.136925657745451, 1836859.469791728071868 ], [ 1189637.139240139164031, 1859357.592951063765213 ], [ 1196235.542293781414628, 1866293.004876193357632 ], [ 1208370.875273432116956, 1850695.143558267038316 ], [ 1218692.132291132118553, 1858963.679448904935271 ], [ 1211441.356214692350477, 1874706.799105813959613 ] ] ] } },
{ "type": "Feature", "properties": { "OBJECTID": 39.0, "STATE": "West Virginia", "STATE_FIPS": "54", "CD_2DIG": "02", "STATE_CODE": 46, "CLIMDIV": 4602, "CD_NEW": 2, "FIPS_CD": "5402", "NCDC_GEO_I": 293.0, "NAME": "NORTH CENTRAL", "ST_ABBRV": "WV", "SHAPE_AREA": 0.0, "SHAPE_LEN": 0.0 }, "geometry": { "type": "Polygon", "coordinates": [ [ [ 1267257.806167087284848, 1877459.495579048525542 ], [ 1264007.983951529487967, 1898664.018135129241273 ], [ 1275396.544627776369452, 1923956.223164663417265 ], [ 1321174.791830015135929, 1955011.140185886528343 ], [ 1318541.82324372860603, 1964136.290956068085507 ], [ 1372616.50785000808537, 1973160.489390603965148 ], [ 1365726.724929907126352, 1944892.380369450664148 ], [ 1379203.290542843518779, 1904544.279605789575726 ], [ 1375653.165395294316113, 1888765.776672841515392 ], [ 1360139.175417559221387, 1883151.47371946903877 ], [ 1360420.019329954404384, 1860308.906230297405273 ], [ 1345831.450660707429051, 1850831.412299427436665 ], [ 1332414.668079275870696, 1854884.147987262578681 ], [ 1319805.818576603895053, 1828663.875508460449055 ], [ 1300506.727800254477188, 1823324.349770709173754 ], [ 1284846.294338970445096, 1839075.461241286247969 ], [ 1281395.296293583232909, 1832189.21660348912701 ], [ 1274427.349352137651294, 1834778.567848502658308 ], [ 1259516.522595409536734, 1862918.348986644297838 ], [ 1267257.806167087284848, 1877459.495579048525542 ] ] ] } },
{ "type": "Feature", "properties": { "OBJECTID": 40.0, "STATE": "West Virginia", "STATE_FIPS": "54", "CD_2DIG": "04", "STATE_CODE": 46, "CLIMDIV": 4604, "CD_NEW": 4, "FIPS_CD": "5404", "NCDC_GEO_I": 294.0, "NAME": "CENTRAL", "ST_ABBRV": "WV", "SHAPE_AREA": 0.0, "SHAPE_LEN": 0.0 }, "geometry": { "type": "Polygon", "coordinates": [ [ [ 1387379.363764371024445, 1787327.230881821596995 ], [ 1367243.586417215177789, 1781527.182048053946346 ], [ 1301614.730820379219949, 1708751.037564585916698 ], [ 1280799.658197220647708, 1711375.330913625890389 ], [ 1252772.846273984061554, 1743285.401768628275022 ], [ 1255885.585663179634139, 1757448.961010616272688 ], [ 1267115.772188841365278, 1757016.709171759197488 ], [ 1267874.822466757381335, 1781321.304024819051847 ], [ 1306456.796506201848388, 1821046.576756821013987 ], [ 1300506.727800254477188, 1823324.349770709173754 ], [ 1319805.818576603895053, 1828663.875508460449055 ], [ 1332414.668079275870696, 1854884.147987262578681 ], [ 1345831.450660707429051, 1850831.412299427436665 ], [ 1360420.019329954404384, 1860308.906230297405273 ], [ 1360139.175417559221387, 1883151.47371946903877 ], [ 1375653.165395294316113, 1888765.776672841515392 ], [ 1379203.290542843518779, 1904544.279605789575726 ], [ 1365726.724929907126352, 1944892.380369450664148 ], [ 1372616.50785000808537, 1973160.489390603965148 ], [ 1396620.839712945278734, 1977444.756715388037264 ], [ 1405747.168828483903781, 1920434.982100813882425 ], [ 1435672.716991582419723, 1956930.214645664906129 ], [ 1435683.336661572568119, 1918236.607604578370228 ], [ 1429477.775043750181794, 1882176.676911222515628 ], [ 1414176.133128258632496, 1847382.764108621748164 ], [ 1403860.573363865260035, 1850182.592970280908048 ], [ 1387379.363764371024445, 1787327.230881821596995 ] ] ] } },
{ "type": "Feature", "properties": { "OBJECTID": 41.0, "STATE": "West Virginia", "STATE_FIPS": "54", "CD_2DIG": "05", "STATE_CODE": 46, "CLIMDIV": 4605, "CD_NEW": 5, "FIPS_CD": "5405", "NCDC_GEO_I": 295.0, "NAME": "SOUTHERN", "ST_ABBRV": "WV", "SHAPE_AREA": 0.0, "SHAPE_LEN": 0.0 }, "geometry": { "type": "Polygon", "coordinates": [ [ [ 1386720.590368992416188, 1784263.425312630599365 ], [ 1367564.935383943608031, 1749017.338548121973872 ], [ 1373077.123006194829941, 1735358.685331063810736 ], [ 1364973.544294640654698, 1726795.665837119333446 ], [ 1368484.74426737963222, 1721013.190562275471166 ], [ 1354852.692296428605914, 1709060.885307393735275 ], [ 1350689.20029276702553, 1715045.014863267308101 ], [ 1330279.779948478797451, 1699305.704448122996837 ], [ 1321513.941712231608108, 1704386.465944039868191 ], [ 1320105.989910564618185, 1691234.020943007664755 ], [ 1293246.723599802935496, 1677808.972872677259147 ], [ 1279356.989229160826653, 1687319.259085620054975 ], [ 1254453.713100492954254, 1668037.403187732910737 ], [ 1222876.974768499145284, 1692694.654577821260318 ], [ 1244011.108234155690297, 1723119.992101934272796 ], [ 1237889.208691430278122, 1728450.691042246297002 ], [ 1259304.342081328853965, 1735896.543631618842483 ], [ 1280984.988355770008639, 1711248.37285593454726 ], [ 1301614.730820379219949, 1708751.037564585916698 ], [ 1367243.586417215177789, 1781527.182048053946346 ], [ 1386720.590368992416188, 1784263.425312630599365 ] ] ] } },
{ "type": "Feature", "properties": { "OBJECTID": 42.0, "STATE": "West Virginia", "STATE_FIPS": "54", "CD_2DIG": "06", "STATE_CODE": 46, "CLIMDIV": 4606, "CD_NEW": 6, "FIPS_CD": "5406", "NCDC_GEO_I": 296.0, "NAME": "NORTHEASTERN", "ST_ABBRV": "WV", "SHAPE_AREA": 0.0, "SHAPE_LEN": 0.0 }, "geometry": { "type": "Polygon", "coordinates": [ [ [ 1414176.133128258632496, 1847382.764108621748164 ], [ 1429477.775043750181794, 1882176.676911222515628 ], [ 1435672.716991582419723, 1956930.214645664906129 ], [ 1445714.590130204567686, 1954239.458792658289894 ], [ 1457523.21294169430621, 1980112.242201172048226 ], [ 1459336.437964075710624, 1972887.10752073302865 ], [ 1476879.159465676406398, 1968977.216024643741548 ], [ 1505793.091022677021101, 1994531.705159405944869 ], [ 1527350.137774126604199, 1985978.100925518199801 ], [ 1536433.260038478067145, 1989756.367100319825113 ], [ 1532819.227791627403349, 1983608.83513228665106 ], [ 1544335.427950529614463, 1979081.111371197039261 ], [ 1552009.377925287000835, 1960657.903673348249868 ], [ 1546875.32014414248988, 1938087.413704238831997 ], [ 1496311.421137111261487, 1966514.10470527713187 ], [ 1497728.273343350505456, 1932734.972817967412993 ], [ 1466686.580104025779292, 1880916.14071235479787 ], [ 1453954.04266573372297, 1888062.398258059751242 ], [ 1438564.814835618948564, 1836817.443274069810286 ], [ 1421127.549747793236747, 1837930.752335703233257 ], [ 1414176.133128258632496, 1847382.764108621748164 ] ] ] } },
{ "type": "Feature", "properties": { "OBJECTID": 43.0, "STATE": "Colorado", "STATE_FIPS": "08", "CD_2DIG": "04", "STATE_CODE": 5, "CLIMDIV": 504, "CD_NEW": 4, "FIPS_CD": "0804", "NCDC_GEO_I": 297.0, "NAME": "PLATTE DRAINAGE BASIN", "ST_ABBRV": "CO", "SHAPE_AREA": 0.0, "SHAPE_LEN": 0.0 }, "geometry": { "type": "Polygon", "coordinates": [ [ [ -904697.60041692701634, 2051084.3853769316338 ], [ -504612.544839647482149, 2015329.119089620420709 ], [ -504797.778300282079726, 2012266.526631402550265 ], [ -544149.51004575076513, 2002785.063040675595403 ], [ -585410.378168087685481, 1981818.689548469847068 ], [ -600738.491759769967757, 1940368.587520552566275 ], [ -617048.661720142234117, 1925844.417185948928818 ], [ -625413.439104549121112, 1871932.082295794039965 ], [ -684365.220089710899629, 1828431.063285128446296 ], [ -738265.845282812952064, 1812421.66313661262393 ], [ -769351.685748739051633, 1825672.01078536035493 ], [ -783618.778625561040826, 1801615.181289706146345 ], [ -826812.331164366449229, 1799131.487796134548262 ], [ -833303.207122011226602, 1789839.435265840264037 ], [ -865997.700368118472397, 1814887.275901606772095 ], [ -872730.047676893882453, 1833952.425080396234989 ], [ -864599.80494107271079, 1863605.554776824079454 ], [ -854038.159898453741334, 1860602.048454035073519 ], [ -830736.474042369634844, 1887748.083561637671664 ], [ -842126.401672005071305, 1896651.757028707768768 ], [ -837219.83353757346049, 1908427.413633758202195 ], [ -820724.498286212328821, 1912101.98346860264428 ], [ -813118.255816926946864, 1957305.772431612247601 ], [ -825753.87607479270082, 1984244.302099541760981 ], [ -836983.241015615989454, 1970494.343032625503838 ], [ -890970.440587901743129, 1979321.49102417868562 ], [ -896289.865483655477874, 2007819.964140038471669 ], [ -888348.91818330262322, 2028070.360705307219177 ], [ -904697.60041692701634, 2051084.3853769316338 ] ] ] } },
{ "type": "Feature", "properties": { "OBJECTID": 44.0, "STATE": "Colorado", "STATE_FIPS": "08", "CD_2DIG": "02", "STATE_CODE": 5, "CLIMDIV": 502, "CD_NEW": 2, "FIPS_CD": "0802", "NCDC_GEO_I": 298.0, "NAME": "COLORADO DRAINAGE BASIN", "ST_ABBRV": "CO", "SHAPE_AREA": 0.0, "SHAPE_LEN": 0.0 }, "geometry": { "type": "Polygon", "coordinates": [ [ [ -905485.281737172044814, 2051195.006965830689296 ], [ -888348.91818330262322, 2028070.360705307219177 ], [ -896289.865483655477874, 2007819.964140038471669 ], [ -890970.440587901743129, 1979321.49102417868562 ], [ -836983.241015615989454, 1970494.343032625503838 ], [ -825753.87607479270082, 1984244.302099541760981 ], [ -811956.75335976399947, 1942227.392072106944397 ], [ -820724.498286212328821, 1912101.98346860264428 ], [ -837219.83353757346049, 1908427.413633758202195 ], [ -841877.001792420516722, 1897451.300223793601617 ], [ -830693.800391961238347, 1888457.945730874314904 ], [ -835103.908992648706771, 1879096.156717490172014 ], [ -854349.141131264274009, 1860467.304590572370216 ], [ -887140.804411125252955, 1865369.943284292239696 ], [ -904707.934899567160755, 1836212.424072906840593 ], [ -907003.007242366671562, 1824692.63987932773307 ], [ -885101.69765934580937, 1811872.481906512053683 ], [ -898092.627806505537592, 1790540.801964602433145 ], [ -885804.756060598418117, 1749679.792932606767863 ], [ -894119.093548835837282, 1743190.300629669800401 ], [ -908638.92575158784166, 1747287.504084724234417 ], [ -939429.145626323763281, 1711212.462297538295388 ], [ -978478.911226688302122, 1713475.152518802788109 ], [ -1005783.650110894232057, 1698926.463319127215073 ], [ -1001051.90116935397964, 1682216.26978841656819 ], [ -983064.345205869525671, 1686160.617044857470319 ], [ -980489.878900189534761, 1675274.762956738006324 ], [ -972932.886837217840366, 1679212.770508198300377 ], [ -968170.940524939564057, 1670948.254502163035795 ], [ -951119.014312044833787, 1668434.152393367374316 ], [ -932132.090319531387649, 1650083.557421747362241 ], [ -935394.110030942945741, 1607833.187892101937905 ], [ -945853.458837469806895, 1603468.202220001025125 ], [ -1146479.864023835398257, 1629466.177947162184864 ], [ -1085520.751609816448763, 2073714.588950719451532 ], [ -905485.281737172044814, 2051195.006965830689296 ] ] ] } },
{ "type": "Feature", "properties": { "OBJECTID": 45.0, "STATE": "Colorado", "STATE_FIPS": "08", "CD_2DIG": "05", "STATE_CODE": 5, "CLIMDIV": 505, "CD_NEW": 5, "FIPS_CD": "0805", "NCDC_GEO_I": 299.0, "NAME": "RIO GRANDE DRAINAGE BASIN", "ST_ABBRV": "CO", "SHAPE_AREA": 0.0, "SHAPE_LEN": 0.0 }, "geometry": { "type": "Polygon", "coordinates": [ [ [ -863911.471315122558735, 1756043.728975925128907 ], [ -821096.990085298777558, 1687919.627519955858588 ], [ -828905.554575107526034, 1656772.196983072673902 ], [ -812719.968959377030842, 1663874.476246232166886 ], [ -802742.164971869206056, 1658665.87844366999343 ], [ -799235.159322355408221, 1635767.547163109760731 ], [ -810508.81331543053966, 1589512.15303808148019 ], [ -941491.983615806791931, 1603023.438665927853435 ], [ -929812.339721384458244, 1621604.931200161576271 ], [ -937830.653407892561518, 1635147.535160357132554 ], [ -932132.090319531387649, 1650083.557421747362241 ], [ -951119.014312044833787, 1668434.152393367374316 ], [ -968170.940524939564057, 1670948.254502163035795 ], [ -972932.886837217840366, 1679212.770508198300377 ], [ -980489.878900189534761, 1675274.762956738006324 ], [ -983064.345205869525671, 1686160.617044857470319 ], [ -1001051.90116935397964, 1682216.26978841656819 ], [ -1006037.056854989263229, 1692783.910422129789367 ], [ -1000667.344435556791723, 1705550.595405919943005 ], [ -978478.911226688302122, 1713475.152518802788109 ], [ -938956.749058465124108, 1711439.485051705967635 ], [ -906751.264708199538291, 1748246.919115000404418 ], [ -894119.093548835837282, 1743190.300629669800401 ], [ -863911.471315122558735, 1756043.728975925128907 ] ] ] } },
{ "type": "Feature", "properties": { "OBJECTID": 46.0, "STATE": "Colorado", "STATE_FIPS": "08", "CD_2DIG": "01", "STATE_CODE": 5, "CLIMDIV": 501, "CD_NEW": 1, "FIPS_CD": "0801", "NCDC_GEO_I": 300.0, "NAME": "ARKANSAS DRAINAGE BASIN", "ST_ABBRV": "CO", "SHAPE_AREA": 0.0, "SHAPE_LEN": 0.0 }, "geometry": { "type": "Polygon", "coordinates": [ [ [ -894356.94852459221147, 1859375.931615757290274 ], [ -864420.547446944983676, 1863188.185378754744306 ], [ -871350.043863468337804, 1822626.629522750619799 ], [ -850103.08298883785028, 1797631.692218492506072 ], [ -833303.207122011226602, 1789839.435265840264037 ], [ -826812.331164366449229, 1799131.487796134548262 ], [ -783618.778625561040826, 1801615.181289706146345 ], [ -771165.11235476389993, 1825115.986619250383228 ], [ -737907.022813719930127, 1812451.714017437770963 ], [ -685519.801372508518398, 1827836.599727629451081 ], [ -664378.372824189020321, 1844065.177803779719397 ], [ -628104.447570445016026, 1823746.352124192053452 ], [ -615665.779613657272421, 1804808.657930460758507 ], [ -585861.475818606442772, 1801046.785645223222673 ], [ -564834.547469034208916, 1788938.898048433708027 ], [ -564155.38780601893086, 1769054.460560242645442 ], [ -545757.766062509152107, 1740561.867231138283387 ], [ -548123.42863742611371, 1726959.278640957083553 ], [ -522558.649298029136844, 1724753.487783873453736 ], [ -532377.728808324900456, 1566911.199578806525096 ], [ -810508.81331543053966, 1589512.15303808148019 ], [ -799235.159322355408221, 1635767.547163109760731 ], [ -802742.164971869206056, 1658665.87844366999343 ], [ -812719.968959377030842, 1663874.476246232166886 ], [ -828905.554575107526034, 1656772.196983072673902 ], [ -821096.990085298777558, 1687919.627519955858588 ], [ -865015.512462169281207, 1758957.435888495761901 ], [ -886076.62850463797804, 1749390.123558606253937 ], [ -898092.627806505537592, 1790540.801964602433145 ], [ -885101.69765934580937, 1811872.481906512053683 ], [ -907286.736274018650874, 1825065.142421875847504 ], [ -894356.94852459221147, 1859375.931615757290274 ] ] ] } },
{ "type": "Feature", "properties": { "OBJECTID": 47.0, "STATE": "Colorado", "STATE_FIPS": "08", "CD_2DIG": "03", "STATE_CODE": 5, "CLIMDIV": 503, "CD_NEW": 3, "FIPS_CD": "0803", "NCDC_GEO_I": 301.0, "NAME": "KANSAS DRAINAGE BASIN", "ST_ABBRV": "CO", "SHAPE_AREA": 0.0, "SHAPE_LEN": 0.0 }, "geometry": { "type": "Polygon", "coordinates": [ [ [ -506672.187120898277499, 2012877.119585503591225 ], [ -522494.39990899595432, 1725128.196589880157262 ], [ -544866.309667721856385, 1722702.617610490880907 ], [ -545757.766062509152107, 1740561.867231138283387 ], [ -564155.38780601893086, 1769054.460560242645442 ], [ -564834.547469034208916, 1788938.898048433708027 ], [ -585861.475818606442772, 1801046.785645223222673 ], [ -615665.779613657272421, 1804808.657930460758507 ], [ -628104.447570445016026, 1823746.352124192053452 ], [ -664378.372824189020321, 1844065.177803779719397 ], [ -625413.439104549121112, 1871932.082295794039965 ], [ -617048.661720142234117, 1925844.417185948928818 ], [ -600738.491759769967757, 1940368.587520552566275 ], [ -585410.378168087685481, 1981818.689548469847068 ], [ -506672.187120898277499, 2012877.119585503591225 ] ] ] } },
{ "type": "Feature", "properties": { "OBJECTID": 48.0, "STATE": "California", "STATE_FIPS": "06", "CD_2DIG": "07", "STATE_CODE": 4, "CLIMDIV": 407, "CD_NEW": 7, "FIPS_CD": "0607", "NCDC_GEO_I": 302.0, "NAME": "SOUTHEAST DESERT BASIN", "ST_ABBRV": "CA", "SHAPE_AREA": 0.0, "SHAPE_LEN": 0.0 }, "geometry": { "type": "Polygon", "coordinates": [ [ [ -1940790.832572414772585, 1888660.579529539914802 ], [ -1675776.533874192507938, 1491845.97497040242888 ], [ -1678714.243879059329629, 1477692.981786761665717 ], [ -1667652.295560670318082, 1457184.205530872335657 ], [ -1665606.254902826389298, 1427798.626027408288792 ], [ -1646659.607006739359349, 1406493.065283222589642 ], [ -1689352.504242896102369, 1374355.521195077337325 ], [ -1697492.680785765638575, 1331009.291482601081952 ], [ -1718960.796562609728426, 1318304.894356498494744 ], [ -1724132.360839328030124, 1283374.017319227568805 ], [ -1704997.046949493233114, 1266326.784824790433049 ], [ -1716231.770936142886057, 1243313.502031437354162 ], [ -1880183.93485452211462, 1260584.434591355035082 ], [ -1881589.158797707874328, 1288635.580442832782865 ], [ -1896905.34372266731225, 1327639.755992362042889 ], [ -1884266.865174289094284, 1331985.652569562196732 ], [ -1894034.371287467656657, 1363597.365596998250112 ], [ -1879484.902588312048465, 1377153.866895300336182 ], [ -1887106.503353642998263, 1399997.148609275463969 ], [ -1907205.246132378932089, 1416903.922167883487418 ], [ -1900773.276728754863143, 1430245.425080951070413 ], [ -1880215.832291625905782, 1437394.057807834586129 ], [ -1885072.271643273998052, 1452855.901179900625721 ], [ -1893821.895664409501478, 1460496.403419780312106 ], [ -1911487.415018530329689, 1448376.935002370970324 ], [ -1938653.391391412587836, 1461873.326237262226641 ], [ -1939412.7540116624441, 1471936.390776085434482 ], [ -1949757.596085959114134, 1478269.206358857918531 ], [ -1988684.756990539841354, 1483681.927829262102023 ], [ -2013675.082034969469532, 1526105.928075443254784 ], [ -2048909.37732674437575, 1546101.076602880144492 ], [ -2048288.250140677206218, 1555125.08217136701569 ], [ -2008444.126023112330586, 1574653.707165864761919 ], [ -2006061.564915078924969, 1587342.81698476197198 ], [ -1989423.6798833636567, 1585843.979968893108889 ], [ -1992319.458142305724323, 1608414.998562034452334 ], [ -1978039.359181369887665, 1607549.720414995681494 ], [ -1968471.653515829471871, 1625341.69111852068454 ], [ -1955692.337284618755803, 1631009.436265562195331 ], [ -1947885.065487287472934, 1657185.172266984591261 ], [ -1947457.034515009727329, 1704053.426391233224422 ], [ -1960972.639480551006272, 1747493.584854878019542 ], [ -1957486.617985913995653, 1789666.055525219300762 ], [ -1974130.755605017300695, 1802725.425939792534336 ], [ -1976235.764349453849718, 1842717.608717552386224 ], [ -1993590.166559058474377, 1858175.441220760112628 ], [ -1997622.32287569064647, 1875690.245327156269923 ], [ -1975094.022600528784096, 1881875.574444396421313 ], [ -1955776.327394838444889, 1864258.392009419156238 ], [ -1940790.832572414772585, 1888660.579529539914802 ] ] ] } },
{ "type": "Feature", "properties": { "OBJECTID": 49.0, "STATE": "California", "STATE_FIPS": "06", "CD_2DIG": "03", "STATE_CODE": 4, "CLIMDIV": 403, "CD_NEW": 3, "FIPS_CD": "0603", "NCDC_GEO_I": 303.0, "NAME": "NORTHEAST INTER. BASINS", "ST_ABBRV": "CA", "SHAPE_AREA": 0.0, "SHAPE_LEN": 0.0 }, "geometry": { "type": "Polygon", "coordinates": [ [ [ -1953555.883402092615142, 2358291.257170496508479 ], [ -2037521.854499366600066, 2033530.878550817491487 ], [ -1940790.832572414772585, 1888660.579529539914802 ], [ -1955776.327394838444889, 1864258.392009419156238 ], [ -1975094.022600528784096, 1881875.574444396421313 ], [ -2010661.32096662861295, 1879296.272918853675947 ], [ -2000679.054117378313094, 1895693.421254783635959 ], [ -2007820.739457001443952, 1919061.308825278887525 ], [ -2028229.514319142093882, 1938537.152091132476926 ], [ -2026489.504476235480979, 1967146.874679176136851 ], [ -2049097.43378457473591, 2006954.510203224606812 ], [ -2055280.822376221418381, 2085350.693514594808221 ], [ -2062587.082499618874863, 2090376.101265489123762 ], [ -2059190.294485661899671, 2098776.798206430394202 ], [ -2029094.10793799883686, 2098784.909708708990365 ], [ -2021175.078897628700361, 2140064.784751681145281 ], [ -2049234.849617059109733, 2186667.498366662766784 ], [ -2067890.756080021383241, 2189608.760264017153531 ], [ -2071710.679686633637175, 2203431.457128909882158 ], [ -2096084.654768745414913, 2223329.398534961976111 ], [ -2075987.727397710084915, 2231206.795538609381765 ], [ -2078257.58430908783339, 2247753.507971270475537 ], [ -2066195.941820986568928, 2243273.875681349076331 ], [ -2047293.041915016714483, 2261808.970298170577735 ], [ -2030006.838049907237291, 2262063.089382644742727 ], [ -2022815.144843810703605, 2271589.59473630413413 ], [ -1996742.045879143988714, 2257401.463107834104449 ], [ -1985678.372643685434014, 2276055.088711210526526 ], [ -1989486.039513764670119, 2314033.978719738312066 ], [ -1975147.115642746677622, 2341011.999876724090427 ], [ -1975343.050990731455386, 2356831.568830509670079 ], [ -1970126.327758888248354, 2362566.221201219130307 ], [ -1953555.883402092615142, 2358291.257170496508479 ] ] ] } },
{ "type": "Feature", "properties": { "OBJECTID": 50.0, "STATE": "California", "STATE_FIPS": "06", "CD_2DIG": "02", "STATE_CODE": 4, "CLIMDIV": 402, "CD_NEW": 2, "FIPS_CD": "0602", "NCDC_GEO_I": 304.0, "NAME": "SACRAMENTO DRNG.", "ST_ABBRV": "CA", "SHAPE_AREA": 0.0, "SHAPE_LEN": 0.0 }, "geometry": { "type": "Polygon", "coordinates": [ [ [ -1970024.972173307090998, 2362426.526390650309622 ], [ -1986307.1135046815034, 2327950.62593831634149 ], [ -1985097.308704677736387, 2279100.416081173811108 ], [ -1996742.045879143988714, 2257401.463107834104449 ], [ -2022815.144843810703605, 2271589.59473630413413 ], [ -2030006.838049907237291, 2262063.089382644742727 ], [ -2047293.041915016714483, 2261808.970298170577735 ], [ -2066195.941820986568928, 2243273.875681349076331 ], [ -2078257.58430908783339, 2247753.507971270475537 ], [ -2075987.727397710084915, 2231206.795538609381765 ], [ -2096084.654768745414913, 2223329.398534961976111 ], [ -2071710.679686633637175, 2203431.457128909882158 ], [ -2067890.756080021383241, 2189608.760264017153531 ], [ -2049234.849617059109733, 2186667.498366662766784 ], [ -2028203.075266931671649, 2160231.662919423542917 ], [ -2020104.381605690112337, 2135555.017892122268677 ], [ -2029094.10793799883686, 2098784.909708708990365 ], [ -2058639.526211058720946, 2098913.553311165422201 ], [ -2062424.220713330432773, 2091797.826772567816079 ], [ -2055280.822376221418381, 2085350.693514594808221 ], [ -2053445.050702645676211, 2024228.33219779538922 ], [ -2045294.159373869420961, 2014847.529541057534516 ], [ -2045323.521631262265146, 1997567.711253494024277 ], [ -2067023.725076515227556, 1996923.542111260816455 ], [ -2081779.036432038526982, 2016066.618546734331176 ], [ -2117733.645641909912229, 2013625.818976307986304 ], [ -2128816.74207285605371, 2024550.680923025356606 ], [ -2195921.082631682045758, 1973606.661382459569722 ], [ -2217351.865561984945089, 1969655.518074829364195 ], [ -2240922.872178422287107, 2008759.822700860910118 ], [ -2240173.441909377463162, 2035041.475211134878919 ], [ -2264748.862660814076662, 2056130.07199291838333 ], [ -2290072.791469308082014, 2113520.282416452653706 ], [ -2276056.180810113437474, 2136976.874316035304219 ], [ -2254243.435353918001056, 2121663.258337446954101 ], [ -2256958.954068239312619, 2141329.072239331435412 ], [ -2240552.2283178945072, 2152482.690345367882401 ], [ -2255583.050143715925515, 2185693.67395998025313 ], [ -2244116.196170367766172, 2234195.097107520326972 ], [ -2247643.28171345544979, 2248160.470137187745422 ], [ -2210288.337784831877798, 2264031.165610192809254 ], [ -2211907.749435244128108, 2278140.459905425552279 ], [ -2174583.991917172912508, 2315887.313895768020302 ], [ -2174703.553597375750542, 2335283.303517296444625 ], [ -2163455.675930744502693, 2343170.458048054948449 ], [ -2145809.820573360659182, 2341757.009750837925822 ], [ -2137694.157523878384382, 2351232.76387121155858 ], [ -2125695.494069484062493, 2342757.985933748539537 ], [ -2089530.29335252661258, 2351243.400343087036163 ], [ -2066208.063465870916843, 2345431.446980494074523 ], [ -2056679.472242129500955, 2328972.238681942224503 ], [ -2038083.720427706139162, 2335729.030489336699247 ], [ -2035180.524776291102171, 2326173.711399224121124 ], [ -1999743.702070186380297, 2362468.756471505854279 ], [ -2010395.610485608456656, 2373095.963965483009815 ], [ -1970024.972173307090998, 2362426.526390650309622 ] ] ] } },
{ "type": "Feature", "properties": { "OBJECTID": 51.0, "STATE": "California", "STATE_FIPS": "06", "CD_2DIG": "05", "STATE_CODE": 4, "CLIMDIV": 405, "CD_NEW": 5, "FIPS_CD": "0605", "NCDC_GEO_I": 305.0, "NAME": "SAN JOAQUIN DRNG.", "ST_ABBRV": "CA", "SHAPE_AREA": 0.0, "SHAPE_LEN": 0.0 }, "geometry": { "type": "Polygon", "coordinates": [ [ [ -2089612.915809090482071, 2018971.575875092297792 ], [ -2067023.725076515227556, 1996923.542111260816455 ], [ -2043383.237451660213992, 1995309.425307261757553 ], [ -2026674.490524225635454, 1967708.856745614204556 ], [ -2028229.514319142093882, 1938537.152091132476926 ], [ -2007820.739457001443952, 1919061.308825278887525 ], [ -2000679.054093017941341, 1895693.421352595556527 ], [ -2010661.32096662861295, 1879296.272918853675947 ], [ -1997566.086172271054238, 1876406.638176874257624 ], [ -1993590.166559058474377, 1858175.441220760112628 ], [ -1976235.764349453849718, 1842717.608717552386224 ], [ -1974830.936486362945288, 1804705.323231402551755 ], [ -1957486.617985913995653, 1789666.055525219300762 ], [ -1960902.493036676663905, 1746644.417833768064156 ], [ -1947457.034515009727329, 1704053.426391233224422 ], [ -1955692.337284618755803, 1631009.436265562195331 ], [ -1968471.653515829471871, 1625341.69111852068454 ], [ -1978039.359181369887665, 1607549.720414995681494 ], [ -1992319.458142305724323, 1608414.998562034452334 ], [ -1989423.6798833636567, 1585843.979968893108889 ], [ -2006061.564915078924969, 1587342.81698476197198 ], [ -2015877.098612372530624, 1567524.39210681268014 ], [ -2049685.579782071756199, 1550753.10820715688169 ], [ -2079988.520259866956621, 1559331.002732988912612 ], [ -2128109.651446846779436, 1597528.26580373570323 ], [ -2146488.983684548642486, 1631595.597000784007832 ], [ -2148771.94418413983658, 1645073.305700891418383 ], [ -2141363.556571977678686, 1653249.502220368944108 ], [ -2151031.884486884344369, 1673957.907320466591045 ], [ -2145309.659481827169657, 1700810.028931223321706 ], [ -2174037.310010394547135, 1735640.708750703139231 ], [ -2171772.13835518527776, 1755230.193200555397198 ], [ -2163427.591228262986988, 1758301.118474120507017 ], [ -2191813.371042951010168, 1787692.603485475759953 ], [ -2183152.25397265329957, 1806780.941927478415892 ], [ -2194780.089869893621653, 1815746.062822526320815 ], [ -2200069.534444341436028, 1834845.077587220119312 ], [ -2193854.133031382691115, 1861355.568860759958625 ], [ -2207921.844182519242167, 1865714.114164081867784 ], [ -2202307.141836924478412, 1890016.725522382417694 ], [ -2211592.986634932924062, 1936983.995038603199646 ], [ -2231568.815842467360198, 1952822.279076566221192 ], [ -2217739.257683466654271, 1974270.418838925892487 ], [ -2210942.690088716801256, 1967645.144404953112826 ], [ -2195921.082583221141249, 1973606.661264510359615 ], [ -2136609.931981517001987, 2021615.921035073231906 ], [ -2128447.526407176628709, 2024572.138221520232037 ], [ -2117733.645667964126915, 2013625.818878929363564 ], [ -2089612.915809090482071, 2018971.575875092297792 ] ] ] } },
{ "type": "Feature", "properties": { "OBJECTID": 52.0, "STATE": "California", "STATE_FIPS": "06", "CD_2DIG": "01", "STATE_CODE": 4, "CLIMDIV": 401, "CD_NEW": 1, "FIPS_CD": "0601", "NCDC_GEO_I": 306.0, "NAME": "NORTH COAST DRAINAGE", "ST_ABBRV": "CA", "SHAPE_AREA": 0.0, "SHAPE_LEN": 0.0 }, "geometry": { "type": "MultiPolygon", "coordinates": [ [ [ [ -2286975.033458305057138, 2452711.621006296481937 ], [ -2010395.610485608456656, 2373095.963965483009815 ], [ -1999743.702070186380297, 2362468.756471505854279 ], [ -2035180.524776291102171, 2326173.711399224121124 ], [ -2038083.720427706139162, 2335729.030489336699247 ], [ -2056679.472242129500955, 2328972.238681942224503 ], [ -2066208.063465870916843, 2345431.446980494074523 ], [ -2089530.29335252661258, 2351243.400343087036163 ], [ -2125695.494069484062493, 2342757.985933748539537 ], [ -2137694.157523878384382, 2351232.76387121155858 ], [ -2145809.820573360659182, 2341757.009750837925822 ], [ -2163455.675930744502693, 2343170.458048054948449 ], [ -2174703.553597375750542, 2335283.303517296444625 ], [ -2174583.991917172912508, 2315887.313895768020302 ], [ -2211907.749435244128108, 2278140.459905425552279 ], [ -2210288.337784831877798, 2264031.165610192809254 ], [ -2247643.28171345544979, 2248160.470137187745422 ], [ -2244116.196170367766172, 2234195.097107520326972 ], [ -2255583.050143715925515, 2185693.67395998025313 ], [ -2240552.2283178945072, 2152482.690345367882401 ], [ -2256958.954068239312619, 2141329.072239331435412 ], [ -2254243.435353918001056, 2121663.258337446954101 ], [ -2276056.180810113437474, 2136976.874316035304219 ], [ -2290072.791469308082014, 2113520.282416452653706 ], [ -2264748.862660814076662, 2056130.07199291838333 ], [ -2240173.441909377463162, 2035041.475211134878919 ], [ -2240922.872178422287107, 2008759.822700860910118 ], [ -2219786.103940630797297, 1974455.403024982893839 ], [ -2245700.487520172260702, 1977594.310990338213742 ], [ -2262722.413109639659524, 1996692.826034593395889 ], [ -2279549.315914668142796, 1976772.434117596596479 ], [ -2273783.551865366753191, 1967782.613324890378863 ], [ -2280529.282728448975831, 1971622.589054170995951 ], [ -2283256.172941718716174, 1962862.686394090298563 ], [ -2308223.337121296208352, 2002283.597804057179019 ], [ -2314322.064201968256384, 1992280.95409657782875 ], [ -2319161.126565023325384, 1994256.460567649453878 ], [ -2309044.66965732909739, 2019997.391021617455408 ], [ -2300055.053904220461845, 1999038.38136436115019 ], [ -2303607.147866710089147, 2016143.769765928154811 ], [ -2348068.743842983152717, 2110875.191968265920877 ], [ -2328676.232305428013206, 2211571.919939003884792 ], [ -2355981.157671478576958, 2270025.712985294871032 ], [ -2353988.000414852052927, 2290605.490747090894729 ], [ -2349824.337884967215359, 2297719.181676915846765 ], [ -2329779.339941590558738, 2320014.047863841056824 ], [ -2331784.300599951297045, 2313512.049874012358487 ], [ -2314856.652883363887668, 2324708.148009911645204 ], [ -2319408.09543475927785, 2329865.314970763400197 ], [ -2325914.147604959551245, 2322225.731816092971712 ], [ -2329040.016180459875613, 2321155.259961782954633 ], [ -2312105.872947344556451, 2342825.298153081908822 ], [ -2311414.468400217127055, 2359564.029354830272496 ], [ -2292800.99874560860917, 2392025.147743408568203 ], [ -2291071.022941588424146, 2421360.369534648954868 ], [ -2297785.901890167035162, 2429370.787621382623911 ], [ -2286975.033458305057138, 2452711.621006296481937 ] ] ], [ [ [ -2275044.113600366748869, 1965861.904554113047197 ], [ -2272791.821319594513625, 1965500.834596019005403 ], [ -2272981.967585232108831, 1964284.885040112305433 ], [ -2275044.113600366748869, 1965861.904554113047197 ] ] ], [ [ [ -2322635.226545451208949, 2325225.347806424833834 ], [ -2321390.993058342952281, 2324758.394990851636976 ], [ -2323316.780163028743118, 2324435.047301770187914 ], [ -2322635.226545451208949, 2325225.347806424833834 ] ] ], [ [ [ -2321545.915046968031675, 2324484.739174116402864 ], [ -2321712.928203164134175, 2324024.497801138553768 ], [ -2322353.712121323216707, 2324213.127217234112322 ], [ -2321545.915046968031675, 2324484.739174116402864 ] ] ], [ [ [ -2278657.133429809939116, 1970448.676897619152442 ], [ -2278870.363748007919639, 1970407.136809861520305 ], [ -2278785.358948478009552, 1970534.706585121108219 ], [ -2278657.133429809939116, 1970448.676897619152442 ] ] ] ] } },
{ "type": "Feature", "properties": { "OBJECTID": 53.0, "STATE": "California", "STATE_FIPS": "06", "CD_2DIG": "04", "STATE_CODE": 4, "CLIMDIV": 404, "CD_NEW": 4, "FIPS_CD": "0604", "NCDC_GEO_I": 307.0, "NAME": "CENTRAL COAST DRNG.", "ST_ABBRV": "CA", "SHAPE_AREA": 0.0, "SHAPE_LEN": 0.0 }, "geometry": { "type": "MultiPolygon", "coordinates": [ [ [ [ -2218639.903902373276651, 1972758.473842332139611 ], [ -2231568.815842467360198, 1952822.279076566221192 ], [ -2211592.986634932924062, 1936983.995038603199646 ], [ -2202307.141836924478412, 1890016.725522382417694 ], [ -2207921.844182519242167, 1865714.114164081867784 ], [ -2193854.133031382691115, 1861355.568860759958625 ], [ -2200069.534444341436028, 1834845.077587220119312 ], [ -2194780.089869893621653, 1815746.062822526320815 ], [ -2183152.25397265329957, 1806780.941927478415892 ], [ -2191813.371042951010168, 1787692.603485475759953 ], [ -2163427.591228262986988, 1758301.118474120507017 ], [ -2171772.13835518527776, 1755230.193200555397198 ], [ -2174037.310010394547135, 1735640.708750703139231 ], [ -2145309.659481827169657, 1700810.028931223321706 ], [ -2151031.884486884344369, 1673957.907320466591045 ], [ -2141363.556571977678686, 1653249.502220368944108 ], [ -2148860.38445196673274, 1643062.801354527939111 ], [ -2137630.326218944974244, 1614246.116106089670211 ], [ -2149432.629408722743392, 1614554.367241690400988 ], [ -2155438.984867526218295, 1628608.494217092404142 ], [ -2176702.923614968080074, 1638019.705970649374649 ], [ -2183273.498663722537458, 1615492.841805643867701 ], [ -2191114.382301757577807, 1620690.559340518433601 ], [ -2189578.806893662083894, 1610609.258365365210921 ], [ -2207613.983238462824374, 1610698.942119457293302 ], [ -2201968.280769226141274, 1630063.866427581990138 ], [ -2220778.047342319041491, 1647035.622849865350872 ], [ -2212253.686043474823236, 1655070.068944804137573 ], [ -2214535.870460570324212, 1666965.413860725238919 ], [ -2242422.824431583285332, 1701317.074435620335862 ], [ -2251027.308897984679788, 1742263.195433927932754 ], [ -2276359.791494239121675, 1785191.217716919956729 ], [ -2274537.658132548909634, 1816708.269807494711131 ], [ -2261643.881781238596886, 1818414.507358524715528 ], [ -2251553.287390105891973, 1837301.629801038186997 ], [ -2256286.850103456526995, 1856234.783888739068061 ], [ -2273999.945502289570868, 1860181.706822447245941 ], [ -2288681.634558194782585, 1883068.129703160375357 ], [ -2289539.733968660235405, 1938926.480250828666613 ], [ -2283231.000342743936926, 1958901.817270107101649 ], [ -2273556.892100871540606, 1959656.054921322735026 ], [ -2276008.692825118079782, 1934397.579992713872343 ], [ -2257804.229662345722318, 1912450.846331652952358 ], [ -2249454.614741847850382, 1912464.995268562342972 ], [ -2247132.60431612143293, 1910339.98651111102663 ], [ -2246455.836534607224166, 1911382.166680723894387 ], [ -2245896.493799510411918, 1910490.628766309237108 ], [ -2245673.536283208522946, 1910492.658438958460465 ], [ -2245465.098293297924101, 1910004.496158509049565 ], [ -2245326.519192374777049, 1909934.270263079321012 ], [ -2245222.39131129020825, 1909960.045531970681623 ], [ -2245889.216802005656064, 1912216.988277383614331 ], [ -2253758.739825990516692, 1913900.191123634809628 ], [ -2257547.664805017411709, 1918883.852563545107841 ], [ -2258494.426874401047826, 1949299.501341320807114 ], [ -2260697.736573494505137, 1953093.634587526321411 ], [ -2268000.684786547906697, 1957170.167288948548958 ], [ -2262626.336387082003057, 1966318.416719753062353 ], [ -2270437.038226871285588, 1976620.245610126759857 ], [ -2251983.140640042256564, 1982950.623841512016952 ], [ -2218639.903902373276651, 1972758.473842332139611 ] ] ], [ [ [ -2267871.444821395445615, 1954538.406371705699712 ], [ -2263077.854549366980791, 1954389.61121705151163 ], [ -2259735.938195449765772, 1949244.227417459944263 ], [ -2267871.444821395445615, 1954538.406371705699712 ] ] ], [ [ [ -2270460.595311303623021, 1960565.032562687294558 ], [ -2270118.501860833261162, 1959209.772980795241892 ], [ -2269628.794865510426462, 1958023.471812542062253 ], [ -2270421.727244119159877, 1958686.074736370705068 ], [ -2270460.595311303623021, 1960565.032562687294558 ] ] ], [ [ [ -2260794.109644444193691, 1952800.01144217629917 ], [ -2261195.67827615654096, 1952721.744694878114387 ], [ -2261212.11709516402334, 1953108.975095365196466 ], [ -2260794.109644444193691, 1952800.01144217629917 ] ] ], [ [ [ -2264765.824419560376555, 1951840.406626020558178 ], [ -2264605.399202110711485, 1951847.639666172442958 ], [ -2264308.149952006526291, 1951471.880625944118947 ], [ -2264765.824419560376555, 1951840.406626020558178 ] ] ], [ [ [ -2274274.046970346476883, 1961635.934015592094511 ], [ -2273950.393110589589924, 1961538.308920373907313 ], [ -2273993.054607881233096, 1961386.60896962787956 ], [ -2274274.046970346476883, 1961635.934015592094511 ] ] ], [ [ [ -2270659.308534492738545, 1930577.160316186724231 ], [ -2270940.299700278788805, 1930654.489958927268162 ], [ -2270853.194509765598923, 1930724.241699491860345 ], [ -2270659.308534492738545, 1930577.160316186724231 ] ] ], [ [ [ -2272690.18713989527896, 1965321.58931015431881 ], [ -2272846.182387687265873, 1965152.23057330143638 ], [ -2272791.821319594513625, 1965500.834596019005403 ], [ -2272690.18713989527896, 1965321.58931015431881 ] ] ], [ [ [ -2272777.407562465872616, 1954309.156689471798018 ], [ -2272668.307321689557284, 1954315.356748584192246 ], [ -2272552.821697244420648, 1954276.152449856512249 ], [ -2272777.407562465872616, 1954309.156689471798018 ] ] ], [ [ [ -2272667.663674565032125, 1954238.023667832603678 ], [ -2272675.981295994017273, 1954199.604891140246764 ], [ -2272771.750181168317795, 1954218.856901752995327 ], [ -2272667.663674565032125, 1954238.023667832603678 ] ] ] ] } },
{ "type": "Feature", "properties": { "OBJECTID": 54.0, "STATE": "California", "STATE_FIPS": "06", "CD_2DIG": "06", "STATE_CODE": 4, "CLIMDIV": 406, "CD_NEW": 6, "FIPS_CD": "0606", "NCDC_GEO_I": 308.0, "NAME": "SOUTH COAST DRNG.", "ST_ABBRV": "CA", "SHAPE_AREA": 0.0, "SHAPE_LEN": 0.0 }, "geometry": { "type": "MultiPolygon", "coordinates": [ [ [ [ -2179042.609337523113936, 1637347.588958692504093 ], [ -2157628.184853149577975, 1630453.845348718110472 ], [ -2149432.629408722743392, 1614554.367241690400988 ], [ -2137630.326218944974244, 1614246.116106089670211 ], [ -2128109.651446846779436, 1597528.26580373570323 ], [ -2079988.520259866956621, 1559331.002732988912612 ], [ -2052031.331118073081598, 1551904.619674280518666 ], [ -2016165.040160346310586, 1528227.308694162871689 ], [ -1988684.756990539841354, 1483681.927829262102023 ], [ -1949757.596085959114134, 1478269.206358857918531 ], [ -1939412.7540116624441, 1471936.390776085434482 ], [ -1938653.391391412587836, 1461873.326237262226641 ], [ -1911487.415018530329689, 1448376.935002370970324 ], [ -1893821.895664409501478, 1460496.403419780312106 ], [ -1885072.271643273998052, 1452855.901179900625721 ], [ -1880215.832291625905782, 1437394.057807834586129 ], [ -1900773.276728754863143, 1430245.425080951070413 ], [ -1907205.246132378932089, 1416903.922167883487418 ], [ -1887106.503353642998263, 1399997.148609275463969 ], [ -1879484.902588312048465, 1377153.866895300336182 ], [ -1894034.371287467656657, 1363597.365596998250112 ], [ -1884266.865174289094284, 1331985.652569562196732 ], [ -1896905.34372266731225, 1327639.755992362042889 ], [ -1881589.158797707874328, 1288635.580442832782865 ], [ -1880183.93485452211462, 1260584.434591355035082 ], [ -1957186.690637557767332, 1269754.87387639679946 ], [ -1962467.364316544495523, 1289643.785402099834755 ], [ -1953706.173638102831319, 1276830.475524747511372 ], [ -1952946.273678109748289, 1284801.137419869424775 ], [ -1959722.268234274582937, 1292573.42019017948769 ], [ -1962750.504210317507386, 1291822.686646201880649 ], [ -1964825.629326364723966, 1286600.424053076189011 ], [ -1963798.854888224042952, 1295574.32841660734266 ], [ -1959274.32216380815953, 1296823.348235120531172 ], [ -1958571.817785392515361, 1299013.926594086922705 ], [ -1964252.770061674527824, 1304312.089660460595042 ], [ -1959469.406494336901233, 1324894.603242867160589 ], [ -1970610.547664235346019, 1362012.807348092319444 ], [ -2015952.319395143073052, 1422882.392564900685102 ], [ -2023664.783616855042055, 1422532.695614455500618 ], [ -2023812.272392283193767, 1427645.677921185502782 ], [ -2030144.706355590838939, 1428223.97510774875991 ], [ -2033234.783566436497495, 1421556.712842320324853 ], [ -2042761.494443382602185, 1428042.806331828702241 ], [ -2039180.18472148408182, 1454615.518033164087683 ], [ -2045445.552936827996746, 1461957.085569608723745 ], [ -2071236.215559953125194, 1464763.703949189046398 ], [ -2097351.826037941500545, 1482690.600097058806568 ], [ -2104997.880624457728118, 1503083.101445598294958 ], [ -2127124.048638687003404, 1526403.662752383155748 ], [ -2206449.000454181805253, 1550725.189087271923199 ], [ -2218506.368662932422012, 1568827.826453269692138 ], [ -2210477.663196211215109, 1581665.177271980792284 ], [ -2209811.460275466553867, 1607392.92386668571271 ], [ -2189578.806893662083894, 1610609.258365365210921 ], [ -2191114.382301757577807, 1620690.559340518433601 ], [ -2183273.498663722537458, 1615492.841805643867701 ], [ -2179042.609337523113936, 1637347.588958692504093 ] ] ], [ [ [ -2167823.212497371248901, 1497869.523046252317727 ], [ -2147409.599061868153512, 1485625.193062708014622 ], [ -2133771.319974569138139, 1484200.411981273908168 ], [ -2162299.827802181243896, 1482886.404065256472677 ], [ -2167823.212497371248901, 1497869.523046252317727 ] ] ], [ [ [ -2181167.081510531716049, 1496685.731581086991355 ], [ -2176053.725477430969477, 1484430.437316879164428 ], [ -2190167.160724390298128, 1482511.422785105649382 ], [ -2199632.164323257748038, 1497280.96920744725503 ], [ -2181167.081510531716049, 1496685.731581086991355 ] ] ], [ [ [ -2066920.728612206177786, 1403720.64105821121484 ], [ -2047726.307637973921373, 1391107.337466292548925 ], [ -2044483.118314930004999, 1378725.036463900236413 ], [ -2058462.28185577923432, 1384083.960997740738094 ], [ -2066920.728612206177786, 1403720.64105821121484 ] ] ], [ [ [ -2074107.62166129425168, 1333444.05461366660893 ], [ -2075588.699724485399202, 1354147.202697763452306 ], [ -2061331.980305843986571, 1326536.345614842139184 ], [ -2074107.62166129425168, 1333444.05461366660893 ] ] ], [ [ [ -2155556.798747135326266, 1403426.633635271573439 ], [ -2149713.584995467681438, 1398656.333996029105037 ], [ -2148744.275182580575347, 1394136.287479179212824 ], [ -2158055.214515292085707, 1397976.87521296646446 ], [ -2155556.798747135326266, 1403426.633635271573439 ] ] ], [ [ [ -2209993.001543819904327, 1506209.991587744560093 ], [ -2204334.803873908240348, 1500611.60880270274356 ], [ -2216692.372356930281967, 1505068.335162671050057 ], [ -2209993.001543819904327, 1506209.991587744560093 ] ] ], [ [ [ -2029902.169693361967802, 1425826.288363062078133 ], [ -2025312.930708174826577, 1424247.728299955837429 ], [ -2030395.953586753690615, 1422854.693799453554675 ], [ -2029902.169693361967802, 1425826.288363062078133 ] ] ], [ [ [ -2127639.142673483584076, 1480290.898569841636345 ], [ -2123801.262593410909176, 1478359.536902728956193 ], [ -2123097.652810821775347, 1478242.772511037066579 ], [ -2122189.419569376390427, 1478619.370734799653292 ], [ -2121877.324940166436136, 1478481.079181065317243 ], [ -2123247.401759835891426, 1477884.919007210992277 ], [ -2127639.142673483584076, 1480290.898569841636345 ] ] ], [ [ [ -2106546.0000174427405, 1413955.45405630604364 ], [ -2104961.827212038915604, 1413253.028134648920968 ], [ -2106184.465291708242148, 1411937.706265143118799 ], [ -2106546.0000174427405, 1413955.45405630604364 ] ] ], [ [ [ -1959115.350075454916805, 1299436.581643238430843 ], [ -1959411.247330189682543, 1296914.831023739418015 ], [ -1960888.436803182121366, 1297617.629283941816539 ], [ -1959115.350075454916805, 1299436.581643238430843 ] ] ], [ [ [ -1960955.412498219870031, 1298623.032190147321671 ], [ -1961689.347085483837873, 1297857.054052841151133 ], [ -1961948.198814498493448, 1298405.3317125889007 ], [ -1960955.412498219870031, 1298623.032190147321671 ] ] ], [ [ [ -2121137.766508751548827, 1478964.537608487065881 ], [ -2119789.115777799859643, 1478564.465140189742669 ], [ -2121718.738454523961991, 1478616.868716771248728 ], [ -2121137.766508751548827, 1478964.537608487065881 ] ] ] ] } },
{ "type": "Feature", "properties": { "OBJECTID": 55.0, "STATE": "Nevada", "STATE_FIPS": "32", "CD_2DIG": "03", "STATE_CODE": 26, "CLIMDIV": 2603, "CD_NEW": 3, "FIPS_CD": "3203", "NCDC_GEO_I": 309.0, "NAME": "SOUTH CENTRAL", "ST_ABBRV": "NV", "SHAPE_AREA": 0.0, "SHAPE_LEN": 0.0 }, "geometry": { "type": "Polygon", "coordinates": [ [ [ -1581806.775487740291283, 1701392.981860283529386 ], [ -1595937.181274908827618, 1694005.487089460948482 ], [ -1599725.908679774263874, 1679104.503713252954185 ], [ -1615577.486339640570804, 1664385.780709023121744 ], [ -1594290.651171073084697, 1748136.261888587847352 ], [ -1614066.293796060141176, 1750301.699062908766791 ], [ -1658019.746352837886661, 1735659.041523561580107 ], [ -1668827.967813995201141, 1756152.470913634402677 ], [ -1676856.181442765984684, 1756766.413631657604128 ], [ -1682313.671184946084395, 1681255.879940669052303 ], [ -1689718.283068695105612, 1672020.907063248800114 ], [ -1705751.300781133119017, 1672001.007771841483191 ], [ -1716967.927389935124665, 1688629.5640498183202 ], [ -1728538.903082704171538, 1691277.820356375304982 ], [ -1715971.86713477014564, 1653297.564613496884704 ], [ -1715725.028086646459997, 1623280.623618667712435 ], [ -1744915.327140796463937, 1626274.195469454396516 ], [ -1754165.549503206042573, 1708266.722830888349563 ], [ -1795380.276304809842259, 1726803.106718538096175 ], [ -1805050.388147371122614, 1752675.846197209320962 ], [ -1819624.314686933532357, 1763024.431435839738697 ], [ -1829496.485041715670377, 1753173.823350950377062 ], [ -1832327.916074767941609, 1726072.900325601454824 ], [ -1983134.677262790268287, 1952132.112189912470058 ], [ -1962085.06979026645422, 1946827.157757425215095 ], [ -1950034.633300122339278, 1994453.697031730553135 ], [ -1959442.130653029307723, 1996669.027320697437972 ], [ -1956993.412820756901056, 2006692.278655924834311 ], [ -1946407.21892455755733, 2019131.72821551002562 ], [ -1691827.780027786502615, 1970898.703647034242749 ], [ -1626651.047277633566409, 1901902.428066569147632 ], [ -1546242.607077054912224, 1886031.160959866829216 ], [ -1581806.775487740291283, 1701392.981860283529386 ] ] ] } },
{ "type": "Feature", "properties": { "OBJECTID": 56.0, "STATE": "Nevada", "STATE_FIPS": "32", "CD_2DIG": "02", "STATE_CODE": 26, "CLIMDIV": 2602, "CD_NEW": 2, "FIPS_CD": "3202", "NCDC_GEO_I": 310.0, "NAME": "NORTHEASTERN", "ST_ABBRV": "NV", "SHAPE_AREA": 0.0, "SHAPE_LEN": 0.0 }, "geometry": { "type": "Polygon", "coordinates": [ [ [ -1715049.779205241240561, 2301274.562015876639634 ], [ -1475457.772177423583344, 2250687.329240508377552 ], [ -1546242.607077054912224, 1886031.160959866829216 ], [ -1626651.047277633566409, 1901902.428066569147632 ], [ -1691827.780027786502615, 1970898.703647034242749 ], [ -1810904.191409845137969, 1997329.847167571075261 ], [ -1849779.921466856030747, 1998304.975084464997053 ], [ -1840855.922490463824943, 2028713.206955740228295 ], [ -1814110.826050308067352, 2041977.933935207081959 ], [ -1803582.202252517919987, 2078819.821501100668684 ], [ -1807322.668605930171907, 2092813.527124569285661 ], [ -1767061.260013691382483, 2157308.555109701585025 ], [ -1748386.075642805080861, 2153153.633449968416244 ], [ -1715049.779205241240561, 2301274.562015876639634 ] ] ] } },
{ "type": "Feature", "properties": { "OBJECTID": 57.0, "STATE": "Nevada", "STATE_FIPS": "32", "CD_2DIG": "01", "STATE_CODE": 26, "CLIMDIV": 2601, "CD_NEW": 1, "FIPS_CD": "3201", "NCDC_GEO_I": 311.0, "NAME": "NORTHWESTERN", "ST_ABBRV": "NV", "SHAPE_AREA": 0.0, "SHAPE_LEN": 0.0 }, "geometry": { "type": "Polygon", "coordinates": [ [ [ -1953555.878403475973755, 2358291.258478047326207 ], [ -1715049.779205241240561, 2301274.562015876639634 ], [ -1748386.075642805080861, 2153153.633449968416244 ], [ -1767061.260013691382483, 2157308.555109701585025 ], [ -1807322.668605930171907, 2092813.527124569285661 ], [ -1803582.202252517919987, 2078819.821501100668684 ], [ -1814110.826050308067352, 2041977.933935207081959 ], [ -1840855.922490463824943, 2028713.206955740228295 ], [ -1849691.677003087010235, 1998228.344901530537754 ], [ -1946407.21892455755733, 2019131.72821551002562 ], [ -1959442.130653029307723, 1996669.027320697437972 ], [ -1950034.633300122339278, 1994453.697031730553135 ], [ -1962085.06979026645422, 1946827.157757425215095 ], [ -1983134.677262790268287, 1952132.112189912470058 ], [ -2037521.849387566791847, 2033530.879521853290498 ], [ -1953555.878403475973755, 2358291.258478047326207 ] ] ] } },
{ "type": "Feature", "properties": { "OBJECTID": 58.0, "STATE": "Nevada", "STATE_FIPS": "32", "CD_2DIG": "04", "STATE_CODE": 26, "CLIMDIV": 2604, "CD_NEW": 4, "FIPS_CD": "3204", "NCDC_GEO_I": 312.0, "NAME": "EXTREME SOUTHERN", "ST_ABBRV": "NV", "SHAPE_AREA": 0.0, "SHAPE_LEN": 0.0 }, "geometry": { "type": "Polygon", "coordinates": [ [ [ -1581806.775487740291283, 1701392.981860283529386 ], [ -1598516.336064392467961, 1612708.652446113526821 ], [ -1610914.536789241246879, 1596159.366989854956046 ], [ -1619791.227423019241542, 1596660.351155268959701 ], [ -1630895.298980408813804, 1613668.232066219905391 ], [ -1662843.260146496351808, 1613121.855721426196396 ], [ -1666173.430169133003801, 1510634.294859207700938 ], [ -1675776.528271362418309, 1491845.975601545767859 ], [ -1832327.916074767941609, 1726072.900325601454824 ], [ -1831233.67443560785614, 1745410.567613126244396 ], [ -1819624.314686933532357, 1763024.431435839738697 ], [ -1810770.97462694067508, 1760253.242275839205831 ], [ -1795380.276304809842259, 1726803.106718538096175 ], [ -1754165.549503206042573, 1708266.722830888349563 ], [ -1748971.104969482403249, 1635597.211731751216576 ], [ -1735687.380462594795972, 1620679.105843034107238 ], [ -1715725.028086646459997, 1623280.623618667712435 ], [ -1715971.86713477014564, 1653297.564613496884704 ], [ -1728538.903082704171538, 1691277.820356375304982 ], [ -1716967.927389935124665, 1688629.5640498183202 ], [ -1705751.300781133119017, 1672001.007771841483191 ], [ -1689718.283068695105612, 1672020.907063248800114 ], [ -1682313.671184946084395, 1681255.879940669052303 ], [ -1676856.181442765984684, 1756766.413631657604128 ], [ -1668827.967813995201141, 1756152.470913634402677 ], [ -1658019.746352837886661, 1735659.041523561580107 ], [ -1614066.293796060141176, 1750301.699062908766791 ], [ -1594290.651171073084697, 1748136.261888587847352 ], [ -1615577.486339640570804, 1664385.780709023121744 ], [ -1599725.908679774263874, 1679104.503713252954185 ], [ -1595937.181274908827618, 1694005.487089460948482 ], [ -1581806.775487740291283, 1701392.981860283529386 ] ] ] } },
{ "type": "Feature", "properties": { "OBJECTID": 59.0, "STATE": "Wyoming", "STATE_FIPS": "56", "CD_2DIG": "01", "STATE_CODE": 48, "CLIMDIV": 4801, "CD_NEW": 1, "FIPS_CD": "5601", "NCDC_GEO_I": 313.0, "NAME": "YELLOWSTONE DRAINAGE", "ST_ABBRV": "WY", "SHAPE_AREA": 0.0, "SHAPE_LEN": 0.0 }, "geometry": { "type": "MultiPolygon", "coordinates": [ [ [ [ -1180518.512812485219911, 2539572.984568355139345 ], [ -996938.388358356081881, 2512464.227222415152937 ], [ -1013238.229259025887586, 2494487.853401810862124 ], [ -1037348.458785696304403, 2486683.015235041733831 ], [ -1036018.755832390626892, 2479484.246440299320966 ], [ -1058883.203755296999589, 2482229.140047532040626 ], [ -1070415.993747807340696, 2474841.651437278836966 ], [ -1092897.007530474569649, 2488769.79080566437915 ], [ -1119221.834689567564055, 2479469.738672911655158 ], [ -1114320.977779387030751, 2454789.233355578966439 ], [ -1094151.995512899709865, 2437639.83561087725684 ], [ -1093396.701792107196525, 2417592.405626785941422 ], [ -1104731.176888935500756, 2410136.820454504806548 ], [ -1125714.055295466911048, 2419451.857206970918924 ], [ -1127120.178708925610408, 2439045.985496553592384 ], [ -1141389.428828973555937, 2445755.569268208928406 ], [ -1138407.993419703328982, 2456311.640707985963672 ], [ -1154185.99272222421132, 2462078.171053021680564 ], [ -1160060.582490072119981, 2478225.049477757420391 ], [ -1175768.275378559483215, 2464866.944773356895894 ], [ -1190152.663954216521233, 2476295.240475276950747 ], [ -1180518.512812485219911, 2539572.984568355139345 ] ] ], [ [ [ -1194209.446859905263409, 2445507.072483217343688 ], [ -1195359.136717722052708, 2443596.893169653601944 ], [ -1194813.189158407971263, 2447003.971227169036865 ], [ -1194209.446859905263409, 2445507.072483217343688 ] ] ] ] } },
{ "type": "Feature", "properties": { "OBJECTID": 60.0, "STATE": "Wyoming", "STATE_FIPS": "56", "CD_2DIG": "02", "STATE_CODE": 48, "CLIMDIV": 4802, "CD_NEW": 2, "FIPS_CD": "5602", "NCDC_GEO_I": 314.0, "NAME": "SNAKE DRAINAGE", "ST_ABBRV": "WY", "SHAPE_AREA": 0.0, "SHAPE_LEN": 0.0 }, "geometry": { "type": "Polygon", "coordinates": [ [ [ -1153278.280887755099684, 2461338.726367460098118 ], [ -1138407.993419703328982, 2456311.640707985963672 ], [ -1141389.428828973555937, 2445755.569268208928406 ], [ -1127120.178708925610408, 2439045.985496553592384 ], [ -1125714.055295466911048, 2419451.857206970918924 ], [ -1105136.897966155316681, 2410170.643344624899328 ], [ -1106678.445189392426983, 2395517.065672530792654 ], [ -1125825.24024262255989, 2389740.063031851314008 ], [ -1126622.726189534645528, 2373033.983486960176378 ], [ -1119476.306055510649458, 2356830.596104594878852 ], [ -1105620.660693314159289, 2349442.01940047647804 ], [ -1120105.552357194945216, 2348166.041772888973355 ], [ -1129225.80641216901131, 2356684.559977558907121 ], [ -1146912.956611773464829, 2346450.897617386188358 ], [ -1140976.916319023119286, 2334631.99332376010716 ], [ -1146166.83891598531045, 2320845.938069665804505 ], [ -1175554.952912447974086, 2309101.744466268923134 ], [ -1182237.937737168278545, 2313285.240694670472294 ], [ -1188073.667100532213226, 2262847.546965193003416 ], [ -1199545.032483586575836, 2270697.799274634569883 ], [ -1211119.641130214789882, 2259795.574098448269069 ], [ -1223559.660341333597898, 2265752.343075396958739 ], [ -1190152.663954216521233, 2476295.240475276950747 ], [ -1175768.275378559483215, 2464866.944773356895894 ], [ -1160060.582490072119981, 2478225.049477757420391 ], [ -1153278.280887755099684, 2461338.726367460098118 ] ] ] } },
{ "type": "Feature", "properties": { "OBJECTID": 61.0, "STATE": "Wyoming", "STATE_FIPS": "56", "CD_2DIG": "04", "STATE_CODE": 48, "CLIMDIV": 4804, "CD_NEW": 4, "FIPS_CD": "5604", "NCDC_GEO_I": 315.0, "NAME": "BIG HORN", "ST_ABBRV": "WY", "SHAPE_AREA": 0.0, "SHAPE_LEN": 0.0 }, "geometry": { "type": "Polygon", "coordinates": [ [ [ -996938.388358356081881, 2512464.227222415152937 ], [ -881341.545364516903646, 2497868.317048825323582 ], [ -926824.760358089231886, 2475776.725868104491383 ], [ -899411.524336044676602, 2454448.471647431608289 ], [ -878479.482460186234675, 2409501.027650391682982 ], [ -905196.464036359335296, 2324882.961287189740688 ], [ -926905.412531172274612, 2329212.477812374476343 ], [ -938138.872948671458289, 2346525.56168965715915 ], [ -966571.091671196045354, 2332814.845254420302808 ], [ -979566.768788616987877, 2350378.406496420037001 ], [ -988455.758339022286236, 2338077.187825036235154 ], [ -1018927.262622315669432, 2358185.543291261885315 ], [ -1046125.154151832452044, 2363947.469939030241221 ], [ -1074537.700747277587652, 2405447.832714419811964 ], [ -1106678.445189392426983, 2395517.065672530792654 ], [ -1105136.897966155316681, 2410170.643344624899328 ], [ -1093396.701792107196525, 2417592.405626785941422 ], [ -1093647.969720193184912, 2435150.684769168496132 ], [ -1114320.977779387030751, 2454789.233355578966439 ], [ -1119221.834689567564055, 2479469.738672911655158 ], [ -1092897.007530474569649, 2488769.79080566437915 ], [ -1070415.993747807340696, 2474841.651437278836966 ], [ -1058883.203755296999589, 2482229.140047532040626 ], [ -1039281.162719117011875, 2478281.254180522635579 ], [ -1037348.458785696304403, 2486683.015235041733831 ], [ -1013238.229259025887586, 2494487.853401810862124 ], [ -996938.388358356081881, 2512464.227222415152937 ] ] ] } },
{ "type": "Feature", "properties": { "OBJECTID": 62.0, "STATE": "Wyoming", "STATE_FIPS": "56", "CD_2DIG": "05", "STATE_CODE": 48, "CLIMDIV": 4805, "CD_NEW": 5, "FIPS_CD": "5605", "NCDC_GEO_I": 316.0, "NAME": "POWDER, LITTLE MISSOURI, TONGU", "ST_ABBRV": "WY", "SHAPE_AREA": 0.0, "SHAPE_LEN": 0.0 }, "geometry": { "type": "Polygon", "coordinates": [ [ [ -889228.962461269809864, 2498401.671263868454844 ], [ -650066.232275787158869, 2473735.353377155028284 ], [ -693623.578856766107492, 2446923.883101223967969 ], [ -703052.892052296432666, 2426409.232156625017524 ], [ -714360.518083577509969, 2428332.452636897098273 ], [ -726651.691094968933612, 2407141.426861246116459 ], [ -768104.610959863639437, 2407683.277371827047318 ], [ -765571.057353942305781, 2397833.46033367421478 ], [ -792154.623090728651732, 2348635.774869524873793 ], [ -786476.334526845836081, 2331944.045144660864025 ], [ -812040.903902415302582, 2315952.156342781614512 ], [ -806915.411266577430069, 2284267.20489959185943 ], [ -840650.147868772386573, 2279620.203700863756239 ], [ -849525.499528692802414, 2292248.098929006140679 ], [ -863753.003841881989501, 2291001.302419860847294 ], [ -908262.027259503374808, 2264371.864650568459183 ], [ -917385.404859854956158, 2251121.936668773647398 ], [ -930148.985604102956131, 2269022.379245328716934 ], [ -905651.564073624787852, 2288673.538594758603722 ], [ -905298.888703783159144, 2327287.661648788955063 ], [ -878479.482460186234675, 2409501.027650391682982 ], [ -887047.054795267875306, 2437243.627439816948026 ], [ -926261.242435192107223, 2478227.529779824893922 ], [ -907317.83495431218762, 2482798.107088367454708 ], [ -889228.962461269809864, 2498401.671263868454844 ] ] ] } },
{ "type": "Feature", "properties": { "OBJECTID": 63.0, "STATE": "Wyoming", "STATE_FIPS": "56", "CD_2DIG": "06", "STATE_CODE": 48, "CLIMDIV": 4806, "CD_NEW": 6, "FIPS_CD": "5606", "NCDC_GEO_I": 317.0, "NAME": "BELLE FOURCHE DRAINAGE", "ST_ABBRV": "WY", "SHAPE_AREA": 0.0, "SHAPE_LEN": 0.0 }, "geometry": { "type": "Polygon", "coordinates": [ [ [ -662425.072842532070354, 2471667.87898234045133 ], [ -633753.012069334508851, 2472318.335349450819194 ], [ -641834.123984785866924, 2374326.285464016254991 ], [ -663573.782357555930503, 2385555.852402086835355 ], [ -670692.551480284892023, 2376112.874017596710473 ], [ -693660.575476490776055, 2383047.02422794746235 ], [ -700274.663182485383004, 2375958.080652581062168 ], [ -697329.334729386609979, 2360108.736976739484817 ], [ -706398.365266892360523, 2365615.67344006896019 ], [ -724587.192881925380789, 2356087.3519033533521 ], [ -734226.035263256286271, 2360877.646606234833598 ], [ -761709.456339596305043, 2338469.489564083516598 ], [ -786476.334526845836081, 2331944.045144660864025 ], [ -792154.623090728651732, 2348635.774869524873793 ], [ -765571.057353942305781, 2397833.46033367421478 ], [ -768104.610959863639437, 2407683.277371827047318 ], [ -726651.691094968933612, 2407141.426861246116459 ], [ -714360.518083577509969, 2428332.452636897098273 ], [ -703052.892052296432666, 2426409.232156625017524 ], [ -693623.578856766107492, 2446923.883101223967969 ], [ -662425.072842532070354, 2471667.87898234045133 ] ] ] } },
{ "type": "Feature", "properties": { "OBJECTID": 64.0, "STATE": "Wyoming", "STATE_FIPS": "56", "CD_2DIG": "07", "STATE_CODE": 48, "CLIMDIV": 4807, "CD_NEW": 7, "FIPS_CD": "5607", "NCDC_GEO_I": 318.0, "NAME": "CHEYENNE & NIOBRARA DRAINAGE", "ST_ABBRV": "WY", "SHAPE_AREA": 0.0, "SHAPE_LEN": 0.0 }, "geometry": { "type": "Polygon", "coordinates": [ [ [ -663886.77398767718114, 2385480.514224430546165 ], [ -641834.123984785866924, 2374326.285464016254991 ], [ -657708.850081689073704, 2185774.190311922226101 ], [ -682924.392042948747985, 2212422.628169522620738 ], [ -700184.993459004559554, 2215102.913021435495466 ], [ -704246.742412651889026, 2229215.218816291540861 ], [ -750384.692335579893552, 2243096.746434104628861 ], [ -784780.301478605950251, 2271693.559581317938864 ], [ -802190.724077621591277, 2271990.302738041151315 ], [ -812151.917317597777583, 2315247.537581285927445 ], [ -770059.921746311942115, 2341009.71437180833891 ], [ -761709.456339596305043, 2338469.489564083516598 ], [ -734226.035263256286271, 2360877.646606234833598 ], [ -724587.192881925380789, 2356087.3519033533521 ], [ -706398.365266892360523, 2365615.67344006896019 ], [ -697329.334729386609979, 2360108.736976739484817 ], [ -700274.663182485383004, 2375958.080652581062168 ], [ -694133.246304392348975, 2382882.93315199483186 ], [ -672375.999602983356453, 2376102.003870453685522 ], [ -663886.77398767718114, 2385480.514224430546165 ] ] ] } },
{ "type": "Feature", "properties": { "OBJECTID": 65.0, "STATE": "Wyoming", "STATE_FIPS": "56", "CD_2DIG": "03", "STATE_CODE": 48, "CLIMDIV": 4803, "CD_NEW": 3, "FIPS_CD": "5603", "NCDC_GEO_I": 319.0, "NAME": "GREEN AND BEAR DRAINAGE", "ST_ABBRV": "WY", "SHAPE_AREA": 0.0, "SHAPE_LEN": 0.0 }, "geometry": { "type": "Polygon", "coordinates": [ [ [ -1131196.302255665650591, 2356290.215015871915966 ], [ -1101306.921132750343531, 2343164.093192732427269 ], [ -1094405.374912972562015, 2302307.259762379340827 ], [ -1066788.657267582137138, 2267093.700851059053093 ], [ -1064417.883973146090284, 2254708.896393070463091 ], [ -1073136.100139432121068, 2239589.009793990757316 ], [ -1050393.983167716069147, 2218501.126757072750479 ], [ -1051848.516512105008587, 2194612.01641018409282 ], [ -1073720.44048718479462, 2173465.592518049292266 ], [ -1069395.486488345079124, 2161273.167202884331346 ], [ -1051504.267984009347856, 2162911.519695729017258 ], [ -1037920.102643649559468, 2153059.931265309453011 ], [ -1038767.113407719647512, 2141813.86568918870762 ], [ -1019378.049926905310713, 2138393.546828871127218 ], [ -1015132.487854180973954, 2126462.059570929966867 ], [ -994875.512221842538565, 2133317.133552775718272 ], [ -982475.587294463766739, 2117741.288719106465578 ], [ -937616.022980543551967, 2115281.444450131617486 ], [ -938453.862473223474808, 2099904.458173310849816 ], [ -924725.092330230399966, 2094056.051033455180004 ], [ -904697.60041692701634, 2051084.3853769316338 ], [ -1250354.880869065411389, 2097954.809901545289904 ], [ -1223559.660341333597898, 2265752.343075396958739 ], [ -1210272.244360505603254, 2259571.134801618289202 ], [ -1199545.032483586575836, 2270697.799274634569883 ], [ -1188402.238451536279172, 2262569.65540273161605 ], [ -1182237.937737168278545, 2313285.240694670472294 ], [ -1175554.952912447974086, 2309101.744466268923134 ], [ -1146166.83891598531045, 2320845.938069665804505 ], [ -1140976.916319023119286, 2334631.99332376010716 ], [ -1146912.956611773464829, 2346450.897617386188358 ], [ -1131196.302255665650591, 2356290.215015871915966 ] ] ] } },
{ "type": "Feature", "properties": { "OBJECTID": 66.0, "STATE": "Wyoming", "STATE_FIPS": "56", "CD_2DIG": "10", "STATE_CODE": 48, "CLIMDIV": 4810, "CD_NEW": 10, "FIPS_CD": "5610", "NCDC_GEO_I": 320.0, "NAME": "UPPER PLATTE", "ST_ABBRV": "WY", "SHAPE_AREA": 0.0, "SHAPE_LEN": 0.0 }, "geometry": { "type": "Polygon", "coordinates": [ [ [ -919527.648304894450121, 2255330.184127380605787 ], [ -881137.015699590672739, 2239039.476991721894592 ], [ -885151.179794121067971, 2213224.610972415655851 ], [ -864879.442532473942265, 2209372.917930269613862 ], [ -855298.205807283287868, 2193626.494917340110987 ], [ -841749.850216046674177, 2203750.448769378941506 ], [ -808106.621258995844983, 2206111.863042792771012 ], [ -799735.125295796548016, 2199593.277971038594842 ], [ -805100.920008575776592, 2155335.538307939190418 ], [ -789760.442356390529312, 2152257.0067576803267 ], [ -801207.367437797714956, 2135022.187484801746905 ], [ -791037.732111741206609, 2129270.508068008348346 ], [ -782354.648634443059564, 2106514.246813023462892 ], [ -787063.119717157213017, 2044664.66790648479946 ], [ -804542.316271881572902, 2039582.482267179759219 ], [ -909539.532287717680447, 2052907.877976475283504 ], [ -905684.18310210655909, 2059312.244602741673589 ], [ -921336.002491427818313, 2075620.995753331342712 ], [ -924725.092330230399966, 2094056.051033455180004 ], [ -938453.862473223474808, 2099904.458173310849816 ], [ -937616.022980543551967, 2115281.444450131617486 ], [ -982475.587294463766739, 2117741.288719106465578 ], [ -994875.512221842538565, 2133317.133552775718272 ], [ -1015132.487854180973954, 2126462.059570929966867 ], [ -1019378.049926905310713, 2138393.546828871127218 ], [ -1038767.113407719647512, 2141813.86568918870762 ], [ -1037920.102643649559468, 2153059.931265309453011 ], [ -1051504.267984009347856, 2162911.519695729017258 ], [ -1070440.272476554848254, 2162788.911932420451194 ], [ -1073335.119868964888155, 2174401.890422157477587 ], [ -1051319.313921849941835, 2196657.678003402426839 ], [ -1050827.428033501375467, 2220016.107271930668503 ], [ -1073136.100139432121068, 2239589.009793990757316 ], [ -1064077.477483057416975, 2256923.273368828464299 ], [ -1023010.193849180242978, 2230058.017989291343838 ], [ -1006773.567979692597874, 2233377.967551591806114 ], [ -983400.823605347191915, 2259037.945043737068772 ], [ -958502.851080723106861, 2244751.900938546285033 ], [ -919527.648304894450121, 2255330.184127380605787 ] ] ] } },
{ "type": "Feature", "properties": { "OBJECTID": 67.0, "STATE": "Wyoming", "STATE_FIPS": "56", "CD_2DIG": "08", "STATE_CODE": 48, "CLIMDIV": 4808, "CD_NEW": 8, "FIPS_CD": "5608", "NCDC_GEO_I": 321.0, "NAME": "LOWER PLATTE", "ST_ABBRV": "WY", "SHAPE_AREA": 0.0, "SHAPE_LEN": 0.0 }, "geometry": { "type": "Polygon", "coordinates": [ [ [ -849857.422335855895653, 2290134.958998234942555 ], [ -840650.147868772386573, 2279620.203700863756239 ], [ -806915.411266577430069, 2284267.20489959185943 ], [ -802190.724077621591277, 2271990.302738041151315 ], [ -778189.569943191832863, 2268231.488512723241001 ], [ -750384.692335579893552, 2243096.746434104628861 ], [ -720355.756942549953237, 2238268.133878459688276 ], [ -704246.742412651889026, 2229215.218816291540861 ], [ -700184.993459004559554, 2215102.913021435495466 ], [ -664260.197704288642853, 2198000.446442085318267 ], [ -657708.850081689073704, 2185774.190311922226101 ], [ -671177.715768990456127, 2027603.673881554510444 ], [ -804542.316271881572902, 2039582.482267179759219 ], [ -786825.590865809470415, 2045052.607551586348563 ], [ -781124.580205584061332, 2079391.112372115487233 ], [ -786914.537569698761217, 2093542.674767523305491 ], [ -782354.648634443059564, 2106514.246813023462892 ], [ -791037.732111741206609, 2129270.508068008348346 ], [ -801207.367437797714956, 2135022.187484801746905 ], [ -789760.442356390529312, 2152257.0067576803267 ], [ -805100.920008575776592, 2155335.538307939190418 ], [ -798408.194706567563117, 2197187.050828935112804 ], [ -805124.057771154679358, 2205809.357961338944733 ], [ -825371.611962294206023, 2205121.360585180111229 ], [ -855298.205807283287868, 2193626.494917340110987 ], [ -864879.442532473942265, 2209372.917930269613862 ], [ -885151.179794121067971, 2213224.610972415655851 ], [ -881845.000232835998759, 2239710.684511894825846 ], [ -915673.506643615663052, 2250263.737445831764489 ], [ -882218.010279804933816, 2283025.974223317112774 ], [ -849857.422335855895653, 2290134.958998234942555 ] ] ] } },
{ "type": "Feature", "properties": { "OBJECTID": 68.0, "STATE": "Wyoming", "STATE_FIPS": "56", "CD_2DIG": "09", "STATE_CODE": 48, "CLIMDIV": 4809, "CD_NEW": 9, "FIPS_CD": "5609", "NCDC_GEO_I": 322.0, "NAME": "WIND RIVER", "ST_ABBRV": "WY", "SHAPE_AREA": 0.0, "SHAPE_LEN": 0.0 }, "geometry": { "type": "Polygon", "coordinates": [ [ [ -1077433.399499378167093, 2404366.75304614007473 ], [ -1056112.760544506367296, 2370042.273799334652722 ], [ -1018927.262622315669432, 2358185.543291261885315 ], [ -1003741.880830162321217, 2344210.175997739192098 ], [ -988455.758339022286236, 2338077.187825036235154 ], [ -979566.768788616987877, 2350378.406496420037001 ], [ -964684.954362877993844, 2332808.597439739853144 ], [ -938138.872948671458289, 2346525.56168965715915 ], [ -926905.412531172274612, 2329212.477812374476343 ], [ -905701.14681937743444, 2325537.012829185463488 ], [ -905651.564073624787852, 2288673.538594758603722 ], [ -930148.985604102956131, 2269022.379245328716934 ], [ -921735.529456133604981, 2257555.827096862252802 ], [ -958502.851080723106861, 2244751.900938546285033 ], [ -983400.823605347191915, 2259037.945043737068772 ], [ -1006773.567979692597874, 2233377.967551591806114 ], [ -1022601.705946741625667, 2230074.306036131922156 ], [ -1055119.184273053426296, 2247092.444076613988727 ], [ -1080811.289384012809023, 2291830.432185718324035 ], [ -1094405.374912972562015, 2302307.259762379340827 ], [ -1105530.026542693842202, 2351728.610056659672409 ], [ -1119101.328718791715801, 2356442.433809214737266 ], [ -1126559.205228481441736, 2372569.982388033531606 ], [ -1120690.405298186466098, 2394404.573338670656085 ], [ -1100728.439106818288565, 2392312.702151062432677 ], [ -1077433.399499378167093, 2404366.75304614007473 ] ] ] } },
{ "type": "Feature", "properties": { "OBJECTID": 69.0, "STATE": "Utah", "STATE_FIPS": "49", "CD_2DIG": "01", "STATE_CODE": 42, "CLIMDIV": 4201, "CD_NEW": 1, "FIPS_CD": "4901", "NCDC_GEO_I": 323.0, "NAME": "WESTERN", "ST_ABBRV": "UT", "SHAPE_AREA": 0.0, "SHAPE_LEN": 0.0 }, "geometry": { "type": "Polygon", "coordinates": [ [ [ -1339386.865365613950416, 2226628.143473047763109 ], [ -1342156.74358944571577, 2206314.115614182315767 ], [ -1359070.738792762160301, 2201092.584719315636903 ], [ -1355926.609056848334149, 2151343.822152739390731 ], [ -1404282.222710959846154, 2068682.185476330108941 ], [ -1383325.845489132916555, 1996154.300040427828208 ], [ -1381283.858400571392849, 1968274.392399949720129 ], [ -1393297.889332646736875, 1938968.889108223840594 ], [ -1481976.275359347695485, 1783883.243679622886702 ], [ -1491353.370810134569183, 1775226.315439024707302 ], [ -1540332.839321297127753, 1764491.087203352712095 ], [ -1554295.093640232691541, 1738275.864096849691123 ], [ -1576627.146653568604961, 1728859.595714933006093 ], [ -1475457.772177423583344, 2250687.329240508377552 ], [ -1339386.865365613950416, 2226628.143473047763109 ] ] ] } },
{ "type": "Feature", "properties": { "OBJECTID": 70.0, "STATE": "Utah", "STATE_FIPS": "49", "CD_2DIG": "03", "STATE_CODE": 42, "CLIMDIV": 4203, "CD_NEW": 3, "FIPS_CD": "4903", "NCDC_GEO_I": 324.0, "NAME": "NORTH CENTRAL", "ST_ABBRV": "UT", "SHAPE_AREA": 0.0, "SHAPE_LEN": 0.0 }, "geometry": { "type": "Polygon", "coordinates": [ [ [ -1316151.321285918122157, 1957247.094534332631156 ], [ -1348946.042461180826649, 1973869.433528302935883 ], [ -1367901.833793095778674, 1975856.048168077599257 ], [ -1381283.858400571392849, 1968274.392399949720129 ], [ -1385328.748004740802571, 2011746.280753927771002 ], [ -1404282.222710959846154, 2068682.185476330108941 ], [ -1355926.609056848334149, 2151343.822152739390731 ], [ -1359070.738792762160301, 2201092.584719315636903 ], [ -1342156.74358944571577, 2206314.115614182315767 ], [ -1339386.865365613950416, 2226628.143473047763109 ], [ -1282231.352939842035994, 2216707.812547563109547 ], [ -1290160.287750000366941, 2189176.459949901327491 ], [ -1323779.484167116228491, 2180664.818570013623685 ], [ -1327090.364636043552309, 2159316.745045180432498 ], [ -1320346.514937216648832, 2028592.153583347564563 ], [ -1309735.829681716393679, 1992985.068361033219844 ], [ -1316151.321285918122157, 1957247.094534332631156 ] ] ] } },
{ "type": "Feature", "properties": { "OBJECTID": 71.0, "STATE": "Utah", "STATE_FIPS": "49", "CD_2DIG": "05", "STATE_CODE": 42, "CLIMDIV": 4205, "CD_NEW": 5, "FIPS_CD": "4905", "NCDC_GEO_I": 325.0, "NAME": "NORTHERN MOUNTAINS", "ST_ABBRV": "UT", "SHAPE_AREA": 0.0, "SHAPE_LEN": 0.0 }, "geometry": { "type": "Polygon", "coordinates": [ [ [ -1091582.870190521935001, 2028841.945341141195968 ], [ -1188354.951245716307312, 2030093.046047368552536 ], [ -1228833.579556158278137, 2020303.966564942151308 ], [ -1237345.771401593228802, 2011653.148325800197199 ], [ -1220343.724255367182195, 1967299.016716531245038 ], [ -1225555.192147720372304, 1944517.863081461749971 ], [ -1253745.393256293144077, 1948555.299742517294362 ], [ -1276320.566320542944595, 1926826.961171812843531 ], [ -1289512.388800803106278, 1948353.91016008076258 ], [ -1316151.321285918122157, 1957247.094534332631156 ], [ -1309735.829681716393679, 1992985.068361033219844 ], [ -1325204.39326792745851, 2088357.877183030126616 ], [ -1323779.484167116228491, 2180664.818570013623685 ], [ -1290160.287750000366941, 2189176.459949901327491 ], [ -1282231.352939842035994, 2216707.812547563109547 ], [ -1232641.707681746920571, 2208874.777043181005865 ], [ -1250354.875300550600514, 2097954.811459866352379 ], [ -1085520.7460011318326, 2073714.590615429449826 ], [ -1091582.870190521935001, 2028841.945341141195968 ] ] ] } },
{ "type": "Feature", "properties": { "OBJECTID": 72.0, "STATE": "Utah", "STATE_FIPS": "49", "CD_2DIG": "06", "STATE_CODE": 42, "CLIMDIV": 4206, "CD_NEW": 6, "FIPS_CD": "4906", "NCDC_GEO_I": 326.0, "NAME": "UINTA BASIN", "ST_ABBRV": "UT", "SHAPE_AREA": 0.0, "SHAPE_LEN": 0.0 }, "geometry": { "type": "Polygon", "coordinates": [ [ [ -1107357.506414865376428, 1916455.847253849729896 ], [ -1158479.766949853859842, 1903484.079479585634544 ], [ -1204322.709474318427965, 1913635.413681660080329 ], [ -1225555.192147720372304, 1944517.863081461749971 ], [ -1220343.724255367182195, 1967299.016716531245038 ], [ -1237345.771401593228802, 2011653.148325800197199 ], [ -1228833.579556158278137, 2020303.966564942151308 ], [ -1188354.951245716307312, 2030093.046047368552536 ], [ -1091582.870190521935001, 2028841.945341141195968 ], [ -1107357.506414865376428, 1916455.847253849729896 ] ] ] } },
{ "type": "Feature", "properties": { "OBJECTID": 73.0, "STATE": "Utah", "STATE_FIPS": "49", "CD_2DIG": "07", "STATE_CODE": 42, "CLIMDIV": 4207, "CD_NEW": 7, "FIPS_CD": "4907", "NCDC_GEO_I": 327.0, "NAME": "SOUTHEAST", "ST_ABBRV": "UT", "SHAPE_AREA": 0.0, "SHAPE_LEN": 0.0 }, "geometry": { "type": "Polygon", "coordinates": [ [ [ -1393629.617137237451971, 1667610.138084141304716 ], [ -1371192.264752019429579, 1698256.722440470941365 ], [ -1322932.281662041554227, 1734405.16986045637168 ], [ -1257108.756871131481603, 1768727.011855701683089 ], [ -1260546.7071286176797, 1781166.417551627149805 ], [ -1317615.490168752381578, 1790200.434340190608054 ], [ -1322202.621114744106308, 1802526.919205361278728 ], [ -1299685.730349868535995, 1883243.28385831345804 ], [ -1262650.163386211497709, 1941223.197839699685574 ], [ -1234748.765404027188197, 1950696.999218031996861 ], [ -1204322.709474318427965, 1913635.413681660080329 ], [ -1189799.352063708938658, 1907501.352640581317246 ], [ -1158479.766949853859842, 1903484.079479585634544 ], [ -1107357.506414865376428, 1916455.847253849729896 ], [ -1146479.858171722618863, 1629466.179173258366063 ], [ -1393629.617137237451971, 1667610.138084141304716 ] ] ] } },
{ "type": "Feature", "properties": { "OBJECTID": 74.0, "STATE": "Utah", "STATE_FIPS": "49", "CD_2DIG": "04", "STATE_CODE": 42, "CLIMDIV": 4204, "CD_NEW": 4, "FIPS_CD": "4904", "NCDC_GEO_I": 328.0, "NAME": "SOUTH CENTRAL", "ST_ABBRV": "UT", "SHAPE_AREA": 0.0, "SHAPE_LEN": 0.0 }, "geometry": { "type": "Polygon", "coordinates": [ [ [ -1500217.878059427486733, 1686164.99196604709141 ], [ -1475930.104147923411801, 1713090.206584810046479 ], [ -1497188.87706698756665, 1715000.851207398576662 ], [ -1519700.972312937024981, 1738625.646621440071613 ], [ -1531910.022908153012395, 1732463.682901234831661 ], [ -1554295.093640232691541, 1738275.864096849691123 ], [ -1546902.11385945067741, 1757520.168591318186373 ], [ -1481976.275359347695485, 1783883.243679622886702 ], [ -1381283.858400571392849, 1968274.392399949720129 ], [ -1367901.833793095778674, 1975856.048168077599257 ], [ -1348946.042461180826649, 1973869.433528302935883 ], [ -1289512.388800803106278, 1948353.91016008076258 ], [ -1276320.566320542944595, 1926826.961171812843531 ], [ -1299685.730349868535995, 1883243.28385831345804 ], [ -1322202.621114744106308, 1802526.919205361278728 ], [ -1317615.490168752381578, 1790200.434340190608054 ], [ -1260546.7071286176797, 1781166.417551627149805 ], [ -1257108.756871131481603, 1768727.011855701683089 ], [ -1322932.281662041554227, 1734405.16986045637168 ], [ -1371192.264752019429579, 1698256.722440470941365 ], [ -1393629.617137237451971, 1667610.138084141304716 ], [ -1500217.878059427486733, 1686164.99196604709141 ] ] ] } },
{ "type": "Feature", "properties": { "OBJECTID": 75.0, "STATE": "Utah", "STATE_FIPS": "49", "CD_2DIG": "02", "STATE_CODE": 42, "CLIMDIV": 4202, "CD_NEW": 2, "FIPS_CD": "4902", "NCDC_GEO_I": 329.0, "NAME": "DIXIE", "ST_ABBRV": "UT", "SHAPE_AREA": 0.0, "SHAPE_LEN": 0.0 }, "geometry": { "type": "Polygon", "coordinates": [ [ [ -1500217.878059427486733, 1686164.99196604709141 ], [ -1581791.400834935950115, 1701476.601885868236423 ], [ -1576627.146653568604961, 1728859.595714933006093 ], [ -1554295.093640232691541, 1738275.864096849691123 ], [ -1531910.022908153012395, 1732463.682901234831661 ], [ -1519700.972312937024981, 1738625.646621440071613 ], [ -1497188.87706698756665, 1715000.851207398576662 ], [ -1475930.104147923411801, 1713090.206584810046479 ], [ -1500217.878059427486733, 1686164.99196604709141 ] ] ] } },
{ "type": "Feature", "properties": { "OBJECTID": 76.0, "STATE": "Oregon", "STATE_FIPS": "41", "CD_2DIG": "09", "STATE_CODE": 35, "CLIMDIV": 3509, "CD_NEW": 9, "FIPS_CD": "4109", "NCDC_GEO_I": 330.0, "NAME": "SOUTHEAST", "ST_ABBRV": "OR", "SHAPE_AREA": 0.0, "SHAPE_LEN": 0.0 }, "geometry": { "type": "Polygon", "coordinates": [ [ [ -1674586.555075966054574, 2555049.53015527036041 ], [ -1652401.587285234360024, 2534803.45255958288908 ], [ -1671315.546486817067489, 2500993.915572550613433 ], [ -1715664.177702456479892, 2301515.122125442605466 ], [ -1809598.486685311421752, 2322879.000656661111861 ], [ -1753910.782327106688172, 2568966.442719139158726 ], [ -1728944.674554783152416, 2584496.508227762766182 ], [ -1699488.271883189445361, 2577753.380369182676077 ], [ -1694950.665834890678525, 2560349.993401035200804 ], [ -1674586.555075966054574, 2555049.53015527036041 ] ] ] } },
{ "type": "Feature", "properties": { "OBJECTID": 77.0, "STATE": "Oregon", "STATE_FIPS": "41", "CD_2DIG": "07", "STATE_CODE": 35, "CLIMDIV": 3507, "CD_NEW": 7, "FIPS_CD": "4107", "NCDC_GEO_I": 331.0, "NAME": "SOUTH CENTRAL", "ST_ABBRV": "OR", "SHAPE_AREA": 0.0, "SHAPE_LEN": 0.0 }, "geometry": { "type": "Polygon", "coordinates": [ [ [ -1903055.974817809881642, 2699658.229730995837599 ], [ -1851960.465682574547827, 2686286.735179785173386 ], [ -1854024.149500086903572, 2678416.024619348347187 ], [ -1826154.22248645639047, 2671044.076631349045783 ], [ -1846151.716003542765975, 2655318.41552574140951 ], [ -1839702.326204798417166, 2634390.940876841545105 ], [ -1826906.944709027418867, 2622909.159606900066137 ], [ -1830982.49419290618971, 2581317.78001407533884 ], [ -1823741.790839590597898, 2567801.423602851107717 ], [ -1804658.569102492881939, 2557240.90273124165833 ], [ -1759130.073632013052702, 2545443.571831201668829 ], [ -1809598.486685311421752, 2322879.000656661111861 ], [ -2135024.157273228280246, 2408990.085667168721557 ], [ -2110699.136677236761898, 2492837.443548576440662 ], [ -2059394.326666870620102, 2472250.510387279558927 ], [ -2059752.674764160066843, 2421100.318973403889686 ], [ -2048718.783176774857566, 2397682.073474647011608 ], [ -2015866.7662244271487, 2402252.108537044376135 ], [ -2004639.42249031830579, 2410942.032015995588154 ], [ -1980598.377852890640497, 2463883.051847802940756 ], [ -1978928.705605020048097, 2495111.041048221755773 ], [ -1983747.917871030513197, 2515931.27403808105737 ], [ -2044471.169356520520523, 2604655.767138026189059 ], [ -2030655.250915426295251, 2624064.307754376903176 ], [ -2014227.164071609498933, 2698710.421873043291271 ], [ -1903172.293286504922435, 2671255.500604086555541 ], [ -1908520.364865479292348, 2682740.353367499541491 ], [ -1903055.974817809881642, 2699658.229730995837599 ] ] ] } },
{ "type": "Feature", "properties": { "OBJECTID": 78.0, "STATE": "Oregon", "STATE_FIPS": "41", "CD_2DIG": "05", "STATE_CODE": 35, "CLIMDIV": 3505, "CD_NEW": 5, "FIPS_CD": "4105", "NCDC_GEO_I": 332.0, "NAME": "HIGH PLATEAU", "ST_ABBRV": "OR", "SHAPE_AREA": 0.0, "SHAPE_LEN": 0.0 }, "geometry": { "type": "Polygon", "coordinates": [ [ [ -2044471.169356520520523, 2604655.767138026189059 ], [ -1983747.917871030513197, 2515931.27403808105737 ], [ -1977902.297731797443703, 2481315.637245909310877 ], [ -1992531.254307306138799, 2427503.676944739650935 ], [ -2004639.42249031830579, 2410942.032015995588154 ], [ -2015866.7662244271487, 2402252.108537044376135 ], [ -2048718.783176774857566, 2397682.073474647011608 ], [ -2059752.674764160066843, 2421100.318973403889686 ], [ -2059394.326666870620102, 2472250.510387279558927 ], [ -2110699.136677236761898, 2492837.443548576440662 ], [ -2102100.958025448489934, 2522791.713459628634155 ], [ -2085821.321836033603176, 2518167.610009504016489 ], [ -2072201.734027329366654, 2536890.442388316150755 ], [ -2077987.605660593602806, 2568574.50097491312772 ], [ -2060505.446455152472481, 2575938.598948892671615 ], [ -2054399.076953996671364, 2600882.818634254857898 ], [ -2044471.169356520520523, 2604655.767138026189059 ] ] ] } },
{ "type": "Feature", "properties": { "OBJECTID": 79.0, "STATE": "Oregon", "STATE_FIPS": "41", "CD_2DIG": "03", "STATE_CODE": 35, "CLIMDIV": 3503, "CD_NEW": 3, "FIPS_CD": "4103", "NCDC_GEO_I": 333.0, "NAME": "SOUTHWESTERN VALLEYS", "ST_ABBRV": "OR", "SHAPE_AREA": 0.0, "SHAPE_LEN": 0.0 }, "geometry": { "type": "Polygon", "coordinates": [ [ [ -2211192.861488165333867, 2576827.875086676329374 ], [ -2186975.641936041414738, 2608501.169025490060449 ], [ -2193704.894798364490271, 2651639.529716656543314 ], [ -2162419.235516188666224, 2623104.074423460289836 ], [ -2146286.896242618560791, 2618290.362262883223593 ], [ -2151488.832659676205367, 2591945.557673121336848 ], [ -2123097.087106463965029, 2584209.140584154054523 ], [ -2126349.559207228478044, 2572668.116659456398338 ], [ -2074764.004381904844195, 2554300.398538601119071 ], [ -2072201.734027329366654, 2536890.442388316150755 ], [ -2085821.321836033603176, 2518167.610009504016489 ], [ -2102100.958025448489934, 2522791.713459628634155 ], [ -2135024.157273228280246, 2408990.085667168721557 ], [ -2256735.462407775223255, 2443787.050182280130684 ], [ -2246210.760383134242147, 2468151.421604301780462 ], [ -2261005.893511211033911, 2490146.090755314566195 ], [ -2222816.576251423452049, 2524979.463039873633534 ], [ -2229486.279362206812948, 2531753.94458726560697 ], [ -2224031.524188197683543, 2550134.065853052772582 ], [ -2211872.375461705029011, 2557133.370905440766364 ], [ -2211192.861488165333867, 2576827.875086676329374 ] ] ] } },
{ "type": "Feature", "properties": { "OBJECTID": 80.0, "STATE": "Oregon", "STATE_FIPS": "41", "CD_2DIG": "04", "STATE_CODE": 35, "CLIMDIV": 3504, "CD_NEW": 4, "FIPS_CD": "4104", "NCDC_GEO_I": 334.0, "NAME": "NORTHERN CASCADES", "ST_ABBRV": "OR", "SHAPE_AREA": 0.0, "SHAPE_LEN": 0.0 }, "geometry": { "type": "Polygon", "coordinates": [ [ [ -2107068.318995690438896, 2567589.525031421333551 ], [ -2096824.270251461304724, 2609094.599150569643825 ], [ -2065474.017243933863938, 2650015.488110318779945 ], [ -2061432.327581674326211, 2703072.321819885633886 ], [ -2052477.274028629995883, 2720662.342704096343368 ], [ -2032930.840319090057164, 2730966.941264291293919 ], [ -1996536.941966362064704, 2791895.890565990004689 ], [ -1999216.761391048552468, 2777805.772627601865679 ], [ -1987721.050034812651575, 2757640.481607730034739 ], [ -1997030.189119074726477, 2739811.869980679359287 ], [ -1992752.641865707468241, 2726490.953024382237345 ], [ -2006755.784249574877322, 2721120.192491703201085 ], [ -2002976.056366012198851, 2707922.035919887013733 ], [ -2014227.164071609498933, 2698710.421873043291271 ], [ -2010643.239293705206364, 2693495.183278645388782 ], [ -2025821.343329719733447, 2665604.735963738989085 ], [ -2031155.337444648845121, 2622652.667426830157638 ], [ -2054399.076953996671364, 2600882.818634254857898 ], [ -2060505.446455152472481, 2575938.598948892671615 ], [ -2075464.421977671096101, 2572066.944032301194966 ], [ -2079086.583381319884211, 2559553.944952750578523 ], [ -2107068.318995690438896, 2567589.525031421333551 ] ] ] } },
{ "type": "Feature", "properties": { "OBJECTID": 81.0, "STATE": "Oregon", "STATE_FIPS": "41", "CD_2DIG": "06", "STATE_CODE": 35, "CLIMDIV": 3506, "CD_NEW": 6, "FIPS_CD": "4106", "NCDC_GEO_I": 335.0, "NAME": "NORTH CENTRAL", "ST_ABBRV": "OR", "SHAPE_AREA": 0.0, "SHAPE_LEN": 0.0 }, "geometry": { "type": "Polygon", "coordinates": [ [ [ -1814110.863775049336255, 2671809.627017561811954 ], [ -1854024.149500086903572, 2678416.024619348347187 ], [ -1851960.465682574547827, 2686286.735179785173386 ], [ -1905602.360552240163088, 2700305.784780348651111 ], [ -1903172.293286504922435, 2671255.500604086555541 ], [ -2008832.254330572206527, 2700248.326003938447684 ], [ -2002976.056366012198851, 2707922.035919887013733 ], [ -2006755.784249574877322, 2721120.192491703201085 ], [ -1994064.660416600992903, 2723971.748278575018048 ], [ -1997030.189119074726477, 2739811.869980679359287 ], [ -1988793.227249345509335, 2748931.783517433330417 ], [ -1999216.761391048552468, 2777805.772627601865679 ], [ -1996536.941966362064704, 2791895.890565990004689 ], [ -1965013.460632818285376, 2792071.944359786342829 ], [ -1939338.416364029515535, 2771394.557462994009256 ], [ -1896928.163746610051021, 2775892.776736184488982 ], [ -1865536.103480322752148, 2765357.866151817608625 ], [ -1811874.9279777451884, 2774449.115687132347375 ], [ -1708193.617569274036214, 2757537.092287629842758 ], [ -1719498.833717250265181, 2716350.713094651699066 ], [ -1779305.782138835638762, 2708434.721697846893221 ], [ -1814110.863775049336255, 2671809.627017561811954 ] ] ] } },
{ "type": "Feature", "properties": { "OBJECTID": 82.0, "STATE": "Oregon", "STATE_FIPS": "41", "CD_2DIG": "08", "STATE_CODE": 35, "CLIMDIV": 3508, "CD_NEW": 8, "FIPS_CD": "4108", "NCDC_GEO_I": 336.0, "NAME": "NORTHEAST", "ST_ABBRV": "OR", "SHAPE_AREA": 0.0, "SHAPE_LEN": 0.0 }, "geometry": { "type": "Polygon", "coordinates": [ [ [ -1759130.073632013052702, 2545443.571831201668829 ], [ -1823741.790839590597898, 2567801.423602851107717 ], [ -1830982.49419290618971, 2581317.78001407533884 ], [ -1826906.944709027418867, 2622909.159606900066137 ], [ -1845184.591188917635009, 2646918.206417145673186 ], [ -1839794.365103505086154, 2662089.82239804463461 ], [ -1814110.863775049336255, 2671809.627017561811954 ], [ -1779305.782138835638762, 2708434.721697846893221 ], [ -1719498.833717250265181, 2716350.713094651699066 ], [ -1708193.617569274036214, 2757537.092287629842758 ], [ -1609574.155365319456905, 2734196.330964718479663 ], [ -1603575.249335172120482, 2713517.501512424554676 ], [ -1587450.778798880754039, 2701572.702905885409564 ], [ -1584598.70539546222426, 2684080.566683365497738 ], [ -1632085.565044781193137, 2612271.335574015043676 ], [ -1670235.83696164842695, 2575380.967472362332046 ], [ -1672727.279543565586209, 2556599.339985343627632 ], [ -1694950.665834890678525, 2560349.993401035200804 ], [ -1699488.271883189445361, 2577753.380369182676077 ], [ -1728944.674554783152416, 2584496.508227762766182 ], [ -1753910.782327106688172, 2568966.442719139158726 ], [ -1759130.073632013052702, 2545443.571831201668829 ] ] ] } },
{ "type": "Feature", "properties": { "OBJECTID": 83.0, "STATE": "Oregon", "STATE_FIPS": "41", "CD_2DIG": "01", "STATE_CODE": 35, "CLIMDIV": 3501, "CD_NEW": 1, "FIPS_CD": "4101", "NCDC_GEO_I": 337.0, "NAME": "COASTAL AREA", "ST_ABBRV": "OR", "SHAPE_AREA": 0.0, "SHAPE_LEN": 0.0 }, "geometry": { "type": "Polygon", "coordinates": [ [ [ -2132268.13095946284011, 2904442.298982443287969 ], [ -2091836.896014041267335, 2888781.02784285414964 ], [ -2096285.843778223963454, 2829342.372959765605628 ], [ -2119214.122368336189538, 2795104.766430689953268 ], [ -2136022.555014184676111, 2734640.782117024995387 ], [ -2165812.990825974848121, 2701803.973424230702221 ], [ -2193704.894798364490271, 2651639.529716656543314 ], [ -2186975.641936041414738, 2608501.169025490060449 ], [ -2211192.861488165333867, 2576827.875086676329374 ], [ -2211872.375461705029011, 2557133.370905440766364 ], [ -2224031.524188197683543, 2550134.065853052772582 ], [ -2230044.553189056459814, 2527709.877536726649851 ], [ -2222816.576251423452049, 2524979.463039873633534 ], [ -2261005.893511211033911, 2490146.090755314566195 ], [ -2246210.760383134242147, 2468151.421604301780462 ], [ -2256360.695813678670675, 2443066.065378171857446 ], [ -2286975.033458305057138, 2452711.621006296481937 ], [ -2294637.064406348392367, 2467093.422327331267297 ], [ -2281184.664819796103984, 2524476.282097357790917 ], [ -2287154.552316502667964, 2550795.682682378217578 ], [ -2256887.846149956341833, 2599123.357465401757509 ], [ -2252268.072491496335715, 2592607.349314120598137 ], [ -2242577.336835190653801, 2605730.911592123098671 ], [ -2242219.96041195653379, 2600332.482982117217034 ], [ -2238987.045160884503275, 2597320.998716746922582 ], [ -2240813.232038836460561, 2606296.702957287896425 ], [ -2238565.683608694002032, 2607592.786141894292086 ], [ -2237231.790407498832792, 2609128.393125935457647 ], [ -2237242.063062232919037, 2609622.70221183123067 ], [ -2240198.003936360124499, 2610260.248461678158492 ], [ -2242073.018671476282179, 2606403.536945742089301 ], [ -2245707.956907552666962, 2606097.508802745491266 ], [ -2250870.54678234923631, 2600965.983365523628891 ], [ -2251971.456229907926172, 2600670.829536840319633 ], [ -2252920.482462424319237, 2601309.439023255370557 ], [ -2224719.303658002056181, 2644041.604406046681106 ], [ -2198358.143910456914455, 2707864.529877184890211 ], [ -2192615.193083744030446, 2706282.497053981292993 ], [ -2197842.84224927611649, 2709297.589599491097033 ], [ -2185753.811075638979673, 2727559.806007282808423 ], [ -2189657.036671782843769, 2735531.091611643321812 ], [ -2162417.541905937250704, 2784952.284668314736336 ], [ -2162716.251708008814603, 2804468.642856536433101 ], [ -2150887.881613479461521, 2827104.233459197450429 ], [ -2152069.872382401488721, 2820026.824684056453407 ], [ -2147006.456025364343077, 2818570.13852117722854 ], [ -2147065.65498631214723, 2825634.418180970009416 ], [ -2151364.967394225299358, 2827994.630556338466704 ], [ -2143071.477289228700101, 2839957.260542759206146 ], [ -2147155.415624873712659, 2848834.203889614902437 ], [ -2134878.552997833583504, 2874648.772400536108762 ], [ -2132268.13095946284011, 2904442.298982443287969 ] ] ] } },
{ "type": "Feature", "properties": { "OBJECTID": 84.0, "STATE": "Oregon", "STATE_FIPS": "41", "CD_2DIG": "02", "STATE_CODE": 35, "CLIMDIV": 3502, "CD_NEW": 2, "FIPS_CD": "4102", "NCDC_GEO_I": 338.0, "NAME": "WILLAMETTE VALLEY", "ST_ABBRV": "OR", "SHAPE_AREA": 0.0, "SHAPE_LEN": 0.0 }, "geometry": { "type": "Polygon", "coordinates": [ [ [ -2193704.067150508519262, 2651639.266293609980494 ], [ -2165812.990825974848121, 2701803.973424230702221 ], [ -2136022.555014184676111, 2734640.782117024995387 ], [ -2119214.122368336189538, 2795104.766430689953268 ], [ -2096285.843778223963454, 2829342.372959765605628 ], [ -2088757.242973503191024, 2875890.751745458692312 ], [ -2069268.241888740099967, 2874650.844824538566172 ], [ -2053777.236008898820728, 2844207.909853883553296 ], [ -2057888.891570870298892, 2808767.077017113100737 ], [ -2027713.661831988953054, 2788494.491343882400542 ], [ -1998531.817956790560856, 2791938.841581198852509 ], [ -2032930.840319090057164, 2730966.941264291293919 ], [ -2052477.274028629995883, 2720662.342704096343368 ], [ -2061432.327581674326211, 2703072.321819885633886 ], [ -2065474.017243933863938, 2650015.488110318779945 ], [ -2096824.270251461304724, 2609094.599150569643825 ], [ -2107068.318995690438896, 2567589.525031421333551 ], [ -2126349.559207228478044, 2572668.116659456398338 ], [ -2123097.087106463965029, 2584209.140584154054523 ], [ -2151488.832659676205367, 2591945.557673121336848 ], [ -2146286.896242618560791, 2618290.362262883223593 ], [ -2162419.235516188666224, 2623104.074423460289836 ], [ -2193704.067150508519262, 2651639.266293609980494 ] ] ] } },
{ "type": "Feature", "properties": { "OBJECTID": 85.0, "STATE": "New Mexico", "STATE_FIPS": "35", "CD_2DIG": "03", "STATE_CODE": 29, "CLIMDIV": 2903, "CD_NEW": 3, "FIPS_CD": "3503", "NCDC_GEO_I": 339.0, "NAME": "NORTHEASTERN PLAINS", "ST_ABBRV": "NM", "SHAPE_AREA": 0.0, "SHAPE_LEN": 0.0 }, "geometry": { "type": "Polygon", "coordinates": [ [ [ -738679.464203715091571, 1314250.968769869301468 ], [ -736329.92567560065072, 1345907.930584740359336 ], [ -775761.702717693056911, 1375896.133978684665635 ], [ -793873.248115213704295, 1411390.004817804088816 ], [ -764047.943907472072169, 1419451.789237406104803 ], [ -758058.954321371391416, 1428918.838944386458024 ], [ -759190.674493303173222, 1474547.796555883949623 ], [ -773797.809957047575153, 1501064.200339009985328 ], [ -773153.446091087651439, 1518776.363474795361981 ], [ -754465.371627275482751, 1536086.842734789010137 ], [ -754762.78783562395256, 1503948.250080255093053 ], [ -737020.247204388375394, 1501478.248846897855401 ], [ -725890.948661557398736, 1470836.850442920112982 ], [ -684420.530218909378164, 1527724.387767870677635 ], [ -682833.871041221194901, 1578396.661044302396476 ], [ -616760.000617646379396, 1573511.556147860595956 ], [ -649664.037669048761018, 1191094.683381063863635 ], [ -691719.315783902537078, 1194309.428688854444772 ], [ -690634.824334642500617, 1203984.870993601158261 ], [ -710062.269318732665852, 1205406.140550735173747 ], [ -708443.087735717883334, 1223563.196631129132584 ], [ -719903.618963574874215, 1224497.955350101226941 ], [ -717460.196545480750501, 1253722.719129735371098 ], [ -726973.13181860151235, 1254637.754017680883408 ], [ -722358.095669039292261, 1312845.491914001526311 ], [ -738679.464203715091571, 1314250.968769869301468 ] ] ] } },
{ "type": "Feature", "properties": { "OBJECTID": 86.0, "STATE": "New Mexico", "STATE_FIPS": "35", "CD_2DIG": "07", "STATE_CODE": 29, "CLIMDIV": 2907, "CD_NEW": 7, "FIPS_CD": "3507", "NCDC_GEO_I": 340.0, "NAME": "SOUTHEASTERN PLAINS", "ST_ABBRV": "NM", "SHAPE_AREA": 0.0, "SHAPE_LEN": 0.0 }, "geometry": { "type": "Polygon", "coordinates": [ [ [ -823043.91349679348059, 1029819.347330320044421 ], [ -859012.886010049143806, 1136227.571707341587171 ], [ -850089.962312804767862, 1158907.612921983469278 ], [ -845733.292246493976563, 1218170.443960651988164 ], [ -866808.865130810299888, 1248088.2125039473176 ], [ -834132.030463311588392, 1298003.339488777797669 ], [ -826608.642786027980037, 1341882.477873215451837 ], [ -817025.587882209569216, 1345797.548406451940536 ], [ -821859.366108619607985, 1359070.632911794353276 ], [ -832690.832420851453207, 1362813.945111342938617 ], [ -846578.3310717883287, 1405331.801911408780143 ], [ -793873.248115213704295, 1411390.004817804088816 ], [ -775761.702717693056911, 1375896.133978684665635 ], [ -736329.92567560065072, 1345907.930584740359336 ], [ -738679.464203715091571, 1314250.968769869301468 ], [ -722358.095669039292261, 1312845.491914001526311 ], [ -726973.13181860151235, 1254637.754017680883408 ], [ -717460.196545480750501, 1253722.719129735371098 ], [ -719903.618963574874215, 1224497.955350101226941 ], [ -708443.087735717883334, 1223563.196631129132584 ], [ -710062.269318732665852, 1205406.140550735173747 ], [ -690634.824334642500617, 1203984.870993601158261 ], [ -691719.315783902537078, 1194309.428688854444772 ], [ -649664.037669048761018, 1191094.683381063863635 ], [ -663746.126290026702918, 1016521.694703891640529 ], [ -823043.91349679348059, 1029819.347330320044421 ] ] ] } },
{ "type": "Feature", "properties": { "OBJECTID": 87.0, "STATE": "New Mexico", "STATE_FIPS": "35", "CD_2DIG": "01", "STATE_CODE": 29, "CLIMDIV": 2901, "CD_NEW": 1, "FIPS_CD": "3501", "NCDC_GEO_I": 341.0, "NAME": "NORTHWESTERN PLATEAU", "ST_ABBRV": "NM", "SHAPE_AREA": 0.0, "SHAPE_LEN": 0.0 }, "geometry": { "type": "Polygon", "coordinates": [ [ [ -1146479.864023835398257, 1629466.177947162184864 ], [ -941491.983615806791931, 1603023.438665927853435 ], [ -942493.379268039134331, 1592443.679915735963732 ], [ -964744.874098055297509, 1584276.551638395292684 ], [ -972703.860347166773863, 1565936.874167700530961 ], [ -973547.990245084627531, 1517337.427095632068813 ], [ -991336.587279902771115, 1504709.362425493774936 ], [ -1011578.034568780683912, 1505187.934966158820316 ], [ -1028453.390309132519178, 1482794.589343480532989 ], [ -1053121.912240050733089, 1476447.486369909485802 ], [ -1070072.995631180237979, 1457243.562315248185769 ], [ -1088956.167058841092512, 1461996.198183119297028 ], [ -1113394.487226268509403, 1437566.676210563862696 ], [ -1112652.236883890349418, 1420235.333283047890291 ], [ -1089591.076259384630248, 1397779.595237684668973 ], [ -1114945.032543143257499, 1375271.161714404122904 ], [ -1111854.582366982474923, 1365307.620290394639596 ], [ -1128693.000367805361748, 1356600.235472338041291 ], [ -1181637.206636423012242, 1375496.18481190293096 ], [ -1146479.864023835398257, 1629466.177947162184864 ] ] ] } },
{ "type": "Feature", "properties": { "OBJECTID": 88.0, "STATE": "New Mexico", "STATE_FIPS": "35", "CD_2DIG": "02", "STATE_CODE": 29, "CLIMDIV": 2902, "CD_NEW": 2, "FIPS_CD": "3502", "NCDC_GEO_I": 342.0, "NAME": "NORTHERN MOUNTAINS", "ST_ABBRV": "NM", "SHAPE_AREA": 0.0, "SHAPE_LEN": 0.0 }, "geometry": { "type": "Polygon", "coordinates": [ [ [ -764047.943907472072169, 1419451.789237406104803 ], [ -911653.309628230985254, 1403716.872371261240914 ], [ -954221.891463821521029, 1428874.405374057823792 ], [ -983484.622616277891211, 1421844.302726531401277 ], [ -988719.770261321333237, 1436874.887655291939154 ], [ -999675.152128284680657, 1427675.878327272366732 ], [ -1001513.638733243686147, 1441304.87572402623482 ], [ -1096436.484933105763048, 1455266.704933784203604 ], [ -1088956.167058841092512, 1461996.198183119297028 ], [ -1070072.995631180237979, 1457243.562315248185769 ], [ -1053121.912240050733089, 1476447.486369909485802 ], [ -1028453.390309132519178, 1482794.589343480532989 ], [ -1011578.034568780683912, 1505187.934966158820316 ], [ -991336.587279902771115, 1504709.362425493774936 ], [ -973547.990245084627531, 1517337.427095632068813 ], [ -972703.860347166773863, 1565936.874167700530961 ], [ -964744.874098055297509, 1584276.551638395292684 ], [ -942493.379268039134331, 1592443.679915735963732 ], [ -941491.983615806791931, 1603023.438665927853435 ], [ -682833.871041221194901, 1578396.661044302396476 ], [ -684420.530218909378164, 1527724.387767870677635 ], [ -725890.948661557398736, 1470836.850442920112982 ], [ -737020.247204388375394, 1501478.248846897855401 ], [ -754762.78783562395256, 1503948.250080255093053 ], [ -754465.371627275482751, 1536086.842734789010137 ], [ -765873.68568253912963, 1532058.006055143428966 ], [ -774509.505636631278321, 1508890.010052859783173 ], [ -759190.674493303173222, 1474547.796555883949623 ], [ -758058.954321371391416, 1428918.838944386458024 ], [ -764047.943907472072169, 1419451.789237406104803 ] ] ] } },
{ "type": "Feature", "properties": { "OBJECTID": 89.0, "STATE": "New Mexico", "STATE_FIPS": "35", "CD_2DIG": "08", "STATE_CODE": 29, "CLIMDIV": 2908, "CD_NEW": 8, "FIPS_CD": "3508", "NCDC_GEO_I": 343.0, "NAME": "SOUTHERN DESERT", "ST_ABBRV": "NM", "SHAPE_AREA": 0.0, "SHAPE_LEN": 0.0 }, "geometry": { "type": "Polygon", "coordinates": [ [ [ -912883.448784616077319, 1178016.277611361350864 ], [ -909716.350059161777608, 1102188.088011953281239 ], [ -871337.370441418490373, 1090809.111881586490199 ], [ -852208.099475300638005, 1104181.81848566303961 ], [ -823043.91349679348059, 1029819.347330320044421 ], [ -996505.795495984260924, 1047566.864110847935081 ], [ -999806.22668755822815, 1032886.240253981901333 ], [ -991399.82168377074413, 1022784.325871844775975 ], [ -1148085.944835834670812, 1041627.687920282362029 ], [ -1154514.411650474648923, 991887.64729343901854 ], [ -1233582.667438976233825, 1002258.467658137902617 ], [ -1204692.485186389181763, 1209424.878330431878567 ], [ -1184240.678769292775542, 1232453.031741444952786 ], [ -1176372.044721357291564, 1232061.296414037933573 ], [ -1177182.59739196090959, 1206031.404489311156794 ], [ -1151826.019063885556534, 1170111.725218563107774 ], [ -1150658.333497261395678, 1151840.777367192320526 ], [ -1101196.698772855801508, 1137515.91741427150555 ], [ -1098812.120518387993798, 1149809.301751417340711 ], [ -1080715.003182746004313, 1125309.85582927800715 ], [ -1078179.025436676805839, 1171872.785528243985027 ], [ -1067865.280899703269824, 1191975.020139740547165 ], [ -1036376.951887690462172, 1184586.405871363356709 ], [ -1030575.144500272464938, 1202899.654554812703282 ], [ -1023033.823676359606907, 1202911.59073422732763 ], [ -1031872.246390249580145, 1171353.035755294375122 ], [ -1026621.666071424493566, 1128270.771306793438271 ], [ -996051.896507870173082, 1139690.760109218070284 ], [ -973332.396533274673857, 1066914.412888954393566 ], [ -959080.852188435848802, 1212727.834927403833717 ], [ -951204.960790461977012, 1211752.470792965963483 ], [ -935915.833267949288711, 1186400.93919678684324 ], [ -912883.448784616077319, 1178016.277611361350864 ] ] ] } },
{ "type": "Feature", "properties": { "OBJECTID": 90.0, "STATE": "New Mexico", "STATE_FIPS": "35", "CD_2DIG": "04", "STATE_CODE": 29, "CLIMDIV": 2904, "CD_NEW": 4, "FIPS_CD": "3504", "NCDC_GEO_I": 344.0, "NAME": "SOUTHWESTERN MOUNTAINS", "ST_ABBRV": "NM", "SHAPE_AREA": 0.0, "SHAPE_LEN": 0.0 }, "geometry": { "type": "Polygon", "coordinates": [ [ [ -1204692.485186389181763, 1209424.878330431878567 ], [ -1181637.206636423012242, 1375496.18481190293096 ], [ -1128693.000367805361748, 1356600.235472338041291 ], [ -1111854.582366982474923, 1365307.620290394639596 ], [ -1114945.032543143257499, 1375271.161714404122904 ], [ -1089591.076259384630248, 1397779.595237684668973 ], [ -1114581.967118669534102, 1428192.634713656269014 ], [ -1096436.484933105763048, 1455266.704933784203604 ], [ -1001513.638733243686147, 1441304.87572402623482 ], [ -994395.157355482922867, 1405310.34594212891534 ], [ -1000468.208695336594246, 1384502.412120486842468 ], [ -1005999.89206600014586, 1380871.258732063928619 ], [ -1020361.510842258576304, 1402631.740951430052519 ], [ -1037528.742112862179056, 1381935.741795944981277 ], [ -1036393.364815805922262, 1375487.161268254043534 ], [ -1014382.335935888928361, 1370933.998532392084599 ], [ -1006222.922940748743713, 1354877.982175794895738 ], [ -1024253.78252578037791, 1326378.162649074103683 ], [ -1041019.136311502777971, 1320619.381803810130805 ], [ -1042069.191387624596246, 1308133.190727123292163 ], [ -1019212.875687324558385, 1299885.267974722431973 ], [ -1011066.978691786411218, 1278219.923592102481052 ], [ -1031624.905453366809525, 1235638.179946373682469 ], [ -1045986.33279990835581, 1219579.793178779771551 ], [ -1058494.334525163983926, 1219178.810144308721647 ], [ -1078179.025436676805839, 1171872.785528243985027 ], [ -1080715.003182746004313, 1125309.85582927800715 ], [ -1098812.120518387993798, 1149809.301751417340711 ], [ -1101196.698772855801508, 1137515.91741427150555 ], [ -1150658.333497261395678, 1151840.777367192320526 ], [ -1151826.019063885556534, 1170111.725218563107774 ], [ -1177182.59739196090959, 1206031.404489311156794 ], [ -1176372.044721357291564, 1232061.296414037933573 ], [ -1184240.678769292775542, 1232453.031741444952786 ], [ -1204692.485186389181763, 1209424.878330431878567 ] ] ] } }
]
}
