,year,avg_son_temp_f,scenario,model
0,1950,49.91587225597127,ssp245,bcc-csm2-mr
1,1951,52.71901409610538,ssp245,bcc-csm2-mr
2,1952,52.20845975691146,ssp245,bcc-csm2-mr
3,1953,53.973318198194825,ssp245,bcc-csm2-mr
4,1954,52.087357182676044,ssp245,bcc-csm2-mr
5,1955,51.389629610702215,ssp245,bcc-csm2-mr
6,1956,51.979684386031785,ssp245,bcc-csm2-mr
7,1957,52.277235093467645,ssp245,bcc-csm2-mr
8,1958,52.709641421609184,ssp245,bcc-csm2-mr
9,1959,53.11677320444623,ssp245,bcc-csm2-mr
10,1960,52.67847416130757,ssp245,bcc-csm2-mr
11,1961,51.26462623896577,ssp245,bcc-csm2-mr
12,1962,50.06214002393209,ssp245,bcc-csm2-mr
13,1963,52.24388646312523,ssp245,bcc-csm2-mr
14,1964,50.362184173539426,ssp245,bcc-csm2-mr
15,1965,53.14881373901816,ssp245,bcc-csm2-mr
16,1966,54.25756483891351,ssp245,bcc-csm2-mr
17,1967,51.16841579580269,ssp245,bcc-csm2-mr
18,1968,50.01834437435521,ssp245,bcc-csm2-mr
19,1969,50.5956572567621,ssp245,bcc-csm2-mr
20,1970,52.503301513994764,ssp245,bcc-csm2-mr
21,1971,53.055115403117355,ssp245,bcc-csm2-mr
22,1972,50.96283420269838,ssp245,bcc-csm2-mr
23,1973,54.205414543534744,ssp245,bcc-csm2-mr
24,1974,52.26204570713653,ssp245,bcc-csm2-mr
25,1975,53.468849672296486,ssp245,bcc-csm2-mr
26,1976,51.37820934526569,ssp245,bcc-csm2-mr
27,1977,52.351099390700696,ssp245,bcc-csm2-mr
28,1978,53.03787082592057,ssp245,bcc-csm2-mr
29,1979,52.479405895650864,ssp245,bcc-csm2-mr
30,1980,49.57542315104856,ssp245,bcc-csm2-mr
31,1981,52.59963796466403,ssp245,bcc-csm2-mr
32,1982,54.55014388078584,ssp245,bcc-csm2-mr
33,1983,50.73686358377175,ssp245,bcc-csm2-mr
34,1984,51.81382940500977,ssp245,bcc-csm2-mr
35,1985,53.326366461004575,ssp245,bcc-csm2-mr
36,1986,53.15969624011494,ssp245,bcc-csm2-mr
37,1987,52.39957479588514,ssp245,bcc-csm2-mr
38,1988,52.915699367744566,ssp245,bcc-csm2-mr
39,1989,52.6485175903136,ssp245,bcc-csm2-mr
40,1990,50.53238143425808,ssp245,bcc-csm2-mr
41,1991,52.267150676000824,ssp245,bcc-csm2-mr
42,1992,50.25930957076788,ssp245,bcc-csm2-mr
43,1993,52.05477483270225,ssp245,bcc-csm2-mr
44,1994,52.368004336164844,ssp245,bcc-csm2-mr
45,1995,54.867863818456186,ssp245,bcc-csm2-mr
46,1996,52.8272765362829,ssp245,bcc-csm2-mr
47,1997,52.443970527652816,ssp245,bcc-csm2-mr
48,1998,54.369518772138825,ssp245,bcc-csm2-mr
49,1999,53.9318613308151,ssp245,bcc-csm2-mr
50,2000,53.59723642726249,ssp245,bcc-csm2-mr
51,2001,55.45909026046653,ssp245,bcc-csm2-mr
52,2002,50.696625739717945,ssp245,bcc-csm2-mr
53,2003,53.46103820287845,ssp245,bcc-csm2-mr
54,2004,54.41903511278296,ssp245,bcc-csm2-mr
55,2005,52.87428809129688,ssp245,bcc-csm2-mr
56,2006,53.56421079680345,ssp245,bcc-csm2-mr
57,2007,54.4906605805412,ssp245,bcc-csm2-mr
58,2008,54.178310566038945,ssp245,bcc-csm2-mr
59,2009,52.81414180217584,ssp245,bcc-csm2-mr
60,2010,55.54337207181206,ssp245,bcc-csm2-mr
61,2011,51.85344084160536,ssp245,bcc-csm2-mr
62,2012,54.380071142029045,ssp245,bcc-csm2-mr
63,2013,54.391953130217104,ssp245,bcc-csm2-mr
64,2014,53.31768314834947,ssp245,bcc-csm2-mr
65,2015,52.127760788649,ssp245,bcc-csm2-mr
66,2016,52.75237560226054,ssp245,bcc-csm2-mr
67,2017,55.0891804364496,ssp245,bcc-csm2-mr
68,2018,54.126316013520594,ssp245,bcc-csm2-mr
69,2019,54.023570344446355,ssp245,bcc-csm2-mr
70,2020,53.19876225999807,ssp245,bcc-csm2-mr
71,2021,56.04940084425877,ssp245,bcc-csm2-mr
72,2022,54.529065789819974,ssp245,bcc-csm2-mr
73,2023,56.177597889354736,ssp245,bcc-csm2-mr
74,2024,54.760447427304356,ssp245,bcc-csm2-mr
75,2025,54.778031993630236,ssp245,bcc-csm2-mr
76,2026,55.741102110451024,ssp245,bcc-csm2-mr
77,2027,53.64546965002425,ssp245,bcc-csm2-mr
78,2028,54.9443215003521,ssp245,bcc-csm2-mr
79,2029,54.05987000769593,ssp245,bcc-csm2-mr
80,2030,55.124578506653144,ssp245,bcc-csm2-mr
81,2031,55.55352716276724,ssp245,bcc-csm2-mr
82,2032,56.22736690117146,ssp245,bcc-csm2-mr
83,2033,56.98680025174442,ssp245,bcc-csm2-mr
84,2034,55.1743617389306,ssp245,bcc-csm2-mr
85,2035,55.31635231934398,ssp245,bcc-csm2-mr
86,2036,56.96915448136223,ssp245,bcc-csm2-mr
87,2037,55.301573531963726,ssp245,bcc-csm2-mr
88,2038,55.468002582055725,ssp245,bcc-csm2-mr
89,2039,57.23759244847039,ssp245,bcc-csm2-mr
90,2040,54.15218549436332,ssp245,bcc-csm2-mr
91,2041,57.862750113182145,ssp245,bcc-csm2-mr
92,2042,56.73814522685952,ssp245,bcc-csm2-mr
93,2043,55.25141802620776,ssp245,bcc-csm2-mr
94,2044,57.53422310233174,ssp245,bcc-csm2-mr
95,2045,57.259100259626564,ssp245,bcc-csm2-mr
96,2046,57.693831993366864,ssp245,bcc-csm2-mr
97,2047,56.60196349369208,ssp245,bcc-csm2-mr
98,2048,56.23165532031739,ssp245,bcc-csm2-mr
99,2049,58.23915350125782,ssp245,bcc-csm2-mr
100,2050,57.17834579479586,ssp245,bcc-csm2-mr
101,2051,58.38822770869616,ssp245,bcc-csm2-mr
102,2052,56.20397255748883,ssp245,bcc-csm2-mr
103,2053,55.58047024203341,ssp245,bcc-csm2-mr
104,2054,56.62414853447734,ssp245,bcc-csm2-mr
105,2055,57.43328624178922,ssp245,bcc-csm2-mr
106,2056,57.56112405109798,ssp245,bcc-csm2-mr
107,2057,58.3292780225105,ssp245,bcc-csm2-mr
108,2058,57.39303057195138,ssp245,bcc-csm2-mr
109,2059,56.38470239464624,ssp245,bcc-csm2-mr
110,2060,57.98512756702895,ssp245,bcc-csm2-mr
111,2061,56.68879800326227,ssp245,bcc-csm2-mr
112,2062,57.72331245571582,ssp245,bcc-csm2-mr
113,2063,57.43377531963537,ssp245,bcc-csm2-mr
114,2064,55.047413263219596,ssp245,bcc-csm2-mr
115,2065,57.063495933214945,ssp245,bcc-csm2-mr
116,2066,57.81839286379989,ssp245,bcc-csm2-mr
117,2067,58.89300572917668,ssp245,bcc-csm2-mr
118,2068,56.86401290077263,ssp245,bcc-csm2-mr
119,2069,60.72149634118339,ssp245,bcc-csm2-mr
120,2070,59.41690832686057,ssp245,bcc-csm2-mr
121,2071,56.89205285491114,ssp245,bcc-csm2-mr
122,2072,57.45218920344831,ssp245,bcc-csm2-mr
123,2073,55.82740047709246,ssp245,bcc-csm2-mr
124,2074,57.5327264997625,ssp245,bcc-csm2-mr
125,2075,57.92562331073026,ssp245,bcc-csm2-mr
126,2076,56.501760004114104,ssp245,bcc-csm2-mr
127,2077,58.702545884369364,ssp245,bcc-csm2-mr
128,2078,59.69530509373285,ssp245,bcc-csm2-mr
129,2079,55.63469750875166,ssp245,bcc-csm2-mr
130,2080,59.87927379555505,ssp245,bcc-csm2-mr
131,2081,58.49587395469068,ssp245,bcc-csm2-mr
132,2082,57.702890653454844,ssp245,bcc-csm2-mr
133,2083,58.35070519370435,ssp245,bcc-csm2-mr
134,2084,56.3789413665584,ssp245,bcc-csm2-mr
135,2085,58.22304523675822,ssp245,bcc-csm2-mr
136,2086,59.73364746500436,ssp245,bcc-csm2-mr
137,2087,58.800457117493224,ssp245,bcc-csm2-mr
138,2088,59.06893300295752,ssp245,bcc-csm2-mr
139,2089,59.20274981115865,ssp245,bcc-csm2-mr
140,2090,58.84814036457139,ssp245,bcc-csm2-mr
141,2091,57.29995198707533,ssp245,bcc-csm2-mr
142,2092,61.134791178297746,ssp245,bcc-csm2-mr
143,2093,57.79458335997371,ssp245,bcc-csm2-mr
144,2094,59.74331456484816,ssp245,bcc-csm2-mr
145,2095,63.01265475373935,ssp245,bcc-csm2-mr
146,2096,59.46608072854633,ssp245,bcc-csm2-mr
147,2097,60.035041884607196,ssp245,bcc-csm2-mr
148,2098,58.68000972937585,ssp245,bcc-csm2-mr
149,2099,58.80311526073196,ssp245,bcc-csm2-mr
150,2100,58.325078127935164,ssp245,bcc-csm2-mr
0,1950,54.38221055537246,ssp245,gfdl-esm4
1,1951,52.933405610536504,ssp245,gfdl-esm4
2,1952,53.50754526569847,ssp245,gfdl-esm4
3,1953,51.26053465435018,ssp245,gfdl-esm4
4,1954,52.17195354711692,ssp245,gfdl-esm4
5,1955,54.25410736124912,ssp245,gfdl-esm4
6,1956,53.5625714581156,ssp245,gfdl-esm4
7,1957,54.5792875681165,ssp245,gfdl-esm4
8,1958,52.51240845288106,ssp245,gfdl-esm4
9,1959,52.27428707240008,ssp245,gfdl-esm4
10,1960,53.683801335466406,ssp245,gfdl-esm4
11,1961,52.26206675717295,ssp245,gfdl-esm4
12,1962,51.20440893310794,ssp245,gfdl-esm4
13,1963,51.525165752612786,ssp245,gfdl-esm4
14,1964,51.50515124885287,ssp245,gfdl-esm4
15,1965,53.10766479599733,ssp245,gfdl-esm4
16,1966,51.39456806926892,ssp245,gfdl-esm4
17,1967,51.99996809568037,ssp245,gfdl-esm4
18,1968,50.43562549735634,ssp245,gfdl-esm4
19,1969,50.29333014911151,ssp245,gfdl-esm4
20,1970,51.997963619521336,ssp245,gfdl-esm4
21,1971,50.963192763331705,ssp245,gfdl-esm4
22,1972,51.593275246079706,ssp245,gfdl-esm4
23,1973,52.08363298996666,ssp245,gfdl-esm4
24,1974,53.923874062794866,ssp245,gfdl-esm4
25,1975,51.35642243245042,ssp245,gfdl-esm4
26,1976,51.82437028236122,ssp245,gfdl-esm4
27,1977,51.03730650406532,ssp245,gfdl-esm4
28,1978,51.55098278679083,ssp245,gfdl-esm4
29,1979,55.470064532606585,ssp245,gfdl-esm4
30,1980,53.09724576703642,ssp245,gfdl-esm4
31,1981,51.41919034601562,ssp245,gfdl-esm4
32,1982,53.37862693866601,ssp245,gfdl-esm4
33,1983,51.283316569893685,ssp245,gfdl-esm4
34,1984,52.02493660032303,ssp245,gfdl-esm4
35,1985,53.526721403329574,ssp245,gfdl-esm4
36,1986,51.58017306896391,ssp245,gfdl-esm4
37,1987,52.70077861498117,ssp245,gfdl-esm4
38,1988,52.25670249255734,ssp245,gfdl-esm4
39,1989,53.088829809550376,ssp245,gfdl-esm4
40,1990,53.139415959846765,ssp245,gfdl-esm4
41,1991,52.24796010628175,ssp245,gfdl-esm4
42,1992,51.490970068981504,ssp245,gfdl-esm4
43,1993,51.90648993667023,ssp245,gfdl-esm4
44,1994,52.97953243258237,ssp245,gfdl-esm4
45,1995,52.292412907114084,ssp245,gfdl-esm4
46,1996,53.106398393235956,ssp245,gfdl-esm4
47,1997,53.15110873712674,ssp245,gfdl-esm4
48,1998,54.35931443583375,ssp245,gfdl-esm4
49,1999,51.808047366908674,ssp245,gfdl-esm4
50,2000,52.24924072946744,ssp245,gfdl-esm4
51,2001,54.120051221782674,ssp245,gfdl-esm4
52,2002,52.821032640955124,ssp245,gfdl-esm4
53,2003,52.91836378093416,ssp245,gfdl-esm4
54,2004,54.89357049802097,ssp245,gfdl-esm4
55,2005,52.352192891923394,ssp245,gfdl-esm4
56,2006,54.636362546332755,ssp245,gfdl-esm4
57,2007,53.877188099989915,ssp245,gfdl-esm4
58,2008,52.51731231360932,ssp245,gfdl-esm4
59,2009,53.71508986419966,ssp245,gfdl-esm4
60,2010,51.63912656483561,ssp245,gfdl-esm4
61,2011,54.19570560105794,ssp245,gfdl-esm4
62,2012,52.982343245487485,ssp245,gfdl-esm4
63,2013,56.335095319578684,ssp245,gfdl-esm4
64,2014,54.78162004463611,ssp245,gfdl-esm4
65,2015,55.14400392155886,ssp245,gfdl-esm4
66,2016,51.80517765446292,ssp245,gfdl-esm4
67,2017,54.41260097932317,ssp245,gfdl-esm4
68,2018,56.58723212165363,ssp245,gfdl-esm4
69,2019,56.40349975881876,ssp245,gfdl-esm4
70,2020,53.158295369431194,ssp245,gfdl-esm4
71,2021,52.12279342102493,ssp245,gfdl-esm4
72,2022,55.58021162050823,ssp245,gfdl-esm4
73,2023,56.03857488759955,ssp245,gfdl-esm4
74,2024,55.98500388376423,ssp245,gfdl-esm4
75,2025,55.94941587786707,ssp245,gfdl-esm4
76,2026,54.44252452660857,ssp245,gfdl-esm4
77,2027,54.24164107411467,ssp245,gfdl-esm4
78,2028,55.58769188999612,ssp245,gfdl-esm4
79,2029,54.682330244053595,ssp245,gfdl-esm4
80,2030,55.809137193071024,ssp245,gfdl-esm4
81,2031,56.861795783459364,ssp245,gfdl-esm4
82,2032,56.52733160230446,ssp245,gfdl-esm4
83,2033,57.79438265206007,ssp245,gfdl-esm4
84,2034,55.4796659164358,ssp245,gfdl-esm4
85,2035,54.83388375509232,ssp245,gfdl-esm4
86,2036,54.47881796463828,ssp245,gfdl-esm4
87,2037,54.84061547154171,ssp245,gfdl-esm4
88,2038,54.76322767139566,ssp245,gfdl-esm4
89,2039,54.88163961582295,ssp245,gfdl-esm4
90,2040,55.13352978708378,ssp245,gfdl-esm4
91,2041,56.88399742555316,ssp245,gfdl-esm4
92,2042,56.566930497288176,ssp245,gfdl-esm4
93,2043,55.89979389868433,ssp245,gfdl-esm4
94,2044,55.979968631260114,ssp245,gfdl-esm4
95,2045,55.754858634369164,ssp245,gfdl-esm4
96,2046,57.000618300595534,ssp245,gfdl-esm4
97,2047,57.17729004877508,ssp245,gfdl-esm4
98,2048,54.66629442605968,ssp245,gfdl-esm4
99,2049,56.04368178071358,ssp245,gfdl-esm4
100,2050,57.30016014310105,ssp245,gfdl-esm4
101,2051,57.12705521532311,ssp245,gfdl-esm4
102,2052,55.65576113339445,ssp245,gfdl-esm4
103,2053,55.58592012775546,ssp245,gfdl-esm4
104,2054,56.746778436710116,ssp245,gfdl-esm4
105,2055,56.60392443533213,ssp245,gfdl-esm4
106,2056,57.11906929128855,ssp245,gfdl-esm4
107,2057,56.56032541317595,ssp245,gfdl-esm4
108,2058,56.720026134079454,ssp245,gfdl-esm4
109,2059,58.2574432881865,ssp245,gfdl-esm4
110,2060,56.637320220468226,ssp245,gfdl-esm4
111,2061,56.256990862284894,ssp245,gfdl-esm4
112,2062,56.86508933520875,ssp245,gfdl-esm4
113,2063,57.69025642356215,ssp245,gfdl-esm4
114,2064,57.17960301101265,ssp245,gfdl-esm4
115,2065,57.84259256973754,ssp245,gfdl-esm4
116,2066,56.2905727446557,ssp245,gfdl-esm4
117,2067,58.28077469907095,ssp245,gfdl-esm4
118,2068,56.371879022970546,ssp245,gfdl-esm4
119,2069,55.849348746085,ssp245,gfdl-esm4
120,2070,58.242049190733034,ssp245,gfdl-esm4
121,2071,57.62947650796357,ssp245,gfdl-esm4
122,2072,55.27404539356905,ssp245,gfdl-esm4
123,2073,59.09423428022206,ssp245,gfdl-esm4
124,2074,56.67778739863221,ssp245,gfdl-esm4
125,2075,56.74822942705404,ssp245,gfdl-esm4
126,2076,57.16498426050262,ssp245,gfdl-esm4
127,2077,56.942959118178706,ssp245,gfdl-esm4
128,2078,58.3823954392985,ssp245,gfdl-esm4
129,2079,57.38222820732698,ssp245,gfdl-esm4
130,2080,59.184712206205475,ssp245,gfdl-esm4
131,2081,57.37045718152689,ssp245,gfdl-esm4
132,2082,57.75598203974025,ssp245,gfdl-esm4
133,2083,58.40728400177127,ssp245,gfdl-esm4
134,2084,58.59506704344582,ssp245,gfdl-esm4
135,2085,57.63639861519458,ssp245,gfdl-esm4
136,2086,58.33644961618359,ssp245,gfdl-esm4
137,2087,59.37438968962846,ssp245,gfdl-esm4
138,2088,58.38509517337806,ssp245,gfdl-esm4
139,2089,58.60140842902314,ssp245,gfdl-esm4
140,2090,58.37694423406689,ssp245,gfdl-esm4
141,2091,55.9007197432085,ssp245,gfdl-esm4
142,2092,57.937379651986745,ssp245,gfdl-esm4
143,2093,57.4494173177853,ssp245,gfdl-esm4
144,2094,57.16224079898844,ssp245,gfdl-esm4
145,2095,59.341651209149,ssp245,gfdl-esm4
146,2096,59.44701356897495,ssp245,gfdl-esm4
147,2097,57.64241208950399,ssp245,gfdl-esm4
148,2098,57.391627384037186,ssp245,gfdl-esm4
149,2099,58.693289644811706,ssp245,gfdl-esm4
150,2100,58.933745020510685,ssp245,gfdl-esm4
0,1950,51.800808470999584,ssp245,mri-esm2-0
1,1951,53.45161723324851,ssp245,mri-esm2-0
2,1952,50.717466675230305,ssp245,mri-esm2-0
3,1953,53.96301113455302,ssp245,mri-esm2-0
4,1954,50.28111333195955,ssp245,mri-esm2-0
5,1955,50.86343009480293,ssp245,mri-esm2-0
6,1956,53.67515686186167,ssp245,mri-esm2-0
7,1957,54.56303770975497,ssp245,mri-esm2-0
8,1958,52.52999608012684,ssp245,mri-esm2-0
9,1959,52.98569349456484,ssp245,mri-esm2-0
10,1960,53.78658540753768,ssp245,mri-esm2-0
11,1961,52.60185792761627,ssp245,mri-esm2-0
12,1962,53.04123941060595,ssp245,mri-esm2-0
13,1963,50.7412811844125,ssp245,mri-esm2-0
14,1964,52.07883202728376,ssp245,mri-esm2-0
15,1965,50.173877383774624,ssp245,mri-esm2-0
16,1966,52.90686060663698,ssp245,mri-esm2-0
17,1967,53.43456009791132,ssp245,mri-esm2-0
18,1968,52.70718844167998,ssp245,mri-esm2-0
19,1969,52.744103415937275,ssp245,mri-esm2-0
20,1970,52.586404888551975,ssp245,mri-esm2-0
21,1971,53.750568091857566,ssp245,mri-esm2-0
22,1972,52.50528651245947,ssp245,mri-esm2-0
23,1973,53.07351287047205,ssp245,mri-esm2-0
24,1974,50.48007751973036,ssp245,mri-esm2-0
25,1975,52.36443808204571,ssp245,mri-esm2-0
26,1976,50.91178081440958,ssp245,mri-esm2-0
27,1977,54.344814549848145,ssp245,mri-esm2-0
28,1978,52.39302402320717,ssp245,mri-esm2-0
29,1979,54.175450101504445,ssp245,mri-esm2-0
30,1980,50.74756071266552,ssp245,mri-esm2-0
31,1981,51.229496222732365,ssp245,mri-esm2-0
32,1982,52.21682481327758,ssp245,mri-esm2-0
33,1983,53.17575098488661,ssp245,mri-esm2-0
34,1984,52.1963682684109,ssp245,mri-esm2-0
35,1985,53.19025772365167,ssp245,mri-esm2-0
36,1986,51.950060801463785,ssp245,mri-esm2-0
37,1987,50.02659455251791,ssp245,mri-esm2-0
38,1988,51.9219268143389,ssp245,mri-esm2-0
39,1989,51.790562754568846,ssp245,mri-esm2-0
40,1990,50.91971897120304,ssp245,mri-esm2-0
41,1991,52.123212205326645,ssp245,mri-esm2-0
42,1992,50.86400028809877,ssp245,mri-esm2-0
43,1993,51.489823475716136,ssp245,mri-esm2-0
44,1994,51.7699879017477,ssp245,mri-esm2-0
45,1995,52.74330525857361,ssp245,mri-esm2-0
46,1996,51.77614150394744,ssp245,mri-esm2-0
47,1997,51.2884725260773,ssp245,mri-esm2-0
48,1998,52.70043381800872,ssp245,mri-esm2-0
49,1999,55.893784079641094,ssp245,mri-esm2-0
50,2000,54.468357532007374,ssp245,mri-esm2-0
51,2001,54.312306365238676,ssp245,mri-esm2-0
52,2002,53.68921024896266,ssp245,mri-esm2-0
53,2003,50.124037362937166,ssp245,mri-esm2-0
54,2004,54.677577561090054,ssp245,mri-esm2-0
55,2005,53.7884480815038,ssp245,mri-esm2-0
56,2006,55.89383334003055,ssp245,mri-esm2-0
57,2007,53.82044941924339,ssp245,mri-esm2-0
58,2008,52.972726104916376,ssp245,mri-esm2-0
59,2009,52.08611604238616,ssp245,mri-esm2-0
60,2010,55.15186242195311,ssp245,mri-esm2-0
61,2011,54.72748947462226,ssp245,mri-esm2-0
62,2012,52.77781571308467,ssp245,mri-esm2-0
63,2013,54.097461937570465,ssp245,mri-esm2-0
64,2014,55.746809284838875,ssp245,mri-esm2-0
65,2015,53.58702553919399,ssp245,mri-esm2-0
66,2016,55.07806710242575,ssp245,mri-esm2-0
67,2017,54.94170011853793,ssp245,mri-esm2-0
68,2018,55.414595467959586,ssp245,mri-esm2-0
69,2019,56.62211252916475,ssp245,mri-esm2-0
70,2020,55.547154708637834,ssp245,mri-esm2-0
71,2021,55.29249666921966,ssp245,mri-esm2-0
72,2022,55.06039609171702,ssp245,mri-esm2-0
73,2023,56.26855464899712,ssp245,mri-esm2-0
74,2024,55.22491068453505,ssp245,mri-esm2-0
75,2025,54.955778845493846,ssp245,mri-esm2-0
76,2026,54.906078911751585,ssp245,mri-esm2-0
77,2027,55.112418826897,ssp245,mri-esm2-0
78,2028,55.75896944148351,ssp245,mri-esm2-0
79,2029,56.61178623283727,ssp245,mri-esm2-0
80,2030,57.227933924783734,ssp245,mri-esm2-0
81,2031,57.50872414080062,ssp245,mri-esm2-0
82,2032,54.978075619899556,ssp245,mri-esm2-0
83,2033,54.71366482312392,ssp245,mri-esm2-0
84,2034,59.51873218085479,ssp245,mri-esm2-0
85,2035,56.347016151328326,ssp245,mri-esm2-0
86,2036,55.330554549766134,ssp245,mri-esm2-0
87,2037,55.444183351917516,ssp245,mri-esm2-0
88,2038,58.98955680547809,ssp245,mri-esm2-0
89,2039,55.42668105559226,ssp245,mri-esm2-0
90,2040,59.64556621798148,ssp245,mri-esm2-0
91,2041,57.80175892377378,ssp245,mri-esm2-0
92,2042,57.77619304545681,ssp245,mri-esm2-0
93,2043,57.497046856217445,ssp245,mri-esm2-0
94,2044,57.560011241701936,ssp245,mri-esm2-0
95,2045,55.973211208759544,ssp245,mri-esm2-0
96,2046,59.30437662605737,ssp245,mri-esm2-0
97,2047,57.62782714382466,ssp245,mri-esm2-0
98,2048,56.86582697192239,ssp245,mri-esm2-0
99,2049,59.57587944058281,ssp245,mri-esm2-0
100,2050,57.505225676454664,ssp245,mri-esm2-0
101,2051,56.55256916517361,ssp245,mri-esm2-0
102,2052,56.63659331405737,ssp245,mri-esm2-0
103,2053,58.16509645027891,ssp245,mri-esm2-0
104,2054,58.79539941937697,ssp245,mri-esm2-0
105,2055,59.79171168799572,ssp245,mri-esm2-0
106,2056,59.15139261818411,ssp245,mri-esm2-0
107,2057,58.50667089456784,ssp245,mri-esm2-0
108,2058,59.88800918457749,ssp245,mri-esm2-0
109,2059,56.53894573079962,ssp245,mri-esm2-0
110,2060,56.424872641636455,ssp245,mri-esm2-0
111,2061,56.22494329634298,ssp245,mri-esm2-0
112,2062,57.8269575657683,ssp245,mri-esm2-0
113,2063,60.50287115580802,ssp245,mri-esm2-0
114,2064,57.99254401155551,ssp245,mri-esm2-0
115,2065,57.62179371258274,ssp245,mri-esm2-0
116,2066,56.50635206607318,ssp245,mri-esm2-0
117,2067,59.96497100018811,ssp245,mri-esm2-0
118,2068,59.30121880193957,ssp245,mri-esm2-0
119,2069,57.85179199687866,ssp245,mri-esm2-0
120,2070,58.20253690523025,ssp245,mri-esm2-0
121,2071,58.947973713844036,ssp245,mri-esm2-0
122,2072,58.73845893813952,ssp245,mri-esm2-0
123,2073,56.78008107080012,ssp245,mri-esm2-0
124,2074,59.70027704838434,ssp245,mri-esm2-0
125,2075,58.49282423877757,ssp245,mri-esm2-0
126,2076,57.592359196018684,ssp245,mri-esm2-0
127,2077,59.13049331658822,ssp245,mri-esm2-0
128,2078,60.17804775602103,ssp245,mri-esm2-0
129,2079,59.114231343612296,ssp245,mri-esm2-0
130,2080,58.32624013924572,ssp245,mri-esm2-0
131,2081,58.497577865565425,ssp245,mri-esm2-0
132,2082,59.36119056470525,ssp245,mri-esm2-0
133,2083,59.82024212590676,ssp245,mri-esm2-0
134,2084,59.06892682886055,ssp245,mri-esm2-0
135,2085,58.090594027422426,ssp245,mri-esm2-0
136,2086,59.082033965093494,ssp245,mri-esm2-0
137,2087,57.10832183038947,ssp245,mri-esm2-0
138,2088,58.526514699569404,ssp245,mri-esm2-0
139,2089,57.760342913347216,ssp245,mri-esm2-0
140,2090,57.851116661004355,ssp245,mri-esm2-0
141,2091,60.77446013927623,ssp245,mri-esm2-0
142,2092,59.55317058577041,ssp245,mri-esm2-0
143,2093,60.3700973729302,ssp245,mri-esm2-0
144,2094,60.000784793995095,ssp245,mri-esm2-0
145,2095,59.137706669590536,ssp245,mri-esm2-0
146,2096,57.423267347445154,ssp245,mri-esm2-0
147,2097,59.445931103195434,ssp245,mri-esm2-0
148,2098,57.958999238616734,ssp245,mri-esm2-0
149,2099,59.34392870723828,ssp245,mri-esm2-0
150,2100,59.301008351722416,ssp245,mri-esm2-0
0,1950,50.13650493957096,ssp245,mpi-esm1-2-lr
1,1951,54.536627778192226,ssp245,mpi-esm1-2-lr
2,1952,52.09970767464239,ssp245,mpi-esm1-2-lr
3,1953,52.08233314825239,ssp245,mpi-esm1-2-lr
4,1954,50.966539407384346,ssp245,mpi-esm1-2-lr
5,1955,52.00108077541881,ssp245,mpi-esm1-2-lr
6,1956,52.2007374062295,ssp245,mpi-esm1-2-lr
7,1957,53.60138193629853,ssp245,mpi-esm1-2-lr
8,1958,55.30930944382866,ssp245,mpi-esm1-2-lr
9,1959,56.533809752488175,ssp245,mpi-esm1-2-lr
10,1960,52.43675533273486,ssp245,mpi-esm1-2-lr
11,1961,51.378147569657614,ssp245,mpi-esm1-2-lr
12,1962,52.923304551499704,ssp245,mpi-esm1-2-lr
13,1963,51.75405604145659,ssp245,mpi-esm1-2-lr
14,1964,50.2696452767594,ssp245,mpi-esm1-2-lr
15,1965,51.36220290688734,ssp245,mpi-esm1-2-lr
16,1966,51.42729696120892,ssp245,mpi-esm1-2-lr
17,1967,51.31878668488253,ssp245,mpi-esm1-2-lr
18,1968,54.706775085280896,ssp245,mpi-esm1-2-lr
19,1969,51.2389514186144,ssp245,mpi-esm1-2-lr
20,1970,48.83462756541888,ssp245,mpi-esm1-2-lr
21,1971,50.700299088077344,ssp245,mpi-esm1-2-lr
22,1972,48.8103820040353,ssp245,mpi-esm1-2-lr
23,1973,49.98333535349921,ssp245,mpi-esm1-2-lr
24,1974,52.07413891549166,ssp245,mpi-esm1-2-lr
25,1975,53.13104935944195,ssp245,mpi-esm1-2-lr
26,1976,52.39501731692154,ssp245,mpi-esm1-2-lr
27,1977,53.11881813181998,ssp245,mpi-esm1-2-lr
28,1978,53.14157361525991,ssp245,mpi-esm1-2-lr
29,1979,51.33631274788502,ssp245,mpi-esm1-2-lr
30,1980,51.61988113033501,ssp245,mpi-esm1-2-lr
31,1981,51.432815730871106,ssp245,mpi-esm1-2-lr
32,1982,53.422851298626036,ssp245,mpi-esm1-2-lr
33,1983,51.77489843202606,ssp245,mpi-esm1-2-lr
34,1984,53.75484266079105,ssp245,mpi-esm1-2-lr
35,1985,55.54459835349301,ssp245,mpi-esm1-2-lr
36,1986,52.631296702505686,ssp245,mpi-esm1-2-lr
37,1987,53.359880842764134,ssp245,mpi-esm1-2-lr
38,1988,53.16850349248709,ssp245,mpi-esm1-2-lr
39,1989,54.36711669742435,ssp245,mpi-esm1-2-lr
40,1990,51.90102313890161,ssp245,mpi-esm1-2-lr
41,1991,52.85739472866018,ssp245,mpi-esm1-2-lr
42,1992,51.14018859056684,ssp245,mpi-esm1-2-lr
43,1993,50.51853914932978,ssp245,mpi-esm1-2-lr
44,1994,54.77693011701122,ssp245,mpi-esm1-2-lr
45,1995,53.125878586014096,ssp245,mpi-esm1-2-lr
46,1996,54.70629233264463,ssp245,mpi-esm1-2-lr
47,1997,50.67935539904565,ssp245,mpi-esm1-2-lr
48,1998,50.8876464980027,ssp245,mpi-esm1-2-lr
49,1999,54.0693228060872,ssp245,mpi-esm1-2-lr
50,2000,52.89748442844631,ssp245,mpi-esm1-2-lr
51,2001,53.077336280658365,ssp245,mpi-esm1-2-lr
52,2002,53.81655438442353,ssp245,mpi-esm1-2-lr
53,2003,54.13084311121659,ssp245,mpi-esm1-2-lr
54,2004,56.521935604096385,ssp245,mpi-esm1-2-lr
55,2005,54.86971455002311,ssp245,mpi-esm1-2-lr
56,2006,55.35822630282276,ssp245,mpi-esm1-2-lr
57,2007,53.994962374564864,ssp245,mpi-esm1-2-lr
58,2008,52.99487568397112,ssp245,mpi-esm1-2-lr
59,2009,53.85561590619522,ssp245,mpi-esm1-2-lr
60,2010,52.987121833249006,ssp245,mpi-esm1-2-lr
61,2011,55.51866081359328,ssp245,mpi-esm1-2-lr
62,2012,50.42517677558295,ssp245,mpi-esm1-2-lr
63,2013,55.80378764382507,ssp245,mpi-esm1-2-lr
64,2014,54.21002485664368,ssp245,mpi-esm1-2-lr
65,2015,54.211261575545315,ssp245,mpi-esm1-2-lr
66,2016,53.98209762103311,ssp245,mpi-esm1-2-lr
67,2017,54.43298011626764,ssp245,mpi-esm1-2-lr
68,2018,55.48840774908191,ssp245,mpi-esm1-2-lr
69,2019,53.17847928791249,ssp245,mpi-esm1-2-lr
70,2020,51.32881643556837,ssp245,mpi-esm1-2-lr
71,2021,52.32622503333921,ssp245,mpi-esm1-2-lr
72,2022,54.73171107146405,ssp245,mpi-esm1-2-lr
73,2023,54.353683655096084,ssp245,mpi-esm1-2-lr
74,2024,54.925761014546495,ssp245,mpi-esm1-2-lr
75,2025,55.95694555369736,ssp245,mpi-esm1-2-lr
76,2026,53.87834035959477,ssp245,mpi-esm1-2-lr
77,2027,53.96379038773793,ssp245,mpi-esm1-2-lr
78,2028,53.295161202714525,ssp245,mpi-esm1-2-lr
79,2029,52.378100405662195,ssp245,mpi-esm1-2-lr
80,2030,55.76506273013126,ssp245,mpi-esm1-2-lr
81,2031,57.20373341621019,ssp245,mpi-esm1-2-lr
82,2032,54.19693564854555,ssp245,mpi-esm1-2-lr
83,2033,55.44104395289562,ssp245,mpi-esm1-2-lr
84,2034,55.440922297636156,ssp245,mpi-esm1-2-lr
85,2035,56.00003120645141,ssp245,mpi-esm1-2-lr
86,2036,57.9982337520319,ssp245,mpi-esm1-2-lr
87,2037,54.20064455390004,ssp245,mpi-esm1-2-lr
88,2038,56.43041279600494,ssp245,mpi-esm1-2-lr
89,2039,54.67234164236368,ssp245,mpi-esm1-2-lr
90,2040,56.11558602168939,ssp245,mpi-esm1-2-lr
91,2041,55.432681206527995,ssp245,mpi-esm1-2-lr
92,2042,53.91078582686519,ssp245,mpi-esm1-2-lr
93,2043,55.45829177627927,ssp245,mpi-esm1-2-lr
94,2044,56.27296102064475,ssp245,mpi-esm1-2-lr
95,2045,57.98245422869299,ssp245,mpi-esm1-2-lr
96,2046,55.276860540471375,ssp245,mpi-esm1-2-lr
97,2047,56.712439264288726,ssp245,mpi-esm1-2-lr
98,2048,56.81594498910122,ssp245,mpi-esm1-2-lr
99,2049,56.9142182420226,ssp245,mpi-esm1-2-lr
100,2050,55.76703231987523,ssp245,mpi-esm1-2-lr
101,2051,60.0275360820485,ssp245,mpi-esm1-2-lr
102,2052,58.245830786412085,ssp245,mpi-esm1-2-lr
103,2053,56.029394165452,ssp245,mpi-esm1-2-lr
104,2054,55.551092657746885,ssp245,mpi-esm1-2-lr
105,2055,56.85140070671793,ssp245,mpi-esm1-2-lr
106,2056,57.255676873965704,ssp245,mpi-esm1-2-lr
107,2057,55.79190667385256,ssp245,mpi-esm1-2-lr
108,2058,54.894225644840496,ssp245,mpi-esm1-2-lr
109,2059,56.04116913911234,ssp245,mpi-esm1-2-lr
110,2060,58.33535027397813,ssp245,mpi-esm1-2-lr
111,2061,60.144594282833914,ssp245,mpi-esm1-2-lr
112,2062,56.67184095626035,ssp245,mpi-esm1-2-lr
113,2063,57.83896071083669,ssp245,mpi-esm1-2-lr
114,2064,56.131267493539404,ssp245,mpi-esm1-2-lr
115,2065,57.69699423044716,ssp245,mpi-esm1-2-lr
116,2066,58.3587835641541,ssp245,mpi-esm1-2-lr
117,2067,55.42187614605545,ssp245,mpi-esm1-2-lr
118,2068,55.404591744149265,ssp245,mpi-esm1-2-lr
119,2069,56.65203928142889,ssp245,mpi-esm1-2-lr
120,2070,56.86608489151319,ssp245,mpi-esm1-2-lr
121,2071,56.067185793757986,ssp245,mpi-esm1-2-lr
122,2072,57.83645463242645,ssp245,mpi-esm1-2-lr
123,2073,57.00564867120885,ssp245,mpi-esm1-2-lr
124,2074,56.69708872377205,ssp245,mpi-esm1-2-lr
125,2075,54.80007083143515,ssp245,mpi-esm1-2-lr
126,2076,60.19925483417551,ssp245,mpi-esm1-2-lr
127,2077,58.755156303047116,ssp245,mpi-esm1-2-lr
128,2078,57.71683475783909,ssp245,mpi-esm1-2-lr
129,2079,61.03778606027263,ssp245,mpi-esm1-2-lr
130,2080,56.73678106001315,ssp245,mpi-esm1-2-lr
131,2081,57.62275548300581,ssp245,mpi-esm1-2-lr
132,2082,57.51217045069629,ssp245,mpi-esm1-2-lr
133,2083,56.87066005944165,ssp245,mpi-esm1-2-lr
134,2084,57.110130912245616,ssp245,mpi-esm1-2-lr
135,2085,58.169380905697025,ssp245,mpi-esm1-2-lr
136,2086,58.72457591757972,ssp245,mpi-esm1-2-lr
137,2087,56.96604858218254,ssp245,mpi-esm1-2-lr
138,2088,56.56485215635747,ssp245,mpi-esm1-2-lr
139,2089,57.540910695747385,ssp245,mpi-esm1-2-lr
140,2090,59.68524217570906,ssp245,mpi-esm1-2-lr
141,2091,57.810824220668735,ssp245,mpi-esm1-2-lr
142,2092,55.41969169023055,ssp245,mpi-esm1-2-lr
143,2093,57.46274952285739,ssp245,mpi-esm1-2-lr
144,2094,59.03118981889405,ssp245,mpi-esm1-2-lr
145,2095,60.527450032814826,ssp245,mpi-esm1-2-lr
146,2096,57.10111619080957,ssp245,mpi-esm1-2-lr
147,2097,56.09125538154745,ssp245,mpi-esm1-2-lr
148,2098,58.79588287725163,ssp245,mpi-esm1-2-lr
149,2099,59.56004383167128,ssp245,mpi-esm1-2-lr
150,2100,58.47874293724581,ssp245,mpi-esm1-2-lr
0,1950,52.555328854123815,ssp245,noresm2-lm
1,1951,53.097971954754335,ssp245,noresm2-lm
2,1952,52.51975296631008,ssp245,noresm2-lm
3,1953,52.17120228190322,ssp245,noresm2-lm
4,1954,52.21809091083709,ssp245,noresm2-lm
5,1955,52.70818856997053,ssp245,noresm2-lm
6,1956,53.32150186961665,ssp245,noresm2-lm
7,1957,52.1204399633802,ssp245,noresm2-lm
8,1958,53.46915336638392,ssp245,noresm2-lm
9,1959,53.330255119848985,ssp245,noresm2-lm
10,1960,51.22808335705888,ssp245,noresm2-lm
11,1961,51.083666385939026,ssp245,noresm2-lm
12,1962,51.862923068133746,ssp245,noresm2-lm
13,1963,50.53140560236177,ssp245,noresm2-lm
14,1964,49.92983724896098,ssp245,noresm2-lm
15,1965,51.48691579765732,ssp245,noresm2-lm
16,1966,53.81067011364954,ssp245,noresm2-lm
17,1967,51.83901172328464,ssp245,noresm2-lm
18,1968,51.600306177491625,ssp245,noresm2-lm
19,1969,52.08011092150588,ssp245,noresm2-lm
20,1970,52.59439182682769,ssp245,noresm2-lm
21,1971,49.66809007255965,ssp245,noresm2-lm
22,1972,50.78941815455814,ssp245,noresm2-lm
23,1973,51.837434746550905,ssp245,noresm2-lm
24,1974,53.82630497411338,ssp245,noresm2-lm
25,1975,51.871857370798416,ssp245,noresm2-lm
26,1976,51.676600791637796,ssp245,noresm2-lm
27,1977,52.68419365598787,ssp245,noresm2-lm
28,1978,53.04019699086824,ssp245,noresm2-lm
29,1979,50.352332702080474,ssp245,noresm2-lm
30,1980,53.94442985177517,ssp245,noresm2-lm
31,1981,49.3820777245381,ssp245,noresm2-lm
32,1982,51.89516360833776,ssp245,noresm2-lm
33,1983,52.77753971190286,ssp245,noresm2-lm
34,1984,52.15998563113259,ssp245,noresm2-lm
35,1985,51.22468170660267,ssp245,noresm2-lm
36,1986,50.70806076093488,ssp245,noresm2-lm
37,1987,54.80763439909221,ssp245,noresm2-lm
38,1988,52.28989042138414,ssp245,noresm2-lm
39,1989,52.23786979649576,ssp245,noresm2-lm
40,1990,53.02184143948946,ssp245,noresm2-lm
41,1991,52.83846541156603,ssp245,noresm2-lm
42,1992,54.88465818651813,ssp245,noresm2-lm
43,1993,53.7604399234713,ssp245,noresm2-lm
44,1994,53.833060015805096,ssp245,noresm2-lm
45,1995,52.455698745524145,ssp245,noresm2-lm
46,1996,55.59398308144512,ssp245,noresm2-lm
47,1997,53.441807899585584,ssp245,noresm2-lm
48,1998,54.20222818071993,ssp245,noresm2-lm
49,1999,52.784589368842845,ssp245,noresm2-lm
50,2000,54.91712253133687,ssp245,noresm2-lm
51,2001,54.19695960234302,ssp245,noresm2-lm
52,2002,56.027250430884976,ssp245,noresm2-lm
53,2003,52.5892581789078,ssp245,noresm2-lm
54,2004,54.8401193627409,ssp245,noresm2-lm
55,2005,54.85583370835156,ssp245,noresm2-lm
56,2006,53.84602450040566,ssp245,noresm2-lm
57,2007,54.51929146623638,ssp245,noresm2-lm
58,2008,53.46713715288359,ssp245,noresm2-lm
59,2009,55.94267062795863,ssp245,noresm2-lm
60,2010,53.92871513846812,ssp245,noresm2-lm
61,2011,56.81584044329515,ssp245,noresm2-lm
62,2012,53.626639262786966,ssp245,noresm2-lm
63,2013,51.56348231671675,ssp245,noresm2-lm
64,2014,54.82605698509204,ssp245,noresm2-lm
65,2015,55.79596355184379,ssp245,noresm2-lm
66,2016,54.54097565594507,ssp245,noresm2-lm
67,2017,55.87634777477744,ssp245,noresm2-lm
68,2018,55.02571371545698,ssp245,noresm2-lm
69,2019,56.24589122318434,ssp245,noresm2-lm
70,2020,54.96229190327877,ssp245,noresm2-lm
71,2021,55.20656859372317,ssp245,noresm2-lm
72,2022,54.066421609263834,ssp245,noresm2-lm
73,2023,55.93520186086645,ssp245,noresm2-lm
74,2024,56.48962767481578,ssp245,noresm2-lm
75,2025,56.1481014684975,ssp245,noresm2-lm
76,2026,54.21854827333327,ssp245,noresm2-lm
77,2027,53.3063995807451,ssp245,noresm2-lm
78,2028,54.20069718893295,ssp245,noresm2-lm
79,2029,55.60857704988194,ssp245,noresm2-lm
80,2030,54.954550690991184,ssp245,noresm2-lm
81,2031,52.87514182295398,ssp245,noresm2-lm
82,2032,56.91669165509181,ssp245,noresm2-lm
83,2033,55.20752870769216,ssp245,noresm2-lm
84,2034,56.18046885977459,ssp245,noresm2-lm
85,2035,55.97017333771049,ssp245,noresm2-lm
86,2036,55.56217340973304,ssp245,noresm2-lm
87,2037,58.68422661212112,ssp245,noresm2-lm
88,2038,56.351019072222584,ssp245,noresm2-lm
89,2039,55.91479647263237,ssp245,noresm2-lm
90,2040,57.52511164840453,ssp245,noresm2-lm
91,2041,57.57663157011722,ssp245,noresm2-lm
92,2042,58.48427456745517,ssp245,noresm2-lm
93,2043,57.96306933973387,ssp245,noresm2-lm
94,2044,55.28373240793994,ssp245,noresm2-lm
95,2045,56.51989145361044,ssp245,noresm2-lm
96,2046,58.16818590065623,ssp245,noresm2-lm
97,2047,57.80806913952865,ssp245,noresm2-lm
98,2048,58.32593026280993,ssp245,noresm2-lm
99,2049,55.82199855370056,ssp245,noresm2-lm
100,2050,56.92225436528784,ssp245,noresm2-lm
101,2051,57.0859504504685,ssp245,noresm2-lm
102,2052,56.192364656305266,ssp245,noresm2-lm
103,2053,58.06082875053838,ssp245,noresm2-lm
104,2054,56.2390813224124,ssp245,noresm2-lm
105,2055,58.0296469115058,ssp245,noresm2-lm
106,2056,56.1648946659339,ssp245,noresm2-lm
107,2057,55.722756673826495,ssp245,noresm2-lm
108,2058,56.637375386979706,ssp245,noresm2-lm
109,2059,57.29959416797085,ssp245,noresm2-lm
110,2060,56.9647400055469,ssp245,noresm2-lm
111,2061,57.220292225016394,ssp245,noresm2-lm
112,2062,58.15764680019573,ssp245,noresm2-lm
113,2063,57.76064771524905,ssp245,noresm2-lm
114,2064,57.44227340923343,ssp245,noresm2-lm
115,2065,57.17752278783047,ssp245,noresm2-lm
116,2066,57.30765074190347,ssp245,noresm2-lm
117,2067,57.99570591951216,ssp245,noresm2-lm
118,2068,58.76156817970311,ssp245,noresm2-lm
119,2069,57.626847512827034,ssp245,noresm2-lm
120,2070,58.83495369403888,ssp245,noresm2-lm
121,2071,56.867054441248904,ssp245,noresm2-lm
122,2072,59.02012097384409,ssp245,noresm2-lm
123,2073,58.772974099009865,ssp245,noresm2-lm
124,2074,60.048195791787364,ssp245,noresm2-lm
125,2075,58.950096128850156,ssp245,noresm2-lm
126,2076,57.555790992853105,ssp245,noresm2-lm
127,2077,57.413292257702736,ssp245,noresm2-lm
128,2078,57.26531147916904,ssp245,noresm2-lm
129,2079,58.823542312096905,ssp245,noresm2-lm
130,2080,61.30802028703185,ssp245,noresm2-lm
131,2081,58.49257830514485,ssp245,noresm2-lm
132,2082,58.56381423934154,ssp245,noresm2-lm
133,2083,57.227507974521764,ssp245,noresm2-lm
134,2084,59.562154928101066,ssp245,noresm2-lm
135,2085,56.77327634393118,ssp245,noresm2-lm
136,2086,61.80698298672492,ssp245,noresm2-lm
137,2087,58.41608976817703,ssp245,noresm2-lm
138,2088,55.32336134841407,ssp245,noresm2-lm
139,2089,58.75787952621996,ssp245,noresm2-lm
140,2090,55.591891512018044,ssp245,noresm2-lm
141,2091,59.36609733102778,ssp245,noresm2-lm
142,2092,59.41647338751743,ssp245,noresm2-lm
143,2093,60.68855494465178,ssp245,noresm2-lm
144,2094,60.022770140907845,ssp245,noresm2-lm
145,2095,59.34140779716049,ssp245,noresm2-lm
146,2096,59.39155517726604,ssp245,noresm2-lm
147,2097,62.08686560320575,ssp245,noresm2-lm
148,2098,60.91992033142319,ssp245,noresm2-lm
149,2099,59.40955254182956,ssp245,noresm2-lm
150,2100,59.928722690814006,ssp245,noresm2-lm
0,1950,51.5620168660328,ssp245,inm-cm4-8
1,1951,53.611802915061155,ssp245,inm-cm4-8
2,1952,52.01143871631579,ssp245,inm-cm4-8
3,1953,54.763484622269566,ssp245,inm-cm4-8
4,1954,51.296565381233066,ssp245,inm-cm4-8
5,1955,52.84661905109518,ssp245,inm-cm4-8
6,1956,53.994507769927736,ssp245,inm-cm4-8
7,1957,51.89636617463701,ssp245,inm-cm4-8
8,1958,52.998694818801226,ssp245,inm-cm4-8
9,1959,52.16757358701441,ssp245,inm-cm4-8
10,1960,52.25985772056493,ssp245,inm-cm4-8
11,1961,53.99939403964416,ssp245,inm-cm4-8
12,1962,54.53210667230543,ssp245,inm-cm4-8
13,1963,52.528705915327905,ssp245,inm-cm4-8
14,1964,52.68347372342295,ssp245,inm-cm4-8
15,1965,51.61092137754071,ssp245,inm-cm4-8
16,1966,53.71734207809261,ssp245,inm-cm4-8
17,1967,51.23940435227161,ssp245,inm-cm4-8
18,1968,50.79446055100001,ssp245,inm-cm4-8
19,1969,51.525593208054005,ssp245,inm-cm4-8
20,1970,52.82550166562807,ssp245,inm-cm4-8
21,1971,51.750964949984414,ssp245,inm-cm4-8
22,1972,52.43531628331708,ssp245,inm-cm4-8
23,1973,49.52092946756992,ssp245,inm-cm4-8
24,1974,51.141293654775666,ssp245,inm-cm4-8
25,1975,53.506818416378316,ssp245,inm-cm4-8
26,1976,52.392314476145486,ssp245,inm-cm4-8
27,1977,51.75577178522012,ssp245,inm-cm4-8
28,1978,50.82595600406118,ssp245,inm-cm4-8
29,1979,51.59396249655381,ssp245,inm-cm4-8
30,1980,53.14357609206955,ssp245,inm-cm4-8
31,1981,51.888228385306164,ssp245,inm-cm4-8
32,1982,53.34153185992751,ssp245,inm-cm4-8
33,1983,50.93221687116455,ssp245,inm-cm4-8
34,1984,50.72200821867057,ssp245,inm-cm4-8
35,1985,53.72220815821922,ssp245,inm-cm4-8
36,1986,53.09331239725294,ssp245,inm-cm4-8
37,1987,51.59724376996872,ssp245,inm-cm4-8
38,1988,52.37005962818567,ssp245,inm-cm4-8
39,1989,51.72374756501256,ssp245,inm-cm4-8
40,1990,51.47239013836059,ssp245,inm-cm4-8
41,1991,53.97460776353006,ssp245,inm-cm4-8
42,1992,49.9228078947662,ssp245,inm-cm4-8
43,1993,50.516601248598235,ssp245,inm-cm4-8
44,1994,54.140288300026924,ssp245,inm-cm4-8
45,1995,54.68022245420792,ssp245,inm-cm4-8
46,1996,53.18582079274731,ssp245,inm-cm4-8
47,1997,52.926493030877396,ssp245,inm-cm4-8
48,1998,52.90815932423188,ssp245,inm-cm4-8
49,1999,53.367173942023754,ssp245,inm-cm4-8
50,2000,54.30088352737287,ssp245,inm-cm4-8
51,2001,52.83996059111782,ssp245,inm-cm4-8
52,2002,52.9689481663992,ssp245,inm-cm4-8
53,2003,54.61269967478448,ssp245,inm-cm4-8
54,2004,55.61372239168366,ssp245,inm-cm4-8
55,2005,53.20403487524835,ssp245,inm-cm4-8
56,2006,53.08316874295082,ssp245,inm-cm4-8
57,2007,53.947965426056655,ssp245,inm-cm4-8
58,2008,53.06561232179865,ssp245,inm-cm4-8
59,2009,54.041229555450165,ssp245,inm-cm4-8
60,2010,54.19295356274691,ssp245,inm-cm4-8
61,2011,50.85036554455958,ssp245,inm-cm4-8
62,2012,53.51275575889031,ssp245,inm-cm4-8
63,2013,55.6361873844603,ssp245,inm-cm4-8
64,2014,52.83015902175847,ssp245,inm-cm4-8
65,2015,53.37266358743835,ssp245,inm-cm4-8
66,2016,54.091889500837,ssp245,inm-cm4-8
67,2017,54.188958242349365,ssp245,inm-cm4-8
68,2018,52.72898458832079,ssp245,inm-cm4-8
69,2019,53.44634794929532,ssp245,inm-cm4-8
70,2020,55.97700654598931,ssp245,inm-cm4-8
71,2021,55.9918275441952,ssp245,inm-cm4-8
72,2022,57.33149022978346,ssp245,inm-cm4-8
73,2023,53.230156622456576,ssp245,inm-cm4-8
74,2024,53.804154716945206,ssp245,inm-cm4-8
75,2025,53.86051941928508,ssp245,inm-cm4-8
76,2026,57.018629787165445,ssp245,inm-cm4-8
77,2027,55.359457783974456,ssp245,inm-cm4-8
78,2028,54.98797965517846,ssp245,inm-cm4-8
79,2029,54.636397089632325,ssp245,inm-cm4-8
80,2030,54.112689775349345,ssp245,inm-cm4-8
81,2031,54.841355421941884,ssp245,inm-cm4-8
82,2032,53.70789077560195,ssp245,inm-cm4-8
83,2033,54.08667620667136,ssp245,inm-cm4-8
84,2034,55.80847121498297,ssp245,inm-cm4-8
85,2035,54.43627745878515,ssp245,inm-cm4-8
86,2036,54.08958116539662,ssp245,inm-cm4-8
87,2037,54.506508369114584,ssp245,inm-cm4-8
88,2038,55.153675852608735,ssp245,inm-cm4-8
89,2039,57.206289025688896,ssp245,inm-cm4-8
90,2040,55.056845978692095,ssp245,inm-cm4-8
91,2041,55.51774947019119,ssp245,inm-cm4-8
92,2042,57.13018529823231,ssp245,inm-cm4-8
93,2043,54.653920791605024,ssp245,inm-cm4-8
94,2044,54.97153959817528,ssp245,inm-cm4-8
95,2045,55.05468154195417,ssp245,inm-cm4-8
96,2046,55.77226380096652,ssp245,inm-cm4-8
97,2047,55.40157632471181,ssp245,inm-cm4-8
98,2048,55.48493997895015,ssp245,inm-cm4-8
99,2049,55.82821364372724,ssp245,inm-cm4-8
100,2050,55.42235548458169,ssp245,inm-cm4-8
101,2051,54.697606888983714,ssp245,inm-cm4-8
102,2052,54.610607509774624,ssp245,inm-cm4-8
103,2053,56.054456941880666,ssp245,inm-cm4-8
104,2054,54.08982620347778,ssp245,inm-cm4-8
105,2055,55.80540393158652,ssp245,inm-cm4-8
106,2056,56.56975200297996,ssp245,inm-cm4-8
107,2057,56.15530304832649,ssp245,inm-cm4-8
108,2058,55.79894251558684,ssp245,inm-cm4-8
109,2059,59.11247573190615,ssp245,inm-cm4-8
110,2060,57.33276126731106,ssp245,inm-cm4-8
111,2061,55.400074090390014,ssp245,inm-cm4-8
112,2062,56.88858079604519,ssp245,inm-cm4-8
113,2063,55.750950930892955,ssp245,inm-cm4-8
114,2064,57.18098633436177,ssp245,inm-cm4-8
115,2065,55.86804353055631,ssp245,inm-cm4-8
116,2066,58.21575485736664,ssp245,inm-cm4-8
117,2067,54.74135982174995,ssp245,inm-cm4-8
118,2068,55.216997061455864,ssp245,inm-cm4-8
119,2069,53.922264108378776,ssp245,inm-cm4-8
120,2070,54.665915529054544,ssp245,inm-cm4-8
121,2071,55.267135082356276,ssp245,inm-cm4-8
122,2072,56.593835098493905,ssp245,inm-cm4-8
123,2073,56.61012527976165,ssp245,inm-cm4-8
124,2074,57.87256185730653,ssp245,inm-cm4-8
125,2075,58.620829593201016,ssp245,inm-cm4-8
126,2076,56.76966565759372,ssp245,inm-cm4-8
127,2077,56.88767344734789,ssp245,inm-cm4-8
128,2078,57.17912651961544,ssp245,inm-cm4-8
129,2079,56.09995734854799,ssp245,inm-cm4-8
130,2080,56.99958650227581,ssp245,inm-cm4-8
131,2081,55.58825544567979,ssp245,inm-cm4-8
132,2082,58.89123231579345,ssp245,inm-cm4-8
133,2083,57.24448564210219,ssp245,inm-cm4-8
134,2084,56.22333043897472,ssp245,inm-cm4-8
135,2085,56.74359153542889,ssp245,inm-cm4-8
136,2086,58.18928085080801,ssp245,inm-cm4-8
137,2087,56.99379490398272,ssp245,inm-cm4-8
138,2088,56.91648249769774,ssp245,inm-cm4-8
139,2089,55.999916670888986,ssp245,inm-cm4-8
140,2090,56.749444805917506,ssp245,inm-cm4-8
141,2091,54.51206166570444,ssp245,inm-cm4-8
142,2092,54.9941686404072,ssp245,inm-cm4-8
143,2093,58.13760892993282,ssp245,inm-cm4-8
144,2094,58.052862947371665,ssp245,inm-cm4-8
145,2095,56.79675863501623,ssp245,inm-cm4-8
146,2096,56.749315939420114,ssp245,inm-cm4-8
147,2097,55.6977085756894,ssp245,inm-cm4-8
148,2098,54.47630179562537,ssp245,inm-cm4-8
149,2099,57.71914260365218,ssp245,inm-cm4-8
150,2100,55.75573886277977,ssp245,inm-cm4-8
0,1950,52.61730018507142,ssp245,inm-cm5-0
1,1951,51.664216175028066,ssp245,inm-cm5-0
2,1952,51.38293292307741,ssp245,inm-cm5-0
3,1953,51.28037832676941,ssp245,inm-cm5-0
4,1954,53.06262130484614,ssp245,inm-cm5-0
5,1955,52.77311617401512,ssp245,inm-cm5-0
6,1956,52.07115563992242,ssp245,inm-cm5-0
7,1957,52.48304746364779,ssp245,inm-cm5-0
8,1958,52.82864245272144,ssp245,inm-cm5-0
9,1959,53.085113092553314,ssp245,inm-cm5-0
10,1960,53.78070926043426,ssp245,inm-cm5-0
11,1961,50.80843173278497,ssp245,inm-cm5-0
12,1962,53.96889898106512,ssp245,inm-cm5-0
13,1963,51.891712236280725,ssp245,inm-cm5-0
14,1964,52.785047554956286,ssp245,inm-cm5-0
15,1965,51.71611895878655,ssp245,inm-cm5-0
16,1966,50.84658153801085,ssp245,inm-cm5-0
17,1967,53.109084575757315,ssp245,inm-cm5-0
18,1968,52.92914769862153,ssp245,inm-cm5-0
19,1969,53.84540505033742,ssp245,inm-cm5-0
20,1970,52.6575472080695,ssp245,inm-cm5-0
21,1971,52.39893924922767,ssp245,inm-cm5-0
22,1972,50.46486783942835,ssp245,inm-cm5-0
23,1973,52.924466897498654,ssp245,inm-cm5-0
24,1974,51.22577915552138,ssp245,inm-cm5-0
25,1975,52.479629923664056,ssp245,inm-cm5-0
26,1976,53.97823215757815,ssp245,inm-cm5-0
27,1977,52.96783308536056,ssp245,inm-cm5-0
28,1978,52.12932630088979,ssp245,inm-cm5-0
29,1979,54.116719603257025,ssp245,inm-cm5-0
30,1980,52.22497456395648,ssp245,inm-cm5-0
31,1981,50.52798065822666,ssp245,inm-cm5-0
32,1982,50.6722395196793,ssp245,inm-cm5-0
33,1983,50.62848659193746,ssp245,inm-cm5-0
34,1984,52.7285250222157,ssp245,inm-cm5-0
35,1985,51.25937488753427,ssp245,inm-cm5-0
36,1986,53.35408847305738,ssp245,inm-cm5-0
37,1987,52.69899130606144,ssp245,inm-cm5-0
38,1988,52.130767946262885,ssp245,inm-cm5-0
39,1989,53.543498436516714,ssp245,inm-cm5-0
40,1990,54.28146526665694,ssp245,inm-cm5-0
41,1991,54.62883578060962,ssp245,inm-cm5-0
42,1992,50.9353348983662,ssp245,inm-cm5-0
43,1993,52.82543660099111,ssp245,inm-cm5-0
44,1994,51.678910905298345,ssp245,inm-cm5-0
45,1995,51.785487729846096,ssp245,inm-cm5-0
46,1996,53.42191387781288,ssp245,inm-cm5-0
47,1997,52.81490870480168,ssp245,inm-cm5-0
48,1998,53.23828535933195,ssp245,inm-cm5-0
49,1999,52.45341164484437,ssp245,inm-cm5-0
50,2000,53.866291605394245,ssp245,inm-cm5-0
51,2001,53.461772160134146,ssp245,inm-cm5-0
52,2002,54.90637628647216,ssp245,inm-cm5-0
53,2003,54.3495331986189,ssp245,inm-cm5-0
54,2004,55.297851451850825,ssp245,inm-cm5-0
55,2005,54.45040853283766,ssp245,inm-cm5-0
56,2006,53.45611548429363,ssp245,inm-cm5-0
57,2007,54.34740475002516,ssp245,inm-cm5-0
58,2008,55.48362765931817,ssp245,inm-cm5-0
59,2009,54.452910513801406,ssp245,inm-cm5-0
60,2010,53.81210170598534,ssp245,inm-cm5-0
61,2011,54.526750273834836,ssp245,inm-cm5-0
62,2012,53.762023322749876,ssp245,inm-cm5-0
63,2013,52.57141623882151,ssp245,inm-cm5-0
64,2014,56.089864539938624,ssp245,inm-cm5-0
65,2015,54.30455195214612,ssp245,inm-cm5-0
66,2016,53.48242783865922,ssp245,inm-cm5-0
67,2017,54.661925303355254,ssp245,inm-cm5-0
68,2018,54.84950901423916,ssp245,inm-cm5-0
69,2019,55.93179663974247,ssp245,inm-cm5-0
70,2020,53.37634920875634,ssp245,inm-cm5-0
71,2021,55.27022405322471,ssp245,inm-cm5-0
72,2022,52.6328211396524,ssp245,inm-cm5-0
73,2023,53.81957582644051,ssp245,inm-cm5-0
74,2024,54.68415132018554,ssp245,inm-cm5-0
75,2025,54.14789410786623,ssp245,inm-cm5-0
76,2026,54.995166072479165,ssp245,inm-cm5-0
77,2027,55.214586653654614,ssp245,inm-cm5-0
78,2028,55.53529734155888,ssp245,inm-cm5-0
79,2029,55.34267911121963,ssp245,inm-cm5-0
80,2030,55.88315954960579,ssp245,inm-cm5-0
81,2031,56.29428898216563,ssp245,inm-cm5-0
82,2032,57.04251261501096,ssp245,inm-cm5-0
83,2033,55.204443374428415,ssp245,inm-cm5-0
84,2034,53.67213345779795,ssp245,inm-cm5-0
85,2035,54.47680209037857,ssp245,inm-cm5-0
86,2036,55.70678385306506,ssp245,inm-cm5-0
87,2037,55.33453113949508,ssp245,inm-cm5-0
88,2038,55.799664841172216,ssp245,inm-cm5-0
89,2039,56.29915549831337,ssp245,inm-cm5-0
90,2040,55.90695026138184,ssp245,inm-cm5-0
91,2041,55.6392520772656,ssp245,inm-cm5-0
92,2042,56.44398835577261,ssp245,inm-cm5-0
93,2043,54.56515999692556,ssp245,inm-cm5-0
94,2044,55.33050278209362,ssp245,inm-cm5-0
95,2045,56.85743976223428,ssp245,inm-cm5-0
96,2046,54.50548979795204,ssp245,inm-cm5-0
97,2047,56.848618919112035,ssp245,inm-cm5-0
98,2048,57.36952133221064,ssp245,inm-cm5-0
99,2049,57.42889568733133,ssp245,inm-cm5-0
100,2050,55.869483119203785,ssp245,inm-cm5-0
101,2051,55.170000450114244,ssp245,inm-cm5-0
102,2052,54.98400012984226,ssp245,inm-cm5-0
103,2053,57.99093428256711,ssp245,inm-cm5-0
104,2054,55.75251263932418,ssp245,inm-cm5-0
105,2055,54.79609908665049,ssp245,inm-cm5-0
106,2056,56.845824153985035,ssp245,inm-cm5-0
107,2057,56.116151379578255,ssp245,inm-cm5-0
108,2058,57.16681702579392,ssp245,inm-cm5-0
109,2059,56.44459740121644,ssp245,inm-cm5-0
110,2060,55.00231837455927,ssp245,inm-cm5-0
111,2061,56.77023689709266,ssp245,inm-cm5-0
112,2062,55.13538154420813,ssp245,inm-cm5-0
113,2063,55.39297139589868,ssp245,inm-cm5-0
114,2064,55.4178522616852,ssp245,inm-cm5-0
115,2065,56.665477387103365,ssp245,inm-cm5-0
116,2066,55.61795382880685,ssp245,inm-cm5-0
117,2067,54.58736188354356,ssp245,inm-cm5-0
118,2068,56.7289520699271,ssp245,inm-cm5-0
119,2069,57.16118524462576,ssp245,inm-cm5-0
120,2070,56.33378456718278,ssp245,inm-cm5-0
121,2071,56.52421289886329,ssp245,inm-cm5-0
122,2072,56.094837546365504,ssp245,inm-cm5-0
123,2073,53.91713538926482,ssp245,inm-cm5-0
124,2074,57.00520447521259,ssp245,inm-cm5-0
125,2075,54.881596365178986,ssp245,inm-cm5-0
126,2076,57.03509821704147,ssp245,inm-cm5-0
127,2077,56.395662003278325,ssp245,inm-cm5-0
128,2078,56.70197188179112,ssp245,inm-cm5-0
129,2079,56.41366279214059,ssp245,inm-cm5-0
130,2080,56.950090524447944,ssp245,inm-cm5-0
131,2081,57.71520510310925,ssp245,inm-cm5-0
132,2082,57.185122220627086,ssp245,inm-cm5-0
133,2083,58.9935198235265,ssp245,inm-cm5-0
134,2084,56.8543799103972,ssp245,inm-cm5-0
135,2085,57.96276897338659,ssp245,inm-cm5-0
136,2086,56.045468410785524,ssp245,inm-cm5-0
137,2087,57.531267576387044,ssp245,inm-cm5-0
138,2088,56.61439936520344,ssp245,inm-cm5-0
139,2089,59.06758386193415,ssp245,inm-cm5-0
140,2090,56.68812375133711,ssp245,inm-cm5-0
141,2091,57.24442505281893,ssp245,inm-cm5-0
142,2092,57.356039863934456,ssp245,inm-cm5-0
143,2093,56.986017429471595,ssp245,inm-cm5-0
144,2094,58.194210937881216,ssp245,inm-cm5-0
145,2095,56.34647480175622,ssp245,inm-cm5-0
146,2096,58.09495411661597,ssp245,inm-cm5-0
147,2097,55.23999938782224,ssp245,inm-cm5-0
148,2098,57.77041795924427,ssp245,inm-cm5-0
149,2099,55.529807863999196,ssp245,inm-cm5-0
150,2100,57.12982277938312,ssp245,inm-cm5-0
0,1950,51.600159481562066,ssp245,ipsl-cm6a-lr
1,1951,51.98462678352718,ssp245,ipsl-cm6a-lr
2,1952,49.77813472000993,ssp245,ipsl-cm6a-lr
3,1953,53.21860877581382,ssp245,ipsl-cm6a-lr
4,1954,52.1348286668548,ssp245,ipsl-cm6a-lr
5,1955,52.95684678922576,ssp245,ipsl-cm6a-lr
6,1956,52.53839530316024,ssp245,ipsl-cm6a-lr
7,1957,53.150341143626825,ssp245,ipsl-cm6a-lr
8,1958,53.40909132639478,ssp245,ipsl-cm6a-lr
9,1959,52.516613632529904,ssp245,ipsl-cm6a-lr
10,1960,51.312954657510176,ssp245,ipsl-cm6a-lr
11,1961,50.09095458904212,ssp245,ipsl-cm6a-lr
12,1962,52.59158582170139,ssp245,ipsl-cm6a-lr
13,1963,53.9576069523566,ssp245,ipsl-cm6a-lr
14,1964,52.72343674686005,ssp245,ipsl-cm6a-lr
15,1965,51.24379691523941,ssp245,ipsl-cm6a-lr
16,1966,51.2917624024933,ssp245,ipsl-cm6a-lr
17,1967,53.634500868206466,ssp245,ipsl-cm6a-lr
18,1968,50.36092160654451,ssp245,ipsl-cm6a-lr
19,1969,53.592811086567295,ssp245,ipsl-cm6a-lr
20,1970,52.00425880904221,ssp245,ipsl-cm6a-lr
21,1971,53.73722244916232,ssp245,ipsl-cm6a-lr
22,1972,52.712544197806636,ssp245,ipsl-cm6a-lr
23,1973,54.40008366787636,ssp245,ipsl-cm6a-lr
24,1974,52.51503216924749,ssp245,ipsl-cm6a-lr
25,1975,54.861312859406844,ssp245,ipsl-cm6a-lr
26,1976,52.91503479029847,ssp245,ipsl-cm6a-lr
27,1977,51.381088905189515,ssp245,ipsl-cm6a-lr
28,1978,49.967101686618264,ssp245,ipsl-cm6a-lr
29,1979,50.60446516025549,ssp245,ipsl-cm6a-lr
30,1980,49.945832228922754,ssp245,ipsl-cm6a-lr
31,1981,52.23291878246631,ssp245,ipsl-cm6a-lr
32,1982,52.56754092114944,ssp245,ipsl-cm6a-lr
33,1983,52.60299737629785,ssp245,ipsl-cm6a-lr
34,1984,52.32752099015127,ssp245,ipsl-cm6a-lr
35,1985,51.3620691328333,ssp245,ipsl-cm6a-lr
36,1986,54.58715444336848,ssp245,ipsl-cm6a-lr
37,1987,52.18860837015161,ssp245,ipsl-cm6a-lr
38,1988,52.16212129717862,ssp245,ipsl-cm6a-lr
39,1989,52.350793588577574,ssp245,ipsl-cm6a-lr
40,1990,54.59460304001447,ssp245,ipsl-cm6a-lr
41,1991,52.75201325352901,ssp245,ipsl-cm6a-lr
42,1992,50.45289756368136,ssp245,ipsl-cm6a-lr
43,1993,51.500796512375594,ssp245,ipsl-cm6a-lr
44,1994,52.420939288371336,ssp245,ipsl-cm6a-lr
45,1995,52.50968668049519,ssp245,ipsl-cm6a-lr
46,1996,53.85153619395908,ssp245,ipsl-cm6a-lr
47,1997,53.947322841095016,ssp245,ipsl-cm6a-lr
48,1998,53.16125894153949,ssp245,ipsl-cm6a-lr
49,1999,53.04625943706506,ssp245,ipsl-cm6a-lr
50,2000,52.690990054404615,ssp245,ipsl-cm6a-lr
51,2001,53.95686263397605,ssp245,ipsl-cm6a-lr
52,2002,53.982865171671065,ssp245,ipsl-cm6a-lr
53,2003,55.78464779022876,ssp245,ipsl-cm6a-lr
54,2004,56.613543137593346,ssp245,ipsl-cm6a-lr
55,2005,56.91404250250768,ssp245,ipsl-cm6a-lr
56,2006,53.54888000800751,ssp245,ipsl-cm6a-lr
57,2007,56.23732863267849,ssp245,ipsl-cm6a-lr
58,2008,52.13490765238362,ssp245,ipsl-cm6a-lr
59,2009,53.842322796405114,ssp245,ipsl-cm6a-lr
60,2010,56.77111016943411,ssp245,ipsl-cm6a-lr
61,2011,53.478200101112776,ssp245,ipsl-cm6a-lr
62,2012,52.5262518673439,ssp245,ipsl-cm6a-lr
63,2013,54.99983800241845,ssp245,ipsl-cm6a-lr
64,2014,55.582266451972814,ssp245,ipsl-cm6a-lr
65,2015,53.81339312650291,ssp245,ipsl-cm6a-lr
66,2016,56.82287204853174,ssp245,ipsl-cm6a-lr
67,2017,55.71291110103101,ssp245,ipsl-cm6a-lr
68,2018,52.99399150032348,ssp245,ipsl-cm6a-lr
69,2019,57.261769401552996,ssp245,ipsl-cm6a-lr
70,2020,55.741446034866854,ssp245,ipsl-cm6a-lr
71,2021,54.762789850913975,ssp245,ipsl-cm6a-lr
72,2022,56.67288095228773,ssp245,ipsl-cm6a-lr
73,2023,56.50696839807226,ssp245,ipsl-cm6a-lr
74,2024,57.81150663902746,ssp245,ipsl-cm6a-lr
75,2025,55.38463586971179,ssp245,ipsl-cm6a-lr
76,2026,56.48986140741475,ssp245,ipsl-cm6a-lr
77,2027,58.35397595068115,ssp245,ipsl-cm6a-lr
78,2028,56.26068090195944,ssp245,ipsl-cm6a-lr
79,2029,57.239411501273544,ssp245,ipsl-cm6a-lr
80,2030,55.82326942101458,ssp245,ipsl-cm6a-lr
81,2031,55.64860193656149,ssp245,ipsl-cm6a-lr
82,2032,56.113586156684654,ssp245,ipsl-cm6a-lr
83,2033,57.31605902864001,ssp245,ipsl-cm6a-lr
84,2034,56.85023477986686,ssp245,ipsl-cm6a-lr
85,2035,58.668575868405235,ssp245,ipsl-cm6a-lr
86,2036,56.43896989493051,ssp245,ipsl-cm6a-lr
87,2037,55.867048858935746,ssp245,ipsl-cm6a-lr
88,2038,57.95105358505469,ssp245,ipsl-cm6a-lr
89,2039,58.330708560064764,ssp245,ipsl-cm6a-lr
90,2040,56.71599226174331,ssp245,ipsl-cm6a-lr
91,2041,57.523105903205035,ssp245,ipsl-cm6a-lr
92,2042,57.69653655886178,ssp245,ipsl-cm6a-lr
93,2043,56.466320655542,ssp245,ipsl-cm6a-lr
94,2044,57.625555731486386,ssp245,ipsl-cm6a-lr
95,2045,57.45755850162357,ssp245,ipsl-cm6a-lr
96,2046,58.374243530781264,ssp245,ipsl-cm6a-lr
97,2047,58.066828616710644,ssp245,ipsl-cm6a-lr
98,2048,58.93611475507207,ssp245,ipsl-cm6a-lr
99,2049,58.42297323672882,ssp245,ipsl-cm6a-lr
100,2050,59.13154645831438,ssp245,ipsl-cm6a-lr
101,2051,60.932262180632115,ssp245,ipsl-cm6a-lr
102,2052,58.96875370964414,ssp245,ipsl-cm6a-lr
103,2053,58.620131413892175,ssp245,ipsl-cm6a-lr
104,2054,57.980055955652354,ssp245,ipsl-cm6a-lr
105,2055,58.457792901340746,ssp245,ipsl-cm6a-lr
106,2056,57.07243298066137,ssp245,ipsl-cm6a-lr
107,2057,59.86771635543985,ssp245,ipsl-cm6a-lr
108,2058,58.731795994569914,ssp245,ipsl-cm6a-lr
109,2059,60.46129486145745,ssp245,ipsl-cm6a-lr
110,2060,58.345898411895035,ssp245,ipsl-cm6a-lr
111,2061,60.82715707500823,ssp245,ipsl-cm6a-lr
112,2062,58.05982428215049,ssp245,ipsl-cm6a-lr
113,2063,59.51859279041509,ssp245,ipsl-cm6a-lr
114,2064,58.608625999011544,ssp245,ipsl-cm6a-lr
115,2065,59.97133905901408,ssp245,ipsl-cm6a-lr
116,2066,58.20722235639574,ssp245,ipsl-cm6a-lr
117,2067,58.39874512419752,ssp245,ipsl-cm6a-lr
118,2068,60.14225238155877,ssp245,ipsl-cm6a-lr
119,2069,60.37703003100045,ssp245,ipsl-cm6a-lr
120,2070,59.74210163016692,ssp245,ipsl-cm6a-lr
121,2071,58.21593561804573,ssp245,ipsl-cm6a-lr
122,2072,60.775825535680404,ssp245,ipsl-cm6a-lr
123,2073,61.200425448117485,ssp245,ipsl-cm6a-lr
124,2074,60.40982382002822,ssp245,ipsl-cm6a-lr
125,2075,59.40469977682103,ssp245,ipsl-cm6a-lr
126,2076,62.25358782951372,ssp245,ipsl-cm6a-lr
127,2077,60.34287639625382,ssp245,ipsl-cm6a-lr
128,2078,61.98682501306128,ssp245,ipsl-cm6a-lr
129,2079,61.07557785814772,ssp245,ipsl-cm6a-lr
130,2080,60.28011094933691,ssp245,ipsl-cm6a-lr
131,2081,59.958261999265616,ssp245,ipsl-cm6a-lr
132,2082,60.940665838466714,ssp245,ipsl-cm6a-lr
133,2083,59.24472009257821,ssp245,ipsl-cm6a-lr
134,2084,60.18340980063227,ssp245,ipsl-cm6a-lr
135,2085,61.263890007687365,ssp245,ipsl-cm6a-lr
136,2086,61.26601853378223,ssp245,ipsl-cm6a-lr
137,2087,61.71238551854231,ssp245,ipsl-cm6a-lr
138,2088,60.104531836638905,ssp245,ipsl-cm6a-lr
139,2089,62.14746295766497,ssp245,ipsl-cm6a-lr
140,2090,59.96238116081512,ssp245,ipsl-cm6a-lr
141,2091,59.911421748716236,ssp245,ipsl-cm6a-lr
142,2092,60.702227844261856,ssp245,ipsl-cm6a-lr
143,2093,61.238027563617294,ssp245,ipsl-cm6a-lr
144,2094,62.42276976162795,ssp245,ipsl-cm6a-lr
145,2095,62.79230753381838,ssp245,ipsl-cm6a-lr
146,2096,61.37368020952128,ssp245,ipsl-cm6a-lr
147,2097,62.30013384174959,ssp245,ipsl-cm6a-lr
148,2098,60.81314080123667,ssp245,ipsl-cm6a-lr
149,2099,60.669284952537375,ssp245,ipsl-cm6a-lr
150,2100,60.2059593564546,ssp245,ipsl-cm6a-lr
0,1950,53.16504373114261,ssp245,fgoals-g3
1,1951,53.18126404870666,ssp245,fgoals-g3
2,1952,50.546481949397425,ssp245,fgoals-g3
3,1953,51.31344871440676,ssp245,fgoals-g3
4,1954,52.958494071796586,ssp245,fgoals-g3
5,1955,52.39508299197858,ssp245,fgoals-g3
6,1956,52.294174349524475,ssp245,fgoals-g3
7,1957,54.66782909514322,ssp245,fgoals-g3
8,1958,53.67195528814722,ssp245,fgoals-g3
9,1959,51.79976594521155,ssp245,fgoals-g3
10,1960,54.129875811062306,ssp245,fgoals-g3
11,1961,53.35024478724259,ssp245,fgoals-g3
12,1962,53.408281097940666,ssp245,fgoals-g3
13,1963,51.015001870759704,ssp245,fgoals-g3
14,1964,49.9042757414793,ssp245,fgoals-g3
15,1965,51.04298735257537,ssp245,fgoals-g3
16,1966,53.04479189170237,ssp245,fgoals-g3
17,1967,53.59943796284918,ssp245,fgoals-g3
18,1968,52.050468430342384,ssp245,fgoals-g3
19,1969,50.96925368369904,ssp245,fgoals-g3
20,1970,54.5542421208033,ssp245,fgoals-g3
21,1971,55.02485799726804,ssp245,fgoals-g3
22,1972,51.182586165096716,ssp245,fgoals-g3
23,1973,50.6218165732827,ssp245,fgoals-g3
24,1974,52.25092425494441,ssp245,fgoals-g3
25,1975,51.69127118158559,ssp245,fgoals-g3
26,1976,52.076141988268894,ssp245,fgoals-g3
27,1977,51.90783029373849,ssp245,fgoals-g3
28,1978,51.065446045485814,ssp245,fgoals-g3
29,1979,52.34919695245357,ssp245,fgoals-g3
30,1980,53.20363618773183,ssp245,fgoals-g3
31,1981,53.18977511814778,ssp245,fgoals-g3
32,1982,52.439035678467,ssp245,fgoals-g3
33,1983,52.13050646944342,ssp245,fgoals-g3
34,1984,53.62631485668558,ssp245,fgoals-g3
35,1985,51.16663678218202,ssp245,fgoals-g3
36,1986,51.78782056234379,ssp245,fgoals-g3
37,1987,51.417955359829236,ssp245,fgoals-g3
38,1988,53.479041522411514,ssp245,fgoals-g3
39,1989,52.65667815956046,ssp245,fgoals-g3
40,1990,52.02562654969316,ssp245,fgoals-g3
41,1991,54.97115269471926,ssp245,fgoals-g3
42,1992,54.7141422276885,ssp245,fgoals-g3
43,1993,51.45644894125075,ssp245,fgoals-g3
44,1994,51.12813274191498,ssp245,fgoals-g3
45,1995,50.46572675532762,ssp245,fgoals-g3
46,1996,51.23856347164221,ssp245,fgoals-g3
47,1997,53.26013487017127,ssp245,fgoals-g3
48,1998,53.67469732482632,ssp245,fgoals-g3
49,1999,53.74913514478144,ssp245,fgoals-g3
50,2000,52.61881688786266,ssp245,fgoals-g3
51,2001,52.28215027563044,ssp245,fgoals-g3
52,2002,52.95990296392967,ssp245,fgoals-g3
53,2003,54.68651872525126,ssp245,fgoals-g3
54,2004,54.24030015831898,ssp245,fgoals-g3
55,2005,56.35552604194695,ssp245,fgoals-g3
56,2006,54.63980366831926,ssp245,fgoals-g3
57,2007,53.97105812559487,ssp245,fgoals-g3
58,2008,54.897798557101275,ssp245,fgoals-g3
59,2009,54.06537172249736,ssp245,fgoals-g3
60,2010,54.83676665391052,ssp245,fgoals-g3
61,2011,52.81216228090631,ssp245,fgoals-g3
62,2012,54.04847491672301,ssp245,fgoals-g3
63,2013,55.46234000150903,ssp245,fgoals-g3
64,2014,54.723417174519504,ssp245,fgoals-g3
65,2015,56.53308862186936,ssp245,fgoals-g3
66,2016,53.67475977146316,ssp245,fgoals-g3
67,2017,55.67658650597692,ssp245,fgoals-g3
68,2018,56.89945993787702,ssp245,fgoals-g3
69,2019,54.940052186710496,ssp245,fgoals-g3
70,2020,53.64452088394566,ssp245,fgoals-g3
71,2021,55.64463414119486,ssp245,fgoals-g3
72,2022,53.92433401248914,ssp245,fgoals-g3
73,2023,52.64607819418096,ssp245,fgoals-g3
74,2024,54.757344535455246,ssp245,fgoals-g3
75,2025,54.98684882242891,ssp245,fgoals-g3
76,2026,56.35396987346893,ssp245,fgoals-g3
77,2027,57.29918619736143,ssp245,fgoals-g3
78,2028,57.37550181679322,ssp245,fgoals-g3
79,2029,55.267063615080886,ssp245,fgoals-g3
80,2030,56.002098190094806,ssp245,fgoals-g3
81,2031,54.50138216661646,ssp245,fgoals-g3
82,2032,55.70896540913803,ssp245,fgoals-g3
83,2033,57.730418727917446,ssp245,fgoals-g3
84,2034,56.60080171454858,ssp245,fgoals-g3
85,2035,56.164743004084464,ssp245,fgoals-g3
86,2036,54.5115324252759,ssp245,fgoals-g3
87,2037,56.58102591013926,ssp245,fgoals-g3
88,2038,55.10369984703628,ssp245,fgoals-g3
89,2039,55.99734588114288,ssp245,fgoals-g3
90,2040,55.04464876427147,ssp245,fgoals-g3
91,2041,55.748869676568084,ssp245,fgoals-g3
92,2042,55.7547071338446,ssp245,fgoals-g3
93,2043,56.42462243980357,ssp245,fgoals-g3
94,2044,55.74901961575416,ssp245,fgoals-g3
95,2045,56.593582764457324,ssp245,fgoals-g3
96,2046,55.64042225657612,ssp245,fgoals-g3
97,2047,56.959783693351554,ssp245,fgoals-g3
98,2048,56.61909846201567,ssp245,fgoals-g3
99,2049,54.437294176027784,ssp245,fgoals-g3
100,2050,55.02457770553515,ssp245,fgoals-g3
101,2051,56.26947216169495,ssp245,fgoals-g3
102,2052,55.52681424705405,ssp245,fgoals-g3
103,2053,56.58553601172588,ssp245,fgoals-g3
104,2054,55.9360887371533,ssp245,fgoals-g3
105,2055,56.30765843246887,ssp245,fgoals-g3
106,2056,56.65522395619465,ssp245,fgoals-g3
107,2057,56.59791792937126,ssp245,fgoals-g3
108,2058,56.68027233230264,ssp245,fgoals-g3
109,2059,55.37437243408628,ssp245,fgoals-g3
110,2060,54.11202101547875,ssp245,fgoals-g3
111,2061,54.49367493017962,ssp245,fgoals-g3
112,2062,55.58778076851689,ssp245,fgoals-g3
113,2063,53.97098261773252,ssp245,fgoals-g3
114,2064,57.437231627335905,ssp245,fgoals-g3
115,2065,55.591783971857154,ssp245,fgoals-g3
116,2066,57.27836303794884,ssp245,fgoals-g3
117,2067,59.72393780207989,ssp245,fgoals-g3
118,2068,56.07923401020291,ssp245,fgoals-g3
119,2069,55.63414254387002,ssp245,fgoals-g3
120,2070,55.464246768490014,ssp245,fgoals-g3
121,2071,56.53899362801407,ssp245,fgoals-g3
122,2072,56.99850596622223,ssp245,fgoals-g3
123,2073,59.065642038409635,ssp245,fgoals-g3
124,2074,56.05529567580879,ssp245,fgoals-g3
125,2075,57.5804180200502,ssp245,fgoals-g3
126,2076,56.155568005285055,ssp245,fgoals-g3
127,2077,59.16452189795264,ssp245,fgoals-g3
128,2078,56.78324448617546,ssp245,fgoals-g3
129,2079,56.88669486811882,ssp245,fgoals-g3
130,2080,58.24248312382259,ssp245,fgoals-g3
131,2081,57.122197358225264,ssp245,fgoals-g3
132,2082,58.05477225270096,ssp245,fgoals-g3
133,2083,59.35868541931245,ssp245,fgoals-g3
134,2084,56.89555914065403,ssp245,fgoals-g3
135,2085,56.759695970527325,ssp245,fgoals-g3
136,2086,54.67790168511551,ssp245,fgoals-g3
137,2087,57.80913407150018,ssp245,fgoals-g3
138,2088,58.22256210431842,ssp245,fgoals-g3
139,2089,56.70098630401416,ssp245,fgoals-g3
140,2090,57.40645762549571,ssp245,fgoals-g3
141,2091,58.772205169210196,ssp245,fgoals-g3
142,2092,57.55066244125812,ssp245,fgoals-g3
143,2093,58.37510271699243,ssp245,fgoals-g3
144,2094,57.76096302684537,ssp245,fgoals-g3
145,2095,56.60718115366639,ssp245,fgoals-g3
146,2096,56.515565804926794,ssp245,fgoals-g3
147,2097,56.7114805303809,ssp245,fgoals-g3
148,2098,56.147819156565475,ssp245,fgoals-g3
149,2099,57.12654421186498,ssp245,fgoals-g3
150,2100,56.53870490407258,ssp245,fgoals-g3
0,1950,52.052327654978114,ssp245,access-cm2
1,1951,51.95445614916999,ssp245,access-cm2
2,1952,51.329019682995636,ssp245,access-cm2
3,1953,52.48529597254961,ssp245,access-cm2
4,1954,51.164013986303694,ssp245,access-cm2
5,1955,52.50222187863844,ssp245,access-cm2
6,1956,52.06565033023112,ssp245,access-cm2
7,1957,52.9187040554878,ssp245,access-cm2
8,1958,51.06849671097578,ssp245,access-cm2
9,1959,53.174934417697074,ssp245,access-cm2
10,1960,51.33366907964597,ssp245,access-cm2
11,1961,52.98337315115274,ssp245,access-cm2
12,1962,53.62024038307693,ssp245,access-cm2
13,1963,54.331358402572555,ssp245,access-cm2
14,1964,50.93636208889612,ssp245,access-cm2
15,1965,50.97942132622272,ssp245,access-cm2
16,1966,52.13451546337333,ssp245,access-cm2
17,1967,51.193192405899076,ssp245,access-cm2
18,1968,52.80932243438315,ssp245,access-cm2
19,1969,51.19216864594756,ssp245,access-cm2
20,1970,51.73188414894478,ssp245,access-cm2
21,1971,52.056136837439176,ssp245,access-cm2
22,1972,51.351095921156556,ssp245,access-cm2
23,1973,51.01002805940976,ssp245,access-cm2
24,1974,52.069301034415744,ssp245,access-cm2
25,1975,53.676921087057366,ssp245,access-cm2
26,1976,52.350047823843035,ssp245,access-cm2
27,1977,53.98224776556041,ssp245,access-cm2
28,1978,54.73800368525203,ssp245,access-cm2
29,1979,54.05080814624025,ssp245,access-cm2
30,1980,51.23341670683296,ssp245,access-cm2
31,1981,51.805506800732,ssp245,access-cm2
32,1982,53.549928624401964,ssp245,access-cm2
33,1983,51.677217967394355,ssp245,access-cm2
34,1984,53.715896768751485,ssp245,access-cm2
35,1985,52.68303271717787,ssp245,access-cm2
36,1986,54.06607142611457,ssp245,access-cm2
37,1987,52.68309345917627,ssp245,access-cm2
38,1988,53.23594401971085,ssp245,access-cm2
39,1989,53.71079785083259,ssp245,access-cm2
40,1990,51.86616088165675,ssp245,access-cm2
41,1991,52.225526601446994,ssp245,access-cm2
42,1992,51.00557731889828,ssp245,access-cm2
43,1993,52.63428709517845,ssp245,access-cm2
44,1994,51.45257123803357,ssp245,access-cm2
45,1995,51.37616453392944,ssp245,access-cm2
46,1996,51.46577563684727,ssp245,access-cm2
47,1997,52.943855785289884,ssp245,access-cm2
48,1998,53.782457515353336,ssp245,access-cm2
49,1999,51.822779186737385,ssp245,access-cm2
50,2000,54.72100059159202,ssp245,access-cm2
51,2001,54.83049992739254,ssp245,access-cm2
52,2002,55.720788434799545,ssp245,access-cm2
53,2003,54.400432904921146,ssp245,access-cm2
54,2004,53.092680224770824,ssp245,access-cm2
55,2005,53.3512326535386,ssp245,access-cm2
56,2006,55.77440881658545,ssp245,access-cm2
57,2007,53.114380186854824,ssp245,access-cm2
58,2008,54.3868701511615,ssp245,access-cm2
59,2009,53.033962649625636,ssp245,access-cm2
60,2010,55.59074665100788,ssp245,access-cm2
61,2011,55.31842395638436,ssp245,access-cm2
62,2012,55.79533493696738,ssp245,access-cm2
63,2013,54.760715744448916,ssp245,access-cm2
64,2014,55.034459334758765,ssp245,access-cm2
65,2015,56.2847361838254,ssp245,access-cm2
66,2016,55.65034047745703,ssp245,access-cm2
67,2017,55.12425841428301,ssp245,access-cm2
68,2018,56.779617512916246,ssp245,access-cm2
69,2019,56.07652221490703,ssp245,access-cm2
70,2020,56.61732419736567,ssp245,access-cm2
71,2021,54.37326275513181,ssp245,access-cm2
72,2022,54.81867289370996,ssp245,access-cm2
73,2023,56.785334867237765,ssp245,access-cm2
74,2024,56.040592124134385,ssp245,access-cm2
75,2025,56.332171738951175,ssp245,access-cm2
76,2026,56.27741454849681,ssp245,access-cm2
77,2027,59.01830807118489,ssp245,access-cm2
78,2028,56.52463432019771,ssp245,access-cm2
79,2029,60.32944939197859,ssp245,access-cm2
80,2030,56.580236230604285,ssp245,access-cm2
81,2031,56.44852285514207,ssp245,access-cm2
82,2032,56.561057606465525,ssp245,access-cm2
83,2033,57.55153241037927,ssp245,access-cm2
84,2034,56.98456491800935,ssp245,access-cm2
85,2035,55.743571700239386,ssp245,access-cm2
86,2036,54.23564167597514,ssp245,access-cm2
87,2037,55.24640474358659,ssp245,access-cm2
88,2038,58.840258544423904,ssp245,access-cm2
89,2039,56.53572134116518,ssp245,access-cm2
90,2040,54.92725162626375,ssp245,access-cm2
91,2041,58.49365381626748,ssp245,access-cm2
92,2042,59.0939066946199,ssp245,access-cm2
93,2043,60.88659770624657,ssp245,access-cm2
94,2044,58.61016975224425,ssp245,access-cm2
95,2045,58.309492990879725,ssp245,access-cm2
96,2046,56.967781753785935,ssp245,access-cm2
97,2047,58.86210500490719,ssp245,access-cm2
98,2048,57.51057693370199,ssp245,access-cm2
99,2049,58.075752534668844,ssp245,access-cm2
100,2050,60.723914578469135,ssp245,access-cm2
101,2051,60.01206577999365,ssp245,access-cm2
102,2052,58.99324914457799,ssp245,access-cm2
103,2053,60.0758312852974,ssp245,access-cm2
104,2054,61.578460161986605,ssp245,access-cm2
105,2055,59.75165940117825,ssp245,access-cm2
106,2056,60.13079650354412,ssp245,access-cm2
107,2057,59.388808649781815,ssp245,access-cm2
108,2058,60.22731825366168,ssp245,access-cm2
109,2059,60.245342854463416,ssp245,access-cm2
110,2060,59.99325550339516,ssp245,access-cm2
111,2061,60.26311529469831,ssp245,access-cm2
112,2062,60.80490327749442,ssp245,access-cm2
113,2063,60.6704695610102,ssp245,access-cm2
114,2064,58.10722752347401,ssp245,access-cm2
115,2065,59.74650162533036,ssp245,access-cm2
116,2066,61.07289678493462,ssp245,access-cm2
117,2067,60.672936243828644,ssp245,access-cm2
118,2068,59.20884520455223,ssp245,access-cm2
119,2069,60.07045124938741,ssp245,access-cm2
120,2070,60.48299023653771,ssp245,access-cm2
121,2071,61.090442912619025,ssp245,access-cm2
122,2072,59.81647760693759,ssp245,access-cm2
123,2073,62.71395620421269,ssp245,access-cm2
124,2074,61.31229657200598,ssp245,access-cm2
125,2075,60.87308741210664,ssp245,access-cm2
126,2076,60.158363626586016,ssp245,access-cm2
127,2077,59.89150405473578,ssp245,access-cm2
128,2078,61.62578624103239,ssp245,access-cm2
129,2079,59.56909317481068,ssp245,access-cm2
130,2080,59.64190079659835,ssp245,access-cm2
131,2081,61.01827465480485,ssp245,access-cm2
132,2082,60.46008207199379,ssp245,access-cm2
133,2083,62.26489689785957,ssp245,access-cm2
134,2084,61.94983563048901,ssp245,access-cm2
135,2085,60.116208698081785,ssp245,access-cm2
136,2086,60.841607496696064,ssp245,access-cm2
137,2087,61.28294060474835,ssp245,access-cm2
138,2088,60.802812776578456,ssp245,access-cm2
139,2089,61.84996783977436,ssp245,access-cm2
140,2090,61.595648668938615,ssp245,access-cm2
141,2091,61.67601751950183,ssp245,access-cm2
142,2092,59.68028905905538,ssp245,access-cm2
143,2093,62.38949648324009,ssp245,access-cm2
144,2094,63.113119983776926,ssp245,access-cm2
145,2095,61.8602622862743,ssp245,access-cm2
146,2096,60.451099793218305,ssp245,access-cm2
147,2097,62.45142841741169,ssp245,access-cm2
148,2098,62.87519733865616,ssp245,access-cm2
149,2099,61.93830347358484,ssp245,access-cm2
150,2100,62.240665773306134,ssp245,access-cm2
0,1950,54.61938585981619,ssp245,miroc6
1,1951,50.04816579952224,ssp245,miroc6
2,1952,51.88641231266875,ssp245,miroc6
3,1953,51.408887738112675,ssp245,miroc6
4,1954,52.21892531371316,ssp245,miroc6
5,1955,50.462951691217995,ssp245,miroc6
6,1956,53.5855974368455,ssp245,miroc6
7,1957,52.521522736046634,ssp245,miroc6
8,1958,52.97006474834384,ssp245,miroc6
9,1959,52.619904989480375,ssp245,miroc6
10,1960,53.04599412283685,ssp245,miroc6
11,1961,52.50695040152897,ssp245,miroc6
12,1962,51.89246768047551,ssp245,miroc6
13,1963,53.54609205004545,ssp245,miroc6
14,1964,50.28978884063073,ssp245,miroc6
15,1965,52.569462027828685,ssp245,miroc6
16,1966,51.82276733448864,ssp245,miroc6
17,1967,51.590224324710796,ssp245,miroc6
18,1968,53.966876543628125,ssp245,miroc6
19,1969,52.913790022615984,ssp245,miroc6
20,1970,53.610821763470284,ssp245,miroc6
21,1971,50.93740083035755,ssp245,miroc6
22,1972,52.74677762092546,ssp245,miroc6
23,1973,50.416835551601956,ssp245,miroc6
24,1974,53.66047693333504,ssp245,miroc6
25,1975,51.99194757358653,ssp245,miroc6
26,1976,52.236840166036735,ssp245,miroc6
27,1977,53.36795049555012,ssp245,miroc6
28,1978,53.83373156455681,ssp245,miroc6
29,1979,53.050160460656386,ssp245,miroc6
30,1980,56.53847779168039,ssp245,miroc6
31,1981,51.638252335175636,ssp245,miroc6
32,1982,51.213208902633696,ssp245,miroc6
33,1983,51.13298246146723,ssp245,miroc6
34,1984,52.049603235305376,ssp245,miroc6
35,1985,51.68068091309194,ssp245,miroc6
36,1986,52.98734623044752,ssp245,miroc6
37,1987,53.743651343626986,ssp245,miroc6
38,1988,52.09403533006847,ssp245,miroc6
39,1989,51.60415113863702,ssp245,miroc6
40,1990,52.46203808800911,ssp245,miroc6
41,1991,51.89873640387589,ssp245,miroc6
42,1992,50.710632940196064,ssp245,miroc6
43,1993,52.24948269901293,ssp245,miroc6
44,1994,52.14022020820688,ssp245,miroc6
45,1995,53.31298713839934,ssp245,miroc6
46,1996,54.39533842651627,ssp245,miroc6
47,1997,54.32794628349743,ssp245,miroc6
48,1998,50.74390969562513,ssp245,miroc6
49,1999,52.5520441448811,ssp245,miroc6
50,2000,54.78259604488226,ssp245,miroc6
51,2001,54.635551979854476,ssp245,miroc6
52,2002,55.53455703865086,ssp245,miroc6
53,2003,52.01729025805432,ssp245,miroc6
54,2004,53.21587487931321,ssp245,miroc6
55,2005,56.3138153157612,ssp245,miroc6
56,2006,53.96830193269445,ssp245,miroc6
57,2007,53.729389859024806,ssp245,miroc6
58,2008,53.669687889771474,ssp245,miroc6
59,2009,53.680038697957855,ssp245,miroc6
60,2010,54.76655990676983,ssp245,miroc6
61,2011,54.16915408074257,ssp245,miroc6
62,2012,53.616559456931796,ssp245,miroc6
63,2013,55.022298133399865,ssp245,miroc6
64,2014,55.70956418348428,ssp245,miroc6
65,2015,53.90639405317097,ssp245,miroc6
66,2016,54.993967465957965,ssp245,miroc6
67,2017,50.131987713549115,ssp245,miroc6
68,2018,54.109765594503145,ssp245,miroc6
69,2019,55.16060051809435,ssp245,miroc6
70,2020,54.57134668476472,ssp245,miroc6
71,2021,56.150159060131244,ssp245,miroc6
72,2022,54.06612801307726,ssp245,miroc6
73,2023,53.059763641323485,ssp245,miroc6
74,2024,55.436559330889736,ssp245,miroc6
75,2025,56.016738262159656,ssp245,miroc6
76,2026,54.731211781003026,ssp245,miroc6
77,2027,55.64458070731755,ssp245,miroc6
78,2028,55.741769106221135,ssp245,miroc6
79,2029,57.042888810999166,ssp245,miroc6
80,2030,58.04734985078793,ssp245,miroc6
81,2031,56.17917153714606,ssp245,miroc6
82,2032,56.09952247771579,ssp245,miroc6
83,2033,55.94877913078899,ssp245,miroc6
84,2034,57.73774262668717,ssp245,miroc6
85,2035,57.48142032522977,ssp245,miroc6
86,2036,52.809103386198146,ssp245,miroc6
87,2037,55.670270502443024,ssp245,miroc6
88,2038,55.43193601096723,ssp245,miroc6
89,2039,54.990534409390456,ssp245,miroc6
90,2040,55.51649807922785,ssp245,miroc6
91,2041,54.719466061281906,ssp245,miroc6
92,2042,52.99897471156921,ssp245,miroc6
93,2043,55.74288726686928,ssp245,miroc6
94,2044,58.548375089850026,ssp245,miroc6
95,2045,58.062363851431044,ssp245,miroc6
96,2046,55.70739188051602,ssp245,miroc6
97,2047,57.242242458885,ssp245,miroc6
98,2048,58.35630260249029,ssp245,miroc6
99,2049,57.84820362823257,ssp245,miroc6
100,2050,58.16368009110454,ssp245,miroc6
101,2051,57.22145710555323,ssp245,miroc6
102,2052,57.666396537714874,ssp245,miroc6
103,2053,55.826067224881,ssp245,miroc6
104,2054,56.81343636791194,ssp245,miroc6
105,2055,55.929783213557336,ssp245,miroc6
106,2056,57.35244583044856,ssp245,miroc6
107,2057,57.65495152444393,ssp245,miroc6
108,2058,58.245149688465176,ssp245,miroc6
109,2059,58.5293080960083,ssp245,miroc6
110,2060,55.562892835543664,ssp245,miroc6
111,2061,58.99853964143569,ssp245,miroc6
112,2062,56.50382333213805,ssp245,miroc6
113,2063,56.56839956731884,ssp245,miroc6
114,2064,56.20583781899354,ssp245,miroc6
115,2065,58.819493989346235,ssp245,miroc6
116,2066,59.40050439209424,ssp245,miroc6
117,2067,58.56185063405281,ssp245,miroc6
118,2068,58.31839583803239,ssp245,miroc6
119,2069,58.90272643878335,ssp245,miroc6
120,2070,58.850448160130554,ssp245,miroc6
121,2071,57.83733872485827,ssp245,miroc6
122,2072,57.61965596746485,ssp245,miroc6
123,2073,56.3029346381471,ssp245,miroc6
124,2074,58.43637713985364,ssp245,miroc6
125,2075,57.432641345603614,ssp245,miroc6
126,2076,57.50733928128712,ssp245,miroc6
127,2077,58.65455199205631,ssp245,miroc6
128,2078,59.1363238088055,ssp245,miroc6
129,2079,58.27853923253767,ssp245,miroc6
130,2080,58.21024530897618,ssp245,miroc6
131,2081,58.00640120706769,ssp245,miroc6
132,2082,59.872583728439444,ssp245,miroc6
133,2083,60.029297506810224,ssp245,miroc6
134,2084,60.280018269659735,ssp245,miroc6
135,2085,57.26453416967816,ssp245,miroc6
136,2086,56.248086010176806,ssp245,miroc6
137,2087,58.277276012426526,ssp245,miroc6
138,2088,57.83436480554652,ssp245,miroc6
139,2089,56.85264411131671,ssp245,miroc6
140,2090,60.23387854846994,ssp245,miroc6
141,2091,59.63125892662832,ssp245,miroc6
142,2092,58.72439549186933,ssp245,miroc6
143,2093,59.524210795341745,ssp245,miroc6
144,2094,60.3665800909915,ssp245,miroc6
145,2095,58.787323960959036,ssp245,miroc6
146,2096,60.014553978151866,ssp245,miroc6
147,2097,58.65825737081234,ssp245,miroc6
148,2098,58.94279585627888,ssp245,miroc6
149,2099,56.031731339116845,ssp245,miroc6
150,2100,60.21275385029298,ssp245,miroc6
0,1950,51.315851073707606,ssp245,mpi-esm1-2-hr
1,1951,51.69298241877817,ssp245,mpi-esm1-2-hr
2,1952,53.49451477246569,ssp245,mpi-esm1-2-hr
3,1953,50.63217750634015,ssp245,mpi-esm1-2-hr
4,1954,52.71543250289431,ssp245,mpi-esm1-2-hr
5,1955,52.38986657986193,ssp245,mpi-esm1-2-hr
6,1956,51.50189443126763,ssp245,mpi-esm1-2-hr
7,1957,52.849501152994215,ssp245,mpi-esm1-2-hr
8,1958,53.16503595790464,ssp245,mpi-esm1-2-hr
9,1959,53.80025548404351,ssp245,mpi-esm1-2-hr
10,1960,52.25683824820355,ssp245,mpi-esm1-2-hr
11,1961,53.05467764950176,ssp245,mpi-esm1-2-hr
12,1962,51.145773750707434,ssp245,mpi-esm1-2-hr
13,1963,51.26459285521674,ssp245,mpi-esm1-2-hr
14,1964,50.70440402106409,ssp245,mpi-esm1-2-hr
15,1965,52.12744494776042,ssp245,mpi-esm1-2-hr
16,1966,53.73028685599477,ssp245,mpi-esm1-2-hr
17,1967,50.26077641336365,ssp245,mpi-esm1-2-hr
18,1968,52.99091430840609,ssp245,mpi-esm1-2-hr
19,1969,52.74359783789483,ssp245,mpi-esm1-2-hr
20,1970,53.17639556542793,ssp245,mpi-esm1-2-hr
21,1971,54.26267097150378,ssp245,mpi-esm1-2-hr
22,1972,53.12896440773861,ssp245,mpi-esm1-2-hr
23,1973,52.927020158635166,ssp245,mpi-esm1-2-hr
24,1974,50.210415051927164,ssp245,mpi-esm1-2-hr
25,1975,53.540956561220085,ssp245,mpi-esm1-2-hr
26,1976,51.28879578961249,ssp245,mpi-esm1-2-hr
27,1977,51.03904951849984,ssp245,mpi-esm1-2-hr
28,1978,51.48802418390276,ssp245,mpi-esm1-2-hr
29,1979,51.51012621161096,ssp245,mpi-esm1-2-hr
30,1980,54.561427191073726,ssp245,mpi-esm1-2-hr
31,1981,52.45729898761353,ssp245,mpi-esm1-2-hr
32,1982,53.46136574992433,ssp245,mpi-esm1-2-hr
33,1983,51.121642236211706,ssp245,mpi-esm1-2-hr
34,1984,51.21504258384351,ssp245,mpi-esm1-2-hr
35,1985,54.32318558332349,ssp245,mpi-esm1-2-hr
36,1986,52.15072276925456,ssp245,mpi-esm1-2-hr
37,1987,53.03928918204153,ssp245,mpi-esm1-2-hr
38,1988,51.747691523295046,ssp245,mpi-esm1-2-hr
39,1989,53.101657223322945,ssp245,mpi-esm1-2-hr
40,1990,55.39817000261205,ssp245,mpi-esm1-2-hr
41,1991,53.78976674835216,ssp245,mpi-esm1-2-hr
42,1992,48.68374104852247,ssp245,mpi-esm1-2-hr
43,1993,52.08048910886471,ssp245,mpi-esm1-2-hr
44,1994,52.32598469237464,ssp245,mpi-esm1-2-hr
45,1995,52.92127393093536,ssp245,mpi-esm1-2-hr
46,1996,54.86657708764799,ssp245,mpi-esm1-2-hr
47,1997,52.372972395345364,ssp245,mpi-esm1-2-hr
48,1998,54.61320248840982,ssp245,mpi-esm1-2-hr
49,1999,51.35467584048957,ssp245,mpi-esm1-2-hr
50,2000,50.295004468912865,ssp245,mpi-esm1-2-hr
51,2001,51.33442367906944,ssp245,mpi-esm1-2-hr
52,2002,52.396064444607454,ssp245,mpi-esm1-2-hr
53,2003,52.733534827543195,ssp245,mpi-esm1-2-hr
54,2004,52.801581303057425,ssp245,mpi-esm1-2-hr
55,2005,53.85866895770394,ssp245,mpi-esm1-2-hr
56,2006,56.648879031841325,ssp245,mpi-esm1-2-hr
57,2007,55.43659168603339,ssp245,mpi-esm1-2-hr
58,2008,54.34813163078407,ssp245,mpi-esm1-2-hr
59,2009,54.67286127299668,ssp245,mpi-esm1-2-hr
60,2010,52.7319604238799,ssp245,mpi-esm1-2-hr
61,2011,54.13240577756084,ssp245,mpi-esm1-2-hr
62,2012,52.94321166634821,ssp245,mpi-esm1-2-hr
63,2013,53.132249439423695,ssp245,mpi-esm1-2-hr
64,2014,55.02908085396654,ssp245,mpi-esm1-2-hr
65,2015,55.02471572984648,ssp245,mpi-esm1-2-hr
66,2016,53.27341069926824,ssp245,mpi-esm1-2-hr
67,2017,54.06123872471301,ssp245,mpi-esm1-2-hr
68,2018,55.465231969884606,ssp245,mpi-esm1-2-hr
69,2019,56.99018627158503,ssp245,mpi-esm1-2-hr
70,2020,53.89873012705963,ssp245,mpi-esm1-2-hr
71,2021,55.574348233874055,ssp245,mpi-esm1-2-hr
72,2022,55.776710612578626,ssp245,mpi-esm1-2-hr
73,2023,57.24277309123145,ssp245,mpi-esm1-2-hr
74,2024,53.41193091196863,ssp245,mpi-esm1-2-hr
75,2025,52.73856387559444,ssp245,mpi-esm1-2-hr
76,2026,58.308368984514544,ssp245,mpi-esm1-2-hr
77,2027,56.94257411429217,ssp245,mpi-esm1-2-hr
78,2028,55.98388078222679,ssp245,mpi-esm1-2-hr
79,2029,54.68682006922204,ssp245,mpi-esm1-2-hr
80,2030,55.8703546105861,ssp245,mpi-esm1-2-hr
81,2031,55.05941036956693,ssp245,mpi-esm1-2-hr
82,2032,58.360362536870994,ssp245,mpi-esm1-2-hr
83,2033,57.421411676145894,ssp245,mpi-esm1-2-hr
84,2034,55.00671542765719,ssp245,mpi-esm1-2-hr
85,2035,54.02518030264794,ssp245,mpi-esm1-2-hr
86,2036,55.23613748929305,ssp245,mpi-esm1-2-hr
87,2037,56.11101082382404,ssp245,mpi-esm1-2-hr
88,2038,57.205193524031436,ssp245,mpi-esm1-2-hr
89,2039,56.18866996822395,ssp245,mpi-esm1-2-hr
90,2040,53.083321810288275,ssp245,mpi-esm1-2-hr
91,2041,55.091118360799946,ssp245,mpi-esm1-2-hr
92,2042,54.522426707633024,ssp245,mpi-esm1-2-hr
93,2043,54.29624326043476,ssp245,mpi-esm1-2-hr
94,2044,55.41997202055421,ssp245,mpi-esm1-2-hr
95,2045,56.722874175178326,ssp245,mpi-esm1-2-hr
96,2046,55.37113575258743,ssp245,mpi-esm1-2-hr
97,2047,55.05857844654297,ssp245,mpi-esm1-2-hr
98,2048,56.32503685339324,ssp245,mpi-esm1-2-hr
99,2049,57.465856975744686,ssp245,mpi-esm1-2-hr
100,2050,56.888122250778686,ssp245,mpi-esm1-2-hr
101,2051,56.44553949618252,ssp245,mpi-esm1-2-hr
102,2052,57.230779510390384,ssp245,mpi-esm1-2-hr
103,2053,56.75467685265088,ssp245,mpi-esm1-2-hr
104,2054,54.86230689990843,ssp245,mpi-esm1-2-hr
105,2055,54.98813301891022,ssp245,mpi-esm1-2-hr
106,2056,57.5050577315984,ssp245,mpi-esm1-2-hr
107,2057,55.780196841910104,ssp245,mpi-esm1-2-hr
108,2058,55.716384550504635,ssp245,mpi-esm1-2-hr
109,2059,57.09463332952673,ssp245,mpi-esm1-2-hr
110,2060,57.300332829097904,ssp245,mpi-esm1-2-hr
111,2061,58.26760288591606,ssp245,mpi-esm1-2-hr
112,2062,55.64479721212932,ssp245,mpi-esm1-2-hr
113,2063,57.12002619209172,ssp245,mpi-esm1-2-hr
114,2064,57.875586212558204,ssp245,mpi-esm1-2-hr
115,2065,54.71357553484433,ssp245,mpi-esm1-2-hr
116,2066,60.7841029111301,ssp245,mpi-esm1-2-hr
117,2067,58.62648247901887,ssp245,mpi-esm1-2-hr
118,2068,59.275205959696194,ssp245,mpi-esm1-2-hr
119,2069,57.1199079445011,ssp245,mpi-esm1-2-hr
120,2070,57.06760298101338,ssp245,mpi-esm1-2-hr
121,2071,58.22068983911174,ssp245,mpi-esm1-2-hr
122,2072,55.40488490338828,ssp245,mpi-esm1-2-hr
123,2073,57.15201072575401,ssp245,mpi-esm1-2-hr
124,2074,55.527530977544075,ssp245,mpi-esm1-2-hr
125,2075,57.171605104079205,ssp245,mpi-esm1-2-hr
126,2076,57.46949311418643,ssp245,mpi-esm1-2-hr
127,2077,57.356715106734285,ssp245,mpi-esm1-2-hr
128,2078,56.015100511269395,ssp245,mpi-esm1-2-hr
129,2079,57.58413510136702,ssp245,mpi-esm1-2-hr
130,2080,58.58530906914376,ssp245,mpi-esm1-2-hr
131,2081,54.631074612894395,ssp245,mpi-esm1-2-hr
132,2082,57.94822432278603,ssp245,mpi-esm1-2-hr
133,2083,58.074666328157655,ssp245,mpi-esm1-2-hr
134,2084,58.53400250217123,ssp245,mpi-esm1-2-hr
135,2085,57.342113163731725,ssp245,mpi-esm1-2-hr
136,2086,56.867672580868515,ssp245,mpi-esm1-2-hr
137,2087,57.293785217622585,ssp245,mpi-esm1-2-hr
138,2088,56.49907004768716,ssp245,mpi-esm1-2-hr
139,2089,57.76553553687163,ssp245,mpi-esm1-2-hr
140,2090,58.802552414333306,ssp245,mpi-esm1-2-hr
141,2091,60.82855989568348,ssp245,mpi-esm1-2-hr
142,2092,59.07831955762588,ssp245,mpi-esm1-2-hr
143,2093,54.96211812815798,ssp245,mpi-esm1-2-hr
144,2094,57.32297285856169,ssp245,mpi-esm1-2-hr
145,2095,57.33049659723788,ssp245,mpi-esm1-2-hr
146,2096,59.47182937350198,ssp245,mpi-esm1-2-hr
147,2097,58.75620591097215,ssp245,mpi-esm1-2-hr
148,2098,60.14182673323966,ssp245,mpi-esm1-2-hr
149,2099,55.393779129702196,ssp245,mpi-esm1-2-hr
150,2100,57.34840648516873,ssp245,mpi-esm1-2-hr
0,1950,54.27299401562964,ssp245,ec-earth3
1,1951,55.048483119321126,ssp245,ec-earth3
2,1952,51.19627109500223,ssp245,ec-earth3
3,1953,52.38178376530226,ssp245,ec-earth3
4,1954,52.11353939378881,ssp245,ec-earth3
5,1955,53.373530895126876,ssp245,ec-earth3
6,1956,53.7440016557161,ssp245,ec-earth3
7,1957,51.67879024295242,ssp245,ec-earth3
8,1958,52.154060038812304,ssp245,ec-earth3
9,1959,51.09420618269791,ssp245,ec-earth3
10,1960,53.07172893736027,ssp245,ec-earth3
11,1961,54.04220130967278,ssp245,ec-earth3
12,1962,52.6757012555855,ssp245,ec-earth3
13,1963,48.34389393500756,ssp245,ec-earth3
14,1964,49.44045015475879,ssp245,ec-earth3
15,1965,51.1170939911627,ssp245,ec-earth3
16,1966,52.772259437168344,ssp245,ec-earth3
17,1967,52.536371274319364,ssp245,ec-earth3
18,1968,48.88884088877645,ssp245,ec-earth3
19,1969,49.8833385074711,ssp245,ec-earth3
20,1970,53.914909083300486,ssp245,ec-earth3
21,1971,52.182346484857014,ssp245,ec-earth3
22,1972,52.15076803984325,ssp245,ec-earth3
23,1973,51.636502756860054,ssp245,ec-earth3
24,1974,54.013893183756316,ssp245,ec-earth3
25,1975,53.86074004287611,ssp245,ec-earth3
26,1976,53.27219093883615,ssp245,ec-earth3
27,1977,52.27003252570833,ssp245,ec-earth3
28,1978,53.682012680429345,ssp245,ec-earth3
29,1979,49.78637434864316,ssp245,ec-earth3
30,1980,51.30734314212923,ssp245,ec-earth3
31,1981,50.59580979395759,ssp245,ec-earth3
32,1982,49.64489253527201,ssp245,ec-earth3
33,1983,51.74647052408928,ssp245,ec-earth3
34,1984,51.320137640664065,ssp245,ec-earth3
35,1985,55.18923392097547,ssp245,ec-earth3
36,1986,50.81594080159431,ssp245,ec-earth3
37,1987,49.62378741606568,ssp245,ec-earth3
38,1988,52.71173905447384,ssp245,ec-earth3
39,1989,54.08518359990254,ssp245,ec-earth3
40,1990,54.344473166174495,ssp245,ec-earth3
41,1991,55.35332421468869,ssp245,ec-earth3
42,1992,52.60027406260891,ssp245,ec-earth3
43,1993,52.32273449601238,ssp245,ec-earth3
44,1994,50.79590466426819,ssp245,ec-earth3
45,1995,53.800613465357536,ssp245,ec-earth3
46,1996,54.09647600030665,ssp245,ec-earth3
47,1997,54.924334082539566,ssp245,ec-earth3
48,1998,53.61429912374434,ssp245,ec-earth3
49,1999,55.21759786669076,ssp245,ec-earth3
50,2000,53.019604891782,ssp245,ec-earth3
51,2001,52.58739199012978,ssp245,ec-earth3
52,2002,54.60728221260716,ssp245,ec-earth3
53,2003,55.06188400623757,ssp245,ec-earth3
54,2004,55.29541737291232,ssp245,ec-earth3
55,2005,57.345589931430446,ssp245,ec-earth3
56,2006,54.011662160225164,ssp245,ec-earth3
57,2007,53.05550562735868,ssp245,ec-earth3
58,2008,54.1692441589292,ssp245,ec-earth3
59,2009,55.14881489638401,ssp245,ec-earth3
60,2010,55.43476025159367,ssp245,ec-earth3
61,2011,54.361182445290005,ssp245,ec-earth3
62,2012,53.95723229249137,ssp245,ec-earth3
63,2013,59.39290979462215,ssp245,ec-earth3
64,2014,57.30376374182221,ssp245,ec-earth3
65,2015,54.18520436342556,ssp245,ec-earth3
66,2016,55.733893040294284,ssp245,ec-earth3
67,2017,56.68266657854891,ssp245,ec-earth3
68,2018,54.49982131751128,ssp245,ec-earth3
69,2019,58.05326024650773,ssp245,ec-earth3
70,2020,56.04080646351111,ssp245,ec-earth3
71,2021,53.585219053144115,ssp245,ec-earth3
72,2022,53.89781661301188,ssp245,ec-earth3
73,2023,58.79478578835743,ssp245,ec-earth3
74,2024,54.83871206316377,ssp245,ec-earth3
75,2025,56.931583646153754,ssp245,ec-earth3
76,2026,57.927774768089144,ssp245,ec-earth3
77,2027,57.46928687614428,ssp245,ec-earth3
78,2028,57.837641016897216,ssp245,ec-earth3
79,2029,55.84598170261913,ssp245,ec-earth3
80,2030,57.83060645113665,ssp245,ec-earth3
81,2031,58.422906522906835,ssp245,ec-earth3
82,2032,56.284099256483536,ssp245,ec-earth3
83,2033,58.01324807038786,ssp245,ec-earth3
84,2034,56.72938002511484,ssp245,ec-earth3
85,2035,57.620800582929654,ssp245,ec-earth3
86,2036,58.12715361571161,ssp245,ec-earth3
87,2037,57.70374122686289,ssp245,ec-earth3
88,2038,56.66890887721698,ssp245,ec-earth3
89,2039,55.96025691557658,ssp245,ec-earth3
90,2040,56.20956089233671,ssp245,ec-earth3
91,2041,57.17542499946797,ssp245,ec-earth3
92,2042,56.88945833706716,ssp245,ec-earth3
93,2043,57.23721303320458,ssp245,ec-earth3
94,2044,58.39960246336815,ssp245,ec-earth3
95,2045,57.55273131531998,ssp245,ec-earth3
96,2046,57.64133156215553,ssp245,ec-earth3
97,2047,59.14369619072234,ssp245,ec-earth3
98,2048,58.15928047277324,ssp245,ec-earth3
99,2049,58.621218573373525,ssp245,ec-earth3
100,2050,61.195493681018306,ssp245,ec-earth3
101,2051,58.38654039303466,ssp245,ec-earth3
102,2052,57.00734557905666,ssp245,ec-earth3
103,2053,58.655636889634245,ssp245,ec-earth3
104,2054,59.60396215139756,ssp245,ec-earth3
105,2055,58.52919433238046,ssp245,ec-earth3
106,2056,58.61122360513324,ssp245,ec-earth3
107,2057,59.92402410024166,ssp245,ec-earth3
108,2058,60.186041949322146,ssp245,ec-earth3
109,2059,58.59898041097271,ssp245,ec-earth3
110,2060,59.30844726185825,ssp245,ec-earth3
111,2061,59.02530371779078,ssp245,ec-earth3
112,2062,57.50936244434525,ssp245,ec-earth3
113,2063,59.51714248992725,ssp245,ec-earth3
114,2064,58.87468695051705,ssp245,ec-earth3
115,2065,60.16119459564954,ssp245,ec-earth3
116,2066,58.65245278351598,ssp245,ec-earth3
117,2067,60.87544853984348,ssp245,ec-earth3
118,2068,58.23585216206692,ssp245,ec-earth3
119,2069,60.07339512356443,ssp245,ec-earth3
120,2070,58.688233870381545,ssp245,ec-earth3
121,2071,59.11681447070935,ssp245,ec-earth3
122,2072,62.047722908010016,ssp245,ec-earth3
123,2073,57.15447852540143,ssp245,ec-earth3
124,2074,57.89965271054436,ssp245,ec-earth3
125,2075,60.40912894730892,ssp245,ec-earth3
126,2076,57.2324069708613,ssp245,ec-earth3
127,2077,60.80196687295779,ssp245,ec-earth3
128,2078,60.98193552859426,ssp245,ec-earth3
129,2079,61.101378325283434,ssp245,ec-earth3
130,2080,59.541504817573916,ssp245,ec-earth3
131,2081,60.07730486997106,ssp245,ec-earth3
132,2082,59.79571295412515,ssp245,ec-earth3
133,2083,61.84075355177233,ssp245,ec-earth3
134,2084,61.002262486030894,ssp245,ec-earth3
135,2085,59.22320957416796,ssp245,ec-earth3
136,2086,61.63650149221639,ssp245,ec-earth3
137,2087,61.6999419067913,ssp245,ec-earth3
138,2088,61.414298086080876,ssp245,ec-earth3
139,2089,60.91673777242565,ssp245,ec-earth3
140,2090,61.515584563890165,ssp245,ec-earth3
141,2091,62.40497885903594,ssp245,ec-earth3
142,2092,62.526816501302974,ssp245,ec-earth3
143,2093,61.498310365803746,ssp245,ec-earth3
144,2094,62.827285144777626,ssp245,ec-earth3
145,2095,60.287182183223955,ssp245,ec-earth3
146,2096,62.995973339340736,ssp245,ec-earth3
147,2097,65.50505303301742,ssp245,ec-earth3
148,2098,59.96642791497326,ssp245,ec-earth3
149,2099,59.41806161861359,ssp245,ec-earth3
150,2100,63.136209177772976,ssp245,ec-earth3
0,1950,53.5075153788457,ssp245,canesm5
1,1951,52.5698654488981,ssp245,canesm5
2,1952,51.55673468680502,ssp245,canesm5
3,1953,52.031759423881034,ssp245,canesm5
4,1954,51.93867511627776,ssp245,canesm5
5,1955,50.986812323859226,ssp245,canesm5
6,1956,51.84450521736318,ssp245,canesm5
7,1957,51.49010604339317,ssp245,canesm5
8,1958,51.36339439719664,ssp245,canesm5
9,1959,52.703129381957076,ssp245,canesm5
10,1960,51.48484760036283,ssp245,canesm5
11,1961,51.30899931883336,ssp245,canesm5
12,1962,55.311615978258104,ssp245,canesm5
13,1963,50.46138208404149,ssp245,canesm5
14,1964,49.42025024093464,ssp245,canesm5
15,1965,50.30816179451089,ssp245,canesm5
16,1966,51.49629157309457,ssp245,canesm5
17,1967,51.85655600163253,ssp245,canesm5
18,1968,51.85337080587096,ssp245,canesm5
19,1969,50.33811606880441,ssp245,canesm5
20,1970,50.430314543831024,ssp245,canesm5
21,1971,50.539643870688906,ssp245,canesm5
22,1972,51.71432567717332,ssp245,canesm5
23,1973,51.03652641180573,ssp245,canesm5
24,1974,50.53031481721659,ssp245,canesm5
25,1975,52.29709837385923,ssp245,canesm5
26,1976,53.51958652023207,ssp245,canesm5
27,1977,51.078972117928544,ssp245,canesm5
28,1978,52.881499145118326,ssp245,canesm5
29,1979,55.39246819346563,ssp245,canesm5
30,1980,51.90196233826536,ssp245,canesm5
31,1981,52.982280600142005,ssp245,canesm5
32,1982,52.57443390108124,ssp245,canesm5
33,1983,52.03781824283677,ssp245,canesm5
34,1984,52.92520717054069,ssp245,canesm5
35,1985,52.55989883158606,ssp245,canesm5
36,1986,53.07454102224795,ssp245,canesm5
37,1987,54.65684867009501,ssp245,canesm5
38,1988,54.285288696395426,ssp245,canesm5
39,1989,53.73917858488502,ssp245,canesm5
40,1990,53.23019535724878,ssp245,canesm5
41,1991,51.25816364401503,ssp245,canesm5
42,1992,52.63866404583804,ssp245,canesm5
43,1993,53.59566843399685,ssp245,canesm5
44,1994,53.42196456813923,ssp245,canesm5
45,1995,54.644814582232534,ssp245,canesm5
46,1996,53.4591285209665,ssp245,canesm5
47,1997,54.64794258142146,ssp245,canesm5
48,1998,55.29561020754019,ssp245,canesm5
49,1999,54.361696271439975,ssp245,canesm5
50,2000,52.76839032583883,ssp245,canesm5
51,2001,54.66584640427491,ssp245,canesm5
52,2002,52.91737439098623,ssp245,canesm5
53,2003,53.48325446417081,ssp245,canesm5
54,2004,53.45058637335666,ssp245,canesm5
55,2005,53.002184011939725,ssp245,canesm5
56,2006,54.03216140423125,ssp245,canesm5
57,2007,53.24100494552865,ssp245,canesm5
58,2008,55.8634279500646,ssp245,canesm5
59,2009,52.51598977826603,ssp245,canesm5
60,2010,54.71797980162128,ssp245,canesm5
61,2011,56.40263767030512,ssp245,canesm5
62,2012,55.439077485155984,ssp245,canesm5
63,2013,55.1007051357875,ssp245,canesm5
64,2014,55.38013226019281,ssp245,canesm5
65,2015,56.63327986056722,ssp245,canesm5
66,2016,55.23356102460419,ssp245,canesm5
67,2017,56.0415151992801,ssp245,canesm5
68,2018,57.455719534002604,ssp245,canesm5
69,2019,58.35401750540281,ssp245,canesm5
70,2020,56.296697441907554,ssp245,canesm5
71,2021,58.68059256415731,ssp245,canesm5
72,2022,56.712320924012865,ssp245,canesm5
73,2023,56.19288847184918,ssp245,canesm5
74,2024,57.74952236920152,ssp245,canesm5
75,2025,58.82087451579936,ssp245,canesm5
76,2026,58.06609817899531,ssp245,canesm5
77,2027,58.5290863901079,ssp245,canesm5
78,2028,58.35956876805214,ssp245,canesm5
79,2029,58.718968067072176,ssp245,canesm5
80,2030,56.88407333299177,ssp245,canesm5
81,2031,57.20415728580231,ssp245,canesm5
82,2032,56.1207282956771,ssp245,canesm5
83,2033,56.15019990363916,ssp245,canesm5
84,2034,55.608091321824936,ssp245,canesm5
85,2035,56.16225101164098,ssp245,canesm5
86,2036,57.26843324148135,ssp245,canesm5
87,2037,57.925794046290655,ssp245,canesm5
88,2038,59.38126103030944,ssp245,canesm5
89,2039,57.897213818735274,ssp245,canesm5
90,2040,58.290719372732134,ssp245,canesm5
91,2041,58.89261849539604,ssp245,canesm5
92,2042,61.09513152605387,ssp245,canesm5
93,2043,57.076160480512925,ssp245,canesm5
94,2044,58.74552068077455,ssp245,canesm5
95,2045,59.11041601419555,ssp245,canesm5
96,2046,59.38147819821653,ssp245,canesm5
97,2047,60.1446953317232,ssp245,canesm5
98,2048,60.40125437259155,ssp245,canesm5
99,2049,61.655365483294126,ssp245,canesm5
100,2050,58.25586969648316,ssp245,canesm5
101,2051,58.00507629964657,ssp245,canesm5
102,2052,58.24287816534075,ssp245,canesm5
103,2053,61.8839157250438,ssp245,canesm5
104,2054,61.32691653410466,ssp245,canesm5
105,2055,60.76621007690251,ssp245,canesm5
106,2056,61.56290356650155,ssp245,canesm5
107,2057,61.79733849530669,ssp245,canesm5
108,2058,61.87711103029572,ssp245,canesm5
109,2059,59.407910146938946,ssp245,canesm5
110,2060,61.28525988372807,ssp245,canesm5
111,2061,62.85113309032231,ssp245,canesm5
112,2062,60.42475422889407,ssp245,canesm5
113,2063,61.02827900020679,ssp245,canesm5
114,2064,61.878879329946784,ssp245,canesm5
115,2065,59.11532438740745,ssp245,canesm5
116,2066,62.879478306760596,ssp245,canesm5
117,2067,63.502041016452516,ssp245,canesm5
118,2068,60.243408583631805,ssp245,canesm5
119,2069,62.30702282476758,ssp245,canesm5
120,2070,60.09831813498452,ssp245,canesm5
121,2071,64.71407429474819,ssp245,canesm5
122,2072,61.20879253175817,ssp245,canesm5
123,2073,61.30682260938495,ssp245,canesm5
124,2074,63.875678462347985,ssp245,canesm5
125,2075,62.03952394396823,ssp245,canesm5
126,2076,61.912690233472404,ssp245,canesm5
127,2077,62.348955026688024,ssp245,canesm5
128,2078,62.30686850325695,ssp245,canesm5
129,2079,61.781534407581184,ssp245,canesm5
130,2080,61.21268266964353,ssp245,canesm5
131,2081,61.2857605783895,ssp245,canesm5
132,2082,64.08371665326437,ssp245,canesm5
133,2083,60.41207097115725,ssp245,canesm5
134,2084,63.71241074883478,ssp245,canesm5
135,2085,63.28559837935263,ssp245,canesm5
136,2086,63.68462893916878,ssp245,canesm5
137,2087,62.63677144391064,ssp245,canesm5
138,2088,62.695849190602026,ssp245,canesm5
139,2089,63.37348491655104,ssp245,canesm5
140,2090,63.20611479263892,ssp245,canesm5
141,2091,63.2359873094499,ssp245,canesm5
142,2092,64.19376743366506,ssp245,canesm5
143,2093,62.59575597650171,ssp245,canesm5
144,2094,63.03858646152455,ssp245,canesm5
145,2095,63.01510176441628,ssp245,canesm5
146,2096,64.15910697812318,ssp245,canesm5
147,2097,62.557165406115416,ssp245,canesm5
148,2098,62.65185290091932,ssp245,canesm5
149,2099,63.60398650534807,ssp245,canesm5
150,2100,64.31752438767556,ssp245,canesm5
0,1950,51.700955020341226,ssp245,noresm2-mm
1,1951,51.540708775601495,ssp245,noresm2-mm
2,1952,53.98130132506595,ssp245,noresm2-mm
3,1953,51.72254221629101,ssp245,noresm2-mm
4,1954,52.61242684257502,ssp245,noresm2-mm
5,1955,52.07103271748295,ssp245,noresm2-mm
6,1956,52.60679791597724,ssp245,noresm2-mm
7,1957,52.51425484486087,ssp245,noresm2-mm
8,1958,50.719374731398,ssp245,noresm2-mm
9,1959,51.875314135838956,ssp245,noresm2-mm
10,1960,54.610872022892046,ssp245,noresm2-mm
11,1961,51.928723215187766,ssp245,noresm2-mm
12,1962,50.2920449059724,ssp245,noresm2-mm
13,1963,49.903163285287455,ssp245,noresm2-mm
14,1964,52.26254735963914,ssp245,noresm2-mm
15,1965,52.708224827888245,ssp245,noresm2-mm
16,1966,52.93039226914795,ssp245,noresm2-mm
17,1967,51.535695871525355,ssp245,noresm2-mm
18,1968,51.88310128194995,ssp245,noresm2-mm
19,1969,52.46217404290967,ssp245,noresm2-mm
20,1970,52.61586201024359,ssp245,noresm2-mm
21,1971,51.44115177029575,ssp245,noresm2-mm
22,1972,52.457500210030254,ssp245,noresm2-mm
23,1973,51.38428232308393,ssp245,noresm2-mm
24,1974,51.31623860254734,ssp245,noresm2-mm
25,1975,52.80877858967815,ssp245,noresm2-mm
26,1976,50.47385683981549,ssp245,noresm2-mm
27,1977,52.34393628052633,ssp245,noresm2-mm
28,1978,51.86643073873808,ssp245,noresm2-mm
29,1979,52.062524060675926,ssp245,noresm2-mm
30,1980,53.262682342414905,ssp245,noresm2-mm
31,1981,53.00016811027133,ssp245,noresm2-mm
32,1982,51.69251096212734,ssp245,noresm2-mm
33,1983,49.45774402239443,ssp245,noresm2-mm
34,1984,53.278797961300775,ssp245,noresm2-mm
35,1985,54.12693645593761,ssp245,noresm2-mm
36,1986,50.48159269491103,ssp245,noresm2-mm
37,1987,55.12222438679904,ssp245,noresm2-mm
38,1988,53.69771046276193,ssp245,noresm2-mm
39,1989,53.15964216311642,ssp245,noresm2-mm
40,1990,55.47131084458696,ssp245,noresm2-mm
41,1991,53.67948772427547,ssp245,noresm2-mm
42,1992,53.119074267211204,ssp245,noresm2-mm
43,1993,52.33184325006178,ssp245,noresm2-mm
44,1994,53.995892421234956,ssp245,noresm2-mm
45,1995,53.17731758415364,ssp245,noresm2-mm
46,1996,51.84600028545765,ssp245,noresm2-mm
47,1997,53.38168412439424,ssp245,noresm2-mm
48,1998,52.43214026180108,ssp245,noresm2-mm
49,1999,52.73207168639939,ssp245,noresm2-mm
50,2000,53.97258503780817,ssp245,noresm2-mm
51,2001,54.186563125788645,ssp245,noresm2-mm
52,2002,53.055067113496506,ssp245,noresm2-mm
53,2003,51.950942074880196,ssp245,noresm2-mm
54,2004,54.98039450579077,ssp245,noresm2-mm
55,2005,55.12525206802636,ssp245,noresm2-mm
56,2006,54.370090568270925,ssp245,noresm2-mm
57,2007,55.83651806945731,ssp245,noresm2-mm
58,2008,54.52189702326674,ssp245,noresm2-mm
59,2009,53.91145889879133,ssp245,noresm2-mm
60,2010,54.78690522685052,ssp245,noresm2-mm
61,2011,53.99815434909622,ssp245,noresm2-mm
62,2012,54.636830665274104,ssp245,noresm2-mm
63,2013,54.52539065567098,ssp245,noresm2-mm
64,2014,52.209046344259605,ssp245,noresm2-mm
65,2015,54.31799582579974,ssp245,noresm2-mm
66,2016,56.562511159139085,ssp245,noresm2-mm
67,2017,56.78345540062476,ssp245,noresm2-mm
68,2018,58.08405766303007,ssp245,noresm2-mm
69,2019,56.32775149159518,ssp245,noresm2-mm
70,2020,53.588141432358036,ssp245,noresm2-mm
71,2021,54.377751853702804,ssp245,noresm2-mm
72,2022,53.13879805572198,ssp245,noresm2-mm
73,2023,55.016629385830015,ssp245,noresm2-mm
74,2024,54.91816321583942,ssp245,noresm2-mm
75,2025,52.72454498360081,ssp245,noresm2-mm
76,2026,56.00926511745531,ssp245,noresm2-mm
77,2027,55.685798458260216,ssp245,noresm2-mm
78,2028,54.31897647700938,ssp245,noresm2-mm
79,2029,56.93535182676812,ssp245,noresm2-mm
80,2030,54.431099981967584,ssp245,noresm2-mm
81,2031,56.02385930061969,ssp245,noresm2-mm
82,2032,57.24883349736849,ssp245,noresm2-mm
83,2033,56.97955477674702,ssp245,noresm2-mm
84,2034,58.918604104817454,ssp245,noresm2-mm
85,2035,57.38532646704787,ssp245,noresm2-mm
86,2036,56.29984974106516,ssp245,noresm2-mm
87,2037,55.589878664020276,ssp245,noresm2-mm
88,2038,55.46738681564465,ssp245,noresm2-mm
89,2039,56.57395787754059,ssp245,noresm2-mm
90,2040,58.024992284144936,ssp245,noresm2-mm
91,2041,55.04057224334942,ssp245,noresm2-mm
92,2042,55.87974337141984,ssp245,noresm2-mm
93,2043,54.68912492059902,ssp245,noresm2-mm
94,2044,57.673415051222726,ssp245,noresm2-mm
95,2045,56.901210918078256,ssp245,noresm2-mm
96,2046,58.15047580666279,ssp245,noresm2-mm
97,2047,58.093930229602776,ssp245,noresm2-mm
98,2048,58.22810111031617,ssp245,noresm2-mm
99,2049,57.249764973482826,ssp245,noresm2-mm
100,2050,57.66761684665034,ssp245,noresm2-mm
101,2051,58.82094764901366,ssp245,noresm2-mm
102,2052,56.60878971593078,ssp245,noresm2-mm
103,2053,56.93343832211664,ssp245,noresm2-mm
104,2054,58.299652107568185,ssp245,noresm2-mm
105,2055,57.631925626659466,ssp245,noresm2-mm
106,2056,59.061747719461245,ssp245,noresm2-mm
107,2057,58.396045651752424,ssp245,noresm2-mm
108,2058,58.08181753709304,ssp245,noresm2-mm
109,2059,58.488833346153,ssp245,noresm2-mm
110,2060,58.12855533193071,ssp245,noresm2-mm
111,2061,56.835486912715226,ssp245,noresm2-mm
112,2062,57.83364319964848,ssp245,noresm2-mm
113,2063,57.50127245278691,ssp245,noresm2-mm
114,2064,54.68028069047274,ssp245,noresm2-mm
115,2065,59.77201676928966,ssp245,noresm2-mm
116,2066,58.12468731795403,ssp245,noresm2-mm
117,2067,57.39908962469339,ssp245,noresm2-mm
118,2068,58.994917988692364,ssp245,noresm2-mm
119,2069,59.87677239440017,ssp245,noresm2-mm
120,2070,58.23195597159366,ssp245,noresm2-mm
121,2071,58.91096398940245,ssp245,noresm2-mm
122,2072,60.23119850497346,ssp245,noresm2-mm
123,2073,57.94721791880776,ssp245,noresm2-mm
124,2074,58.542333207112996,ssp245,noresm2-mm
125,2075,59.91910739069794,ssp245,noresm2-mm
126,2076,58.26082265793622,ssp245,noresm2-mm
127,2077,58.25468829485235,ssp245,noresm2-mm
128,2078,59.38168140101326,ssp245,noresm2-mm
129,2079,60.91835231422374,ssp245,noresm2-mm
130,2080,57.421857840513034,ssp245,noresm2-mm
131,2081,59.70136837135754,ssp245,noresm2-mm
132,2082,60.503069406529576,ssp245,noresm2-mm
133,2083,59.77204723605351,ssp245,noresm2-mm
134,2084,59.72897540038343,ssp245,noresm2-mm
135,2085,59.38939647662162,ssp245,noresm2-mm
136,2086,57.20017054958734,ssp245,noresm2-mm
137,2087,59.987543518808806,ssp245,noresm2-mm
138,2088,57.2585957803269,ssp245,noresm2-mm
139,2089,61.25459536702533,ssp245,noresm2-mm
140,2090,58.646282324646656,ssp245,noresm2-mm
141,2091,57.444917502799235,ssp245,noresm2-mm
142,2092,59.07318868675977,ssp245,noresm2-mm
143,2093,60.73858651841936,ssp245,noresm2-mm
144,2094,58.36084601577082,ssp245,noresm2-mm
145,2095,57.10141664634058,ssp245,noresm2-mm
146,2096,59.40972108269872,ssp245,noresm2-mm
147,2097,59.27599860751833,ssp245,noresm2-mm
148,2098,58.45348326123434,ssp245,noresm2-mm
149,2099,61.449338640590014,ssp245,noresm2-mm
150,2100,59.5936696503145,ssp245,noresm2-mm
0,1950,53.500376466179205,ssp245,access-esm1-5
1,1951,51.94353513451294,ssp245,access-esm1-5
2,1952,52.04329200441792,ssp245,access-esm1-5
3,1953,54.967167636226684,ssp245,access-esm1-5
4,1954,50.365003120490556,ssp245,access-esm1-5
5,1955,52.74717972684515,ssp245,access-esm1-5
6,1956,53.963470355008596,ssp245,access-esm1-5
7,1957,50.916610648823024,ssp245,access-esm1-5
8,1958,52.68740161543993,ssp245,access-esm1-5
9,1959,48.37922847583128,ssp245,access-esm1-5
10,1960,54.652459389767614,ssp245,access-esm1-5
11,1961,50.782771090851156,ssp245,access-esm1-5
12,1962,50.831626031646024,ssp245,access-esm1-5
13,1963,51.85994190703825,ssp245,access-esm1-5
14,1964,51.632656186163494,ssp245,access-esm1-5
15,1965,51.905115804002506,ssp245,access-esm1-5
16,1966,53.115344265706455,ssp245,access-esm1-5
17,1967,52.34497724756573,ssp245,access-esm1-5
18,1968,50.483857265071165,ssp245,access-esm1-5
19,1969,50.70324147330995,ssp245,access-esm1-5
20,1970,50.84103402750723,ssp245,access-esm1-5
21,1971,51.39112204976321,ssp245,access-esm1-5
22,1972,54.19310246627683,ssp245,access-esm1-5
23,1973,50.83559643948003,ssp245,access-esm1-5
24,1974,52.62280666712858,ssp245,access-esm1-5
25,1975,52.68505893553868,ssp245,access-esm1-5
26,1976,51.311817987182906,ssp245,access-esm1-5
27,1977,51.90618073532531,ssp245,access-esm1-5
28,1978,54.91238180015439,ssp245,access-esm1-5
29,1979,53.18556691569237,ssp245,access-esm1-5
30,1980,51.86620713703385,ssp245,access-esm1-5
31,1981,49.346713020582484,ssp245,access-esm1-5
32,1982,52.292876393079105,ssp245,access-esm1-5
33,1983,52.79586432453824,ssp245,access-esm1-5
34,1984,50.87011635038083,ssp245,access-esm1-5
35,1985,52.6322201840246,ssp245,access-esm1-5
36,1986,52.37099545274485,ssp245,access-esm1-5
37,1987,53.35233264764281,ssp245,access-esm1-5
38,1988,50.4763638841115,ssp245,access-esm1-5
39,1989,53.90011040129505,ssp245,access-esm1-5
40,1990,52.263278091188354,ssp245,access-esm1-5
41,1991,53.60981575451934,ssp245,access-esm1-5
42,1992,51.03308610335928,ssp245,access-esm1-5
43,1993,52.680405157603055,ssp245,access-esm1-5
44,1994,55.13995310334572,ssp245,access-esm1-5
45,1995,53.701298931125926,ssp245,access-esm1-5
46,1996,53.35669787732534,ssp245,access-esm1-5
47,1997,52.615611137334476,ssp245,access-esm1-5
48,1998,52.73123077096694,ssp245,access-esm1-5
49,1999,55.29746079824643,ssp245,access-esm1-5
50,2000,54.912359673503616,ssp245,access-esm1-5
51,2001,54.154218660987226,ssp245,access-esm1-5
52,2002,54.19662618103573,ssp245,access-esm1-5
53,2003,54.28037698439446,ssp245,access-esm1-5
54,2004,53.784048063561876,ssp245,access-esm1-5
55,2005,54.109323037249666,ssp245,access-esm1-5
56,2006,55.18212130554857,ssp245,access-esm1-5
57,2007,54.413345416310555,ssp245,access-esm1-5
58,2008,52.97888571486532,ssp245,access-esm1-5
59,2009,52.72178809545962,ssp245,access-esm1-5
60,2010,54.8981889192913,ssp245,access-esm1-5
61,2011,53.99229451333352,ssp245,access-esm1-5
62,2012,57.103973408729104,ssp245,access-esm1-5
63,2013,55.958617194346346,ssp245,access-esm1-5
64,2014,56.14243022011499,ssp245,access-esm1-5
65,2015,54.978366482259524,ssp245,access-esm1-5
66,2016,55.98733946847562,ssp245,access-esm1-5
67,2017,55.1084555839231,ssp245,access-esm1-5
68,2018,56.052812516788066,ssp245,access-esm1-5
69,2019,57.15084497605053,ssp245,access-esm1-5
70,2020,56.25203146381243,ssp245,access-esm1-5
71,2021,56.011489562613484,ssp245,access-esm1-5
72,2022,54.85938006418563,ssp245,access-esm1-5
73,2023,54.622940202696945,ssp245,access-esm1-5
74,2024,55.280678522050096,ssp245,access-esm1-5
75,2025,56.79366255878387,ssp245,access-esm1-5
76,2026,56.53633318688281,ssp245,access-esm1-5
77,2027,57.84806824555172,ssp245,access-esm1-5
78,2028,55.603296437225325,ssp245,access-esm1-5
79,2029,58.272885175098175,ssp245,access-esm1-5
80,2030,57.47408254099128,ssp245,access-esm1-5
81,2031,58.093984953893354,ssp245,access-esm1-5
82,2032,54.85195244827641,ssp245,access-esm1-5
83,2033,59.64930728121813,ssp245,access-esm1-5
84,2034,58.48524417462844,ssp245,access-esm1-5
85,2035,58.06263554695208,ssp245,access-esm1-5
86,2036,57.816447500576224,ssp245,access-esm1-5
87,2037,58.552110553347106,ssp245,access-esm1-5
88,2038,56.78320848185247,ssp245,access-esm1-5
89,2039,57.67456395188688,ssp245,access-esm1-5
90,2040,58.91449472863657,ssp245,access-esm1-5
91,2041,57.081637941445805,ssp245,access-esm1-5
92,2042,58.4744856166958,ssp245,access-esm1-5
93,2043,58.26236149111803,ssp245,access-esm1-5
94,2044,59.329381269176686,ssp245,access-esm1-5
95,2045,56.66219792527948,ssp245,access-esm1-5
96,2046,58.506289134937596,ssp245,access-esm1-5
97,2047,58.74631502997461,ssp245,access-esm1-5
98,2048,57.707004254019964,ssp245,access-esm1-5
99,2049,59.296881822652445,ssp245,access-esm1-5
100,2050,60.30234666384538,ssp245,access-esm1-5
101,2051,58.21051920505155,ssp245,access-esm1-5
102,2052,58.72200436921965,ssp245,access-esm1-5
103,2053,59.67919237606912,ssp245,access-esm1-5
104,2054,57.56905373924928,ssp245,access-esm1-5
105,2055,55.76941898334453,ssp245,access-esm1-5
106,2056,56.799614271424645,ssp245,access-esm1-5
107,2057,59.91303330237608,ssp245,access-esm1-5
108,2058,60.762872616946225,ssp245,access-esm1-5
109,2059,59.96646336490403,ssp245,access-esm1-5
110,2060,57.675679066347946,ssp245,access-esm1-5
111,2061,61.24096256718917,ssp245,access-esm1-5
112,2062,59.763381905593015,ssp245,access-esm1-5
113,2063,57.59841809480326,ssp245,access-esm1-5
114,2064,58.96294114801079,ssp245,access-esm1-5
115,2065,58.694857426606234,ssp245,access-esm1-5
116,2066,58.93724218168042,ssp245,access-esm1-5
117,2067,60.084811279084384,ssp245,access-esm1-5
118,2068,58.10053857770593,ssp245,access-esm1-5
119,2069,59.37241612124735,ssp245,access-esm1-5
120,2070,57.74011543146189,ssp245,access-esm1-5
121,2071,60.143230927799365,ssp245,access-esm1-5
122,2072,56.98613889085872,ssp245,access-esm1-5
123,2073,59.77035685349718,ssp245,access-esm1-5
124,2074,57.971434128189266,ssp245,access-esm1-5
125,2075,60.08411644453162,ssp245,access-esm1-5
126,2076,57.63554468289203,ssp245,access-esm1-5
127,2077,60.19802746800934,ssp245,access-esm1-5
128,2078,59.5793790618196,ssp245,access-esm1-5
129,2079,59.294473532735786,ssp245,access-esm1-5
130,2080,61.21695987953435,ssp245,access-esm1-5
131,2081,58.62807060691307,ssp245,access-esm1-5
132,2082,60.115514740541386,ssp245,access-esm1-5
133,2083,56.98167249530944,ssp245,access-esm1-5
134,2084,59.684844096764394,ssp245,access-esm1-5
135,2085,59.91915484217533,ssp245,access-esm1-5
136,2086,60.9903897822701,ssp245,access-esm1-5
137,2087,61.024029217255055,ssp245,access-esm1-5
138,2088,58.385363903284684,ssp245,access-esm1-5
139,2089,60.75220404659717,ssp245,access-esm1-5
140,2090,57.88450314892594,ssp245,access-esm1-5
141,2091,60.043186164082044,ssp245,access-esm1-5
142,2092,58.23581029987804,ssp245,access-esm1-5
143,2093,58.40990226294319,ssp245,access-esm1-5
144,2094,60.83764020395253,ssp245,access-esm1-5
145,2095,61.09652447578095,ssp245,access-esm1-5
146,2096,58.92739754870098,ssp245,access-esm1-5
147,2097,58.446135815069574,ssp245,access-esm1-5
148,2098,59.57104224416076,ssp245,access-esm1-5
149,2099,57.456194469121655,ssp245,access-esm1-5
150,2100,60.96250389085995,ssp245,access-esm1-5
0,1950,,hist,nclimgrid
1,1951,50.719993843676555,hist,nclimgrid
2,1952,51.852412609305894,hist,nclimgrid
3,1953,54.431967891469974,hist,nclimgrid
4,1954,53.841012567012605,hist,nclimgrid
5,1955,51.70081594108779,hist,nclimgrid
6,1956,52.685937641658356,hist,nclimgrid
7,1957,50.91472891495521,hist,nclimgrid
8,1958,53.216101126443824,hist,nclimgrid
9,1959,50.89696101528634,hist,nclimgrid
10,1960,53.44705239057048,hist,nclimgrid
11,1961,51.37097774091304,hist,nclimgrid
12,1962,53.35996695712172,hist,nclimgrid
13,1963,55.59619411029164,hist,nclimgrid
14,1964,52.03836583258843,hist,nclimgrid
15,1965,52.49372291869316,hist,nclimgrid
16,1966,52.34110279761826,hist,nclimgrid
17,1967,52.11805115855339,hist,nclimgrid
18,1968,52.12542534970789,hist,nclimgrid
19,1969,51.547601519621075,hist,nclimgrid
20,1970,51.4887604568664,hist,nclimgrid
21,1971,52.43839756440213,hist,nclimgrid
22,1972,50.624322110061215,hist,nclimgrid
23,1973,53.15818466837951,hist,nclimgrid
24,1974,51.790892506239715,hist,nclimgrid
25,1975,52.21880672676028,hist,nclimgrid
26,1976,49.86950789173116,hist,nclimgrid
27,1977,52.919095416400495,hist,nclimgrid
28,1978,52.588792824243946,hist,nclimgrid
29,1979,52.638156571538694,hist,nclimgrid
30,1980,52.55210016143428,hist,nclimgrid
31,1981,52.836412848466466,hist,nclimgrid
32,1982,51.55200672847756,hist,nclimgrid
33,1983,53.32279019788196,hist,nclimgrid
34,1984,51.4888823143861,hist,nclimgrid
35,1985,50.58420148237753,hist,nclimgrid
36,1986,51.71054962152334,hist,nclimgrid
37,1987,52.97746105851707,hist,nclimgrid
38,1988,52.7547158690586,hist,nclimgrid
39,1989,52.5886567029056,hist,nclimgrid
40,1990,54.24938582914342,hist,nclimgrid
41,1991,51.81087003066185,hist,nclimgrid
42,1992,51.886940787467346,hist,nclimgrid
43,1993,50.56480099140406,hist,nclimgrid
44,1994,52.957872588050726,hist,nclimgrid
45,1995,52.462374205820886,hist,nclimgrid
46,1996,50.95173327989446,hist,nclimgrid
47,1997,52.586582623277025,hist,nclimgrid
48,1998,55.13943746413416,hist,nclimgrid
49,1999,54.574128188371546,hist,nclimgrid
50,2000,51.68069204401463,hist,nclimgrid
51,2001,54.72071918532331,hist,nclimgrid
52,2002,52.269281572082654,hist,nclimgrid
53,2003,53.36289509849587,hist,nclimgrid
54,2004,53.83509158354787,hist,nclimgrid
55,2005,54.699246543616994,hist,nclimgrid
56,2006,52.10071453781201,hist,nclimgrid
57,2007,54.46863064421715,hist,nclimgrid
58,2008,53.25879503849934,hist,nclimgrid
59,2009,53.0646594648551,hist,nclimgrid
60,2010,53.75754918224357,hist,nclimgrid
61,2011,53.86704628939487,hist,nclimgrid
62,2012,53.54007769828544,hist,nclimgrid
63,2013,52.819709508370565,hist,nclimgrid
64,2014,52.935128916176396,hist,nclimgrid
65,2015,55.63665644854685,hist,nclimgrid
66,2016,56.41906597503488,hist,nclimgrid
67,2017,54.38374899968514,hist,nclimgrid
68,2018,52.439729948157684,hist,nclimgrid
69,2019,52.44423922507347,hist,nclimgrid
70,2020,,hist,nclimgrid
71,2021,,hist,nclimgrid
72,2022,,hist,nclimgrid
73,2023,,hist,nclimgrid
74,2024,,hist,nclimgrid
75,2025,,hist,nclimgrid
76,2026,,hist,nclimgrid
77,2027,,hist,nclimgrid
78,2028,,hist,nclimgrid
79,2029,,hist,nclimgrid
80,2030,,hist,nclimgrid
81,2031,,hist,nclimgrid
82,2032,,hist,nclimgrid
83,2033,,hist,nclimgrid
84,2034,,hist,nclimgrid
85,2035,,hist,nclimgrid
86,2036,,hist,nclimgrid
87,2037,,hist,nclimgrid
88,2038,,hist,nclimgrid
89,2039,,hist,nclimgrid
90,2040,,hist,nclimgrid
91,2041,,hist,nclimgrid
92,2042,,hist,nclimgrid
93,2043,,hist,nclimgrid
94,2044,,hist,nclimgrid
95,2045,,hist,nclimgrid
96,2046,,hist,nclimgrid
97,2047,,hist,nclimgrid
98,2048,,hist,nclimgrid
99,2049,,hist,nclimgrid
100,2050,,hist,nclimgrid
101,2051,,hist,nclimgrid
102,2052,,hist,nclimgrid
103,2053,,hist,nclimgrid
104,2054,,hist,nclimgrid
105,2055,,hist,nclimgrid
106,2056,,hist,nclimgrid
107,2057,,hist,nclimgrid
108,2058,,hist,nclimgrid
109,2059,,hist,nclimgrid
110,2060,,hist,nclimgrid
111,2061,,hist,nclimgrid
112,2062,,hist,nclimgrid
113,2063,,hist,nclimgrid
114,2064,,hist,nclimgrid
115,2065,,hist,nclimgrid
116,2066,,hist,nclimgrid
117,2067,,hist,nclimgrid
118,2068,,hist,nclimgrid
119,2069,,hist,nclimgrid
120,2070,,hist,nclimgrid
121,2071,,hist,nclimgrid
122,2072,,hist,nclimgrid
123,2073,,hist,nclimgrid
124,2074,,hist,nclimgrid
125,2075,,hist,nclimgrid
126,2076,,hist,nclimgrid
127,2077,,hist,nclimgrid
128,2078,,hist,nclimgrid
129,2079,,hist,nclimgrid
130,2080,,hist,nclimgrid
131,2081,,hist,nclimgrid
132,2082,,hist,nclimgrid
133,2083,,hist,nclimgrid
134,2084,,hist,nclimgrid
135,2085,,hist,nclimgrid
136,2086,,hist,nclimgrid
137,2087,,hist,nclimgrid
138,2088,,hist,nclimgrid
139,2089,,hist,nclimgrid
140,2090,,hist,nclimgrid
141,2091,,hist,nclimgrid
142,2092,,hist,nclimgrid
143,2093,,hist,nclimgrid
144,2094,,hist,nclimgrid
145,2095,,hist,nclimgrid
146,2096,,hist,nclimgrid
147,2097,,hist,nclimgrid
148,2098,,hist,nclimgrid
149,2099,,hist,nclimgrid
150,2100,,hist,nclimgrid
