,year,avg_djf_temp_f,scenario,model
0,1950,,ssp370,mri-esm2-0
1,1951,30.223027356580157,ssp370,mri-esm2-0
2,1952,35.46259228677558,ssp370,mri-esm2-0
3,1953,33.45413996673227,ssp370,mri-esm2-0
4,1954,33.26026827618153,ssp370,mri-esm2-0
5,1955,32.23200078422263,ssp370,mri-esm2-0
6,1956,27.341957719472735,ssp370,mri-esm2-0
7,1957,35.69558253074947,ssp370,mri-esm2-0
8,1958,31.829983258447275,ssp370,mri-esm2-0
9,1959,28.14101966373547,ssp370,mri-esm2-0
10,1960,30.132651925608105,ssp370,mri-esm2-0
11,1961,32.50177688868877,ssp370,mri-esm2-0
12,1962,29.56343955239694,ssp370,mri-esm2-0
13,1963,29.43773170119245,ssp370,mri-esm2-0
14,1964,28.204539624855972,ssp370,mri-esm2-0
15,1965,33.122882093163774,ssp370,mri-esm2-0
16,1966,30.214982235152675,ssp370,mri-esm2-0
17,1967,32.66475515765099,ssp370,mri-esm2-0
18,1968,30.852671173381133,ssp370,mri-esm2-0
19,1969,31.07794818788133,ssp370,mri-esm2-0
20,1970,30.519314646153493,ssp370,mri-esm2-0
21,1971,32.02829281086877,ssp370,mri-esm2-0
22,1972,28.791122629382585,ssp370,mri-esm2-0
23,1973,28.164609469077714,ssp370,mri-esm2-0
24,1974,34.35654799792105,ssp370,mri-esm2-0
25,1975,28.2938009117375,ssp370,mri-esm2-0
26,1976,29.47557208829715,ssp370,mri-esm2-0
27,1977,29.30511049052848,ssp370,mri-esm2-0
28,1978,31.31036559274767,ssp370,mri-esm2-0
29,1979,27.78661417652495,ssp370,mri-esm2-0
30,1980,32.08996013492314,ssp370,mri-esm2-0
31,1981,30.573072367497204,ssp370,mri-esm2-0
32,1982,31.132924570217305,ssp370,mri-esm2-0
33,1983,30.066214031279973,ssp370,mri-esm2-0
34,1984,30.009419553123145,ssp370,mri-esm2-0
35,1985,33.13054834766095,ssp370,mri-esm2-0
36,1986,28.546170912578734,ssp370,mri-esm2-0
37,1987,30.93326119532304,ssp370,mri-esm2-0
38,1988,32.44498396774984,ssp370,mri-esm2-0
39,1989,29.752127160332172,ssp370,mri-esm2-0
40,1990,33.30135446713943,ssp370,mri-esm2-0
41,1991,29.43277336535868,ssp370,mri-esm2-0
42,1992,31.518713663686448,ssp370,mri-esm2-0
43,1993,33.073468918802774,ssp370,mri-esm2-0
44,1994,30.430749654524927,ssp370,mri-esm2-0
45,1995,31.112365429994917,ssp370,mri-esm2-0
46,1996,32.12685100321054,ssp370,mri-esm2-0
47,1997,28.733897983997025,ssp370,mri-esm2-0
48,1998,32.841036514998045,ssp370,mri-esm2-0
49,1999,32.82556023188975,ssp370,mri-esm2-0
50,2000,34.44053750589732,ssp370,mri-esm2-0
51,2001,27.641501067618666,ssp370,mri-esm2-0
52,2002,35.39339758613157,ssp370,mri-esm2-0
53,2003,32.7238203927626,ssp370,mri-esm2-0
54,2004,31.565027212742557,ssp370,mri-esm2-0
55,2005,35.04930620021891,ssp370,mri-esm2-0
56,2006,35.10821442318439,ssp370,mri-esm2-0
57,2007,30.068964640049302,ssp370,mri-esm2-0
58,2008,33.43402067917632,ssp370,mri-esm2-0
59,2009,34.14007756335755,ssp370,mri-esm2-0
60,2010,28.576657931637925,ssp370,mri-esm2-0
61,2011,31.906619546427347,ssp370,mri-esm2-0
62,2012,31.584400387729975,ssp370,mri-esm2-0
63,2013,31.02499828944471,ssp370,mri-esm2-0
64,2014,35.933106615011404,ssp370,mri-esm2-0
65,2015,37.5839416724896,ssp370,mri-esm2-0
66,2016,28.67890128297973,ssp370,mri-esm2-0
67,2017,37.71257374986036,ssp370,mri-esm2-0
68,2018,30.41285312464012,ssp370,mri-esm2-0
69,2019,34.48599277834942,ssp370,mri-esm2-0
70,2020,33.090156375081406,ssp370,mri-esm2-0
71,2021,33.37089798563668,ssp370,mri-esm2-0
72,2022,32.432343597169094,ssp370,mri-esm2-0
73,2023,34.340831569097176,ssp370,mri-esm2-0
74,2024,30.270884295155113,ssp370,mri-esm2-0
75,2025,37.525174769321374,ssp370,mri-esm2-0
76,2026,35.85754724357982,ssp370,mri-esm2-0
77,2027,32.99742314770349,ssp370,mri-esm2-0
78,2028,33.30536577633395,ssp370,mri-esm2-0
79,2029,32.6229080928743,ssp370,mri-esm2-0
80,2030,32.67506210324315,ssp370,mri-esm2-0
81,2031,38.08411144278781,ssp370,mri-esm2-0
82,2032,32.275286095743255,ssp370,mri-esm2-0
83,2033,31.157010599369375,ssp370,mri-esm2-0
84,2034,34.22506633045878,ssp370,mri-esm2-0
85,2035,27.956547244827462,ssp370,mri-esm2-0
86,2036,35.31077287854053,ssp370,mri-esm2-0
87,2037,29.0938885353146,ssp370,mri-esm2-0
88,2038,35.030347353905206,ssp370,mri-esm2-0
89,2039,31.041550439159327,ssp370,mri-esm2-0
90,2040,33.860052796956666,ssp370,mri-esm2-0
91,2041,33.59018241255434,ssp370,mri-esm2-0
92,2042,35.68123420404963,ssp370,mri-esm2-0
93,2043,37.91849784443181,ssp370,mri-esm2-0
94,2044,36.41941063497696,ssp370,mri-esm2-0
95,2045,33.49828215720415,ssp370,mri-esm2-0
96,2046,37.27666453069263,ssp370,mri-esm2-0
97,2047,35.86142429379589,ssp370,mri-esm2-0
98,2048,34.3561239074314,ssp370,mri-esm2-0
99,2049,38.01568025192284,ssp370,mri-esm2-0
100,2050,36.48048869987571,ssp370,mri-esm2-0
101,2051,37.15929622881656,ssp370,mri-esm2-0
102,2052,35.72376363149924,ssp370,mri-esm2-0
103,2053,36.10042567588365,ssp370,mri-esm2-0
104,2054,35.88407417654386,ssp370,mri-esm2-0
105,2055,37.04174798896712,ssp370,mri-esm2-0
106,2056,31.309049424082865,ssp370,mri-esm2-0
107,2057,35.70829503618705,ssp370,mri-esm2-0
108,2058,37.9728785052498,ssp370,mri-esm2-0
109,2059,36.96636743263442,ssp370,mri-esm2-0
110,2060,35.1793262570528,ssp370,mri-esm2-0
111,2061,38.08327566537427,ssp370,mri-esm2-0
112,2062,35.29963185787788,ssp370,mri-esm2-0
113,2063,33.64825419997528,ssp370,mri-esm2-0
114,2064,34.9469637160314,ssp370,mri-esm2-0
115,2065,35.40169552293083,ssp370,mri-esm2-0
116,2066,38.03209500737405,ssp370,mri-esm2-0
117,2067,34.30688993730523,ssp370,mri-esm2-0
118,2068,36.266394053040955,ssp370,mri-esm2-0
119,2069,37.51081269734912,ssp370,mri-esm2-0
120,2070,33.202951494989605,ssp370,mri-esm2-0
121,2071,37.075684722171296,ssp370,mri-esm2-0
122,2072,39.35865885183228,ssp370,mri-esm2-0
123,2073,34.27526429529399,ssp370,mri-esm2-0
124,2074,37.065218674547,ssp370,mri-esm2-0
125,2075,38.29210450421864,ssp370,mri-esm2-0
126,2076,35.84984783654977,ssp370,mri-esm2-0
127,2077,36.14987545899766,ssp370,mri-esm2-0
128,2078,36.9850453502632,ssp370,mri-esm2-0
129,2079,40.19449292042563,ssp370,mri-esm2-0
130,2080,37.76840782275016,ssp370,mri-esm2-0
131,2081,37.14395797980898,ssp370,mri-esm2-0
132,2082,39.53981192577513,ssp370,mri-esm2-0
133,2083,36.10150923669386,ssp370,mri-esm2-0
134,2084,37.82240109554546,ssp370,mri-esm2-0
135,2085,35.67835236713979,ssp370,mri-esm2-0
136,2086,40.731624970104036,ssp370,mri-esm2-0
137,2087,38.77879796490147,ssp370,mri-esm2-0
138,2088,36.49135811516977,ssp370,mri-esm2-0
139,2089,39.91576891671283,ssp370,mri-esm2-0
140,2090,34.137187023205,ssp370,mri-esm2-0
141,2091,39.80068871842267,ssp370,mri-esm2-0
142,2092,38.2713357547381,ssp370,mri-esm2-0
143,2093,35.6634434622773,ssp370,mri-esm2-0
144,2094,40.758182762053245,ssp370,mri-esm2-0
145,2095,37.97536918488738,ssp370,mri-esm2-0
146,2096,38.61853121901615,ssp370,mri-esm2-0
147,2097,39.15218989744627,ssp370,mri-esm2-0
148,2098,37.47890715612053,ssp370,mri-esm2-0
149,2099,40.590009610584865,ssp370,mri-esm2-0
150,2100,34.65075703949391,ssp370,mri-esm2-0
0,1950,,ssp370,inm-cm4-8
1,1951,31.36309103761708,ssp370,inm-cm4-8
2,1952,35.37684916538476,ssp370,inm-cm4-8
3,1953,30.451091209918573,ssp370,inm-cm4-8
4,1954,27.539550544948753,ssp370,inm-cm4-8
5,1955,35.84090704070202,ssp370,inm-cm4-8
6,1956,27.33690519400858,ssp370,inm-cm4-8
7,1957,30.88202468143743,ssp370,inm-cm4-8
8,1958,29.008964871267438,ssp370,inm-cm4-8
9,1959,32.58754496607993,ssp370,inm-cm4-8
10,1960,30.173263128021205,ssp370,inm-cm4-8
11,1961,34.73912513201251,ssp370,inm-cm4-8
12,1962,34.01155623574628,ssp370,inm-cm4-8
13,1963,33.18867745923286,ssp370,inm-cm4-8
14,1964,29.360070104766415,ssp370,inm-cm4-8
15,1965,29.066616151670733,ssp370,inm-cm4-8
16,1966,29.46627975153639,ssp370,inm-cm4-8
17,1967,26.24744355574765,ssp370,inm-cm4-8
18,1968,29.017555266067674,ssp370,inm-cm4-8
19,1969,32.179522485251695,ssp370,inm-cm4-8
20,1970,31.659052417648695,ssp370,inm-cm4-8
21,1971,33.30233328789046,ssp370,inm-cm4-8
22,1972,35.208823554418686,ssp370,inm-cm4-8
23,1973,26.35781239094259,ssp370,inm-cm4-8
24,1974,29.698966283301743,ssp370,inm-cm4-8
25,1975,31.593749891743172,ssp370,inm-cm4-8
26,1976,30.525878995108023,ssp370,inm-cm4-8
27,1977,32.309855864968355,ssp370,inm-cm4-8
28,1978,30.967989007193346,ssp370,inm-cm4-8
29,1979,26.6987799460176,ssp370,inm-cm4-8
30,1980,31.218936036182388,ssp370,inm-cm4-8
31,1981,30.48854931260059,ssp370,inm-cm4-8
32,1982,32.80431126063063,ssp370,inm-cm4-8
33,1983,30.67174678942607,ssp370,inm-cm4-8
34,1984,29.024928730384886,ssp370,inm-cm4-8
35,1985,26.33552521016181,ssp370,inm-cm4-8
36,1986,31.222070047614707,ssp370,inm-cm4-8
37,1987,33.747399649087214,ssp370,inm-cm4-8
38,1988,28.825655232972206,ssp370,inm-cm4-8
39,1989,32.61366748817144,ssp370,inm-cm4-8
40,1990,31.665434570655083,ssp370,inm-cm4-8
41,1991,32.24337244278473,ssp370,inm-cm4-8
42,1992,34.928214663277345,ssp370,inm-cm4-8
43,1993,28.552412437414628,ssp370,inm-cm4-8
44,1994,30.465807139626797,ssp370,inm-cm4-8
45,1995,33.73466219215913,ssp370,inm-cm4-8
46,1996,29.453839319689813,ssp370,inm-cm4-8
47,1997,28.51231847880514,ssp370,inm-cm4-8
48,1998,31.962079409514065,ssp370,inm-cm4-8
49,1999,30.95277269592946,ssp370,inm-cm4-8
50,2000,33.51715725579155,ssp370,inm-cm4-8
51,2001,33.741052117541834,ssp370,inm-cm4-8
52,2002,34.14201137556101,ssp370,inm-cm4-8
53,2003,33.2880252166022,ssp370,inm-cm4-8
54,2004,30.538633798373763,ssp370,inm-cm4-8
55,2005,29.62536869946099,ssp370,inm-cm4-8
56,2006,32.5460063042267,ssp370,inm-cm4-8
57,2007,27.64212714575959,ssp370,inm-cm4-8
58,2008,30.93965595030013,ssp370,inm-cm4-8
59,2009,33.875589122324016,ssp370,inm-cm4-8
60,2010,37.60793318753853,ssp370,inm-cm4-8
61,2011,31.0213894736712,ssp370,inm-cm4-8
62,2012,31.62885776038058,ssp370,inm-cm4-8
63,2013,35.76832505081224,ssp370,inm-cm4-8
64,2014,32.00523136877545,ssp370,inm-cm4-8
65,2015,30.894486019655705,ssp370,inm-cm4-8
66,2016,31.726166028705947,ssp370,inm-cm4-8
67,2017,31.68350357013606,ssp370,inm-cm4-8
68,2018,32.59706542957077,ssp370,inm-cm4-8
69,2019,30.304452929193747,ssp370,inm-cm4-8
70,2020,34.08113285237561,ssp370,inm-cm4-8
71,2021,28.09313612326994,ssp370,inm-cm4-8
72,2022,36.22204760598446,ssp370,inm-cm4-8
73,2023,28.90969348441699,ssp370,inm-cm4-8
74,2024,34.94799478575197,ssp370,inm-cm4-8
75,2025,34.03721210722356,ssp370,inm-cm4-8
76,2026,37.183306712742855,ssp370,inm-cm4-8
77,2027,31.5162538558941,ssp370,inm-cm4-8
78,2028,29.855769877098975,ssp370,inm-cm4-8
79,2029,33.89317858965494,ssp370,inm-cm4-8
80,2030,34.66864887424939,ssp370,inm-cm4-8
81,2031,32.702283984969206,ssp370,inm-cm4-8
82,2032,34.3697605298576,ssp370,inm-cm4-8
83,2033,37.13483985022874,ssp370,inm-cm4-8
84,2034,33.57812009797632,ssp370,inm-cm4-8
85,2035,34.53831154970258,ssp370,inm-cm4-8
86,2036,35.47049104701215,ssp370,inm-cm4-8
87,2037,32.89044793226317,ssp370,inm-cm4-8
88,2038,29.744105568402563,ssp370,inm-cm4-8
89,2039,30.983444053787995,ssp370,inm-cm4-8
90,2040,33.33272654876705,ssp370,inm-cm4-8
91,2041,33.50374782945074,ssp370,inm-cm4-8
92,2042,37.15855162924549,ssp370,inm-cm4-8
93,2043,33.6835617480609,ssp370,inm-cm4-8
94,2044,35.51273551487096,ssp370,inm-cm4-8
95,2045,32.78906354953171,ssp370,inm-cm4-8
96,2046,38.059320393846846,ssp370,inm-cm4-8
97,2047,33.67763168818587,ssp370,inm-cm4-8
98,2048,35.29914401643465,ssp370,inm-cm4-8
99,2049,34.26250182530446,ssp370,inm-cm4-8
100,2050,27.773514056629505,ssp370,inm-cm4-8
101,2051,34.54279445600031,ssp370,inm-cm4-8
102,2052,33.86320827376715,ssp370,inm-cm4-8
103,2053,33.48960510739639,ssp370,inm-cm4-8
104,2054,32.74947576676188,ssp370,inm-cm4-8
105,2055,33.364247949412096,ssp370,inm-cm4-8
106,2056,35.83098628552196,ssp370,inm-cm4-8
107,2057,34.65902094335459,ssp370,inm-cm4-8
108,2058,37.10078208105426,ssp370,inm-cm4-8
109,2059,35.13098765965309,ssp370,inm-cm4-8
110,2060,37.129037972290924,ssp370,inm-cm4-8
111,2061,38.91425497788857,ssp370,inm-cm4-8
112,2062,33.018183116135866,ssp370,inm-cm4-8
113,2063,37.14008190950365,ssp370,inm-cm4-8
114,2064,34.92383200392114,ssp370,inm-cm4-8
115,2065,34.735205820729476,ssp370,inm-cm4-8
116,2066,32.35516043729687,ssp370,inm-cm4-8
117,2067,41.69411535812741,ssp370,inm-cm4-8
118,2068,39.316010918331926,ssp370,inm-cm4-8
119,2069,35.17953226774531,ssp370,inm-cm4-8
120,2070,40.0845293474453,ssp370,inm-cm4-8
121,2071,37.853091951607524,ssp370,inm-cm4-8
122,2072,39.587285687339154,ssp370,inm-cm4-8
123,2073,38.11097197405726,ssp370,inm-cm4-8
124,2074,38.9624626730584,ssp370,inm-cm4-8
125,2075,35.762192170623685,ssp370,inm-cm4-8
126,2076,37.23860924932501,ssp370,inm-cm4-8
127,2077,39.66115194005727,ssp370,inm-cm4-8
128,2078,39.22787930910818,ssp370,inm-cm4-8
129,2079,38.19628543412001,ssp370,inm-cm4-8
130,2080,38.093904089826864,ssp370,inm-cm4-8
131,2081,37.63193683678613,ssp370,inm-cm4-8
132,2082,34.03131134386622,ssp370,inm-cm4-8
133,2083,39.655309057525905,ssp370,inm-cm4-8
134,2084,38.64380944606756,ssp370,inm-cm4-8
135,2085,38.32601294892391,ssp370,inm-cm4-8
136,2086,39.13743906482805,ssp370,inm-cm4-8
137,2087,35.159837191769874,ssp370,inm-cm4-8
138,2088,38.335788397460064,ssp370,inm-cm4-8
139,2089,38.78354806138222,ssp370,inm-cm4-8
140,2090,39.689603816132866,ssp370,inm-cm4-8
141,2091,40.13039407751117,ssp370,inm-cm4-8
142,2092,36.22581045317036,ssp370,inm-cm4-8
143,2093,36.61098441647046,ssp370,inm-cm4-8
144,2094,35.16830582800246,ssp370,inm-cm4-8
145,2095,41.805371316220686,ssp370,inm-cm4-8
146,2096,38.863695846965726,ssp370,inm-cm4-8
147,2097,40.00804050722373,ssp370,inm-cm4-8
148,2098,38.72307580291382,ssp370,inm-cm4-8
149,2099,39.3462278841391,ssp370,inm-cm4-8
150,2100,41.413166190205764,ssp370,inm-cm4-8
0,1950,,ssp370,bcc-csm2-mr
1,1951,33.440675752977924,ssp370,bcc-csm2-mr
2,1952,32.68772565500026,ssp370,bcc-csm2-mr
3,1953,31.505586318721956,ssp370,bcc-csm2-mr
4,1954,31.767161735952357,ssp370,bcc-csm2-mr
5,1955,32.211836428159934,ssp370,bcc-csm2-mr
6,1956,28.61089506944309,ssp370,bcc-csm2-mr
7,1957,32.25034332879497,ssp370,bcc-csm2-mr
8,1958,31.847059455310212,ssp370,bcc-csm2-mr
9,1959,33.05112994430037,ssp370,bcc-csm2-mr
10,1960,33.28269545342502,ssp370,bcc-csm2-mr
11,1961,28.644059150649035,ssp370,bcc-csm2-mr
12,1962,29.092597128669667,ssp370,bcc-csm2-mr
13,1963,32.04362841761638,ssp370,bcc-csm2-mr
14,1964,31.48846623810577,ssp370,bcc-csm2-mr
15,1965,28.184596515834713,ssp370,bcc-csm2-mr
16,1966,30.89734563635262,ssp370,bcc-csm2-mr
17,1967,29.542045035822643,ssp370,bcc-csm2-mr
18,1968,32.34833046836262,ssp370,bcc-csm2-mr
19,1969,29.2005965693475,ssp370,bcc-csm2-mr
20,1970,32.11405001356256,ssp370,bcc-csm2-mr
21,1971,31.724264852900408,ssp370,bcc-csm2-mr
22,1972,35.36385564460612,ssp370,bcc-csm2-mr
23,1973,30.46939192098827,ssp370,bcc-csm2-mr
24,1974,24.718513678367497,ssp370,bcc-csm2-mr
25,1975,28.1752693108184,ssp370,bcc-csm2-mr
26,1976,30.064676893476125,ssp370,bcc-csm2-mr
27,1977,31.109031159468916,ssp370,bcc-csm2-mr
28,1978,32.16386029071993,ssp370,bcc-csm2-mr
29,1979,33.91946662154857,ssp370,bcc-csm2-mr
30,1980,35.74706007015205,ssp370,bcc-csm2-mr
31,1981,30.22726646780646,ssp370,bcc-csm2-mr
32,1982,32.45497782801477,ssp370,bcc-csm2-mr
33,1983,26.19835357814081,ssp370,bcc-csm2-mr
34,1984,31.22595291459125,ssp370,bcc-csm2-mr
35,1985,34.74933589604519,ssp370,bcc-csm2-mr
36,1986,26.710091991600063,ssp370,bcc-csm2-mr
37,1987,35.480021665197874,ssp370,bcc-csm2-mr
38,1988,35.683144736032396,ssp370,bcc-csm2-mr
39,1989,30.920956561509144,ssp370,bcc-csm2-mr
40,1990,26.731996144902677,ssp370,bcc-csm2-mr
41,1991,33.68908353045335,ssp370,bcc-csm2-mr
42,1992,27.602116548831592,ssp370,bcc-csm2-mr
43,1993,28.040392624773055,ssp370,bcc-csm2-mr
44,1994,33.19494269589058,ssp370,bcc-csm2-mr
45,1995,27.82355853324906,ssp370,bcc-csm2-mr
46,1996,27.211101212509938,ssp370,bcc-csm2-mr
47,1997,32.32094999233459,ssp370,bcc-csm2-mr
48,1998,29.925318526709596,ssp370,bcc-csm2-mr
49,1999,31.88683320323906,ssp370,bcc-csm2-mr
50,2000,29.738749674576752,ssp370,bcc-csm2-mr
51,2001,30.825366297544043,ssp370,bcc-csm2-mr
52,2002,31.653040210190795,ssp370,bcc-csm2-mr
53,2003,31.318655432932122,ssp370,bcc-csm2-mr
54,2004,30.120941159109915,ssp370,bcc-csm2-mr
55,2005,34.199866102821765,ssp370,bcc-csm2-mr
56,2006,28.153029115258622,ssp370,bcc-csm2-mr
57,2007,29.751132332886495,ssp370,bcc-csm2-mr
58,2008,34.4643399416643,ssp370,bcc-csm2-mr
59,2009,35.55511737605804,ssp370,bcc-csm2-mr
60,2010,33.98925325622841,ssp370,bcc-csm2-mr
61,2011,29.314852059341938,ssp370,bcc-csm2-mr
62,2012,32.64412958507388,ssp370,bcc-csm2-mr
63,2013,31.68831697741565,ssp370,bcc-csm2-mr
64,2014,32.52949930310076,ssp370,bcc-csm2-mr
65,2015,35.62762433004133,ssp370,bcc-csm2-mr
66,2016,33.90584634606588,ssp370,bcc-csm2-mr
67,2017,28.722886993070926,ssp370,bcc-csm2-mr
68,2018,33.54259764237003,ssp370,bcc-csm2-mr
69,2019,35.7689743129822,ssp370,bcc-csm2-mr
70,2020,34.713459217515975,ssp370,bcc-csm2-mr
71,2021,32.07943780272788,ssp370,bcc-csm2-mr
72,2022,34.07721821488515,ssp370,bcc-csm2-mr
73,2023,34.59265419003359,ssp370,bcc-csm2-mr
74,2024,32.561100164395555,ssp370,bcc-csm2-mr
75,2025,31.561827539332565,ssp370,bcc-csm2-mr
76,2026,31.952692011233477,ssp370,bcc-csm2-mr
77,2027,32.20445118769763,ssp370,bcc-csm2-mr
78,2028,34.33497328760262,ssp370,bcc-csm2-mr
79,2029,34.05672545815648,ssp370,bcc-csm2-mr
80,2030,34.378619921939425,ssp370,bcc-csm2-mr
81,2031,34.35105544283235,ssp370,bcc-csm2-mr
82,2032,34.56697098481426,ssp370,bcc-csm2-mr
83,2033,29.940366167429005,ssp370,bcc-csm2-mr
84,2034,32.59720962051771,ssp370,bcc-csm2-mr
85,2035,40.48816542180309,ssp370,bcc-csm2-mr
86,2036,34.38083795326808,ssp370,bcc-csm2-mr
87,2037,33.620120963281636,ssp370,bcc-csm2-mr
88,2038,30.97376459488166,ssp370,bcc-csm2-mr
89,2039,35.959814257933594,ssp370,bcc-csm2-mr
90,2040,33.99650850416061,ssp370,bcc-csm2-mr
91,2041,35.4415024766436,ssp370,bcc-csm2-mr
92,2042,35.442837048587435,ssp370,bcc-csm2-mr
93,2043,32.95834316210573,ssp370,bcc-csm2-mr
94,2044,31.761516388462553,ssp370,bcc-csm2-mr
95,2045,36.69854067876455,ssp370,bcc-csm2-mr
96,2046,32.46163741455962,ssp370,bcc-csm2-mr
97,2047,35.5660154246298,ssp370,bcc-csm2-mr
98,2048,36.69876372627,ssp370,bcc-csm2-mr
99,2049,34.73047608015001,ssp370,bcc-csm2-mr
100,2050,36.3640073182311,ssp370,bcc-csm2-mr
101,2051,34.76697238766245,ssp370,bcc-csm2-mr
102,2052,37.23217241277352,ssp370,bcc-csm2-mr
103,2053,32.85707417696381,ssp370,bcc-csm2-mr
104,2054,38.623438397640356,ssp370,bcc-csm2-mr
105,2055,36.48919262832394,ssp370,bcc-csm2-mr
106,2056,39.30963546138741,ssp370,bcc-csm2-mr
107,2057,34.28679234834744,ssp370,bcc-csm2-mr
108,2058,35.45191040742511,ssp370,bcc-csm2-mr
109,2059,37.39807150569131,ssp370,bcc-csm2-mr
110,2060,38.145127767609885,ssp370,bcc-csm2-mr
111,2061,38.3609194900553,ssp370,bcc-csm2-mr
112,2062,34.6425525107356,ssp370,bcc-csm2-mr
113,2063,39.63231428140402,ssp370,bcc-csm2-mr
114,2064,36.283589430820506,ssp370,bcc-csm2-mr
115,2065,38.88385753998945,ssp370,bcc-csm2-mr
116,2066,36.62959973285163,ssp370,bcc-csm2-mr
117,2067,35.25617616791551,ssp370,bcc-csm2-mr
118,2068,34.353659840512115,ssp370,bcc-csm2-mr
119,2069,39.62026953403141,ssp370,bcc-csm2-mr
120,2070,34.21249616172858,ssp370,bcc-csm2-mr
121,2071,40.67202788827911,ssp370,bcc-csm2-mr
122,2072,35.94244462674657,ssp370,bcc-csm2-mr
123,2073,40.60797548687784,ssp370,bcc-csm2-mr
124,2074,37.617690456244446,ssp370,bcc-csm2-mr
125,2075,37.403491420901325,ssp370,bcc-csm2-mr
126,2076,31.558946773928277,ssp370,bcc-csm2-mr
127,2077,35.035203422472506,ssp370,bcc-csm2-mr
128,2078,36.089433575469435,ssp370,bcc-csm2-mr
129,2079,39.590146238934096,ssp370,bcc-csm2-mr
130,2080,40.12142764031689,ssp370,bcc-csm2-mr
131,2081,40.65498697653636,ssp370,bcc-csm2-mr
132,2082,41.15093055379845,ssp370,bcc-csm2-mr
133,2083,39.12127757054762,ssp370,bcc-csm2-mr
134,2084,42.60552301849541,ssp370,bcc-csm2-mr
135,2085,42.18358968707403,ssp370,bcc-csm2-mr
136,2086,40.79458986871831,ssp370,bcc-csm2-mr
137,2087,38.4807305307413,ssp370,bcc-csm2-mr
138,2088,39.92007019871883,ssp370,bcc-csm2-mr
139,2089,41.274557233601534,ssp370,bcc-csm2-mr
140,2090,37.655612621024595,ssp370,bcc-csm2-mr
141,2091,38.107458861573235,ssp370,bcc-csm2-mr
142,2092,36.048563831905085,ssp370,bcc-csm2-mr
143,2093,40.72747995442667,ssp370,bcc-csm2-mr
144,2094,39.71647848851841,ssp370,bcc-csm2-mr
145,2095,40.26673205386155,ssp370,bcc-csm2-mr
146,2096,41.06148222820416,ssp370,bcc-csm2-mr
147,2097,39.267016802166026,ssp370,bcc-csm2-mr
148,2098,34.36390370445828,ssp370,bcc-csm2-mr
149,2099,42.871289382389975,ssp370,bcc-csm2-mr
150,2100,41.53158136914467,ssp370,bcc-csm2-mr
0,1950,,ssp370,gfdl-esm4
1,1951,36.14222259347582,ssp370,gfdl-esm4
2,1952,30.64187444581294,ssp370,gfdl-esm4
3,1953,30.552712176903412,ssp370,gfdl-esm4
4,1954,34.16559828782064,ssp370,gfdl-esm4
5,1955,33.68327024527188,ssp370,gfdl-esm4
6,1956,33.82079467913032,ssp370,gfdl-esm4
7,1957,31.008757014076743,ssp370,gfdl-esm4
8,1958,29.992789581520658,ssp370,gfdl-esm4
9,1959,28.302260489803228,ssp370,gfdl-esm4
10,1960,27.83287313333517,ssp370,gfdl-esm4
11,1961,29.991215354370414,ssp370,gfdl-esm4
12,1962,29.93253008531326,ssp370,gfdl-esm4
13,1963,32.61567599330154,ssp370,gfdl-esm4
14,1964,30.756556393259082,ssp370,gfdl-esm4
15,1965,31.853558801006294,ssp370,gfdl-esm4
16,1966,30.530166176474083,ssp370,gfdl-esm4
17,1967,28.40135600326632,ssp370,gfdl-esm4
18,1968,33.43604039345867,ssp370,gfdl-esm4
19,1969,31.8029545331317,ssp370,gfdl-esm4
20,1970,30.768015404100495,ssp370,gfdl-esm4
21,1971,32.628214388895145,ssp370,gfdl-esm4
22,1972,31.0604112463549,ssp370,gfdl-esm4
23,1973,32.892634289921304,ssp370,gfdl-esm4
24,1974,29.877469775564684,ssp370,gfdl-esm4
25,1975,30.253474244423114,ssp370,gfdl-esm4
26,1976,30.102026325590387,ssp370,gfdl-esm4
27,1977,27.64755345668463,ssp370,gfdl-esm4
28,1978,29.822666359629338,ssp370,gfdl-esm4
29,1979,32.34403442998633,ssp370,gfdl-esm4
30,1980,33.23178105576091,ssp370,gfdl-esm4
31,1981,30.78309763966616,ssp370,gfdl-esm4
32,1982,30.820624380469294,ssp370,gfdl-esm4
33,1983,31.428404196408128,ssp370,gfdl-esm4
34,1984,31.821062678714387,ssp370,gfdl-esm4
35,1985,28.163050132385663,ssp370,gfdl-esm4
36,1986,31.95958590149378,ssp370,gfdl-esm4
37,1987,29.00204664883894,ssp370,gfdl-esm4
38,1988,28.019018104282065,ssp370,gfdl-esm4
39,1989,33.92259239142121,ssp370,gfdl-esm4
40,1990,33.48076081371236,ssp370,gfdl-esm4
41,1991,33.89125438461888,ssp370,gfdl-esm4
42,1992,32.522540839905616,ssp370,gfdl-esm4
43,1993,32.10857639940576,ssp370,gfdl-esm4
44,1994,29.369034687781227,ssp370,gfdl-esm4
45,1995,29.03611527807864,ssp370,gfdl-esm4
46,1996,32.61860173287659,ssp370,gfdl-esm4
47,1997,30.167042545999358,ssp370,gfdl-esm4
48,1998,30.37639848495504,ssp370,gfdl-esm4
49,1999,33.15807569447128,ssp370,gfdl-esm4
50,2000,26.726623829231592,ssp370,gfdl-esm4
51,2001,29.33637570983588,ssp370,gfdl-esm4
52,2002,32.026877495090076,ssp370,gfdl-esm4
53,2003,26.560462407984158,ssp370,gfdl-esm4
54,2004,29.86837556000968,ssp370,gfdl-esm4
55,2005,31.454082259412854,ssp370,gfdl-esm4
56,2006,29.29425537347489,ssp370,gfdl-esm4
57,2007,28.848582300745786,ssp370,gfdl-esm4
58,2008,33.65643608532157,ssp370,gfdl-esm4
59,2009,34.335865037886606,ssp370,gfdl-esm4
60,2010,29.59449600119171,ssp370,gfdl-esm4
61,2011,34.085719802400185,ssp370,gfdl-esm4
62,2012,30.419784361963796,ssp370,gfdl-esm4
63,2013,31.47582818653177,ssp370,gfdl-esm4
64,2014,30.817080401310573,ssp370,gfdl-esm4
65,2015,28.728010016752087,ssp370,gfdl-esm4
66,2016,30.770187283621578,ssp370,gfdl-esm4
67,2017,34.343425054292396,ssp370,gfdl-esm4
68,2018,34.27027136357794,ssp370,gfdl-esm4
69,2019,30.501830439541592,ssp370,gfdl-esm4
70,2020,27.06303500258271,ssp370,gfdl-esm4
71,2021,33.33974400719665,ssp370,gfdl-esm4
72,2022,32.02655339595891,ssp370,gfdl-esm4
73,2023,34.47699448446754,ssp370,gfdl-esm4
74,2024,36.42350556936942,ssp370,gfdl-esm4
75,2025,28.29336397641765,ssp370,gfdl-esm4
76,2026,32.602739692839506,ssp370,gfdl-esm4
77,2027,34.959231345768984,ssp370,gfdl-esm4
78,2028,32.67432713222255,ssp370,gfdl-esm4
79,2029,32.31548303402169,ssp370,gfdl-esm4
80,2030,30.81856030483239,ssp370,gfdl-esm4
81,2031,31.108992011964002,ssp370,gfdl-esm4
82,2032,32.34635991054981,ssp370,gfdl-esm4
83,2033,32.679239203396776,ssp370,gfdl-esm4
84,2034,31.80062553957807,ssp370,gfdl-esm4
85,2035,33.61220246469693,ssp370,gfdl-esm4
86,2036,29.12047635447847,ssp370,gfdl-esm4
87,2037,34.148103696942634,ssp370,gfdl-esm4
88,2038,32.86268476275606,ssp370,gfdl-esm4
89,2039,32.00744029817862,ssp370,gfdl-esm4
90,2040,33.69984696601904,ssp370,gfdl-esm4
91,2041,31.54142751809021,ssp370,gfdl-esm4
92,2042,33.73386396669854,ssp370,gfdl-esm4
93,2043,38.48755610236631,ssp370,gfdl-esm4
94,2044,32.07022918256782,ssp370,gfdl-esm4
95,2045,28.61479946264355,ssp370,gfdl-esm4
96,2046,35.25966215248754,ssp370,gfdl-esm4
97,2047,37.05714870523221,ssp370,gfdl-esm4
98,2048,35.21331997573672,ssp370,gfdl-esm4
99,2049,33.90236771076805,ssp370,gfdl-esm4
100,2050,36.742691787829465,ssp370,gfdl-esm4
101,2051,34.309764983730204,ssp370,gfdl-esm4
102,2052,35.1766842467718,ssp370,gfdl-esm4
103,2053,31.955887619990147,ssp370,gfdl-esm4
104,2054,31.527381141174427,ssp370,gfdl-esm4
105,2055,36.75570232008199,ssp370,gfdl-esm4
106,2056,33.334073619886304,ssp370,gfdl-esm4
107,2057,34.18998903015029,ssp370,gfdl-esm4
108,2058,35.20474563402882,ssp370,gfdl-esm4
109,2059,36.989218459449134,ssp370,gfdl-esm4
110,2060,35.23665958284734,ssp370,gfdl-esm4
111,2061,31.866694127280685,ssp370,gfdl-esm4
112,2062,35.26881710129996,ssp370,gfdl-esm4
113,2063,31.722803757343744,ssp370,gfdl-esm4
114,2064,36.50802585337195,ssp370,gfdl-esm4
115,2065,32.06933033629723,ssp370,gfdl-esm4
116,2066,33.31355939874726,ssp370,gfdl-esm4
117,2067,38.33299636494299,ssp370,gfdl-esm4
118,2068,34.47560595813791,ssp370,gfdl-esm4
119,2069,34.61681590608882,ssp370,gfdl-esm4
120,2070,33.6157651701522,ssp370,gfdl-esm4
121,2071,38.68000740963943,ssp370,gfdl-esm4
122,2072,34.64915556860522,ssp370,gfdl-esm4
123,2073,37.46069370056246,ssp370,gfdl-esm4
124,2074,34.569411377386565,ssp370,gfdl-esm4
125,2075,37.27777505425486,ssp370,gfdl-esm4
126,2076,35.074286050434175,ssp370,gfdl-esm4
127,2077,38.48048768257911,ssp370,gfdl-esm4
128,2078,34.870726597557685,ssp370,gfdl-esm4
129,2079,35.76515335426596,ssp370,gfdl-esm4
130,2080,39.2623805851447,ssp370,gfdl-esm4
131,2081,34.43279774536701,ssp370,gfdl-esm4
132,2082,33.132495975430416,ssp370,gfdl-esm4
133,2083,38.339802936791116,ssp370,gfdl-esm4
134,2084,39.0670878927902,ssp370,gfdl-esm4
135,2085,36.36231127236868,ssp370,gfdl-esm4
136,2086,36.27172602818465,ssp370,gfdl-esm4
137,2087,36.620783700220805,ssp370,gfdl-esm4
138,2088,34.0748542303373,ssp370,gfdl-esm4
139,2089,37.1983776045865,ssp370,gfdl-esm4
140,2090,36.325571371817276,ssp370,gfdl-esm4
141,2091,36.556048380112614,ssp370,gfdl-esm4
142,2092,39.424228194598136,ssp370,gfdl-esm4
143,2093,37.51837461429347,ssp370,gfdl-esm4
144,2094,36.326799959483225,ssp370,gfdl-esm4
145,2095,35.69241217026016,ssp370,gfdl-esm4
146,2096,37.940146454392476,ssp370,gfdl-esm4
147,2097,38.44182579204351,ssp370,gfdl-esm4
148,2098,37.078591787052865,ssp370,gfdl-esm4
149,2099,34.17296571749971,ssp370,gfdl-esm4
150,2100,35.32123117835429,ssp370,gfdl-esm4
0,1950,,ssp370,access-esm1-5
1,1951,30.91602645720326,ssp370,access-esm1-5
2,1952,32.30465370833012,ssp370,access-esm1-5
3,1953,32.41581327213812,ssp370,access-esm1-5
4,1954,32.52451611306428,ssp370,access-esm1-5
5,1955,30.8003540298142,ssp370,access-esm1-5
6,1956,28.266938729435633,ssp370,access-esm1-5
7,1957,32.20261002423707,ssp370,access-esm1-5
8,1958,32.45107571928409,ssp370,access-esm1-5
9,1959,30.658825804768085,ssp370,access-esm1-5
10,1960,30.422640366813706,ssp370,access-esm1-5
11,1961,29.59105528462835,ssp370,access-esm1-5
12,1962,31.14759642791682,ssp370,access-esm1-5
13,1963,30.251148955192317,ssp370,access-esm1-5
14,1964,30.279061141643123,ssp370,access-esm1-5
15,1965,29.395845177194893,ssp370,access-esm1-5
16,1966,30.032293836861943,ssp370,access-esm1-5
17,1967,31.298237107123516,ssp370,access-esm1-5
18,1968,28.848248759878143,ssp370,access-esm1-5
19,1969,27.065415516693523,ssp370,access-esm1-5
20,1970,33.751450448459174,ssp370,access-esm1-5
21,1971,34.755853035737616,ssp370,access-esm1-5
22,1972,31.299777749239844,ssp370,access-esm1-5
23,1973,28.85305630922904,ssp370,access-esm1-5
24,1974,30.243733406653053,ssp370,access-esm1-5
25,1975,32.99619134273471,ssp370,access-esm1-5
26,1976,29.24055298987638,ssp370,access-esm1-5
27,1977,28.801934550234968,ssp370,access-esm1-5
28,1978,34.424937350424656,ssp370,access-esm1-5
29,1979,31.77659636918899,ssp370,access-esm1-5
30,1980,31.61816516913046,ssp370,access-esm1-5
31,1981,28.43716623226169,ssp370,access-esm1-5
32,1982,31.98080362848787,ssp370,access-esm1-5
33,1983,29.672828874665715,ssp370,access-esm1-5
34,1984,29.581089615238547,ssp370,access-esm1-5
35,1985,32.99867273068602,ssp370,access-esm1-5
36,1986,32.82686774128002,ssp370,access-esm1-5
37,1987,29.756322324533105,ssp370,access-esm1-5
38,1988,29.340585327454345,ssp370,access-esm1-5
39,1989,30.095300683598563,ssp370,access-esm1-5
40,1990,29.493952824051192,ssp370,access-esm1-5
41,1991,33.6770728392237,ssp370,access-esm1-5
42,1992,29.62518467307508,ssp370,access-esm1-5
43,1993,31.5138884426177,ssp370,access-esm1-5
44,1994,31.13797014515552,ssp370,access-esm1-5
45,1995,31.13629283040923,ssp370,access-esm1-5
46,1996,34.660276043446835,ssp370,access-esm1-5
47,1997,32.975039204132564,ssp370,access-esm1-5
48,1998,30.05855614836385,ssp370,access-esm1-5
49,1999,33.024014109232574,ssp370,access-esm1-5
50,2000,33.16893860131523,ssp370,access-esm1-5
51,2001,31.636023550350597,ssp370,access-esm1-5
52,2002,30.756648509818746,ssp370,access-esm1-5
53,2003,33.96157807078763,ssp370,access-esm1-5
54,2004,34.59341900596711,ssp370,access-esm1-5
55,2005,32.32972410573226,ssp370,access-esm1-5
56,2006,33.791848211810624,ssp370,access-esm1-5
57,2007,32.16839547477005,ssp370,access-esm1-5
58,2008,32.23799509765756,ssp370,access-esm1-5
59,2009,33.449855091716195,ssp370,access-esm1-5
60,2010,33.488002555838726,ssp370,access-esm1-5
61,2011,33.663030455263794,ssp370,access-esm1-5
62,2012,36.52266761085249,ssp370,access-esm1-5
63,2013,30.59640723325861,ssp370,access-esm1-5
64,2014,28.04566843888172,ssp370,access-esm1-5
65,2015,33.23269481775064,ssp370,access-esm1-5
66,2016,34.04973770557379,ssp370,access-esm1-5
67,2017,32.91508507396843,ssp370,access-esm1-5
68,2018,32.31143332698044,ssp370,access-esm1-5
69,2019,34.553992936899704,ssp370,access-esm1-5
70,2020,36.90764973685671,ssp370,access-esm1-5
71,2021,30.952514923253148,ssp370,access-esm1-5
72,2022,35.780798942370424,ssp370,access-esm1-5
73,2023,32.73598048501987,ssp370,access-esm1-5
74,2024,34.237409360278434,ssp370,access-esm1-5
75,2025,36.359445560996505,ssp370,access-esm1-5
76,2026,35.032226928715176,ssp370,access-esm1-5
77,2027,32.530003965458256,ssp370,access-esm1-5
78,2028,31.121874109675574,ssp370,access-esm1-5
79,2029,32.15698975071444,ssp370,access-esm1-5
80,2030,35.87095672087105,ssp370,access-esm1-5
81,2031,35.73149291638266,ssp370,access-esm1-5
82,2032,31.773783722421136,ssp370,access-esm1-5
83,2033,33.91561017734351,ssp370,access-esm1-5
84,2034,36.075284334689066,ssp370,access-esm1-5
85,2035,33.32441343253697,ssp370,access-esm1-5
86,2036,36.6342617761431,ssp370,access-esm1-5
87,2037,31.64456883925276,ssp370,access-esm1-5
88,2038,34.492197396733566,ssp370,access-esm1-5
89,2039,35.855647805863384,ssp370,access-esm1-5
90,2040,35.185025831236246,ssp370,access-esm1-5
91,2041,32.103212006195605,ssp370,access-esm1-5
92,2042,33.29345809396857,ssp370,access-esm1-5
93,2043,36.48302266542439,ssp370,access-esm1-5
94,2044,34.956594577245106,ssp370,access-esm1-5
95,2045,34.925819162353875,ssp370,access-esm1-5
96,2046,32.0207512336451,ssp370,access-esm1-5
97,2047,34.50623624593942,ssp370,access-esm1-5
98,2048,35.804666447255364,ssp370,access-esm1-5
99,2049,33.84901095973509,ssp370,access-esm1-5
100,2050,37.236790974741105,ssp370,access-esm1-5
101,2051,36.661901280507976,ssp370,access-esm1-5
102,2052,28.203086266391857,ssp370,access-esm1-5
103,2053,35.216950100748676,ssp370,access-esm1-5
104,2054,36.7385651273175,ssp370,access-esm1-5
105,2055,37.299502098801604,ssp370,access-esm1-5
106,2056,34.487079849785694,ssp370,access-esm1-5
107,2057,31.430401752935694,ssp370,access-esm1-5
108,2058,35.84352763500916,ssp370,access-esm1-5
109,2059,37.796931176619914,ssp370,access-esm1-5
110,2060,35.32074686644353,ssp370,access-esm1-5
111,2061,37.08935680529105,ssp370,access-esm1-5
112,2062,36.348835455674084,ssp370,access-esm1-5
113,2063,36.62315808673805,ssp370,access-esm1-5
114,2064,37.904829240797355,ssp370,access-esm1-5
115,2065,33.91777056669115,ssp370,access-esm1-5
116,2066,38.01695538385636,ssp370,access-esm1-5
117,2067,37.14837059602381,ssp370,access-esm1-5
118,2068,33.77496631538998,ssp370,access-esm1-5
119,2069,37.336298900430165,ssp370,access-esm1-5
120,2070,36.78063471039342,ssp370,access-esm1-5
121,2071,36.74654740254498,ssp370,access-esm1-5
122,2072,38.84490598519594,ssp370,access-esm1-5
123,2073,38.05673083388826,ssp370,access-esm1-5
124,2074,37.063924033353146,ssp370,access-esm1-5
125,2075,38.345630623545894,ssp370,access-esm1-5
126,2076,38.95799087696598,ssp370,access-esm1-5
127,2077,36.737633013264734,ssp370,access-esm1-5
128,2078,39.85778831822813,ssp370,access-esm1-5
129,2079,38.47551812892829,ssp370,access-esm1-5
130,2080,35.79459628913461,ssp370,access-esm1-5
131,2081,35.055409482246205,ssp370,access-esm1-5
132,2082,37.44884222269628,ssp370,access-esm1-5
133,2083,35.0120896456045,ssp370,access-esm1-5
134,2084,37.42133457828838,ssp370,access-esm1-5
135,2085,41.197016973097746,ssp370,access-esm1-5
136,2086,35.425699555434626,ssp370,access-esm1-5
137,2087,37.195403752499814,ssp370,access-esm1-5
138,2088,39.08357180926785,ssp370,access-esm1-5
139,2089,38.70253313353514,ssp370,access-esm1-5
140,2090,35.27872271103398,ssp370,access-esm1-5
141,2091,39.43144795396415,ssp370,access-esm1-5
142,2092,34.551524456963996,ssp370,access-esm1-5
143,2093,37.53349919209137,ssp370,access-esm1-5
144,2094,38.40020025537854,ssp370,access-esm1-5
145,2095,40.346219321289276,ssp370,access-esm1-5
146,2096,39.16339615630223,ssp370,access-esm1-5
147,2097,34.49699835980985,ssp370,access-esm1-5
148,2098,37.217341065731425,ssp370,access-esm1-5
149,2099,40.86269009600708,ssp370,access-esm1-5
150,2100,42.322978342289225,ssp370,access-esm1-5
0,1950,,ssp370,ipsl-cm6a-lr
1,1951,28.667162629541597,ssp370,ipsl-cm6a-lr
2,1952,28.631559641820704,ssp370,ipsl-cm6a-lr
3,1953,30.443360525080095,ssp370,ipsl-cm6a-lr
4,1954,28.64809891725402,ssp370,ipsl-cm6a-lr
5,1955,31.1059367430971,ssp370,ipsl-cm6a-lr
6,1956,30.07874741881585,ssp370,ipsl-cm6a-lr
7,1957,31.28942444197639,ssp370,ipsl-cm6a-lr
8,1958,30.033461494738916,ssp370,ipsl-cm6a-lr
9,1959,29.628597901270727,ssp370,ipsl-cm6a-lr
10,1960,28.827995922442906,ssp370,ipsl-cm6a-lr
11,1961,28.91757044156949,ssp370,ipsl-cm6a-lr
12,1962,31.88650311463945,ssp370,ipsl-cm6a-lr
13,1963,31.97801343353558,ssp370,ipsl-cm6a-lr
14,1964,32.49116702009554,ssp370,ipsl-cm6a-lr
15,1965,32.27139296085928,ssp370,ipsl-cm6a-lr
16,1966,28.835281675607227,ssp370,ipsl-cm6a-lr
17,1967,31.130333692985122,ssp370,ipsl-cm6a-lr
18,1968,28.88384144209927,ssp370,ipsl-cm6a-lr
19,1969,30.6099649255155,ssp370,ipsl-cm6a-lr
20,1970,32.79512912450881,ssp370,ipsl-cm6a-lr
21,1971,30.934005752705602,ssp370,ipsl-cm6a-lr
22,1972,27.10800527185886,ssp370,ipsl-cm6a-lr
23,1973,34.366201692017356,ssp370,ipsl-cm6a-lr
24,1974,30.58390819221638,ssp370,ipsl-cm6a-lr
25,1975,30.51499142029874,ssp370,ipsl-cm6a-lr
26,1976,30.978616717350636,ssp370,ipsl-cm6a-lr
27,1977,31.030272341054342,ssp370,ipsl-cm6a-lr
28,1978,29.523416735904707,ssp370,ipsl-cm6a-lr
29,1979,31.428145382555744,ssp370,ipsl-cm6a-lr
30,1980,27.675038250254463,ssp370,ipsl-cm6a-lr
31,1981,30.58471480308737,ssp370,ipsl-cm6a-lr
32,1982,29.6818625819416,ssp370,ipsl-cm6a-lr
33,1983,31.22724403365762,ssp370,ipsl-cm6a-lr
34,1984,28.69879707239948,ssp370,ipsl-cm6a-lr
35,1985,31.302048296343337,ssp370,ipsl-cm6a-lr
36,1986,33.357178395753174,ssp370,ipsl-cm6a-lr
37,1987,31.971734743248724,ssp370,ipsl-cm6a-lr
38,1988,31.776068180809663,ssp370,ipsl-cm6a-lr
39,1989,31.35735245573868,ssp370,ipsl-cm6a-lr
40,1990,36.55885442958397,ssp370,ipsl-cm6a-lr
41,1991,29.99347713283239,ssp370,ipsl-cm6a-lr
42,1992,30.501561760257715,ssp370,ipsl-cm6a-lr
43,1993,30.134345002374594,ssp370,ipsl-cm6a-lr
44,1994,28.90905165363191,ssp370,ipsl-cm6a-lr
45,1995,33.06110067100953,ssp370,ipsl-cm6a-lr
46,1996,36.80964230955539,ssp370,ipsl-cm6a-lr
47,1997,31.815950285953278,ssp370,ipsl-cm6a-lr
48,1998,29.792387142668993,ssp370,ipsl-cm6a-lr
49,1999,30.76737773967805,ssp370,ipsl-cm6a-lr
50,2000,34.0532524086202,ssp370,ipsl-cm6a-lr
51,2001,33.99876758014234,ssp370,ipsl-cm6a-lr
52,2002,29.990508303625603,ssp370,ipsl-cm6a-lr
53,2003,31.52699610389729,ssp370,ipsl-cm6a-lr
54,2004,33.651111127443905,ssp370,ipsl-cm6a-lr
55,2005,35.257994240719526,ssp370,ipsl-cm6a-lr
56,2006,31.52426392894305,ssp370,ipsl-cm6a-lr
57,2007,31.18680111474371,ssp370,ipsl-cm6a-lr
58,2008,33.91587120858685,ssp370,ipsl-cm6a-lr
59,2009,31.94755673395175,ssp370,ipsl-cm6a-lr
60,2010,32.48095436789033,ssp370,ipsl-cm6a-lr
61,2011,36.5566157534196,ssp370,ipsl-cm6a-lr
62,2012,32.89749997227127,ssp370,ipsl-cm6a-lr
63,2013,29.852576142544645,ssp370,ipsl-cm6a-lr
64,2014,35.41656549332552,ssp370,ipsl-cm6a-lr
65,2015,32.597044033234745,ssp370,ipsl-cm6a-lr
66,2016,33.20730961253723,ssp370,ipsl-cm6a-lr
67,2017,36.042836038709304,ssp370,ipsl-cm6a-lr
68,2018,33.87412606490701,ssp370,ipsl-cm6a-lr
69,2019,32.79258293981893,ssp370,ipsl-cm6a-lr
70,2020,32.11139059234045,ssp370,ipsl-cm6a-lr
71,2021,32.670490442579855,ssp370,ipsl-cm6a-lr
72,2022,34.40089096770128,ssp370,ipsl-cm6a-lr
73,2023,31.865516282682904,ssp370,ipsl-cm6a-lr
74,2024,30.46082448915974,ssp370,ipsl-cm6a-lr
75,2025,35.92843823905333,ssp370,ipsl-cm6a-lr
76,2026,35.02953506991695,ssp370,ipsl-cm6a-lr
77,2027,34.00705532492847,ssp370,ipsl-cm6a-lr
78,2028,33.72841477657868,ssp370,ipsl-cm6a-lr
79,2029,34.81696056635228,ssp370,ipsl-cm6a-lr
80,2030,32.366939747237055,ssp370,ipsl-cm6a-lr
81,2031,32.787401262547064,ssp370,ipsl-cm6a-lr
82,2032,32.55649938601766,ssp370,ipsl-cm6a-lr
83,2033,31.614519009797323,ssp370,ipsl-cm6a-lr
84,2034,32.5515270892912,ssp370,ipsl-cm6a-lr
85,2035,34.00443924976636,ssp370,ipsl-cm6a-lr
86,2036,31.45021055044982,ssp370,ipsl-cm6a-lr
87,2037,36.14308771330282,ssp370,ipsl-cm6a-lr
88,2038,32.69034947647383,ssp370,ipsl-cm6a-lr
89,2039,32.45639055053741,ssp370,ipsl-cm6a-lr
90,2040,35.00806069411597,ssp370,ipsl-cm6a-lr
91,2041,31.16026547163113,ssp370,ipsl-cm6a-lr
92,2042,35.7074994787609,ssp370,ipsl-cm6a-lr
93,2043,33.83623732370789,ssp370,ipsl-cm6a-lr
94,2044,32.27517702612079,ssp370,ipsl-cm6a-lr
95,2045,34.35904290250944,ssp370,ipsl-cm6a-lr
96,2046,37.494558996290415,ssp370,ipsl-cm6a-lr
97,2047,35.690930110026514,ssp370,ipsl-cm6a-lr
98,2048,33.03423010489402,ssp370,ipsl-cm6a-lr
99,2049,39.81864230910515,ssp370,ipsl-cm6a-lr
100,2050,34.91919971771775,ssp370,ipsl-cm6a-lr
101,2051,36.258754203307184,ssp370,ipsl-cm6a-lr
102,2052,35.06001101128505,ssp370,ipsl-cm6a-lr
103,2053,35.38907500661916,ssp370,ipsl-cm6a-lr
104,2054,39.50394702555761,ssp370,ipsl-cm6a-lr
105,2055,38.956907407694715,ssp370,ipsl-cm6a-lr
106,2056,35.36760526277438,ssp370,ipsl-cm6a-lr
107,2057,37.032540592189726,ssp370,ipsl-cm6a-lr
108,2058,38.73951011253011,ssp370,ipsl-cm6a-lr
109,2059,34.10957094947109,ssp370,ipsl-cm6a-lr
110,2060,33.67946994742529,ssp370,ipsl-cm6a-lr
111,2061,34.328237141401495,ssp370,ipsl-cm6a-lr
112,2062,36.40448815074407,ssp370,ipsl-cm6a-lr
113,2063,38.10951236913289,ssp370,ipsl-cm6a-lr
114,2064,37.65003385725209,ssp370,ipsl-cm6a-lr
115,2065,33.75867142901084,ssp370,ipsl-cm6a-lr
116,2066,38.02628751785091,ssp370,ipsl-cm6a-lr
117,2067,36.701415349456155,ssp370,ipsl-cm6a-lr
118,2068,38.202516753938156,ssp370,ipsl-cm6a-lr
119,2069,36.116271106013215,ssp370,ipsl-cm6a-lr
120,2070,38.6238722134327,ssp370,ipsl-cm6a-lr
121,2071,41.42820975276054,ssp370,ipsl-cm6a-lr
122,2072,39.23445682466492,ssp370,ipsl-cm6a-lr
123,2073,38.28932947279063,ssp370,ipsl-cm6a-lr
124,2074,37.257879531036394,ssp370,ipsl-cm6a-lr
125,2075,40.17534661102071,ssp370,ipsl-cm6a-lr
126,2076,40.161677307956936,ssp370,ipsl-cm6a-lr
127,2077,37.845557207389405,ssp370,ipsl-cm6a-lr
128,2078,37.29413299354963,ssp370,ipsl-cm6a-lr
129,2079,39.04969690853982,ssp370,ipsl-cm6a-lr
130,2080,36.649287225871845,ssp370,ipsl-cm6a-lr
131,2081,40.69710814332468,ssp370,ipsl-cm6a-lr
132,2082,38.70582722258821,ssp370,ipsl-cm6a-lr
133,2083,41.37178640726826,ssp370,ipsl-cm6a-lr
134,2084,42.61018539515729,ssp370,ipsl-cm6a-lr
135,2085,39.98038916724236,ssp370,ipsl-cm6a-lr
136,2086,37.40633007629159,ssp370,ipsl-cm6a-lr
137,2087,38.950386632375086,ssp370,ipsl-cm6a-lr
138,2088,39.21768283303462,ssp370,ipsl-cm6a-lr
139,2089,41.54612585970836,ssp370,ipsl-cm6a-lr
140,2090,41.087871374621635,ssp370,ipsl-cm6a-lr
141,2091,39.61747191276426,ssp370,ipsl-cm6a-lr
142,2092,38.247894348716024,ssp370,ipsl-cm6a-lr
143,2093,42.56670321434967,ssp370,ipsl-cm6a-lr
144,2094,39.61016346413022,ssp370,ipsl-cm6a-lr
145,2095,42.08011931349751,ssp370,ipsl-cm6a-lr
146,2096,40.3259272665257,ssp370,ipsl-cm6a-lr
147,2097,39.98131433672227,ssp370,ipsl-cm6a-lr
148,2098,41.06013947400775,ssp370,ipsl-cm6a-lr
149,2099,39.94037014399088,ssp370,ipsl-cm6a-lr
150,2100,40.726332635066576,ssp370,ipsl-cm6a-lr
0,1950,,ssp370,ec-earth3
1,1951,29.76369593367604,ssp370,ec-earth3
2,1952,27.064324677524166,ssp370,ec-earth3
3,1953,31.559946098966975,ssp370,ec-earth3
4,1954,28.691952793515917,ssp370,ec-earth3
5,1955,32.15122256984387,ssp370,ec-earth3
6,1956,29.350165261588334,ssp370,ec-earth3
7,1957,30.51409194387014,ssp370,ec-earth3
8,1958,33.029979767169564,ssp370,ec-earth3
9,1959,33.98958752972532,ssp370,ec-earth3
10,1960,35.0756379904646,ssp370,ec-earth3
11,1961,29.502981628801045,ssp370,ec-earth3
12,1962,32.74942163925725,ssp370,ec-earth3
13,1963,31.696675709209888,ssp370,ec-earth3
14,1964,29.62133056596941,ssp370,ec-earth3
15,1965,30.735906441672302,ssp370,ec-earth3
16,1966,27.668945349636388,ssp370,ec-earth3
17,1967,31.937876497373782,ssp370,ec-earth3
18,1968,32.91738890281928,ssp370,ec-earth3
19,1969,30.35200773618709,ssp370,ec-earth3
20,1970,32.99113024636113,ssp370,ec-earth3
21,1971,30.638177941484418,ssp370,ec-earth3
22,1972,31.351859362018555,ssp370,ec-earth3
23,1973,27.614852408309698,ssp370,ec-earth3
24,1974,32.574955286130304,ssp370,ec-earth3
25,1975,34.151841944632686,ssp370,ec-earth3
26,1976,29.87658589215631,ssp370,ec-earth3
27,1977,32.56836209921206,ssp370,ec-earth3
28,1978,27.11871803178724,ssp370,ec-earth3
29,1979,31.633247413864968,ssp370,ec-earth3
30,1980,33.595765118053244,ssp370,ec-earth3
31,1981,32.140575126517874,ssp370,ec-earth3
32,1982,29.095409051121315,ssp370,ec-earth3
33,1983,30.11524013996375,ssp370,ec-earth3
34,1984,31.697736180830834,ssp370,ec-earth3
35,1985,30.929021154719003,ssp370,ec-earth3
36,1986,28.471381664303955,ssp370,ec-earth3
37,1987,28.62725836716302,ssp370,ec-earth3
38,1988,31.784459169944856,ssp370,ec-earth3
39,1989,31.42154358518286,ssp370,ec-earth3
40,1990,31.875555887926257,ssp370,ec-earth3
41,1991,32.05082017965342,ssp370,ec-earth3
42,1992,28.318639513099782,ssp370,ec-earth3
43,1993,30.96529116319605,ssp370,ec-earth3
44,1994,31.502882255540868,ssp370,ec-earth3
45,1995,34.7244907929679,ssp370,ec-earth3
46,1996,28.384027965240758,ssp370,ec-earth3
47,1997,32.36298556974908,ssp370,ec-earth3
48,1998,34.12376776812515,ssp370,ec-earth3
49,1999,31.73969315551867,ssp370,ec-earth3
50,2000,30.168328407407298,ssp370,ec-earth3
51,2001,31.96507858756427,ssp370,ec-earth3
52,2002,29.37900630999741,ssp370,ec-earth3
53,2003,31.987141854060336,ssp370,ec-earth3
54,2004,29.371350828517322,ssp370,ec-earth3
55,2005,33.137122640209164,ssp370,ec-earth3
56,2006,34.08993456991581,ssp370,ec-earth3
57,2007,30.649850286004526,ssp370,ec-earth3
58,2008,30.905674384644655,ssp370,ec-earth3
59,2009,28.476569410168317,ssp370,ec-earth3
60,2010,33.36128409578963,ssp370,ec-earth3
61,2011,38.5296245725882,ssp370,ec-earth3
62,2012,30.48775006100399,ssp370,ec-earth3
63,2013,32.38678000938483,ssp370,ec-earth3
64,2014,35.57219738529116,ssp370,ec-earth3
65,2015,36.443843213563085,ssp370,ec-earth3
66,2016,34.42485403104493,ssp370,ec-earth3
67,2017,34.2283258752304,ssp370,ec-earth3
68,2018,39.25789787801997,ssp370,ec-earth3
69,2019,31.859666837678148,ssp370,ec-earth3
70,2020,33.12236423073211,ssp370,ec-earth3
71,2021,33.52642251607585,ssp370,ec-earth3
72,2022,35.39186630814098,ssp370,ec-earth3
73,2023,39.71567392374641,ssp370,ec-earth3
74,2024,36.678585885697295,ssp370,ec-earth3
75,2025,36.7982908331564,ssp370,ec-earth3
76,2026,37.4936678800199,ssp370,ec-earth3
77,2027,34.738294931018025,ssp370,ec-earth3
78,2028,38.312741433125204,ssp370,ec-earth3
79,2029,39.58614653226737,ssp370,ec-earth3
80,2030,33.40576525962275,ssp370,ec-earth3
81,2031,31.664998303887767,ssp370,ec-earth3
82,2032,36.789745400640506,ssp370,ec-earth3
83,2033,36.70625594611854,ssp370,ec-earth3
84,2034,37.8464205148076,ssp370,ec-earth3
85,2035,36.88131593594215,ssp370,ec-earth3
86,2036,39.30145374311306,ssp370,ec-earth3
87,2037,34.37374060053194,ssp370,ec-earth3
88,2038,38.7966069270443,ssp370,ec-earth3
89,2039,36.80233145056134,ssp370,ec-earth3
90,2040,40.24408566249146,ssp370,ec-earth3
91,2041,39.565189456977684,ssp370,ec-earth3
92,2042,38.18812447140363,ssp370,ec-earth3
93,2043,31.33248460059525,ssp370,ec-earth3
94,2044,38.53357503259791,ssp370,ec-earth3
95,2045,40.732590435355156,ssp370,ec-earth3
96,2046,35.900697559905716,ssp370,ec-earth3
97,2047,32.963898158384175,ssp370,ec-earth3
98,2048,38.3107648532371,ssp370,ec-earth3
99,2049,40.56625017699307,ssp370,ec-earth3
100,2050,36.675599399722024,ssp370,ec-earth3
101,2051,39.536183257058596,ssp370,ec-earth3
102,2052,36.548018893458746,ssp370,ec-earth3
103,2053,39.15732321707764,ssp370,ec-earth3
104,2054,38.70682133573951,ssp370,ec-earth3
105,2055,39.50334956068826,ssp370,ec-earth3
106,2056,39.97480247526251,ssp370,ec-earth3
107,2057,39.351420145972284,ssp370,ec-earth3
108,2058,35.5698242808604,ssp370,ec-earth3
109,2059,39.53958656865175,ssp370,ec-earth3
110,2060,37.57374746197277,ssp370,ec-earth3
111,2061,35.521228346716356,ssp370,ec-earth3
112,2062,40.319763541530286,ssp370,ec-earth3
113,2063,40.107072537816094,ssp370,ec-earth3
114,2064,39.515426625561055,ssp370,ec-earth3
115,2065,33.79654377174281,ssp370,ec-earth3
116,2066,34.14381098120438,ssp370,ec-earth3
117,2067,38.19966074271242,ssp370,ec-earth3
118,2068,43.32665693961315,ssp370,ec-earth3
119,2069,37.05714227185117,ssp370,ec-earth3
120,2070,41.37613597043136,ssp370,ec-earth3
121,2071,40.151725512951,ssp370,ec-earth3
122,2072,45.2111246884968,ssp370,ec-earth3
123,2073,43.919908097805205,ssp370,ec-earth3
124,2074,41.469236151252154,ssp370,ec-earth3
125,2075,41.29216748759174,ssp370,ec-earth3
126,2076,42.524288804843756,ssp370,ec-earth3
127,2077,38.51946266213784,ssp370,ec-earth3
128,2078,39.87329226074345,ssp370,ec-earth3
129,2079,38.75421410233467,ssp370,ec-earth3
130,2080,38.0855804231638,ssp370,ec-earth3
131,2081,40.059691593197805,ssp370,ec-earth3
132,2082,47.03285631972461,ssp370,ec-earth3
133,2083,42.85743421857407,ssp370,ec-earth3
134,2084,41.455436816552464,ssp370,ec-earth3
135,2085,41.198449396433666,ssp370,ec-earth3
136,2086,44.487962696630774,ssp370,ec-earth3
137,2087,38.31464520614786,ssp370,ec-earth3
138,2088,42.51720135780834,ssp370,ec-earth3
139,2089,35.38535652184631,ssp370,ec-earth3
140,2090,44.52432011677468,ssp370,ec-earth3
141,2091,43.877229471972356,ssp370,ec-earth3
142,2092,43.848739801197546,ssp370,ec-earth3
143,2093,42.49230750161283,ssp370,ec-earth3
144,2094,41.92815958365012,ssp370,ec-earth3
145,2095,41.88313213687895,ssp370,ec-earth3
146,2096,44.14982432313015,ssp370,ec-earth3
147,2097,42.92381726223354,ssp370,ec-earth3
148,2098,44.18681211399855,ssp370,ec-earth3
149,2099,42.95553058136754,ssp370,ec-earth3
150,2100,47.585603817974025,ssp370,ec-earth3
0,1950,,ssp370,noresm2-lm
1,1951,29.149240027316164,ssp370,noresm2-lm
2,1952,30.393187292254833,ssp370,noresm2-lm
3,1953,30.91092932996888,ssp370,noresm2-lm
4,1954,29.915038598320226,ssp370,noresm2-lm
5,1955,30.912443336870933,ssp370,noresm2-lm
6,1956,32.99448887146169,ssp370,noresm2-lm
7,1957,35.1509708249015,ssp370,noresm2-lm
8,1958,31.33914309649359,ssp370,noresm2-lm
9,1959,33.76852156082134,ssp370,noresm2-lm
10,1960,34.32174633017962,ssp370,noresm2-lm
11,1961,28.984699604753846,ssp370,noresm2-lm
12,1962,29.696310458875253,ssp370,noresm2-lm
13,1963,29.133872338299177,ssp370,noresm2-lm
14,1964,29.117242309342164,ssp370,noresm2-lm
15,1965,28.892053308123906,ssp370,noresm2-lm
16,1966,31.29647550412808,ssp370,noresm2-lm
17,1967,29.856155337939736,ssp370,noresm2-lm
18,1968,31.94919179924258,ssp370,noresm2-lm
19,1969,30.101620527895864,ssp370,noresm2-lm
20,1970,31.04666463528678,ssp370,noresm2-lm
21,1971,32.35974971762337,ssp370,noresm2-lm
22,1972,32.23131242245293,ssp370,noresm2-lm
23,1973,30.80229759556206,ssp370,noresm2-lm
24,1974,24.42574590651643,ssp370,noresm2-lm
25,1975,28.477482013429714,ssp370,noresm2-lm
26,1976,32.27497921138651,ssp370,noresm2-lm
27,1977,26.05177183550579,ssp370,noresm2-lm
28,1978,33.30278541490868,ssp370,noresm2-lm
29,1979,30.576964071101898,ssp370,noresm2-lm
30,1980,25.862713874800843,ssp370,noresm2-lm
31,1981,31.76738651677936,ssp370,noresm2-lm
32,1982,29.12932667612005,ssp370,noresm2-lm
33,1983,32.909407479223916,ssp370,noresm2-lm
34,1984,28.650462811231495,ssp370,noresm2-lm
35,1985,33.56904214717854,ssp370,noresm2-lm
36,1986,30.82633668265802,ssp370,noresm2-lm
37,1987,30.74057530036662,ssp370,noresm2-lm
38,1988,33.34297058942442,ssp370,noresm2-lm
39,1989,29.9408701976671,ssp370,noresm2-lm
40,1990,30.45019937466406,ssp370,noresm2-lm
41,1991,28.686085070795805,ssp370,noresm2-lm
42,1992,31.790009028417465,ssp370,noresm2-lm
43,1993,29.44867824628093,ssp370,noresm2-lm
44,1994,32.106847763865375,ssp370,noresm2-lm
45,1995,30.110071211040495,ssp370,noresm2-lm
46,1996,32.715355076864704,ssp370,noresm2-lm
47,1997,33.683146867961725,ssp370,noresm2-lm
48,1998,34.59882544439453,ssp370,noresm2-lm
49,1999,32.72157138117274,ssp370,noresm2-lm
50,2000,34.85290594490536,ssp370,noresm2-lm
51,2001,30.18545495695791,ssp370,noresm2-lm
52,2002,31.48106828172749,ssp370,noresm2-lm
53,2003,35.529088355061184,ssp370,noresm2-lm
54,2004,33.510100027027086,ssp370,noresm2-lm
55,2005,27.865396363697826,ssp370,noresm2-lm
56,2006,35.82525637523433,ssp370,noresm2-lm
57,2007,33.23662317719729,ssp370,noresm2-lm
58,2008,33.698371675934894,ssp370,noresm2-lm
59,2009,29.738720726732268,ssp370,noresm2-lm
60,2010,31.800636500016154,ssp370,noresm2-lm
61,2011,32.72586860868671,ssp370,noresm2-lm
62,2012,35.31949843989364,ssp370,noresm2-lm
63,2013,30.297765047538434,ssp370,noresm2-lm
64,2014,30.424529850254956,ssp370,noresm2-lm
65,2015,33.69814692179649,ssp370,noresm2-lm
66,2016,37.522738711598635,ssp370,noresm2-lm
67,2017,32.94382657260236,ssp370,noresm2-lm
68,2018,33.93234310761282,ssp370,noresm2-lm
69,2019,34.43295374586269,ssp370,noresm2-lm
70,2020,37.154149138547076,ssp370,noresm2-lm
71,2021,35.520394380548325,ssp370,noresm2-lm
72,2022,31.262287589866883,ssp370,noresm2-lm
73,2023,34.08115626813447,ssp370,noresm2-lm
74,2024,35.75566196000905,ssp370,noresm2-lm
75,2025,31.778663482742278,ssp370,noresm2-lm
76,2026,34.38193540829051,ssp370,noresm2-lm
77,2027,29.99686634736306,ssp370,noresm2-lm
78,2028,30.970412916530197,ssp370,noresm2-lm
79,2029,25.96115842332875,ssp370,noresm2-lm
80,2030,38.71464064630347,ssp370,noresm2-lm
81,2031,37.12830432978235,ssp370,noresm2-lm
82,2032,31.04877549000738,ssp370,noresm2-lm
83,2033,34.38425919545465,ssp370,noresm2-lm
84,2034,38.375889258929796,ssp370,noresm2-lm
85,2035,30.1925488627258,ssp370,noresm2-lm
86,2036,39.4098397724772,ssp370,noresm2-lm
87,2037,33.364458025869496,ssp370,noresm2-lm
88,2038,32.31585741909514,ssp370,noresm2-lm
89,2039,36.258585881208894,ssp370,noresm2-lm
90,2040,32.567680569702084,ssp370,noresm2-lm
91,2041,35.57716360299267,ssp370,noresm2-lm
92,2042,37.00225646639795,ssp370,noresm2-lm
93,2043,32.859373035617025,ssp370,noresm2-lm
94,2044,40.087903715311086,ssp370,noresm2-lm
95,2045,36.078077653219566,ssp370,noresm2-lm
96,2046,34.29697949876855,ssp370,noresm2-lm
97,2047,35.57455922396574,ssp370,noresm2-lm
98,2048,32.303262592166526,ssp370,noresm2-lm
99,2049,34.46023996362839,ssp370,noresm2-lm
100,2050,31.57237837373061,ssp370,noresm2-lm
101,2051,35.16026286701161,ssp370,noresm2-lm
102,2052,38.23544006512809,ssp370,noresm2-lm
103,2053,34.559928702376695,ssp370,noresm2-lm
104,2054,33.751856587015716,ssp370,noresm2-lm
105,2055,35.39467150253068,ssp370,noresm2-lm
106,2056,38.918640289773464,ssp370,noresm2-lm
107,2057,33.05485896722951,ssp370,noresm2-lm
108,2058,38.35958887874266,ssp370,noresm2-lm
109,2059,33.553971686894485,ssp370,noresm2-lm
110,2060,36.03958130409708,ssp370,noresm2-lm
111,2061,38.387946239102824,ssp370,noresm2-lm
112,2062,33.70878572940879,ssp370,noresm2-lm
113,2063,36.81651795181123,ssp370,noresm2-lm
114,2064,36.69163260544444,ssp370,noresm2-lm
115,2065,36.42024654122959,ssp370,noresm2-lm
116,2066,35.680167030074976,ssp370,noresm2-lm
117,2067,36.024795657656384,ssp370,noresm2-lm
118,2068,36.543528747182485,ssp370,noresm2-lm
119,2069,34.596844755359086,ssp370,noresm2-lm
120,2070,39.687757161983406,ssp370,noresm2-lm
121,2071,32.32531190808815,ssp370,noresm2-lm
122,2072,38.128955345457626,ssp370,noresm2-lm
123,2073,37.78537948572554,ssp370,noresm2-lm
124,2074,34.037332585860526,ssp370,noresm2-lm
125,2075,39.821631665100966,ssp370,noresm2-lm
126,2076,36.74664197393407,ssp370,noresm2-lm
127,2077,37.099828489923475,ssp370,noresm2-lm
128,2078,37.70633327794949,ssp370,noresm2-lm
129,2079,32.39118015394325,ssp370,noresm2-lm
130,2080,37.27983740717903,ssp370,noresm2-lm
131,2081,34.80230352254931,ssp370,noresm2-lm
132,2082,39.3817051052586,ssp370,noresm2-lm
133,2083,36.64802853303165,ssp370,noresm2-lm
134,2084,37.661880857325485,ssp370,noresm2-lm
135,2085,35.33530330427863,ssp370,noresm2-lm
136,2086,40.82529345736078,ssp370,noresm2-lm
137,2087,34.053607242449864,ssp370,noresm2-lm
138,2088,40.429260360673105,ssp370,noresm2-lm
139,2089,40.22258683690333,ssp370,noresm2-lm
140,2090,40.65976869220433,ssp370,noresm2-lm
141,2091,39.26847049613862,ssp370,noresm2-lm
142,2092,42.229782522099725,ssp370,noresm2-lm
143,2093,35.92261229622939,ssp370,noresm2-lm
144,2094,40.04004924686587,ssp370,noresm2-lm
145,2095,39.925611634532345,ssp370,noresm2-lm
146,2096,43.93842746184112,ssp370,noresm2-lm
147,2097,41.936747637048974,ssp370,noresm2-lm
148,2098,35.96455053244862,ssp370,noresm2-lm
149,2099,39.89256048194768,ssp370,noresm2-lm
150,2100,40.19464419983899,ssp370,noresm2-lm
0,1950,,ssp370,inm-cm5-0
1,1951,30.899243985514822,ssp370,inm-cm5-0
2,1952,26.14212341877192,ssp370,inm-cm5-0
3,1953,28.80747954753333,ssp370,inm-cm5-0
4,1954,33.76627388500938,ssp370,inm-cm5-0
5,1955,31.978800314105246,ssp370,inm-cm5-0
6,1956,25.842347668742484,ssp370,inm-cm5-0
7,1957,35.346109139997374,ssp370,inm-cm5-0
8,1958,32.416178039210315,ssp370,inm-cm5-0
9,1959,28.735895065740877,ssp370,inm-cm5-0
10,1960,32.85069255622621,ssp370,inm-cm5-0
11,1961,32.49210399463467,ssp370,inm-cm5-0
12,1962,31.495790414180487,ssp370,inm-cm5-0
13,1963,32.575908013335216,ssp370,inm-cm5-0
14,1964,32.562507504374274,ssp370,inm-cm5-0
15,1965,31.3543656362597,ssp370,inm-cm5-0
16,1966,30.97842777779719,ssp370,inm-cm5-0
17,1967,32.25299369912918,ssp370,inm-cm5-0
18,1968,27.784988683340664,ssp370,inm-cm5-0
19,1969,30.918204023729402,ssp370,inm-cm5-0
20,1970,26.940488590764534,ssp370,inm-cm5-0
21,1971,31.915853807471834,ssp370,inm-cm5-0
22,1972,32.45386994707797,ssp370,inm-cm5-0
23,1973,28.880950273150944,ssp370,inm-cm5-0
24,1974,30.93073912961055,ssp370,inm-cm5-0
25,1975,34.21045818288539,ssp370,inm-cm5-0
26,1976,31.659897615773005,ssp370,inm-cm5-0
27,1977,26.981054602299494,ssp370,inm-cm5-0
28,1978,33.395913921589674,ssp370,inm-cm5-0
29,1979,31.704698157856594,ssp370,inm-cm5-0
30,1980,33.001132234531546,ssp370,inm-cm5-0
31,1981,31.369283726986318,ssp370,inm-cm5-0
32,1982,31.93468745394742,ssp370,inm-cm5-0
33,1983,31.37902765517926,ssp370,inm-cm5-0
34,1984,32.803966579501704,ssp370,inm-cm5-0
35,1985,26.700823961618195,ssp370,inm-cm5-0
36,1986,29.69246272582036,ssp370,inm-cm5-0
37,1987,31.25366820380076,ssp370,inm-cm5-0
38,1988,33.34212552352436,ssp370,inm-cm5-0
39,1989,28.96895868139081,ssp370,inm-cm5-0
40,1990,31.642459408153297,ssp370,inm-cm5-0
41,1991,34.55882164465648,ssp370,inm-cm5-0
42,1992,30.077827727534462,ssp370,inm-cm5-0
43,1993,25.136911402231284,ssp370,inm-cm5-0
44,1994,31.494771825756356,ssp370,inm-cm5-0
45,1995,31.054107945969626,ssp370,inm-cm5-0
46,1996,31.715923761154542,ssp370,inm-cm5-0
47,1997,33.29148570663449,ssp370,inm-cm5-0
48,1998,32.2254064072505,ssp370,inm-cm5-0
49,1999,34.7885098992802,ssp370,inm-cm5-0
50,2000,25.427635484183618,ssp370,inm-cm5-0
51,2001,33.01614289328943,ssp370,inm-cm5-0
52,2002,31.96463726922449,ssp370,inm-cm5-0
53,2003,34.99198152906068,ssp370,inm-cm5-0
54,2004,27.06036539419586,ssp370,inm-cm5-0
55,2005,34.08998477207604,ssp370,inm-cm5-0
56,2006,36.791137163221954,ssp370,inm-cm5-0
57,2007,32.34017090434309,ssp370,inm-cm5-0
58,2008,34.63775870025434,ssp370,inm-cm5-0
59,2009,34.15658845132452,ssp370,inm-cm5-0
60,2010,32.2816802194496,ssp370,inm-cm5-0
61,2011,33.076970753807146,ssp370,inm-cm5-0
62,2012,32.16234561458504,ssp370,inm-cm5-0
63,2013,36.3651436782832,ssp370,inm-cm5-0
64,2014,36.08337916899839,ssp370,inm-cm5-0
65,2015,35.60033326795843,ssp370,inm-cm5-0
66,2016,34.15201618818906,ssp370,inm-cm5-0
67,2017,30.834117151365138,ssp370,inm-cm5-0
68,2018,33.6725709613802,ssp370,inm-cm5-0
69,2019,33.846705100989176,ssp370,inm-cm5-0
70,2020,33.944452766413015,ssp370,inm-cm5-0
71,2021,31.715193098930868,ssp370,inm-cm5-0
72,2022,34.93771222357769,ssp370,inm-cm5-0
73,2023,30.879562843999377,ssp370,inm-cm5-0
74,2024,28.5248030949259,ssp370,inm-cm5-0
75,2025,33.28532172974783,ssp370,inm-cm5-0
76,2026,34.6256708723502,ssp370,inm-cm5-0
77,2027,37.15759681160624,ssp370,inm-cm5-0
78,2028,35.54717655867542,ssp370,inm-cm5-0
79,2029,30.287683358076098,ssp370,inm-cm5-0
80,2030,36.46428253371176,ssp370,inm-cm5-0
81,2031,38.543033851350486,ssp370,inm-cm5-0
82,2032,35.95232108813532,ssp370,inm-cm5-0
83,2033,36.280362505555956,ssp370,inm-cm5-0
84,2034,34.448238454301446,ssp370,inm-cm5-0
85,2035,34.99635855444271,ssp370,inm-cm5-0
86,2036,36.61929426861381,ssp370,inm-cm5-0
87,2037,34.57241267531079,ssp370,inm-cm5-0
88,2038,31.274356284684146,ssp370,inm-cm5-0
89,2039,37.50067183018231,ssp370,inm-cm5-0
90,2040,34.71141399044745,ssp370,inm-cm5-0
91,2041,34.5932784040587,ssp370,inm-cm5-0
92,2042,32.43143090081006,ssp370,inm-cm5-0
93,2043,33.7448050109144,ssp370,inm-cm5-0
94,2044,32.5494094045128,ssp370,inm-cm5-0
95,2045,38.85284470267566,ssp370,inm-cm5-0
96,2046,38.69578918853204,ssp370,inm-cm5-0
97,2047,34.37310581506521,ssp370,inm-cm5-0
98,2048,33.48570341576609,ssp370,inm-cm5-0
99,2049,35.62670727141143,ssp370,inm-cm5-0
100,2050,36.93517552045186,ssp370,inm-cm5-0
101,2051,32.34457545778736,ssp370,inm-cm5-0
102,2052,36.6235501440939,ssp370,inm-cm5-0
103,2053,38.883824972942826,ssp370,inm-cm5-0
104,2054,33.652825527741705,ssp370,inm-cm5-0
105,2055,39.12459126430378,ssp370,inm-cm5-0
106,2056,41.14930672426326,ssp370,inm-cm5-0
107,2057,38.74944636366144,ssp370,inm-cm5-0
108,2058,32.88338578105257,ssp370,inm-cm5-0
109,2059,38.434891152569655,ssp370,inm-cm5-0
110,2060,34.86947598785588,ssp370,inm-cm5-0
111,2061,32.34713417444133,ssp370,inm-cm5-0
112,2062,38.36962557033118,ssp370,inm-cm5-0
113,2063,39.210707145742084,ssp370,inm-cm5-0
114,2064,34.05411116767346,ssp370,inm-cm5-0
115,2065,32.72519461326982,ssp370,inm-cm5-0
116,2066,37.28705093028109,ssp370,inm-cm5-0
117,2067,38.99445944299303,ssp370,inm-cm5-0
118,2068,39.02776626811545,ssp370,inm-cm5-0
119,2069,38.395969487602265,ssp370,inm-cm5-0
120,2070,38.37833732674411,ssp370,inm-cm5-0
121,2071,38.71121067670835,ssp370,inm-cm5-0
122,2072,41.092605658028816,ssp370,inm-cm5-0
123,2073,37.19792928558001,ssp370,inm-cm5-0
124,2074,41.853670637749374,ssp370,inm-cm5-0
125,2075,38.69837534503643,ssp370,inm-cm5-0
126,2076,35.92508829882457,ssp370,inm-cm5-0
127,2077,36.1479414072475,ssp370,inm-cm5-0
128,2078,39.874231245845145,ssp370,inm-cm5-0
129,2079,40.26096571381243,ssp370,inm-cm5-0
130,2080,38.01797969128074,ssp370,inm-cm5-0
131,2081,37.21103448405431,ssp370,inm-cm5-0
132,2082,40.31970449091344,ssp370,inm-cm5-0
133,2083,34.74507062193689,ssp370,inm-cm5-0
134,2084,41.51427635425464,ssp370,inm-cm5-0
135,2085,39.462978553088846,ssp370,inm-cm5-0
136,2086,37.428890319618766,ssp370,inm-cm5-0
137,2087,39.56199212382948,ssp370,inm-cm5-0
138,2088,38.88525651135162,ssp370,inm-cm5-0
139,2089,38.851448848656844,ssp370,inm-cm5-0
140,2090,38.1225824698799,ssp370,inm-cm5-0
141,2091,41.621029282227276,ssp370,inm-cm5-0
142,2092,40.04495496923064,ssp370,inm-cm5-0
143,2093,41.34808426670035,ssp370,inm-cm5-0
144,2094,41.26118531808799,ssp370,inm-cm5-0
145,2095,36.68566076961538,ssp370,inm-cm5-0
146,2096,41.411162798387956,ssp370,inm-cm5-0
147,2097,38.27407740353241,ssp370,inm-cm5-0
148,2098,37.97956479753968,ssp370,inm-cm5-0
149,2099,43.42534945244025,ssp370,inm-cm5-0
150,2100,39.18680599911662,ssp370,inm-cm5-0
0,1950,,ssp370,canesm5
1,1951,31.593693086425194,ssp370,canesm5
2,1952,28.1846123739242,ssp370,canesm5
3,1953,34.561670299373006,ssp370,canesm5
4,1954,30.806748662441105,ssp370,canesm5
5,1955,30.515574776656134,ssp370,canesm5
6,1956,31.32109121349087,ssp370,canesm5
7,1957,29.39878471158555,ssp370,canesm5
8,1958,29.66028839165499,ssp370,canesm5
9,1959,31.796491147062696,ssp370,canesm5
10,1960,32.40400867267131,ssp370,canesm5
11,1961,31.272218699079517,ssp370,canesm5
12,1962,30.90909504849873,ssp370,canesm5
13,1963,31.915562733838854,ssp370,canesm5
14,1964,26.17981396593067,ssp370,canesm5
15,1965,32.39916893242674,ssp370,canesm5
16,1966,27.36300173255453,ssp370,canesm5
17,1967,27.946796103040718,ssp370,canesm5
18,1968,33.22645889086777,ssp370,canesm5
19,1969,30.30454217153309,ssp370,canesm5
20,1970,29.43190144289572,ssp370,canesm5
21,1971,30.132003134244336,ssp370,canesm5
22,1972,30.18749244614149,ssp370,canesm5
23,1973,29.725917583401987,ssp370,canesm5
24,1974,27.22745645534254,ssp370,canesm5
25,1975,30.962518781612605,ssp370,canesm5
26,1976,35.12201434947118,ssp370,canesm5
27,1977,32.391460233277975,ssp370,canesm5
28,1978,27.745113185773807,ssp370,canesm5
29,1979,32.007037686903416,ssp370,canesm5
30,1980,32.300933846260996,ssp370,canesm5
31,1981,29.258581027373772,ssp370,canesm5
32,1982,28.479655554481965,ssp370,canesm5
33,1983,31.157986031049525,ssp370,canesm5
34,1984,31.90653591697698,ssp370,canesm5
35,1985,31.79564536191624,ssp370,canesm5
36,1986,31.62677853402952,ssp370,canesm5
37,1987,31.425425605741474,ssp370,canesm5
38,1988,31.941792572098677,ssp370,canesm5
39,1989,31.526213970249835,ssp370,canesm5
40,1990,30.4092443274777,ssp370,canesm5
41,1991,28.626555707589294,ssp370,canesm5
42,1992,31.242663877475263,ssp370,canesm5
43,1993,31.34972875159578,ssp370,canesm5
44,1994,33.3233251030657,ssp370,canesm5
45,1995,31.03307172644142,ssp370,canesm5
46,1996,31.766506979274627,ssp370,canesm5
47,1997,33.99379886669257,ssp370,canesm5
48,1998,31.529673823769315,ssp370,canesm5
49,1999,32.22248032893785,ssp370,canesm5
50,2000,32.82440363521364,ssp370,canesm5
51,2001,34.77163046146616,ssp370,canesm5
52,2002,29.769552293649046,ssp370,canesm5
53,2003,28.6553853689243,ssp370,canesm5
54,2004,36.15280628055908,ssp370,canesm5
55,2005,32.91540649281241,ssp370,canesm5
56,2006,31.837910551480004,ssp370,canesm5
57,2007,32.56825863353648,ssp370,canesm5
58,2008,30.12640867365744,ssp370,canesm5
59,2009,32.04840031312951,ssp370,canesm5
60,2010,30.31123180780218,ssp370,canesm5
61,2011,29.513924495911287,ssp370,canesm5
62,2012,30.3965492843056,ssp370,canesm5
63,2013,33.06541823019199,ssp370,canesm5
64,2014,34.8293423281825,ssp370,canesm5
65,2015,34.7924319963491,ssp370,canesm5
66,2016,33.4912126894424,ssp370,canesm5
67,2017,30.99618841381242,ssp370,canesm5
68,2018,28.3089609254608,ssp370,canesm5
69,2019,35.069869783902774,ssp370,canesm5
70,2020,33.790960644443814,ssp370,canesm5
71,2021,36.24236980116701,ssp370,canesm5
72,2022,36.148262470382825,ssp370,canesm5
73,2023,32.870658112346284,ssp370,canesm5
74,2024,35.814368342321224,ssp370,canesm5
75,2025,36.035221237847566,ssp370,canesm5
76,2026,36.37097717328761,ssp370,canesm5
77,2027,34.76389083681148,ssp370,canesm5
78,2028,30.67832206390153,ssp370,canesm5
79,2029,36.04084749469513,ssp370,canesm5
80,2030,35.66860490866511,ssp370,canesm5
81,2031,41.263435448862225,ssp370,canesm5
82,2032,35.00787847913057,ssp370,canesm5
83,2033,37.24242321384538,ssp370,canesm5
84,2034,36.58798420200318,ssp370,canesm5
85,2035,38.3281599795458,ssp370,canesm5
86,2036,34.89321952862771,ssp370,canesm5
87,2037,36.81643346693742,ssp370,canesm5
88,2038,39.95892480326876,ssp370,canesm5
89,2039,35.29409825038551,ssp370,canesm5
90,2040,38.561729276125554,ssp370,canesm5
91,2041,37.86707691793745,ssp370,canesm5
92,2042,37.46540023657446,ssp370,canesm5
93,2043,33.81418559905582,ssp370,canesm5
94,2044,38.6879891362978,ssp370,canesm5
95,2045,37.21720557864796,ssp370,canesm5
96,2046,33.335752423770984,ssp370,canesm5
97,2047,38.765175476350365,ssp370,canesm5
98,2048,38.55461396468507,ssp370,canesm5
99,2049,36.46749267637571,ssp370,canesm5
100,2050,38.86371643735625,ssp370,canesm5
101,2051,35.25518261139332,ssp370,canesm5
102,2052,39.84327328128508,ssp370,canesm5
103,2053,39.72195292599463,ssp370,canesm5
104,2054,39.77376282440374,ssp370,canesm5
105,2055,38.25766426187546,ssp370,canesm5
106,2056,39.58112986873788,ssp370,canesm5
107,2057,35.24250120280458,ssp370,canesm5
108,2058,39.956938228683576,ssp370,canesm5
109,2059,42.734891196566096,ssp370,canesm5
110,2060,40.436554937039766,ssp370,canesm5
111,2061,41.65742865699354,ssp370,canesm5
112,2062,42.088763375290036,ssp370,canesm5
113,2063,40.80476348156755,ssp370,canesm5
114,2064,41.98639884348423,ssp370,canesm5
115,2065,41.76755939409013,ssp370,canesm5
116,2066,37.71746970752463,ssp370,canesm5
117,2067,36.82392446278329,ssp370,canesm5
118,2068,37.966750115613806,ssp370,canesm5
119,2069,39.9843754943476,ssp370,canesm5
120,2070,43.280597754349664,ssp370,canesm5
121,2071,42.149040595811805,ssp370,canesm5
122,2072,43.03295091841269,ssp370,canesm5
123,2073,41.68202459296744,ssp370,canesm5
124,2074,38.58030069634262,ssp370,canesm5
125,2075,39.698087879298214,ssp370,canesm5
126,2076,40.21320299387,ssp370,canesm5
127,2077,37.72011746954445,ssp370,canesm5
128,2078,37.13055669925049,ssp370,canesm5
129,2079,41.60263883817795,ssp370,canesm5
130,2080,44.05851478768087,ssp370,canesm5
131,2081,42.98457928989061,ssp370,canesm5
132,2082,39.578556736966924,ssp370,canesm5
133,2083,40.97545507252452,ssp370,canesm5
134,2084,40.74329650546069,ssp370,canesm5
135,2085,43.038875725203425,ssp370,canesm5
136,2086,43.223804725603124,ssp370,canesm5
137,2087,41.10485061342692,ssp370,canesm5
138,2088,42.72260465095252,ssp370,canesm5
139,2089,44.0558576492758,ssp370,canesm5
140,2090,43.26640565921926,ssp370,canesm5
141,2091,44.41029451412781,ssp370,canesm5
142,2092,40.72044751623124,ssp370,canesm5
143,2093,42.24691028232592,ssp370,canesm5
144,2094,42.343063982411195,ssp370,canesm5
145,2095,44.20106780548819,ssp370,canesm5
146,2096,46.71191769182432,ssp370,canesm5
147,2097,43.83905696446138,ssp370,canesm5
148,2098,42.76521426101456,ssp370,canesm5
149,2099,42.630728118711,ssp370,canesm5
150,2100,46.048295027555945,ssp370,canesm5
0,1950,,ssp370,mpi-esm1-2-hr
1,1951,29.919780905953438,ssp370,mpi-esm1-2-hr
2,1952,24.889417446003016,ssp370,mpi-esm1-2-hr
3,1953,31.296823237508544,ssp370,mpi-esm1-2-hr
4,1954,32.23261454711991,ssp370,mpi-esm1-2-hr
5,1955,26.6668182540837,ssp370,mpi-esm1-2-hr
6,1956,29.61830139718385,ssp370,mpi-esm1-2-hr
7,1957,32.67329740176319,ssp370,mpi-esm1-2-hr
8,1958,32.10051757876141,ssp370,mpi-esm1-2-hr
9,1959,32.09113673766298,ssp370,mpi-esm1-2-hr
10,1960,29.133555392552132,ssp370,mpi-esm1-2-hr
11,1961,32.7375792325946,ssp370,mpi-esm1-2-hr
12,1962,29.436314732596898,ssp370,mpi-esm1-2-hr
13,1963,29.975195594806156,ssp370,mpi-esm1-2-hr
14,1964,32.586320746693715,ssp370,mpi-esm1-2-hr
15,1965,30.240739485554148,ssp370,mpi-esm1-2-hr
16,1966,30.107066288951817,ssp370,mpi-esm1-2-hr
17,1967,34.52411063751915,ssp370,mpi-esm1-2-hr
18,1968,31.650400620275853,ssp370,mpi-esm1-2-hr
19,1969,32.14394828657892,ssp370,mpi-esm1-2-hr
20,1970,28.21706599528276,ssp370,mpi-esm1-2-hr
21,1971,31.88606742258346,ssp370,mpi-esm1-2-hr
22,1972,34.335969793007806,ssp370,mpi-esm1-2-hr
23,1973,34.59322752648568,ssp370,mpi-esm1-2-hr
24,1974,26.01340476264825,ssp370,mpi-esm1-2-hr
25,1975,28.02557765330701,ssp370,mpi-esm1-2-hr
26,1976,35.27366489638705,ssp370,mpi-esm1-2-hr
27,1977,34.020039395040044,ssp370,mpi-esm1-2-hr
28,1978,30.429838760470773,ssp370,mpi-esm1-2-hr
29,1979,26.549339176578936,ssp370,mpi-esm1-2-hr
30,1980,30.244582697747216,ssp370,mpi-esm1-2-hr
31,1981,30.92154479403815,ssp370,mpi-esm1-2-hr
32,1982,32.82678053024578,ssp370,mpi-esm1-2-hr
33,1983,34.91257194760864,ssp370,mpi-esm1-2-hr
34,1984,31.423598351155157,ssp370,mpi-esm1-2-hr
35,1985,32.56419097407866,ssp370,mpi-esm1-2-hr
36,1986,32.857065769568734,ssp370,mpi-esm1-2-hr
37,1987,30.165264863430956,ssp370,mpi-esm1-2-hr
38,1988,31.7764620198142,ssp370,mpi-esm1-2-hr
39,1989,32.4831298830184,ssp370,mpi-esm1-2-hr
40,1990,29.59019805051689,ssp370,mpi-esm1-2-hr
41,1991,30.46529276911995,ssp370,mpi-esm1-2-hr
42,1992,29.30463493252673,ssp370,mpi-esm1-2-hr
43,1993,33.911518255825364,ssp370,mpi-esm1-2-hr
44,1994,31.02895613516047,ssp370,mpi-esm1-2-hr
45,1995,26.881642163675533,ssp370,mpi-esm1-2-hr
46,1996,32.23064694821502,ssp370,mpi-esm1-2-hr
47,1997,33.17713911426728,ssp370,mpi-esm1-2-hr
48,1998,30.055599319866637,ssp370,mpi-esm1-2-hr
49,1999,28.665860493188166,ssp370,mpi-esm1-2-hr
50,2000,32.06075970246428,ssp370,mpi-esm1-2-hr
51,2001,29.505854161226416,ssp370,mpi-esm1-2-hr
52,2002,32.00566263448212,ssp370,mpi-esm1-2-hr
53,2003,31.7171172302738,ssp370,mpi-esm1-2-hr
54,2004,35.16308436107226,ssp370,mpi-esm1-2-hr
55,2005,31.42894225495073,ssp370,mpi-esm1-2-hr
56,2006,31.61616456944136,ssp370,mpi-esm1-2-hr
57,2007,32.407572036621545,ssp370,mpi-esm1-2-hr
58,2008,33.55796033550728,ssp370,mpi-esm1-2-hr
59,2009,30.323896881600216,ssp370,mpi-esm1-2-hr
60,2010,32.05991501586669,ssp370,mpi-esm1-2-hr
61,2011,28.372380810698584,ssp370,mpi-esm1-2-hr
62,2012,30.921323036826827,ssp370,mpi-esm1-2-hr
63,2013,30.72120199287141,ssp370,mpi-esm1-2-hr
64,2014,32.570317201885096,ssp370,mpi-esm1-2-hr
65,2015,29.654186855176384,ssp370,mpi-esm1-2-hr
66,2016,32.927008268795355,ssp370,mpi-esm1-2-hr
67,2017,35.92746598514666,ssp370,mpi-esm1-2-hr
68,2018,32.38973954472185,ssp370,mpi-esm1-2-hr
69,2019,28.56748890135111,ssp370,mpi-esm1-2-hr
70,2020,35.41915211797484,ssp370,mpi-esm1-2-hr
71,2021,36.24003601784764,ssp370,mpi-esm1-2-hr
72,2022,34.121364533936514,ssp370,mpi-esm1-2-hr
73,2023,29.968038182089902,ssp370,mpi-esm1-2-hr
74,2024,31.56904392218906,ssp370,mpi-esm1-2-hr
75,2025,31.637186235887157,ssp370,mpi-esm1-2-hr
76,2026,28.227959510681202,ssp370,mpi-esm1-2-hr
77,2027,33.30526915014548,ssp370,mpi-esm1-2-hr
78,2028,33.21473441289682,ssp370,mpi-esm1-2-hr
79,2029,32.50340098190219,ssp370,mpi-esm1-2-hr
80,2030,32.17846305147286,ssp370,mpi-esm1-2-hr
81,2031,36.077155236109505,ssp370,mpi-esm1-2-hr
82,2032,33.36351874463871,ssp370,mpi-esm1-2-hr
83,2033,31.331791516402813,ssp370,mpi-esm1-2-hr
84,2034,34.39474130493636,ssp370,mpi-esm1-2-hr
85,2035,33.89438825307496,ssp370,mpi-esm1-2-hr
86,2036,34.379345983369774,ssp370,mpi-esm1-2-hr
87,2037,33.31869884102331,ssp370,mpi-esm1-2-hr
88,2038,31.214555245973177,ssp370,mpi-esm1-2-hr
89,2039,31.932314696125324,ssp370,mpi-esm1-2-hr
90,2040,37.35718693802458,ssp370,mpi-esm1-2-hr
91,2041,30.34369253330032,ssp370,mpi-esm1-2-hr
92,2042,34.80372908458383,ssp370,mpi-esm1-2-hr
93,2043,34.03246080666961,ssp370,mpi-esm1-2-hr
94,2044,28.945811472533006,ssp370,mpi-esm1-2-hr
95,2045,35.65833545993519,ssp370,mpi-esm1-2-hr
96,2046,35.971938015474,ssp370,mpi-esm1-2-hr
97,2047,32.00418878069569,ssp370,mpi-esm1-2-hr
98,2048,30.70200032594524,ssp370,mpi-esm1-2-hr
99,2049,34.30327241182658,ssp370,mpi-esm1-2-hr
100,2050,32.69123840378315,ssp370,mpi-esm1-2-hr
101,2051,35.23801332616447,ssp370,mpi-esm1-2-hr
102,2052,36.69187726341124,ssp370,mpi-esm1-2-hr
103,2053,34.54919476352688,ssp370,mpi-esm1-2-hr
104,2054,36.29258714232682,ssp370,mpi-esm1-2-hr
105,2055,30.670800848949142,ssp370,mpi-esm1-2-hr
106,2056,36.73989939063888,ssp370,mpi-esm1-2-hr
107,2057,35.61528061895142,ssp370,mpi-esm1-2-hr
108,2058,34.27197592960718,ssp370,mpi-esm1-2-hr
109,2059,36.356104261740484,ssp370,mpi-esm1-2-hr
110,2060,37.30459546574731,ssp370,mpi-esm1-2-hr
111,2061,36.232974603527225,ssp370,mpi-esm1-2-hr
112,2062,33.8712986408578,ssp370,mpi-esm1-2-hr
113,2063,36.32537692266872,ssp370,mpi-esm1-2-hr
114,2064,34.49206522887788,ssp370,mpi-esm1-2-hr
115,2065,36.941528136820374,ssp370,mpi-esm1-2-hr
116,2066,37.18815310103396,ssp370,mpi-esm1-2-hr
117,2067,39.843300427927836,ssp370,mpi-esm1-2-hr
118,2068,36.246657350106865,ssp370,mpi-esm1-2-hr
119,2069,36.13491190509029,ssp370,mpi-esm1-2-hr
120,2070,38.007397175241834,ssp370,mpi-esm1-2-hr
121,2071,37.822876094163895,ssp370,mpi-esm1-2-hr
122,2072,36.66525284899482,ssp370,mpi-esm1-2-hr
123,2073,36.995747747231974,ssp370,mpi-esm1-2-hr
124,2074,38.52529485534762,ssp370,mpi-esm1-2-hr
125,2075,35.67987664455185,ssp370,mpi-esm1-2-hr
126,2076,36.60275322374642,ssp370,mpi-esm1-2-hr
127,2077,34.294242021725985,ssp370,mpi-esm1-2-hr
128,2078,33.21330398552472,ssp370,mpi-esm1-2-hr
129,2079,34.23514953343907,ssp370,mpi-esm1-2-hr
130,2080,38.6931674845456,ssp370,mpi-esm1-2-hr
131,2081,37.213261705942195,ssp370,mpi-esm1-2-hr
132,2082,37.400240887481964,ssp370,mpi-esm1-2-hr
133,2083,33.16043938129767,ssp370,mpi-esm1-2-hr
134,2084,39.07045198614702,ssp370,mpi-esm1-2-hr
135,2085,35.20650670811935,ssp370,mpi-esm1-2-hr
136,2086,39.2172075396354,ssp370,mpi-esm1-2-hr
137,2087,36.86827913454144,ssp370,mpi-esm1-2-hr
138,2088,39.56936044544094,ssp370,mpi-esm1-2-hr
139,2089,38.27557196907445,ssp370,mpi-esm1-2-hr
140,2090,39.706209035567305,ssp370,mpi-esm1-2-hr
141,2091,38.554358980533785,ssp370,mpi-esm1-2-hr
142,2092,37.94596906461486,ssp370,mpi-esm1-2-hr
143,2093,40.59653606018197,ssp370,mpi-esm1-2-hr
144,2094,33.25717496577669,ssp370,mpi-esm1-2-hr
145,2095,37.66652760006739,ssp370,mpi-esm1-2-hr
146,2096,38.210779081885946,ssp370,mpi-esm1-2-hr
147,2097,36.6279289312082,ssp370,mpi-esm1-2-hr
148,2098,36.964124821167545,ssp370,mpi-esm1-2-hr
149,2099,35.78548394100278,ssp370,mpi-esm1-2-hr
150,2100,39.2884284795336,ssp370,mpi-esm1-2-hr
0,1950,,ssp370,mpi-esm1-2-lr
1,1951,30.297758884738062,ssp370,mpi-esm1-2-lr
2,1952,29.84225640893459,ssp370,mpi-esm1-2-lr
3,1953,28.52117815300457,ssp370,mpi-esm1-2-lr
4,1954,27.06266023537196,ssp370,mpi-esm1-2-lr
5,1955,29.661489955086758,ssp370,mpi-esm1-2-lr
6,1956,35.12138634625888,ssp370,mpi-esm1-2-lr
7,1957,30.22386754711288,ssp370,mpi-esm1-2-lr
8,1958,32.545475131573,ssp370,mpi-esm1-2-lr
9,1959,29.77833951578455,ssp370,mpi-esm1-2-lr
10,1960,31.572079830642032,ssp370,mpi-esm1-2-lr
11,1961,31.334653279264653,ssp370,mpi-esm1-2-lr
12,1962,30.03166828018698,ssp370,mpi-esm1-2-lr
13,1963,26.71355922632472,ssp370,mpi-esm1-2-lr
14,1964,32.77865907345956,ssp370,mpi-esm1-2-lr
15,1965,33.2012654177054,ssp370,mpi-esm1-2-lr
16,1966,31.984009896134054,ssp370,mpi-esm1-2-lr
17,1967,28.447155721890258,ssp370,mpi-esm1-2-lr
18,1968,33.194128663358626,ssp370,mpi-esm1-2-lr
19,1969,32.03762386187004,ssp370,mpi-esm1-2-lr
20,1970,30.114783470957633,ssp370,mpi-esm1-2-lr
21,1971,33.37511088110346,ssp370,mpi-esm1-2-lr
22,1972,27.272003376183168,ssp370,mpi-esm1-2-lr
23,1973,31.601358473536955,ssp370,mpi-esm1-2-lr
24,1974,30.234896026935697,ssp370,mpi-esm1-2-lr
25,1975,32.82910011063156,ssp370,mpi-esm1-2-lr
26,1976,29.492623609693567,ssp370,mpi-esm1-2-lr
27,1977,30.034482451968234,ssp370,mpi-esm1-2-lr
28,1978,28.59038771637239,ssp370,mpi-esm1-2-lr
29,1979,31.51159776336649,ssp370,mpi-esm1-2-lr
30,1980,33.090476292887864,ssp370,mpi-esm1-2-lr
31,1981,31.26612505170326,ssp370,mpi-esm1-2-lr
32,1982,36.25313783343477,ssp370,mpi-esm1-2-lr
33,1983,30.499671013089223,ssp370,mpi-esm1-2-lr
34,1984,30.10407429218059,ssp370,mpi-esm1-2-lr
35,1985,31.88257130591454,ssp370,mpi-esm1-2-lr
36,1986,31.031857415900074,ssp370,mpi-esm1-2-lr
37,1987,32.591717654754405,ssp370,mpi-esm1-2-lr
38,1988,30.723165922423647,ssp370,mpi-esm1-2-lr
39,1989,30.519917214154965,ssp370,mpi-esm1-2-lr
40,1990,28.71597529010936,ssp370,mpi-esm1-2-lr
41,1991,31.424618712035727,ssp370,mpi-esm1-2-lr
42,1992,32.70014207682671,ssp370,mpi-esm1-2-lr
43,1993,30.681500974446166,ssp370,mpi-esm1-2-lr
44,1994,32.60619190098272,ssp370,mpi-esm1-2-lr
45,1995,31.419063345701986,ssp370,mpi-esm1-2-lr
46,1996,29.797303508193753,ssp370,mpi-esm1-2-lr
47,1997,31.20058571038515,ssp370,mpi-esm1-2-lr
48,1998,28.622743552053834,ssp370,mpi-esm1-2-lr
49,1999,30.786991853214655,ssp370,mpi-esm1-2-lr
50,2000,31.998161125383188,ssp370,mpi-esm1-2-lr
51,2001,29.881001093935016,ssp370,mpi-esm1-2-lr
52,2002,33.386000017165195,ssp370,mpi-esm1-2-lr
53,2003,28.14691164586377,ssp370,mpi-esm1-2-lr
54,2004,31.11858996270722,ssp370,mpi-esm1-2-lr
55,2005,30.66161768388793,ssp370,mpi-esm1-2-lr
56,2006,37.86121531382974,ssp370,mpi-esm1-2-lr
57,2007,29.033747954147664,ssp370,mpi-esm1-2-lr
58,2008,31.82221643614981,ssp370,mpi-esm1-2-lr
59,2009,30.455969029048646,ssp370,mpi-esm1-2-lr
60,2010,31.052729694212022,ssp370,mpi-esm1-2-lr
61,2011,36.076688712689844,ssp370,mpi-esm1-2-lr
62,2012,30.668508934177037,ssp370,mpi-esm1-2-lr
63,2013,29.08545369638443,ssp370,mpi-esm1-2-lr
64,2014,32.86079116907291,ssp370,mpi-esm1-2-lr
65,2015,31.49353116473777,ssp370,mpi-esm1-2-lr
66,2016,27.217340630998685,ssp370,mpi-esm1-2-lr
67,2017,29.45456736328252,ssp370,mpi-esm1-2-lr
68,2018,31.717330695744838,ssp370,mpi-esm1-2-lr
69,2019,30.053611032395004,ssp370,mpi-esm1-2-lr
70,2020,27.25297803357921,ssp370,mpi-esm1-2-lr
71,2021,29.247381017770167,ssp370,mpi-esm1-2-lr
72,2022,30.906782410246652,ssp370,mpi-esm1-2-lr
73,2023,31.933950618077915,ssp370,mpi-esm1-2-lr
74,2024,30.828287838464185,ssp370,mpi-esm1-2-lr
75,2025,32.548492470494345,ssp370,mpi-esm1-2-lr
76,2026,36.80445927502778,ssp370,mpi-esm1-2-lr
77,2027,33.266481585101175,ssp370,mpi-esm1-2-lr
78,2028,32.281869611765195,ssp370,mpi-esm1-2-lr
79,2029,32.61921479175422,ssp370,mpi-esm1-2-lr
80,2030,35.89003187453761,ssp370,mpi-esm1-2-lr
81,2031,32.48492654103389,ssp370,mpi-esm1-2-lr
82,2032,34.68746901063384,ssp370,mpi-esm1-2-lr
83,2033,34.478191323804,ssp370,mpi-esm1-2-lr
84,2034,34.10908347117128,ssp370,mpi-esm1-2-lr
85,2035,34.36007966985381,ssp370,mpi-esm1-2-lr
86,2036,32.17868293892977,ssp370,mpi-esm1-2-lr
87,2037,36.0083640574135,ssp370,mpi-esm1-2-lr
88,2038,35.28418036397865,ssp370,mpi-esm1-2-lr
89,2039,31.27569119044036,ssp370,mpi-esm1-2-lr
90,2040,36.38795089243316,ssp370,mpi-esm1-2-lr
91,2041,32.54050454948686,ssp370,mpi-esm1-2-lr
92,2042,34.1371426851423,ssp370,mpi-esm1-2-lr
93,2043,33.47634457121457,ssp370,mpi-esm1-2-lr
94,2044,33.30618210018358,ssp370,mpi-esm1-2-lr
95,2045,33.596304293004366,ssp370,mpi-esm1-2-lr
96,2046,34.248108904913856,ssp370,mpi-esm1-2-lr
97,2047,34.417262668912294,ssp370,mpi-esm1-2-lr
98,2048,31.108878079967482,ssp370,mpi-esm1-2-lr
99,2049,33.28628072658357,ssp370,mpi-esm1-2-lr
100,2050,32.74043384175897,ssp370,mpi-esm1-2-lr
101,2051,36.611134692168946,ssp370,mpi-esm1-2-lr
102,2052,34.82063898406392,ssp370,mpi-esm1-2-lr
103,2053,36.908468078783095,ssp370,mpi-esm1-2-lr
104,2054,36.61301988723432,ssp370,mpi-esm1-2-lr
105,2055,33.07183812523407,ssp370,mpi-esm1-2-lr
106,2056,33.50653585418124,ssp370,mpi-esm1-2-lr
107,2057,37.66343780672279,ssp370,mpi-esm1-2-lr
108,2058,35.33854581259608,ssp370,mpi-esm1-2-lr
109,2059,34.71970419297767,ssp370,mpi-esm1-2-lr
110,2060,32.748551850221205,ssp370,mpi-esm1-2-lr
111,2061,34.77833914291968,ssp370,mpi-esm1-2-lr
112,2062,30.954650950321607,ssp370,mpi-esm1-2-lr
113,2063,35.02344078093237,ssp370,mpi-esm1-2-lr
114,2064,35.42139666944103,ssp370,mpi-esm1-2-lr
115,2065,35.9073696411527,ssp370,mpi-esm1-2-lr
116,2066,31.871746210283064,ssp370,mpi-esm1-2-lr
117,2067,36.325022716846505,ssp370,mpi-esm1-2-lr
118,2068,36.9082584533056,ssp370,mpi-esm1-2-lr
119,2069,41.57624064817677,ssp370,mpi-esm1-2-lr
120,2070,36.670464342817105,ssp370,mpi-esm1-2-lr
121,2071,35.847316423180814,ssp370,mpi-esm1-2-lr
122,2072,37.690838074295534,ssp370,mpi-esm1-2-lr
123,2073,37.449652525399614,ssp370,mpi-esm1-2-lr
124,2074,34.810233742336784,ssp370,mpi-esm1-2-lr
125,2075,35.367405603725445,ssp370,mpi-esm1-2-lr
126,2076,37.672910104348176,ssp370,mpi-esm1-2-lr
127,2077,35.85796030653519,ssp370,mpi-esm1-2-lr
128,2078,34.03930817954336,ssp370,mpi-esm1-2-lr
129,2079,39.86080728515574,ssp370,mpi-esm1-2-lr
130,2080,37.0007047748586,ssp370,mpi-esm1-2-lr
131,2081,34.03364250368865,ssp370,mpi-esm1-2-lr
132,2082,37.19656626194302,ssp370,mpi-esm1-2-lr
133,2083,39.38360105673227,ssp370,mpi-esm1-2-lr
134,2084,40.45614340568101,ssp370,mpi-esm1-2-lr
135,2085,39.10778934722066,ssp370,mpi-esm1-2-lr
136,2086,40.20086542055758,ssp370,mpi-esm1-2-lr
137,2087,37.37519539336284,ssp370,mpi-esm1-2-lr
138,2088,35.14518412129039,ssp370,mpi-esm1-2-lr
139,2089,36.362468672365516,ssp370,mpi-esm1-2-lr
140,2090,36.46877189629117,ssp370,mpi-esm1-2-lr
141,2091,40.18323294980823,ssp370,mpi-esm1-2-lr
142,2092,36.43903145714104,ssp370,mpi-esm1-2-lr
143,2093,38.49955611443121,ssp370,mpi-esm1-2-lr
144,2094,37.77995640570107,ssp370,mpi-esm1-2-lr
145,2095,38.921516839315764,ssp370,mpi-esm1-2-lr
146,2096,39.88439283348245,ssp370,mpi-esm1-2-lr
147,2097,38.78902390623025,ssp370,mpi-esm1-2-lr
148,2098,36.904890666942364,ssp370,mpi-esm1-2-lr
149,2099,42.589696002868365,ssp370,mpi-esm1-2-lr
150,2100,35.79226974906249,ssp370,mpi-esm1-2-lr
0,1950,,ssp370,access-cm2
1,1951,31.390731283686083,ssp370,access-cm2
2,1952,33.53051232507629,ssp370,access-cm2
3,1953,29.171474140302134,ssp370,access-cm2
4,1954,27.630836540242157,ssp370,access-cm2
5,1955,31.680653937050433,ssp370,access-cm2
6,1956,31.540163239251786,ssp370,access-cm2
7,1957,30.22808426111923,ssp370,access-cm2
8,1958,30.52216561136368,ssp370,access-cm2
9,1959,28.678967820163816,ssp370,access-cm2
10,1960,27.874021918069904,ssp370,access-cm2
11,1961,36.09384469904336,ssp370,access-cm2
12,1962,34.27411415922967,ssp370,access-cm2
13,1963,28.87089114632036,ssp370,access-cm2
14,1964,30.81780147458878,ssp370,access-cm2
15,1965,29.730314833246435,ssp370,access-cm2
16,1966,29.88552288588901,ssp370,access-cm2
17,1967,30.15914946278508,ssp370,access-cm2
18,1968,29.98663355968681,ssp370,access-cm2
19,1969,30.143649106889352,ssp370,access-cm2
20,1970,28.49830103086607,ssp370,access-cm2
21,1971,31.180922494750867,ssp370,access-cm2
22,1972,34.49338762052742,ssp370,access-cm2
23,1973,31.422091292625552,ssp370,access-cm2
24,1974,30.40822981687127,ssp370,access-cm2
25,1975,25.649446284148524,ssp370,access-cm2
26,1976,35.72880177519576,ssp370,access-cm2
27,1977,32.53540363154011,ssp370,access-cm2
28,1978,32.20574200782884,ssp370,access-cm2
29,1979,32.849149906041674,ssp370,access-cm2
30,1980,32.99728536508798,ssp370,access-cm2
31,1981,28.615138689510562,ssp370,access-cm2
32,1982,28.105650997103076,ssp370,access-cm2
33,1983,32.667135189654964,ssp370,access-cm2
34,1984,32.72641610886761,ssp370,access-cm2
35,1985,27.07516612148481,ssp370,access-cm2
36,1986,30.963754307813666,ssp370,access-cm2
37,1987,34.82630436917636,ssp370,access-cm2
38,1988,32.82087685844315,ssp370,access-cm2
39,1989,29.481992600371875,ssp370,access-cm2
40,1990,27.186160444402773,ssp370,access-cm2
41,1991,30.359870790391536,ssp370,access-cm2
42,1992,32.21366412771671,ssp370,access-cm2
43,1993,28.35926467796253,ssp370,access-cm2
44,1994,33.75564169192178,ssp370,access-cm2
45,1995,30.72726601492284,ssp370,access-cm2
46,1996,29.854035881297783,ssp370,access-cm2
47,1997,33.214804156510496,ssp370,access-cm2
48,1998,31.48912225685061,ssp370,access-cm2
49,1999,31.457391372573248,ssp370,access-cm2
50,2000,33.771323318812286,ssp370,access-cm2
51,2001,30.063487854845906,ssp370,access-cm2
52,2002,32.812915597366136,ssp370,access-cm2
53,2003,32.28609199652816,ssp370,access-cm2
54,2004,34.82217878252332,ssp370,access-cm2
55,2005,32.59023976853316,ssp370,access-cm2
56,2006,27.306397387755162,ssp370,access-cm2
57,2007,33.03190177893929,ssp370,access-cm2
58,2008,29.329402996312144,ssp370,access-cm2
59,2009,34.81179023803121,ssp370,access-cm2
60,2010,36.76915932115043,ssp370,access-cm2
61,2011,30.939673168126664,ssp370,access-cm2
62,2012,29.63605017530186,ssp370,access-cm2
63,2013,30.90371527898985,ssp370,access-cm2
64,2014,31.230230943832197,ssp370,access-cm2
65,2015,32.32129375856905,ssp370,access-cm2
66,2016,33.84989717036218,ssp370,access-cm2
67,2017,33.90550822064708,ssp370,access-cm2
68,2018,32.13655283320464,ssp370,access-cm2
69,2019,36.192039191578786,ssp370,access-cm2
70,2020,33.592919399272546,ssp370,access-cm2
71,2021,32.24342565321987,ssp370,access-cm2
72,2022,30.956286606455578,ssp370,access-cm2
73,2023,35.75016108266993,ssp370,access-cm2
74,2024,35.90760374896593,ssp370,access-cm2
75,2025,32.84812785588276,ssp370,access-cm2
76,2026,33.636820408210404,ssp370,access-cm2
77,2027,34.96179273596641,ssp370,access-cm2
78,2028,35.18654373448677,ssp370,access-cm2
79,2029,37.52697782794037,ssp370,access-cm2
80,2030,37.5243897883119,ssp370,access-cm2
81,2031,34.65180730166648,ssp370,access-cm2
82,2032,35.96594732948277,ssp370,access-cm2
83,2033,32.13429344936024,ssp370,access-cm2
84,2034,36.52575511937551,ssp370,access-cm2
85,2035,34.96718934659539,ssp370,access-cm2
86,2036,29.716522434787585,ssp370,access-cm2
87,2037,33.237713775502485,ssp370,access-cm2
88,2038,37.83507248660272,ssp370,access-cm2
89,2039,35.17355969622538,ssp370,access-cm2
90,2040,37.333415768502526,ssp370,access-cm2
91,2041,31.334225334484668,ssp370,access-cm2
92,2042,35.54160441476525,ssp370,access-cm2
93,2043,33.54191803481093,ssp370,access-cm2
94,2044,38.80053639324477,ssp370,access-cm2
95,2045,35.283093981303836,ssp370,access-cm2
96,2046,34.09671257048358,ssp370,access-cm2
97,2047,34.130805046370895,ssp370,access-cm2
98,2048,36.20745833106411,ssp370,access-cm2
99,2049,37.692070422899306,ssp370,access-cm2
100,2050,37.76848472089908,ssp370,access-cm2
101,2051,30.708614221872427,ssp370,access-cm2
102,2052,39.1833594856813,ssp370,access-cm2
103,2053,35.16548924277923,ssp370,access-cm2
104,2054,37.07473034436618,ssp370,access-cm2
105,2055,39.3257905740619,ssp370,access-cm2
106,2056,37.93306111027469,ssp370,access-cm2
107,2057,34.293074622587525,ssp370,access-cm2
108,2058,35.39393672922411,ssp370,access-cm2
109,2059,35.12989062954972,ssp370,access-cm2
110,2060,38.42837271685847,ssp370,access-cm2
111,2061,35.28264339434139,ssp370,access-cm2
112,2062,36.6509894330112,ssp370,access-cm2
113,2063,34.207975179401544,ssp370,access-cm2
114,2064,36.484066837062855,ssp370,access-cm2
115,2065,38.57757968523818,ssp370,access-cm2
116,2066,39.71902159164145,ssp370,access-cm2
117,2067,38.99006993443649,ssp370,access-cm2
118,2068,34.15809646020116,ssp370,access-cm2
119,2069,40.54635874930046,ssp370,access-cm2
120,2070,36.97077181563715,ssp370,access-cm2
121,2071,36.762674072301955,ssp370,access-cm2
122,2072,40.356467193551325,ssp370,access-cm2
123,2073,38.014328347952016,ssp370,access-cm2
124,2074,39.13855204364934,ssp370,access-cm2
125,2075,36.88900764273829,ssp370,access-cm2
126,2076,35.81514564657837,ssp370,access-cm2
127,2077,38.67926429578739,ssp370,access-cm2
128,2078,34.85230502180827,ssp370,access-cm2
129,2079,34.71761207808915,ssp370,access-cm2
130,2080,36.54326118903457,ssp370,access-cm2
131,2081,40.99110308274959,ssp370,access-cm2
132,2082,37.9350497117088,ssp370,access-cm2
133,2083,37.90042936280199,ssp370,access-cm2
134,2084,38.035726449154,ssp370,access-cm2
135,2085,36.76091901834564,ssp370,access-cm2
136,2086,40.92088001763199,ssp370,access-cm2
137,2087,39.951665844882896,ssp370,access-cm2
138,2088,42.473360615443596,ssp370,access-cm2
139,2089,41.276912373854685,ssp370,access-cm2
140,2090,42.54836596981701,ssp370,access-cm2
141,2091,39.47122614200453,ssp370,access-cm2
142,2092,39.414320388800824,ssp370,access-cm2
143,2093,40.30462123328711,ssp370,access-cm2
144,2094,37.44561943978134,ssp370,access-cm2
145,2095,38.66450697049033,ssp370,access-cm2
146,2096,39.59795058023005,ssp370,access-cm2
147,2097,37.24440323601777,ssp370,access-cm2
148,2098,40.428031386444154,ssp370,access-cm2
149,2099,42.80940374669807,ssp370,access-cm2
150,2100,40.621181419276425,ssp370,access-cm2
0,1950,,hist,nclimgrid
1,1951,,hist,nclimgrid
2,1952,30.845724072792006,hist,nclimgrid
3,1953,33.81487667191489,hist,nclimgrid
4,1954,33.62694263606186,hist,nclimgrid
5,1955,29.888211944403903,hist,nclimgrid
6,1956,29.781201508507763,hist,nclimgrid
7,1957,31.67704549785214,hist,nclimgrid
8,1958,32.340103061685625,hist,nclimgrid
9,1959,29.660403247329356,hist,nclimgrid
10,1960,30.668206734521874,hist,nclimgrid
11,1961,31.00673770099957,hist,nclimgrid
12,1962,29.07684739844356,hist,nclimgrid
13,1963,29.06295098141822,hist,nclimgrid
14,1964,29.037448162538897,hist,nclimgrid
15,1965,30.29845893895786,hist,nclimgrid
16,1966,29.621940120597035,hist,nclimgrid
17,1967,31.405599008641296,hist,nclimgrid
18,1968,29.726657073235838,hist,nclimgrid
19,1969,28.848325713759294,hist,nclimgrid
20,1970,30.37758844692192,hist,nclimgrid
21,1971,30.300860293873708,hist,nclimgrid
22,1972,30.35261843409051,hist,nclimgrid
23,1973,29.41562792537091,hist,nclimgrid
24,1974,31.451550522825976,hist,nclimgrid
25,1975,31.35726578440364,hist,nclimgrid
26,1976,32.85367212634654,hist,nclimgrid
27,1977,28.350939494219983,hist,nclimgrid
28,1978,27.464396378759314,hist,nclimgrid
29,1979,24.696103768697814,hist,nclimgrid
30,1980,31.800687428364235,hist,nclimgrid
31,1981,33.29784013319691,hist,nclimgrid
32,1982,28.98496564449167,hist,nclimgrid
33,1983,33.95444194849181,hist,nclimgrid
34,1984,28.857157130654578,hist,nclimgrid
35,1985,28.79230913879614,hist,nclimgrid
36,1986,31.34218110919529,hist,nclimgrid
37,1987,33.0639454674113,hist,nclimgrid
38,1988,30.356190470831386,hist,nclimgrid
39,1989,30.622799740635923,hist,nclimgrid
40,1990,32.042639739618124,hist,nclimgrid
41,1991,31.536279989896734,hist,nclimgrid
42,1992,34.86530283816324,hist,nclimgrid
43,1993,29.290248116494425,hist,nclimgrid
44,1994,30.108283476837926,hist,nclimgrid
45,1995,33.97206406261111,hist,nclimgrid
46,1996,31.21052361124155,hist,nclimgrid
47,1997,31.46737583600544,hist,nclimgrid
48,1998,34.50870480757121,hist,nclimgrid
49,1999,34.55812140480027,hist,nclimgrid
50,2000,34.81739603318035,hist,nclimgrid
51,2001,29.559421394881443,hist,nclimgrid
52,2002,34.26598835100164,hist,nclimgrid
53,2003,32.16634886869292,hist,nclimgrid
54,2004,31.477507170055436,hist,nclimgrid
55,2005,33.85131849902884,hist,nclimgrid
56,2006,34.06726434187814,hist,nclimgrid
57,2007,32.00598068396155,hist,nclimgrid
58,2008,30.916680365116672,hist,nclimgrid
59,2009,31.295038839891006,hist,nclimgrid
60,2010,29.240444225685383,hist,nclimgrid
61,2011,30.084051789843937,hist,nclimgrid
62,2012,34.865106959450934,hist,nclimgrid
63,2013,32.71001649371113,hist,nclimgrid
64,2014,29.46444413609449,hist,nclimgrid
65,2015,32.89337984223263,hist,nclimgrid
66,2016,35.189490680184385,hist,nclimgrid
67,2017,33.865568792918346,hist,nclimgrid
68,2018,32.219272576895996,hist,nclimgrid
69,2019,31.590096511755128,hist,nclimgrid
70,2020,34.89098337887399,hist,nclimgrid
71,2021,,hist,nclimgrid
72,2022,,hist,nclimgrid
73,2023,,hist,nclimgrid
74,2024,,hist,nclimgrid
75,2025,,hist,nclimgrid
76,2026,,hist,nclimgrid
77,2027,,hist,nclimgrid
78,2028,,hist,nclimgrid
79,2029,,hist,nclimgrid
80,2030,,hist,nclimgrid
81,2031,,hist,nclimgrid
82,2032,,hist,nclimgrid
83,2033,,hist,nclimgrid
84,2034,,hist,nclimgrid
85,2035,,hist,nclimgrid
86,2036,,hist,nclimgrid
87,2037,,hist,nclimgrid
88,2038,,hist,nclimgrid
89,2039,,hist,nclimgrid
90,2040,,hist,nclimgrid
91,2041,,hist,nclimgrid
92,2042,,hist,nclimgrid
93,2043,,hist,nclimgrid
94,2044,,hist,nclimgrid
95,2045,,hist,nclimgrid
96,2046,,hist,nclimgrid
97,2047,,hist,nclimgrid
98,2048,,hist,nclimgrid
99,2049,,hist,nclimgrid
100,2050,,hist,nclimgrid
101,2051,,hist,nclimgrid
102,2052,,hist,nclimgrid
103,2053,,hist,nclimgrid
104,2054,,hist,nclimgrid
105,2055,,hist,nclimgrid
106,2056,,hist,nclimgrid
107,2057,,hist,nclimgrid
108,2058,,hist,nclimgrid
109,2059,,hist,nclimgrid
110,2060,,hist,nclimgrid
111,2061,,hist,nclimgrid
112,2062,,hist,nclimgrid
113,2063,,hist,nclimgrid
114,2064,,hist,nclimgrid
115,2065,,hist,nclimgrid
116,2066,,hist,nclimgrid
117,2067,,hist,nclimgrid
118,2068,,hist,nclimgrid
119,2069,,hist,nclimgrid
120,2070,,hist,nclimgrid
121,2071,,hist,nclimgrid
122,2072,,hist,nclimgrid
123,2073,,hist,nclimgrid
124,2074,,hist,nclimgrid
125,2075,,hist,nclimgrid
126,2076,,hist,nclimgrid
127,2077,,hist,nclimgrid
128,2078,,hist,nclimgrid
129,2079,,hist,nclimgrid
130,2080,,hist,nclimgrid
131,2081,,hist,nclimgrid
132,2082,,hist,nclimgrid
133,2083,,hist,nclimgrid
134,2084,,hist,nclimgrid
135,2085,,hist,nclimgrid
136,2086,,hist,nclimgrid
137,2087,,hist,nclimgrid
138,2088,,hist,nclimgrid
139,2089,,hist,nclimgrid
140,2090,,hist,nclimgrid
141,2091,,hist,nclimgrid
142,2092,,hist,nclimgrid
143,2093,,hist,nclimgrid
144,2094,,hist,nclimgrid
145,2095,,hist,nclimgrid
146,2096,,hist,nclimgrid
147,2097,,hist,nclimgrid
148,2098,,hist,nclimgrid
149,2099,,hist,nclimgrid
150,2100,,hist,nclimgrid
0,1950,,ssp370,noresm2-mm
1,1951,34.85042752666474,ssp370,noresm2-mm
2,1952,27.763919403536455,ssp370,noresm2-mm
3,1953,30.611921224549206,ssp370,noresm2-mm
4,1954,33.87620639555964,ssp370,noresm2-mm
5,1955,29.349413164805178,ssp370,noresm2-mm
6,1956,28.8998277447442,ssp370,noresm2-mm
7,1957,26.751855574011913,ssp370,noresm2-mm
8,1958,32.51675865154076,ssp370,noresm2-mm
9,1959,29.689443586861955,ssp370,noresm2-mm
10,1960,29.868561834573864,ssp370,noresm2-mm
11,1961,37.16489687289487,ssp370,noresm2-mm
12,1962,29.251832678308798,ssp370,noresm2-mm
13,1963,30.10507122416404,ssp370,noresm2-mm
14,1964,26.902830639975225,ssp370,noresm2-mm
15,1965,31.359794429028316,ssp370,noresm2-mm
16,1966,31.326014061048475,ssp370,noresm2-mm
17,1967,26.96348190072445,ssp370,noresm2-mm
18,1968,30.103682100419004,ssp370,noresm2-mm
19,1969,29.811591228610556,ssp370,noresm2-mm
20,1970,32.99300032632268,ssp370,noresm2-mm
21,1971,31.67022579678235,ssp370,noresm2-mm
22,1972,36.54012139590354,ssp370,noresm2-mm
23,1973,30.988219514928016,ssp370,noresm2-mm
24,1974,28.89423986336846,ssp370,noresm2-mm
25,1975,25.147919656911935,ssp370,noresm2-mm
26,1976,30.944511395429462,ssp370,noresm2-mm
27,1977,27.919267103036283,ssp370,noresm2-mm
28,1978,32.110830290577276,ssp370,noresm2-mm
29,1979,32.190637376184654,ssp370,noresm2-mm
30,1980,30.936418025523707,ssp370,noresm2-mm
31,1981,31.583266327482285,ssp370,noresm2-mm
32,1982,31.847057813877246,ssp370,noresm2-mm
33,1983,27.992245046238022,ssp370,noresm2-mm
34,1984,27.23806540547828,ssp370,noresm2-mm
35,1985,29.528423330416203,ssp370,noresm2-mm
36,1986,33.87204914157268,ssp370,noresm2-mm
37,1987,28.65116980118135,ssp370,noresm2-mm
38,1988,30.720451609723153,ssp370,noresm2-mm
39,1989,31.846541516072218,ssp370,noresm2-mm
40,1990,34.68847074788901,ssp370,noresm2-mm
41,1991,34.73898627745942,ssp370,noresm2-mm
42,1992,33.662595125242795,ssp370,noresm2-mm
43,1993,33.778464921889956,ssp370,noresm2-mm
44,1994,30.447596339161404,ssp370,noresm2-mm
45,1995,33.548531254797076,ssp370,noresm2-mm
46,1996,28.277536055563065,ssp370,noresm2-mm
47,1997,31.488498546555775,ssp370,noresm2-mm
48,1998,32.144134098150275,ssp370,noresm2-mm
49,1999,29.70850248324221,ssp370,noresm2-mm
50,2000,30.91564220715076,ssp370,noresm2-mm
51,2001,37.78584110780783,ssp370,noresm2-mm
52,2002,30.938403652924936,ssp370,noresm2-mm
53,2003,34.25027110918476,ssp370,noresm2-mm
54,2004,33.107478878611786,ssp370,noresm2-mm
55,2005,32.32344217717089,ssp370,noresm2-mm
56,2006,34.301686760634574,ssp370,noresm2-mm
57,2007,34.986483249383056,ssp370,noresm2-mm
58,2008,28.248143200932237,ssp370,noresm2-mm
59,2009,29.088397411910552,ssp370,noresm2-mm
60,2010,32.75219712095578,ssp370,noresm2-mm
61,2011,32.33649105088435,ssp370,noresm2-mm
62,2012,34.687772016542056,ssp370,noresm2-mm
63,2013,29.247198433295214,ssp370,noresm2-mm
64,2014,31.72307851934693,ssp370,noresm2-mm
65,2015,31.795384967004384,ssp370,noresm2-mm
66,2016,31.830082367382296,ssp370,noresm2-mm
67,2017,35.96990489751805,ssp370,noresm2-mm
68,2018,34.902353713160686,ssp370,noresm2-mm
69,2019,33.723829224624836,ssp370,noresm2-mm
70,2020,34.92782879123693,ssp370,noresm2-mm
71,2021,34.087204432027036,ssp370,noresm2-mm
72,2022,35.142848620861216,ssp370,noresm2-mm
73,2023,33.25418615441877,ssp370,noresm2-mm
74,2024,35.07097650347274,ssp370,noresm2-mm
75,2025,33.330573928313264,ssp370,noresm2-mm
76,2026,36.82149680693172,ssp370,noresm2-mm
77,2027,35.203875889297215,ssp370,noresm2-mm
78,2028,31.2151529152149,ssp370,noresm2-mm
79,2029,34.343825653450494,ssp370,noresm2-mm
80,2030,36.8217395606314,ssp370,noresm2-mm
81,2031,37.18956533324187,ssp370,noresm2-mm
82,2032,33.45294873929689,ssp370,noresm2-mm
83,2033,36.247306317575905,ssp370,noresm2-mm
84,2034,33.255002639920235,ssp370,noresm2-mm
85,2035,32.84737743641831,ssp370,noresm2-mm
86,2036,35.12706459789832,ssp370,noresm2-mm
87,2037,35.82432012767509,ssp370,noresm2-mm
88,2038,31.59407718520794,ssp370,noresm2-mm
89,2039,37.2368999514987,ssp370,noresm2-mm
90,2040,33.741990254898525,ssp370,noresm2-mm
91,2041,32.672438544225,ssp370,noresm2-mm
92,2042,34.82449059211151,ssp370,noresm2-mm
93,2043,35.88537985837766,ssp370,noresm2-mm
94,2044,38.01964253954314,ssp370,noresm2-mm
95,2045,35.110548395289655,ssp370,noresm2-mm
96,2046,36.490348836958404,ssp370,noresm2-mm
97,2047,33.908928408515806,ssp370,noresm2-mm
98,2048,39.283318077004964,ssp370,noresm2-mm
99,2049,36.69212256855275,ssp370,noresm2-mm
100,2050,33.964367003516465,ssp370,noresm2-mm
101,2051,35.71832360227739,ssp370,noresm2-mm
102,2052,36.59311424206684,ssp370,noresm2-mm
103,2053,36.57297647219248,ssp370,noresm2-mm
104,2054,40.66373540684686,ssp370,noresm2-mm
105,2055,33.265207558518455,ssp370,noresm2-mm
106,2056,39.027981222896365,ssp370,noresm2-mm
107,2057,38.31081917365015,ssp370,noresm2-mm
108,2058,40.270072134132405,ssp370,noresm2-mm
109,2059,37.32354409519018,ssp370,noresm2-mm
110,2060,32.794005973286296,ssp370,noresm2-mm
111,2061,35.91544775139991,ssp370,noresm2-mm
112,2062,38.21559149797092,ssp370,noresm2-mm
113,2063,42.341741183629026,ssp370,noresm2-mm
114,2064,33.80621107708829,ssp370,noresm2-mm
115,2065,34.23614116618755,ssp370,noresm2-mm
116,2066,38.054608352806646,ssp370,noresm2-mm
117,2067,38.412886209418026,ssp370,noresm2-mm
118,2068,38.43030663120041,ssp370,noresm2-mm
119,2069,38.60158797758199,ssp370,noresm2-mm
120,2070,35.96883978664808,ssp370,noresm2-mm
121,2071,35.41782199071247,ssp370,noresm2-mm
122,2072,38.82718317640994,ssp370,noresm2-mm
123,2073,36.25853202956807,ssp370,noresm2-mm
124,2074,39.20868446298603,ssp370,noresm2-mm
125,2075,38.7519224032159,ssp370,noresm2-mm
126,2076,38.99760613540092,ssp370,noresm2-mm
127,2077,39.64758955415637,ssp370,noresm2-mm
128,2078,40.211340848287065,ssp370,noresm2-mm
129,2079,38.48821919996777,ssp370,noresm2-mm
130,2080,29.436111702318154,ssp370,noresm2-mm
131,2081,41.4892898580347,ssp370,noresm2-mm
132,2082,35.60286484690726,ssp370,noresm2-mm
133,2083,41.24550065321357,ssp370,noresm2-mm
134,2084,36.41616765249614,ssp370,noresm2-mm
135,2085,36.83187007383136,ssp370,noresm2-mm
136,2086,40.2134176535062,ssp370,noresm2-mm
137,2087,43.00235136605799,ssp370,noresm2-mm
138,2088,42.54121387424445,ssp370,noresm2-mm
139,2089,42.748234431241116,ssp370,noresm2-mm
140,2090,41.07115976839878,ssp370,noresm2-mm
141,2091,41.79899549676924,ssp370,noresm2-mm
142,2092,43.388800828988224,ssp370,noresm2-mm
143,2093,33.88990611305181,ssp370,noresm2-mm
144,2094,40.96320611069121,ssp370,noresm2-mm
145,2095,41.71991609129725,ssp370,noresm2-mm
146,2096,41.896432575830644,ssp370,noresm2-mm
147,2097,42.03187787979706,ssp370,noresm2-mm
148,2098,39.62776006537927,ssp370,noresm2-mm
149,2099,37.97686728505769,ssp370,noresm2-mm
150,2100,43.68471149771244,ssp370,noresm2-mm
0,1950,,ssp370,fgoals-g3
1,1951,31.351201299392976,ssp370,fgoals-g3
2,1952,25.61863213700302,ssp370,fgoals-g3
3,1953,30.231235395970995,ssp370,fgoals-g3
4,1954,28.654509065241218,ssp370,fgoals-g3
5,1955,24.885121091318908,ssp370,fgoals-g3
6,1956,31.076954218189943,ssp370,fgoals-g3
7,1957,28.37563604678642,ssp370,fgoals-g3
8,1958,29.520627816326538,ssp370,fgoals-g3
9,1959,32.239623658296495,ssp370,fgoals-g3
10,1960,31.067361814930138,ssp370,fgoals-g3
11,1961,32.249771824586,ssp370,fgoals-g3
12,1962,29.788747131471993,ssp370,fgoals-g3
13,1963,32.51640779057066,ssp370,fgoals-g3
14,1964,29.991360862948312,ssp370,fgoals-g3
15,1965,29.010115768582594,ssp370,fgoals-g3
16,1966,33.00517371176528,ssp370,fgoals-g3
17,1967,31.62799913687362,ssp370,fgoals-g3
18,1968,31.45440958295471,ssp370,fgoals-g3
19,1969,29.687544739430034,ssp370,fgoals-g3
20,1970,31.893576671139723,ssp370,fgoals-g3
21,1971,30.744601292829724,ssp370,fgoals-g3
22,1972,31.58095917373662,ssp370,fgoals-g3
23,1973,33.893938942372586,ssp370,fgoals-g3
24,1974,26.360801747016637,ssp370,fgoals-g3
25,1975,35.508510012991735,ssp370,fgoals-g3
26,1976,26.26995337855978,ssp370,fgoals-g3
27,1977,32.73426531655442,ssp370,fgoals-g3
28,1978,30.409080004621252,ssp370,fgoals-g3
29,1979,30.299517536842522,ssp370,fgoals-g3
30,1980,32.61687643468093,ssp370,fgoals-g3
31,1981,32.44068896340189,ssp370,fgoals-g3
32,1982,37.786853743830505,ssp370,fgoals-g3
33,1983,29.710364775259258,ssp370,fgoals-g3
34,1984,32.241787113471524,ssp370,fgoals-g3
35,1985,26.36017535197568,ssp370,fgoals-g3
36,1986,30.60549469156082,ssp370,fgoals-g3
37,1987,28.651556430194397,ssp370,fgoals-g3
38,1988,29.45170634563478,ssp370,fgoals-g3
39,1989,35.32026156487209,ssp370,fgoals-g3
40,1990,28.53968675989372,ssp370,fgoals-g3
41,1991,32.449589927488724,ssp370,fgoals-g3
42,1992,32.024098026080544,ssp370,fgoals-g3
43,1993,33.041038543064026,ssp370,fgoals-g3
44,1994,31.37916602839201,ssp370,fgoals-g3
45,1995,29.606686872133636,ssp370,fgoals-g3
46,1996,30.54660435484351,ssp370,fgoals-g3
47,1997,29.37879003906437,ssp370,fgoals-g3
48,1998,33.55080664067315,ssp370,fgoals-g3
49,1999,34.698228466865686,ssp370,fgoals-g3
50,2000,37.058147275826045,ssp370,fgoals-g3
51,2001,31.5490354789572,ssp370,fgoals-g3
52,2002,34.612357619178184,ssp370,fgoals-g3
53,2003,26.29143959083228,ssp370,fgoals-g3
54,2004,31.806634259867838,ssp370,fgoals-g3
55,2005,30.079252083245077,ssp370,fgoals-g3
56,2006,36.41561302961178,ssp370,fgoals-g3
57,2007,32.97891996629718,ssp370,fgoals-g3
58,2008,33.415421764976415,ssp370,fgoals-g3
59,2009,33.39542860242874,ssp370,fgoals-g3
60,2010,34.47508293599612,ssp370,fgoals-g3
61,2011,31.77738952232082,ssp370,fgoals-g3
62,2012,29.637550529048283,ssp370,fgoals-g3
63,2013,35.78185177456766,ssp370,fgoals-g3
64,2014,31.657340898550164,ssp370,fgoals-g3
65,2015,32.45787872077228,ssp370,fgoals-g3
66,2016,34.3585298965871,ssp370,fgoals-g3
67,2017,34.35259620616123,ssp370,fgoals-g3
68,2018,33.55935357674514,ssp370,fgoals-g3
69,2019,34.274719873405694,ssp370,fgoals-g3
70,2020,27.86100937452232,ssp370,fgoals-g3
71,2021,34.65200999821225,ssp370,fgoals-g3
72,2022,34.91032198715596,ssp370,fgoals-g3
73,2023,32.12456021957246,ssp370,fgoals-g3
74,2024,36.00521551234343,ssp370,fgoals-g3
75,2025,36.11113736345424,ssp370,fgoals-g3
76,2026,29.9041071893199,ssp370,fgoals-g3
77,2027,36.82792085784974,ssp370,fgoals-g3
78,2028,35.18764596547851,ssp370,fgoals-g3
79,2029,30.390026118425716,ssp370,fgoals-g3
80,2030,32.3848568553612,ssp370,fgoals-g3
81,2031,37.420490892393616,ssp370,fgoals-g3
82,2032,32.34466480918732,ssp370,fgoals-g3
83,2033,30.710387361110023,ssp370,fgoals-g3
84,2034,37.10122323238777,ssp370,fgoals-g3
85,2035,35.01763255718597,ssp370,fgoals-g3
86,2036,35.294184316114425,ssp370,fgoals-g3
87,2037,34.88041816277085,ssp370,fgoals-g3
88,2038,34.41388563293012,ssp370,fgoals-g3
89,2039,34.0545697022853,ssp370,fgoals-g3
90,2040,35.858536811364296,ssp370,fgoals-g3
91,2041,34.52215881461655,ssp370,fgoals-g3
92,2042,35.3936115765937,ssp370,fgoals-g3
93,2043,37.38466165285838,ssp370,fgoals-g3
94,2044,37.45179720030569,ssp370,fgoals-g3
95,2045,34.47339406257943,ssp370,fgoals-g3
96,2046,37.4740017755928,ssp370,fgoals-g3
97,2047,29.783530973445146,ssp370,fgoals-g3
98,2048,31.443804103824014,ssp370,fgoals-g3
99,2049,35.059466650308586,ssp370,fgoals-g3
100,2050,36.76235636501101,ssp370,fgoals-g3
101,2051,36.74803587355453,ssp370,fgoals-g3
102,2052,39.713158459625184,ssp370,fgoals-g3
103,2053,35.60414176502838,ssp370,fgoals-g3
104,2054,37.287795502374856,ssp370,fgoals-g3
105,2055,36.556536440449946,ssp370,fgoals-g3
106,2056,35.177393717595194,ssp370,fgoals-g3
107,2057,36.93267547423904,ssp370,fgoals-g3
108,2058,35.5783363344397,ssp370,fgoals-g3
109,2059,38.701662326687085,ssp370,fgoals-g3
110,2060,33.659813732014484,ssp370,fgoals-g3
111,2061,32.74839559459974,ssp370,fgoals-g3
112,2062,36.46143453475186,ssp370,fgoals-g3
113,2063,35.95213881290196,ssp370,fgoals-g3
114,2064,36.1478889292475,ssp370,fgoals-g3
115,2065,35.71438079082549,ssp370,fgoals-g3
116,2066,36.413189293275984,ssp370,fgoals-g3
117,2067,41.30946887834369,ssp370,fgoals-g3
118,2068,35.96228350670787,ssp370,fgoals-g3
119,2069,37.349058751259165,ssp370,fgoals-g3
120,2070,38.23622413913151,ssp370,fgoals-g3
121,2071,37.222948666965486,ssp370,fgoals-g3
122,2072,41.62021115586956,ssp370,fgoals-g3
123,2073,37.61273824022632,ssp370,fgoals-g3
124,2074,36.594790758398084,ssp370,fgoals-g3
125,2075,39.11739583117585,ssp370,fgoals-g3
126,2076,38.35369743112659,ssp370,fgoals-g3
127,2077,34.00534752666612,ssp370,fgoals-g3
128,2078,37.226648249475936,ssp370,fgoals-g3
129,2079,39.074047230369494,ssp370,fgoals-g3
130,2080,39.82906910263801,ssp370,fgoals-g3
131,2081,37.89999658165534,ssp370,fgoals-g3
132,2082,41.818135847505246,ssp370,fgoals-g3
133,2083,40.04190353554276,ssp370,fgoals-g3
134,2084,39.113002394064914,ssp370,fgoals-g3
135,2085,40.00830273132905,ssp370,fgoals-g3
136,2086,37.53686274223442,ssp370,fgoals-g3
137,2087,38.72872635458664,ssp370,fgoals-g3
138,2088,40.76010111300752,ssp370,fgoals-g3
139,2089,38.689959143923325,ssp370,fgoals-g3
140,2090,36.2542901009407,ssp370,fgoals-g3
141,2091,42.77699243535936,ssp370,fgoals-g3
142,2092,40.19828787610869,ssp370,fgoals-g3
143,2093,38.13969934030811,ssp370,fgoals-g3
144,2094,40.48667892526067,ssp370,fgoals-g3
145,2095,34.93973969586788,ssp370,fgoals-g3
146,2096,40.50043352229933,ssp370,fgoals-g3
147,2097,38.66898420952656,ssp370,fgoals-g3
148,2098,41.662128965818795,ssp370,fgoals-g3
149,2099,33.27747065879471,ssp370,fgoals-g3
150,2100,39.61013854104724,ssp370,fgoals-g3
0,1950,,ssp370,miroc6
1,1951,32.96091965582937,ssp370,miroc6
2,1952,26.246270773302548,ssp370,miroc6
3,1953,25.522835150282805,ssp370,miroc6
4,1954,30.214650789078764,ssp370,miroc6
5,1955,33.35228307161774,ssp370,miroc6
6,1956,33.39328832804684,ssp370,miroc6
7,1957,32.632225933679514,ssp370,miroc6
8,1958,31.96096148287699,ssp370,miroc6
9,1959,34.08183606610581,ssp370,miroc6
10,1960,29.62594892296906,ssp370,miroc6
11,1961,31.474909806310215,ssp370,miroc6
12,1962,28.064216177701546,ssp370,miroc6
13,1963,25.876429236113434,ssp370,miroc6
14,1964,33.104376057281144,ssp370,miroc6
15,1965,24.814525007746926,ssp370,miroc6
16,1966,32.07272862468635,ssp370,miroc6
17,1967,30.2964774767541,ssp370,miroc6
18,1968,27.462947030610522,ssp370,miroc6
19,1969,27.222410534228967,ssp370,miroc6
20,1970,26.639076034509568,ssp370,miroc6
21,1971,28.008213135945116,ssp370,miroc6
22,1972,35.45921680131157,ssp370,miroc6
23,1973,29.444364032964252,ssp370,miroc6
24,1974,31.590651486270144,ssp370,miroc6
25,1975,31.608589097526902,ssp370,miroc6
26,1976,28.740463453947413,ssp370,miroc6
27,1977,33.93560181372648,ssp370,miroc6
28,1978,33.96998786592374,ssp370,miroc6
29,1979,33.60700094410852,ssp370,miroc6
30,1980,30.00834669485163,ssp370,miroc6
31,1981,32.6615600038472,ssp370,miroc6
32,1982,32.977614663885625,ssp370,miroc6
33,1983,29.06019645272622,ssp370,miroc6
34,1984,28.503599316605268,ssp370,miroc6
35,1985,33.58630975476535,ssp370,miroc6
36,1986,31.793685542466257,ssp370,miroc6
37,1987,31.017885600385668,ssp370,miroc6
38,1988,29.963984057696607,ssp370,miroc6
39,1989,32.80776953019214,ssp370,miroc6
40,1990,32.754685414183086,ssp370,miroc6
41,1991,29.637953417449488,ssp370,miroc6
42,1992,31.881157040164815,ssp370,miroc6
43,1993,33.91008515507648,ssp370,miroc6
44,1994,29.0575966562059,ssp370,miroc6
45,1995,30.754140566315822,ssp370,miroc6
46,1996,31.313732273796266,ssp370,miroc6
47,1997,32.15876194377391,ssp370,miroc6
48,1998,27.2400645486706,ssp370,miroc6
49,1999,32.607505166714404,ssp370,miroc6
50,2000,36.24463125395053,ssp370,miroc6
51,2001,32.52796431371623,ssp370,miroc6
52,2002,29.266548641319652,ssp370,miroc6
53,2003,35.376466426143374,ssp370,miroc6
54,2004,29.326209328056294,ssp370,miroc6
55,2005,35.11368646305175,ssp370,miroc6
56,2006,35.86098643807739,ssp370,miroc6
57,2007,31.613161644433447,ssp370,miroc6
58,2008,35.235877463460234,ssp370,miroc6
59,2009,30.87979315622773,ssp370,miroc6
60,2010,33.24927764452564,ssp370,miroc6
61,2011,34.78120093046992,ssp370,miroc6
62,2012,31.341052149185845,ssp370,miroc6
63,2013,29.713933906839983,ssp370,miroc6
64,2014,31.1799090493187,ssp370,miroc6
65,2015,34.99765974638213,ssp370,miroc6
66,2016,32.40446725532458,ssp370,miroc6
67,2017,29.548745885305394,ssp370,miroc6
68,2018,32.18820572775472,ssp370,miroc6
69,2019,34.4767061911654,ssp370,miroc6
70,2020,33.4256100678474,ssp370,miroc6
71,2021,37.31667841457805,ssp370,miroc6
72,2022,33.91063736697963,ssp370,miroc6
73,2023,36.21437852452289,ssp370,miroc6
74,2024,35.254686451724076,ssp370,miroc6
75,2025,36.281915585306905,ssp370,miroc6
76,2026,33.08504565320223,ssp370,miroc6
77,2027,30.12358507573408,ssp370,miroc6
78,2028,40.19778683927389,ssp370,miroc6
79,2029,31.1980503876258,ssp370,miroc6
80,2030,34.79149236385218,ssp370,miroc6
81,2031,30.4876314817735,ssp370,miroc6
82,2032,33.68972101183202,ssp370,miroc6
83,2033,35.32993294236139,ssp370,miroc6
84,2034,36.2644079821915,ssp370,miroc6
85,2035,34.095731749150964,ssp370,miroc6
86,2036,35.71396896434023,ssp370,miroc6
87,2037,35.71573983873476,ssp370,miroc6
88,2038,34.41894599253011,ssp370,miroc6
89,2039,37.354977888318466,ssp370,miroc6
90,2040,38.32542554160269,ssp370,miroc6
91,2041,32.8513499930554,ssp370,miroc6
92,2042,32.42265862164539,ssp370,miroc6
93,2043,34.804359142227995,ssp370,miroc6
94,2044,34.54736677210963,ssp370,miroc6
95,2045,39.094208631319,ssp370,miroc6
96,2046,37.75635967081934,ssp370,miroc6
97,2047,37.09944544967421,ssp370,miroc6
98,2048,38.39573497727085,ssp370,miroc6
99,2049,41.02304294513882,ssp370,miroc6
100,2050,39.80023593283579,ssp370,miroc6
101,2051,38.215927109554386,ssp370,miroc6
102,2052,36.200141432630986,ssp370,miroc6
103,2053,39.09295139432292,ssp370,miroc6
104,2054,38.08466539232372,ssp370,miroc6
105,2055,40.97018049070571,ssp370,miroc6
106,2056,40.04186718562428,ssp370,miroc6
107,2057,35.90731590548502,ssp370,miroc6
108,2058,32.70804027740252,ssp370,miroc6
109,2059,32.819316538503244,ssp370,miroc6
110,2060,33.59295125871558,ssp370,miroc6
111,2061,41.75326167186662,ssp370,miroc6
112,2062,39.07675446290158,ssp370,miroc6
113,2063,38.045572879102146,ssp370,miroc6
114,2064,36.139797590884776,ssp370,miroc6
115,2065,37.167896639661954,ssp370,miroc6
116,2066,39.351295013405974,ssp370,miroc6
117,2067,38.68215814335864,ssp370,miroc6
118,2068,39.9299670341906,ssp370,miroc6
119,2069,37.84293290590678,ssp370,miroc6
120,2070,41.157453415618114,ssp370,miroc6
121,2071,36.11046044000906,ssp370,miroc6
122,2072,43.302570271053156,ssp370,miroc6
123,2073,38.292801303556466,ssp370,miroc6
124,2074,39.582961683577416,ssp370,miroc6
125,2075,34.985428383689054,ssp370,miroc6
126,2076,39.05445896748206,ssp370,miroc6
127,2077,41.273743654915585,ssp370,miroc6
128,2078,41.96543975769515,ssp370,miroc6
129,2079,41.10268710972078,ssp370,miroc6
130,2080,40.88248514217071,ssp370,miroc6
131,2081,38.603841989278294,ssp370,miroc6
132,2082,43.476883391194846,ssp370,miroc6
133,2083,36.385317177647316,ssp370,miroc6
134,2084,35.695263482557245,ssp370,miroc6
135,2085,41.780198753471204,ssp370,miroc6
136,2086,36.783132575088175,ssp370,miroc6
137,2087,41.71364212762038,ssp370,miroc6
138,2088,39.54318982529396,ssp370,miroc6
139,2089,38.01696998262328,ssp370,miroc6
140,2090,42.13692765300758,ssp370,miroc6
141,2091,40.259748639934905,ssp370,miroc6
142,2092,44.045958593084364,ssp370,miroc6
143,2093,40.713186041922974,ssp370,miroc6
144,2094,44.82708931478271,ssp370,miroc6
145,2095,44.673482367044414,ssp370,miroc6
146,2096,40.19024757525073,ssp370,miroc6
147,2097,41.09785405403857,ssp370,miroc6
148,2098,43.08859117902288,ssp370,miroc6
149,2099,42.04508629647413,ssp370,miroc6
150,2100,38.05149533674006,ssp370,miroc6
