,year,avg_djf_temp_f,scenario,model
0,1950,,ssp585,inm-cm4-8
1,1951,31.346167419006413,ssp585,inm-cm4-8
2,1952,35.360872598469925,ssp585,inm-cm4-8
3,1953,30.441578464123708,ssp585,inm-cm4-8
4,1954,27.536139887539925,ssp585,inm-cm4-8
5,1955,35.8363969125752,ssp585,inm-cm4-8
6,1956,27.337304855045517,ssp585,inm-cm4-8
7,1957,30.884033882431456,ssp585,inm-cm4-8
8,1958,29.01199406604235,ssp585,inm-cm4-8
9,1959,32.59266108661466,ssp585,inm-cm4-8
10,1960,30.176417319206582,ssp585,inm-cm4-8
11,1961,34.74109810169574,ssp585,inm-cm4-8
12,1962,34.0148001141935,ssp585,inm-cm4-8
13,1963,33.19250874324816,ssp585,inm-cm4-8
14,1964,29.364373170120523,ssp585,inm-cm4-8
15,1965,29.070838501140084,ssp585,inm-cm4-8
16,1966,29.46981919408257,ssp585,inm-cm4-8
17,1967,26.25076406137104,ssp585,inm-cm4-8
18,1968,29.0215727728424,ssp585,inm-cm4-8
19,1969,32.18524754981019,ssp585,inm-cm4-8
20,1970,31.66268061702421,ssp585,inm-cm4-8
21,1971,33.305443367890874,ssp585,inm-cm4-8
22,1972,35.21227363627475,ssp585,inm-cm4-8
23,1973,26.35972372470359,ssp585,inm-cm4-8
24,1974,29.70103252255655,ssp585,inm-cm4-8
25,1975,31.59656814295016,ssp585,inm-cm4-8
26,1976,30.52865320140301,ssp585,inm-cm4-8
27,1977,32.31203922113924,ssp585,inm-cm4-8
28,1978,30.970518057828336,ssp585,inm-cm4-8
29,1979,26.701039808975626,ssp585,inm-cm4-8
30,1980,31.22215957362603,ssp585,inm-cm4-8
31,1981,30.49169454301822,ssp585,inm-cm4-8
32,1982,32.80761356281441,ssp585,inm-cm4-8
33,1983,30.674972334468073,ssp585,inm-cm4-8
34,1984,29.027588056634254,ssp585,inm-cm4-8
35,1985,26.3377574773222,ssp585,inm-cm4-8
36,1986,31.224775667905188,ssp585,inm-cm4-8
37,1987,33.75007130736017,ssp585,inm-cm4-8
38,1988,28.828144303260753,ssp585,inm-cm4-8
39,1989,32.61568132783951,ssp585,inm-cm4-8
40,1990,31.673234831049818,ssp585,inm-cm4-8
41,1991,32.25302065259271,ssp585,inm-cm4-8
42,1992,34.93501496509059,ssp585,inm-cm4-8
43,1993,28.558985069787447,ssp585,inm-cm4-8
44,1994,30.470943170928667,ssp585,inm-cm4-8
45,1995,33.74091029455223,ssp585,inm-cm4-8
46,1996,29.45860624363641,ssp585,inm-cm4-8
47,1997,28.517880890178105,ssp585,inm-cm4-8
48,1998,31.966170194122018,ssp585,inm-cm4-8
49,1999,30.95331051073261,ssp585,inm-cm4-8
50,2000,33.52573710374155,ssp585,inm-cm4-8
51,2001,33.752862400888525,ssp585,inm-cm4-8
52,2002,34.14605399405318,ssp585,inm-cm4-8
53,2003,33.29305377896051,ssp585,inm-cm4-8
54,2004,30.54983426046779,ssp585,inm-cm4-8
55,2005,29.624576512255246,ssp585,inm-cm4-8
56,2006,32.54535407359328,ssp585,inm-cm4-8
57,2007,27.640362459721185,ssp585,inm-cm4-8
58,2008,30.92622638787847,ssp585,inm-cm4-8
59,2009,33.862699206562986,ssp585,inm-cm4-8
60,2010,37.57333927274174,ssp585,inm-cm4-8
61,2011,30.99951626926869,ssp585,inm-cm4-8
62,2012,31.608718198608766,ssp585,inm-cm4-8
63,2013,35.72882859336154,ssp585,inm-cm4-8
64,2014,31.980585609758414,ssp585,inm-cm4-8
65,2015,29.245393811445407,ssp585,inm-cm4-8
66,2016,33.57777244888287,ssp585,inm-cm4-8
67,2017,37.27321533944841,ssp585,inm-cm4-8
68,2018,28.941043468674238,ssp585,inm-cm4-8
69,2019,34.060923956433015,ssp585,inm-cm4-8
70,2020,35.18583720388413,ssp585,inm-cm4-8
71,2021,30.741846622705665,ssp585,inm-cm4-8
72,2022,29.319747190734567,ssp585,inm-cm4-8
73,2023,27.130955602402015,ssp585,inm-cm4-8
74,2024,36.464091088960835,ssp585,inm-cm4-8
75,2025,33.99438321011752,ssp585,inm-cm4-8
76,2026,32.55606754456571,ssp585,inm-cm4-8
77,2027,32.38037384257376,ssp585,inm-cm4-8
78,2028,37.129955467985454,ssp585,inm-cm4-8
79,2029,34.76163304784408,ssp585,inm-cm4-8
80,2030,34.135103617136004,ssp585,inm-cm4-8
81,2031,33.59874943374285,ssp585,inm-cm4-8
82,2032,34.82003426191882,ssp585,inm-cm4-8
83,2033,35.68133317643867,ssp585,inm-cm4-8
84,2034,35.7089393291751,ssp585,inm-cm4-8
85,2035,35.96833364437541,ssp585,inm-cm4-8
86,2036,33.40906535996351,ssp585,inm-cm4-8
87,2037,36.263491274117165,ssp585,inm-cm4-8
88,2038,34.795339535136286,ssp585,inm-cm4-8
89,2039,34.49943776604628,ssp585,inm-cm4-8
90,2040,34.348865255507256,ssp585,inm-cm4-8
91,2041,35.5983809667189,ssp585,inm-cm4-8
92,2042,40.585411104909966,ssp585,inm-cm4-8
93,2043,37.80204333528871,ssp585,inm-cm4-8
94,2044,39.482476509763835,ssp585,inm-cm4-8
95,2045,34.0039921334012,ssp585,inm-cm4-8
96,2046,41.92612609869541,ssp585,inm-cm4-8
97,2047,35.23224691396232,ssp585,inm-cm4-8
98,2048,35.50884547409548,ssp585,inm-cm4-8
99,2049,35.889336771921705,ssp585,inm-cm4-8
100,2050,33.24733033822779,ssp585,inm-cm4-8
101,2051,39.697806030882084,ssp585,inm-cm4-8
102,2052,32.641880378591246,ssp585,inm-cm4-8
103,2053,36.26393347833764,ssp585,inm-cm4-8
104,2054,35.0456102966871,ssp585,inm-cm4-8
105,2055,36.46857031938674,ssp585,inm-cm4-8
106,2056,38.37043138413013,ssp585,inm-cm4-8
107,2057,37.859148330219796,ssp585,inm-cm4-8
108,2058,39.31306167427421,ssp585,inm-cm4-8
109,2059,36.817433752076056,ssp585,inm-cm4-8
110,2060,35.67965989841289,ssp585,inm-cm4-8
111,2061,39.60592209056949,ssp585,inm-cm4-8
112,2062,37.02552990657717,ssp585,inm-cm4-8
113,2063,31.2708495300963,ssp585,inm-cm4-8
114,2064,42.62667204782611,ssp585,inm-cm4-8
115,2065,35.55960043339309,ssp585,inm-cm4-8
116,2066,39.28998780648599,ssp585,inm-cm4-8
117,2067,41.63494145303742,ssp585,inm-cm4-8
118,2068,36.33749431804975,ssp585,inm-cm4-8
119,2069,34.187825421959126,ssp585,inm-cm4-8
120,2070,41.01131232541163,ssp585,inm-cm4-8
121,2071,38.65974016853154,ssp585,inm-cm4-8
122,2072,36.7546183289461,ssp585,inm-cm4-8
123,2073,40.69883544125653,ssp585,inm-cm4-8
124,2074,40.47054969063001,ssp585,inm-cm4-8
125,2075,39.607839970122775,ssp585,inm-cm4-8
126,2076,39.682966663153564,ssp585,inm-cm4-8
127,2077,38.56203286582803,ssp585,inm-cm4-8
128,2078,40.133438790130036,ssp585,inm-cm4-8
129,2079,38.24265815053255,ssp585,inm-cm4-8
130,2080,42.18739038077637,ssp585,inm-cm4-8
131,2081,40.3523223228067,ssp585,inm-cm4-8
132,2082,33.28141035222122,ssp585,inm-cm4-8
133,2083,41.58743061576261,ssp585,inm-cm4-8
134,2084,38.11066435156175,ssp585,inm-cm4-8
135,2085,37.61295786931271,ssp585,inm-cm4-8
136,2086,38.432578625072445,ssp585,inm-cm4-8
137,2087,40.998337301208345,ssp585,inm-cm4-8
138,2088,39.096463871971075,ssp585,inm-cm4-8
139,2089,42.49903060502472,ssp585,inm-cm4-8
140,2090,40.51599111219675,ssp585,inm-cm4-8
141,2091,38.906657179296246,ssp585,inm-cm4-8
142,2092,40.82280711825951,ssp585,inm-cm4-8
143,2093,42.2308845408022,ssp585,inm-cm4-8
144,2094,38.69076231955918,ssp585,inm-cm4-8
145,2095,41.51962501965716,ssp585,inm-cm4-8
146,2096,37.85184044039214,ssp585,inm-cm4-8
147,2097,41.549448031809995,ssp585,inm-cm4-8
148,2098,41.45263345771695,ssp585,inm-cm4-8
149,2099,40.24607709279308,ssp585,inm-cm4-8
150,2100,39.182771024944905,ssp585,inm-cm4-8
0,1950,,ssp585,canesm5
1,1951,31.59411427565298,ssp585,canesm5
2,1952,28.18372672676083,ssp585,canesm5
3,1953,34.56361207455572,ssp585,canesm5
4,1954,30.807374341388336,ssp585,canesm5
5,1955,30.5166438772179,ssp585,canesm5
6,1956,31.321870363594773,ssp585,canesm5
7,1957,29.39941295525003,ssp585,canesm5
8,1958,29.661297132085178,ssp585,canesm5
9,1959,31.797286774350383,ssp585,canesm5
10,1960,32.40549533020449,ssp585,canesm5
11,1961,31.274136607276027,ssp585,canesm5
12,1962,30.91092849872379,ssp585,canesm5
13,1963,31.917280127473106,ssp585,canesm5
14,1964,26.18149162135103,ssp585,canesm5
15,1965,32.40082845990567,ssp585,canesm5
16,1966,27.364729130048467,ssp585,canesm5
17,1967,27.948441955786993,ssp585,canesm5
18,1968,33.22794104525477,ssp585,canesm5
19,1969,30.30609177155703,ssp585,canesm5
20,1970,29.433534158230813,ssp585,canesm5
21,1971,30.133493005630996,ssp585,canesm5
22,1972,30.18891545614296,ssp585,canesm5
23,1973,29.72723123705566,ssp585,canesm5
24,1974,27.22874263508248,ssp585,canesm5
25,1975,30.963861935283184,ssp585,canesm5
26,1976,35.12311444644765,ssp585,canesm5
27,1977,32.39267942185352,ssp585,canesm5
28,1978,27.746104005987213,ssp585,canesm5
29,1979,32.00796401757634,ssp585,canesm5
30,1980,32.30167224973983,ssp585,canesm5
31,1981,29.259010755086024,ssp585,canesm5
32,1982,28.48011153795463,ssp585,canesm5
33,1983,31.15836912613549,ssp585,canesm5
34,1984,31.907035785237987,ssp585,canesm5
35,1985,31.79589676661894,ssp585,canesm5
36,1986,31.627094339198862,ssp585,canesm5
37,1987,31.425851484380924,ssp585,canesm5
38,1988,31.94214397465339,ssp585,canesm5
39,1989,31.526504369586693,ssp585,canesm5
40,1990,30.40835433025739,ssp585,canesm5
41,1991,28.62657274652421,ssp585,canesm5
42,1992,31.24283705943134,ssp585,canesm5
43,1993,31.35009878447339,ssp585,canesm5
44,1994,33.32349929039483,ssp585,canesm5
45,1995,31.033819350587372,ssp585,canesm5
46,1996,31.767104084189068,ssp585,canesm5
47,1997,33.99437613519048,ssp585,canesm5
48,1998,31.53091012593349,ssp585,canesm5
49,1999,32.22409890256119,ssp585,canesm5
50,2000,32.82559361473374,ssp585,canesm5
51,2001,34.77047569190811,ssp585,canesm5
52,2002,29.76902469405337,ssp585,canesm5
53,2003,28.65805534000103,ssp585,canesm5
54,2004,36.15275781826324,ssp585,canesm5
55,2005,32.914116490933246,ssp585,canesm5
56,2006,31.84212758239343,ssp585,canesm5
57,2007,32.57124730932675,ssp585,canesm5
58,2008,30.130866980465512,ssp585,canesm5
59,2009,32.05251312174538,ssp585,canesm5
60,2010,30.325233022252878,ssp585,canesm5
61,2011,29.531938483458227,ssp585,canesm5
62,2012,30.397869839603533,ssp585,canesm5
63,2013,33.0764491539759,ssp585,canesm5
64,2014,34.839451665840706,ssp585,canesm5
65,2015,35.4867786413636,ssp585,canesm5
66,2016,33.88989391795212,ssp585,canesm5
67,2017,31.796049618909983,ssp585,canesm5
68,2018,28.29128172866387,ssp585,canesm5
69,2019,33.94855603151496,ssp585,canesm5
70,2020,35.24181376750451,ssp585,canesm5
71,2021,34.47463385849005,ssp585,canesm5
72,2022,36.90859616737139,ssp585,canesm5
73,2023,32.209654989885095,ssp585,canesm5
74,2024,34.33104283401504,ssp585,canesm5
75,2025,36.45065921369822,ssp585,canesm5
76,2026,34.43311566301981,ssp585,canesm5
77,2027,33.800389706014016,ssp585,canesm5
78,2028,35.47304801453362,ssp585,canesm5
79,2029,36.32713376683431,ssp585,canesm5
80,2030,37.06457291867493,ssp585,canesm5
81,2031,35.97080351969796,ssp585,canesm5
82,2032,35.207320100084566,ssp585,canesm5
83,2033,37.25159686266918,ssp585,canesm5
84,2034,38.12525067038798,ssp585,canesm5
85,2035,41.330645163298925,ssp585,canesm5
86,2036,34.16556742774671,ssp585,canesm5
87,2037,38.051094666193414,ssp585,canesm5
88,2038,37.462103185775725,ssp585,canesm5
89,2039,36.859571828618435,ssp585,canesm5
90,2040,34.54002726294998,ssp585,canesm5
91,2041,39.28501150362315,ssp585,canesm5
92,2042,41.887510622586596,ssp585,canesm5
93,2043,37.91568272596131,ssp585,canesm5
94,2044,36.90188364947014,ssp585,canesm5
95,2045,39.987997242238706,ssp585,canesm5
96,2046,37.86100949827116,ssp585,canesm5
97,2047,38.05837068114898,ssp585,canesm5
98,2048,40.0053157457864,ssp585,canesm5
99,2049,40.57902648788422,ssp585,canesm5
100,2050,38.04243215722612,ssp585,canesm5
101,2051,40.538536938041275,ssp585,canesm5
102,2052,35.62219155156175,ssp585,canesm5
103,2053,36.93993421400314,ssp585,canesm5
104,2054,40.97489894890096,ssp585,canesm5
105,2055,34.213188362697416,ssp585,canesm5
106,2056,36.74316185352707,ssp585,canesm5
107,2057,41.6670014730889,ssp585,canesm5
108,2058,42.219440138584886,ssp585,canesm5
109,2059,43.03657143767409,ssp585,canesm5
110,2060,38.182301157834274,ssp585,canesm5
111,2061,41.31440890546561,ssp585,canesm5
112,2062,41.971630272966564,ssp585,canesm5
113,2063,41.401693271310506,ssp585,canesm5
114,2064,43.21769620843889,ssp585,canesm5
115,2065,42.88694519251632,ssp585,canesm5
116,2066,42.20949076166533,ssp585,canesm5
117,2067,39.484530810574654,ssp585,canesm5
118,2068,41.95706483782712,ssp585,canesm5
119,2069,41.65218521231962,ssp585,canesm5
120,2070,40.992944973397385,ssp585,canesm5
121,2071,40.63648974933707,ssp585,canesm5
122,2072,41.85289144648105,ssp585,canesm5
123,2073,46.81236194657325,ssp585,canesm5
124,2074,41.990748028362916,ssp585,canesm5
125,2075,39.825413701439736,ssp585,canesm5
126,2076,39.89897106296869,ssp585,canesm5
127,2077,41.597951011581976,ssp585,canesm5
128,2078,43.19850807976057,ssp585,canesm5
129,2079,46.791109441094626,ssp585,canesm5
130,2080,45.34389686569,ssp585,canesm5
131,2081,42.07182700171439,ssp585,canesm5
132,2082,44.84200992187996,ssp585,canesm5
133,2083,45.25964214423111,ssp585,canesm5
134,2084,43.78383688929143,ssp585,canesm5
135,2085,45.645321773324085,ssp585,canesm5
136,2086,45.29528488596718,ssp585,canesm5
137,2087,44.74341495101004,ssp585,canesm5
138,2088,46.593998017382994,ssp585,canesm5
139,2089,43.609942550048665,ssp585,canesm5
140,2090,45.538145769454175,ssp585,canesm5
141,2091,45.50732573144815,ssp585,canesm5
142,2092,44.5273662215311,ssp585,canesm5
143,2093,45.8230227728033,ssp585,canesm5
144,2094,45.59752761756639,ssp585,canesm5
145,2095,45.304229678738785,ssp585,canesm5
146,2096,50.033794868513105,ssp585,canesm5
147,2097,47.727056947214685,ssp585,canesm5
148,2098,50.108252960919025,ssp585,canesm5
149,2099,47.670681106615525,ssp585,canesm5
150,2100,47.461188808761214,ssp585,canesm5
0,1950,,ssp585,noresm2-lm
1,1951,29.110695047982805,ssp585,noresm2-lm
2,1952,30.364570116704527,ssp585,noresm2-lm
3,1953,30.88582546627945,ssp585,noresm2-lm
4,1954,29.89648351025975,ssp585,noresm2-lm
5,1955,30.898075685733346,ssp585,noresm2-lm
6,1956,32.98468437247145,ssp585,noresm2-lm
7,1957,35.14578719325687,ssp585,noresm2-lm
8,1958,31.33927690244216,ssp585,noresm2-lm
9,1959,33.76977639305728,ssp585,noresm2-lm
10,1960,34.32150177317027,ssp585,noresm2-lm
11,1961,28.983471119823776,ssp585,noresm2-lm
12,1962,29.69690938033039,ssp585,noresm2-lm
13,1963,29.136256107711333,ssp585,noresm2-lm
14,1964,29.12124052905429,ssp585,noresm2-lm
15,1965,28.897007064104255,ssp585,noresm2-lm
16,1966,31.302919674245455,ssp585,noresm2-lm
17,1967,29.8632780402334,ssp585,noresm2-lm
18,1968,31.956528151324726,ssp585,noresm2-lm
19,1969,30.108657675734182,ssp585,noresm2-lm
20,1970,31.051121546732084,ssp585,noresm2-lm
21,1971,32.36254096245843,ssp585,noresm2-lm
22,1972,32.235133588886924,ssp585,noresm2-lm
23,1973,30.80527148058602,ssp585,noresm2-lm
24,1974,24.428834804793134,ssp585,noresm2-lm
25,1975,28.480266755013496,ssp585,noresm2-lm
26,1976,32.2791394261585,ssp585,noresm2-lm
27,1977,26.055470543860544,ssp585,noresm2-lm
28,1978,33.306878245209624,ssp585,noresm2-lm
29,1979,30.57972560903931,ssp585,noresm2-lm
30,1980,25.8649725217593,ssp585,noresm2-lm
31,1981,31.77048834310317,ssp585,noresm2-lm
32,1982,29.131203286921863,ssp585,noresm2-lm
33,1983,32.91176757684558,ssp585,noresm2-lm
34,1984,28.65237325530699,ssp585,noresm2-lm
35,1985,33.5709280141114,ssp585,noresm2-lm
36,1986,30.827976176817817,ssp585,noresm2-lm
37,1987,30.742305045047665,ssp585,noresm2-lm
38,1988,33.34526325818355,ssp585,noresm2-lm
39,1989,29.941219213490317,ssp585,noresm2-lm
40,1990,30.451533487213435,ssp585,noresm2-lm
41,1991,28.68698050634731,ssp585,noresm2-lm
42,1992,31.792092526957536,ssp585,noresm2-lm
43,1993,29.449399618749172,ssp585,noresm2-lm
44,1994,32.10836645811395,ssp585,noresm2-lm
45,1995,30.11051202673021,ssp585,noresm2-lm
46,1996,32.71711288491113,ssp585,noresm2-lm
47,1997,33.68358179753171,ssp585,noresm2-lm
48,1998,34.598663641076534,ssp585,noresm2-lm
49,1999,32.722474525306716,ssp585,noresm2-lm
50,2000,34.8530650041905,ssp585,noresm2-lm
51,2001,30.18241526410201,ssp585,noresm2-lm
52,2002,31.484205325885508,ssp585,noresm2-lm
53,2003,35.52980599653633,ssp585,noresm2-lm
54,2004,33.508726149672476,ssp585,noresm2-lm
55,2005,27.864365829559173,ssp585,noresm2-lm
56,2006,35.825682060542164,ssp585,noresm2-lm
57,2007,33.23894114188749,ssp585,noresm2-lm
58,2008,33.69921801168892,ssp585,noresm2-lm
59,2009,29.74207094975469,ssp585,noresm2-lm
60,2010,31.81489004071178,ssp585,noresm2-lm
61,2011,32.75073314712685,ssp585,noresm2-lm
62,2012,35.34101317094247,ssp585,noresm2-lm
63,2013,30.33735482606877,ssp585,noresm2-lm
64,2014,30.44207983536268,ssp585,noresm2-lm
65,2015,34.894073122783894,ssp585,noresm2-lm
66,2016,36.56940355802932,ssp585,noresm2-lm
67,2017,33.038732624614035,ssp585,noresm2-lm
68,2018,35.443512403601105,ssp585,noresm2-lm
69,2019,37.14501994142559,ssp585,noresm2-lm
70,2020,35.62466745090872,ssp585,noresm2-lm
71,2021,30.781500946126194,ssp585,noresm2-lm
72,2022,33.579931252023364,ssp585,noresm2-lm
73,2023,28.410230552146675,ssp585,noresm2-lm
74,2024,31.52257515274806,ssp585,noresm2-lm
75,2025,32.42296512940583,ssp585,noresm2-lm
76,2026,30.49841787453349,ssp585,noresm2-lm
77,2027,33.66583873642153,ssp585,noresm2-lm
78,2028,35.999987360237014,ssp585,noresm2-lm
79,2029,36.34191357037844,ssp585,noresm2-lm
80,2030,34.15859682011394,ssp585,noresm2-lm
81,2031,34.248851028395094,ssp585,noresm2-lm
82,2032,34.915208353302845,ssp585,noresm2-lm
83,2033,38.80715409106561,ssp585,noresm2-lm
84,2034,33.29149195811633,ssp585,noresm2-lm
85,2035,37.447606490806024,ssp585,noresm2-lm
86,2036,41.002399512338904,ssp585,noresm2-lm
87,2037,37.90801648955476,ssp585,noresm2-lm
88,2038,32.865253527675534,ssp585,noresm2-lm
89,2039,37.01612283770009,ssp585,noresm2-lm
90,2040,37.898609044605706,ssp585,noresm2-lm
91,2041,33.78129126998911,ssp585,noresm2-lm
92,2042,31.48679898015868,ssp585,noresm2-lm
93,2043,30.250811266966256,ssp585,noresm2-lm
94,2044,38.65971496582929,ssp585,noresm2-lm
95,2045,37.05130146705958,ssp585,noresm2-lm
96,2046,34.80443500235938,ssp585,noresm2-lm
97,2047,35.40528355484175,ssp585,noresm2-lm
98,2048,32.56944470031512,ssp585,noresm2-lm
99,2049,34.973774402156046,ssp585,noresm2-lm
100,2050,34.37781513833789,ssp585,noresm2-lm
101,2051,37.62216914085754,ssp585,noresm2-lm
102,2052,37.917423627551585,ssp585,noresm2-lm
103,2053,37.38580738875937,ssp585,noresm2-lm
104,2054,32.34798642859354,ssp585,noresm2-lm
105,2055,36.361754057444465,ssp585,noresm2-lm
106,2056,37.37148971035014,ssp585,noresm2-lm
107,2057,39.45847882682984,ssp585,noresm2-lm
108,2058,39.9633295844204,ssp585,noresm2-lm
109,2059,36.5885535149919,ssp585,noresm2-lm
110,2060,42.146658663695995,ssp585,noresm2-lm
111,2061,39.29776518856843,ssp585,noresm2-lm
112,2062,38.447320341917795,ssp585,noresm2-lm
113,2063,40.21070817886517,ssp585,noresm2-lm
114,2064,36.660502108296505,ssp585,noresm2-lm
115,2065,40.28950313774497,ssp585,noresm2-lm
116,2066,41.782615201118055,ssp585,noresm2-lm
117,2067,36.35846782036293,ssp585,noresm2-lm
118,2068,36.593907463895846,ssp585,noresm2-lm
119,2069,42.40939533156505,ssp585,noresm2-lm
120,2070,37.6660500741368,ssp585,noresm2-lm
121,2071,41.77101302231469,ssp585,noresm2-lm
122,2072,36.8337631794821,ssp585,noresm2-lm
123,2073,41.34718419713191,ssp585,noresm2-lm
124,2074,38.11932718647235,ssp585,noresm2-lm
125,2075,42.276680039416654,ssp585,noresm2-lm
126,2076,39.49709517523414,ssp585,noresm2-lm
127,2077,41.43757327544416,ssp585,noresm2-lm
128,2078,39.38606417665757,ssp585,noresm2-lm
129,2079,40.709611182067796,ssp585,noresm2-lm
130,2080,44.002902476798745,ssp585,noresm2-lm
131,2081,38.72589988426491,ssp585,noresm2-lm
132,2082,39.55057608260603,ssp585,noresm2-lm
133,2083,45.29422751710604,ssp585,noresm2-lm
134,2084,40.424899810167005,ssp585,noresm2-lm
135,2085,38.849589292008886,ssp585,noresm2-lm
136,2086,36.45517024583084,ssp585,noresm2-lm
137,2087,38.675422984227914,ssp585,noresm2-lm
138,2088,43.56885628083132,ssp585,noresm2-lm
139,2089,39.208447990025206,ssp585,noresm2-lm
140,2090,38.749231689160325,ssp585,noresm2-lm
141,2091,41.95142992049803,ssp585,noresm2-lm
142,2092,40.91103144709369,ssp585,noresm2-lm
143,2093,43.23364220578652,ssp585,noresm2-lm
144,2094,41.63502578597907,ssp585,noresm2-lm
145,2095,43.00854317380514,ssp585,noresm2-lm
146,2096,41.84941426758736,ssp585,noresm2-lm
147,2097,41.30421122675336,ssp585,noresm2-lm
148,2098,43.49583877588186,ssp585,noresm2-lm
149,2099,41.71673117645146,ssp585,noresm2-lm
150,2100,43.449937453880636,ssp585,noresm2-lm
0,1950,,ssp585,access-esm1-5
1,1951,30.862879718915664,ssp585,access-esm1-5
2,1952,32.25570676663705,ssp585,access-esm1-5
3,1953,32.37907111277202,ssp585,access-esm1-5
4,1954,32.49688088937078,ssp585,access-esm1-5
5,1955,30.779374948971444,ssp585,access-esm1-5
6,1956,28.253238557619557,ssp585,access-esm1-5
7,1957,32.19578046472799,ssp585,access-esm1-5
8,1958,32.44745600885415,ssp585,access-esm1-5
9,1959,30.66308478885575,ssp585,access-esm1-5
10,1960,30.42235936367522,ssp585,access-esm1-5
11,1961,29.58922159174633,ssp585,access-esm1-5
12,1962,31.148455566830513,ssp585,access-esm1-5
13,1963,30.254659044559045,ssp585,access-esm1-5
14,1964,30.285135026251645,ssp585,access-esm1-5
15,1965,29.402155760455464,ssp585,access-esm1-5
16,1966,30.0407894326046,ssp585,access-esm1-5
17,1967,31.307996797960467,ssp585,access-esm1-5
18,1968,28.858221552420336,ssp585,access-esm1-5
19,1969,27.076486152915358,ssp585,access-esm1-5
20,1970,33.759163303965686,ssp585,access-esm1-5
21,1971,34.76135688914133,ssp585,access-esm1-5
22,1972,31.30480176861233,ssp585,access-esm1-5
23,1973,28.857947864980197,ssp585,access-esm1-5
24,1974,30.248841676548555,ssp585,access-esm1-5
25,1975,33.00153106026018,ssp585,access-esm1-5
26,1976,29.24507014345273,ssp585,access-esm1-5
27,1977,28.80708092035156,ssp585,access-esm1-5
28,1978,34.43027803266766,ssp585,access-esm1-5
29,1979,31.781528166379204,ssp585,access-esm1-5
30,1980,31.623102824851046,ssp585,access-esm1-5
31,1981,28.44189363601195,ssp585,access-esm1-5
32,1982,31.985402802446774,ssp585,access-esm1-5
33,1983,29.677719317979978,ssp585,access-esm1-5
34,1984,29.584925247231066,ssp585,access-esm1-5
35,1985,33.00289168123083,ssp585,access-esm1-5
36,1986,32.830698376309606,ssp585,access-esm1-5
37,1987,29.75991350518143,ssp585,access-esm1-5
38,1988,29.343494958733338,ssp585,access-esm1-5
39,1989,30.098120227598276,ssp585,access-esm1-5
40,1990,29.50147150795513,ssp585,access-esm1-5
41,1991,33.68632366059897,ssp585,access-esm1-5
42,1992,29.63387609417788,ssp585,access-esm1-5
43,1993,31.52148905493564,ssp585,access-esm1-5
44,1994,31.145245044810363,ssp585,access-esm1-5
45,1995,31.143545776923606,ssp585,access-esm1-5
46,1996,34.66494109550666,ssp585,access-esm1-5
47,1997,32.97876737961964,ssp585,access-esm1-5
48,1998,30.06054759721239,ssp585,access-esm1-5
49,1999,33.02613530771721,ssp585,access-esm1-5
50,2000,33.174221143740304,ssp585,access-esm1-5
51,2001,31.64332862994725,ssp585,access-esm1-5
52,2002,30.763063099696534,ssp585,access-esm1-5
53,2003,33.962998782357,ssp585,access-esm1-5
54,2004,34.592297609185394,ssp585,access-esm1-5
55,2005,32.32559376258197,ssp585,access-esm1-5
56,2006,33.78325779650201,ssp585,access-esm1-5
57,2007,32.156682409122034,ssp585,access-esm1-5
58,2008,32.214026403190374,ssp585,access-esm1-5
59,2009,33.42543748871885,ssp585,access-esm1-5
60,2010,33.46904392657558,ssp585,access-esm1-5
61,2011,33.62045902944267,ssp585,access-esm1-5
62,2012,36.47912438073663,ssp585,access-esm1-5
63,2013,30.545317965473387,ssp585,access-esm1-5
64,2014,27.971445274708916,ssp585,access-esm1-5
65,2015,34.605376246835434,ssp585,access-esm1-5
66,2016,34.2043513794957,ssp585,access-esm1-5
67,2017,32.10581878269059,ssp585,access-esm1-5
68,2018,36.49118952027496,ssp585,access-esm1-5
69,2019,35.951388638445636,ssp585,access-esm1-5
70,2020,33.83937449712841,ssp585,access-esm1-5
71,2021,32.380572805460275,ssp585,access-esm1-5
72,2022,32.45060223485369,ssp585,access-esm1-5
73,2023,35.11103782761747,ssp585,access-esm1-5
74,2024,35.90219848628481,ssp585,access-esm1-5
75,2025,34.44251371301831,ssp585,access-esm1-5
76,2026,31.55987636362757,ssp585,access-esm1-5
77,2027,36.019685176777024,ssp585,access-esm1-5
78,2028,38.37371196006684,ssp585,access-esm1-5
79,2029,34.822768695035414,ssp585,access-esm1-5
80,2030,35.47327075247567,ssp585,access-esm1-5
81,2031,31.978541903784052,ssp585,access-esm1-5
82,2032,37.52525597973615,ssp585,access-esm1-5
83,2033,36.64626168643146,ssp585,access-esm1-5
84,2034,35.39176697712766,ssp585,access-esm1-5
85,2035,35.276649221374896,ssp585,access-esm1-5
86,2036,35.958503036466965,ssp585,access-esm1-5
87,2037,34.46862239421233,ssp585,access-esm1-5
88,2038,32.3807832247419,ssp585,access-esm1-5
89,2039,38.292564366302514,ssp585,access-esm1-5
90,2040,36.32424628280742,ssp585,access-esm1-5
91,2041,34.781749562364475,ssp585,access-esm1-5
92,2042,34.42156879003432,ssp585,access-esm1-5
93,2043,37.0960275836534,ssp585,access-esm1-5
94,2044,31.636177127356213,ssp585,access-esm1-5
95,2045,35.53054655130695,ssp585,access-esm1-5
96,2046,39.36084304346299,ssp585,access-esm1-5
97,2047,37.152262745054294,ssp585,access-esm1-5
98,2048,35.34782469228623,ssp585,access-esm1-5
99,2049,35.84397611334622,ssp585,access-esm1-5
100,2050,35.81616778651722,ssp585,access-esm1-5
101,2051,35.14459868378806,ssp585,access-esm1-5
102,2052,35.68377376149655,ssp585,access-esm1-5
103,2053,36.51058190653559,ssp585,access-esm1-5
104,2054,37.54189154775702,ssp585,access-esm1-5
105,2055,37.26894206260303,ssp585,access-esm1-5
106,2056,36.15217571900329,ssp585,access-esm1-5
107,2057,36.4470205441147,ssp585,access-esm1-5
108,2058,35.31054106184648,ssp585,access-esm1-5
109,2059,36.41929017039812,ssp585,access-esm1-5
110,2060,37.65641396401413,ssp585,access-esm1-5
111,2061,34.181914492719855,ssp585,access-esm1-5
112,2062,35.95064761833715,ssp585,access-esm1-5
113,2063,37.50725751813537,ssp585,access-esm1-5
114,2064,31.0243568920894,ssp585,access-esm1-5
115,2065,42.225533743846746,ssp585,access-esm1-5
116,2066,36.26938269052607,ssp585,access-esm1-5
117,2067,36.49388010666909,ssp585,access-esm1-5
118,2068,37.240006539894324,ssp585,access-esm1-5
119,2069,34.44662801569308,ssp585,access-esm1-5
120,2070,37.951269856175735,ssp585,access-esm1-5
121,2071,33.60481749488256,ssp585,access-esm1-5
122,2072,42.389112095144064,ssp585,access-esm1-5
123,2073,36.21541377629571,ssp585,access-esm1-5
124,2074,39.61455362111791,ssp585,access-esm1-5
125,2075,36.59914055375656,ssp585,access-esm1-5
126,2076,39.98980136523529,ssp585,access-esm1-5
127,2077,35.519558996471225,ssp585,access-esm1-5
128,2078,39.77401167698346,ssp585,access-esm1-5
129,2079,39.824387096749945,ssp585,access-esm1-5
130,2080,34.241225236752946,ssp585,access-esm1-5
131,2081,41.226597127375804,ssp585,access-esm1-5
132,2082,43.275751128676674,ssp585,access-esm1-5
133,2083,38.97480742108532,ssp585,access-esm1-5
134,2084,38.92048852882643,ssp585,access-esm1-5
135,2085,39.043516092147435,ssp585,access-esm1-5
136,2086,36.40806853764277,ssp585,access-esm1-5
137,2087,40.825717116428756,ssp585,access-esm1-5
138,2088,34.65023759325533,ssp585,access-esm1-5
139,2089,38.37389673964829,ssp585,access-esm1-5
140,2090,41.0833065546391,ssp585,access-esm1-5
141,2091,39.30385907196423,ssp585,access-esm1-5
142,2092,41.69868690855246,ssp585,access-esm1-5
143,2093,38.67439245334072,ssp585,access-esm1-5
144,2094,41.192761517259555,ssp585,access-esm1-5
145,2095,36.931032607611954,ssp585,access-esm1-5
146,2096,37.93143426124506,ssp585,access-esm1-5
147,2097,36.74718032312635,ssp585,access-esm1-5
148,2098,42.2442431343219,ssp585,access-esm1-5
149,2099,40.41336417834448,ssp585,access-esm1-5
150,2100,40.70990500450969,ssp585,access-esm1-5
0,1950,,ssp585,fgoals-g3
1,1951,31.355794170968164,ssp585,fgoals-g3
2,1952,25.621313818413707,ssp585,fgoals-g3
3,1953,30.234330475904823,ssp585,fgoals-g3
4,1954,28.656303437520585,ssp585,fgoals-g3
5,1955,24.88635077882184,ssp585,fgoals-g3
6,1956,31.077851387239864,ssp585,fgoals-g3
7,1957,28.376142538493834,ssp585,fgoals-g3
8,1958,29.521063568925058,ssp585,fgoals-g3
9,1959,32.239968881843865,ssp585,fgoals-g3
10,1960,31.067415385154327,ssp585,fgoals-g3
11,1961,32.24978476679666,ssp585,fgoals-g3
12,1962,29.78849008882847,ssp585,fgoals-g3
13,1963,32.515887442861846,ssp585,fgoals-g3
14,1964,29.9905878919789,ssp585,fgoals-g3
15,1965,29.00920444562122,ssp585,fgoals-g3
16,1966,33.00445669519796,ssp585,fgoals-g3
17,1967,31.626882203664586,ssp585,fgoals-g3
18,1968,31.453249838472868,ssp585,fgoals-g3
19,1969,29.686135329550005,ssp585,fgoals-g3
20,1970,31.892613686354363,ssp585,fgoals-g3
21,1971,30.743905860965402,ssp585,fgoals-g3
22,1972,31.58036130686073,ssp585,fgoals-g3
23,1973,33.89329046093781,ssp585,fgoals-g3
24,1974,26.36008552849323,ssp585,fgoals-g3
25,1975,35.507947898209785,ssp585,fgoals-g3
26,1976,26.26928734122621,ssp585,fgoals-g3
27,1977,32.733690637879235,ssp585,fgoals-g3
28,1978,30.40841135386888,ssp585,fgoals-g3
29,1979,30.29873265346636,ssp585,fgoals-g3
30,1980,32.617629039041695,ssp585,fgoals-g3
31,1981,32.44227285694543,ssp585,fgoals-g3
32,1982,37.7886669021069,ssp585,fgoals-g3
33,1983,29.711507750881534,ssp585,fgoals-g3
34,1984,32.243401440355065,ssp585,fgoals-g3
35,1985,26.361451152845316,ssp585,fgoals-g3
36,1986,30.606674874352006,ssp585,fgoals-g3
37,1987,28.652831067396306,ssp585,fgoals-g3
38,1988,29.452979214173176,ssp585,fgoals-g3
39,1989,35.32186859199905,ssp585,fgoals-g3
40,1990,28.54393274653221,ssp585,fgoals-g3
41,1991,32.457283641787356,ssp585,fgoals-g3
42,1992,32.031550859745174,ssp585,fgoals-g3
43,1993,33.050100938235275,ssp585,fgoals-g3
44,1994,31.386968849377503,ssp585,fgoals-g3
45,1995,29.614491417931237,ssp585,fgoals-g3
46,1996,30.55097042325906,ssp585,fgoals-g3
47,1997,29.38510794516248,ssp585,fgoals-g3
48,1998,33.55643327473676,ssp585,fgoals-g3
49,1999,34.70325521913215,ssp585,fgoals-g3
50,2000,37.05784199126313,ssp585,fgoals-g3
51,2001,31.549946765364012,ssp585,fgoals-g3
52,2002,34.60574619324949,ssp585,fgoals-g3
53,2003,26.291666570708152,ssp585,fgoals-g3
54,2004,31.801957252887384,ssp585,fgoals-g3
55,2005,30.0738414504619,ssp585,fgoals-g3
56,2006,36.392901286446744,ssp585,fgoals-g3
57,2007,32.96382896198968,ssp585,fgoals-g3
58,2008,33.39232434858185,ssp585,fgoals-g3
59,2009,33.37153220907853,ssp585,fgoals-g3
60,2010,34.43874361148579,ssp585,fgoals-g3
61,2011,31.725105478338303,ssp585,fgoals-g3
62,2012,29.600793050349623,ssp585,fgoals-g3
63,2013,35.68591393676882,ssp585,fgoals-g3
64,2014,31.591337808461148,ssp585,fgoals-g3
65,2015,34.522494713271854,ssp585,fgoals-g3
66,2016,36.89143703102489,ssp585,fgoals-g3
67,2017,37.65386983700726,ssp585,fgoals-g3
68,2018,37.033986007457315,ssp585,fgoals-g3
69,2019,27.590368300417577,ssp585,fgoals-g3
70,2020,36.38450477049502,ssp585,fgoals-g3
71,2021,33.405703143178016,ssp585,fgoals-g3
72,2022,36.78182003885507,ssp585,fgoals-g3
73,2023,35.68688550676443,ssp585,fgoals-g3
74,2024,37.142510543348834,ssp585,fgoals-g3
75,2025,35.158972354524465,ssp585,fgoals-g3
76,2026,34.99534724288752,ssp585,fgoals-g3
77,2027,36.05303263832933,ssp585,fgoals-g3
78,2028,28.51405111019372,ssp585,fgoals-g3
79,2029,35.384277380760814,ssp585,fgoals-g3
80,2030,37.65659968923221,ssp585,fgoals-g3
81,2031,33.647322493162676,ssp585,fgoals-g3
82,2032,34.90211467395039,ssp585,fgoals-g3
83,2033,34.06198286599948,ssp585,fgoals-g3
84,2034,33.02921648233547,ssp585,fgoals-g3
85,2035,35.493859599884644,ssp585,fgoals-g3
86,2036,31.65953213083253,ssp585,fgoals-g3
87,2037,35.95755341533197,ssp585,fgoals-g3
88,2038,36.09433479460383,ssp585,fgoals-g3
89,2039,38.68755534129033,ssp585,fgoals-g3
90,2040,35.57194707585953,ssp585,fgoals-g3
91,2041,32.20470796147891,ssp585,fgoals-g3
92,2042,33.45361578257287,ssp585,fgoals-g3
93,2043,34.24388124889834,ssp585,fgoals-g3
94,2044,37.83606257966176,ssp585,fgoals-g3
95,2045,37.74418761658781,ssp585,fgoals-g3
96,2046,34.293901337896024,ssp585,fgoals-g3
97,2047,37.27048930208192,ssp585,fgoals-g3
98,2048,38.51263575815812,ssp585,fgoals-g3
99,2049,34.615835220327945,ssp585,fgoals-g3
100,2050,36.040018807303866,ssp585,fgoals-g3
101,2051,36.446052848828515,ssp585,fgoals-g3
102,2052,34.905756585343006,ssp585,fgoals-g3
103,2053,35.54875646233651,ssp585,fgoals-g3
104,2054,39.325475568923615,ssp585,fgoals-g3
105,2055,35.74891003117337,ssp585,fgoals-g3
106,2056,41.42757194660888,ssp585,fgoals-g3
107,2057,37.5446185995772,ssp585,fgoals-g3
108,2058,37.13134881624962,ssp585,fgoals-g3
109,2059,38.68737804141664,ssp585,fgoals-g3
110,2060,37.22864350165488,ssp585,fgoals-g3
111,2061,39.54682781756425,ssp585,fgoals-g3
112,2062,39.955400079302535,ssp585,fgoals-g3
113,2063,37.03098302088022,ssp585,fgoals-g3
114,2064,37.186302293558704,ssp585,fgoals-g3
115,2065,34.95568828649232,ssp585,fgoals-g3
116,2066,39.30969142152194,ssp585,fgoals-g3
117,2067,38.80970943019484,ssp585,fgoals-g3
118,2068,36.67349285626961,ssp585,fgoals-g3
119,2069,41.26215482919971,ssp585,fgoals-g3
120,2070,39.437766678941415,ssp585,fgoals-g3
121,2071,38.3072991839653,ssp585,fgoals-g3
122,2072,39.39141555795167,ssp585,fgoals-g3
123,2073,34.921437967257766,ssp585,fgoals-g3
124,2074,36.53629294957776,ssp585,fgoals-g3
125,2075,36.79975412685723,ssp585,fgoals-g3
126,2076,36.707456690632156,ssp585,fgoals-g3
127,2077,40.655452412543184,ssp585,fgoals-g3
128,2078,38.05722418294598,ssp585,fgoals-g3
129,2079,37.67572299301121,ssp585,fgoals-g3
130,2080,39.7929409989257,ssp585,fgoals-g3
131,2081,41.842497763069645,ssp585,fgoals-g3
132,2082,41.72092514329496,ssp585,fgoals-g3
133,2083,41.52301571904921,ssp585,fgoals-g3
134,2084,38.42102942089187,ssp585,fgoals-g3
135,2085,39.791996917658395,ssp585,fgoals-g3
136,2086,35.80370760174821,ssp585,fgoals-g3
137,2087,39.32494295856972,ssp585,fgoals-g3
138,2088,39.49550940434856,ssp585,fgoals-g3
139,2089,40.93381657210004,ssp585,fgoals-g3
140,2090,38.5139100780293,ssp585,fgoals-g3
141,2091,39.80213328567816,ssp585,fgoals-g3
142,2092,41.24230748119996,ssp585,fgoals-g3
143,2093,40.49658628596192,ssp585,fgoals-g3
144,2094,40.98572962129868,ssp585,fgoals-g3
145,2095,40.70434072308635,ssp585,fgoals-g3
146,2096,45.274935199599156,ssp585,fgoals-g3
147,2097,43.10440257655696,ssp585,fgoals-g3
148,2098,39.60296474355609,ssp585,fgoals-g3
149,2099,40.311140342296156,ssp585,fgoals-g3
150,2100,40.93715900484488,ssp585,fgoals-g3
0,1950,,ssp585,bcc-csm2-mr
1,1951,33.44575137720985,ssp585,bcc-csm2-mr
2,1952,32.69227638387673,ssp585,bcc-csm2-mr
3,1953,31.512390027655254,ssp585,bcc-csm2-mr
4,1954,31.77283986684425,ssp585,bcc-csm2-mr
5,1955,32.21689906208993,ssp585,bcc-csm2-mr
6,1956,28.615977459342034,ssp585,bcc-csm2-mr
7,1957,32.255863203357094,ssp585,bcc-csm2-mr
8,1958,31.852189377661727,ssp585,bcc-csm2-mr
9,1959,33.05607268275922,ssp585,bcc-csm2-mr
10,1960,33.28414968561871,ssp585,bcc-csm2-mr
11,1961,28.644075024287257,ssp585,bcc-csm2-mr
12,1962,29.09246462830262,ssp585,bcc-csm2-mr
13,1963,32.04359922357658,ssp585,bcc-csm2-mr
14,1964,31.488477043548645,ssp585,bcc-csm2-mr
15,1965,28.184092834558438,ssp585,bcc-csm2-mr
16,1966,30.897062249940294,ssp585,bcc-csm2-mr
17,1967,29.541454129777655,ssp585,bcc-csm2-mr
18,1968,32.34859268399911,ssp585,bcc-csm2-mr
19,1969,29.20061717303562,ssp585,bcc-csm2-mr
20,1970,32.11228098509855,ssp585,bcc-csm2-mr
21,1971,31.721453514101245,ssp585,bcc-csm2-mr
22,1972,35.36151979122422,ssp585,bcc-csm2-mr
23,1973,30.46631972887884,ssp585,bcc-csm2-mr
24,1974,24.715488320684877,ssp585,bcc-csm2-mr
25,1975,28.17231746413198,ssp585,bcc-csm2-mr
26,1976,30.061624843920498,ssp585,bcc-csm2-mr
27,1977,31.106445401596034,ssp585,bcc-csm2-mr
28,1978,32.16129140508952,ssp585,bcc-csm2-mr
29,1979,33.91670392430651,ssp585,bcc-csm2-mr
30,1980,35.743846513317976,ssp585,bcc-csm2-mr
31,1981,30.22393853407996,ssp585,bcc-csm2-mr
32,1982,32.45090060165618,ssp585,bcc-csm2-mr
33,1983,26.19468593550783,ssp585,bcc-csm2-mr
34,1984,31.222087556459776,ssp585,bcc-csm2-mr
35,1985,34.745738769451265,ssp585,bcc-csm2-mr
36,1986,26.706217217604046,ssp585,bcc-csm2-mr
37,1987,35.47634836279364,ssp585,bcc-csm2-mr
38,1988,35.67956455074869,ssp585,bcc-csm2-mr
39,1989,30.91715476293518,ssp585,bcc-csm2-mr
40,1990,26.727929383264023,ssp585,bcc-csm2-mr
41,1991,33.68358106211705,ssp585,bcc-csm2-mr
42,1992,27.596859105866237,ssp585,bcc-csm2-mr
43,1993,28.035418823049675,ssp585,bcc-csm2-mr
44,1994,33.18963601175518,ssp585,bcc-csm2-mr
45,1995,27.81763875985762,ssp585,bcc-csm2-mr
46,1996,27.20490578448547,ssp585,bcc-csm2-mr
47,1997,32.31522387794705,ssp585,bcc-csm2-mr
48,1998,29.919045641378876,ssp585,bcc-csm2-mr
49,1999,31.879724238947194,ssp585,bcc-csm2-mr
50,2000,29.729169893604304,ssp585,bcc-csm2-mr
51,2001,30.81602051420375,ssp585,bcc-csm2-mr
52,2002,31.641575676965786,ssp585,bcc-csm2-mr
53,2003,31.309647922833616,ssp585,bcc-csm2-mr
54,2004,30.108806119102603,ssp585,bcc-csm2-mr
55,2005,34.19256015957162,ssp585,bcc-csm2-mr
56,2006,28.143994973812866,ssp585,bcc-csm2-mr
57,2007,29.733433404920742,ssp585,bcc-csm2-mr
58,2008,34.461111256543795,ssp585,bcc-csm2-mr
59,2009,35.56241567546134,ssp585,bcc-csm2-mr
60,2010,33.962336558282566,ssp585,bcc-csm2-mr
61,2011,29.29658863269493,ssp585,bcc-csm2-mr
62,2012,32.62567667366095,ssp585,bcc-csm2-mr
63,2013,31.667593798143994,ssp585,bcc-csm2-mr
64,2014,32.51064869470131,ssp585,bcc-csm2-mr
65,2015,33.812064666150526,ssp585,bcc-csm2-mr
66,2016,31.807665067782686,ssp585,bcc-csm2-mr
67,2017,30.16617106718869,ssp585,bcc-csm2-mr
68,2018,29.834951925457442,ssp585,bcc-csm2-mr
69,2019,36.150282166784145,ssp585,bcc-csm2-mr
70,2020,35.64558539837857,ssp585,bcc-csm2-mr
71,2021,34.12982384726803,ssp585,bcc-csm2-mr
72,2022,34.32052172723915,ssp585,bcc-csm2-mr
73,2023,36.22585612517084,ssp585,bcc-csm2-mr
74,2024,35.73295282145869,ssp585,bcc-csm2-mr
75,2025,32.14189446261401,ssp585,bcc-csm2-mr
76,2026,32.90545231455549,ssp585,bcc-csm2-mr
77,2027,34.06849831917653,ssp585,bcc-csm2-mr
78,2028,36.37183462867035,ssp585,bcc-csm2-mr
79,2029,31.607007279138355,ssp585,bcc-csm2-mr
80,2030,35.5203613861991,ssp585,bcc-csm2-mr
81,2031,31.969962693748695,ssp585,bcc-csm2-mr
82,2032,35.24781117936994,ssp585,bcc-csm2-mr
83,2033,34.27790967539641,ssp585,bcc-csm2-mr
84,2034,35.78371959381282,ssp585,bcc-csm2-mr
85,2035,33.865306637553296,ssp585,bcc-csm2-mr
86,2036,39.93473523231681,ssp585,bcc-csm2-mr
87,2037,34.02353669222949,ssp585,bcc-csm2-mr
88,2038,34.54828592740548,ssp585,bcc-csm2-mr
89,2039,31.33343705763836,ssp585,bcc-csm2-mr
90,2040,34.13028489602857,ssp585,bcc-csm2-mr
91,2041,35.30609795681433,ssp585,bcc-csm2-mr
92,2042,35.52704678629182,ssp585,bcc-csm2-mr
93,2043,37.0215869076203,ssp585,bcc-csm2-mr
94,2044,35.95584785505831,ssp585,bcc-csm2-mr
95,2045,34.5094900719036,ssp585,bcc-csm2-mr
96,2046,37.21312463627586,ssp585,bcc-csm2-mr
97,2047,40.70054054961993,ssp585,bcc-csm2-mr
98,2048,40.069696673568686,ssp585,bcc-csm2-mr
99,2049,35.93690439053447,ssp585,bcc-csm2-mr
100,2050,36.84617150848462,ssp585,bcc-csm2-mr
101,2051,36.98249620289956,ssp585,bcc-csm2-mr
102,2052,40.585005906813976,ssp585,bcc-csm2-mr
103,2053,38.06804104101947,ssp585,bcc-csm2-mr
104,2054,37.753113488364534,ssp585,bcc-csm2-mr
105,2055,35.25272108952875,ssp585,bcc-csm2-mr
106,2056,36.59365332752473,ssp585,bcc-csm2-mr
107,2057,35.74402627525366,ssp585,bcc-csm2-mr
108,2058,35.0818142546354,ssp585,bcc-csm2-mr
109,2059,35.86445304044266,ssp585,bcc-csm2-mr
110,2060,36.2176048642498,ssp585,bcc-csm2-mr
111,2061,40.31884683346421,ssp585,bcc-csm2-mr
112,2062,36.61273118605407,ssp585,bcc-csm2-mr
113,2063,35.77764481934759,ssp585,bcc-csm2-mr
114,2064,36.830314398856224,ssp585,bcc-csm2-mr
115,2065,38.61259417262694,ssp585,bcc-csm2-mr
116,2066,40.02226262363914,ssp585,bcc-csm2-mr
117,2067,37.878336653406784,ssp585,bcc-csm2-mr
118,2068,40.992830315456736,ssp585,bcc-csm2-mr
119,2069,34.69248109040169,ssp585,bcc-csm2-mr
120,2070,36.868214641563995,ssp585,bcc-csm2-mr
121,2071,41.11354264975613,ssp585,bcc-csm2-mr
122,2072,38.17902619190323,ssp585,bcc-csm2-mr
123,2073,36.80167535084339,ssp585,bcc-csm2-mr
124,2074,36.62751508085011,ssp585,bcc-csm2-mr
125,2075,42.663893694775275,ssp585,bcc-csm2-mr
126,2076,42.756263024269174,ssp585,bcc-csm2-mr
127,2077,38.301341764393285,ssp585,bcc-csm2-mr
128,2078,36.77031134544121,ssp585,bcc-csm2-mr
129,2079,40.33035702018354,ssp585,bcc-csm2-mr
130,2080,41.73520781847408,ssp585,bcc-csm2-mr
131,2081,41.28372401215571,ssp585,bcc-csm2-mr
132,2082,42.68708110792542,ssp585,bcc-csm2-mr
133,2083,40.995697057960356,ssp585,bcc-csm2-mr
134,2084,40.943197303802954,ssp585,bcc-csm2-mr
135,2085,38.00279945221945,ssp585,bcc-csm2-mr
136,2086,40.26045280164016,ssp585,bcc-csm2-mr
137,2087,41.14485165312431,ssp585,bcc-csm2-mr
138,2088,42.24646706444138,ssp585,bcc-csm2-mr
139,2089,38.7937741721913,ssp585,bcc-csm2-mr
140,2090,39.454561430296486,ssp585,bcc-csm2-mr
141,2091,39.165190827207695,ssp585,bcc-csm2-mr
142,2092,41.1293381938522,ssp585,bcc-csm2-mr
143,2093,42.0444324109122,ssp585,bcc-csm2-mr
144,2094,41.15774301544922,ssp585,bcc-csm2-mr
145,2095,42.78234488325674,ssp585,bcc-csm2-mr
146,2096,39.39528635513957,ssp585,bcc-csm2-mr
147,2097,44.26147100887793,ssp585,bcc-csm2-mr
148,2098,38.06715903476389,ssp585,bcc-csm2-mr
149,2099,41.10383986468543,ssp585,bcc-csm2-mr
150,2100,42.21118400479825,ssp585,bcc-csm2-mr
0,1950,,ssp585,ipsl-cm6a-lr
1,1951,28.669065636997264,ssp585,ipsl-cm6a-lr
2,1952,28.63488081653045,ssp585,ipsl-cm6a-lr
3,1953,30.446573189591824,ssp585,ipsl-cm6a-lr
4,1954,28.651889305311144,ssp585,ipsl-cm6a-lr
5,1955,31.109993896842532,ssp585,ipsl-cm6a-lr
6,1956,30.084083747325028,ssp585,ipsl-cm6a-lr
7,1957,31.295197609435085,ssp585,ipsl-cm6a-lr
8,1958,30.03998573272892,ssp585,ipsl-cm6a-lr
9,1959,29.635302499248578,ssp585,ipsl-cm6a-lr
10,1960,28.831194251556518,ssp585,ipsl-cm6a-lr
11,1961,28.91991446100316,ssp585,ipsl-cm6a-lr
12,1962,31.88878794082009,ssp585,ipsl-cm6a-lr
13,1963,31.981026684960103,ssp585,ipsl-cm6a-lr
14,1964,32.49411019368729,ssp585,ipsl-cm6a-lr
15,1965,32.27485586047469,ssp585,ipsl-cm6a-lr
16,1966,28.83843402632685,ssp585,ipsl-cm6a-lr
17,1967,31.133597873772572,ssp585,ipsl-cm6a-lr
18,1968,28.886802828939352,ssp585,ipsl-cm6a-lr
19,1969,30.613730880497787,ssp585,ipsl-cm6a-lr
20,1970,32.796424714323635,ssp585,ipsl-cm6a-lr
21,1971,30.934086645370442,ssp585,ipsl-cm6a-lr
22,1972,27.108139878030144,ssp585,ipsl-cm6a-lr
23,1973,34.36645219961753,ssp585,ipsl-cm6a-lr
24,1974,30.584027627390846,ssp585,ipsl-cm6a-lr
25,1975,30.51521398528001,ssp585,ipsl-cm6a-lr
26,1976,30.978869349603798,ssp585,ipsl-cm6a-lr
27,1977,31.03043920708996,ssp585,ipsl-cm6a-lr
28,1978,29.523683932303978,ssp585,ipsl-cm6a-lr
29,1979,31.428606124356897,ssp585,ipsl-cm6a-lr
30,1980,27.67335895285658,ssp585,ipsl-cm6a-lr
31,1981,30.582940808038018,ssp585,ipsl-cm6a-lr
32,1982,29.680647184800918,ssp585,ipsl-cm6a-lr
33,1983,31.225298661337778,ssp585,ipsl-cm6a-lr
34,1984,28.69737291392813,ssp585,ipsl-cm6a-lr
35,1985,31.300667564496877,ssp585,ipsl-cm6a-lr
36,1986,33.355746245071686,ssp585,ipsl-cm6a-lr
37,1987,31.970233757819123,ssp585,ipsl-cm6a-lr
38,1988,31.77470797601438,ssp585,ipsl-cm6a-lr
39,1989,31.35548304113611,ssp585,ipsl-cm6a-lr
40,1990,36.55543747884792,ssp585,ipsl-cm6a-lr
41,1991,29.99044962757491,ssp585,ipsl-cm6a-lr
42,1992,30.49877181934724,ssp585,ipsl-cm6a-lr
43,1993,30.13146594891973,ssp585,ipsl-cm6a-lr
44,1994,28.90465788465325,ssp585,ipsl-cm6a-lr
45,1995,33.057300648119835,ssp585,ipsl-cm6a-lr
46,1996,36.80633438202825,ssp585,ipsl-cm6a-lr
47,1997,31.811939347440937,ssp585,ipsl-cm6a-lr
48,1998,29.789928959274274,ssp585,ipsl-cm6a-lr
49,1999,30.764396809445145,ssp585,ipsl-cm6a-lr
50,2000,34.054446221664286,ssp585,ipsl-cm6a-lr
51,2001,33.999686137195035,ssp585,ipsl-cm6a-lr
52,2002,29.992556583122592,ssp585,ipsl-cm6a-lr
53,2003,31.526432542058473,ssp585,ipsl-cm6a-lr
54,2004,33.65396147188101,ssp585,ipsl-cm6a-lr
55,2005,35.26292395888144,ssp585,ipsl-cm6a-lr
56,2006,31.526810675839315,ssp585,ipsl-cm6a-lr
57,2007,31.19814194890556,ssp585,ipsl-cm6a-lr
58,2008,33.91681223228756,ssp585,ipsl-cm6a-lr
59,2009,31.941128514060214,ssp585,ipsl-cm6a-lr
60,2010,32.50442710118469,ssp585,ipsl-cm6a-lr
61,2011,36.57572079362219,ssp585,ipsl-cm6a-lr
62,2012,32.9164602445508,ssp585,ipsl-cm6a-lr
63,2013,29.85907692201685,ssp585,ipsl-cm6a-lr
64,2014,35.4381414434891,ssp585,ipsl-cm6a-lr
65,2015,34.4393250119344,ssp585,ipsl-cm6a-lr
66,2016,31.619486497010776,ssp585,ipsl-cm6a-lr
67,2017,34.219825961689196,ssp585,ipsl-cm6a-lr
68,2018,29.507407094524794,ssp585,ipsl-cm6a-lr
69,2019,29.18911791164567,ssp585,ipsl-cm6a-lr
70,2020,34.523125518713385,ssp585,ipsl-cm6a-lr
71,2021,33.9995560569815,ssp585,ipsl-cm6a-lr
72,2022,32.969665016236334,ssp585,ipsl-cm6a-lr
73,2023,37.769620643660424,ssp585,ipsl-cm6a-lr
74,2024,34.83248114783267,ssp585,ipsl-cm6a-lr
75,2025,32.88863884297221,ssp585,ipsl-cm6a-lr
76,2026,35.24018748795633,ssp585,ipsl-cm6a-lr
77,2027,31.900706562641112,ssp585,ipsl-cm6a-lr
78,2028,37.34342363513897,ssp585,ipsl-cm6a-lr
79,2029,35.201483047476806,ssp585,ipsl-cm6a-lr
80,2030,32.26251277709714,ssp585,ipsl-cm6a-lr
81,2031,33.44150331282392,ssp585,ipsl-cm6a-lr
82,2032,33.88414470217821,ssp585,ipsl-cm6a-lr
83,2033,31.827007841464468,ssp585,ipsl-cm6a-lr
84,2034,31.297962295885107,ssp585,ipsl-cm6a-lr
85,2035,37.28554929665765,ssp585,ipsl-cm6a-lr
86,2036,35.89432098863351,ssp585,ipsl-cm6a-lr
87,2037,32.504520286059005,ssp585,ipsl-cm6a-lr
88,2038,32.70056161976721,ssp585,ipsl-cm6a-lr
89,2039,33.579624169015645,ssp585,ipsl-cm6a-lr
90,2040,34.234857717178144,ssp585,ipsl-cm6a-lr
91,2041,34.13342465990415,ssp585,ipsl-cm6a-lr
92,2042,32.9063830841378,ssp585,ipsl-cm6a-lr
93,2043,36.68526175226097,ssp585,ipsl-cm6a-lr
94,2044,38.700103135904016,ssp585,ipsl-cm6a-lr
95,2045,35.72669173832057,ssp585,ipsl-cm6a-lr
96,2046,36.39233081986883,ssp585,ipsl-cm6a-lr
97,2047,30.582590854066893,ssp585,ipsl-cm6a-lr
98,2048,36.528431832817986,ssp585,ipsl-cm6a-lr
99,2049,35.96648179624778,ssp585,ipsl-cm6a-lr
100,2050,37.06756838135753,ssp585,ipsl-cm6a-lr
101,2051,37.98343381515057,ssp585,ipsl-cm6a-lr
102,2052,38.86014765757229,ssp585,ipsl-cm6a-lr
103,2053,39.543206952077874,ssp585,ipsl-cm6a-lr
104,2054,39.02815799771087,ssp585,ipsl-cm6a-lr
105,2055,39.49145872383845,ssp585,ipsl-cm6a-lr
106,2056,39.85015058602852,ssp585,ipsl-cm6a-lr
107,2057,36.842960124350796,ssp585,ipsl-cm6a-lr
108,2058,39.5284692212117,ssp585,ipsl-cm6a-lr
109,2059,35.14441922840557,ssp585,ipsl-cm6a-lr
110,2060,35.86134659960129,ssp585,ipsl-cm6a-lr
111,2061,38.54570674740449,ssp585,ipsl-cm6a-lr
112,2062,36.11426660314965,ssp585,ipsl-cm6a-lr
113,2063,37.053030256998206,ssp585,ipsl-cm6a-lr
114,2064,35.888293060202464,ssp585,ipsl-cm6a-lr
115,2065,38.74123253237485,ssp585,ipsl-cm6a-lr
116,2066,40.03337386822073,ssp585,ipsl-cm6a-lr
117,2067,39.98320705742546,ssp585,ipsl-cm6a-lr
118,2068,39.29875742811534,ssp585,ipsl-cm6a-lr
119,2069,35.90008351117811,ssp585,ipsl-cm6a-lr
120,2070,41.86996064361583,ssp585,ipsl-cm6a-lr
121,2071,40.11583802283472,ssp585,ipsl-cm6a-lr
122,2072,41.83959851893355,ssp585,ipsl-cm6a-lr
123,2073,38.89211948786234,ssp585,ipsl-cm6a-lr
124,2074,41.595237264266494,ssp585,ipsl-cm6a-lr
125,2075,41.80370832796261,ssp585,ipsl-cm6a-lr
126,2076,35.67593374691674,ssp585,ipsl-cm6a-lr
127,2077,40.54378398681073,ssp585,ipsl-cm6a-lr
128,2078,41.20661986032267,ssp585,ipsl-cm6a-lr
129,2079,40.76570348350939,ssp585,ipsl-cm6a-lr
130,2080,41.64530850078762,ssp585,ipsl-cm6a-lr
131,2081,40.353866871976216,ssp585,ipsl-cm6a-lr
132,2082,40.21912582329104,ssp585,ipsl-cm6a-lr
133,2083,43.74911904704642,ssp585,ipsl-cm6a-lr
134,2084,39.998553108480245,ssp585,ipsl-cm6a-lr
135,2085,42.038574217835766,ssp585,ipsl-cm6a-lr
136,2086,40.82321689082773,ssp585,ipsl-cm6a-lr
137,2087,42.3948113072498,ssp585,ipsl-cm6a-lr
138,2088,40.03673848723514,ssp585,ipsl-cm6a-lr
139,2089,41.44241984544573,ssp585,ipsl-cm6a-lr
140,2090,44.7241784895299,ssp585,ipsl-cm6a-lr
141,2091,41.321574732329,ssp585,ipsl-cm6a-lr
142,2092,41.38381812239269,ssp585,ipsl-cm6a-lr
143,2093,41.436885888028115,ssp585,ipsl-cm6a-lr
144,2094,45.60674698296476,ssp585,ipsl-cm6a-lr
145,2095,44.75198480227766,ssp585,ipsl-cm6a-lr
146,2096,43.75335973831307,ssp585,ipsl-cm6a-lr
147,2097,42.43182015233104,ssp585,ipsl-cm6a-lr
148,2098,39.251222392967506,ssp585,ipsl-cm6a-lr
149,2099,44.66060792503239,ssp585,ipsl-cm6a-lr
150,2100,44.992833028866144,ssp585,ipsl-cm6a-lr
0,1950,,ssp585,noresm2-mm
1,1951,34.844350655139266,ssp585,noresm2-mm
2,1952,27.76175074529743,ssp585,noresm2-mm
3,1953,30.610561765216996,ssp585,noresm2-mm
4,1954,33.873770200358884,ssp585,noresm2-mm
5,1955,29.349220485496776,ssp585,noresm2-mm
6,1956,28.900634739690926,ssp585,noresm2-mm
7,1957,26.75294872828266,ssp585,noresm2-mm
8,1958,32.51841647553097,ssp585,noresm2-mm
9,1959,29.691728416602523,ssp585,noresm2-mm
10,1960,29.86925354086364,ssp585,noresm2-mm
11,1961,37.16537685424954,ssp585,noresm2-mm
12,1962,29.25235215099805,ssp585,noresm2-mm
13,1963,30.105974036239598,ssp585,noresm2-mm
14,1964,26.90360260187758,ssp585,noresm2-mm
15,1965,31.36081908547691,ssp585,noresm2-mm
16,1966,31.327155297603063,ssp585,noresm2-mm
17,1967,26.964027762989765,ssp585,noresm2-mm
18,1968,30.1047251569697,ssp585,noresm2-mm
19,1969,29.812043556256075,ssp585,noresm2-mm
20,1970,32.993490787222775,ssp585,noresm2-mm
21,1971,31.670824488286364,ssp585,noresm2-mm
22,1972,36.54078643553172,ssp585,noresm2-mm
23,1973,30.988113004880578,ssp585,noresm2-mm
24,1974,28.893757448858793,ssp585,noresm2-mm
25,1975,25.148085236956987,ssp585,noresm2-mm
26,1976,30.94391597770215,ssp585,noresm2-mm
27,1977,27.9193626164453,ssp585,noresm2-mm
28,1978,32.1104174845867,ssp585,noresm2-mm
29,1979,32.19023927398193,ssp585,noresm2-mm
30,1980,30.936412454758543,ssp585,noresm2-mm
31,1981,31.58292110047225,ssp585,noresm2-mm
32,1982,31.847134436462294,ssp585,noresm2-mm
33,1983,27.991599011737193,ssp585,noresm2-mm
34,1984,27.23777867806142,ssp585,noresm2-mm
35,1985,29.528357058288172,ssp585,noresm2-mm
36,1986,33.8719545725259,ssp585,noresm2-mm
37,1987,28.65073132911213,ssp585,noresm2-mm
38,1988,30.72016134195722,ssp585,noresm2-mm
39,1989,31.846427976705826,ssp585,noresm2-mm
40,1990,34.68891412538351,ssp585,noresm2-mm
41,1991,34.73961839114934,ssp585,noresm2-mm
42,1992,33.66252528286932,ssp585,noresm2-mm
43,1993,33.778891342435486,ssp585,noresm2-mm
44,1994,30.44793268760919,ssp585,noresm2-mm
45,1995,33.54842320805845,ssp585,noresm2-mm
46,1996,28.277148688883045,ssp585,noresm2-mm
47,1997,31.488477979283974,ssp585,noresm2-mm
48,1998,32.144121203928556,ssp585,noresm2-mm
49,1999,29.70830019602161,ssp585,noresm2-mm
50,2000,30.914360570964263,ssp585,noresm2-mm
51,2001,37.78639459942031,ssp585,noresm2-mm
52,2002,30.937578781564163,ssp585,noresm2-mm
53,2003,34.25215361015935,ssp585,noresm2-mm
54,2004,33.10997901173262,ssp585,noresm2-mm
55,2005,32.32648108135835,ssp585,noresm2-mm
56,2006,34.30436463229424,ssp585,noresm2-mm
57,2007,34.990310771245134,ssp585,noresm2-mm
58,2008,28.25713126438389,ssp585,noresm2-mm
59,2009,29.099290695421832,ssp585,noresm2-mm
60,2010,32.76518034169991,ssp585,noresm2-mm
61,2011,32.34898634285015,ssp585,noresm2-mm
62,2012,34.709925189876216,ssp585,noresm2-mm
63,2013,29.259963222332857,ssp585,noresm2-mm
64,2014,31.750308227359323,ssp585,noresm2-mm
65,2015,31.94455497163162,ssp585,noresm2-mm
66,2016,37.207479425096956,ssp585,noresm2-mm
67,2017,33.385908464265796,ssp585,noresm2-mm
68,2018,33.93123526350125,ssp585,noresm2-mm
69,2019,32.44901893510783,ssp585,noresm2-mm
70,2020,30.56179934832801,ssp585,noresm2-mm
71,2021,35.77896486472103,ssp585,noresm2-mm
72,2022,33.073527701554085,ssp585,noresm2-mm
73,2023,34.99054078309816,ssp585,noresm2-mm
74,2024,33.31200153606514,ssp585,noresm2-mm
75,2025,30.218280553545867,ssp585,noresm2-mm
76,2026,35.53604789925372,ssp585,noresm2-mm
77,2027,34.673056822825956,ssp585,noresm2-mm
78,2028,36.52749053325852,ssp585,noresm2-mm
79,2029,38.23156593535454,ssp585,noresm2-mm
80,2030,37.357945542699824,ssp585,noresm2-mm
81,2031,35.573568322384304,ssp585,noresm2-mm
82,2032,38.790971743560114,ssp585,noresm2-mm
83,2033,39.337536727571305,ssp585,noresm2-mm
84,2034,38.67758152845143,ssp585,noresm2-mm
85,2035,28.255745618375652,ssp585,noresm2-mm
86,2036,36.71920273759106,ssp585,noresm2-mm
87,2037,36.82833982747551,ssp585,noresm2-mm
88,2038,34.28291235055595,ssp585,noresm2-mm
89,2039,37.234908926151476,ssp585,noresm2-mm
90,2040,37.052888738458634,ssp585,noresm2-mm
91,2041,39.92806806049124,ssp585,noresm2-mm
92,2042,41.435615165201924,ssp585,noresm2-mm
93,2043,35.75106657086442,ssp585,noresm2-mm
94,2044,32.409611522509486,ssp585,noresm2-mm
95,2045,35.68200358014286,ssp585,noresm2-mm
96,2046,38.536298357105345,ssp585,noresm2-mm
97,2047,34.91634147588842,ssp585,noresm2-mm
98,2048,36.63170680288289,ssp585,noresm2-mm
99,2049,40.01444023920271,ssp585,noresm2-mm
100,2050,38.36749986188413,ssp585,noresm2-mm
101,2051,35.000349809840586,ssp585,noresm2-mm
102,2052,36.885953189751326,ssp585,noresm2-mm
103,2053,34.037167286620175,ssp585,noresm2-mm
104,2054,37.9998438383518,ssp585,noresm2-mm
105,2055,42.22902899415521,ssp585,noresm2-mm
106,2056,39.613067566374426,ssp585,noresm2-mm
107,2057,38.03146630737394,ssp585,noresm2-mm
108,2058,41.19665627192342,ssp585,noresm2-mm
109,2059,41.2311462674487,ssp585,noresm2-mm
110,2060,42.78220204746866,ssp585,noresm2-mm
111,2061,33.657452740014485,ssp585,noresm2-mm
112,2062,36.65584510362264,ssp585,noresm2-mm
113,2063,36.13724866086479,ssp585,noresm2-mm
114,2064,33.673036541486034,ssp585,noresm2-mm
115,2065,40.97833172493266,ssp585,noresm2-mm
116,2066,35.812516821668225,ssp585,noresm2-mm
117,2067,40.49695504840769,ssp585,noresm2-mm
118,2068,37.761286180556354,ssp585,noresm2-mm
119,2069,41.00455876425177,ssp585,noresm2-mm
120,2070,38.68197310712831,ssp585,noresm2-mm
121,2071,43.61995668700515,ssp585,noresm2-mm
122,2072,36.81398739914845,ssp585,noresm2-mm
123,2073,41.086263089158486,ssp585,noresm2-mm
124,2074,38.57565530626488,ssp585,noresm2-mm
125,2075,43.45883407338328,ssp585,noresm2-mm
126,2076,34.449729623673235,ssp585,noresm2-mm
127,2077,41.56031895189956,ssp585,noresm2-mm
128,2078,37.22558017411632,ssp585,noresm2-mm
129,2079,44.66344245594816,ssp585,noresm2-mm
130,2080,40.2514608544118,ssp585,noresm2-mm
131,2081,39.277792184002124,ssp585,noresm2-mm
132,2082,38.30428774524463,ssp585,noresm2-mm
133,2083,35.80430563965553,ssp585,noresm2-mm
134,2084,41.284216892497405,ssp585,noresm2-mm
135,2085,39.61800902020855,ssp585,noresm2-mm
136,2086,43.91626387372631,ssp585,noresm2-mm
137,2087,38.910727953943756,ssp585,noresm2-mm
138,2088,44.62913782868993,ssp585,noresm2-mm
139,2089,45.80800139162159,ssp585,noresm2-mm
140,2090,38.43021864335626,ssp585,noresm2-mm
141,2091,44.16829738906021,ssp585,noresm2-mm
142,2092,42.63205678522463,ssp585,noresm2-mm
143,2093,44.49054117179115,ssp585,noresm2-mm
144,2094,37.65257188890159,ssp585,noresm2-mm
145,2095,39.18155934995347,ssp585,noresm2-mm
146,2096,43.923324650069105,ssp585,noresm2-mm
147,2097,42.212802074652544,ssp585,noresm2-mm
148,2098,44.344142665183234,ssp585,noresm2-mm
149,2099,44.08463533172767,ssp585,noresm2-mm
150,2100,43.78755361464852,ssp585,noresm2-mm
0,1950,,ssp585,mpi-esm1-2-lr
1,1951,30.290446060506657,ssp585,mpi-esm1-2-lr
2,1952,29.83482907097598,ssp585,mpi-esm1-2-lr
3,1953,28.514749977583758,ssp585,mpi-esm1-2-lr
4,1954,27.055167107890103,ssp585,mpi-esm1-2-lr
5,1955,29.654735866535905,ssp585,mpi-esm1-2-lr
6,1956,35.11527986404405,ssp585,mpi-esm1-2-lr
7,1957,30.217148621948862,ssp585,mpi-esm1-2-lr
8,1958,32.53878035296463,ssp585,mpi-esm1-2-lr
9,1959,29.772622522280937,ssp585,mpi-esm1-2-lr
10,1960,31.568850134863037,ssp585,mpi-esm1-2-lr
11,1961,31.33230997554285,ssp585,mpi-esm1-2-lr
12,1962,30.029138457819364,ssp585,mpi-esm1-2-lr
13,1963,26.711550099574453,ssp585,mpi-esm1-2-lr
14,1964,32.7768653137649,ssp585,mpi-esm1-2-lr
15,1965,33.19937625240335,ssp585,mpi-esm1-2-lr
16,1966,31.98200994942148,ssp585,mpi-esm1-2-lr
17,1967,28.444773066507565,ssp585,mpi-esm1-2-lr
18,1968,33.191956732293704,ssp585,mpi-esm1-2-lr
19,1969,32.035658664924874,ssp585,mpi-esm1-2-lr
20,1970,30.114395416240693,ssp585,mpi-esm1-2-lr
21,1971,33.37562121752482,ssp585,mpi-esm1-2-lr
22,1972,27.272372703423514,ssp585,mpi-esm1-2-lr
23,1973,31.60170521452814,ssp585,mpi-esm1-2-lr
24,1974,30.235295721898908,ssp585,mpi-esm1-2-lr
25,1975,32.8296566804436,ssp585,mpi-esm1-2-lr
26,1976,29.49304671913369,ssp585,mpi-esm1-2-lr
27,1977,30.03486149799264,ssp585,mpi-esm1-2-lr
28,1978,28.59075566888346,ssp585,mpi-esm1-2-lr
29,1979,31.512012114915052,ssp585,mpi-esm1-2-lr
30,1980,33.09290878941947,ssp585,mpi-esm1-2-lr
31,1981,31.269692958536588,ssp585,mpi-esm1-2-lr
32,1982,36.255744880430115,ssp585,mpi-esm1-2-lr
33,1983,30.503207022599195,ssp585,mpi-esm1-2-lr
34,1984,30.10754521355191,ssp585,mpi-esm1-2-lr
35,1985,31.885978142691755,ssp585,mpi-esm1-2-lr
36,1986,31.03533870229532,ssp585,mpi-esm1-2-lr
37,1987,32.595290097961644,ssp585,mpi-esm1-2-lr
38,1988,30.726204320197496,ssp585,mpi-esm1-2-lr
39,1989,30.522596887310105,ssp585,mpi-esm1-2-lr
40,1990,28.72503736883787,ssp585,mpi-esm1-2-lr
41,1991,31.438533634279214,ssp585,mpi-esm1-2-lr
42,1992,32.71092551312019,ssp585,mpi-esm1-2-lr
43,1993,30.694365626891102,ssp585,mpi-esm1-2-lr
44,1994,32.61732282553808,ssp585,mpi-esm1-2-lr
45,1995,31.42824244892419,ssp585,mpi-esm1-2-lr
46,1996,29.80627825829433,ssp585,mpi-esm1-2-lr
47,1997,31.212713591496527,ssp585,mpi-esm1-2-lr
48,1998,28.63253924126491,ssp585,mpi-esm1-2-lr
49,1999,30.797684407690824,ssp585,mpi-esm1-2-lr
50,2000,32.00240756965752,ssp585,mpi-esm1-2-lr
51,2001,29.875552372456845,ssp585,mpi-esm1-2-lr
52,2002,33.38393514207746,ssp585,mpi-esm1-2-lr
53,2003,28.138379362554616,ssp585,mpi-esm1-2-lr
54,2004,31.111337781113477,ssp585,mpi-esm1-2-lr
55,2005,30.65290384031481,ssp585,mpi-esm1-2-lr
56,2006,37.86157381068955,ssp585,mpi-esm1-2-lr
57,2007,29.020557805866293,ssp585,mpi-esm1-2-lr
58,2008,31.809447322295963,ssp585,mpi-esm1-2-lr
59,2009,30.442595093194342,ssp585,mpi-esm1-2-lr
60,2010,31.011249158289957,ssp585,mpi-esm1-2-lr
61,2011,36.037070198674755,ssp585,mpi-esm1-2-lr
62,2012,30.594082565768062,ssp585,mpi-esm1-2-lr
63,2013,29.0256673085834,ssp585,mpi-esm1-2-lr
64,2014,32.81196987335853,ssp585,mpi-esm1-2-lr
65,2015,33.89449640109974,ssp585,mpi-esm1-2-lr
66,2016,34.55201284195871,ssp585,mpi-esm1-2-lr
67,2017,30.634514903402568,ssp585,mpi-esm1-2-lr
68,2018,32.50550781125129,ssp585,mpi-esm1-2-lr
69,2019,33.979498570583196,ssp585,mpi-esm1-2-lr
70,2020,32.45697381147204,ssp585,mpi-esm1-2-lr
71,2021,31.073378345896156,ssp585,mpi-esm1-2-lr
72,2022,35.37120385882164,ssp585,mpi-esm1-2-lr
73,2023,33.38160879289235,ssp585,mpi-esm1-2-lr
74,2024,34.22971065352493,ssp585,mpi-esm1-2-lr
75,2025,30.788394618074044,ssp585,mpi-esm1-2-lr
76,2026,32.79019167069948,ssp585,mpi-esm1-2-lr
77,2027,27.68508098195871,ssp585,mpi-esm1-2-lr
78,2028,31.78638037646154,ssp585,mpi-esm1-2-lr
79,2029,32.15380808717611,ssp585,mpi-esm1-2-lr
80,2030,30.120986213484866,ssp585,mpi-esm1-2-lr
81,2031,35.3213761064816,ssp585,mpi-esm1-2-lr
82,2032,36.94277090776418,ssp585,mpi-esm1-2-lr
83,2033,36.855954565981506,ssp585,mpi-esm1-2-lr
84,2034,32.34697612875093,ssp585,mpi-esm1-2-lr
85,2035,31.404803510466085,ssp585,mpi-esm1-2-lr
86,2036,32.41901344849188,ssp585,mpi-esm1-2-lr
87,2037,36.139117716236385,ssp585,mpi-esm1-2-lr
88,2038,32.016351109162464,ssp585,mpi-esm1-2-lr
89,2039,33.3121800028226,ssp585,mpi-esm1-2-lr
90,2040,32.70544032709866,ssp585,mpi-esm1-2-lr
91,2041,31.884544227011684,ssp585,mpi-esm1-2-lr
92,2042,36.27961821475008,ssp585,mpi-esm1-2-lr
93,2043,36.23102327788973,ssp585,mpi-esm1-2-lr
94,2044,33.108210760839626,ssp585,mpi-esm1-2-lr
95,2045,38.63409358751237,ssp585,mpi-esm1-2-lr
96,2046,37.06201099680092,ssp585,mpi-esm1-2-lr
97,2047,31.688303353258522,ssp585,mpi-esm1-2-lr
98,2048,31.525091147278566,ssp585,mpi-esm1-2-lr
99,2049,37.91587590679605,ssp585,mpi-esm1-2-lr
100,2050,35.42371930448802,ssp585,mpi-esm1-2-lr
101,2051,32.858405906580785,ssp585,mpi-esm1-2-lr
102,2052,35.62338495718353,ssp585,mpi-esm1-2-lr
103,2053,36.049887420463286,ssp585,mpi-esm1-2-lr
104,2054,35.124457107471876,ssp585,mpi-esm1-2-lr
105,2055,35.29782684579076,ssp585,mpi-esm1-2-lr
106,2056,35.86172504193234,ssp585,mpi-esm1-2-lr
107,2057,34.78165679049073,ssp585,mpi-esm1-2-lr
108,2058,35.24533716818098,ssp585,mpi-esm1-2-lr
109,2059,34.90633754533337,ssp585,mpi-esm1-2-lr
110,2060,36.34037560941512,ssp585,mpi-esm1-2-lr
111,2061,37.17769797337295,ssp585,mpi-esm1-2-lr
112,2062,33.5742519032094,ssp585,mpi-esm1-2-lr
113,2063,29.754494139067855,ssp585,mpi-esm1-2-lr
114,2064,36.80989763595373,ssp585,mpi-esm1-2-lr
115,2065,30.12315910200883,ssp585,mpi-esm1-2-lr
116,2066,33.68122739947924,ssp585,mpi-esm1-2-lr
117,2067,38.126661712524196,ssp585,mpi-esm1-2-lr
118,2068,33.51454270914356,ssp585,mpi-esm1-2-lr
119,2069,37.12306808375938,ssp585,mpi-esm1-2-lr
120,2070,38.02552326087498,ssp585,mpi-esm1-2-lr
121,2071,35.58936854869694,ssp585,mpi-esm1-2-lr
122,2072,38.673683527976785,ssp585,mpi-esm1-2-lr
123,2073,35.261544583071895,ssp585,mpi-esm1-2-lr
124,2074,37.38794445349409,ssp585,mpi-esm1-2-lr
125,2075,37.18535017513406,ssp585,mpi-esm1-2-lr
126,2076,35.84095684310269,ssp585,mpi-esm1-2-lr
127,2077,34.36630444469196,ssp585,mpi-esm1-2-lr
128,2078,38.1428990747791,ssp585,mpi-esm1-2-lr
129,2079,36.92364365706755,ssp585,mpi-esm1-2-lr
130,2080,36.65597079044849,ssp585,mpi-esm1-2-lr
131,2081,36.59671146707171,ssp585,mpi-esm1-2-lr
132,2082,40.888278435139966,ssp585,mpi-esm1-2-lr
133,2083,40.14815920414953,ssp585,mpi-esm1-2-lr
134,2084,36.777838044486295,ssp585,mpi-esm1-2-lr
135,2085,39.31726814953784,ssp585,mpi-esm1-2-lr
136,2086,39.933806678887414,ssp585,mpi-esm1-2-lr
137,2087,38.02412084271863,ssp585,mpi-esm1-2-lr
138,2088,37.5948052116309,ssp585,mpi-esm1-2-lr
139,2089,41.6279612910817,ssp585,mpi-esm1-2-lr
140,2090,38.98909310872296,ssp585,mpi-esm1-2-lr
141,2091,35.809128826819666,ssp585,mpi-esm1-2-lr
142,2092,34.46331585863701,ssp585,mpi-esm1-2-lr
143,2093,37.71326220192384,ssp585,mpi-esm1-2-lr
144,2094,40.06359330043651,ssp585,mpi-esm1-2-lr
145,2095,40.453776125062454,ssp585,mpi-esm1-2-lr
146,2096,38.403611093053875,ssp585,mpi-esm1-2-lr
147,2097,42.016370718967345,ssp585,mpi-esm1-2-lr
148,2098,40.153880232538306,ssp585,mpi-esm1-2-lr
149,2099,34.92179698594682,ssp585,mpi-esm1-2-lr
150,2100,40.37410837482788,ssp585,mpi-esm1-2-lr
0,1950,,ssp585,gfdl-esm4
1,1951,36.168401046103355,ssp585,gfdl-esm4
2,1952,30.663220806194666,ssp585,gfdl-esm4
3,1953,30.56952616286571,ssp585,gfdl-esm4
4,1954,34.177995336611296,ssp585,gfdl-esm4
5,1955,33.692964660639795,ssp585,gfdl-esm4
6,1956,33.82752936788222,ssp585,gfdl-esm4
7,1957,31.010021229313104,ssp585,gfdl-esm4
8,1958,29.993005727691653,ssp585,gfdl-esm4
9,1959,28.301000878366,ssp585,gfdl-esm4
10,1960,27.832831199913,ssp585,gfdl-esm4
11,1961,29.991903945392732,ssp585,gfdl-esm4
12,1962,29.931448884620924,ssp585,gfdl-esm4
13,1963,32.61317970345993,ssp585,gfdl-esm4
14,1964,30.753322901149456,ssp585,gfdl-esm4
15,1965,31.849075342465486,ssp585,gfdl-esm4
16,1966,30.525279755135745,ssp585,gfdl-esm4
17,1967,28.396201182371556,ssp585,gfdl-esm4
18,1968,33.430298489722304,ssp585,gfdl-esm4
19,1969,31.79614819588618,ssp585,gfdl-esm4
20,1970,30.76415090266744,ssp585,gfdl-esm4
21,1971,32.625932477265266,ssp585,gfdl-esm4
22,1972,31.05791418610445,ssp585,gfdl-esm4
23,1973,32.89001496055311,ssp585,gfdl-esm4
24,1974,29.875137434509636,ssp585,gfdl-esm4
25,1975,30.251116676167662,ssp585,gfdl-esm4
26,1976,30.099866914578406,ssp585,gfdl-esm4
27,1977,27.645286672874697,ssp585,gfdl-esm4
28,1978,29.820460283031085,ssp585,gfdl-esm4
29,1979,32.342053087262016,ssp585,gfdl-esm4
30,1980,33.22957357555526,ssp585,gfdl-esm4
31,1981,30.78106179227462,ssp585,gfdl-esm4
32,1982,30.819027998426268,ssp585,gfdl-esm4
33,1983,31.426650897556016,ssp585,gfdl-esm4
34,1984,31.81967258027035,ssp585,gfdl-esm4
35,1985,28.161878806881685,ssp585,gfdl-esm4
36,1986,31.958169874449087,ssp585,gfdl-esm4
37,1987,29.00108646856619,ssp585,gfdl-esm4
38,1988,28.018150709833485,ssp585,gfdl-esm4
39,1989,33.921713665366475,ssp585,gfdl-esm4
40,1990,33.47990565445875,ssp585,gfdl-esm4
41,1991,33.89067730581734,ssp585,gfdl-esm4
42,1992,32.523088011897705,ssp585,gfdl-esm4
43,1993,32.10838951305413,ssp585,gfdl-esm4
44,1994,29.369640944421572,ssp585,gfdl-esm4
45,1995,29.037419335171457,ssp585,gfdl-esm4
46,1996,32.62042203305988,ssp585,gfdl-esm4
47,1997,30.169009788609152,ssp585,gfdl-esm4
48,1998,30.380398780642775,ssp585,gfdl-esm4
49,1999,33.16251354389511,ssp585,gfdl-esm4
50,2000,26.734426618172073,ssp585,gfdl-esm4
51,2001,29.34969113704072,ssp585,gfdl-esm4
52,2002,32.04355107197066,ssp585,gfdl-esm4
53,2003,26.574117832817073,ssp585,gfdl-esm4
54,2004,29.88944350812596,ssp585,gfdl-esm4
55,2005,31.472906814794513,ssp585,gfdl-esm4
56,2006,29.311688172459984,ssp585,gfdl-esm4
57,2007,28.86290514715282,ssp585,gfdl-esm4
58,2008,33.67043312512911,ssp585,gfdl-esm4
59,2009,34.356217720063825,ssp585,gfdl-esm4
60,2010,29.61576343655698,ssp585,gfdl-esm4
61,2011,34.109827383761754,ssp585,gfdl-esm4
62,2012,30.44497079543294,ssp585,gfdl-esm4
63,2013,31.49742103068328,ssp585,gfdl-esm4
64,2014,30.83650638089246,ssp585,gfdl-esm4
65,2015,30.13079938781383,ssp585,gfdl-esm4
66,2016,28.029036738290397,ssp585,gfdl-esm4
67,2017,31.799021492048087,ssp585,gfdl-esm4
68,2018,33.17410852394049,ssp585,gfdl-esm4
69,2019,28.799577560373592,ssp585,gfdl-esm4
70,2020,33.626378787986866,ssp585,gfdl-esm4
71,2021,32.55316481728818,ssp585,gfdl-esm4
72,2022,29.611690087509718,ssp585,gfdl-esm4
73,2023,34.70679131529569,ssp585,gfdl-esm4
74,2024,34.67372725103856,ssp585,gfdl-esm4
75,2025,32.52378034137421,ssp585,gfdl-esm4
76,2026,34.02031342319834,ssp585,gfdl-esm4
77,2027,36.16298377075692,ssp585,gfdl-esm4
78,2028,30.988680204473187,ssp585,gfdl-esm4
79,2029,32.460975521090134,ssp585,gfdl-esm4
80,2030,34.00186953252114,ssp585,gfdl-esm4
81,2031,34.41870110883566,ssp585,gfdl-esm4
82,2032,35.2977022376802,ssp585,gfdl-esm4
83,2033,32.46244876322755,ssp585,gfdl-esm4
84,2034,31.22267351196089,ssp585,gfdl-esm4
85,2035,35.19570584396224,ssp585,gfdl-esm4
86,2036,32.110647877126226,ssp585,gfdl-esm4
87,2037,33.241193625950565,ssp585,gfdl-esm4
88,2038,34.12115942547399,ssp585,gfdl-esm4
89,2039,34.41990397638012,ssp585,gfdl-esm4
90,2040,33.858598730843056,ssp585,gfdl-esm4
91,2041,36.55472738738356,ssp585,gfdl-esm4
92,2042,36.40802398723517,ssp585,gfdl-esm4
93,2043,32.97442420840845,ssp585,gfdl-esm4
94,2044,33.41936584988116,ssp585,gfdl-esm4
95,2045,31.956807656642813,ssp585,gfdl-esm4
96,2046,34.52798881361057,ssp585,gfdl-esm4
97,2047,33.737923713936354,ssp585,gfdl-esm4
98,2048,35.569248219435636,ssp585,gfdl-esm4
99,2049,35.084309254603525,ssp585,gfdl-esm4
100,2050,36.501512350632055,ssp585,gfdl-esm4
101,2051,36.82883429897037,ssp585,gfdl-esm4
102,2052,35.66450286732677,ssp585,gfdl-esm4
103,2053,35.9124881483802,ssp585,gfdl-esm4
104,2054,35.613224861090224,ssp585,gfdl-esm4
105,2055,36.745014799871505,ssp585,gfdl-esm4
106,2056,35.155384292197624,ssp585,gfdl-esm4
107,2057,34.80824585605882,ssp585,gfdl-esm4
108,2058,35.34594602035611,ssp585,gfdl-esm4
109,2059,35.36546166494626,ssp585,gfdl-esm4
110,2060,34.0295516574502,ssp585,gfdl-esm4
111,2061,33.63984209321075,ssp585,gfdl-esm4
112,2062,35.87479502491272,ssp585,gfdl-esm4
113,2063,35.27638461345271,ssp585,gfdl-esm4
114,2064,34.61217640786016,ssp585,gfdl-esm4
115,2065,32.91878983560701,ssp585,gfdl-esm4
116,2066,34.995789625095135,ssp585,gfdl-esm4
117,2067,37.683570003196245,ssp585,gfdl-esm4
118,2068,36.248262531272466,ssp585,gfdl-esm4
119,2069,40.03096441694932,ssp585,gfdl-esm4
120,2070,33.56684116369195,ssp585,gfdl-esm4
121,2071,38.84045081490421,ssp585,gfdl-esm4
122,2072,38.694408796303755,ssp585,gfdl-esm4
123,2073,34.887015432020576,ssp585,gfdl-esm4
124,2074,34.233846292659614,ssp585,gfdl-esm4
125,2075,36.1127392631007,ssp585,gfdl-esm4
126,2076,37.44589174373022,ssp585,gfdl-esm4
127,2077,36.66113957320721,ssp585,gfdl-esm4
128,2078,38.22993527808772,ssp585,gfdl-esm4
129,2079,36.90021324693873,ssp585,gfdl-esm4
130,2080,37.86303406030155,ssp585,gfdl-esm4
131,2081,40.22340387804412,ssp585,gfdl-esm4
132,2082,37.70183835372711,ssp585,gfdl-esm4
133,2083,37.49280416151338,ssp585,gfdl-esm4
134,2084,40.57367419530693,ssp585,gfdl-esm4
135,2085,39.093481648751265,ssp585,gfdl-esm4
136,2086,38.77110977196836,ssp585,gfdl-esm4
137,2087,40.73568427662361,ssp585,gfdl-esm4
138,2088,37.872514576751975,ssp585,gfdl-esm4
139,2089,36.56158175376064,ssp585,gfdl-esm4
140,2090,39.84312066659322,ssp585,gfdl-esm4
141,2091,40.63806500532421,ssp585,gfdl-esm4
142,2092,37.07317599771913,ssp585,gfdl-esm4
143,2093,39.58706180827577,ssp585,gfdl-esm4
144,2094,40.0246435807141,ssp585,gfdl-esm4
145,2095,41.46032471890227,ssp585,gfdl-esm4
146,2096,37.66222346948764,ssp585,gfdl-esm4
147,2097,42.35302882812852,ssp585,gfdl-esm4
148,2098,42.51888706817306,ssp585,gfdl-esm4
149,2099,36.32353231702333,ssp585,gfdl-esm4
150,2100,40.4852567230793,ssp585,gfdl-esm4
0,1950,,ssp585,access-cm2
1,1951,31.38416999626733,ssp585,access-cm2
2,1952,33.52339519022128,ssp585,access-cm2
3,1953,29.16785956575084,ssp585,access-cm2
4,1954,27.628557876873835,ssp585,access-cm2
5,1955,31.677451763518764,ssp585,access-cm2
6,1956,31.538180077283762,ssp585,access-cm2
7,1957,30.22645452585254,ssp585,access-cm2
8,1958,30.522087067140045,ssp585,access-cm2
9,1959,28.67906297524957,ssp585,access-cm2
10,1960,27.873048713948048,ssp585,access-cm2
11,1961,36.0927153976128,ssp585,access-cm2
12,1962,34.273600301414184,ssp585,access-cm2
13,1963,28.870501430659445,ssp585,access-cm2
14,1964,30.817777802363683,ssp585,access-cm2
15,1965,29.730512155206643,ssp585,access-cm2
16,1966,29.886449763123725,ssp585,access-cm2
17,1967,30.160303115133754,ssp585,access-cm2
18,1968,29.987723341628296,ssp585,access-cm2
19,1969,30.145093483108578,ssp585,access-cm2
20,1970,28.498405623902105,ssp585,access-cm2
21,1971,31.18061618015831,ssp585,access-cm2
22,1972,34.49354509315048,ssp585,access-cm2
23,1973,31.421866624648246,ssp585,access-cm2
24,1974,30.40835351848621,ssp585,access-cm2
25,1975,25.649747054713053,ssp585,access-cm2
26,1976,35.72932065546237,ssp585,access-cm2
27,1977,32.536227682307825,ssp585,access-cm2
28,1978,32.20669079518195,ssp585,access-cm2
29,1979,32.850227315727764,ssp585,access-cm2
30,1980,32.99707377548178,ssp585,access-cm2
31,1981,28.614781514375444,ssp585,access-cm2
32,1982,28.10513829018993,ssp585,access-cm2
33,1983,32.66735306323275,ssp585,access-cm2
34,1984,32.72638703111994,ssp585,access-cm2
35,1985,27.07593774968063,ssp585,access-cm2
36,1986,30.963668323273964,ssp585,access-cm2
37,1987,34.8265985049302,ssp585,access-cm2
38,1988,32.82176222048436,ssp585,access-cm2
39,1989,29.48291290980755,ssp585,access-cm2
40,1990,27.187063868631174,ssp585,access-cm2
41,1991,30.361207275618042,ssp585,access-cm2
42,1992,32.21549856681044,ssp585,access-cm2
43,1993,28.361040681760088,ssp585,access-cm2
44,1994,33.75799603986914,ssp585,access-cm2
45,1995,30.729433632348663,ssp585,access-cm2
46,1996,29.85753986560147,ssp585,access-cm2
47,1997,33.21783312661293,ssp585,access-cm2
48,1998,31.49330309131842,ssp585,access-cm2
49,1999,31.46311291899915,ssp585,access-cm2
50,2000,33.78458097924516,ssp585,access-cm2
51,2001,30.07731857327588,ssp585,access-cm2
52,2002,32.82696643172439,ssp585,access-cm2
53,2003,32.3038835905832,ssp585,access-cm2
54,2004,34.84217880410889,ssp585,access-cm2
55,2005,32.60874810358034,ssp585,access-cm2
56,2006,27.320211666714776,ssp585,access-cm2
57,2007,33.05036803922066,ssp585,access-cm2
58,2008,29.344394605800076,ssp585,access-cm2
59,2009,34.83270125600412,ssp585,access-cm2
60,2010,36.81416227416708,ssp585,access-cm2
61,2011,30.966389723132593,ssp585,access-cm2
62,2012,29.661737225897955,ssp585,access-cm2
63,2013,30.928666377671014,ssp585,access-cm2
64,2014,31.2528090139595,ssp585,access-cm2
65,2015,32.451727817840265,ssp585,access-cm2
66,2016,32.975488515203395,ssp585,access-cm2
67,2017,34.30517968419889,ssp585,access-cm2
68,2018,31.459482211108,ssp585,access-cm2
69,2019,34.00286661877311,ssp585,access-cm2
70,2020,32.16893108610968,ssp585,access-cm2
71,2021,35.83822221733396,ssp585,access-cm2
72,2022,36.778253123489826,ssp585,access-cm2
73,2023,32.0194820115326,ssp585,access-cm2
74,2024,36.06442304342951,ssp585,access-cm2
75,2025,36.721095133463315,ssp585,access-cm2
76,2026,35.932044522901776,ssp585,access-cm2
77,2027,34.83264015008067,ssp585,access-cm2
78,2028,34.39151218543599,ssp585,access-cm2
79,2029,35.122178629679546,ssp585,access-cm2
80,2030,33.46536891362512,ssp585,access-cm2
81,2031,35.47247093069492,ssp585,access-cm2
82,2032,38.06665968721439,ssp585,access-cm2
83,2033,33.828466350015695,ssp585,access-cm2
84,2034,32.91978410430946,ssp585,access-cm2
85,2035,34.15462162499961,ssp585,access-cm2
86,2036,37.70253992118902,ssp585,access-cm2
87,2037,38.00979804541163,ssp585,access-cm2
88,2038,38.02317348049012,ssp585,access-cm2
89,2039,36.78263319639398,ssp585,access-cm2
90,2040,37.3666690006691,ssp585,access-cm2
91,2041,34.16110297484726,ssp585,access-cm2
92,2042,33.75809350666648,ssp585,access-cm2
93,2043,36.35415222906691,ssp585,access-cm2
94,2044,37.114317715159935,ssp585,access-cm2
95,2045,32.30573545130036,ssp585,access-cm2
96,2046,37.02176113588378,ssp585,access-cm2
97,2047,37.010898803176076,ssp585,access-cm2
98,2048,36.80449211727708,ssp585,access-cm2
99,2049,34.531577236986095,ssp585,access-cm2
100,2050,36.936141423227795,ssp585,access-cm2
101,2051,33.39967300358102,ssp585,access-cm2
102,2052,36.19602111693128,ssp585,access-cm2
103,2053,38.2289456809991,ssp585,access-cm2
104,2054,34.26512924090701,ssp585,access-cm2
105,2055,39.05725255107679,ssp585,access-cm2
106,2056,35.13694060558845,ssp585,access-cm2
107,2057,38.140016567428006,ssp585,access-cm2
108,2058,37.05663397733229,ssp585,access-cm2
109,2059,34.45093878977409,ssp585,access-cm2
110,2060,35.192257253980785,ssp585,access-cm2
111,2061,37.75316704630205,ssp585,access-cm2
112,2062,37.426587957415755,ssp585,access-cm2
113,2063,35.876940777393514,ssp585,access-cm2
114,2064,39.43097016405281,ssp585,access-cm2
115,2065,40.79272704497018,ssp585,access-cm2
116,2066,39.6101070454822,ssp585,access-cm2
117,2067,39.154923384831186,ssp585,access-cm2
118,2068,42.209798088536786,ssp585,access-cm2
119,2069,38.969018436392545,ssp585,access-cm2
120,2070,35.74691104504742,ssp585,access-cm2
121,2071,41.69108395576374,ssp585,access-cm2
122,2072,38.71757371489904,ssp585,access-cm2
123,2073,37.83714798750636,ssp585,access-cm2
124,2074,38.465847470308525,ssp585,access-cm2
125,2075,42.70425886219619,ssp585,access-cm2
126,2076,39.958087422706356,ssp585,access-cm2
127,2077,39.06335981283232,ssp585,access-cm2
128,2078,42.07852072458466,ssp585,access-cm2
129,2079,38.49251732254194,ssp585,access-cm2
130,2080,40.88150767436884,ssp585,access-cm2
131,2081,38.253095549432466,ssp585,access-cm2
132,2082,42.73385440725914,ssp585,access-cm2
133,2083,41.01974060541771,ssp585,access-cm2
134,2084,41.338404929307515,ssp585,access-cm2
135,2085,39.870311224249804,ssp585,access-cm2
136,2086,40.895693708867356,ssp585,access-cm2
137,2087,44.843941917293186,ssp585,access-cm2
138,2088,39.47426503335686,ssp585,access-cm2
139,2089,42.8585148616996,ssp585,access-cm2
140,2090,40.62182011379615,ssp585,access-cm2
141,2091,42.38480035547755,ssp585,access-cm2
142,2092,37.28020094811483,ssp585,access-cm2
143,2093,42.11551383543236,ssp585,access-cm2
144,2094,43.12516937529126,ssp585,access-cm2
145,2095,39.33774287419175,ssp585,access-cm2
146,2096,39.79228535941089,ssp585,access-cm2
147,2097,45.620339454811,ssp585,access-cm2
148,2098,40.90927759480394,ssp585,access-cm2
149,2099,42.377994532900026,ssp585,access-cm2
150,2100,46.22344949780165,ssp585,access-cm2
0,1950,,ssp585,miroc6
1,1951,32.94176047793138,ssp585,miroc6
2,1952,26.23055113904702,ssp585,miroc6
3,1953,25.509826252734445,ssp585,miroc6
4,1954,30.20530630005103,ssp585,miroc6
5,1955,33.3449198148389,ssp585,miroc6
6,1956,33.38825769832226,ssp585,miroc6
7,1957,32.62887908829588,ssp585,miroc6
8,1958,31.9593908430502,ssp585,miroc6
9,1959,34.08123428317536,ssp585,miroc6
10,1960,29.625173165154543,ssp585,miroc6
11,1961,31.473787672711758,ssp585,miroc6
12,1962,28.064064987010077,ssp585,miroc6
13,1963,25.877461201900037,ssp585,miroc6
14,1964,33.10566087699449,ssp585,miroc6
15,1965,24.816686847940254,ssp585,miroc6
16,1966,32.075242375766386,ssp585,miroc6
17,1967,30.299677210098622,ssp585,miroc6
18,1968,27.46596134338738,ssp585,miroc6
19,1969,27.22597573180652,ssp585,miroc6
20,1970,26.641631609376578,ssp585,miroc6
21,1971,28.00972431794683,ssp585,miroc6
22,1972,35.461088958384245,ssp585,miroc6
23,1973,29.446202551619297,ssp585,miroc6
24,1974,31.59248477230321,ssp585,miroc6
25,1975,31.6104325161019,ssp585,miroc6
26,1976,28.742204423521645,ssp585,miroc6
27,1977,33.93741979994275,ssp585,miroc6
28,1978,33.971957247609986,ssp585,miroc6
29,1979,33.60898869783414,ssp585,miroc6
30,1980,30.009514283512758,ssp585,miroc6
31,1981,32.66302901524322,ssp585,miroc6
32,1982,32.97910957260195,ssp585,miroc6
33,1983,29.061378863310185,ssp585,miroc6
34,1984,28.50493008245336,ssp585,miroc6
35,1985,33.58766126949269,ssp585,miroc6
36,1986,31.794842375545265,ssp585,miroc6
37,1987,31.01913356870558,ssp585,miroc6
38,1988,29.96510652913689,ssp585,miroc6
39,1989,32.80899599125011,ssp585,miroc6
40,1990,32.75628089406226,ssp585,miroc6
41,1991,29.64007461764326,ssp585,miroc6
42,1992,31.883336306832238,ssp585,miroc6
43,1993,33.91184295938647,ssp585,miroc6
44,1994,29.059617622675827,ssp585,miroc6
45,1995,30.755840576020717,ssp585,miroc6
46,1996,31.315143711122772,ssp585,miroc6
47,1997,32.159466587298105,ssp585,miroc6
48,1998,27.24082483364499,ssp585,miroc6
49,1999,32.606887938965116,ssp585,miroc6
50,2000,36.25088783068979,ssp585,miroc6
51,2001,32.535242284559516,ssp585,miroc6
52,2002,29.271555977975947,ssp585,miroc6
53,2003,35.384979000356445,ssp585,miroc6
54,2004,29.335246140174913,ssp585,miroc6
55,2005,35.11822944435048,ssp585,miroc6
56,2006,35.86373405164763,ssp585,miroc6
57,2007,31.617593989810015,ssp585,miroc6
58,2008,35.23955405324991,ssp585,miroc6
59,2009,30.882289345307214,ssp585,miroc6
60,2010,33.24892415339903,ssp585,miroc6
61,2011,34.782336174772276,ssp585,miroc6
62,2012,31.34547354005925,ssp585,miroc6
63,2013,29.704900744011926,ssp585,miroc6
64,2014,31.17168361337393,ssp585,miroc6
65,2015,33.37757004222291,ssp585,miroc6
66,2016,32.42581377065979,ssp585,miroc6
67,2017,32.30134348150193,ssp585,miroc6
68,2018,28.697266063215295,ssp585,miroc6
69,2019,34.72945660559385,ssp585,miroc6
70,2020,35.358607637682745,ssp585,miroc6
71,2021,32.603076099345856,ssp585,miroc6
72,2022,32.526589723587186,ssp585,miroc6
73,2023,35.99476932781889,ssp585,miroc6
74,2024,35.26553870647778,ssp585,miroc6
75,2025,40.23612384969949,ssp585,miroc6
76,2026,33.2230623827001,ssp585,miroc6
77,2027,35.919552577353606,ssp585,miroc6
78,2028,35.56681978214624,ssp585,miroc6
79,2029,35.00709073400342,ssp585,miroc6
80,2030,30.577777469412137,ssp585,miroc6
81,2031,33.30432847647551,ssp585,miroc6
82,2032,37.94088772779299,ssp585,miroc6
83,2033,32.55282229915595,ssp585,miroc6
84,2034,32.934012760949976,ssp585,miroc6
85,2035,31.056358063736926,ssp585,miroc6
86,2036,34.02481729122807,ssp585,miroc6
87,2037,41.06391951095403,ssp585,miroc6
88,2038,32.88889584782987,ssp585,miroc6
89,2039,33.73968629593028,ssp585,miroc6
90,2040,34.170256453630664,ssp585,miroc6
91,2041,37.28088695120355,ssp585,miroc6
92,2042,35.561577922968105,ssp585,miroc6
93,2043,39.43597847398357,ssp585,miroc6
94,2044,33.72567798554911,ssp585,miroc6
95,2045,40.027971929364725,ssp585,miroc6
96,2046,34.50643250431482,ssp585,miroc6
97,2047,35.52052402805934,ssp585,miroc6
98,2048,37.32499278399461,ssp585,miroc6
99,2049,41.47944360446804,ssp585,miroc6
100,2050,36.9261849151306,ssp585,miroc6
101,2051,37.22643915462443,ssp585,miroc6
102,2052,37.116504530681205,ssp585,miroc6
103,2053,38.402462011583296,ssp585,miroc6
104,2054,33.51162617276945,ssp585,miroc6
105,2055,36.776760824360274,ssp585,miroc6
106,2056,37.5374079682984,ssp585,miroc6
107,2057,42.92193118256326,ssp585,miroc6
108,2058,33.63056284424745,ssp585,miroc6
109,2059,39.84784448835125,ssp585,miroc6
110,2060,40.62141485936555,ssp585,miroc6
111,2061,37.680743286999125,ssp585,miroc6
112,2062,40.452295454284005,ssp585,miroc6
113,2063,34.724320747705114,ssp585,miroc6
114,2064,37.43598035174536,ssp585,miroc6
115,2065,39.76838867790466,ssp585,miroc6
116,2066,40.797206199277525,ssp585,miroc6
117,2067,40.53133823855213,ssp585,miroc6
118,2068,39.49387891902417,ssp585,miroc6
119,2069,37.7283641732617,ssp585,miroc6
120,2070,36.50428367002786,ssp585,miroc6
121,2071,40.912776263119184,ssp585,miroc6
122,2072,37.91784311956756,ssp585,miroc6
123,2073,38.758891857107564,ssp585,miroc6
124,2074,40.71350667008515,ssp585,miroc6
125,2075,42.18438249917941,ssp585,miroc6
126,2076,40.3581907066017,ssp585,miroc6
127,2077,43.383756259460014,ssp585,miroc6
128,2078,42.73329130361289,ssp585,miroc6
129,2079,38.904063625062854,ssp585,miroc6
130,2080,40.451089630783486,ssp585,miroc6
131,2081,42.88106021048386,ssp585,miroc6
132,2082,44.47427889031376,ssp585,miroc6
133,2083,44.17785001667978,ssp585,miroc6
134,2084,41.845094600353164,ssp585,miroc6
135,2085,48.86260631655178,ssp585,miroc6
136,2086,40.8649968933966,ssp585,miroc6
137,2087,43.688481444060976,ssp585,miroc6
138,2088,41.025062371183935,ssp585,miroc6
139,2089,42.31373975251358,ssp585,miroc6
140,2090,42.600194242085514,ssp585,miroc6
141,2091,42.53301112978176,ssp585,miroc6
142,2092,42.663144364366204,ssp585,miroc6
143,2093,43.94516655717167,ssp585,miroc6
144,2094,44.03630949870513,ssp585,miroc6
145,2095,44.37895934813648,ssp585,miroc6
146,2096,41.99859147785325,ssp585,miroc6
147,2097,41.827413395203266,ssp585,miroc6
148,2098,42.2080826085885,ssp585,miroc6
149,2099,40.16015100459641,ssp585,miroc6
150,2100,44.16856069836075,ssp585,miroc6
0,1950,,hist,nclimgrid
1,1951,,hist,nclimgrid
2,1952,30.845724072792006,hist,nclimgrid
3,1953,33.81487667191489,hist,nclimgrid
4,1954,33.62694263606186,hist,nclimgrid
5,1955,29.888211944403903,hist,nclimgrid
6,1956,29.781201508507763,hist,nclimgrid
7,1957,31.67704549785214,hist,nclimgrid
8,1958,32.340103061685625,hist,nclimgrid
9,1959,29.660403247329356,hist,nclimgrid
10,1960,30.668206734521874,hist,nclimgrid
11,1961,31.00673770099957,hist,nclimgrid
12,1962,29.07684739844356,hist,nclimgrid
13,1963,29.06295098141822,hist,nclimgrid
14,1964,29.037448162538897,hist,nclimgrid
15,1965,30.29845893895786,hist,nclimgrid
16,1966,29.621940120597035,hist,nclimgrid
17,1967,31.405599008641296,hist,nclimgrid
18,1968,29.726657073235838,hist,nclimgrid
19,1969,28.848325713759294,hist,nclimgrid
20,1970,30.37758844692192,hist,nclimgrid
21,1971,30.300860293873708,hist,nclimgrid
22,1972,30.35261843409051,hist,nclimgrid
23,1973,29.41562792537091,hist,nclimgrid
24,1974,31.451550522825976,hist,nclimgrid
25,1975,31.35726578440364,hist,nclimgrid
26,1976,32.85367212634654,hist,nclimgrid
27,1977,28.350939494219983,hist,nclimgrid
28,1978,27.464396378759314,hist,nclimgrid
29,1979,24.696103768697814,hist,nclimgrid
30,1980,31.800687428364235,hist,nclimgrid
31,1981,33.29784013319691,hist,nclimgrid
32,1982,28.98496564449167,hist,nclimgrid
33,1983,33.95444194849181,hist,nclimgrid
34,1984,28.857157130654578,hist,nclimgrid
35,1985,28.79230913879614,hist,nclimgrid
36,1986,31.34218110919529,hist,nclimgrid
37,1987,33.0639454674113,hist,nclimgrid
38,1988,30.356190470831386,hist,nclimgrid
39,1989,30.622799740635923,hist,nclimgrid
40,1990,32.042639739618124,hist,nclimgrid
41,1991,31.536279989896734,hist,nclimgrid
42,1992,34.86530283816324,hist,nclimgrid
43,1993,29.290248116494425,hist,nclimgrid
44,1994,30.108283476837926,hist,nclimgrid
45,1995,33.97206406261111,hist,nclimgrid
46,1996,31.21052361124155,hist,nclimgrid
47,1997,31.46737583600544,hist,nclimgrid
48,1998,34.50870480757121,hist,nclimgrid
49,1999,34.55812140480027,hist,nclimgrid
50,2000,34.81739603318035,hist,nclimgrid
51,2001,29.559421394881443,hist,nclimgrid
52,2002,34.26598835100164,hist,nclimgrid
53,2003,32.16634886869292,hist,nclimgrid
54,2004,31.477507170055436,hist,nclimgrid
55,2005,33.85131849902884,hist,nclimgrid
56,2006,34.06726434187814,hist,nclimgrid
57,2007,32.00598068396155,hist,nclimgrid
58,2008,30.916680365116672,hist,nclimgrid
59,2009,31.295038839891006,hist,nclimgrid
60,2010,29.240444225685383,hist,nclimgrid
61,2011,30.084051789843937,hist,nclimgrid
62,2012,34.865106959450934,hist,nclimgrid
63,2013,32.71001649371113,hist,nclimgrid
64,2014,29.46444413609449,hist,nclimgrid
65,2015,32.89337984223263,hist,nclimgrid
66,2016,35.189490680184385,hist,nclimgrid
67,2017,33.865568792918346,hist,nclimgrid
68,2018,32.219272576895996,hist,nclimgrid
69,2019,31.590096511755128,hist,nclimgrid
70,2020,34.89098337887399,hist,nclimgrid
71,2021,,hist,nclimgrid
72,2022,,hist,nclimgrid
73,2023,,hist,nclimgrid
74,2024,,hist,nclimgrid
75,2025,,hist,nclimgrid
76,2026,,hist,nclimgrid
77,2027,,hist,nclimgrid
78,2028,,hist,nclimgrid
79,2029,,hist,nclimgrid
80,2030,,hist,nclimgrid
81,2031,,hist,nclimgrid
82,2032,,hist,nclimgrid
83,2033,,hist,nclimgrid
84,2034,,hist,nclimgrid
85,2035,,hist,nclimgrid
86,2036,,hist,nclimgrid
87,2037,,hist,nclimgrid
88,2038,,hist,nclimgrid
89,2039,,hist,nclimgrid
90,2040,,hist,nclimgrid
91,2041,,hist,nclimgrid
92,2042,,hist,nclimgrid
93,2043,,hist,nclimgrid
94,2044,,hist,nclimgrid
95,2045,,hist,nclimgrid
96,2046,,hist,nclimgrid
97,2047,,hist,nclimgrid
98,2048,,hist,nclimgrid
99,2049,,hist,nclimgrid
100,2050,,hist,nclimgrid
101,2051,,hist,nclimgrid
102,2052,,hist,nclimgrid
103,2053,,hist,nclimgrid
104,2054,,hist,nclimgrid
105,2055,,hist,nclimgrid
106,2056,,hist,nclimgrid
107,2057,,hist,nclimgrid
108,2058,,hist,nclimgrid
109,2059,,hist,nclimgrid
110,2060,,hist,nclimgrid
111,2061,,hist,nclimgrid
112,2062,,hist,nclimgrid
113,2063,,hist,nclimgrid
114,2064,,hist,nclimgrid
115,2065,,hist,nclimgrid
116,2066,,hist,nclimgrid
117,2067,,hist,nclimgrid
118,2068,,hist,nclimgrid
119,2069,,hist,nclimgrid
120,2070,,hist,nclimgrid
121,2071,,hist,nclimgrid
122,2072,,hist,nclimgrid
123,2073,,hist,nclimgrid
124,2074,,hist,nclimgrid
125,2075,,hist,nclimgrid
126,2076,,hist,nclimgrid
127,2077,,hist,nclimgrid
128,2078,,hist,nclimgrid
129,2079,,hist,nclimgrid
130,2080,,hist,nclimgrid
131,2081,,hist,nclimgrid
132,2082,,hist,nclimgrid
133,2083,,hist,nclimgrid
134,2084,,hist,nclimgrid
135,2085,,hist,nclimgrid
136,2086,,hist,nclimgrid
137,2087,,hist,nclimgrid
138,2088,,hist,nclimgrid
139,2089,,hist,nclimgrid
140,2090,,hist,nclimgrid
141,2091,,hist,nclimgrid
142,2092,,hist,nclimgrid
143,2093,,hist,nclimgrid
144,2094,,hist,nclimgrid
145,2095,,hist,nclimgrid
146,2096,,hist,nclimgrid
147,2097,,hist,nclimgrid
148,2098,,hist,nclimgrid
149,2099,,hist,nclimgrid
150,2100,,hist,nclimgrid
0,1950,,ssp585,inm-cm5-0
1,1951,30.871543146450037,ssp585,inm-cm5-0
2,1952,26.11818588800591,ssp585,inm-cm5-0
3,1953,28.789074212512187,ssp585,inm-cm5-0
4,1954,33.752244483167956,ssp585,inm-cm5-0
5,1955,31.967869597279126,ssp585,inm-cm5-0
6,1956,25.834729425387604,ssp585,inm-cm5-0
7,1957,35.342963871574796,ssp585,inm-cm5-0
8,1958,32.41516652077372,ssp585,inm-cm5-0
9,1959,28.73832280711707,ssp585,inm-cm5-0
10,1960,32.85100516790464,ssp585,inm-cm5-0
11,1961,32.49251254738196,ssp585,inm-cm5-0
12,1962,31.497288329740066,ssp585,inm-cm5-0
13,1963,32.579450703251425,ssp585,inm-cm5-0
14,1964,32.56701975931578,ssp585,inm-cm5-0
15,1965,31.359456037927483,ssp585,inm-cm5-0
16,1966,30.983340683261563,ssp585,inm-cm5-0
17,1967,32.25901777312551,ssp585,inm-cm5-0
18,1968,27.79272861740525,ssp585,inm-cm5-0
19,1969,30.92358070973408,ssp585,inm-cm5-0
20,1970,26.94568696876983,ssp585,inm-cm5-0
21,1971,31.919752612769692,ssp585,inm-cm5-0
22,1972,32.45797439322462,ssp585,inm-cm5-0
23,1973,28.884499364538538,ssp585,inm-cm5-0
24,1974,30.934959451898884,ssp585,inm-cm5-0
25,1975,34.21402791241669,ssp585,inm-cm5-0
26,1976,31.663946690746524,ssp585,inm-cm5-0
27,1977,26.984917971467084,ssp585,inm-cm5-0
28,1978,33.39997872820036,ssp585,inm-cm5-0
29,1979,31.708060602886103,ssp585,inm-cm5-0
30,1980,33.00646111300744,ssp585,inm-cm5-0
31,1981,31.373785371109527,ssp585,inm-cm5-0
32,1982,31.939066112172824,ssp585,inm-cm5-0
33,1983,31.383678772482632,ssp585,inm-cm5-0
34,1984,32.80811733599665,ssp585,inm-cm5-0
35,1985,26.70466341495603,ssp585,inm-cm5-0
36,1986,29.69618236515436,ssp585,inm-cm5-0
37,1987,31.257080172905535,ssp585,inm-cm5-0
38,1988,33.34575615117949,ssp585,inm-cm5-0
39,1989,28.971804373908085,ssp585,inm-cm5-0
40,1990,31.651900475356715,ssp585,inm-cm5-0
41,1991,34.57290424254559,ssp585,inm-cm5-0
42,1992,30.092313640745886,ssp585,inm-cm5-0
43,1993,25.143701168277687,ssp585,inm-cm5-0
44,1994,31.506445451893278,ssp585,inm-cm5-0
45,1995,31.06496962756947,ssp585,inm-cm5-0
46,1996,31.72581437096944,ssp585,inm-cm5-0
47,1997,33.29984363887912,ssp585,inm-cm5-0
48,1998,32.23165253289926,ssp585,inm-cm5-0
49,1999,34.790886958751535,ssp585,inm-cm5-0
50,2000,25.44144509950952,ssp585,inm-cm5-0
51,2001,33.0365984418856,ssp585,inm-cm5-0
52,2002,31.98618444453569,ssp585,inm-cm5-0
53,2003,34.99850535376026,ssp585,inm-cm5-0
54,2004,27.066090598210916,ssp585,inm-cm5-0
55,2005,34.084206306216,ssp585,inm-cm5-0
56,2006,36.76860972889214,ssp585,inm-cm5-0
57,2007,32.31839833503435,ssp585,inm-cm5-0
58,2008,34.6022427677542,ssp585,inm-cm5-0
59,2009,34.101691773783415,ssp585,inm-cm5-0
60,2010,32.228206441232174,ssp585,inm-cm5-0
61,2011,33.02962701393059,ssp585,inm-cm5-0
62,2012,32.0818499324571,ssp585,inm-cm5-0
63,2013,36.25564091557634,ssp585,inm-cm5-0
64,2014,35.92620436565332,ssp585,inm-cm5-0
65,2015,36.520846210986775,ssp585,inm-cm5-0
66,2016,34.536497232242795,ssp585,inm-cm5-0
67,2017,31.872715971102647,ssp585,inm-cm5-0
68,2018,35.78211949432773,ssp585,inm-cm5-0
69,2019,33.76470799453646,ssp585,inm-cm5-0
70,2020,33.041956832528584,ssp585,inm-cm5-0
71,2021,31.218869713503107,ssp585,inm-cm5-0
72,2022,36.61032842205129,ssp585,inm-cm5-0
73,2023,36.2013046191978,ssp585,inm-cm5-0
74,2024,36.281686899722736,ssp585,inm-cm5-0
75,2025,34.83167681437353,ssp585,inm-cm5-0
76,2026,39.91770463797557,ssp585,inm-cm5-0
77,2027,33.337208951102866,ssp585,inm-cm5-0
78,2028,37.11057446473121,ssp585,inm-cm5-0
79,2029,34.61345496026996,ssp585,inm-cm5-0
80,2030,34.58679236217025,ssp585,inm-cm5-0
81,2031,32.87235361719315,ssp585,inm-cm5-0
82,2032,38.60548967784605,ssp585,inm-cm5-0
83,2033,38.270149543059645,ssp585,inm-cm5-0
84,2034,33.871790393284144,ssp585,inm-cm5-0
85,2035,37.58864992647966,ssp585,inm-cm5-0
86,2036,36.488469248816195,ssp585,inm-cm5-0
87,2037,38.06650325183503,ssp585,inm-cm5-0
88,2038,35.52318893482476,ssp585,inm-cm5-0
89,2039,33.06176310846801,ssp585,inm-cm5-0
90,2040,34.8705820224548,ssp585,inm-cm5-0
91,2041,39.8062266116543,ssp585,inm-cm5-0
92,2042,35.62164348349386,ssp585,inm-cm5-0
93,2043,38.34339409998505,ssp585,inm-cm5-0
94,2044,29.934036852591873,ssp585,inm-cm5-0
95,2045,38.09634440383693,ssp585,inm-cm5-0
96,2046,35.37461755893969,ssp585,inm-cm5-0
97,2047,39.189828808795006,ssp585,inm-cm5-0
98,2048,35.05270301324974,ssp585,inm-cm5-0
99,2049,36.10193290507431,ssp585,inm-cm5-0
100,2050,35.49543099708832,ssp585,inm-cm5-0
101,2051,36.89925276822596,ssp585,inm-cm5-0
102,2052,36.82438014519153,ssp585,inm-cm5-0
103,2053,37.9899041075273,ssp585,inm-cm5-0
104,2054,38.8396541084552,ssp585,inm-cm5-0
105,2055,41.19980327259309,ssp585,inm-cm5-0
106,2056,37.72419071641548,ssp585,inm-cm5-0
107,2057,31.448604973357977,ssp585,inm-cm5-0
108,2058,40.04355124514797,ssp585,inm-cm5-0
109,2059,40.54274351848982,ssp585,inm-cm5-0
110,2060,37.124588768458274,ssp585,inm-cm5-0
111,2061,40.93740688466467,ssp585,inm-cm5-0
112,2062,37.14474642065358,ssp585,inm-cm5-0
113,2063,38.40202092023126,ssp585,inm-cm5-0
114,2064,34.115323808521936,ssp585,inm-cm5-0
115,2065,38.849319882470766,ssp585,inm-cm5-0
116,2066,39.17471148197083,ssp585,inm-cm5-0
117,2067,37.08276669254422,ssp585,inm-cm5-0
118,2068,38.87526795091364,ssp585,inm-cm5-0
119,2069,40.5006205141868,ssp585,inm-cm5-0
120,2070,42.6922937296529,ssp585,inm-cm5-0
121,2071,37.12781768776894,ssp585,inm-cm5-0
122,2072,40.12014735672291,ssp585,inm-cm5-0
123,2073,41.3830716731114,ssp585,inm-cm5-0
124,2074,40.688507104840276,ssp585,inm-cm5-0
125,2075,39.028958945685524,ssp585,inm-cm5-0
126,2076,39.69718662642032,ssp585,inm-cm5-0
127,2077,33.19854071266462,ssp585,inm-cm5-0
128,2078,41.467629755115766,ssp585,inm-cm5-0
129,2079,36.861514699499125,ssp585,inm-cm5-0
130,2080,41.108982892398636,ssp585,inm-cm5-0
131,2081,37.85688506429082,ssp585,inm-cm5-0
132,2082,40.27593537829486,ssp585,inm-cm5-0
133,2083,41.10738808845709,ssp585,inm-cm5-0
134,2084,38.62805471474509,ssp585,inm-cm5-0
135,2085,39.103156497752906,ssp585,inm-cm5-0
136,2086,40.30185691392401,ssp585,inm-cm5-0
137,2087,36.02037982415249,ssp585,inm-cm5-0
138,2088,41.395388193061876,ssp585,inm-cm5-0
139,2089,40.93019165617808,ssp585,inm-cm5-0
140,2090,40.90911856559051,ssp585,inm-cm5-0
141,2091,39.77477972977386,ssp585,inm-cm5-0
142,2092,40.20404237201213,ssp585,inm-cm5-0
143,2093,40.58867049305681,ssp585,inm-cm5-0
144,2094,42.04767052371044,ssp585,inm-cm5-0
145,2095,40.81244543410872,ssp585,inm-cm5-0
146,2096,43.05370789426518,ssp585,inm-cm5-0
147,2097,43.70095905427667,ssp585,inm-cm5-0
148,2098,42.626009084492054,ssp585,inm-cm5-0
149,2099,38.915149574607234,ssp585,inm-cm5-0
150,2100,37.49614123729707,ssp585,inm-cm5-0
0,1950,,ssp585,mpi-esm1-2-hr
1,1951,29.913908676804795,ssp585,mpi-esm1-2-hr
2,1952,24.88491891378201,ssp585,mpi-esm1-2-hr
3,1953,31.289895945710988,ssp585,mpi-esm1-2-hr
4,1954,32.22647842508962,ssp585,mpi-esm1-2-hr
5,1955,26.66121247952914,ssp585,mpi-esm1-2-hr
6,1956,29.612432144044643,ssp585,mpi-esm1-2-hr
7,1957,32.66739065462227,ssp585,mpi-esm1-2-hr
8,1958,32.095214263678834,ssp585,mpi-esm1-2-hr
9,1959,32.08623805845955,ssp585,mpi-esm1-2-hr
10,1960,29.130928699414635,ssp585,mpi-esm1-2-hr
11,1961,32.736880272512295,ssp585,mpi-esm1-2-hr
12,1962,29.43563404467398,ssp585,mpi-esm1-2-hr
13,1963,29.974689905138973,ssp585,mpi-esm1-2-hr
14,1964,32.58573078591937,ssp585,mpi-esm1-2-hr
15,1965,30.24036034894111,ssp585,mpi-esm1-2-hr
16,1966,30.1064300738304,ssp585,mpi-esm1-2-hr
17,1967,34.52407880565089,ssp585,mpi-esm1-2-hr
18,1968,31.65011037417155,ssp585,mpi-esm1-2-hr
19,1969,32.143712431932705,ssp585,mpi-esm1-2-hr
20,1970,28.217742665962966,ssp585,mpi-esm1-2-hr
21,1971,31.888041493819912,ssp585,mpi-esm1-2-hr
22,1972,34.33814084114109,ssp585,mpi-esm1-2-hr
23,1973,34.59528917658099,ssp585,mpi-esm1-2-hr
24,1974,26.01527665734318,ssp585,mpi-esm1-2-hr
25,1975,28.027099457357785,ssp585,mpi-esm1-2-hr
26,1976,35.27552326745743,ssp585,mpi-esm1-2-hr
27,1977,34.02213229902345,ssp585,mpi-esm1-2-hr
28,1978,30.431842603670443,ssp585,mpi-esm1-2-hr
29,1979,26.551060500299872,ssp585,mpi-esm1-2-hr
30,1980,30.24659372095742,ssp585,mpi-esm1-2-hr
31,1981,30.922849952070813,ssp585,mpi-esm1-2-hr
32,1982,32.8284292123069,ssp585,mpi-esm1-2-hr
33,1983,34.914097698773844,ssp585,mpi-esm1-2-hr
34,1984,31.425313754164915,ssp585,mpi-esm1-2-hr
35,1985,32.56594126380441,ssp585,mpi-esm1-2-hr
36,1986,32.858912265941804,ssp585,mpi-esm1-2-hr
37,1987,30.166916874212937,ssp585,mpi-esm1-2-hr
38,1988,31.778175064276027,ssp585,mpi-esm1-2-hr
39,1989,32.48482648115419,ssp585,mpi-esm1-2-hr
40,1990,29.591912249810534,ssp585,mpi-esm1-2-hr
41,1991,30.46683277553619,ssp585,mpi-esm1-2-hr
42,1992,29.306256154581867,ssp585,mpi-esm1-2-hr
43,1993,33.91312352982601,ssp585,mpi-esm1-2-hr
44,1994,31.03102355414431,ssp585,mpi-esm1-2-hr
45,1995,26.88398931173295,ssp585,mpi-esm1-2-hr
46,1996,32.232854737289635,ssp585,mpi-esm1-2-hr
47,1997,33.17999151219203,ssp585,mpi-esm1-2-hr
48,1998,30.058465377485383,ssp585,mpi-esm1-2-hr
49,1999,28.66819085831508,ssp585,mpi-esm1-2-hr
50,2000,32.06539576278562,ssp585,mpi-esm1-2-hr
51,2001,29.512996384022017,ssp585,mpi-esm1-2-hr
52,2002,32.013571248745734,ssp585,mpi-esm1-2-hr
53,2003,31.726038903344705,ssp585,mpi-esm1-2-hr
54,2004,35.17117142450047,ssp585,mpi-esm1-2-hr
55,2005,31.43662030629781,ssp585,mpi-esm1-2-hr
56,2006,31.62798990737036,ssp585,mpi-esm1-2-hr
57,2007,32.4157088051509,ssp585,mpi-esm1-2-hr
58,2008,33.5686716516914,ssp585,mpi-esm1-2-hr
59,2009,30.33422580412358,ssp585,mpi-esm1-2-hr
60,2010,32.06708528586123,ssp585,mpi-esm1-2-hr
61,2011,28.375582143517825,ssp585,mpi-esm1-2-hr
62,2012,30.9275281304831,ssp585,mpi-esm1-2-hr
63,2013,30.725750113554792,ssp585,mpi-esm1-2-hr
64,2014,32.577373382768435,ssp585,mpi-esm1-2-hr
65,2015,31.760724564206914,ssp585,mpi-esm1-2-hr
66,2016,32.42538811090324,ssp585,mpi-esm1-2-hr
67,2017,33.78237069628179,ssp585,mpi-esm1-2-hr
68,2018,30.425098214973623,ssp585,mpi-esm1-2-hr
69,2019,29.621618316663046,ssp585,mpi-esm1-2-hr
70,2020,34.63188348832158,ssp585,mpi-esm1-2-hr
71,2021,36.44911259722732,ssp585,mpi-esm1-2-hr
72,2022,32.87333493231134,ssp585,mpi-esm1-2-hr
73,2023,33.58281247460163,ssp585,mpi-esm1-2-hr
74,2024,32.013882349759214,ssp585,mpi-esm1-2-hr
75,2025,34.96869058283605,ssp585,mpi-esm1-2-hr
76,2026,32.467141697766984,ssp585,mpi-esm1-2-hr
77,2027,33.38672877808317,ssp585,mpi-esm1-2-hr
78,2028,34.73821404591747,ssp585,mpi-esm1-2-hr
79,2029,32.35834095487589,ssp585,mpi-esm1-2-hr
80,2030,29.05965442056399,ssp585,mpi-esm1-2-hr
81,2031,30.756735335634218,ssp585,mpi-esm1-2-hr
82,2032,32.42010187988358,ssp585,mpi-esm1-2-hr
83,2033,37.77177079763381,ssp585,mpi-esm1-2-hr
84,2034,30.00839931689435,ssp585,mpi-esm1-2-hr
85,2035,33.05892210864164,ssp585,mpi-esm1-2-hr
86,2036,28.850623528384762,ssp585,mpi-esm1-2-hr
87,2037,35.417373063837815,ssp585,mpi-esm1-2-hr
88,2038,32.989927054718706,ssp585,mpi-esm1-2-hr
89,2039,31.191365219750004,ssp585,mpi-esm1-2-hr
90,2040,35.79808670348878,ssp585,mpi-esm1-2-hr
91,2041,36.0289030027988,ssp585,mpi-esm1-2-hr
92,2042,36.875619020512524,ssp585,mpi-esm1-2-hr
93,2043,32.78801233757658,ssp585,mpi-esm1-2-hr
94,2044,32.38640277683836,ssp585,mpi-esm1-2-hr
95,2045,35.02667533052701,ssp585,mpi-esm1-2-hr
96,2046,32.338126637427045,ssp585,mpi-esm1-2-hr
97,2047,34.914255042223466,ssp585,mpi-esm1-2-hr
98,2048,34.84250261779374,ssp585,mpi-esm1-2-hr
99,2049,33.597253969331646,ssp585,mpi-esm1-2-hr
100,2050,32.975957317431735,ssp585,mpi-esm1-2-hr
101,2051,33.37643346787425,ssp585,mpi-esm1-2-hr
102,2052,34.6933034335063,ssp585,mpi-esm1-2-hr
103,2053,39.06283787545493,ssp585,mpi-esm1-2-hr
104,2054,34.007184301750044,ssp585,mpi-esm1-2-hr
105,2055,36.74368947876696,ssp585,mpi-esm1-2-hr
106,2056,31.77733756899587,ssp585,mpi-esm1-2-hr
107,2057,34.485174109741465,ssp585,mpi-esm1-2-hr
108,2058,34.31123427899383,ssp585,mpi-esm1-2-hr
109,2059,35.182781942656945,ssp585,mpi-esm1-2-hr
110,2060,34.85696657614416,ssp585,mpi-esm1-2-hr
111,2061,34.43401410239949,ssp585,mpi-esm1-2-hr
112,2062,34.5027933272667,ssp585,mpi-esm1-2-hr
113,2063,34.02114095263049,ssp585,mpi-esm1-2-hr
114,2064,35.14784103448783,ssp585,mpi-esm1-2-hr
115,2065,34.19352154938278,ssp585,mpi-esm1-2-hr
116,2066,35.29984304268301,ssp585,mpi-esm1-2-hr
117,2067,36.41019696067097,ssp585,mpi-esm1-2-hr
118,2068,39.327668831736524,ssp585,mpi-esm1-2-hr
119,2069,32.207770043948074,ssp585,mpi-esm1-2-hr
120,2070,38.12622007920018,ssp585,mpi-esm1-2-hr
121,2071,37.66198875125878,ssp585,mpi-esm1-2-hr
122,2072,35.429623628402645,ssp585,mpi-esm1-2-hr
123,2073,38.578000124820264,ssp585,mpi-esm1-2-hr
124,2074,33.89159894179808,ssp585,mpi-esm1-2-hr
125,2075,35.282757315289615,ssp585,mpi-esm1-2-hr
126,2076,37.70810100402568,ssp585,mpi-esm1-2-hr
127,2077,35.41472588959978,ssp585,mpi-esm1-2-hr
128,2078,37.715021006595926,ssp585,mpi-esm1-2-hr
129,2079,38.41023723584045,ssp585,mpi-esm1-2-hr
130,2080,37.689603532960504,ssp585,mpi-esm1-2-hr
131,2081,38.67354342307928,ssp585,mpi-esm1-2-hr
132,2082,36.054217529678574,ssp585,mpi-esm1-2-hr
133,2083,36.14607085615111,ssp585,mpi-esm1-2-hr
134,2084,38.6090932776231,ssp585,mpi-esm1-2-hr
135,2085,38.27029481820795,ssp585,mpi-esm1-2-hr
136,2086,39.743164452807875,ssp585,mpi-esm1-2-hr
137,2087,36.55075525381437,ssp585,mpi-esm1-2-hr
138,2088,38.75370440238301,ssp585,mpi-esm1-2-hr
139,2089,40.070789705192,ssp585,mpi-esm1-2-hr
140,2090,39.453365178686646,ssp585,mpi-esm1-2-hr
141,2091,37.50058609023586,ssp585,mpi-esm1-2-hr
142,2092,34.00600138394042,ssp585,mpi-esm1-2-hr
143,2093,35.523999274283305,ssp585,mpi-esm1-2-hr
144,2094,42.43170758454137,ssp585,mpi-esm1-2-hr
145,2095,38.661784771223374,ssp585,mpi-esm1-2-hr
146,2096,37.84611164919758,ssp585,mpi-esm1-2-hr
147,2097,38.56892091180683,ssp585,mpi-esm1-2-hr
148,2098,40.72599849349288,ssp585,mpi-esm1-2-hr
149,2099,41.696870497522916,ssp585,mpi-esm1-2-hr
150,2100,40.25010216239843,ssp585,mpi-esm1-2-hr
0,1950,,ssp585,mri-esm2-0
1,1951,30.224313817002074,ssp585,mri-esm2-0
2,1952,35.46268551225916,ssp585,mri-esm2-0
3,1953,33.45507242781862,ssp585,mri-esm2-0
4,1954,33.26138114387997,ssp585,mri-esm2-0
5,1955,32.23267248821869,ssp585,mri-esm2-0
6,1956,27.342802072927817,ssp585,mri-esm2-0
7,1957,35.696522615979134,ssp585,mri-esm2-0
8,1958,31.830056258081015,ssp585,mri-esm2-0
9,1959,28.141175283705504,ssp585,mri-esm2-0
10,1960,30.132788455795982,ssp585,mri-esm2-0
11,1961,32.501703140229665,ssp585,mri-esm2-0
12,1962,29.563618527364344,ssp585,mri-esm2-0
13,1963,29.437553443294416,ssp585,mri-esm2-0
14,1964,28.20437869794792,ssp585,mri-esm2-0
15,1965,33.12266229501686,ssp585,mri-esm2-0
16,1966,30.21441545009464,ssp585,mri-esm2-0
17,1967,32.664435752920454,ssp585,mri-esm2-0
18,1968,30.85215505149128,ssp585,mri-esm2-0
19,1969,31.077534642657117,ssp585,mri-esm2-0
20,1970,30.51917544701015,ssp585,mri-esm2-0
21,1971,32.02793377440046,ssp585,mri-esm2-0
22,1972,28.790768225809977,ssp585,mri-esm2-0
23,1973,28.164441935697162,ssp585,mri-esm2-0
24,1974,34.35653999124342,ssp585,mri-esm2-0
25,1975,28.293400137965094,ssp585,mri-esm2-0
26,1976,29.47538240723677,ssp585,mri-esm2-0
27,1977,29.304861586250496,ssp585,mri-esm2-0
28,1978,31.310078124607532,ssp585,mri-esm2-0
29,1979,27.786159011870172,ssp585,mri-esm2-0
30,1980,32.09029035749344,ssp585,mri-esm2-0
31,1981,30.573609300361774,ssp585,mri-esm2-0
32,1982,31.13312186266939,ssp585,mri-esm2-0
33,1983,30.066535901430107,ssp585,mri-esm2-0
34,1984,30.00946071494264,ssp585,mri-esm2-0
35,1985,33.131053612362635,ssp585,mri-esm2-0
36,1986,28.546383121286933,ssp585,mri-esm2-0
37,1987,30.933531939932823,ssp585,mri-esm2-0
38,1988,32.44547553826396,ssp585,mri-esm2-0
39,1989,29.75209125803628,ssp585,mri-esm2-0
40,1990,33.30295840947788,ssp585,mri-esm2-0
41,1991,29.43578567586383,ssp585,mri-esm2-0
42,1992,31.52097358330716,ssp585,mri-esm2-0
43,1993,33.07712136659816,ssp585,mri-esm2-0
44,1994,30.434020195008596,ssp585,mri-esm2-0
45,1995,31.11421162788194,ssp585,mri-esm2-0
46,1996,32.127390548311645,ssp585,mri-esm2-0
47,1997,28.734232119118847,ssp585,mri-esm2-0
48,1998,32.84147869902115,ssp585,mri-esm2-0
49,1999,32.82459080094236,ssp585,mri-esm2-0
50,2000,34.44617068861831,ssp585,mri-esm2-0
51,2001,27.645861706874296,ssp585,mri-esm2-0
52,2002,35.397503968033526,ssp585,mri-esm2-0
53,2003,32.722345830071305,ssp585,mri-esm2-0
54,2004,31.56561478950604,ssp585,mri-esm2-0
55,2005,35.04806955683316,ssp585,mri-esm2-0
56,2006,35.103650202959166,ssp585,mri-esm2-0
57,2007,30.059622809817373,ssp585,mri-esm2-0
58,2008,33.42686176587537,ssp585,mri-esm2-0
59,2009,34.129199611146014,ssp585,mri-esm2-0
60,2010,28.559338707443867,ssp585,mri-esm2-0
61,2011,31.905632016218373,ssp585,mri-esm2-0
62,2012,31.56049884060522,ssp585,mri-esm2-0
63,2013,30.996501668842992,ssp585,mri-esm2-0
64,2014,35.915316049927476,ssp585,mri-esm2-0
65,2015,36.47316199806704,ssp585,mri-esm2-0
66,2016,30.417837646709895,ssp585,mri-esm2-0
67,2017,36.56667483519185,ssp585,mri-esm2-0
68,2018,32.009405894584354,ssp585,mri-esm2-0
69,2019,34.931166102277096,ssp585,mri-esm2-0
70,2020,34.80565632049907,ssp585,mri-esm2-0
71,2021,30.523814794742208,ssp585,mri-esm2-0
72,2022,31.046988621416855,ssp585,mri-esm2-0
73,2023,32.718657653523444,ssp585,mri-esm2-0
74,2024,32.40856187360996,ssp585,mri-esm2-0
75,2025,38.04272479763643,ssp585,mri-esm2-0
76,2026,33.647594366986006,ssp585,mri-esm2-0
77,2027,34.67771345707657,ssp585,mri-esm2-0
78,2028,31.100377121234686,ssp585,mri-esm2-0
79,2029,35.80467545889318,ssp585,mri-esm2-0
80,2030,31.38651679350074,ssp585,mri-esm2-0
81,2031,35.91493944788487,ssp585,mri-esm2-0
82,2032,32.88219675011324,ssp585,mri-esm2-0
83,2033,33.220949384499676,ssp585,mri-esm2-0
84,2034,40.18176302957269,ssp585,mri-esm2-0
85,2035,36.474655315165826,ssp585,mri-esm2-0
86,2036,36.21745170019332,ssp585,mri-esm2-0
87,2037,32.1596217181677,ssp585,mri-esm2-0
88,2038,38.19659856673689,ssp585,mri-esm2-0
89,2039,35.72985008907079,ssp585,mri-esm2-0
90,2040,36.59842094930338,ssp585,mri-esm2-0
91,2041,31.22116554383423,ssp585,mri-esm2-0
92,2042,38.11985951443028,ssp585,mri-esm2-0
93,2043,32.43132336511698,ssp585,mri-esm2-0
94,2044,38.945657328364234,ssp585,mri-esm2-0
95,2045,35.542091780231885,ssp585,mri-esm2-0
96,2046,32.61258781139345,ssp585,mri-esm2-0
97,2047,35.19659395153147,ssp585,mri-esm2-0
98,2048,37.394139863483524,ssp585,mri-esm2-0
99,2049,35.498619464928346,ssp585,mri-esm2-0
100,2050,35.05205732285418,ssp585,mri-esm2-0
101,2051,40.172896250258894,ssp585,mri-esm2-0
102,2052,33.36687153907649,ssp585,mri-esm2-0
103,2053,34.03104022355241,ssp585,mri-esm2-0
104,2054,36.11986968232466,ssp585,mri-esm2-0
105,2055,35.9708459514093,ssp585,mri-esm2-0
106,2056,37.73610789079586,ssp585,mri-esm2-0
107,2057,38.57260853652758,ssp585,mri-esm2-0
108,2058,34.92515993178814,ssp585,mri-esm2-0
109,2059,36.84932050473989,ssp585,mri-esm2-0
110,2060,35.780316141409045,ssp585,mri-esm2-0
111,2061,35.83738521243086,ssp585,mri-esm2-0
112,2062,37.6120804303242,ssp585,mri-esm2-0
113,2063,33.81689868860224,ssp585,mri-esm2-0
114,2064,40.132551605750685,ssp585,mri-esm2-0
115,2065,38.585993368648204,ssp585,mri-esm2-0
116,2066,38.494549415458,ssp585,mri-esm2-0
117,2067,36.55585106979583,ssp585,mri-esm2-0
118,2068,35.913430885474895,ssp585,mri-esm2-0
119,2069,39.831987464045255,ssp585,mri-esm2-0
120,2070,33.32030163219621,ssp585,mri-esm2-0
121,2071,36.30219684964312,ssp585,mri-esm2-0
122,2072,35.635187689203526,ssp585,mri-esm2-0
123,2073,41.14566010489336,ssp585,mri-esm2-0
124,2074,36.04629797056552,ssp585,mri-esm2-0
125,2075,38.44989603202306,ssp585,mri-esm2-0
126,2076,34.012475531000106,ssp585,mri-esm2-0
127,2077,40.29928100674492,ssp585,mri-esm2-0
128,2078,40.108329685926016,ssp585,mri-esm2-0
129,2079,35.4635045481589,ssp585,mri-esm2-0
130,2080,36.978168025694075,ssp585,mri-esm2-0
131,2081,39.046473457092894,ssp585,mri-esm2-0
132,2082,39.17586173629133,ssp585,mri-esm2-0
133,2083,39.08603309037072,ssp585,mri-esm2-0
134,2084,40.85450199962102,ssp585,mri-esm2-0
135,2085,41.4207457437272,ssp585,mri-esm2-0
136,2086,36.692360527877824,ssp585,mri-esm2-0
137,2087,40.31785879098609,ssp585,mri-esm2-0
138,2088,39.073887329925014,ssp585,mri-esm2-0
139,2089,40.49398118736829,ssp585,mri-esm2-0
140,2090,40.55882835083706,ssp585,mri-esm2-0
141,2091,42.20214661330274,ssp585,mri-esm2-0
142,2092,37.444991514975285,ssp585,mri-esm2-0
143,2093,41.70310648850366,ssp585,mri-esm2-0
144,2094,40.43605084720812,ssp585,mri-esm2-0
145,2095,43.32262958478593,ssp585,mri-esm2-0
146,2096,37.52191676274641,ssp585,mri-esm2-0
147,2097,41.3588544877997,ssp585,mri-esm2-0
148,2098,42.78727245447569,ssp585,mri-esm2-0
149,2099,41.63365437614104,ssp585,mri-esm2-0
150,2100,38.436769982185936,ssp585,mri-esm2-0
0,1950,,ssp585,ec-earth3
1,1951,29.77699482334631,ssp585,ec-earth3
2,1952,27.078159149873837,ssp585,ec-earth3
3,1953,31.571898641701946,ssp585,ec-earth3
4,1954,28.705138625934097,ssp585,ec-earth3
5,1955,32.161058448666296,ssp585,ec-earth3
6,1956,29.36234786306457,ssp585,ec-earth3
7,1957,30.525238989617478,ssp585,ec-earth3
8,1958,33.04131858746072,ssp585,ec-earth3
9,1959,34.00014953788747,ssp585,ec-earth3
10,1960,35.08034588567767,ssp585,ec-earth3
11,1961,29.505072239339867,ssp585,ec-earth3
12,1962,32.751606232270845,ssp585,ec-earth3
13,1963,31.698404926348022,ssp585,ec-earth3
14,1964,29.622947587339386,ssp585,ec-earth3
15,1965,30.73785717663476,ssp585,ec-earth3
16,1966,27.670282479437496,ssp585,ec-earth3
17,1967,31.939520231089606,ssp585,ec-earth3
18,1968,32.91902742587726,ssp585,ec-earth3
19,1969,30.35357502325802,ssp585,ec-earth3
20,1970,32.989500684952944,ssp585,ec-earth3
21,1971,30.634700124627567,ssp585,ec-earth3
22,1972,31.348531639836406,ssp585,ec-earth3
23,1973,27.611645736785487,ssp585,ec-earth3
24,1974,32.57190980269922,ssp585,ec-earth3
25,1975,34.14852658503699,ssp585,ec-earth3
26,1976,29.8727626215701,ssp585,ec-earth3
27,1977,32.56498032920854,ssp585,ec-earth3
28,1978,27.1151077924723,ssp585,ec-earth3
29,1979,31.629639595367767,ssp585,ec-earth3
30,1980,33.5915848200975,ssp585,ec-earth3
31,1981,32.13546977301064,ssp585,ec-earth3
32,1982,29.090658339389154,ssp585,ec-earth3
33,1983,30.110506493955047,ssp585,ec-earth3
34,1984,31.6928659213056,ssp585,ec-earth3
35,1985,30.924041140676604,ssp585,ec-earth3
36,1986,28.466932431105263,ssp585,ec-earth3
37,1987,28.62207404435936,ssp585,ec-earth3
38,1988,31.779190121979152,ssp585,ec-earth3
39,1989,31.41757216928644,ssp585,ec-earth3
40,1990,31.870426296478847,ssp585,ec-earth3
41,1991,32.04571086427517,ssp585,ec-earth3
42,1992,28.313738017537442,ssp585,ec-earth3
43,1993,30.95942940281289,ssp585,ec-earth3
44,1994,31.497462622119073,ssp585,ec-earth3
45,1995,34.719166835522344,ssp585,ec-earth3
46,1996,28.378057324920064,ssp585,ec-earth3
47,1997,32.35674234805789,ssp585,ec-earth3
48,1998,34.11667522400373,ssp585,ec-earth3
49,1999,31.73213224961482,ssp585,ec-earth3
50,2000,30.165664133333927,ssp585,ec-earth3
51,2001,31.962900403432634,ssp585,ec-earth3
52,2002,29.37855183995531,ssp585,ec-earth3
53,2003,31.986095357016882,ssp585,ec-earth3
54,2004,29.36723236902452,ssp585,ec-earth3
55,2005,33.134875313864924,ssp585,ec-earth3
56,2006,34.08527943783099,ssp585,ec-earth3
57,2007,30.645902209671952,ssp585,ec-earth3
58,2008,30.900942404029205,ssp585,ec-earth3
59,2009,28.471422355166247,ssp585,ec-earth3
60,2010,33.362203854580564,ssp585,ec-earth3
61,2011,38.53821255770811,ssp585,ec-earth3
62,2012,30.49872666967158,ssp585,ec-earth3
63,2013,32.39570543800389,ssp585,ec-earth3
64,2014,35.58153396693304,ssp585,ec-earth3
65,2015,35.067657972269664,ssp585,ec-earth3
66,2016,33.86019702736064,ssp585,ec-earth3
67,2017,34.08602121660143,ssp585,ec-earth3
68,2018,35.97380450358752,ssp585,ec-earth3
69,2019,37.013605221698356,ssp585,ec-earth3
70,2020,34.73601467206771,ssp585,ec-earth3
71,2021,37.0926989951838,ssp585,ec-earth3
72,2022,31.116646606734655,ssp585,ec-earth3
73,2023,38.599723935701704,ssp585,ec-earth3
74,2024,37.42158702202006,ssp585,ec-earth3
75,2025,36.36025280132514,ssp585,ec-earth3
76,2026,32.41987798902732,ssp585,ec-earth3
77,2027,37.82670654609481,ssp585,ec-earth3
78,2028,35.92276330328015,ssp585,ec-earth3
79,2029,35.3758381416093,ssp585,ec-earth3
80,2030,37.63641115478909,ssp585,ec-earth3
81,2031,38.04469410327131,ssp585,ec-earth3
82,2032,36.41344553549114,ssp585,ec-earth3
83,2033,39.185422287855,ssp585,ec-earth3
84,2034,36.836862282043214,ssp585,ec-earth3
85,2035,38.78684996677147,ssp585,ec-earth3
86,2036,37.09001275971403,ssp585,ec-earth3
87,2037,37.92894970809126,ssp585,ec-earth3
88,2038,37.3195717452717,ssp585,ec-earth3
89,2039,40.70347442790345,ssp585,ec-earth3
90,2040,41.37104974311302,ssp585,ec-earth3
91,2041,35.85553989816545,ssp585,ec-earth3
92,2042,36.748505742098914,ssp585,ec-earth3
93,2043,37.92043123738777,ssp585,ec-earth3
94,2044,40.30913589626087,ssp585,ec-earth3
95,2045,39.579090548383576,ssp585,ec-earth3
96,2046,38.417375679903195,ssp585,ec-earth3
97,2047,36.06596739322655,ssp585,ec-earth3
98,2048,42.81055260887936,ssp585,ec-earth3
99,2049,35.91405144709717,ssp585,ec-earth3
100,2050,37.67857756554652,ssp585,ec-earth3
101,2051,36.91318306591459,ssp585,ec-earth3
102,2052,33.77382868877809,ssp585,ec-earth3
103,2053,42.10786340572501,ssp585,ec-earth3
104,2054,39.470539443797925,ssp585,ec-earth3
105,2055,41.49520584982432,ssp585,ec-earth3
106,2056,41.73592881571746,ssp585,ec-earth3
107,2057,34.933741816253075,ssp585,ec-earth3
108,2058,41.06340605482183,ssp585,ec-earth3
109,2059,41.630609506726515,ssp585,ec-earth3
110,2060,39.25009338606981,ssp585,ec-earth3
111,2061,42.48331765658844,ssp585,ec-earth3
112,2062,40.36757843268187,ssp585,ec-earth3
113,2063,42.50036044519023,ssp585,ec-earth3
114,2064,39.152433812281124,ssp585,ec-earth3
115,2065,41.8744183215255,ssp585,ec-earth3
116,2066,43.65313767615724,ssp585,ec-earth3
117,2067,43.440557131217595,ssp585,ec-earth3
118,2068,41.19032735917061,ssp585,ec-earth3
119,2069,45.491443883121896,ssp585,ec-earth3
120,2070,45.71481007723284,ssp585,ec-earth3
121,2071,35.662900257355474,ssp585,ec-earth3
122,2072,46.485352913338176,ssp585,ec-earth3
123,2073,39.10078572877149,ssp585,ec-earth3
124,2074,43.12826564009655,ssp585,ec-earth3
125,2075,40.79057604204076,ssp585,ec-earth3
126,2076,41.32630749374409,ssp585,ec-earth3
127,2077,46.39334003155605,ssp585,ec-earth3
128,2078,40.027098512952705,ssp585,ec-earth3
129,2079,41.230583065000324,ssp585,ec-earth3
130,2080,42.107389054374536,ssp585,ec-earth3
131,2081,46.22000212933169,ssp585,ec-earth3
132,2082,44.88421149320542,ssp585,ec-earth3
133,2083,42.20621443983679,ssp585,ec-earth3
134,2084,43.66198124732862,ssp585,ec-earth3
135,2085,48.25808089229548,ssp585,ec-earth3
136,2086,42.75122163446675,ssp585,ec-earth3
137,2087,38.85370943762734,ssp585,ec-earth3
138,2088,46.96087490248981,ssp585,ec-earth3
139,2089,46.05430461303741,ssp585,ec-earth3
140,2090,42.90251337474667,ssp585,ec-earth3
141,2091,41.6324065312756,ssp585,ec-earth3
142,2092,48.8418170906496,ssp585,ec-earth3
143,2093,45.50525661526888,ssp585,ec-earth3
144,2094,44.89303657241378,ssp585,ec-earth3
145,2095,41.10130550013526,ssp585,ec-earth3
146,2096,45.744365439950954,ssp585,ec-earth3
147,2097,47.42482844645005,ssp585,ec-earth3
148,2098,44.35534123157695,ssp585,ec-earth3
149,2099,47.369277913399856,ssp585,ec-earth3
150,2100,45.002532091993636,ssp585,ec-earth3
