,year,avg_son_temp_f,scenario,model
0,1950,51.70141386267372,ssp126,noresm2-mm
1,1951,51.54135081165869,ssp126,noresm2-mm
2,1952,53.98128633477634,ssp126,noresm2-mm
3,1953,51.72260771692976,ssp126,noresm2-mm
4,1954,52.61280971639417,ssp126,noresm2-mm
5,1955,52.07129142246428,ssp126,noresm2-mm
6,1956,52.60669593362151,ssp126,noresm2-mm
7,1957,52.51371898437514,ssp126,noresm2-mm
8,1958,50.71883580910581,ssp126,noresm2-mm
9,1959,51.87541677108307,ssp126,noresm2-mm
10,1960,54.610822819328575,ssp126,noresm2-mm
11,1961,51.92873696782803,ssp126,noresm2-mm
12,1962,50.29202886282494,ssp126,noresm2-mm
13,1963,49.90297003376455,ssp126,noresm2-mm
14,1964,52.26252943682837,ssp126,noresm2-mm
15,1965,52.70806692917135,ssp126,noresm2-mm
16,1966,52.93023781386953,ssp126,noresm2-mm
17,1967,51.535580366643515,ssp126,noresm2-mm
18,1968,51.88291524617188,ssp126,noresm2-mm
19,1969,52.46220232897108,ssp126,noresm2-mm
20,1970,52.61615720468373,ssp126,noresm2-mm
21,1971,51.4414222853303,ssp126,noresm2-mm
22,1972,52.457773144345936,ssp126,noresm2-mm
23,1973,51.384366002831925,ssp126,noresm2-mm
24,1974,51.31630527664399,ssp126,noresm2-mm
25,1975,52.80883920660065,ssp126,noresm2-mm
26,1976,50.47404132472645,ssp126,noresm2-mm
27,1977,52.3439793090551,ssp126,noresm2-mm
28,1978,51.86645745647858,ssp126,noresm2-mm
29,1979,52.06227447243114,ssp126,noresm2-mm
30,1980,53.26333310953476,ssp126,noresm2-mm
31,1981,53.00053734666342,ssp126,noresm2-mm
32,1982,51.692996755496836,ssp126,noresm2-mm
33,1983,49.45795807148945,ssp126,noresm2-mm
34,1984,53.27925294707939,ssp126,noresm2-mm
35,1985,54.12735151086614,ssp126,noresm2-mm
36,1986,50.48211025457448,ssp126,noresm2-mm
37,1987,55.12241421477653,ssp126,noresm2-mm
38,1988,53.69828115789141,ssp126,noresm2-mm
39,1989,53.160133920887965,ssp126,noresm2-mm
40,1990,55.472975935766875,ssp126,noresm2-mm
41,1991,53.681475057789896,ssp126,noresm2-mm
42,1992,53.12054339389956,ssp126,noresm2-mm
43,1993,52.33275590409082,ssp126,noresm2-mm
44,1994,53.99678351509715,ssp126,noresm2-mm
45,1995,53.178145586808654,ssp126,noresm2-mm
46,1996,51.84730000284485,ssp126,noresm2-mm
47,1997,53.38272058503593,ssp126,noresm2-mm
48,1998,52.433164082310185,ssp126,noresm2-mm
49,1999,52.73332738010393,ssp126,noresm2-mm
50,2000,53.97410393687873,ssp126,noresm2-mm
51,2001,54.18664940103792,ssp126,noresm2-mm
52,2002,53.05507632959225,ssp126,noresm2-mm
53,2003,51.95157923745728,ssp126,noresm2-mm
54,2004,54.9802079945111,ssp126,noresm2-mm
55,2005,55.123384537766185,ssp126,noresm2-mm
56,2006,54.36553285274523,ssp126,noresm2-mm
57,2007,55.83356735173294,ssp126,noresm2-mm
58,2008,54.517280468967996,ssp126,noresm2-mm
59,2009,53.906101663538045,ssp126,noresm2-mm
60,2010,54.76135713637867,ssp126,noresm2-mm
61,2011,53.97383527245686,ssp126,noresm2-mm
62,2012,54.610608878959134,ssp126,noresm2-mm
63,2013,54.49525097176782,ssp126,noresm2-mm
64,2014,52.18443442811054,ssp126,noresm2-mm
65,2015,55.941059316720015,ssp126,noresm2-mm
66,2016,53.89510178055009,ssp126,noresm2-mm
67,2017,57.43191201941783,ssp126,noresm2-mm
68,2018,56.4500976784911,ssp126,noresm2-mm
69,2019,56.5205541038096,ssp126,noresm2-mm
70,2020,55.09874206233248,ssp126,noresm2-mm
71,2021,56.08808572253123,ssp126,noresm2-mm
72,2022,55.300318432551926,ssp126,noresm2-mm
73,2023,54.76442512695594,ssp126,noresm2-mm
74,2024,55.82199514843405,ssp126,noresm2-mm
75,2025,56.96091084643318,ssp126,noresm2-mm
76,2026,55.90420782671445,ssp126,noresm2-mm
77,2027,54.1083652029193,ssp126,noresm2-mm
78,2028,56.10577895319174,ssp126,noresm2-mm
79,2029,56.49023494605692,ssp126,noresm2-mm
80,2030,53.01346209777082,ssp126,noresm2-mm
81,2031,56.747910612436435,ssp126,noresm2-mm
82,2032,55.99037075676904,ssp126,noresm2-mm
83,2033,54.720846694130145,ssp126,noresm2-mm
84,2034,54.84825491705739,ssp126,noresm2-mm
85,2035,56.17250778652119,ssp126,noresm2-mm
86,2036,56.45484059841906,ssp126,noresm2-mm
87,2037,56.32558816268761,ssp126,noresm2-mm
88,2038,55.55420018446237,ssp126,noresm2-mm
89,2039,56.86064547348739,ssp126,noresm2-mm
90,2040,54.036928405437926,ssp126,noresm2-mm
91,2041,56.37185748180839,ssp126,noresm2-mm
92,2042,57.99833008864214,ssp126,noresm2-mm
93,2043,55.53199619124129,ssp126,noresm2-mm
94,2044,56.09533618826655,ssp126,noresm2-mm
95,2045,55.60940983983775,ssp126,noresm2-mm
96,2046,57.33954659336197,ssp126,noresm2-mm
97,2047,53.80971016008856,ssp126,noresm2-mm
98,2048,56.046742871134526,ssp126,noresm2-mm
99,2049,56.41077377330688,ssp126,noresm2-mm
100,2050,54.292486888004525,ssp126,noresm2-mm
101,2051,59.35570508702043,ssp126,noresm2-mm
102,2052,55.73763046305302,ssp126,noresm2-mm
103,2053,55.51277548934756,ssp126,noresm2-mm
104,2054,56.13299545026009,ssp126,noresm2-mm
105,2055,56.37999789081705,ssp126,noresm2-mm
106,2056,55.66366420304088,ssp126,noresm2-mm
107,2057,57.28472750440712,ssp126,noresm2-mm
108,2058,56.51832325412514,ssp126,noresm2-mm
109,2059,59.30918366673244,ssp126,noresm2-mm
110,2060,56.898820404568774,ssp126,noresm2-mm
111,2061,57.42928946988912,ssp126,noresm2-mm
112,2062,57.12802109036524,ssp126,noresm2-mm
113,2063,57.2152462558894,ssp126,noresm2-mm
114,2064,56.78936666140078,ssp126,noresm2-mm
115,2065,57.82716227563811,ssp126,noresm2-mm
116,2066,57.5178349723368,ssp126,noresm2-mm
117,2067,58.13042252256914,ssp126,noresm2-mm
118,2068,57.740312269614584,ssp126,noresm2-mm
119,2069,58.040472902554555,ssp126,noresm2-mm
120,2070,59.53935039340996,ssp126,noresm2-mm
121,2071,55.61789797333863,ssp126,noresm2-mm
122,2072,55.89005004018933,ssp126,noresm2-mm
123,2073,58.04423462511939,ssp126,noresm2-mm
124,2074,57.21980574613221,ssp126,noresm2-mm
125,2075,56.460954724201926,ssp126,noresm2-mm
126,2076,56.92410052531121,ssp126,noresm2-mm
127,2077,57.698985978768974,ssp126,noresm2-mm
128,2078,57.578280438750845,ssp126,noresm2-mm
129,2079,56.62567636874132,ssp126,noresm2-mm
130,2080,55.395503036750675,ssp126,noresm2-mm
131,2081,57.67759977902163,ssp126,noresm2-mm
132,2082,59.94750504794948,ssp126,noresm2-mm
133,2083,57.74597675791459,ssp126,noresm2-mm
134,2084,57.260305829728296,ssp126,noresm2-mm
135,2085,55.07698981089842,ssp126,noresm2-mm
136,2086,57.555761144486084,ssp126,noresm2-mm
137,2087,56.74715337735275,ssp126,noresm2-mm
138,2088,57.74547195097376,ssp126,noresm2-mm
139,2089,58.299018884581805,ssp126,noresm2-mm
140,2090,57.033610160340295,ssp126,noresm2-mm
141,2091,55.94196838826542,ssp126,noresm2-mm
142,2092,58.65777629442927,ssp126,noresm2-mm
143,2093,56.085210080411535,ssp126,noresm2-mm
144,2094,57.85454876748347,ssp126,noresm2-mm
145,2095,56.89495455199394,ssp126,noresm2-mm
146,2096,57.16136698224623,ssp126,noresm2-mm
147,2097,58.01346069318587,ssp126,noresm2-mm
148,2098,55.87351305961218,ssp126,noresm2-mm
149,2099,56.118136337554354,ssp126,noresm2-mm
150,2100,58.577919221494035,ssp126,noresm2-mm
0,1950,50.137716637291255,ssp126,mpi-esm1-2-lr
1,1951,54.53878616153127,ssp126,mpi-esm1-2-lr
2,1952,52.101744496902974,ssp126,mpi-esm1-2-lr
3,1953,52.08436962598849,ssp126,mpi-esm1-2-lr
4,1954,50.96761958067883,ssp126,mpi-esm1-2-lr
5,1955,52.00271135810332,ssp126,mpi-esm1-2-lr
6,1956,52.20211372951355,ssp126,mpi-esm1-2-lr
7,1957,53.602890141489084,ssp126,mpi-esm1-2-lr
8,1958,55.310186847830344,ssp126,mpi-esm1-2-lr
9,1959,56.53478505712803,ssp126,mpi-esm1-2-lr
10,1960,52.437620873854655,ssp126,mpi-esm1-2-lr
11,1961,51.37859695848924,ssp126,mpi-esm1-2-lr
12,1962,52.92420482665749,ssp126,mpi-esm1-2-lr
13,1963,51.75489345893377,ssp126,mpi-esm1-2-lr
14,1964,50.27038849522368,ssp126,mpi-esm1-2-lr
15,1965,51.363053071961815,ssp126,mpi-esm1-2-lr
16,1966,51.428174843947254,ssp126,mpi-esm1-2-lr
17,1967,51.3196938365726,ssp126,mpi-esm1-2-lr
18,1968,54.70710305144872,ssp126,mpi-esm1-2-lr
19,1969,51.23968483016091,ssp126,mpi-esm1-2-lr
20,1970,48.834997810483344,ssp126,mpi-esm1-2-lr
21,1971,50.700571307872295,ssp126,mpi-esm1-2-lr
22,1972,48.81068612931993,ssp126,mpi-esm1-2-lr
23,1973,49.983678455050935,ssp126,mpi-esm1-2-lr
24,1974,52.07448888053986,ssp126,mpi-esm1-2-lr
25,1975,53.131592850376414,ssp126,mpi-esm1-2-lr
26,1976,52.39552883808101,ssp126,mpi-esm1-2-lr
27,1977,53.11928020851794,ssp126,mpi-esm1-2-lr
28,1978,53.14211393486108,ssp126,mpi-esm1-2-lr
29,1979,51.3367988154392,ssp126,mpi-esm1-2-lr
30,1980,51.61902136095245,ssp126,mpi-esm1-2-lr
31,1981,51.43208788064291,ssp126,mpi-esm1-2-lr
32,1982,53.42217782438784,ssp126,mpi-esm1-2-lr
33,1983,51.774187404022335,ssp126,mpi-esm1-2-lr
34,1984,53.754257771342814,ssp126,mpi-esm1-2-lr
35,1985,55.544387701892006,ssp126,mpi-esm1-2-lr
36,1986,52.63067285166361,ssp126,mpi-esm1-2-lr
37,1987,53.3594906177616,ssp126,mpi-esm1-2-lr
38,1988,53.16793114962651,ssp126,mpi-esm1-2-lr
39,1989,54.36671668247174,ssp126,mpi-esm1-2-lr
40,1990,51.89714207023716,ssp126,mpi-esm1-2-lr
41,1991,52.853865035374184,ssp126,mpi-esm1-2-lr
42,1992,51.136377601906645,ssp126,mpi-esm1-2-lr
43,1993,50.515236995550495,ssp126,mpi-esm1-2-lr
44,1994,54.77424708540215,ssp126,mpi-esm1-2-lr
45,1995,53.12283680039006,ssp126,mpi-esm1-2-lr
46,1996,54.70325760854617,ssp126,mpi-esm1-2-lr
47,1997,50.676273678145726,ssp126,mpi-esm1-2-lr
48,1998,50.88548034562853,ssp126,mpi-esm1-2-lr
49,1999,54.06692764418591,ssp126,mpi-esm1-2-lr
50,2000,52.90108982669468,ssp126,mpi-esm1-2-lr
51,2001,53.08147864782539,ssp126,mpi-esm1-2-lr
52,2002,53.82078029592246,ssp126,mpi-esm1-2-lr
53,2003,54.135935433649195,ssp126,mpi-esm1-2-lr
54,2004,56.52457162786348,ssp126,mpi-esm1-2-lr
55,2005,54.87274323864659,ssp126,mpi-esm1-2-lr
56,2006,55.36327896518826,ssp126,mpi-esm1-2-lr
57,2007,54.004279141325874,ssp126,mpi-esm1-2-lr
58,2008,53.003420875706794,ssp126,mpi-esm1-2-lr
59,2009,53.864908458451836,ssp126,mpi-esm1-2-lr
60,2010,52.99799325958315,ssp126,mpi-esm1-2-lr
61,2011,55.52886793321567,ssp126,mpi-esm1-2-lr
62,2012,50.44178982366127,ssp126,mpi-esm1-2-lr
63,2013,55.81140725613636,ssp126,mpi-esm1-2-lr
64,2014,54.22618893157666,ssp126,mpi-esm1-2-lr
65,2015,52.129250070421236,ssp126,mpi-esm1-2-lr
66,2016,53.39684317190905,ssp126,mpi-esm1-2-lr
67,2017,51.07153107637625,ssp126,mpi-esm1-2-lr
68,2018,53.09607087443259,ssp126,mpi-esm1-2-lr
69,2019,52.95100858316281,ssp126,mpi-esm1-2-lr
70,2020,52.47466262876074,ssp126,mpi-esm1-2-lr
71,2021,54.39593101311689,ssp126,mpi-esm1-2-lr
72,2022,54.05066339638797,ssp126,mpi-esm1-2-lr
73,2023,55.366187566888186,ssp126,mpi-esm1-2-lr
74,2024,54.92515964728018,ssp126,mpi-esm1-2-lr
75,2025,54.4858416789826,ssp126,mpi-esm1-2-lr
76,2026,55.83975165029063,ssp126,mpi-esm1-2-lr
77,2027,55.2275522835363,ssp126,mpi-esm1-2-lr
78,2028,54.22072148612142,ssp126,mpi-esm1-2-lr
79,2029,55.32778407015824,ssp126,mpi-esm1-2-lr
80,2030,55.71810649630711,ssp126,mpi-esm1-2-lr
81,2031,53.51521245686019,ssp126,mpi-esm1-2-lr
82,2032,55.06276718587762,ssp126,mpi-esm1-2-lr
83,2033,55.01455635843648,ssp126,mpi-esm1-2-lr
84,2034,54.17290899547858,ssp126,mpi-esm1-2-lr
85,2035,55.43568556551319,ssp126,mpi-esm1-2-lr
86,2036,51.23448123775861,ssp126,mpi-esm1-2-lr
87,2037,55.79642878507616,ssp126,mpi-esm1-2-lr
88,2038,54.95590460530595,ssp126,mpi-esm1-2-lr
89,2039,55.1783957369515,ssp126,mpi-esm1-2-lr
90,2040,53.84181154534681,ssp126,mpi-esm1-2-lr
91,2041,55.38961978921515,ssp126,mpi-esm1-2-lr
92,2042,55.94915739631203,ssp126,mpi-esm1-2-lr
93,2043,55.81517758292109,ssp126,mpi-esm1-2-lr
94,2044,56.66186262038051,ssp126,mpi-esm1-2-lr
95,2045,54.34720894775784,ssp126,mpi-esm1-2-lr
96,2046,53.64625386123002,ssp126,mpi-esm1-2-lr
97,2047,54.66553857316103,ssp126,mpi-esm1-2-lr
98,2048,54.881397028389195,ssp126,mpi-esm1-2-lr
99,2049,58.774909430447245,ssp126,mpi-esm1-2-lr
100,2050,53.65445102618505,ssp126,mpi-esm1-2-lr
101,2051,57.30015823092743,ssp126,mpi-esm1-2-lr
102,2052,56.84417054329534,ssp126,mpi-esm1-2-lr
103,2053,55.46078005274795,ssp126,mpi-esm1-2-lr
104,2054,57.12289253428564,ssp126,mpi-esm1-2-lr
105,2055,55.4226271305446,ssp126,mpi-esm1-2-lr
106,2056,53.40898822769483,ssp126,mpi-esm1-2-lr
107,2057,57.57252644439793,ssp126,mpi-esm1-2-lr
108,2058,53.16581321860991,ssp126,mpi-esm1-2-lr
109,2059,56.088234402432356,ssp126,mpi-esm1-2-lr
110,2060,55.41057524357324,ssp126,mpi-esm1-2-lr
111,2061,58.23118997085578,ssp126,mpi-esm1-2-lr
112,2062,55.43837181542607,ssp126,mpi-esm1-2-lr
113,2063,56.89204686015806,ssp126,mpi-esm1-2-lr
114,2064,54.67945037982727,ssp126,mpi-esm1-2-lr
115,2065,52.29698359538223,ssp126,mpi-esm1-2-lr
116,2066,54.443500789017314,ssp126,mpi-esm1-2-lr
117,2067,54.52897403558135,ssp126,mpi-esm1-2-lr
118,2068,55.63099077180521,ssp126,mpi-esm1-2-lr
119,2069,55.4975455517255,ssp126,mpi-esm1-2-lr
120,2070,56.99247883941123,ssp126,mpi-esm1-2-lr
121,2071,56.099908451338536,ssp126,mpi-esm1-2-lr
122,2072,56.54810182591623,ssp126,mpi-esm1-2-lr
123,2073,56.84840154093847,ssp126,mpi-esm1-2-lr
124,2074,55.0879636017268,ssp126,mpi-esm1-2-lr
125,2075,56.88685410422742,ssp126,mpi-esm1-2-lr
126,2076,57.34604128865627,ssp126,mpi-esm1-2-lr
127,2077,55.68017425511969,ssp126,mpi-esm1-2-lr
128,2078,55.83157118204273,ssp126,mpi-esm1-2-lr
129,2079,57.22283531113678,ssp126,mpi-esm1-2-lr
130,2080,54.619150970083275,ssp126,mpi-esm1-2-lr
131,2081,56.41213834659488,ssp126,mpi-esm1-2-lr
132,2082,55.742847790500676,ssp126,mpi-esm1-2-lr
133,2083,56.4348148123054,ssp126,mpi-esm1-2-lr
134,2084,53.59574419862232,ssp126,mpi-esm1-2-lr
135,2085,55.08796672331626,ssp126,mpi-esm1-2-lr
136,2086,51.79758804818386,ssp126,mpi-esm1-2-lr
137,2087,53.46275173209846,ssp126,mpi-esm1-2-lr
138,2088,53.14388175803124,ssp126,mpi-esm1-2-lr
139,2089,55.205064318149226,ssp126,mpi-esm1-2-lr
140,2090,54.815495290667016,ssp126,mpi-esm1-2-lr
141,2091,55.38469027747611,ssp126,mpi-esm1-2-lr
142,2092,54.44053189725354,ssp126,mpi-esm1-2-lr
143,2093,54.159546568458985,ssp126,mpi-esm1-2-lr
144,2094,55.62864040431388,ssp126,mpi-esm1-2-lr
145,2095,56.738841407462125,ssp126,mpi-esm1-2-lr
146,2096,53.568396316075386,ssp126,mpi-esm1-2-lr
147,2097,52.70116970270398,ssp126,mpi-esm1-2-lr
148,2098,55.05313442559651,ssp126,mpi-esm1-2-lr
149,2099,60.11506352097591,ssp126,mpi-esm1-2-lr
150,2100,57.797069504248554,ssp126,mpi-esm1-2-lr
0,1950,54.62822403720605,ssp126,miroc6
1,1951,50.05884988648282,ssp126,miroc6
2,1952,51.89327572061864,ssp126,miroc6
3,1953,51.413703083357404,ssp126,miroc6
4,1954,52.22302085324509,ssp126,miroc6
5,1955,50.46514142544693,ssp126,miroc6
6,1956,53.585684857298816,ssp126,miroc6
7,1957,52.521267401611084,ssp126,miroc6
8,1958,52.966122249268444,ssp126,miroc6
9,1959,52.61712452471911,ssp126,miroc6
10,1960,53.04780956470517,ssp126,miroc6
11,1961,52.507518576363594,ssp126,miroc6
12,1962,51.89219457760913,ssp126,miroc6
13,1963,53.545628944759486,ssp126,miroc6
14,1964,50.28877059990169,ssp126,miroc6
15,1965,52.567910065326465,ssp126,miroc6
16,1966,51.82117000724767,ssp126,miroc6
17,1967,51.587207134210445,ssp126,miroc6
18,1968,53.96349400163147,ssp126,miroc6
19,1969,52.90946750717541,ssp126,miroc6
20,1970,53.61171105277449,ssp126,miroc6
21,1971,50.93793004362297,ssp126,miroc6
22,1972,52.74714929485296,ssp126,miroc6
23,1973,50.41700034554538,ssp126,miroc6
24,1974,53.660546726083886,ssp126,miroc6
25,1975,51.99176931914795,ssp126,miroc6
26,1976,52.23669187572251,ssp126,miroc6
27,1977,53.367518583475956,ssp126,miroc6
28,1978,53.83317696471539,ssp126,miroc6
29,1979,53.04963021496038,ssp126,miroc6
30,1980,56.54018665799561,ssp126,miroc6
31,1981,51.64032663274894,ssp126,miroc6
32,1982,51.215419501829544,ssp126,miroc6
33,1983,51.13505112891302,ssp126,miroc6
34,1984,52.051354852986925,ssp126,miroc6
35,1985,51.6824509462531,ssp126,miroc6
36,1986,52.9888073378071,ssp126,miroc6
37,1987,53.74478262986906,ssp126,miroc6
38,1988,52.094996474517515,ssp126,miroc6
39,1989,51.604681493602996,ssp126,miroc6
40,1990,52.467417535743856,ssp126,miroc6
41,1991,51.90421958142871,ssp126,miroc6
42,1992,50.7160108234514,ssp126,miroc6
43,1993,52.25476404474251,ssp126,miroc6
44,1994,52.14360507579535,ssp126,miroc6
45,1995,53.31662936705868,ssp126,miroc6
46,1996,54.39599457218344,ssp126,miroc6
47,1997,54.32739833920138,ssp126,miroc6
48,1998,50.74183193442807,ssp126,miroc6
49,1999,52.5486403328239,ssp126,miroc6
50,2000,54.77603896910084,ssp126,miroc6
51,2001,54.626162410160305,ssp126,miroc6
52,2002,55.52087142027999,ssp126,miroc6
53,2003,51.99716072890656,ssp126,miroc6
54,2004,53.19144996015228,ssp126,miroc6
55,2005,56.288222038813565,ssp126,miroc6
56,2006,53.9364715603582,ssp126,miroc6
57,2007,53.69101444028896,ssp126,miroc6
58,2008,53.62538483557433,ssp126,miroc6
59,2009,53.62724383670307,ssp126,miroc6
60,2010,54.6960096668899,ssp126,miroc6
61,2011,54.0848352912768,ssp126,miroc6
62,2012,53.53774369488918,ssp126,miroc6
63,2013,54.93402277129075,ssp126,miroc6
64,2014,55.625392574372725,ssp126,miroc6
65,2015,54.57327820880117,ssp126,miroc6
66,2016,55.113019013396006,ssp126,miroc6
67,2017,54.79572267031625,ssp126,miroc6
68,2018,54.291040164129356,ssp126,miroc6
69,2019,55.475138354195245,ssp126,miroc6
70,2020,55.85891595567321,ssp126,miroc6
71,2021,56.14806578024124,ssp126,miroc6
72,2022,54.64938007263936,ssp126,miroc6
73,2023,53.92556987439651,ssp126,miroc6
74,2024,54.85869588135068,ssp126,miroc6
75,2025,54.15097800912701,ssp126,miroc6
76,2026,56.20427868621266,ssp126,miroc6
77,2027,55.93954381028545,ssp126,miroc6
78,2028,56.69432943181317,ssp126,miroc6
79,2029,56.3303579747978,ssp126,miroc6
80,2030,54.18588755625974,ssp126,miroc6
81,2031,57.297265348401375,ssp126,miroc6
82,2032,57.724779805126076,ssp126,miroc6
83,2033,56.594747071947026,ssp126,miroc6
84,2034,57.30818922242136,ssp126,miroc6
85,2035,53.1687564004501,ssp126,miroc6
86,2036,55.260007045192964,ssp126,miroc6
87,2037,56.51731198564286,ssp126,miroc6
88,2038,57.000312632301146,ssp126,miroc6
89,2039,56.856601273607716,ssp126,miroc6
90,2040,55.764552355981074,ssp126,miroc6
91,2041,56.086639063876596,ssp126,miroc6
92,2042,55.759763330398265,ssp126,miroc6
93,2043,55.48008444195379,ssp126,miroc6
94,2044,56.187284811845146,ssp126,miroc6
95,2045,53.21161338145761,ssp126,miroc6
96,2046,55.86587731235251,ssp126,miroc6
97,2047,55.439425593102904,ssp126,miroc6
98,2048,56.54036522070664,ssp126,miroc6
99,2049,57.30347263285069,ssp126,miroc6
100,2050,57.38027749766071,ssp126,miroc6
101,2051,57.978483450068126,ssp126,miroc6
102,2052,55.37333582225285,ssp126,miroc6
103,2053,56.59263279237589,ssp126,miroc6
104,2054,55.83522630787642,ssp126,miroc6
105,2055,56.3820927333421,ssp126,miroc6
106,2056,57.616103876091614,ssp126,miroc6
107,2057,58.09161829736988,ssp126,miroc6
108,2058,56.34164521387689,ssp126,miroc6
109,2059,55.07369820148474,ssp126,miroc6
110,2060,56.28932767515692,ssp126,miroc6
111,2061,56.645131171172025,ssp126,miroc6
112,2062,54.580640941418395,ssp126,miroc6
113,2063,55.014717833011915,ssp126,miroc6
114,2064,58.057246832198025,ssp126,miroc6
115,2065,58.41853339420808,ssp126,miroc6
116,2066,56.05506960994185,ssp126,miroc6
117,2067,57.07736592048329,ssp126,miroc6
118,2068,56.27551860127051,ssp126,miroc6
119,2069,57.59441921964121,ssp126,miroc6
120,2070,55.98064958509543,ssp126,miroc6
121,2071,56.51202217705313,ssp126,miroc6
122,2072,54.73969455417073,ssp126,miroc6
123,2073,55.99083620009745,ssp126,miroc6
124,2074,56.48171465926456,ssp126,miroc6
125,2075,53.21735818873042,ssp126,miroc6
126,2076,56.76365367340015,ssp126,miroc6
127,2077,56.48407843785302,ssp126,miroc6
128,2078,57.02132174048002,ssp126,miroc6
129,2079,56.341935856403566,ssp126,miroc6
130,2080,55.87389956362118,ssp126,miroc6
131,2081,54.41526962137979,ssp126,miroc6
132,2082,56.324545470217835,ssp126,miroc6
133,2083,56.336826102362906,ssp126,miroc6
134,2084,57.91394260769002,ssp126,miroc6
135,2085,56.8512816326037,ssp126,miroc6
136,2086,56.086791530785206,ssp126,miroc6
137,2087,59.7471797174689,ssp126,miroc6
138,2088,54.87386145230378,ssp126,miroc6
139,2089,56.43847731394448,ssp126,miroc6
140,2090,56.686252964775186,ssp126,miroc6
141,2091,55.70544660961296,ssp126,miroc6
142,2092,54.74777913495146,ssp126,miroc6
143,2093,57.81856076343719,ssp126,miroc6
144,2094,55.40280039817591,ssp126,miroc6
145,2095,57.956245711508004,ssp126,miroc6
146,2096,56.28206513348046,ssp126,miroc6
147,2097,56.423422349525126,ssp126,miroc6
148,2098,53.933628992734775,ssp126,miroc6
149,2099,56.18559160820789,ssp126,miroc6
150,2100,57.84326885874472,ssp126,miroc6
0,1950,52.60864044150153,ssp126,inm-cm5-0
1,1951,51.65661697141667,ssp126,inm-cm5-0
2,1952,51.37770255481496,ssp126,inm-cm5-0
3,1953,51.27817759826543,ssp126,inm-cm5-0
4,1954,53.0610819403013,ssp126,inm-cm5-0
5,1955,52.7731867202709,ssp126,inm-cm5-0
6,1956,52.07271080584825,ssp126,inm-cm5-0
7,1957,52.485917903584195,ssp126,inm-cm5-0
8,1958,52.832916148354585,ssp126,inm-cm5-0
9,1959,53.08945833063051,ssp126,inm-cm5-0
10,1960,53.78083984002529,ssp126,inm-cm5-0
11,1961,50.80917788786675,ssp126,inm-cm5-0
12,1962,53.96993695440209,ssp126,inm-cm5-0
13,1963,51.89274133275548,ssp126,inm-cm5-0
14,1964,52.786544932326294,ssp126,inm-cm5-0
15,1965,51.71808014832718,ssp126,inm-cm5-0
16,1966,50.848791592169206,ssp126,inm-cm5-0
17,1967,53.111590343049116,ssp126,inm-cm5-0
18,1968,52.93156938857691,ssp126,inm-cm5-0
19,1969,53.84750330563082,ssp126,inm-cm5-0
20,1970,52.65753265695548,ssp126,inm-cm5-0
21,1971,52.399007766525344,ssp126,inm-cm5-0
22,1972,50.46475621450219,ssp126,inm-cm5-0
23,1973,52.92441895362514,ssp126,inm-cm5-0
24,1974,51.2258868641499,ssp126,inm-cm5-0
25,1975,52.47940384555102,ssp126,inm-cm5-0
26,1976,53.9778461387454,ssp126,inm-cm5-0
27,1977,52.96734606801775,ssp126,inm-cm5-0
28,1978,52.12889209507885,ssp126,inm-cm5-0
29,1979,54.115943882294104,ssp126,inm-cm5-0
30,1980,52.22511816076304,ssp126,inm-cm5-0
31,1981,50.527992821428256,ssp126,inm-cm5-0
32,1982,50.67205519665545,ssp126,inm-cm5-0
33,1983,50.62824527549116,ssp126,inm-cm5-0
34,1984,52.72824017533706,ssp126,inm-cm5-0
35,1985,51.259035303498,ssp126,inm-cm5-0
36,1986,53.35379577304856,ssp126,inm-cm5-0
37,1987,52.698180991338745,ssp126,inm-cm5-0
38,1988,52.12986405834981,ssp126,inm-cm5-0
39,1989,53.542629852071336,ssp126,inm-cm5-0
40,1990,54.282376471130824,ssp126,inm-cm5-0
41,1991,54.62972279970122,ssp126,inm-cm5-0
42,1992,50.935714871361895,ssp126,inm-cm5-0
43,1993,52.82583181559328,ssp126,inm-cm5-0
44,1994,51.67906615396332,ssp126,inm-cm5-0
45,1995,51.78511486677208,ssp126,inm-cm5-0
46,1996,53.42138972132956,ssp126,inm-cm5-0
47,1997,52.814828570635726,ssp126,inm-cm5-0
48,1998,53.23725924837245,ssp126,inm-cm5-0
49,1999,52.451820077312576,ssp126,inm-cm5-0
50,2000,53.86940117993116,ssp126,inm-cm5-0
51,2001,53.46400477021137,ssp126,inm-cm5-0
52,2002,54.90717739391035,ssp126,inm-cm5-0
53,2003,54.34996594529174,ssp126,inm-cm5-0
54,2004,55.29821861481599,ssp126,inm-cm5-0
55,2005,54.45143759961905,ssp126,inm-cm5-0
56,2006,53.45598777186472,ssp126,inm-cm5-0
57,2007,54.34932646615073,ssp126,inm-cm5-0
58,2008,55.48285807212744,ssp126,inm-cm5-0
59,2009,54.45152346499896,ssp126,inm-cm5-0
60,2010,53.81467033664471,ssp126,inm-cm5-0
61,2011,54.529012605746324,ssp126,inm-cm5-0
62,2012,53.76539762557994,ssp126,inm-cm5-0
63,2013,52.580501977770524,ssp126,inm-cm5-0
64,2014,56.09353867878146,ssp126,inm-cm5-0
65,2015,53.85997309816447,ssp126,inm-cm5-0
66,2016,55.904256673886344,ssp126,inm-cm5-0
67,2017,54.9162912203737,ssp126,inm-cm5-0
68,2018,52.53685713691944,ssp126,inm-cm5-0
69,2019,54.925734799585186,ssp126,inm-cm5-0
70,2020,52.446285141798946,ssp126,inm-cm5-0
71,2021,55.53678518662137,ssp126,inm-cm5-0
72,2022,54.500241872397154,ssp126,inm-cm5-0
73,2023,53.639441492253596,ssp126,inm-cm5-0
74,2024,55.25713614619138,ssp126,inm-cm5-0
75,2025,55.04419386721273,ssp126,inm-cm5-0
76,2026,54.08721558612793,ssp126,inm-cm5-0
77,2027,55.035491931661035,ssp126,inm-cm5-0
78,2028,54.24317222629319,ssp126,inm-cm5-0
79,2029,55.97331078179785,ssp126,inm-cm5-0
80,2030,53.93977532846321,ssp126,inm-cm5-0
81,2031,53.71619021404089,ssp126,inm-cm5-0
82,2032,55.701421601427754,ssp126,inm-cm5-0
83,2033,56.496818209047085,ssp126,inm-cm5-0
84,2034,55.20865465165764,ssp126,inm-cm5-0
85,2035,56.61332361525035,ssp126,inm-cm5-0
86,2036,55.408401784499965,ssp126,inm-cm5-0
87,2037,57.22467003936028,ssp126,inm-cm5-0
88,2038,56.98611053974914,ssp126,inm-cm5-0
89,2039,55.24046278496003,ssp126,inm-cm5-0
90,2040,56.181775144781845,ssp126,inm-cm5-0
91,2041,56.43004527824477,ssp126,inm-cm5-0
92,2042,55.50244129868162,ssp126,inm-cm5-0
93,2043,52.17609224853387,ssp126,inm-cm5-0
94,2044,56.64175550241698,ssp126,inm-cm5-0
95,2045,53.61329271961617,ssp126,inm-cm5-0
96,2046,55.43453353547379,ssp126,inm-cm5-0
97,2047,54.6284136922863,ssp126,inm-cm5-0
98,2048,57.30311723223885,ssp126,inm-cm5-0
99,2049,53.94567930827971,ssp126,inm-cm5-0
100,2050,57.93619415960315,ssp126,inm-cm5-0
101,2051,56.0029744198761,ssp126,inm-cm5-0
102,2052,55.68614258578664,ssp126,inm-cm5-0
103,2053,57.94201855898699,ssp126,inm-cm5-0
104,2054,55.27936886419686,ssp126,inm-cm5-0
105,2055,55.21820994513834,ssp126,inm-cm5-0
106,2056,55.81294642211969,ssp126,inm-cm5-0
107,2057,56.7935204468344,ssp126,inm-cm5-0
108,2058,55.66964705111913,ssp126,inm-cm5-0
109,2059,55.251498201167365,ssp126,inm-cm5-0
110,2060,56.858310621724264,ssp126,inm-cm5-0
111,2061,55.29944666440648,ssp126,inm-cm5-0
112,2062,55.64400763213085,ssp126,inm-cm5-0
113,2063,56.77094629357111,ssp126,inm-cm5-0
114,2064,56.40322307156295,ssp126,inm-cm5-0
115,2065,57.402590325920414,ssp126,inm-cm5-0
116,2066,55.45390181509274,ssp126,inm-cm5-0
117,2067,54.97757156926497,ssp126,inm-cm5-0
118,2068,54.8524858025084,ssp126,inm-cm5-0
119,2069,53.185307506533036,ssp126,inm-cm5-0
120,2070,54.36098351968313,ssp126,inm-cm5-0
121,2071,56.3233296649318,ssp126,inm-cm5-0
122,2072,58.241141566434194,ssp126,inm-cm5-0
123,2073,56.88964255155122,ssp126,inm-cm5-0
124,2074,56.142308239607196,ssp126,inm-cm5-0
125,2075,55.341856832128755,ssp126,inm-cm5-0
126,2076,54.30824365741573,ssp126,inm-cm5-0
127,2077,54.14557750917862,ssp126,inm-cm5-0
128,2078,56.65472051323018,ssp126,inm-cm5-0
129,2079,53.56216482844643,ssp126,inm-cm5-0
130,2080,56.013839828365356,ssp126,inm-cm5-0
131,2081,55.51265209539801,ssp126,inm-cm5-0
132,2082,55.44846545202127,ssp126,inm-cm5-0
133,2083,55.903117510960506,ssp126,inm-cm5-0
134,2084,54.016686752722556,ssp126,inm-cm5-0
135,2085,54.58371624214565,ssp126,inm-cm5-0
136,2086,53.5298489670287,ssp126,inm-cm5-0
137,2087,54.10382273278383,ssp126,inm-cm5-0
138,2088,55.74265926327502,ssp126,inm-cm5-0
139,2089,55.65086459265413,ssp126,inm-cm5-0
140,2090,55.69229908057882,ssp126,inm-cm5-0
141,2091,54.739364246715766,ssp126,inm-cm5-0
142,2092,57.34582517993443,ssp126,inm-cm5-0
143,2093,53.65710266206519,ssp126,inm-cm5-0
144,2094,56.66933489720204,ssp126,inm-cm5-0
145,2095,53.993318985825354,ssp126,inm-cm5-0
146,2096,53.41290646124068,ssp126,inm-cm5-0
147,2097,54.67088009843448,ssp126,inm-cm5-0
148,2098,54.80117040656935,ssp126,inm-cm5-0
149,2099,53.48145912913467,ssp126,inm-cm5-0
150,2100,53.12107682313638,ssp126,inm-cm5-0
0,1950,52.05421195294609,ssp126,access-cm2
1,1951,51.95473592193948,ssp126,access-cm2
2,1952,51.32862996305901,ssp126,access-cm2
3,1953,52.483993890391524,ssp126,access-cm2
4,1954,51.16176467956345,ssp126,access-cm2
5,1955,52.49927140357713,ssp126,access-cm2
6,1956,52.06207653761634,ssp126,access-cm2
7,1957,52.91462126078279,ssp126,access-cm2
8,1958,51.061891922117944,ssp126,access-cm2
9,1959,53.1691173549799,ssp126,access-cm2
10,1960,51.33221044016609,ssp126,access-cm2
11,1961,52.98134001284432,ssp126,access-cm2
12,1962,53.617908120187195,ssp126,access-cm2
13,1963,54.328826693205535,ssp126,access-cm2
14,1964,50.933144259405836,ssp126,access-cm2
15,1965,50.976457091746575,ssp126,access-cm2
16,1966,52.13113483487053,ssp126,access-cm2
17,1967,51.189599266835245,ssp126,access-cm2
18,1968,52.805639538118335,ssp126,access-cm2
19,1969,51.18894085530431,ssp126,access-cm2
20,1970,51.73171027972051,ssp126,access-cm2
21,1971,52.05597136420861,ssp126,access-cm2
22,1972,51.35080698066433,ssp126,access-cm2
23,1973,51.009674845653215,ssp126,access-cm2
24,1974,52.06895376179093,ssp126,access-cm2
25,1975,53.676538359958585,ssp126,access-cm2
26,1976,52.34966142579832,ssp126,access-cm2
27,1977,53.981853062938356,ssp126,access-cm2
28,1978,54.73761224219156,ssp126,access-cm2
29,1979,54.05038392195359,ssp126,access-cm2
30,1980,51.234757877161925,ssp126,access-cm2
31,1981,51.80678412676749,ssp126,access-cm2
32,1982,53.55115917511432,ssp126,access-cm2
33,1983,51.67853413156725,ssp126,access-cm2
34,1984,53.71713031477023,ssp126,access-cm2
35,1985,52.68400302655165,ssp126,access-cm2
36,1986,54.067137996343995,ssp126,access-cm2
37,1987,52.68401254389392,ssp126,access-cm2
38,1988,53.23693347747425,ssp126,access-cm2
39,1989,53.711681623186415,ssp126,access-cm2
40,1990,51.870585220788904,ssp126,access-cm2
41,1991,52.229718729883366,ssp126,access-cm2
42,1992,51.0107745319063,ssp126,access-cm2
43,1993,52.63813745570297,ssp126,access-cm2
44,1994,51.45683706021774,ssp126,access-cm2
45,1995,51.3802723340959,ssp126,access-cm2
46,1996,51.470066038891154,ssp126,access-cm2
47,1997,52.946916426118946,ssp126,access-cm2
48,1998,53.7851855355246,ssp126,access-cm2
49,1999,51.82422634932425,ssp126,access-cm2
50,2000,54.72378510270224,ssp126,access-cm2
51,2001,54.834715733747146,ssp126,access-cm2
52,2002,55.72292839020104,ssp126,access-cm2
53,2003,54.401081496248146,ssp126,access-cm2
54,2004,53.09062993942355,ssp126,access-cm2
55,2005,53.35081134136434,ssp126,access-cm2
56,2006,55.77364056933761,ssp126,access-cm2
57,2007,53.109755103178664,ssp126,access-cm2
58,2008,54.377647068926265,ssp126,access-cm2
59,2009,53.027183444041455,ssp126,access-cm2
60,2010,55.563246710863666,ssp126,access-cm2
61,2011,55.29029245723121,ssp126,access-cm2
62,2012,55.780225920897415,ssp126,access-cm2
63,2013,54.73545178960638,ssp126,access-cm2
64,2014,55.001008996778644,ssp126,access-cm2
65,2015,55.64603117773642,ssp126,access-cm2
66,2016,55.91762810062628,ssp126,access-cm2
67,2017,54.922207424111484,ssp126,access-cm2
68,2018,57.25732193684544,ssp126,access-cm2
69,2019,56.641900635806174,ssp126,access-cm2
70,2020,55.69526736688037,ssp126,access-cm2
71,2021,55.72405043601879,ssp126,access-cm2
72,2022,56.772044670908485,ssp126,access-cm2
73,2023,58.32512022553903,ssp126,access-cm2
74,2024,55.454493713349784,ssp126,access-cm2
75,2025,58.12807779987927,ssp126,access-cm2
76,2026,56.8885028934652,ssp126,access-cm2
77,2027,56.367112087220555,ssp126,access-cm2
78,2028,56.39267801398224,ssp126,access-cm2
79,2029,59.0820298538357,ssp126,access-cm2
80,2030,55.43714272787617,ssp126,access-cm2
81,2031,55.190072037983796,ssp126,access-cm2
82,2032,57.898755455458975,ssp126,access-cm2
83,2033,58.350109980229284,ssp126,access-cm2
84,2034,55.55352701003698,ssp126,access-cm2
85,2035,58.50755881978647,ssp126,access-cm2
86,2036,58.292052991885136,ssp126,access-cm2
87,2037,57.50926362141636,ssp126,access-cm2
88,2038,57.01872038434925,ssp126,access-cm2
89,2039,57.686446667062796,ssp126,access-cm2
90,2040,57.255828555597645,ssp126,access-cm2
91,2041,55.74777887965814,ssp126,access-cm2
92,2042,58.816538880996674,ssp126,access-cm2
93,2043,57.39557430389732,ssp126,access-cm2
94,2044,58.6109832331446,ssp126,access-cm2
95,2045,57.88550083256827,ssp126,access-cm2
96,2046,61.60838822501862,ssp126,access-cm2
97,2047,58.15751211458961,ssp126,access-cm2
98,2048,60.02234969844344,ssp126,access-cm2
99,2049,59.362755105618824,ssp126,access-cm2
100,2050,58.7349555155693,ssp126,access-cm2
101,2051,59.92958734565619,ssp126,access-cm2
102,2052,58.64003559851974,ssp126,access-cm2
103,2053,60.47989630481147,ssp126,access-cm2
104,2054,58.44776566817884,ssp126,access-cm2
105,2055,57.33053309133496,ssp126,access-cm2
106,2056,58.162560475435335,ssp126,access-cm2
107,2057,58.52726868276263,ssp126,access-cm2
108,2058,59.1954385947757,ssp126,access-cm2
109,2059,57.84471287349535,ssp126,access-cm2
110,2060,57.64284603382263,ssp126,access-cm2
111,2061,59.94531652123288,ssp126,access-cm2
112,2062,58.348312033488256,ssp126,access-cm2
113,2063,59.30712467706828,ssp126,access-cm2
114,2064,57.8240175187604,ssp126,access-cm2
115,2065,60.897611243874216,ssp126,access-cm2
116,2066,58.65326456617865,ssp126,access-cm2
117,2067,60.0992053906243,ssp126,access-cm2
118,2068,59.65696653342615,ssp126,access-cm2
119,2069,62.28178643796248,ssp126,access-cm2
120,2070,57.13814286322992,ssp126,access-cm2
121,2071,59.57796937615404,ssp126,access-cm2
122,2072,58.47973480407852,ssp126,access-cm2
123,2073,61.1774113774145,ssp126,access-cm2
124,2074,59.17695615254226,ssp126,access-cm2
125,2075,58.588746779984874,ssp126,access-cm2
126,2076,59.142174413634734,ssp126,access-cm2
127,2077,60.860203583185836,ssp126,access-cm2
128,2078,58.30986456952534,ssp126,access-cm2
129,2079,60.36454416337566,ssp126,access-cm2
130,2080,60.32790225530328,ssp126,access-cm2
131,2081,60.19118572587674,ssp126,access-cm2
132,2082,59.29761647785922,ssp126,access-cm2
133,2083,59.066966691822294,ssp126,access-cm2
134,2084,57.60799075644106,ssp126,access-cm2
135,2085,60.01913545751474,ssp126,access-cm2
136,2086,58.881150144714994,ssp126,access-cm2
137,2087,58.40304587424334,ssp126,access-cm2
138,2088,58.76884863537386,ssp126,access-cm2
139,2089,58.349804389683875,ssp126,access-cm2
140,2090,60.31302746043178,ssp126,access-cm2
141,2091,59.07772276821295,ssp126,access-cm2
142,2092,60.15068923954391,ssp126,access-cm2
143,2093,60.17359395977821,ssp126,access-cm2
144,2094,60.42398140721236,ssp126,access-cm2
145,2095,59.147800091309634,ssp126,access-cm2
146,2096,60.213794540279224,ssp126,access-cm2
147,2097,59.33044853597642,ssp126,access-cm2
148,2098,59.65302023653549,ssp126,access-cm2
149,2099,59.955132284511656,ssp126,access-cm2
150,2100,59.7800467269841,ssp126,access-cm2
0,1950,51.80110783198884,ssp126,mri-esm2-0
1,1951,53.45365118804821,ssp126,mri-esm2-0
2,1952,50.719654363961865,ssp126,mri-esm2-0
3,1953,53.96568056037688,ssp126,mri-esm2-0
4,1954,50.28231249964942,ssp126,mri-esm2-0
5,1955,50.8655945514866,ssp126,mri-esm2-0
6,1956,53.67759343257513,ssp126,mri-esm2-0
7,1957,54.565693876591965,ssp126,mri-esm2-0
8,1958,52.532891095607944,ssp126,mri-esm2-0
9,1959,52.98830626308817,ssp126,mri-esm2-0
10,1960,53.78622446503285,ssp126,mri-esm2-0
11,1961,52.601505966388565,ssp126,mri-esm2-0
12,1962,53.04099744334969,ssp126,mri-esm2-0
13,1963,50.741365229958824,ssp126,mri-esm2-0
14,1964,52.07872608655137,ssp126,mri-esm2-0
15,1965,50.17371407571669,ssp126,mri-esm2-0
16,1966,52.90687492755856,ssp126,mri-esm2-0
17,1967,53.43449565467162,ssp126,mri-esm2-0
18,1968,52.70653842765592,ssp126,mri-esm2-0
19,1969,52.743749172590746,ssp126,mri-esm2-0
20,1970,52.58482128211658,ssp126,mri-esm2-0
21,1971,53.74899548398229,ssp126,mri-esm2-0
22,1972,52.50372731106123,ssp126,mri-esm2-0
23,1973,53.071963814324995,ssp126,mri-esm2-0
24,1974,50.478357010528676,ssp126,mri-esm2-0
25,1975,52.362896991266396,ssp126,mri-esm2-0
26,1976,50.91017812081836,ssp126,mri-esm2-0
27,1977,54.343291362049676,ssp126,mri-esm2-0
28,1978,52.391442609933364,ssp126,mri-esm2-0
29,1979,54.173948331838396,ssp126,mri-esm2-0
30,1980,50.74646583520089,ssp126,mri-esm2-0
31,1981,51.228552815470195,ssp126,mri-esm2-0
32,1982,52.21577189578389,ssp126,mri-esm2-0
33,1983,53.17467304549387,ssp126,mri-esm2-0
34,1984,52.19526835248797,ssp126,mri-esm2-0
35,1985,53.189109297200545,ssp126,mri-esm2-0
36,1986,51.94887240366835,ssp126,mri-esm2-0
37,1987,50.0256496869938,ssp126,mri-esm2-0
38,1988,51.920869909091486,ssp126,mri-esm2-0
39,1989,51.78944884385418,ssp126,mri-esm2-0
40,1990,50.919586852506704,ssp126,mri-esm2-0
41,1991,52.12336029693156,ssp126,mri-esm2-0
42,1992,50.86469610297973,ssp126,mri-esm2-0
43,1993,51.49067466183674,ssp126,mri-esm2-0
44,1994,51.77015303893258,ssp126,mri-esm2-0
45,1995,52.74418202884086,ssp126,mri-esm2-0
46,1996,51.77711091835848,ssp126,mri-esm2-0
47,1997,51.29015067965303,ssp126,mri-esm2-0
48,1998,52.701752151167184,ssp126,mri-esm2-0
49,1999,55.89611810587213,ssp126,mri-esm2-0
50,2000,54.46923163030771,ssp126,mri-esm2-0
51,2001,54.315491999194705,ssp126,mri-esm2-0
52,2002,53.68867869139512,ssp126,mri-esm2-0
53,2003,50.127848068492774,ssp126,mri-esm2-0
54,2004,54.68094618861672,ssp126,mri-esm2-0
55,2005,53.790528689512385,ssp126,mri-esm2-0
56,2006,55.89842323022901,ssp126,mri-esm2-0
57,2007,53.82663481199375,ssp126,mri-esm2-0
58,2008,52.982661677960614,ssp126,mri-esm2-0
59,2009,52.091653818971615,ssp126,mri-esm2-0
60,2010,55.15403451883381,ssp126,mri-esm2-0
61,2011,54.725768842615864,ssp126,mri-esm2-0
62,2012,52.77091903143307,ssp126,mri-esm2-0
63,2013,54.09163622434242,ssp126,mri-esm2-0
64,2014,55.75142352733399,ssp126,mri-esm2-0
65,2015,52.07644865373261,ssp126,mri-esm2-0
66,2016,55.888246604891954,ssp126,mri-esm2-0
67,2017,54.62850801035772,ssp126,mri-esm2-0
68,2018,55.678396064796374,ssp126,mri-esm2-0
69,2019,55.79707823916458,ssp126,mri-esm2-0
70,2020,56.79235545589325,ssp126,mri-esm2-0
71,2021,56.20755386022549,ssp126,mri-esm2-0
72,2022,57.913889189990066,ssp126,mri-esm2-0
73,2023,53.30644664167405,ssp126,mri-esm2-0
74,2024,55.09719539011302,ssp126,mri-esm2-0
75,2025,55.885498700279825,ssp126,mri-esm2-0
76,2026,55.16970406933964,ssp126,mri-esm2-0
77,2027,59.73584618352411,ssp126,mri-esm2-0
78,2028,57.82591215747993,ssp126,mri-esm2-0
79,2029,55.53233964257003,ssp126,mri-esm2-0
80,2030,57.72111131968188,ssp126,mri-esm2-0
81,2031,56.765961533081295,ssp126,mri-esm2-0
82,2032,53.19392234944532,ssp126,mri-esm2-0
83,2033,57.19225138251477,ssp126,mri-esm2-0
84,2034,56.65265745717214,ssp126,mri-esm2-0
85,2035,58.19614621759306,ssp126,mri-esm2-0
86,2036,55.73381091666432,ssp126,mri-esm2-0
87,2037,59.21062670313863,ssp126,mri-esm2-0
88,2038,57.72333558237359,ssp126,mri-esm2-0
89,2039,53.90917401661696,ssp126,mri-esm2-0
90,2040,57.299699456012576,ssp126,mri-esm2-0
91,2041,56.99067752036948,ssp126,mri-esm2-0
92,2042,56.953126784610646,ssp126,mri-esm2-0
93,2043,57.8903841797325,ssp126,mri-esm2-0
94,2044,56.55873885239916,ssp126,mri-esm2-0
95,2045,55.4623341271333,ssp126,mri-esm2-0
96,2046,58.64462483527764,ssp126,mri-esm2-0
97,2047,58.08627689684694,ssp126,mri-esm2-0
98,2048,58.13261336416695,ssp126,mri-esm2-0
99,2049,57.423880754412465,ssp126,mri-esm2-0
100,2050,55.32392056104233,ssp126,mri-esm2-0
101,2051,57.15070984685415,ssp126,mri-esm2-0
102,2052,56.04929014059657,ssp126,mri-esm2-0
103,2053,57.86808123546224,ssp126,mri-esm2-0
104,2054,56.23177246488732,ssp126,mri-esm2-0
105,2055,58.48147023932566,ssp126,mri-esm2-0
106,2056,58.01064197281089,ssp126,mri-esm2-0
107,2057,58.87224420894961,ssp126,mri-esm2-0
108,2058,55.545968744273914,ssp126,mri-esm2-0
109,2059,56.68122645351751,ssp126,mri-esm2-0
110,2060,56.38904268517857,ssp126,mri-esm2-0
111,2061,58.0639237475562,ssp126,mri-esm2-0
112,2062,57.64763660960788,ssp126,mri-esm2-0
113,2063,56.71588747246679,ssp126,mri-esm2-0
114,2064,57.22159006114513,ssp126,mri-esm2-0
115,2065,58.61694962479906,ssp126,mri-esm2-0
116,2066,56.70177820887628,ssp126,mri-esm2-0
117,2067,57.29434735863431,ssp126,mri-esm2-0
118,2068,59.13248256339059,ssp126,mri-esm2-0
119,2069,57.94645103834955,ssp126,mri-esm2-0
120,2070,57.43042853430324,ssp126,mri-esm2-0
121,2071,58.03742029458755,ssp126,mri-esm2-0
122,2072,55.87516813958856,ssp126,mri-esm2-0
123,2073,57.409889411085416,ssp126,mri-esm2-0
124,2074,55.74645301041333,ssp126,mri-esm2-0
125,2075,56.30510104851226,ssp126,mri-esm2-0
126,2076,57.50702429279195,ssp126,mri-esm2-0
127,2077,59.38293252647945,ssp126,mri-esm2-0
128,2078,55.297743026946236,ssp126,mri-esm2-0
129,2079,57.47695636597281,ssp126,mri-esm2-0
130,2080,56.40678677488104,ssp126,mri-esm2-0
131,2081,56.79037417040929,ssp126,mri-esm2-0
132,2082,57.24241322323937,ssp126,mri-esm2-0
133,2083,57.679457324939065,ssp126,mri-esm2-0
134,2084,59.43955859182874,ssp126,mri-esm2-0
135,2085,57.108086428225796,ssp126,mri-esm2-0
136,2086,56.594449449594556,ssp126,mri-esm2-0
137,2087,54.207568275275015,ssp126,mri-esm2-0
138,2088,57.12110440825174,ssp126,mri-esm2-0
139,2089,56.72170302678055,ssp126,mri-esm2-0
140,2090,55.452491699900854,ssp126,mri-esm2-0
141,2091,56.92137440474119,ssp126,mri-esm2-0
142,2092,57.420501810566336,ssp126,mri-esm2-0
143,2093,56.1879842814624,ssp126,mri-esm2-0
144,2094,56.755399875606386,ssp126,mri-esm2-0
145,2095,56.21683121182179,ssp126,mri-esm2-0
146,2096,54.78237899367364,ssp126,mri-esm2-0
147,2097,55.657631592945734,ssp126,mri-esm2-0
148,2098,54.119942361899206,ssp126,mri-esm2-0
149,2099,55.695517412222344,ssp126,mri-esm2-0
150,2100,52.254754626376716,ssp126,mri-esm2-0
0,1950,54.38165939601899,ssp126,gfdl-esm4
1,1951,52.932616549375865,ssp126,gfdl-esm4
2,1952,53.50658683076224,ssp126,gfdl-esm4
3,1953,51.25950034780191,ssp126,gfdl-esm4
4,1954,52.17115817802696,ssp126,gfdl-esm4
5,1955,54.25302669460303,ssp126,gfdl-esm4
6,1956,53.56192859355791,ssp126,gfdl-esm4
7,1957,54.57837467147443,ssp126,gfdl-esm4
8,1958,52.51158352965563,ssp126,gfdl-esm4
9,1959,52.27376223113267,ssp126,gfdl-esm4
10,1960,53.68290147511457,ssp126,gfdl-esm4
11,1961,52.26131291153885,ssp126,gfdl-esm4
12,1962,51.203797412860986,ssp126,gfdl-esm4
13,1963,51.5244351674338,ssp126,gfdl-esm4
14,1964,51.50437855349569,ssp126,gfdl-esm4
15,1965,53.10693066209952,ssp126,gfdl-esm4
16,1966,51.39413048779146,ssp126,gfdl-esm4
17,1967,51.999371531549876,ssp126,gfdl-esm4
18,1968,50.43495521863296,ssp126,gfdl-esm4
19,1969,50.29260755696041,ssp126,gfdl-esm4
20,1970,51.9975052272842,ssp126,gfdl-esm4
21,1971,50.962744113630606,ssp126,gfdl-esm4
22,1972,51.59283564442171,ssp126,gfdl-esm4
23,1973,52.083237523762996,ssp126,gfdl-esm4
24,1974,53.92341262533864,ssp126,gfdl-esm4
25,1975,51.355927267150925,ssp126,gfdl-esm4
26,1976,51.82396139919488,ssp126,gfdl-esm4
27,1977,51.036817340254025,ssp126,gfdl-esm4
28,1978,51.5504941818183,ssp126,gfdl-esm4
29,1979,55.46973990571314,ssp126,gfdl-esm4
30,1980,53.096719500145554,ssp126,gfdl-esm4
31,1981,51.41847597695563,ssp126,gfdl-esm4
32,1982,53.37801873600409,ssp126,gfdl-esm4
33,1983,51.282793183282216,ssp126,gfdl-esm4
34,1984,52.02448955776255,ssp126,gfdl-esm4
35,1985,53.52608246246428,ssp126,gfdl-esm4
36,1986,51.579630737298196,ssp126,gfdl-esm4
37,1987,52.70006507589733,ssp126,gfdl-esm4
38,1988,52.25623670192143,ssp126,gfdl-esm4
39,1989,53.08819320960978,ssp126,gfdl-esm4
40,1990,53.13697837074846,ssp126,gfdl-esm4
41,1991,52.24568917559973,ssp126,gfdl-esm4
42,1992,51.48835694520169,ssp126,gfdl-esm4
43,1993,51.90340232692744,ssp126,gfdl-esm4
44,1994,52.97650670298825,ssp126,gfdl-esm4
45,1995,52.28984306869915,ssp126,gfdl-esm4
46,1996,53.10454379515756,ssp126,gfdl-esm4
47,1997,53.149209198381975,ssp126,gfdl-esm4
48,1998,54.35740873333479,ssp126,gfdl-esm4
49,1999,51.80707250689124,ssp126,gfdl-esm4
50,2000,52.245418063642816,ssp126,gfdl-esm4
51,2001,54.116543072490586,ssp126,gfdl-esm4
52,2002,52.819727549832024,ssp126,gfdl-esm4
53,2003,52.916679376778795,ssp126,gfdl-esm4
54,2004,54.89115588713966,ssp126,gfdl-esm4
55,2005,52.352463940165954,ssp126,gfdl-esm4
56,2006,54.637096819457355,ssp126,gfdl-esm4
57,2007,53.87963353064665,ssp126,gfdl-esm4
58,2008,52.52431067452686,ssp126,gfdl-esm4
59,2009,53.7216493958476,ssp126,gfdl-esm4
60,2010,51.654651082175214,ssp126,gfdl-esm4
61,2011,54.21210937918103,ssp126,gfdl-esm4
62,2012,53.001474284694325,ssp126,gfdl-esm4
63,2013,56.34803850046241,ssp126,gfdl-esm4
64,2014,54.79948054051393,ssp126,gfdl-esm4
65,2015,53.857601298363434,ssp126,gfdl-esm4
66,2016,53.54912097173683,ssp126,gfdl-esm4
67,2017,54.00661310872199,ssp126,gfdl-esm4
68,2018,55.597675410423605,ssp126,gfdl-esm4
69,2019,53.57190012252681,ssp126,gfdl-esm4
70,2020,51.91436449049189,ssp126,gfdl-esm4
71,2021,55.80312271784349,ssp126,gfdl-esm4
72,2022,54.27168834129486,ssp126,gfdl-esm4
73,2023,55.57063383497314,ssp126,gfdl-esm4
74,2024,57.33079304250259,ssp126,gfdl-esm4
75,2025,55.241365817690344,ssp126,gfdl-esm4
76,2026,54.495644243232576,ssp126,gfdl-esm4
77,2027,55.09588179678827,ssp126,gfdl-esm4
78,2028,53.454409295677735,ssp126,gfdl-esm4
79,2029,56.17415927554338,ssp126,gfdl-esm4
80,2030,54.5700887760236,ssp126,gfdl-esm4
81,2031,54.785714694266744,ssp126,gfdl-esm4
82,2032,55.77804354865155,ssp126,gfdl-esm4
83,2033,55.513894365675796,ssp126,gfdl-esm4
84,2034,54.511765621534856,ssp126,gfdl-esm4
85,2035,55.15190094829728,ssp126,gfdl-esm4
86,2036,56.11843922845244,ssp126,gfdl-esm4
87,2037,54.23032724705208,ssp126,gfdl-esm4
88,2038,56.07322592651626,ssp126,gfdl-esm4
89,2039,55.697405572345026,ssp126,gfdl-esm4
90,2040,56.63658732423308,ssp126,gfdl-esm4
91,2041,56.19905928047611,ssp126,gfdl-esm4
92,2042,55.95254827075837,ssp126,gfdl-esm4
93,2043,55.07473473337428,ssp126,gfdl-esm4
94,2044,55.008176070407316,ssp126,gfdl-esm4
95,2045,53.90974129948484,ssp126,gfdl-esm4
96,2046,56.489057419391635,ssp126,gfdl-esm4
97,2047,55.50490169418438,ssp126,gfdl-esm4
98,2048,57.85752306703674,ssp126,gfdl-esm4
99,2049,54.88464827881603,ssp126,gfdl-esm4
100,2050,56.19525551981893,ssp126,gfdl-esm4
101,2051,56.09353933726569,ssp126,gfdl-esm4
102,2052,57.30080737840567,ssp126,gfdl-esm4
103,2053,54.4179470207302,ssp126,gfdl-esm4
104,2054,53.662529199441025,ssp126,gfdl-esm4
105,2055,57.26321088133467,ssp126,gfdl-esm4
106,2056,56.695130568440256,ssp126,gfdl-esm4
107,2057,56.55491151041707,ssp126,gfdl-esm4
108,2058,57.90623992467003,ssp126,gfdl-esm4
109,2059,57.86451195955868,ssp126,gfdl-esm4
110,2060,56.90968992928163,ssp126,gfdl-esm4
111,2061,56.5422810760442,ssp126,gfdl-esm4
112,2062,56.43783937762335,ssp126,gfdl-esm4
113,2063,57.50666108268561,ssp126,gfdl-esm4
114,2064,54.497964197653786,ssp126,gfdl-esm4
115,2065,54.89515636254709,ssp126,gfdl-esm4
116,2066,56.99915262578963,ssp126,gfdl-esm4
117,2067,54.28597560884364,ssp126,gfdl-esm4
118,2068,55.75379128087367,ssp126,gfdl-esm4
119,2069,55.74615189759439,ssp126,gfdl-esm4
120,2070,58.817728420372035,ssp126,gfdl-esm4
121,2071,55.432887581096,ssp126,gfdl-esm4
122,2072,55.05995376742811,ssp126,gfdl-esm4
123,2073,55.94913079244152,ssp126,gfdl-esm4
124,2074,56.69759780584708,ssp126,gfdl-esm4
125,2075,55.37484270656944,ssp126,gfdl-esm4
126,2076,56.392445222675796,ssp126,gfdl-esm4
127,2077,55.857171166780326,ssp126,gfdl-esm4
128,2078,55.17530145180655,ssp126,gfdl-esm4
129,2079,56.488965326216224,ssp126,gfdl-esm4
130,2080,56.623512584725475,ssp126,gfdl-esm4
131,2081,55.19381193640696,ssp126,gfdl-esm4
132,2082,54.23106085379918,ssp126,gfdl-esm4
133,2083,58.85765828934521,ssp126,gfdl-esm4
134,2084,56.08462916097743,ssp126,gfdl-esm4
135,2085,57.430407442988475,ssp126,gfdl-esm4
136,2086,56.53096208349182,ssp126,gfdl-esm4
137,2087,55.865026540446955,ssp126,gfdl-esm4
138,2088,55.428640032712046,ssp126,gfdl-esm4
139,2089,55.74959494809632,ssp126,gfdl-esm4
140,2090,56.05325978119948,ssp126,gfdl-esm4
141,2091,57.04695424350952,ssp126,gfdl-esm4
142,2092,55.7228988801155,ssp126,gfdl-esm4
143,2093,55.79211906851106,ssp126,gfdl-esm4
144,2094,57.10211927561333,ssp126,gfdl-esm4
145,2095,55.777063106750816,ssp126,gfdl-esm4
146,2096,56.877678123319086,ssp126,gfdl-esm4
147,2097,55.09751080973014,ssp126,gfdl-esm4
148,2098,55.56835535508078,ssp126,gfdl-esm4
149,2099,54.89684114587786,ssp126,gfdl-esm4
150,2100,55.65030471264902,ssp126,gfdl-esm4
0,1950,53.50866373964965,ssp126,canesm5
1,1951,52.57071208970964,ssp126,canesm5
2,1952,51.55729872443905,ssp126,canesm5
3,1953,52.03231407449256,ssp126,canesm5
4,1954,51.93878051046678,ssp126,canesm5
5,1955,50.98677823293624,ssp126,canesm5
6,1956,51.84436986865329,ssp126,canesm5
7,1957,51.48977798177158,ssp126,canesm5
8,1958,51.36321576159265,ssp126,canesm5
9,1959,52.702760728284076,ssp126,canesm5
10,1960,51.48333943794887,ssp126,canesm5
11,1961,51.307398218258854,ssp126,canesm5
12,1962,55.31010484524407,ssp126,canesm5
13,1963,50.45985326902685,ssp126,canesm5
14,1964,49.418660882337335,ssp126,canesm5
15,1965,50.306653494913576,ssp126,canesm5
16,1966,51.49475305094863,ssp126,canesm5
17,1967,51.8549811583782,ssp126,canesm5
18,1968,51.85188733992979,ssp126,canesm5
19,1969,50.336634833846155,ssp126,canesm5
20,1970,50.429013871584274,ssp126,canesm5
21,1971,50.53832319306848,ssp126,canesm5
22,1972,51.71292207343713,ssp126,canesm5
23,1973,51.03522374766126,ssp126,canesm5
24,1974,50.529023534541786,ssp126,canesm5
25,1975,52.295842681016495,ssp126,canesm5
26,1976,53.51837111021687,ssp126,canesm5
27,1977,51.07781377224631,ssp126,canesm5
28,1978,52.880422858982634,ssp126,canesm5
29,1979,55.391508309625216,ssp126,canesm5
30,1980,51.901455469908434,ssp126,canesm5
31,1981,52.981861079135165,ssp126,canesm5
32,1982,52.57398694102236,ssp126,canesm5
33,1983,52.03745033477831,ssp126,canesm5
34,1984,52.9248719369481,ssp126,canesm5
35,1985,52.559574927532786,ssp126,canesm5
36,1986,53.074300045406176,ssp126,canesm5
37,1987,54.65666732358034,ssp126,canesm5
38,1988,54.28518619806887,ssp126,canesm5
39,1989,53.73899256740522,ssp126,canesm5
40,1990,53.228033539625166,ssp126,canesm5
41,1991,51.2562610949206,ssp126,canesm5
42,1992,52.63668601874803,ssp126,canesm5
43,1993,53.593725819260996,ssp126,canesm5
44,1994,53.4202895828532,ssp126,canesm5
45,1995,54.64310066254722,ssp126,canesm5
46,1996,53.457304796962255,ssp126,canesm5
47,1997,54.64616826130775,ssp126,canesm5
48,1998,55.29377994621425,ssp126,canesm5
49,1999,54.359352954738455,ssp126,canesm5
50,2000,52.75981205114838,ssp126,canesm5
51,2001,54.65695703936032,ssp126,canesm5
52,2002,52.90868386121663,ssp126,canesm5
53,2003,53.47360465654233,ssp126,canesm5
54,2004,53.44081698723319,ssp126,canesm5
55,2005,52.99184813794799,ssp126,canesm5
56,2006,54.02211659333694,ssp126,canesm5
57,2007,53.22936730587854,ssp126,canesm5
58,2008,55.851968477971035,ssp126,canesm5
59,2009,52.504465473475804,ssp126,canesm5
60,2010,54.71937580027129,ssp126,canesm5
61,2011,56.401764731138194,ssp126,canesm5
62,2012,55.43740855698058,ssp126,canesm5
63,2013,55.09765223093823,ssp126,canesm5
64,2014,55.37553401867482,ssp126,canesm5
65,2015,56.67136039390677,ssp126,canesm5
66,2016,55.73114494944125,ssp126,canesm5
67,2017,56.060141939477354,ssp126,canesm5
68,2018,56.27436873184272,ssp126,canesm5
69,2019,56.110804999882845,ssp126,canesm5
70,2020,57.38195406436439,ssp126,canesm5
71,2021,55.82557827589744,ssp126,canesm5
72,2022,57.02245687010113,ssp126,canesm5
73,2023,56.71447750188668,ssp126,canesm5
74,2024,59.138368056249675,ssp126,canesm5
75,2025,54.806310349586916,ssp126,canesm5
76,2026,55.7972602768455,ssp126,canesm5
77,2027,56.64263942895786,ssp126,canesm5
78,2028,57.40521465402086,ssp126,canesm5
79,2029,54.9108939424696,ssp126,canesm5
80,2030,58.83216586539628,ssp126,canesm5
81,2031,59.34554768677496,ssp126,canesm5
82,2032,56.919849808010895,ssp126,canesm5
83,2033,57.244688728057646,ssp126,canesm5
84,2034,55.097507927571826,ssp126,canesm5
85,2035,57.38407639428193,ssp126,canesm5
86,2036,59.05591832913036,ssp126,canesm5
87,2037,57.746107347682376,ssp126,canesm5
88,2038,58.107782467924764,ssp126,canesm5
89,2039,58.99241345249916,ssp126,canesm5
90,2040,57.059484637630106,ssp126,canesm5
91,2041,57.02068012122636,ssp126,canesm5
92,2042,59.40071570849502,ssp126,canesm5
93,2043,59.064792932722625,ssp126,canesm5
94,2044,57.320814969278786,ssp126,canesm5
95,2045,57.872656532207664,ssp126,canesm5
96,2046,57.55961869264358,ssp126,canesm5
97,2047,61.95206131242316,ssp126,canesm5
98,2048,59.42758857849027,ssp126,canesm5
99,2049,62.33681054899355,ssp126,canesm5
100,2050,61.22975355167919,ssp126,canesm5
101,2051,58.66670904186734,ssp126,canesm5
102,2052,59.094613871033665,ssp126,canesm5
103,2053,60.04835576141952,ssp126,canesm5
104,2054,58.933443775554984,ssp126,canesm5
105,2055,59.631208167102095,ssp126,canesm5
106,2056,59.416026126873525,ssp126,canesm5
107,2057,61.54181471710219,ssp126,canesm5
108,2058,60.15779272020095,ssp126,canesm5
109,2059,59.32981449799283,ssp126,canesm5
110,2060,59.49758108879868,ssp126,canesm5
111,2061,60.07679195840474,ssp126,canesm5
112,2062,59.20695795504036,ssp126,canesm5
113,2063,59.07409787440515,ssp126,canesm5
114,2064,59.427579270246014,ssp126,canesm5
115,2065,59.31833132730873,ssp126,canesm5
116,2066,60.20671786002758,ssp126,canesm5
117,2067,59.114358035552264,ssp126,canesm5
118,2068,60.55681947955259,ssp126,canesm5
119,2069,59.68255822607242,ssp126,canesm5
120,2070,58.98563376742001,ssp126,canesm5
121,2071,59.060782268974236,ssp126,canesm5
122,2072,61.79354050540498,ssp126,canesm5
123,2073,58.1260246589901,ssp126,canesm5
124,2074,58.70183666353127,ssp126,canesm5
125,2075,58.69124213379514,ssp126,canesm5
126,2076,61.2400194450722,ssp126,canesm5
127,2077,58.03850152113462,ssp126,canesm5
128,2078,60.163449586636816,ssp126,canesm5
129,2079,59.17900055619738,ssp126,canesm5
130,2080,59.339631639615035,ssp126,canesm5
131,2081,59.58985673364028,ssp126,canesm5
132,2082,60.083415343876894,ssp126,canesm5
133,2083,56.81535144210186,ssp126,canesm5
134,2084,59.252209994835134,ssp126,canesm5
135,2085,59.671561297936826,ssp126,canesm5
136,2086,59.53123876399176,ssp126,canesm5
137,2087,59.88804391631829,ssp126,canesm5
138,2088,60.724520996228236,ssp126,canesm5
139,2089,58.57696648741384,ssp126,canesm5
140,2090,59.66059623282635,ssp126,canesm5
141,2091,59.52592207079799,ssp126,canesm5
142,2092,59.56836575989368,ssp126,canesm5
143,2093,59.17576840513878,ssp126,canesm5
144,2094,59.21681390704805,ssp126,canesm5
145,2095,56.39498704924431,ssp126,canesm5
146,2096,58.83468028763948,ssp126,canesm5
147,2097,62.01810339389294,ssp126,canesm5
148,2098,58.169148365732994,ssp126,canesm5
149,2099,57.64848777726084,ssp126,canesm5
150,2100,58.683098248429815,ssp126,canesm5
0,1950,51.3106351041631,ssp126,mpi-esm1-2-hr
1,1951,51.68809103404291,ssp126,mpi-esm1-2-hr
2,1952,53.49072192613748,ssp126,mpi-esm1-2-hr
3,1953,50.62765513179672,ssp126,mpi-esm1-2-hr
4,1954,52.71115073291495,ssp126,mpi-esm1-2-hr
5,1955,52.385408431098405,ssp126,mpi-esm1-2-hr
6,1956,51.49762251950395,ssp126,mpi-esm1-2-hr
7,1957,52.84552664299576,ssp126,mpi-esm1-2-hr
8,1958,53.161283012551266,ssp126,mpi-esm1-2-hr
9,1959,53.79634390813367,ssp126,mpi-esm1-2-hr
10,1960,52.254585043780665,ssp126,mpi-esm1-2-hr
11,1961,53.052124175251144,ssp126,mpi-esm1-2-hr
12,1962,51.14335711539654,ssp126,mpi-esm1-2-hr
13,1963,51.262306679890706,ssp126,mpi-esm1-2-hr
14,1964,50.70204317916175,ssp126,mpi-esm1-2-hr
15,1965,52.12544710150057,ssp126,mpi-esm1-2-hr
16,1966,53.728098397821626,ssp126,mpi-esm1-2-hr
17,1967,50.2590848403637,ssp126,mpi-esm1-2-hr
18,1968,52.988808784844416,ssp126,mpi-esm1-2-hr
19,1969,52.74167354796359,ssp126,mpi-esm1-2-hr
20,1970,53.17573079882053,ssp126,mpi-esm1-2-hr
21,1971,54.26196796678038,ssp126,mpi-esm1-2-hr
22,1972,53.128355131902346,ssp126,mpi-esm1-2-hr
23,1973,52.9264203386886,ssp126,mpi-esm1-2-hr
24,1974,50.209795185965156,ssp126,mpi-esm1-2-hr
25,1975,53.54034357284837,ssp126,mpi-esm1-2-hr
26,1976,51.288186241830005,ssp126,mpi-esm1-2-hr
27,1977,51.03843743935695,ssp126,mpi-esm1-2-hr
28,1978,51.48747372699741,ssp126,mpi-esm1-2-hr
29,1979,51.50953605561908,ssp126,mpi-esm1-2-hr
30,1980,54.56167530373529,ssp126,mpi-esm1-2-hr
31,1981,52.45765492332218,ssp126,mpi-esm1-2-hr
32,1982,53.46176571093786,ssp126,mpi-esm1-2-hr
33,1983,51.122084954303524,ssp126,mpi-esm1-2-hr
34,1984,51.21547776238639,ssp126,mpi-esm1-2-hr
35,1985,54.32360328655026,ssp126,mpi-esm1-2-hr
36,1986,52.15107948975379,ssp126,mpi-esm1-2-hr
37,1987,53.03980885540605,ssp126,mpi-esm1-2-hr
38,1988,51.74813114079624,ssp126,mpi-esm1-2-hr
39,1989,53.10217076105913,ssp126,mpi-esm1-2-hr
40,1990,55.39745395307284,ssp126,mpi-esm1-2-hr
41,1991,53.78936660885123,ssp126,mpi-esm1-2-hr
42,1992,48.68344995618165,ssp126,mpi-esm1-2-hr
43,1993,52.080479581934476,ssp126,mpi-esm1-2-hr
44,1994,52.325855362176625,ssp126,mpi-esm1-2-hr
45,1995,52.92049987991004,ssp126,mpi-esm1-2-hr
46,1996,54.86601518867483,ssp126,mpi-esm1-2-hr
47,1997,52.3726648540665,ssp126,mpi-esm1-2-hr
48,1998,54.612608715197844,ssp126,mpi-esm1-2-hr
49,1999,51.354225533845586,ssp126,mpi-esm1-2-hr
50,2000,50.291146275920646,ssp126,mpi-esm1-2-hr
51,2001,51.330459433338525,ssp126,mpi-esm1-2-hr
52,2002,52.39169292687949,ssp126,mpi-esm1-2-hr
53,2003,52.729288797537365,ssp126,mpi-esm1-2-hr
54,2004,52.79710348243459,ssp126,mpi-esm1-2-hr
55,2005,53.854605103324914,ssp126,mpi-esm1-2-hr
56,2006,56.64535152073823,ssp126,mpi-esm1-2-hr
57,2007,55.43075145519182,ssp126,mpi-esm1-2-hr
58,2008,54.34349571195271,ssp126,mpi-esm1-2-hr
59,2009,54.66375357219004,ssp126,mpi-esm1-2-hr
60,2010,52.73405558426881,ssp126,mpi-esm1-2-hr
61,2011,54.134365770963804,ssp126,mpi-esm1-2-hr
62,2012,52.94724754416244,ssp126,mpi-esm1-2-hr
63,2013,53.13757228084998,ssp126,mpi-esm1-2-hr
64,2014,55.030033506805815,ssp126,mpi-esm1-2-hr
65,2015,56.4289870717897,ssp126,mpi-esm1-2-hr
66,2016,54.204787211790034,ssp126,mpi-esm1-2-hr
67,2017,55.23246409293122,ssp126,mpi-esm1-2-hr
68,2018,53.264604065887646,ssp126,mpi-esm1-2-hr
69,2019,54.24863728429864,ssp126,mpi-esm1-2-hr
70,2020,52.810028510067355,ssp126,mpi-esm1-2-hr
71,2021,55.52775424320737,ssp126,mpi-esm1-2-hr
72,2022,54.66547565897157,ssp126,mpi-esm1-2-hr
73,2023,55.22793833365539,ssp126,mpi-esm1-2-hr
74,2024,54.42812609225729,ssp126,mpi-esm1-2-hr
75,2025,57.27421860502969,ssp126,mpi-esm1-2-hr
76,2026,55.276366046420115,ssp126,mpi-esm1-2-hr
77,2027,54.274463096461155,ssp126,mpi-esm1-2-hr
78,2028,55.67265638034649,ssp126,mpi-esm1-2-hr
79,2029,58.1647463291698,ssp126,mpi-esm1-2-hr
80,2030,56.174540886090114,ssp126,mpi-esm1-2-hr
81,2031,54.71881870684334,ssp126,mpi-esm1-2-hr
82,2032,55.13083843763421,ssp126,mpi-esm1-2-hr
83,2033,51.75122887210751,ssp126,mpi-esm1-2-hr
84,2034,54.6683094825864,ssp126,mpi-esm1-2-hr
85,2035,56.57926069836112,ssp126,mpi-esm1-2-hr
86,2036,55.41260196905958,ssp126,mpi-esm1-2-hr
87,2037,56.38320679326539,ssp126,mpi-esm1-2-hr
88,2038,57.80178063409072,ssp126,mpi-esm1-2-hr
89,2039,54.30639345876688,ssp126,mpi-esm1-2-hr
90,2040,56.89310421783251,ssp126,mpi-esm1-2-hr
91,2041,55.355995663177985,ssp126,mpi-esm1-2-hr
92,2042,58.465130597196186,ssp126,mpi-esm1-2-hr
93,2043,54.17806873651681,ssp126,mpi-esm1-2-hr
94,2044,58.66958457769701,ssp126,mpi-esm1-2-hr
95,2045,55.691563797021786,ssp126,mpi-esm1-2-hr
96,2046,55.64709774765175,ssp126,mpi-esm1-2-hr
97,2047,55.191940299485076,ssp126,mpi-esm1-2-hr
98,2048,56.489470294650694,ssp126,mpi-esm1-2-hr
99,2049,56.33581313289253,ssp126,mpi-esm1-2-hr
100,2050,54.57512614053305,ssp126,mpi-esm1-2-hr
101,2051,54.20782302263178,ssp126,mpi-esm1-2-hr
102,2052,56.907141874012964,ssp126,mpi-esm1-2-hr
103,2053,54.979987147688355,ssp126,mpi-esm1-2-hr
104,2054,56.5991256616791,ssp126,mpi-esm1-2-hr
105,2055,53.69057845659284,ssp126,mpi-esm1-2-hr
106,2056,56.948332707324504,ssp126,mpi-esm1-2-hr
107,2057,54.461303457168306,ssp126,mpi-esm1-2-hr
108,2058,51.868609022309045,ssp126,mpi-esm1-2-hr
109,2059,56.39739244406041,ssp126,mpi-esm1-2-hr
110,2060,56.99024049184946,ssp126,mpi-esm1-2-hr
111,2061,56.29329362277071,ssp126,mpi-esm1-2-hr
112,2062,56.992762608086736,ssp126,mpi-esm1-2-hr
113,2063,56.98897916763536,ssp126,mpi-esm1-2-hr
114,2064,54.052082278879574,ssp126,mpi-esm1-2-hr
115,2065,53.57096934969946,ssp126,mpi-esm1-2-hr
116,2066,53.563898919630205,ssp126,mpi-esm1-2-hr
117,2067,55.87483251523686,ssp126,mpi-esm1-2-hr
118,2068,56.70304161744267,ssp126,mpi-esm1-2-hr
119,2069,56.0282601140569,ssp126,mpi-esm1-2-hr
120,2070,56.37883145712897,ssp126,mpi-esm1-2-hr
121,2071,57.64591324692915,ssp126,mpi-esm1-2-hr
122,2072,56.3031502352562,ssp126,mpi-esm1-2-hr
123,2073,55.00100391293728,ssp126,mpi-esm1-2-hr
124,2074,56.811027044340776,ssp126,mpi-esm1-2-hr
125,2075,54.30890690364365,ssp126,mpi-esm1-2-hr
126,2076,55.552767969411455,ssp126,mpi-esm1-2-hr
127,2077,55.78277578805392,ssp126,mpi-esm1-2-hr
128,2078,55.31281110107969,ssp126,mpi-esm1-2-hr
129,2079,55.27988756240571,ssp126,mpi-esm1-2-hr
130,2080,54.899870667837114,ssp126,mpi-esm1-2-hr
131,2081,53.38908110891219,ssp126,mpi-esm1-2-hr
132,2082,56.533549145477984,ssp126,mpi-esm1-2-hr
133,2083,56.6862722862021,ssp126,mpi-esm1-2-hr
134,2084,50.907345916847085,ssp126,mpi-esm1-2-hr
135,2085,56.272305222233776,ssp126,mpi-esm1-2-hr
136,2086,57.762235435991656,ssp126,mpi-esm1-2-hr
137,2087,57.009223784784375,ssp126,mpi-esm1-2-hr
138,2088,53.964355020621426,ssp126,mpi-esm1-2-hr
139,2089,55.846618386899095,ssp126,mpi-esm1-2-hr
140,2090,54.97146085190551,ssp126,mpi-esm1-2-hr
141,2091,55.91011046024372,ssp126,mpi-esm1-2-hr
142,2092,54.90997192840589,ssp126,mpi-esm1-2-hr
143,2093,56.75685574822761,ssp126,mpi-esm1-2-hr
144,2094,56.499800522405415,ssp126,mpi-esm1-2-hr
145,2095,56.264607185349384,ssp126,mpi-esm1-2-hr
146,2096,55.00743221027232,ssp126,mpi-esm1-2-hr
147,2097,53.596101938294645,ssp126,mpi-esm1-2-hr
148,2098,53.424182390580526,ssp126,mpi-esm1-2-hr
149,2099,53.205688056691855,ssp126,mpi-esm1-2-hr
150,2100,54.43087873577182,ssp126,mpi-esm1-2-hr
0,1950,53.17422523943543,ssp126,fgoals-g3
1,1951,53.18726945361755,ssp126,fgoals-g3
2,1952,50.549777700633754,ssp126,fgoals-g3
3,1953,51.315136301831856,ssp126,fgoals-g3
4,1954,52.95833235144655,ssp126,fgoals-g3
5,1955,52.39307473378106,ssp126,fgoals-g3
6,1956,52.2909284097919,ssp126,fgoals-g3
7,1957,54.66406281845006,ssp126,fgoals-g3
8,1958,53.66591999406077,ssp126,fgoals-g3
9,1959,51.79371590946145,ssp126,fgoals-g3
10,1960,54.13033200279454,ssp126,fgoals-g3
11,1961,53.34970536893928,ssp126,fgoals-g3
12,1962,53.40719171135747,ssp126,fgoals-g3
13,1963,51.013557635549056,ssp126,fgoals-g3
14,1964,49.90238061666222,ssp126,fgoals-g3
15,1965,51.04030613343793,ssp126,fgoals-g3
16,1966,53.04199362208277,ssp126,fgoals-g3
17,1967,53.59646124532446,ssp126,fgoals-g3
18,1968,52.04756430438996,ssp126,fgoals-g3
19,1969,50.96584924397312,ssp126,fgoals-g3
20,1970,54.5552588426314,ssp126,fgoals-g3
21,1971,55.02581838458869,ssp126,fgoals-g3
22,1972,51.183662330472096,ssp126,fgoals-g3
23,1973,50.6227868957486,ssp126,fgoals-g3
24,1974,52.25207279254049,ssp126,fgoals-g3
25,1975,51.69244727337683,ssp126,fgoals-g3
26,1976,52.077409784981064,ssp126,fgoals-g3
27,1977,51.90881065024965,ssp126,fgoals-g3
28,1978,51.066222724822445,ssp126,fgoals-g3
29,1979,52.350527773515225,ssp126,fgoals-g3
30,1980,53.20430092099474,ssp126,fgoals-g3
31,1981,53.19030918411008,ssp126,fgoals-g3
32,1982,52.44003673440951,ssp126,fgoals-g3
33,1983,52.131836889360855,ssp126,fgoals-g3
34,1984,53.6274920117949,ssp126,fgoals-g3
35,1985,51.16802734491148,ssp126,fgoals-g3
36,1986,51.78903215986917,ssp126,fgoals-g3
37,1987,51.41943396115536,ssp126,fgoals-g3
38,1988,53.48033191269443,ssp126,fgoals-g3
39,1989,52.65830828874594,ssp126,fgoals-g3
40,1990,52.0230625173144,ssp126,fgoals-g3
41,1991,54.96842507660768,ssp126,fgoals-g3
42,1992,54.71215725807913,ssp126,fgoals-g3
43,1993,51.45456092136947,ssp126,fgoals-g3
44,1994,51.126483283794016,ssp126,fgoals-g3
45,1995,50.46409751612273,ssp126,fgoals-g3
46,1996,51.23776817179006,ssp126,fgoals-g3
47,1997,53.26002763709377,ssp126,fgoals-g3
48,1998,53.6744145226225,ssp126,fgoals-g3
49,1999,53.75023155595443,ssp126,fgoals-g3
50,2000,52.61406476347238,ssp126,fgoals-g3
51,2001,52.280263148845506,ssp126,fgoals-g3
52,2002,52.95842710935256,ssp126,fgoals-g3
53,2003,54.68702066393487,ssp126,fgoals-g3
54,2004,54.24134274191776,ssp126,fgoals-g3
55,2005,56.359588357987484,ssp126,fgoals-g3
56,2006,54.64633518038142,ssp126,fgoals-g3
57,2007,53.978966706824274,ssp126,fgoals-g3
58,2008,54.91030054050514,ssp126,fgoals-g3
59,2009,54.07800057566178,ssp126,fgoals-g3
60,2010,54.85457218254101,ssp126,fgoals-g3
61,2011,52.83536866488829,ssp126,fgoals-g3
62,2012,54.075467453112665,ssp126,fgoals-g3
63,2013,55.497137202116406,ssp126,fgoals-g3
64,2014,54.75722038345499,ssp126,fgoals-g3
65,2015,54.6744958089859,ssp126,fgoals-g3
66,2016,55.44610795013893,ssp126,fgoals-g3
67,2017,53.71793562054291,ssp126,fgoals-g3
68,2018,53.06289844679457,ssp126,fgoals-g3
69,2019,55.06536024782161,ssp126,fgoals-g3
70,2020,54.62361289004435,ssp126,fgoals-g3
71,2021,53.74777491619119,ssp126,fgoals-g3
72,2022,55.620782866880994,ssp126,fgoals-g3
73,2023,56.12753221660951,ssp126,fgoals-g3
74,2024,54.747160534022385,ssp126,fgoals-g3
75,2025,55.216029846569,ssp126,fgoals-g3
76,2026,55.992273699277966,ssp126,fgoals-g3
77,2027,55.177973904783265,ssp126,fgoals-g3
78,2028,53.066179676813455,ssp126,fgoals-g3
79,2029,54.490404518562634,ssp126,fgoals-g3
80,2030,56.19246952153091,ssp126,fgoals-g3
81,2031,54.17831919858217,ssp126,fgoals-g3
82,2032,54.451033195060944,ssp126,fgoals-g3
83,2033,53.65228425039234,ssp126,fgoals-g3
84,2034,54.24955319472674,ssp126,fgoals-g3
85,2035,53.898733878522464,ssp126,fgoals-g3
86,2036,54.23998380186029,ssp126,fgoals-g3
87,2037,55.12514821024381,ssp126,fgoals-g3
88,2038,54.13726004290878,ssp126,fgoals-g3
89,2039,54.68181403181044,ssp126,fgoals-g3
90,2040,53.08473431508168,ssp126,fgoals-g3
91,2041,57.45462532637921,ssp126,fgoals-g3
92,2042,57.03345404250278,ssp126,fgoals-g3
93,2043,54.40264903101108,ssp126,fgoals-g3
94,2044,54.44680002699208,ssp126,fgoals-g3
95,2045,55.41271817442649,ssp126,fgoals-g3
96,2046,53.80491481432874,ssp126,fgoals-g3
97,2047,53.9305395149191,ssp126,fgoals-g3
98,2048,56.5868333823205,ssp126,fgoals-g3
99,2049,54.45767440060256,ssp126,fgoals-g3
100,2050,55.25260037436919,ssp126,fgoals-g3
101,2051,52.49548737736076,ssp126,fgoals-g3
102,2052,53.74733023093523,ssp126,fgoals-g3
103,2053,54.753474240571464,ssp126,fgoals-g3
104,2054,54.23741888635926,ssp126,fgoals-g3
105,2055,53.80279194261766,ssp126,fgoals-g3
106,2056,55.294624678310164,ssp126,fgoals-g3
107,2057,54.96803476346787,ssp126,fgoals-g3
108,2058,53.581208749869724,ssp126,fgoals-g3
109,2059,56.735096231074515,ssp126,fgoals-g3
110,2060,55.89522426330463,ssp126,fgoals-g3
111,2061,52.79974616117282,ssp126,fgoals-g3
112,2062,51.848978790773515,ssp126,fgoals-g3
113,2063,54.97511513050623,ssp126,fgoals-g3
114,2064,54.54210394166374,ssp126,fgoals-g3
115,2065,57.561709083510415,ssp126,fgoals-g3
116,2066,56.54142679180672,ssp126,fgoals-g3
117,2067,54.920608631071715,ssp126,fgoals-g3
118,2068,56.197145310462666,ssp126,fgoals-g3
119,2069,54.83886880963976,ssp126,fgoals-g3
120,2070,57.174776807637976,ssp126,fgoals-g3
121,2071,54.781028110773576,ssp126,fgoals-g3
122,2072,52.889755693336916,ssp126,fgoals-g3
123,2073,53.350555049491255,ssp126,fgoals-g3
124,2074,56.170389659741524,ssp126,fgoals-g3
125,2075,55.9982469317237,ssp126,fgoals-g3
126,2076,52.809936703342295,ssp126,fgoals-g3
127,2077,56.41496339127206,ssp126,fgoals-g3
128,2078,52.2346210758211,ssp126,fgoals-g3
129,2079,54.63995211366456,ssp126,fgoals-g3
130,2080,56.54835504481483,ssp126,fgoals-g3
131,2081,53.43640796378404,ssp126,fgoals-g3
132,2082,55.49411357158493,ssp126,fgoals-g3
133,2083,54.78322546536319,ssp126,fgoals-g3
134,2084,56.48872428461844,ssp126,fgoals-g3
135,2085,53.995069619979205,ssp126,fgoals-g3
136,2086,55.5644146308272,ssp126,fgoals-g3
137,2087,53.85132305685188,ssp126,fgoals-g3
138,2088,55.443150768204966,ssp126,fgoals-g3
139,2089,56.468873179162664,ssp126,fgoals-g3
140,2090,54.84162948165934,ssp126,fgoals-g3
141,2091,54.930913268143755,ssp126,fgoals-g3
142,2092,56.787487718588515,ssp126,fgoals-g3
143,2093,55.06065048368936,ssp126,fgoals-g3
144,2094,55.81367559653455,ssp126,fgoals-g3
145,2095,54.10185820863822,ssp126,fgoals-g3
146,2096,51.8057880333566,ssp126,fgoals-g3
147,2097,53.29419502879719,ssp126,fgoals-g3
148,2098,54.90909167633151,ssp126,fgoals-g3
149,2099,52.480516406807226,ssp126,fgoals-g3
150,2100,55.64138134012698,ssp126,fgoals-g3
0,1950,49.89265644923157,ssp126,bcc-csm2-mr
1,1951,52.69775450692482,ssp126,bcc-csm2-mr
2,1952,52.18980910766549,ssp126,bcc-csm2-mr
3,1953,53.95605767148963,ssp126,bcc-csm2-mr
4,1954,52.07237444520883,ssp126,bcc-csm2-mr
5,1955,51.37599800661078,ssp126,bcc-csm2-mr
6,1956,51.96759931127655,ssp126,bcc-csm2-mr
7,1957,52.266768802057314,ssp126,bcc-csm2-mr
8,1958,52.69999734803018,ssp126,bcc-csm2-mr
9,1959,53.108096768985675,ssp126,bcc-csm2-mr
10,1960,52.67470752349596,ssp126,bcc-csm2-mr
11,1961,51.261745017035935,ssp126,bcc-csm2-mr
12,1962,50.06001867951571,ssp126,bcc-csm2-mr
13,1963,52.24217010903702,ssp126,bcc-csm2-mr
14,1964,50.361322500633165,ssp126,bcc-csm2-mr
15,1965,53.148229361729406,ssp126,bcc-csm2-mr
16,1966,54.25717788054955,ssp126,bcc-csm2-mr
17,1967,51.16844494394511,ssp126,bcc-csm2-mr
18,1968,50.01874331666183,ssp126,bcc-csm2-mr
19,1969,50.59610873614475,ssp126,bcc-csm2-mr
20,1970,52.50639010480507,ssp126,bcc-csm2-mr
21,1971,53.05833007130844,ssp126,bcc-csm2-mr
22,1972,50.966265226449565,ssp126,bcc-csm2-mr
23,1973,54.208881465371086,ssp126,bcc-csm2-mr
24,1974,52.265549107258515,ssp126,bcc-csm2-mr
25,1975,53.472415963659465,ssp126,bcc-csm2-mr
26,1976,51.3818718796689,ssp126,bcc-csm2-mr
27,1977,52.35493976501754,ssp126,bcc-csm2-mr
28,1978,53.04139334180896,ssp126,bcc-csm2-mr
29,1979,52.48323559288991,ssp126,bcc-csm2-mr
30,1980,49.581074842608274,ssp126,bcc-csm2-mr
31,1981,52.60542114641811,ssp126,bcc-csm2-mr
32,1982,54.55564971519866,ssp126,bcc-csm2-mr
33,1983,50.74267867960218,ssp126,bcc-csm2-mr
34,1984,51.819790263130415,ssp126,bcc-csm2-mr
35,1985,53.332118523570756,ssp126,bcc-csm2-mr
36,1986,53.16558386799344,ssp126,bcc-csm2-mr
37,1987,52.40550774717726,ssp126,bcc-csm2-mr
38,1988,52.921852576422765,ssp126,bcc-csm2-mr
39,1989,52.65509458957911,ssp126,bcc-csm2-mr
40,1990,50.542127514735604,ssp126,bcc-csm2-mr
41,1991,52.27784370557136,ssp126,bcc-csm2-mr
42,1992,50.26980683250905,ssp126,bcc-csm2-mr
43,1993,52.066292199446536,ssp126,bcc-csm2-mr
44,1994,52.38086762881573,ssp126,bcc-csm2-mr
45,1995,54.88126362969266,ssp126,bcc-csm2-mr
46,1996,52.84231722156853,ssp126,bcc-csm2-mr
47,1997,52.460129714170705,ssp126,bcc-csm2-mr
48,1998,54.38689126785514,ssp126,bcc-csm2-mr
49,1999,53.95127333065331,ssp126,bcc-csm2-mr
50,2000,53.61749389159427,ssp126,bcc-csm2-mr
51,2001,55.48139843981381,ssp126,bcc-csm2-mr
52,2002,50.719979932249764,ssp126,bcc-csm2-mr
53,2003,53.48889895647189,ssp126,bcc-csm2-mr
54,2004,54.45171647803621,ssp126,bcc-csm2-mr
55,2005,52.91001376491769,ssp126,bcc-csm2-mr
56,2006,53.6045531979451,ssp126,bcc-csm2-mr
57,2007,54.53476862008342,ssp126,bcc-csm2-mr
58,2008,54.22542078849658,ssp126,bcc-csm2-mr
59,2009,52.866341785143014,ssp126,bcc-csm2-mr
60,2010,55.58891801880993,ssp126,bcc-csm2-mr
61,2011,51.89623980042006,ssp126,bcc-csm2-mr
62,2012,54.4291927814171,ssp126,bcc-csm2-mr
63,2013,54.43907069386536,ssp126,bcc-csm2-mr
64,2014,53.370988726116785,ssp126,bcc-csm2-mr
65,2015,54.0208389390317,ssp126,bcc-csm2-mr
66,2016,56.20411851782173,ssp126,bcc-csm2-mr
67,2017,54.03038069643761,ssp126,bcc-csm2-mr
68,2018,53.21156385461968,ssp126,bcc-csm2-mr
69,2019,54.078850339866484,ssp126,bcc-csm2-mr
70,2020,55.089841487642225,ssp126,bcc-csm2-mr
71,2021,54.71660439693966,ssp126,bcc-csm2-mr
72,2022,55.45215401127035,ssp126,bcc-csm2-mr
73,2023,54.52489990436788,ssp126,bcc-csm2-mr
74,2024,54.69026114692185,ssp126,bcc-csm2-mr
75,2025,55.34648794332481,ssp126,bcc-csm2-mr
76,2026,54.77149598241456,ssp126,bcc-csm2-mr
77,2027,54.561189344400276,ssp126,bcc-csm2-mr
78,2028,55.52185004435809,ssp126,bcc-csm2-mr
79,2029,57.46718014459684,ssp126,bcc-csm2-mr
80,2030,54.677284611494215,ssp126,bcc-csm2-mr
81,2031,53.34613087251533,ssp126,bcc-csm2-mr
82,2032,55.80567774379839,ssp126,bcc-csm2-mr
83,2033,54.3138277331844,ssp126,bcc-csm2-mr
84,2034,56.61222781742735,ssp126,bcc-csm2-mr
85,2035,55.17110098913244,ssp126,bcc-csm2-mr
86,2036,56.16852127461992,ssp126,bcc-csm2-mr
87,2037,55.66776291877488,ssp126,bcc-csm2-mr
88,2038,53.88138708930665,ssp126,bcc-csm2-mr
89,2039,54.800772935042104,ssp126,bcc-csm2-mr
90,2040,52.7387244483627,ssp126,bcc-csm2-mr
91,2041,55.451256454380804,ssp126,bcc-csm2-mr
92,2042,54.89240820966714,ssp126,bcc-csm2-mr
93,2043,55.30493641370719,ssp126,bcc-csm2-mr
94,2044,56.151852145393356,ssp126,bcc-csm2-mr
95,2045,56.91790585075856,ssp126,bcc-csm2-mr
96,2046,57.62888573159369,ssp126,bcc-csm2-mr
97,2047,56.18554196587623,ssp126,bcc-csm2-mr
98,2048,54.35485124369421,ssp126,bcc-csm2-mr
99,2049,55.56160641424684,ssp126,bcc-csm2-mr
100,2050,54.5351967345492,ssp126,bcc-csm2-mr
101,2051,52.74156097437834,ssp126,bcc-csm2-mr
102,2052,55.636852797253006,ssp126,bcc-csm2-mr
103,2053,56.91279342721056,ssp126,bcc-csm2-mr
104,2054,54.07945233656696,ssp126,bcc-csm2-mr
105,2055,55.551374765588974,ssp126,bcc-csm2-mr
106,2056,56.27489295079585,ssp126,bcc-csm2-mr
107,2057,57.72091890614461,ssp126,bcc-csm2-mr
108,2058,55.50604815900193,ssp126,bcc-csm2-mr
109,2059,55.84889490674684,ssp126,bcc-csm2-mr
110,2060,56.78412825543221,ssp126,bcc-csm2-mr
111,2061,54.93991880123082,ssp126,bcc-csm2-mr
112,2062,55.78639816125173,ssp126,bcc-csm2-mr
113,2063,55.50949191811135,ssp126,bcc-csm2-mr
114,2064,56.31592233882815,ssp126,bcc-csm2-mr
115,2065,55.74264038820163,ssp126,bcc-csm2-mr
116,2066,54.36097818765133,ssp126,bcc-csm2-mr
117,2067,54.73578967370609,ssp126,bcc-csm2-mr
118,2068,55.067229274883424,ssp126,bcc-csm2-mr
119,2069,56.718072936915355,ssp126,bcc-csm2-mr
120,2070,54.67265851913651,ssp126,bcc-csm2-mr
121,2071,55.48845053356,ssp126,bcc-csm2-mr
122,2072,54.97909897702165,ssp126,bcc-csm2-mr
123,2073,55.43231017782625,ssp126,bcc-csm2-mr
124,2074,55.40053677333535,ssp126,bcc-csm2-mr
125,2075,54.94239387249331,ssp126,bcc-csm2-mr
126,2076,55.69195290066941,ssp126,bcc-csm2-mr
127,2077,55.59802780520493,ssp126,bcc-csm2-mr
128,2078,56.423566690568435,ssp126,bcc-csm2-mr
129,2079,55.62950657541403,ssp126,bcc-csm2-mr
130,2080,54.848139300304055,ssp126,bcc-csm2-mr
131,2081,54.7161338883693,ssp126,bcc-csm2-mr
132,2082,57.15888611312047,ssp126,bcc-csm2-mr
133,2083,54.69542623208185,ssp126,bcc-csm2-mr
134,2084,58.111820502893224,ssp126,bcc-csm2-mr
135,2085,54.65365558487695,ssp126,bcc-csm2-mr
136,2086,53.344433597626725,ssp126,bcc-csm2-mr
137,2087,57.36641246662238,ssp126,bcc-csm2-mr
138,2088,55.25154384332097,ssp126,bcc-csm2-mr
139,2089,57.07243711756985,ssp126,bcc-csm2-mr
140,2090,55.15428194216604,ssp126,bcc-csm2-mr
141,2091,54.54179681526204,ssp126,bcc-csm2-mr
142,2092,54.708504660903316,ssp126,bcc-csm2-mr
143,2093,57.00970883048372,ssp126,bcc-csm2-mr
144,2094,54.77146912252592,ssp126,bcc-csm2-mr
145,2095,58.388561301616434,ssp126,bcc-csm2-mr
146,2096,54.196037294155246,ssp126,bcc-csm2-mr
147,2097,54.39536436685955,ssp126,bcc-csm2-mr
148,2098,57.458631302355,ssp126,bcc-csm2-mr
149,2099,55.49414199779417,ssp126,bcc-csm2-mr
150,2100,56.54103920496684,ssp126,bcc-csm2-mr
0,1950,51.60083770022245,ssp126,ipsl-cm6a-lr
1,1951,51.984687070608956,ssp126,ipsl-cm6a-lr
2,1952,49.77746490324573,ssp126,ipsl-cm6a-lr
3,1953,53.21809690892819,ssp126,ipsl-cm6a-lr
4,1954,52.13389277819741,ssp126,ipsl-cm6a-lr
5,1955,52.95563877294796,ssp126,ipsl-cm6a-lr
6,1956,52.536991676015795,ssp126,ipsl-cm6a-lr
7,1957,53.14852914341215,ssp126,ipsl-cm6a-lr
8,1958,53.40716819040393,ssp126,ipsl-cm6a-lr
9,1959,52.51407215736853,ssp126,ipsl-cm6a-lr
10,1960,51.31232053395411,ssp126,ipsl-cm6a-lr
11,1961,50.09031252004827,ssp126,ipsl-cm6a-lr
12,1962,52.590898108516754,ssp126,ipsl-cm6a-lr
13,1963,53.95667705438419,ssp126,ipsl-cm6a-lr
14,1964,52.72250443063966,ssp126,ipsl-cm6a-lr
15,1965,51.242743270532884,ssp126,ipsl-cm6a-lr
16,1966,51.29056897410227,ssp126,ipsl-cm6a-lr
17,1967,53.633281211585384,ssp126,ipsl-cm6a-lr
18,1968,50.35955045777367,ssp126,ipsl-cm6a-lr
19,1969,53.59133688528642,ssp126,ipsl-cm6a-lr
20,1970,52.00443649064218,ssp126,ipsl-cm6a-lr
21,1971,53.73744734894563,ssp126,ipsl-cm6a-lr
22,1972,52.71277959279501,ssp126,ipsl-cm6a-lr
23,1973,54.400118801765984,ssp126,ipsl-cm6a-lr
24,1974,52.51508248652076,ssp126,ipsl-cm6a-lr
25,1975,54.86145270799948,ssp126,ipsl-cm6a-lr
26,1976,52.915007107084634,ssp126,ipsl-cm6a-lr
27,1977,51.38105302522892,ssp126,ipsl-cm6a-lr
28,1978,49.96713238579345,ssp126,ipsl-cm6a-lr
29,1979,50.60438949887048,ssp126,ipsl-cm6a-lr
30,1980,49.946753096614366,ssp126,ipsl-cm6a-lr
31,1981,52.234153500970066,ssp126,ipsl-cm6a-lr
32,1982,52.56873298781134,ssp126,ipsl-cm6a-lr
33,1983,52.60398556738774,ssp126,ipsl-cm6a-lr
34,1984,52.32853163338945,ssp126,ipsl-cm6a-lr
35,1985,51.363169077658405,ssp126,ipsl-cm6a-lr
36,1986,54.588064942326106,ssp126,ipsl-cm6a-lr
37,1987,52.18964222361084,ssp126,ipsl-cm6a-lr
38,1988,52.16320037259362,ssp126,ipsl-cm6a-lr
39,1989,52.351650017489206,ssp126,ipsl-cm6a-lr
40,1990,54.59525908507401,ssp126,ipsl-cm6a-lr
41,1991,52.753629541453286,ssp126,ipsl-cm6a-lr
42,1992,50.4543387400711,ssp126,ipsl-cm6a-lr
43,1993,51.502091017153084,ssp126,ipsl-cm6a-lr
44,1994,52.42220068228765,ssp126,ipsl-cm6a-lr
45,1995,52.51082967673671,ssp126,ipsl-cm6a-lr
46,1996,53.85250396102465,ssp126,ipsl-cm6a-lr
47,1997,53.94819521947059,ssp126,ipsl-cm6a-lr
48,1998,53.162077574682215,ssp126,ipsl-cm6a-lr
49,1999,53.04694623369221,ssp126,ipsl-cm6a-lr
50,2000,52.687612599497214,ssp126,ipsl-cm6a-lr
51,2001,53.95242483937179,ssp126,ipsl-cm6a-lr
52,2002,53.97806299069926,ssp126,ipsl-cm6a-lr
53,2003,55.78034288491965,ssp126,ipsl-cm6a-lr
54,2004,56.608164371048645,ssp126,ipsl-cm6a-lr
55,2005,56.910638683941684,ssp126,ipsl-cm6a-lr
56,2006,53.54492024031013,ssp126,ipsl-cm6a-lr
57,2007,56.23409187269921,ssp126,ipsl-cm6a-lr
58,2008,52.13283721541855,ssp126,ipsl-cm6a-lr
59,2009,53.838152214229225,ssp126,ipsl-cm6a-lr
60,2010,56.76157902075298,ssp126,ipsl-cm6a-lr
61,2011,53.470176521377844,ssp126,ipsl-cm6a-lr
62,2012,52.51528081124884,ssp126,ipsl-cm6a-lr
63,2013,54.99289206937821,ssp126,ipsl-cm6a-lr
64,2014,55.57325305736777,ssp126,ipsl-cm6a-lr
65,2015,56.181690399066056,ssp126,ipsl-cm6a-lr
66,2016,55.533283524097904,ssp126,ipsl-cm6a-lr
67,2017,56.010816357822854,ssp126,ipsl-cm6a-lr
68,2018,56.435313994713965,ssp126,ipsl-cm6a-lr
69,2019,55.87561410072987,ssp126,ipsl-cm6a-lr
70,2020,55.28121586337417,ssp126,ipsl-cm6a-lr
71,2021,56.36309044601129,ssp126,ipsl-cm6a-lr
72,2022,56.53279256134886,ssp126,ipsl-cm6a-lr
73,2023,57.75923846384766,ssp126,ipsl-cm6a-lr
74,2024,53.56137310915209,ssp126,ipsl-cm6a-lr
75,2025,55.214319562775096,ssp126,ipsl-cm6a-lr
76,2026,56.822279923607795,ssp126,ipsl-cm6a-lr
77,2027,56.34641169536284,ssp126,ipsl-cm6a-lr
78,2028,56.337875494028744,ssp126,ipsl-cm6a-lr
79,2029,56.35236573235311,ssp126,ipsl-cm6a-lr
80,2030,58.462236000819544,ssp126,ipsl-cm6a-lr
81,2031,56.42031312688874,ssp126,ipsl-cm6a-lr
82,2032,56.42114179922046,ssp126,ipsl-cm6a-lr
83,2033,55.70602241712133,ssp126,ipsl-cm6a-lr
84,2034,57.369710735540174,ssp126,ipsl-cm6a-lr
85,2035,57.262753670783695,ssp126,ipsl-cm6a-lr
86,2036,55.95965833517617,ssp126,ipsl-cm6a-lr
87,2037,57.51136350328578,ssp126,ipsl-cm6a-lr
88,2038,58.22958474979717,ssp126,ipsl-cm6a-lr
89,2039,56.27637085940832,ssp126,ipsl-cm6a-lr
90,2040,58.65984184637608,ssp126,ipsl-cm6a-lr
91,2041,53.91406348242007,ssp126,ipsl-cm6a-lr
92,2042,57.39399480811234,ssp126,ipsl-cm6a-lr
93,2043,57.95198573635879,ssp126,ipsl-cm6a-lr
94,2044,58.6020774645681,ssp126,ipsl-cm6a-lr
95,2045,57.56041363138357,ssp126,ipsl-cm6a-lr
96,2046,57.457915990041265,ssp126,ipsl-cm6a-lr
97,2047,59.48467609470186,ssp126,ipsl-cm6a-lr
98,2048,57.430656236012666,ssp126,ipsl-cm6a-lr
99,2049,58.31963541950932,ssp126,ipsl-cm6a-lr
100,2050,55.957933986064916,ssp126,ipsl-cm6a-lr
101,2051,60.20429271228775,ssp126,ipsl-cm6a-lr
102,2052,57.38863302760835,ssp126,ipsl-cm6a-lr
103,2053,57.59586624801867,ssp126,ipsl-cm6a-lr
104,2054,56.946315672253974,ssp126,ipsl-cm6a-lr
105,2055,56.85553575818993,ssp126,ipsl-cm6a-lr
106,2056,55.9862693767657,ssp126,ipsl-cm6a-lr
107,2057,58.12377411352565,ssp126,ipsl-cm6a-lr
108,2058,57.072190648222104,ssp126,ipsl-cm6a-lr
109,2059,58.967515805662224,ssp126,ipsl-cm6a-lr
110,2060,57.83173412174885,ssp126,ipsl-cm6a-lr
111,2061,56.37665667980729,ssp126,ipsl-cm6a-lr
112,2062,56.61569353913368,ssp126,ipsl-cm6a-lr
113,2063,56.469076103278496,ssp126,ipsl-cm6a-lr
114,2064,58.52148548149325,ssp126,ipsl-cm6a-lr
115,2065,56.67358945385396,ssp126,ipsl-cm6a-lr
116,2066,58.153328174447836,ssp126,ipsl-cm6a-lr
117,2067,57.37397474492142,ssp126,ipsl-cm6a-lr
118,2068,57.72471564329256,ssp126,ipsl-cm6a-lr
119,2069,56.616625035570806,ssp126,ipsl-cm6a-lr
120,2070,56.41597493755561,ssp126,ipsl-cm6a-lr
121,2071,56.488567658735384,ssp126,ipsl-cm6a-lr
122,2072,56.431367261404624,ssp126,ipsl-cm6a-lr
123,2073,58.407352497668604,ssp126,ipsl-cm6a-lr
124,2074,58.72785110929251,ssp126,ipsl-cm6a-lr
125,2075,57.62065499155568,ssp126,ipsl-cm6a-lr
126,2076,56.16109927329619,ssp126,ipsl-cm6a-lr
127,2077,56.66581829090122,ssp126,ipsl-cm6a-lr
128,2078,59.04925495037103,ssp126,ipsl-cm6a-lr
129,2079,57.11642458122805,ssp126,ipsl-cm6a-lr
130,2080,56.87460609016348,ssp126,ipsl-cm6a-lr
131,2081,56.01814513902743,ssp126,ipsl-cm6a-lr
132,2082,57.18768601001592,ssp126,ipsl-cm6a-lr
133,2083,58.86280578373424,ssp126,ipsl-cm6a-lr
134,2084,57.73846458524287,ssp126,ipsl-cm6a-lr
135,2085,57.46916310123277,ssp126,ipsl-cm6a-lr
136,2086,59.08835345504556,ssp126,ipsl-cm6a-lr
137,2087,57.41872260480608,ssp126,ipsl-cm6a-lr
138,2088,57.92630532147604,ssp126,ipsl-cm6a-lr
139,2089,60.051140048795354,ssp126,ipsl-cm6a-lr
140,2090,59.31296489937175,ssp126,ipsl-cm6a-lr
141,2091,56.24509635718839,ssp126,ipsl-cm6a-lr
142,2092,59.22220915902782,ssp126,ipsl-cm6a-lr
143,2093,57.49417376170617,ssp126,ipsl-cm6a-lr
144,2094,58.73880784264337,ssp126,ipsl-cm6a-lr
145,2095,55.18477551114239,ssp126,ipsl-cm6a-lr
146,2096,55.38593333485107,ssp126,ipsl-cm6a-lr
147,2097,58.619744914120325,ssp126,ipsl-cm6a-lr
148,2098,58.31518052160573,ssp126,ipsl-cm6a-lr
149,2099,55.39347862444073,ssp126,ipsl-cm6a-lr
150,2100,57.70267972576963,ssp126,ipsl-cm6a-lr
0,1950,54.26965946715871,ssp126,ec-earth3
1,1951,55.04562970761902,ssp126,ec-earth3
2,1952,51.19250532689514,ssp126,ec-earth3
3,1953,52.37818138237579,ssp126,ec-earth3
4,1954,52.10997892344998,ssp126,ec-earth3
5,1955,53.370183251086054,ssp126,ec-earth3
6,1956,53.74034241460492,ssp126,ec-earth3
7,1957,51.67517038488769,ssp126,ec-earth3
8,1958,52.150593390905044,ssp126,ec-earth3
9,1959,51.090595986842025,ssp126,ec-earth3
10,1960,53.06674417013001,ssp126,ec-earth3
11,1961,54.03764243629542,ssp126,ec-earth3
12,1962,52.67134221447421,ssp126,ec-earth3
13,1963,48.33955937559357,ssp126,ec-earth3
14,1964,49.43583682526516,ssp126,ec-earth3
15,1965,51.1126797273081,ssp126,ec-earth3
16,1966,52.768021993068594,ssp126,ec-earth3
17,1967,52.532035768628226,ssp126,ec-earth3
18,1968,48.88470489925175,ssp126,ec-earth3
19,1969,49.8791894834277,ssp126,ec-earth3
20,1970,53.91125141966213,ssp126,ec-earth3
21,1971,52.17843830878139,ssp126,ec-earth3
22,1972,52.147220653325775,ssp126,ec-earth3
23,1973,51.63290963620546,ssp126,ec-earth3
24,1974,54.01018566500073,ssp126,ec-earth3
25,1975,53.857155894796065,ssp126,ec-earth3
26,1976,53.26851818250749,ssp126,ec-earth3
27,1977,52.26655756926992,ssp126,ec-earth3
28,1978,53.67846758563933,ssp126,ec-earth3
29,1979,49.78298868302943,ssp126,ec-earth3
30,1980,51.306947259177704,ssp126,ec-earth3
31,1981,50.594995668771766,ssp126,ec-earth3
32,1982,49.644308226644156,ssp126,ec-earth3
33,1983,51.74611056930709,ssp126,ec-earth3
34,1984,51.319785208657066,ssp126,ec-earth3
35,1985,55.18882189828199,ssp126,ec-earth3
36,1986,50.815669338954145,ssp126,ec-earth3
37,1987,49.62359649392073,ssp126,ec-earth3
38,1988,52.71143898766509,ssp126,ec-earth3
39,1989,54.085270691419964,ssp126,ec-earth3
40,1990,54.34930968203774,ssp126,ec-earth3
41,1991,55.359213208178126,ssp126,ec-earth3
42,1992,52.60606123324262,ssp126,ec-earth3
43,1993,52.3287736623835,ssp126,ec-earth3
44,1994,50.802363757920496,ssp126,ec-earth3
45,1995,53.80724793418648,ssp126,ec-earth3
46,1996,54.104435086400954,ssp126,ec-earth3
47,1997,54.93252377983402,ssp126,ec-earth3
48,1998,53.62249017533407,ssp126,ec-earth3
49,1999,55.227082783124665,ssp126,ec-earth3
50,2000,53.028793214766324,ssp126,ec-earth3
51,2001,52.59629694554352,ssp126,ec-earth3
52,2002,54.61821697054709,ssp126,ec-earth3
53,2003,55.074764112148394,ssp126,ec-earth3
54,2004,55.3080595303667,ssp126,ec-earth3
55,2005,57.36233583471689,ssp126,ec-earth3
56,2006,54.030099267903196,ssp126,ec-earth3
57,2007,53.07250710341043,ssp126,ec-earth3
58,2008,54.18593538334558,ssp126,ec-earth3
59,2009,55.16842563566403,ssp126,ec-earth3
60,2010,55.446770854430135,ssp126,ec-earth3
61,2011,54.37314699226786,ssp126,ec-earth3
62,2012,53.97048745908289,ssp126,ec-earth3
63,2013,59.40701512380107,ssp126,ec-earth3
64,2014,57.32212668993388,ssp126,ec-earth3
65,2015,58.20748775675524,ssp126,ec-earth3
66,2016,56.743811729367174,ssp126,ec-earth3
67,2017,56.795666668300605,ssp126,ec-earth3
68,2018,54.94573511153178,ssp126,ec-earth3
69,2019,59.00454151805709,ssp126,ec-earth3
70,2020,58.49791767468028,ssp126,ec-earth3
71,2021,55.981558291276976,ssp126,ec-earth3
72,2022,57.03921188597785,ssp126,ec-earth3
73,2023,55.242210686015994,ssp126,ec-earth3
74,2024,58.07785540953326,ssp126,ec-earth3
75,2025,58.547141679683335,ssp126,ec-earth3
76,2026,56.57775632879655,ssp126,ec-earth3
77,2027,55.771482773821546,ssp126,ec-earth3
78,2028,56.44192492738574,ssp126,ec-earth3
79,2029,59.37184171336266,ssp126,ec-earth3
80,2030,57.958843567022434,ssp126,ec-earth3
81,2031,55.930967424045356,ssp126,ec-earth3
82,2032,56.334116131188416,ssp126,ec-earth3
83,2033,56.33396725258127,ssp126,ec-earth3
84,2034,59.077709785752084,ssp126,ec-earth3
85,2035,56.76834905171628,ssp126,ec-earth3
86,2036,56.46406989880733,ssp126,ec-earth3
87,2037,59.37442338468549,ssp126,ec-earth3
88,2038,58.224561822908846,ssp126,ec-earth3
89,2039,58.91217930735146,ssp126,ec-earth3
90,2040,58.92514611263167,ssp126,ec-earth3
91,2041,59.56923774193784,ssp126,ec-earth3
92,2042,58.25498453974197,ssp126,ec-earth3
93,2043,56.48917829754805,ssp126,ec-earth3
94,2044,59.01137142912353,ssp126,ec-earth3
95,2045,57.876999652054714,ssp126,ec-earth3
96,2046,59.796536391558355,ssp126,ec-earth3
97,2047,57.600938542553564,ssp126,ec-earth3
98,2048,60.5110401405814,ssp126,ec-earth3
99,2049,56.881956417129494,ssp126,ec-earth3
100,2050,57.30446489957924,ssp126,ec-earth3
101,2051,59.178057366789936,ssp126,ec-earth3
102,2052,55.941219115627334,ssp126,ec-earth3
103,2053,57.57674997766982,ssp126,ec-earth3
104,2054,58.96272607335514,ssp126,ec-earth3
105,2055,56.91941986548939,ssp126,ec-earth3
106,2056,59.643189912329035,ssp126,ec-earth3
107,2057,59.34989914794129,ssp126,ec-earth3
108,2058,58.42247046274464,ssp126,ec-earth3
109,2059,56.821370074707346,ssp126,ec-earth3
110,2060,59.57433884927855,ssp126,ec-earth3
111,2061,54.89920669740445,ssp126,ec-earth3
112,2062,55.4097521962587,ssp126,ec-earth3
113,2063,56.07088012051007,ssp126,ec-earth3
114,2064,58.87349051196171,ssp126,ec-earth3
115,2065,55.73447800106892,ssp126,ec-earth3
116,2066,56.38187558810086,ssp126,ec-earth3
117,2067,59.182295824804385,ssp126,ec-earth3
118,2068,57.97012494171634,ssp126,ec-earth3
119,2069,58.814489650772394,ssp126,ec-earth3
120,2070,58.98640012251413,ssp126,ec-earth3
121,2071,58.97399164171434,ssp126,ec-earth3
122,2072,60.77440159473524,ssp126,ec-earth3
123,2073,56.681004735555696,ssp126,ec-earth3
124,2074,58.71420036598331,ssp126,ec-earth3
125,2075,57.63315589670251,ssp126,ec-earth3
126,2076,59.656972826594995,ssp126,ec-earth3
127,2077,57.114458004758546,ssp126,ec-earth3
128,2078,58.75681591805904,ssp126,ec-earth3
129,2079,58.85491909651883,ssp126,ec-earth3
130,2080,58.198671037891856,ssp126,ec-earth3
131,2081,59.09065436112333,ssp126,ec-earth3
132,2082,58.67581503035171,ssp126,ec-earth3
133,2083,60.342400982947865,ssp126,ec-earth3
134,2084,58.99715728580706,ssp126,ec-earth3
135,2085,56.91504333828415,ssp126,ec-earth3
136,2086,58.41437538070894,ssp126,ec-earth3
137,2087,58.22316762520226,ssp126,ec-earth3
138,2088,58.74843523922515,ssp126,ec-earth3
139,2089,55.84638935890249,ssp126,ec-earth3
140,2090,57.10938933700986,ssp126,ec-earth3
141,2091,57.06945310357565,ssp126,ec-earth3
142,2092,56.49778971923435,ssp126,ec-earth3
143,2093,56.60743120583595,ssp126,ec-earth3
144,2094,59.60501975107095,ssp126,ec-earth3
145,2095,57.28801133081808,ssp126,ec-earth3
146,2096,55.659602102826405,ssp126,ec-earth3
147,2097,54.90505681098345,ssp126,ec-earth3
148,2098,58.11023944562472,ssp126,ec-earth3
149,2099,57.33998115206068,ssp126,ec-earth3
150,2100,58.059956421945316,ssp126,ec-earth3
0,1950,,hist,nclimgrid
1,1951,50.719993843676555,hist,nclimgrid
2,1952,51.852412609305894,hist,nclimgrid
3,1953,54.431967891469974,hist,nclimgrid
4,1954,53.841012567012605,hist,nclimgrid
5,1955,51.70081594108779,hist,nclimgrid
6,1956,52.685937641658356,hist,nclimgrid
7,1957,50.91472891495521,hist,nclimgrid
8,1958,53.216101126443824,hist,nclimgrid
9,1959,50.89696101528634,hist,nclimgrid
10,1960,53.44705239057048,hist,nclimgrid
11,1961,51.37097774091304,hist,nclimgrid
12,1962,53.35996695712172,hist,nclimgrid
13,1963,55.59619411029164,hist,nclimgrid
14,1964,52.03836583258843,hist,nclimgrid
15,1965,52.49372291869316,hist,nclimgrid
16,1966,52.34110279761826,hist,nclimgrid
17,1967,52.11805115855339,hist,nclimgrid
18,1968,52.12542534970789,hist,nclimgrid
19,1969,51.547601519621075,hist,nclimgrid
20,1970,51.4887604568664,hist,nclimgrid
21,1971,52.43839756440213,hist,nclimgrid
22,1972,50.624322110061215,hist,nclimgrid
23,1973,53.15818466837951,hist,nclimgrid
24,1974,51.790892506239715,hist,nclimgrid
25,1975,52.21880672676028,hist,nclimgrid
26,1976,49.86950789173116,hist,nclimgrid
27,1977,52.919095416400495,hist,nclimgrid
28,1978,52.588792824243946,hist,nclimgrid
29,1979,52.638156571538694,hist,nclimgrid
30,1980,52.55210016143428,hist,nclimgrid
31,1981,52.836412848466466,hist,nclimgrid
32,1982,51.55200672847756,hist,nclimgrid
33,1983,53.32279019788196,hist,nclimgrid
34,1984,51.4888823143861,hist,nclimgrid
35,1985,50.58420148237753,hist,nclimgrid
36,1986,51.71054962152334,hist,nclimgrid
37,1987,52.97746105851707,hist,nclimgrid
38,1988,52.7547158690586,hist,nclimgrid
39,1989,52.5886567029056,hist,nclimgrid
40,1990,54.24938582914342,hist,nclimgrid
41,1991,51.81087003066185,hist,nclimgrid
42,1992,51.886940787467346,hist,nclimgrid
43,1993,50.56480099140406,hist,nclimgrid
44,1994,52.957872588050726,hist,nclimgrid
45,1995,52.462374205820886,hist,nclimgrid
46,1996,50.95173327989446,hist,nclimgrid
47,1997,52.586582623277025,hist,nclimgrid
48,1998,55.13943746413416,hist,nclimgrid
49,1999,54.574128188371546,hist,nclimgrid
50,2000,51.68069204401463,hist,nclimgrid
51,2001,54.72071918532331,hist,nclimgrid
52,2002,52.269281572082654,hist,nclimgrid
53,2003,53.36289509849587,hist,nclimgrid
54,2004,53.83509158354787,hist,nclimgrid
55,2005,54.699246543616994,hist,nclimgrid
56,2006,52.10071453781201,hist,nclimgrid
57,2007,54.46863064421715,hist,nclimgrid
58,2008,53.25879503849934,hist,nclimgrid
59,2009,53.0646594648551,hist,nclimgrid
60,2010,53.75754918224357,hist,nclimgrid
61,2011,53.86704628939487,hist,nclimgrid
62,2012,53.54007769828544,hist,nclimgrid
63,2013,52.819709508370565,hist,nclimgrid
64,2014,52.935128916176396,hist,nclimgrid
65,2015,55.63665644854685,hist,nclimgrid
66,2016,56.41906597503488,hist,nclimgrid
67,2017,54.38374899968514,hist,nclimgrid
68,2018,52.439729948157684,hist,nclimgrid
69,2019,52.44423922507347,hist,nclimgrid
70,2020,,hist,nclimgrid
71,2021,,hist,nclimgrid
72,2022,,hist,nclimgrid
73,2023,,hist,nclimgrid
74,2024,,hist,nclimgrid
75,2025,,hist,nclimgrid
76,2026,,hist,nclimgrid
77,2027,,hist,nclimgrid
78,2028,,hist,nclimgrid
79,2029,,hist,nclimgrid
80,2030,,hist,nclimgrid
81,2031,,hist,nclimgrid
82,2032,,hist,nclimgrid
83,2033,,hist,nclimgrid
84,2034,,hist,nclimgrid
85,2035,,hist,nclimgrid
86,2036,,hist,nclimgrid
87,2037,,hist,nclimgrid
88,2038,,hist,nclimgrid
89,2039,,hist,nclimgrid
90,2040,,hist,nclimgrid
91,2041,,hist,nclimgrid
92,2042,,hist,nclimgrid
93,2043,,hist,nclimgrid
94,2044,,hist,nclimgrid
95,2045,,hist,nclimgrid
96,2046,,hist,nclimgrid
97,2047,,hist,nclimgrid
98,2048,,hist,nclimgrid
99,2049,,hist,nclimgrid
100,2050,,hist,nclimgrid
101,2051,,hist,nclimgrid
102,2052,,hist,nclimgrid
103,2053,,hist,nclimgrid
104,2054,,hist,nclimgrid
105,2055,,hist,nclimgrid
106,2056,,hist,nclimgrid
107,2057,,hist,nclimgrid
108,2058,,hist,nclimgrid
109,2059,,hist,nclimgrid
110,2060,,hist,nclimgrid
111,2061,,hist,nclimgrid
112,2062,,hist,nclimgrid
113,2063,,hist,nclimgrid
114,2064,,hist,nclimgrid
115,2065,,hist,nclimgrid
116,2066,,hist,nclimgrid
117,2067,,hist,nclimgrid
118,2068,,hist,nclimgrid
119,2069,,hist,nclimgrid
120,2070,,hist,nclimgrid
121,2071,,hist,nclimgrid
122,2072,,hist,nclimgrid
123,2073,,hist,nclimgrid
124,2074,,hist,nclimgrid
125,2075,,hist,nclimgrid
126,2076,,hist,nclimgrid
127,2077,,hist,nclimgrid
128,2078,,hist,nclimgrid
129,2079,,hist,nclimgrid
130,2080,,hist,nclimgrid
131,2081,,hist,nclimgrid
132,2082,,hist,nclimgrid
133,2083,,hist,nclimgrid
134,2084,,hist,nclimgrid
135,2085,,hist,nclimgrid
136,2086,,hist,nclimgrid
137,2087,,hist,nclimgrid
138,2088,,hist,nclimgrid
139,2089,,hist,nclimgrid
140,2090,,hist,nclimgrid
141,2091,,hist,nclimgrid
142,2092,,hist,nclimgrid
143,2093,,hist,nclimgrid
144,2094,,hist,nclimgrid
145,2095,,hist,nclimgrid
146,2096,,hist,nclimgrid
147,2097,,hist,nclimgrid
148,2098,,hist,nclimgrid
149,2099,,hist,nclimgrid
150,2100,,hist,nclimgrid
0,1950,52.551215679444105,ssp126,noresm2-lm
1,1951,53.095452643766926,ssp126,noresm2-lm
2,1952,52.51668737646045,ssp126,noresm2-lm
3,1953,52.16852018763715,ssp126,noresm2-lm
4,1954,52.21577452956057,ssp126,noresm2-lm
5,1955,52.7068675126447,ssp126,noresm2-lm
6,1956,53.31993628631956,ssp126,noresm2-lm
7,1957,52.11941387117859,ssp126,noresm2-lm
8,1958,53.46821267262346,ssp126,noresm2-lm
9,1959,53.32938919238936,ssp126,noresm2-lm
10,1960,51.227247224355246,ssp126,noresm2-lm
11,1961,51.082772444831356,ssp126,noresm2-lm
12,1962,51.86230802644548,ssp126,noresm2-lm
13,1963,50.530729014616725,ssp126,noresm2-lm
14,1964,49.929191362229176,ssp126,noresm2-lm
15,1965,51.48617895903366,ssp126,noresm2-lm
16,1966,53.81017209402305,ssp126,noresm2-lm
17,1967,51.83829440881527,ssp126,noresm2-lm
18,1968,51.5997900453162,ssp126,noresm2-lm
19,1969,52.07929340429079,ssp126,noresm2-lm
20,1970,52.59407934909994,ssp126,noresm2-lm
21,1971,49.6678081519522,ssp126,noresm2-lm
22,1972,50.78895999417823,ssp126,noresm2-lm
23,1973,51.83701758062443,ssp126,noresm2-lm
24,1974,53.82553709139076,ssp126,noresm2-lm
25,1975,51.87124432202272,ssp126,noresm2-lm
26,1976,51.676034419177455,ssp126,noresm2-lm
27,1977,52.683493222243584,ssp126,noresm2-lm
28,1978,53.039452564926705,ssp126,noresm2-lm
29,1979,50.3513066214153,ssp126,noresm2-lm
30,1980,53.943563580928654,ssp126,noresm2-lm
31,1981,49.3813230246578,ssp126,noresm2-lm
32,1982,51.89420356841837,ssp126,noresm2-lm
33,1983,52.776462303440475,ssp126,noresm2-lm
34,1984,52.15898997799859,ssp126,noresm2-lm
35,1985,51.22330480011039,ssp126,noresm2-lm
36,1986,50.706878998154956,ssp126,noresm2-lm
37,1987,54.806568552139105,ssp126,noresm2-lm
38,1988,52.28869123736895,ssp126,noresm2-lm
39,1989,52.236415594640604,ssp126,noresm2-lm
40,1990,53.019770008869145,ssp126,noresm2-lm
41,1991,52.836173645967754,ssp126,noresm2-lm
42,1992,54.883389169363234,ssp126,noresm2-lm
43,1993,53.759439416032905,ssp126,noresm2-lm
44,1994,53.83227687443855,ssp126,noresm2-lm
45,1995,52.45496983774637,ssp126,noresm2-lm
46,1996,55.594443588748696,ssp126,noresm2-lm
47,1997,53.44321899497963,ssp126,noresm2-lm
48,1998,54.20519070890902,ssp126,noresm2-lm
49,1999,52.788389663608285,ssp126,noresm2-lm
50,2000,54.93060586378774,ssp126,noresm2-lm
51,2001,54.212698709917206,ssp126,noresm2-lm
52,2002,56.04374310905787,ssp126,noresm2-lm
53,2003,52.60942262974142,ssp126,noresm2-lm
54,2004,54.86416625296778,ssp126,noresm2-lm
55,2005,54.88044732054062,ssp126,noresm2-lm
56,2006,53.872718276254055,ssp126,noresm2-lm
57,2007,54.5457894539921,ssp126,noresm2-lm
58,2008,53.49794965987539,ssp126,noresm2-lm
59,2009,55.97548072569504,ssp126,noresm2-lm
60,2010,53.971528287245704,ssp126,noresm2-lm
61,2011,56.85914924194222,ssp126,noresm2-lm
62,2012,53.67282711830183,ssp126,noresm2-lm
63,2013,51.607813465775486,ssp126,noresm2-lm
64,2014,54.87197163960559,ssp126,noresm2-lm
65,2015,52.421666598451765,ssp126,noresm2-lm
66,2016,54.010546347663514,ssp126,noresm2-lm
67,2017,57.073819483846194,ssp126,noresm2-lm
68,2018,55.23769686260043,ssp126,noresm2-lm
69,2019,55.8280011182245,ssp126,noresm2-lm
70,2020,55.15626725204837,ssp126,noresm2-lm
71,2021,55.37336624219992,ssp126,noresm2-lm
72,2022,54.843418864328974,ssp126,noresm2-lm
73,2023,56.34589395882293,ssp126,noresm2-lm
74,2024,55.00088372030235,ssp126,noresm2-lm
75,2025,55.59530334220813,ssp126,noresm2-lm
76,2026,55.60598028668632,ssp126,noresm2-lm
77,2027,57.15462797627545,ssp126,noresm2-lm
78,2028,55.65075264204692,ssp126,noresm2-lm
79,2029,55.900516081754354,ssp126,noresm2-lm
80,2030,56.343390775416786,ssp126,noresm2-lm
81,2031,56.076590595022644,ssp126,noresm2-lm
82,2032,55.752206308855115,ssp126,noresm2-lm
83,2033,58.09813318096721,ssp126,noresm2-lm
84,2034,54.609156962033424,ssp126,noresm2-lm
85,2035,55.70141240616135,ssp126,noresm2-lm
86,2036,56.55582080545917,ssp126,noresm2-lm
87,2037,55.49012150201398,ssp126,noresm2-lm
88,2038,55.79646758517657,ssp126,noresm2-lm
89,2039,58.02414828186677,ssp126,noresm2-lm
90,2040,54.25452734797667,ssp126,noresm2-lm
91,2041,57.672170433443036,ssp126,noresm2-lm
92,2042,55.85216790442801,ssp126,noresm2-lm
93,2043,55.83637915931227,ssp126,noresm2-lm
94,2044,56.54448908881696,ssp126,noresm2-lm
95,2045,57.52374142258913,ssp126,noresm2-lm
96,2046,57.19119239847538,ssp126,noresm2-lm
97,2047,57.50345536334256,ssp126,noresm2-lm
98,2048,56.86605226732946,ssp126,noresm2-lm
99,2049,57.54873340738895,ssp126,noresm2-lm
100,2050,55.62716791887857,ssp126,noresm2-lm
101,2051,57.439109825809005,ssp126,noresm2-lm
102,2052,55.94963029795559,ssp126,noresm2-lm
103,2053,56.161961118748586,ssp126,noresm2-lm
104,2054,56.262140399989725,ssp126,noresm2-lm
105,2055,58.51977487693468,ssp126,noresm2-lm
106,2056,56.6297999259644,ssp126,noresm2-lm
107,2057,54.404727811130726,ssp126,noresm2-lm
108,2058,54.57211120627719,ssp126,noresm2-lm
109,2059,56.526430719831595,ssp126,noresm2-lm
110,2060,56.84317533523567,ssp126,noresm2-lm
111,2061,57.542741121181024,ssp126,noresm2-lm
112,2062,56.52039293356187,ssp126,noresm2-lm
113,2063,56.78567821585765,ssp126,noresm2-lm
114,2064,55.580431647383286,ssp126,noresm2-lm
115,2065,54.38400794835124,ssp126,noresm2-lm
116,2066,54.5399881463883,ssp126,noresm2-lm
117,2067,58.9630053828204,ssp126,noresm2-lm
118,2068,58.58368234841281,ssp126,noresm2-lm
119,2069,56.263082323320184,ssp126,noresm2-lm
120,2070,55.78778269639584,ssp126,noresm2-lm
121,2071,57.778954889277,ssp126,noresm2-lm
122,2072,56.322941993247014,ssp126,noresm2-lm
123,2073,56.198951189120315,ssp126,noresm2-lm
124,2074,57.00464971756674,ssp126,noresm2-lm
125,2075,56.696408498484864,ssp126,noresm2-lm
126,2076,57.520682135551255,ssp126,noresm2-lm
127,2077,54.31220826548511,ssp126,noresm2-lm
128,2078,57.479030782020544,ssp126,noresm2-lm
129,2079,57.891789614485326,ssp126,noresm2-lm
130,2080,57.38630883031833,ssp126,noresm2-lm
131,2081,58.67835893678782,ssp126,noresm2-lm
132,2082,55.67819919380087,ssp126,noresm2-lm
133,2083,57.119792107070325,ssp126,noresm2-lm
134,2084,55.336929181002795,ssp126,noresm2-lm
135,2085,56.526818482998394,ssp126,noresm2-lm
136,2086,56.71511413600824,ssp126,noresm2-lm
137,2087,56.45882721414241,ssp126,noresm2-lm
138,2088,55.06573337409996,ssp126,noresm2-lm
139,2089,56.98132097532151,ssp126,noresm2-lm
140,2090,57.13258430395764,ssp126,noresm2-lm
141,2091,55.40458549234906,ssp126,noresm2-lm
142,2092,59.14870795274288,ssp126,noresm2-lm
143,2093,55.097096052575004,ssp126,noresm2-lm
144,2094,58.84420487738637,ssp126,noresm2-lm
145,2095,57.09903790607916,ssp126,noresm2-lm
146,2096,56.74615362529713,ssp126,noresm2-lm
147,2097,56.87477573071565,ssp126,noresm2-lm
148,2098,56.1879257857265,ssp126,noresm2-lm
149,2099,57.50792572208223,ssp126,noresm2-lm
150,2100,57.2436534500654,ssp126,noresm2-lm
0,1950,53.506656053029026,ssp126,access-esm1-5
1,1951,51.95023668762894,ssp126,access-esm1-5
2,1952,52.0479175047706,ssp126,access-esm1-5
3,1953,54.96955115542548,ssp126,access-esm1-5
4,1954,50.36711564414849,ssp126,access-esm1-5
5,1955,52.747726899991996,ssp126,access-esm1-5
6,1956,53.9634362837219,ssp126,access-esm1-5
7,1957,50.91579204248845,ssp126,access-esm1-5
8,1958,52.6861288739654,ssp126,access-esm1-5
9,1959,48.37716124948394,ssp126,access-esm1-5
10,1960,54.653272838937994,ssp126,access-esm1-5
11,1961,50.783172737790885,ssp126,access-esm1-5
12,1962,50.8317215775218,ssp126,access-esm1-5
13,1963,51.859706798958356,ssp126,access-esm1-5
14,1964,51.631960100474394,ssp126,access-esm1-5
15,1965,51.904394106270104,ssp126,access-esm1-5
16,1966,53.11454530384395,ssp126,access-esm1-5
17,1967,52.344194197570324,ssp126,access-esm1-5
18,1968,50.48266086839283,ssp126,access-esm1-5
19,1969,50.70177612610981,ssp126,access-esm1-5
20,1970,50.841863321166905,ssp126,access-esm1-5
21,1971,51.39177239868552,ssp126,access-esm1-5
22,1972,54.193550629876896,ssp126,access-esm1-5
23,1973,50.83616276512035,ssp126,access-esm1-5
24,1974,52.623322793146365,ssp126,access-esm1-5
25,1975,52.68580275772091,ssp126,access-esm1-5
26,1976,51.312445085507,ssp126,access-esm1-5
27,1977,51.90691243020469,ssp126,access-esm1-5
28,1978,54.91267593225666,ssp126,access-esm1-5
29,1979,53.18651712408647,ssp126,access-esm1-5
30,1980,51.86691196493022,ssp126,access-esm1-5
31,1981,49.347617888911465,ssp126,access-esm1-5
32,1982,52.293615137119296,ssp126,access-esm1-5
33,1983,52.79700595846457,ssp126,access-esm1-5
34,1984,50.87088339802206,ssp126,access-esm1-5
35,1985,52.63234524207409,ssp126,access-esm1-5
36,1986,52.371786172817956,ssp126,access-esm1-5
37,1987,53.353242703023206,ssp126,access-esm1-5
38,1988,50.4774190445411,ssp126,access-esm1-5
39,1989,53.901112760880295,ssp126,access-esm1-5
40,1990,52.26231983760228,ssp126,access-esm1-5
41,1991,53.60925594944758,ssp126,access-esm1-5
42,1992,51.032304946184674,ssp126,access-esm1-5
43,1993,52.67959488230445,ssp126,access-esm1-5
44,1994,55.13915344131756,ssp126,access-esm1-5
45,1995,53.699843153518984,ssp126,access-esm1-5
46,1996,53.355121815753314,ssp126,access-esm1-5
47,1997,52.613945852596,ssp126,access-esm1-5
48,1998,52.72865576123797,ssp126,access-esm1-5
49,1999,55.29480897527322,ssp126,access-esm1-5
50,2000,54.90526273388585,ssp126,access-esm1-5
51,2001,54.14625761109265,ssp126,access-esm1-5
52,2002,54.18756681111539,ssp126,access-esm1-5
53,2003,54.27048875528338,ssp126,access-esm1-5
54,2004,53.77334762992795,ssp126,access-esm1-5
55,2005,54.09436597925061,ssp126,access-esm1-5
56,2006,55.1669669331984,ssp126,access-esm1-5
57,2007,54.39735650778869,ssp126,access-esm1-5
58,2008,52.957579814754006,ssp126,access-esm1-5
59,2009,52.70147313816944,ssp126,access-esm1-5
60,2010,54.87248022167472,ssp126,access-esm1-5
61,2011,53.966208506001415,ssp126,access-esm1-5
62,2012,57.07381165259649,ssp126,access-esm1-5
63,2013,55.93035913166935,ssp126,access-esm1-5
64,2014,56.110492834871295,ssp126,access-esm1-5
65,2015,55.86810685709572,ssp126,access-esm1-5
66,2016,55.965756595985034,ssp126,access-esm1-5
67,2017,55.32556586241673,ssp126,access-esm1-5
68,2018,54.89649828033862,ssp126,access-esm1-5
69,2019,56.05867490793292,ssp126,access-esm1-5
70,2020,55.59778929990851,ssp126,access-esm1-5
71,2021,56.43257358424577,ssp126,access-esm1-5
72,2022,56.63849369986314,ssp126,access-esm1-5
73,2023,57.33458134876627,ssp126,access-esm1-5
74,2024,56.97223672696736,ssp126,access-esm1-5
75,2025,56.88772837713548,ssp126,access-esm1-5
76,2026,56.613342528396615,ssp126,access-esm1-5
77,2027,54.89031617766382,ssp126,access-esm1-5
78,2028,54.28150187025872,ssp126,access-esm1-5
79,2029,57.01692057625301,ssp126,access-esm1-5
80,2030,55.910776271310624,ssp126,access-esm1-5
81,2031,58.752153706281504,ssp126,access-esm1-5
82,2032,54.69216111483434,ssp126,access-esm1-5
83,2033,57.10710763404508,ssp126,access-esm1-5
84,2034,55.61604250713264,ssp126,access-esm1-5
85,2035,56.101030222927506,ssp126,access-esm1-5
86,2036,55.742976609826336,ssp126,access-esm1-5
87,2037,56.2521398644367,ssp126,access-esm1-5
88,2038,58.216415937135075,ssp126,access-esm1-5
89,2039,57.84125809692134,ssp126,access-esm1-5
90,2040,58.063718194241204,ssp126,access-esm1-5
91,2041,57.97484510290599,ssp126,access-esm1-5
92,2042,56.82003941309153,ssp126,access-esm1-5
93,2043,57.07811977603597,ssp126,access-esm1-5
94,2044,57.674804431930156,ssp126,access-esm1-5
95,2045,57.96573968115248,ssp126,access-esm1-5
96,2046,57.911781245989275,ssp126,access-esm1-5
97,2047,57.571150913593705,ssp126,access-esm1-5
98,2048,57.401351031864365,ssp126,access-esm1-5
99,2049,59.260210228890315,ssp126,access-esm1-5
100,2050,58.163058962967625,ssp126,access-esm1-5
101,2051,57.49001275700125,ssp126,access-esm1-5
102,2052,56.284653256912755,ssp126,access-esm1-5
103,2053,57.56402368145461,ssp126,access-esm1-5
104,2054,56.06576648210098,ssp126,access-esm1-5
105,2055,59.70032823638714,ssp126,access-esm1-5
106,2056,56.48388266260582,ssp126,access-esm1-5
107,2057,56.93740362698609,ssp126,access-esm1-5
108,2058,55.87686030463734,ssp126,access-esm1-5
109,2059,59.51818949217716,ssp126,access-esm1-5
110,2060,57.14267678824585,ssp126,access-esm1-5
111,2061,58.09083441659391,ssp126,access-esm1-5
112,2062,58.25206831043375,ssp126,access-esm1-5
113,2063,56.82303173506288,ssp126,access-esm1-5
114,2064,57.407349607846854,ssp126,access-esm1-5
115,2065,57.817448892160094,ssp126,access-esm1-5
116,2066,57.08000604093293,ssp126,access-esm1-5
117,2067,57.34632999751027,ssp126,access-esm1-5
118,2068,57.69132382858744,ssp126,access-esm1-5
119,2069,59.21305663542027,ssp126,access-esm1-5
120,2070,58.043292321637075,ssp126,access-esm1-5
121,2071,57.33517083662313,ssp126,access-esm1-5
122,2072,58.75244463855599,ssp126,access-esm1-5
123,2073,56.890598895854005,ssp126,access-esm1-5
124,2074,58.854737734988554,ssp126,access-esm1-5
125,2075,58.91007031761341,ssp126,access-esm1-5
126,2076,57.082777434994384,ssp126,access-esm1-5
127,2077,56.37459752727611,ssp126,access-esm1-5
128,2078,57.21748896735356,ssp126,access-esm1-5
129,2079,56.374714658329,ssp126,access-esm1-5
130,2080,55.525851886382625,ssp126,access-esm1-5
131,2081,57.448516214879874,ssp126,access-esm1-5
132,2082,59.3998798084643,ssp126,access-esm1-5
133,2083,58.72310905369804,ssp126,access-esm1-5
134,2084,58.043593762139515,ssp126,access-esm1-5
135,2085,57.70162399861755,ssp126,access-esm1-5
136,2086,58.478218977639884,ssp126,access-esm1-5
137,2087,56.598103249645746,ssp126,access-esm1-5
138,2088,59.0790806917069,ssp126,access-esm1-5
139,2089,58.493150715133375,ssp126,access-esm1-5
140,2090,57.401781244018935,ssp126,access-esm1-5
141,2091,60.24672411662143,ssp126,access-esm1-5
142,2092,57.00631973295354,ssp126,access-esm1-5
143,2093,58.17811140768248,ssp126,access-esm1-5
144,2094,56.2951064187582,ssp126,access-esm1-5
145,2095,56.80975782093677,ssp126,access-esm1-5
146,2096,55.95679054982985,ssp126,access-esm1-5
147,2097,57.93922744066083,ssp126,access-esm1-5
148,2098,57.84696310495041,ssp126,access-esm1-5
149,2099,59.32057168122817,ssp126,access-esm1-5
150,2100,60.21306406387901,ssp126,access-esm1-5
0,1950,51.56854741619107,ssp126,inm-cm4-8
1,1951,53.61775167075776,ssp126,inm-cm4-8
2,1952,52.01500992299305,ssp126,inm-cm4-8
3,1953,54.76646247608548,ssp126,inm-cm4-8
4,1954,51.29889755144201,ssp126,inm-cm4-8
5,1955,52.84764177387632,ssp126,inm-cm4-8
6,1956,53.99514289768336,ssp126,inm-cm4-8
7,1957,51.89636919006381,ssp126,inm-cm4-8
8,1958,52.998156444086085,ssp126,inm-cm4-8
9,1959,52.166204685449664,ssp126,inm-cm4-8
10,1960,52.26069646971082,ssp126,inm-cm4-8
11,1961,53.999759978458044,ssp126,inm-cm4-8
12,1962,54.53197051061741,ssp126,inm-cm4-8
13,1963,52.528236968077,ssp126,inm-cm4-8
14,1964,52.68279728503231,ssp126,inm-cm4-8
15,1965,51.61026333645469,ssp126,inm-cm4-8
16,1966,53.71642724771913,ssp126,inm-cm4-8
17,1967,51.23834689815933,ssp126,inm-cm4-8
18,1968,50.79284919992537,ssp126,inm-cm4-8
19,1969,51.52420314031088,ssp126,inm-cm4-8
20,1970,52.82583910906003,ssp126,inm-cm4-8
21,1971,51.751154638169524,ssp126,inm-cm4-8
22,1972,52.43542784156264,ssp126,inm-cm4-8
23,1973,49.52111103895902,ssp126,inm-cm4-8
24,1974,51.14134092874787,ssp126,inm-cm4-8
25,1975,53.50692530289609,ssp126,inm-cm4-8
26,1976,52.39241297744713,ssp126,inm-cm4-8
27,1977,51.755919584249675,ssp126,inm-cm4-8
28,1978,50.8260864905992,ssp126,inm-cm4-8
29,1979,51.59407276420094,ssp126,inm-cm4-8
30,1980,53.143031925975905,ssp126,inm-cm4-8
31,1981,51.88758990941365,ssp126,inm-cm4-8
32,1982,53.34094970714315,ssp126,inm-cm4-8
33,1983,50.93153229654179,ssp126,inm-cm4-8
34,1984,50.721556863652935,ssp126,inm-cm4-8
35,1985,53.72174115282962,ssp126,inm-cm4-8
36,1986,53.0929426529276,ssp126,inm-cm4-8
37,1987,51.59687331136564,ssp126,inm-cm4-8
38,1988,52.369945497774864,ssp126,inm-cm4-8
39,1989,51.7234875856032,ssp126,inm-cm4-8
40,1990,51.46709554437046,ssp126,inm-cm4-8
41,1991,53.97062439221135,ssp126,inm-cm4-8
42,1992,49.919327504223354,ssp126,inm-cm4-8
43,1993,50.51351603863042,ssp126,inm-cm4-8
44,1994,54.13755728314351,ssp126,inm-cm4-8
45,1995,54.67830908036119,ssp126,inm-cm4-8
46,1996,53.18470642301831,ssp126,inm-cm4-8
47,1997,52.92591748044513,ssp126,inm-cm4-8
48,1998,52.90931762538028,ssp126,inm-cm4-8
49,1999,53.36913208232154,ssp126,inm-cm4-8
50,2000,54.30759161622173,ssp126,inm-cm4-8
51,2001,52.84951724420476,ssp126,inm-cm4-8
52,2002,52.98204299795321,ssp126,inm-cm4-8
53,2003,54.628625471248704,ssp126,inm-cm4-8
54,2004,55.63085755196169,ssp126,inm-cm4-8
55,2005,53.22641096957206,ssp126,inm-cm4-8
56,2006,53.1107187901295,ssp126,inm-cm4-8
57,2007,53.97759426720447,ssp126,inm-cm4-8
58,2008,53.10226509166872,ssp126,inm-cm4-8
59,2009,54.084507417847306,ssp126,inm-cm4-8
60,2010,54.27159011487251,ssp126,inm-cm4-8
61,2011,50.928970107779115,ssp126,inm-cm4-8
62,2012,53.5965851962431,ssp126,inm-cm4-8
63,2013,55.72421873888089,ssp126,inm-cm4-8
64,2014,52.92254463413075,ssp126,inm-cm4-8
65,2015,52.2618681290841,ssp126,inm-cm4-8
66,2016,52.00964760983812,ssp126,inm-cm4-8
67,2017,53.393834012809634,ssp126,inm-cm4-8
68,2018,50.3017868419312,ssp126,inm-cm4-8
69,2019,53.72498687245971,ssp126,inm-cm4-8
70,2020,53.12700140176393,ssp126,inm-cm4-8
71,2021,53.39222012624331,ssp126,inm-cm4-8
72,2022,54.51549881982362,ssp126,inm-cm4-8
73,2023,53.416587183620486,ssp126,inm-cm4-8
74,2024,53.33741515385357,ssp126,inm-cm4-8
75,2025,55.047976447469956,ssp126,inm-cm4-8
76,2026,55.02156278163879,ssp126,inm-cm4-8
77,2027,57.815335976436785,ssp126,inm-cm4-8
78,2028,54.19441329297384,ssp126,inm-cm4-8
79,2029,54.98833954598875,ssp126,inm-cm4-8
80,2030,53.56345860226948,ssp126,inm-cm4-8
81,2031,54.5933378660529,ssp126,inm-cm4-8
82,2032,54.43260635153904,ssp126,inm-cm4-8
83,2033,55.42620269945211,ssp126,inm-cm4-8
84,2034,54.443197357730924,ssp126,inm-cm4-8
85,2035,55.97617748340577,ssp126,inm-cm4-8
86,2036,55.2913072075614,ssp126,inm-cm4-8
87,2037,56.82099899204124,ssp126,inm-cm4-8
88,2038,55.589672110263585,ssp126,inm-cm4-8
89,2039,55.19437963782788,ssp126,inm-cm4-8
90,2040,54.303363828405736,ssp126,inm-cm4-8
91,2041,54.745541280058525,ssp126,inm-cm4-8
92,2042,55.0164904800909,ssp126,inm-cm4-8
93,2043,53.47326885964799,ssp126,inm-cm4-8
94,2044,55.525537820027644,ssp126,inm-cm4-8
95,2045,56.220558963300455,ssp126,inm-cm4-8
96,2046,54.61526088955639,ssp126,inm-cm4-8
97,2047,54.647698479227145,ssp126,inm-cm4-8
98,2048,56.40495555088181,ssp126,inm-cm4-8
99,2049,54.508963149495386,ssp126,inm-cm4-8
100,2050,53.90711203817849,ssp126,inm-cm4-8
101,2051,55.079195933162175,ssp126,inm-cm4-8
102,2052,55.939987440663344,ssp126,inm-cm4-8
103,2053,54.06172043071313,ssp126,inm-cm4-8
104,2054,56.524963001646725,ssp126,inm-cm4-8
105,2055,55.22834437719451,ssp126,inm-cm4-8
106,2056,54.22883956726387,ssp126,inm-cm4-8
107,2057,54.990174468994105,ssp126,inm-cm4-8
108,2058,55.085961577777105,ssp126,inm-cm4-8
109,2059,55.295393278266715,ssp126,inm-cm4-8
110,2060,54.811321695285294,ssp126,inm-cm4-8
111,2061,56.33995218216135,ssp126,inm-cm4-8
112,2062,55.821478862545014,ssp126,inm-cm4-8
113,2063,53.5670877781202,ssp126,inm-cm4-8
114,2064,56.21583673077037,ssp126,inm-cm4-8
115,2065,54.36929595227118,ssp126,inm-cm4-8
116,2066,56.59651942460913,ssp126,inm-cm4-8
117,2067,54.430679714394316,ssp126,inm-cm4-8
118,2068,55.64028282335623,ssp126,inm-cm4-8
119,2069,55.863953357528196,ssp126,inm-cm4-8
120,2070,56.80716909011054,ssp126,inm-cm4-8
121,2071,56.098204500116104,ssp126,inm-cm4-8
122,2072,55.78867016615156,ssp126,inm-cm4-8
123,2073,56.37779426109778,ssp126,inm-cm4-8
124,2074,56.62637552400422,ssp126,inm-cm4-8
125,2075,56.069516428031335,ssp126,inm-cm4-8
126,2076,52.99128236065464,ssp126,inm-cm4-8
127,2077,56.592819401740066,ssp126,inm-cm4-8
128,2078,54.498006059389915,ssp126,inm-cm4-8
129,2079,54.9196890605242,ssp126,inm-cm4-8
130,2080,56.550166155712944,ssp126,inm-cm4-8
131,2081,54.77073146385755,ssp126,inm-cm4-8
132,2082,55.14540743453161,ssp126,inm-cm4-8
133,2083,55.25639646976346,ssp126,inm-cm4-8
134,2084,54.90724102471233,ssp126,inm-cm4-8
135,2085,55.39225608803128,ssp126,inm-cm4-8
136,2086,55.31128241120973,ssp126,inm-cm4-8
137,2087,54.62473760819862,ssp126,inm-cm4-8
138,2088,55.24382897029536,ssp126,inm-cm4-8
139,2089,54.99497059127527,ssp126,inm-cm4-8
140,2090,52.72893418403625,ssp126,inm-cm4-8
141,2091,52.97874470262324,ssp126,inm-cm4-8
142,2092,53.30554552260557,ssp126,inm-cm4-8
143,2093,54.845323866927366,ssp126,inm-cm4-8
144,2094,53.940058305056304,ssp126,inm-cm4-8
145,2095,56.05563131297296,ssp126,inm-cm4-8
146,2096,54.18110278828572,ssp126,inm-cm4-8
147,2097,54.115873892546794,ssp126,inm-cm4-8
148,2098,57.176902019179465,ssp126,inm-cm4-8
149,2099,57.23385122440072,ssp126,inm-cm4-8
150,2100,55.05771133883876,ssp126,inm-cm4-8
