,year,avg_jja_temp_f,scenario,model
0,1950,71.05154074592177,ssp245,inm-cm4-8
1,1951,69.80752988034345,ssp245,inm-cm4-8
2,1952,70.12276558769292,ssp245,inm-cm4-8
3,1953,70.76078515539501,ssp245,inm-cm4-8
4,1954,70.24816674571902,ssp245,inm-cm4-8
5,1955,69.73269697521192,ssp245,inm-cm4-8
6,1956,70.05015817457675,ssp245,inm-cm4-8
7,1957,70.8413027727897,ssp245,inm-cm4-8
8,1958,70.78493542029373,ssp245,inm-cm4-8
9,1959,69.4576399882242,ssp245,inm-cm4-8
10,1960,69.27889957608612,ssp245,inm-cm4-8
11,1961,71.16331603109742,ssp245,inm-cm4-8
12,1962,70.01430322516845,ssp245,inm-cm4-8
13,1963,69.67517498790222,ssp245,inm-cm4-8
14,1964,71.17400622722565,ssp245,inm-cm4-8
15,1965,71.216644142332,ssp245,inm-cm4-8
16,1966,70.28290268605173,ssp245,inm-cm4-8
17,1967,71.07466497706054,ssp245,inm-cm4-8
18,1968,69.00657854396353,ssp245,inm-cm4-8
19,1969,71.60986116606132,ssp245,inm-cm4-8
20,1970,72.23506326126645,ssp245,inm-cm4-8
21,1971,69.66942256192448,ssp245,inm-cm4-8
22,1972,69.86381652868772,ssp245,inm-cm4-8
23,1973,72.16013423704456,ssp245,inm-cm4-8
24,1974,69.3056651052397,ssp245,inm-cm4-8
25,1975,69.68127823286586,ssp245,inm-cm4-8
26,1976,70.2164390566763,ssp245,inm-cm4-8
27,1977,70.73807676708209,ssp245,inm-cm4-8
28,1978,70.33306001046137,ssp245,inm-cm4-8
29,1979,70.22707066302391,ssp245,inm-cm4-8
30,1980,71.92204328556296,ssp245,inm-cm4-8
31,1981,71.40847763679325,ssp245,inm-cm4-8
32,1982,70.5528761399429,ssp245,inm-cm4-8
33,1983,68.69917081030805,ssp245,inm-cm4-8
34,1984,70.03548712208746,ssp245,inm-cm4-8
35,1985,69.73524045115649,ssp245,inm-cm4-8
36,1986,70.43738364942617,ssp245,inm-cm4-8
37,1987,71.6273654606414,ssp245,inm-cm4-8
38,1988,71.41172509450857,ssp245,inm-cm4-8
39,1989,73.21190885875778,ssp245,inm-cm4-8
40,1990,70.71451183699354,ssp245,inm-cm4-8
41,1991,72.46808130104516,ssp245,inm-cm4-8
42,1992,69.54490875037081,ssp245,inm-cm4-8
43,1993,69.77034783267895,ssp245,inm-cm4-8
44,1994,70.5123307616064,ssp245,inm-cm4-8
45,1995,71.71995281151824,ssp245,inm-cm4-8
46,1996,72.31324295647757,ssp245,inm-cm4-8
47,1997,71.77632944250419,ssp245,inm-cm4-8
48,1998,71.53174585212727,ssp245,inm-cm4-8
49,1999,70.48709504800178,ssp245,inm-cm4-8
50,2000,71.84606224319413,ssp245,inm-cm4-8
51,2001,71.61255207077052,ssp245,inm-cm4-8
52,2002,71.95628449748126,ssp245,inm-cm4-8
53,2003,73.58420550409548,ssp245,inm-cm4-8
54,2004,72.45062908459703,ssp245,inm-cm4-8
55,2005,73.21876958056217,ssp245,inm-cm4-8
56,2006,70.76326258892315,ssp245,inm-cm4-8
57,2007,73.96211553706354,ssp245,inm-cm4-8
58,2008,71.24221111874346,ssp245,inm-cm4-8
59,2009,69.76404302670173,ssp245,inm-cm4-8
60,2010,71.38371903304905,ssp245,inm-cm4-8
61,2011,72.76034723596068,ssp245,inm-cm4-8
62,2012,71.9931361609881,ssp245,inm-cm4-8
63,2013,73.69769131242855,ssp245,inm-cm4-8
64,2014,72.30243973220679,ssp245,inm-cm4-8
65,2015,72.37381123196809,ssp245,inm-cm4-8
66,2016,72.97716020434171,ssp245,inm-cm4-8
67,2017,71.9997873909928,ssp245,inm-cm4-8
68,2018,72.47641090692927,ssp245,inm-cm4-8
69,2019,72.2141119598153,ssp245,inm-cm4-8
70,2020,72.17854902650866,ssp245,inm-cm4-8
71,2021,73.78812158292808,ssp245,inm-cm4-8
72,2022,73.6435095322987,ssp245,inm-cm4-8
73,2023,72.62568986794368,ssp245,inm-cm4-8
74,2024,74.49899048341312,ssp245,inm-cm4-8
75,2025,73.1645013344882,ssp245,inm-cm4-8
76,2026,73.24759711401656,ssp245,inm-cm4-8
77,2027,72.54582855597819,ssp245,inm-cm4-8
78,2028,72.80893074853348,ssp245,inm-cm4-8
79,2029,74.5005045468329,ssp245,inm-cm4-8
80,2030,73.69259461075431,ssp245,inm-cm4-8
81,2031,74.53677151085748,ssp245,inm-cm4-8
82,2032,73.637911115782,ssp245,inm-cm4-8
83,2033,74.09633163009897,ssp245,inm-cm4-8
84,2034,74.96846595222218,ssp245,inm-cm4-8
85,2035,73.08087100379161,ssp245,inm-cm4-8
86,2036,73.66557252544709,ssp245,inm-cm4-8
87,2037,73.70628799014303,ssp245,inm-cm4-8
88,2038,74.74134741122764,ssp245,inm-cm4-8
89,2039,74.63563233754815,ssp245,inm-cm4-8
90,2040,75.54419996124449,ssp245,inm-cm4-8
91,2041,74.53616770304377,ssp245,inm-cm4-8
92,2042,75.7971467769152,ssp245,inm-cm4-8
93,2043,74.5219624212579,ssp245,inm-cm4-8
94,2044,74.25522656595098,ssp245,inm-cm4-8
95,2045,75.15773242952113,ssp245,inm-cm4-8
96,2046,73.63437309066651,ssp245,inm-cm4-8
97,2047,75.67405119495486,ssp245,inm-cm4-8
98,2048,76.03416040211242,ssp245,inm-cm4-8
99,2049,76.08666235038532,ssp245,inm-cm4-8
100,2050,74.48161968704808,ssp245,inm-cm4-8
101,2051,76.41561222885942,ssp245,inm-cm4-8
102,2052,73.5682936896779,ssp245,inm-cm4-8
103,2053,75.07524436056798,ssp245,inm-cm4-8
104,2054,75.78005914829312,ssp245,inm-cm4-8
105,2055,75.66892859478274,ssp245,inm-cm4-8
106,2056,74.59611272021891,ssp245,inm-cm4-8
107,2057,75.36178801472079,ssp245,inm-cm4-8
108,2058,75.09337646348818,ssp245,inm-cm4-8
109,2059,74.68931977064247,ssp245,inm-cm4-8
110,2060,76.2511314056375,ssp245,inm-cm4-8
111,2061,75.8771964493905,ssp245,inm-cm4-8
112,2062,75.66845569027086,ssp245,inm-cm4-8
113,2063,77.30343994038321,ssp245,inm-cm4-8
114,2064,74.9865219939882,ssp245,inm-cm4-8
115,2065,76.98787701469243,ssp245,inm-cm4-8
116,2066,76.60149642261557,ssp245,inm-cm4-8
117,2067,75.83214939477202,ssp245,inm-cm4-8
118,2068,74.74479010834422,ssp245,inm-cm4-8
119,2069,74.0719686108617,ssp245,inm-cm4-8
120,2070,74.25280639368768,ssp245,inm-cm4-8
121,2071,74.96923599979323,ssp245,inm-cm4-8
122,2072,75.98096146047502,ssp245,inm-cm4-8
123,2073,75.30821120437061,ssp245,inm-cm4-8
124,2074,77.75807731657723,ssp245,inm-cm4-8
125,2075,75.41370573787486,ssp245,inm-cm4-8
126,2076,74.53852185625917,ssp245,inm-cm4-8
127,2077,75.24973120051226,ssp245,inm-cm4-8
128,2078,75.88229703520813,ssp245,inm-cm4-8
129,2079,77.23076860947913,ssp245,inm-cm4-8
130,2080,76.39132613897203,ssp245,inm-cm4-8
131,2081,75.27627114874971,ssp245,inm-cm4-8
132,2082,77.33036715970796,ssp245,inm-cm4-8
133,2083,75.78890927201809,ssp245,inm-cm4-8
134,2084,76.22019175189524,ssp245,inm-cm4-8
135,2085,76.5960561326552,ssp245,inm-cm4-8
136,2086,74.19981064282473,ssp245,inm-cm4-8
137,2087,77.48308453373458,ssp245,inm-cm4-8
138,2088,75.39433869738997,ssp245,inm-cm4-8
139,2089,75.11798284077878,ssp245,inm-cm4-8
140,2090,74.40606222918014,ssp245,inm-cm4-8
141,2091,75.08926006989688,ssp245,inm-cm4-8
142,2092,74.29122806806917,ssp245,inm-cm4-8
143,2093,76.38146763119587,ssp245,inm-cm4-8
144,2094,76.06489410600628,ssp245,inm-cm4-8
145,2095,76.76859198049596,ssp245,inm-cm4-8
146,2096,76.95472771058408,ssp245,inm-cm4-8
147,2097,75.31325248663471,ssp245,inm-cm4-8
148,2098,77.64288667097522,ssp245,inm-cm4-8
149,2099,75.95788030121588,ssp245,inm-cm4-8
150,2100,76.68268646465974,ssp245,inm-cm4-8
0,1950,70.97946020183173,ssp245,miroc6
1,1951,71.36601416023737,ssp245,miroc6
2,1952,70.05644991564805,ssp245,miroc6
3,1953,70.86529246948723,ssp245,miroc6
4,1954,70.27337377482344,ssp245,miroc6
5,1955,70.41950101665799,ssp245,miroc6
6,1956,71.16112581039,ssp245,miroc6
7,1957,70.41568571061056,ssp245,miroc6
8,1958,71.48541753039629,ssp245,miroc6
9,1959,69.47444408031363,ssp245,miroc6
10,1960,70.08063067980335,ssp245,miroc6
11,1961,70.35132764815228,ssp245,miroc6
12,1962,71.18596872788926,ssp245,miroc6
13,1963,71.07651699548637,ssp245,miroc6
14,1964,70.11650965157715,ssp245,miroc6
15,1965,71.53354910144121,ssp245,miroc6
16,1966,70.07786231382272,ssp245,miroc6
17,1967,70.67211218613338,ssp245,miroc6
18,1968,69.68858199136106,ssp245,miroc6
19,1969,71.2567067875812,ssp245,miroc6
20,1970,68.87222170967087,ssp245,miroc6
21,1971,70.22701905841437,ssp245,miroc6
22,1972,71.2522273152296,ssp245,miroc6
23,1973,68.55194300059644,ssp245,miroc6
24,1974,70.95602712065836,ssp245,miroc6
25,1975,69.66576956899077,ssp245,miroc6
26,1976,70.28919669269587,ssp245,miroc6
27,1977,71.27269290191401,ssp245,miroc6
28,1978,70.04554110801381,ssp245,miroc6
29,1979,72.20539312433225,ssp245,miroc6
30,1980,70.88698036813278,ssp245,miroc6
31,1981,71.84483951931288,ssp245,miroc6
32,1982,69.1946730992755,ssp245,miroc6
33,1983,69.70453860589738,ssp245,miroc6
34,1984,69.82724486225186,ssp245,miroc6
35,1985,70.56532163873116,ssp245,miroc6
36,1986,71.36099880858784,ssp245,miroc6
37,1987,69.98369710774743,ssp245,miroc6
38,1988,70.45559261186857,ssp245,miroc6
39,1989,70.4514612037142,ssp245,miroc6
40,1990,71.1070004989976,ssp245,miroc6
41,1991,70.57741702651533,ssp245,miroc6
42,1992,69.61524350282623,ssp245,miroc6
43,1993,70.05619120219538,ssp245,miroc6
44,1994,70.29190198734055,ssp245,miroc6
45,1995,71.90376271603346,ssp245,miroc6
46,1996,72.39052629718798,ssp245,miroc6
47,1997,70.30518338186866,ssp245,miroc6
48,1998,70.20819521963915,ssp245,miroc6
49,1999,71.17206843672882,ssp245,miroc6
50,2000,71.93366574218412,ssp245,miroc6
51,2001,71.53178541906428,ssp245,miroc6
52,2002,73.40407120917423,ssp245,miroc6
53,2003,71.78703873761275,ssp245,miroc6
54,2004,71.9110700683679,ssp245,miroc6
55,2005,73.51564696572682,ssp245,miroc6
56,2006,71.95288338849177,ssp245,miroc6
57,2007,71.38195624079715,ssp245,miroc6
58,2008,72.71490602071333,ssp245,miroc6
59,2009,72.8289150850821,ssp245,miroc6
60,2010,72.19050871897196,ssp245,miroc6
61,2011,72.6928728581423,ssp245,miroc6
62,2012,72.00846639772104,ssp245,miroc6
63,2013,73.61072533430213,ssp245,miroc6
64,2014,73.32909105836967,ssp245,miroc6
65,2015,73.6480524525407,ssp245,miroc6
66,2016,73.6259391361615,ssp245,miroc6
67,2017,71.51276266898162,ssp245,miroc6
68,2018,73.17523484939856,ssp245,miroc6
69,2019,72.49475038233025,ssp245,miroc6
70,2020,73.5684776043927,ssp245,miroc6
71,2021,73.73463062518549,ssp245,miroc6
72,2022,74.45809222251476,ssp245,miroc6
73,2023,71.96760869694617,ssp245,miroc6
74,2024,73.65086595428944,ssp245,miroc6
75,2025,73.87354085503591,ssp245,miroc6
76,2026,72.87343219973691,ssp245,miroc6
77,2027,74.98216843302646,ssp245,miroc6
78,2028,72.71375264055747,ssp245,miroc6
79,2029,74.91482325477408,ssp245,miroc6
80,2030,75.18324157896592,ssp245,miroc6
81,2031,75.5886125309843,ssp245,miroc6
82,2032,75.27192115278345,ssp245,miroc6
83,2033,75.2288325334548,ssp245,miroc6
84,2034,74.73605868831501,ssp245,miroc6
85,2035,74.76751840686065,ssp245,miroc6
86,2036,75.85674858220109,ssp245,miroc6
87,2037,75.07193969228669,ssp245,miroc6
88,2038,73.66892853080556,ssp245,miroc6
89,2039,73.9618589087851,ssp245,miroc6
90,2040,74.42749636787416,ssp245,miroc6
91,2041,75.95378604549254,ssp245,miroc6
92,2042,74.92125822321434,ssp245,miroc6
93,2043,74.75045425747354,ssp245,miroc6
94,2044,74.4669622286163,ssp245,miroc6
95,2045,76.09252939113182,ssp245,miroc6
96,2046,75.1070148841948,ssp245,miroc6
97,2047,75.5647934259214,ssp245,miroc6
98,2048,75.6019678049379,ssp245,miroc6
99,2049,75.87446446303547,ssp245,miroc6
100,2050,75.06223544386674,ssp245,miroc6
101,2051,76.895679185653,ssp245,miroc6
102,2052,75.30153946528316,ssp245,miroc6
103,2053,77.1622773148533,ssp245,miroc6
104,2054,75.12281956104988,ssp245,miroc6
105,2055,76.39581286714316,ssp245,miroc6
106,2056,75.48557095707298,ssp245,miroc6
107,2057,75.09882701490788,ssp245,miroc6
108,2058,76.51331730094908,ssp245,miroc6
109,2059,75.67563554252351,ssp245,miroc6
110,2060,74.29583326232581,ssp245,miroc6
111,2061,74.58638188350287,ssp245,miroc6
112,2062,75.089366457462,ssp245,miroc6
113,2063,75.77362702749102,ssp245,miroc6
114,2064,75.14574136777372,ssp245,miroc6
115,2065,75.9720825873249,ssp245,miroc6
116,2066,76.66146869821083,ssp245,miroc6
117,2067,76.60889010904367,ssp245,miroc6
118,2068,76.10139465727488,ssp245,miroc6
119,2069,77.85004900735308,ssp245,miroc6
120,2070,77.03065317058494,ssp245,miroc6
121,2071,77.24318693904344,ssp245,miroc6
122,2072,76.15641556015734,ssp245,miroc6
123,2073,75.48949437177784,ssp245,miroc6
124,2074,75.10649682413724,ssp245,miroc6
125,2075,76.06586969114525,ssp245,miroc6
126,2076,76.85365432210817,ssp245,miroc6
127,2077,78.30544980348418,ssp245,miroc6
128,2078,77.04297736866161,ssp245,miroc6
129,2079,78.43599972372331,ssp245,miroc6
130,2080,77.92771732324508,ssp245,miroc6
131,2081,77.4651186603284,ssp245,miroc6
132,2082,76.1257517819428,ssp245,miroc6
133,2083,77.9085343053856,ssp245,miroc6
134,2084,76.10309128318097,ssp245,miroc6
135,2085,76.68468089633835,ssp245,miroc6
136,2086,76.65753093098411,ssp245,miroc6
137,2087,76.1281919260133,ssp245,miroc6
138,2088,76.53824111651137,ssp245,miroc6
139,2089,76.56110091084415,ssp245,miroc6
140,2090,77.13491969761203,ssp245,miroc6
141,2091,77.45160753230537,ssp245,miroc6
142,2092,78.0963177174582,ssp245,miroc6
143,2093,78.24042992172633,ssp245,miroc6
144,2094,77.86785474881154,ssp245,miroc6
145,2095,77.28137988791255,ssp245,miroc6
146,2096,77.87653083372919,ssp245,miroc6
147,2097,75.89367946690965,ssp245,miroc6
148,2098,75.45027818686869,ssp245,miroc6
149,2099,75.60109889192329,ssp245,miroc6
150,2100,76.45341016846535,ssp245,miroc6
0,1950,71.3744650685754,ssp245,ec-earth3
1,1951,70.12532709960415,ssp245,ec-earth3
2,1952,69.42625936285933,ssp245,ec-earth3
3,1953,71.34092454782885,ssp245,ec-earth3
4,1954,70.0527412732082,ssp245,ec-earth3
5,1955,71.44519551387371,ssp245,ec-earth3
6,1956,70.50851069075416,ssp245,ec-earth3
7,1957,70.9722803343749,ssp245,ec-earth3
8,1958,70.59429859646944,ssp245,ec-earth3
9,1959,72.30197018617558,ssp245,ec-earth3
10,1960,71.34036848090147,ssp245,ec-earth3
11,1961,71.49802622140277,ssp245,ec-earth3
12,1962,70.52949459026873,ssp245,ec-earth3
13,1963,70.38368582432143,ssp245,ec-earth3
14,1964,68.94114752050706,ssp245,ec-earth3
15,1965,68.73391949385858,ssp245,ec-earth3
16,1966,71.67426459699827,ssp245,ec-earth3
17,1967,69.5921846852676,ssp245,ec-earth3
18,1968,70.94927986992715,ssp245,ec-earth3
19,1969,68.88657637119705,ssp245,ec-earth3
20,1970,70.58711085729814,ssp245,ec-earth3
21,1971,69.4666475613646,ssp245,ec-earth3
22,1972,70.06826213698287,ssp245,ec-earth3
23,1973,71.37702889922784,ssp245,ec-earth3
24,1974,69.2650978887004,ssp245,ec-earth3
25,1975,71.78058883400774,ssp245,ec-earth3
26,1976,70.552456828135,ssp245,ec-earth3
27,1977,69.89262841518257,ssp245,ec-earth3
28,1978,71.32891560135896,ssp245,ec-earth3
29,1979,70.55579926890444,ssp245,ec-earth3
30,1980,69.5180982946053,ssp245,ec-earth3
31,1981,69.54818836800926,ssp245,ec-earth3
32,1982,69.82906513094343,ssp245,ec-earth3
33,1983,68.92288483208216,ssp245,ec-earth3
34,1984,69.44837768842622,ssp245,ec-earth3
35,1985,71.42794692030117,ssp245,ec-earth3
36,1986,71.36861330977992,ssp245,ec-earth3
37,1987,70.13954640435966,ssp245,ec-earth3
38,1988,71.27398411637625,ssp245,ec-earth3
39,1989,71.12453209739078,ssp245,ec-earth3
40,1990,72.92276308549425,ssp245,ec-earth3
41,1991,70.2325124660753,ssp245,ec-earth3
42,1992,68.86068861939219,ssp245,ec-earth3
43,1993,68.96991610728793,ssp245,ec-earth3
44,1994,69.71085421914525,ssp245,ec-earth3
45,1995,71.63957419128937,ssp245,ec-earth3
46,1996,72.98546316105195,ssp245,ec-earth3
47,1997,71.32031495169366,ssp245,ec-earth3
48,1998,72.58892765877923,ssp245,ec-earth3
49,1999,71.68318472146706,ssp245,ec-earth3
50,2000,72.88657705071287,ssp245,ec-earth3
51,2001,70.27167820364687,ssp245,ec-earth3
52,2002,71.79648635666271,ssp245,ec-earth3
53,2003,73.52974196482734,ssp245,ec-earth3
54,2004,73.97778634927455,ssp245,ec-earth3
55,2005,73.64692748674018,ssp245,ec-earth3
56,2006,72.9781592380233,ssp245,ec-earth3
57,2007,72.9304189815706,ssp245,ec-earth3
58,2008,73.70371664273686,ssp245,ec-earth3
59,2009,72.24912515346533,ssp245,ec-earth3
60,2010,72.78651720251379,ssp245,ec-earth3
61,2011,71.30537046838889,ssp245,ec-earth3
62,2012,73.38842502037018,ssp245,ec-earth3
63,2013,74.1333656990984,ssp245,ec-earth3
64,2014,76.18506841458034,ssp245,ec-earth3
65,2015,73.07164652004431,ssp245,ec-earth3
66,2016,73.46742112980674,ssp245,ec-earth3
67,2017,75.12255153185885,ssp245,ec-earth3
68,2018,75.76515459192089,ssp245,ec-earth3
69,2019,72.10854351619503,ssp245,ec-earth3
70,2020,73.50270954230439,ssp245,ec-earth3
71,2021,73.47208776818046,ssp245,ec-earth3
72,2022,74.13794929114907,ssp245,ec-earth3
73,2023,74.50851762970146,ssp245,ec-earth3
74,2024,74.70600982894327,ssp245,ec-earth3
75,2025,74.15407903733534,ssp245,ec-earth3
76,2026,76.06270799637413,ssp245,ec-earth3
77,2027,77.26452861359722,ssp245,ec-earth3
78,2028,77.20770336843725,ssp245,ec-earth3
79,2029,75.91320171125749,ssp245,ec-earth3
80,2030,77.9630229402898,ssp245,ec-earth3
81,2031,75.78519594058857,ssp245,ec-earth3
82,2032,72.77159845548293,ssp245,ec-earth3
83,2033,76.07038514557215,ssp245,ec-earth3
84,2034,73.08104204494937,ssp245,ec-earth3
85,2035,75.1336331681336,ssp245,ec-earth3
86,2036,76.05649239339272,ssp245,ec-earth3
87,2037,76.13376030993103,ssp245,ec-earth3
88,2038,74.15057462710836,ssp245,ec-earth3
89,2039,74.91250108665766,ssp245,ec-earth3
90,2040,75.30052139355185,ssp245,ec-earth3
91,2041,75.2363591649667,ssp245,ec-earth3
92,2042,75.52699876553199,ssp245,ec-earth3
93,2043,75.25955608764382,ssp245,ec-earth3
94,2044,74.96540565648395,ssp245,ec-earth3
95,2045,77.22266059497817,ssp245,ec-earth3
96,2046,74.99638078616566,ssp245,ec-earth3
97,2047,77.13222378022854,ssp245,ec-earth3
98,2048,76.25770549670875,ssp245,ec-earth3
99,2049,75.33977270478965,ssp245,ec-earth3
100,2050,78.41224491717183,ssp245,ec-earth3
101,2051,78.31782650919344,ssp245,ec-earth3
102,2052,76.67690808221163,ssp245,ec-earth3
103,2053,76.31140690779064,ssp245,ec-earth3
104,2054,75.239519189827,ssp245,ec-earth3
105,2055,76.23410735808469,ssp245,ec-earth3
106,2056,77.07029080576994,ssp245,ec-earth3
107,2057,79.01469882149487,ssp245,ec-earth3
108,2058,77.33324926893138,ssp245,ec-earth3
109,2059,77.55708742879128,ssp245,ec-earth3
110,2060,74.31858849806153,ssp245,ec-earth3
111,2061,75.66781924832537,ssp245,ec-earth3
112,2062,78.32784984290747,ssp245,ec-earth3
113,2063,77.93140223423421,ssp245,ec-earth3
114,2064,76.07977844133065,ssp245,ec-earth3
115,2065,77.8399544207376,ssp245,ec-earth3
116,2066,77.46871868640898,ssp245,ec-earth3
117,2067,77.29127748286344,ssp245,ec-earth3
118,2068,78.00989581267775,ssp245,ec-earth3
119,2069,77.12005004208055,ssp245,ec-earth3
120,2070,77.58598001859386,ssp245,ec-earth3
121,2071,76.94221058244511,ssp245,ec-earth3
122,2072,77.69846219309014,ssp245,ec-earth3
123,2073,77.18605973036546,ssp245,ec-earth3
124,2074,76.21167878336719,ssp245,ec-earth3
125,2075,77.85783441780414,ssp245,ec-earth3
126,2076,79.67348968356492,ssp245,ec-earth3
127,2077,80.15716168240138,ssp245,ec-earth3
128,2078,79.41932861432689,ssp245,ec-earth3
129,2079,79.98185397739904,ssp245,ec-earth3
130,2080,75.52478670751597,ssp245,ec-earth3
131,2081,79.7787437580993,ssp245,ec-earth3
132,2082,78.55614263464598,ssp245,ec-earth3
133,2083,79.00847291922385,ssp245,ec-earth3
134,2084,79.7227738745851,ssp245,ec-earth3
135,2085,77.6656316451044,ssp245,ec-earth3
136,2086,77.94841287501308,ssp245,ec-earth3
137,2087,81.32741679815821,ssp245,ec-earth3
138,2088,79.3090278399297,ssp245,ec-earth3
139,2089,79.31556289065433,ssp245,ec-earth3
140,2090,77.67165778327318,ssp245,ec-earth3
141,2091,77.0711875219655,ssp245,ec-earth3
142,2092,79.62568126023548,ssp245,ec-earth3
143,2093,78.88967220467141,ssp245,ec-earth3
144,2094,80.38738094110478,ssp245,ec-earth3
145,2095,77.72732506532193,ssp245,ec-earth3
146,2096,79.06027647174501,ssp245,ec-earth3
147,2097,81.16849059117811,ssp245,ec-earth3
148,2098,78.87221883930401,ssp245,ec-earth3
149,2099,78.46765034867367,ssp245,ec-earth3
150,2100,80.07326985819294,ssp245,ec-earth3
0,1950,70.10650366132543,ssp245,fgoals-g3
1,1951,69.70476022157187,ssp245,fgoals-g3
2,1952,71.90595564599438,ssp245,fgoals-g3
3,1953,70.15914139268801,ssp245,fgoals-g3
4,1954,69.87045405134398,ssp245,fgoals-g3
5,1955,70.78573429988842,ssp245,fgoals-g3
6,1956,70.9239899468122,ssp245,fgoals-g3
7,1957,70.97112073190392,ssp245,fgoals-g3
8,1958,69.2984264582168,ssp245,fgoals-g3
9,1959,70.86663703606195,ssp245,fgoals-g3
10,1960,71.2884809352972,ssp245,fgoals-g3
11,1961,71.83077211741886,ssp245,fgoals-g3
12,1962,70.18420843408005,ssp245,fgoals-g3
13,1963,71.68748243935958,ssp245,fgoals-g3
14,1964,71.10303131722577,ssp245,fgoals-g3
15,1965,67.63012536390806,ssp245,fgoals-g3
16,1966,71.42120459368802,ssp245,fgoals-g3
17,1967,69.93721964011282,ssp245,fgoals-g3
18,1968,69.9931614630093,ssp245,fgoals-g3
19,1969,69.83089316070385,ssp245,fgoals-g3
20,1970,70.01234436455113,ssp245,fgoals-g3
21,1971,68.87954067964813,ssp245,fgoals-g3
22,1972,70.09203464616719,ssp245,fgoals-g3
23,1973,70.36966345480138,ssp245,fgoals-g3
24,1974,71.81245563807558,ssp245,fgoals-g3
25,1975,70.91019147149039,ssp245,fgoals-g3
26,1976,70.74239542401534,ssp245,fgoals-g3
27,1977,70.89975455817996,ssp245,fgoals-g3
28,1978,69.74470884860226,ssp245,fgoals-g3
29,1979,70.78752792334014,ssp245,fgoals-g3
30,1980,70.62626176657193,ssp245,fgoals-g3
31,1981,72.00363031135764,ssp245,fgoals-g3
32,1982,70.78169068025292,ssp245,fgoals-g3
33,1983,69.93293262807794,ssp245,fgoals-g3
34,1984,69.72200955145509,ssp245,fgoals-g3
35,1985,69.34598042099097,ssp245,fgoals-g3
36,1986,69.54685028739792,ssp245,fgoals-g3
37,1987,68.8679234603441,ssp245,fgoals-g3
38,1988,70.10525840696671,ssp245,fgoals-g3
39,1989,72.20017903296441,ssp245,fgoals-g3
40,1990,72.84904503025341,ssp245,fgoals-g3
41,1991,69.83104442734663,ssp245,fgoals-g3
42,1992,69.16608653749162,ssp245,fgoals-g3
43,1993,70.5582545616911,ssp245,fgoals-g3
44,1994,71.01227623779987,ssp245,fgoals-g3
45,1995,70.01778991114607,ssp245,fgoals-g3
46,1996,70.60431204907279,ssp245,fgoals-g3
47,1997,71.92392323334354,ssp245,fgoals-g3
48,1998,71.93623448543538,ssp245,fgoals-g3
49,1999,70.81183210430295,ssp245,fgoals-g3
50,2000,72.58436011318908,ssp245,fgoals-g3
51,2001,72.10186764426325,ssp245,fgoals-g3
52,2002,70.88979496398808,ssp245,fgoals-g3
53,2003,70.69074075566641,ssp245,fgoals-g3
54,2004,71.80150345333632,ssp245,fgoals-g3
55,2005,72.44651545730265,ssp245,fgoals-g3
56,2006,72.47964417236652,ssp245,fgoals-g3
57,2007,72.02853425564747,ssp245,fgoals-g3
58,2008,72.98129443192825,ssp245,fgoals-g3
59,2009,73.11533971133437,ssp245,fgoals-g3
60,2010,74.01479975927282,ssp245,fgoals-g3
61,2011,73.31523248547536,ssp245,fgoals-g3
62,2012,72.17624627478118,ssp245,fgoals-g3
63,2013,72.23412767548831,ssp245,fgoals-g3
64,2014,72.88100150226424,ssp245,fgoals-g3
65,2015,72.64234699580369,ssp245,fgoals-g3
66,2016,71.81945592874852,ssp245,fgoals-g3
67,2017,73.1495297394989,ssp245,fgoals-g3
68,2018,73.5512440015811,ssp245,fgoals-g3
69,2019,72.25415289422476,ssp245,fgoals-g3
70,2020,73.82992292200072,ssp245,fgoals-g3
71,2021,71.80582265633237,ssp245,fgoals-g3
72,2022,73.37985258601279,ssp245,fgoals-g3
73,2023,72.34976710251537,ssp245,fgoals-g3
74,2024,74.86260676320151,ssp245,fgoals-g3
75,2025,72.43650427554579,ssp245,fgoals-g3
76,2026,72.84298636133077,ssp245,fgoals-g3
77,2027,73.23810651400674,ssp245,fgoals-g3
78,2028,72.15635468345718,ssp245,fgoals-g3
79,2029,74.32082743088608,ssp245,fgoals-g3
80,2030,74.46919574123093,ssp245,fgoals-g3
81,2031,74.03101893372231,ssp245,fgoals-g3
82,2032,72.30970771833762,ssp245,fgoals-g3
83,2033,72.62132531536403,ssp245,fgoals-g3
84,2034,71.64134565091216,ssp245,fgoals-g3
85,2035,73.87016464693554,ssp245,fgoals-g3
86,2036,73.4546067390746,ssp245,fgoals-g3
87,2037,75.05661467116265,ssp245,fgoals-g3
88,2038,73.68873741826411,ssp245,fgoals-g3
89,2039,74.14731576670783,ssp245,fgoals-g3
90,2040,73.85471909813316,ssp245,fgoals-g3
91,2041,72.60931197152718,ssp245,fgoals-g3
92,2042,72.72838610191111,ssp245,fgoals-g3
93,2043,75.46609006869369,ssp245,fgoals-g3
94,2044,73.05667537109703,ssp245,fgoals-g3
95,2045,74.49689648132376,ssp245,fgoals-g3
96,2046,74.58330277391173,ssp245,fgoals-g3
97,2047,73.7899616784582,ssp245,fgoals-g3
98,2048,74.41960573661767,ssp245,fgoals-g3
99,2049,74.99920296398871,ssp245,fgoals-g3
100,2050,73.58033725772418,ssp245,fgoals-g3
101,2051,74.23780279096958,ssp245,fgoals-g3
102,2052,74.1983855509893,ssp245,fgoals-g3
103,2053,74.20670311536587,ssp245,fgoals-g3
104,2054,72.72782953012954,ssp245,fgoals-g3
105,2055,74.69340654845364,ssp245,fgoals-g3
106,2056,74.16463209529172,ssp245,fgoals-g3
107,2057,74.11352045613029,ssp245,fgoals-g3
108,2058,75.72617404302329,ssp245,fgoals-g3
109,2059,75.75002418148351,ssp245,fgoals-g3
110,2060,73.81529825197754,ssp245,fgoals-g3
111,2061,75.15837609350572,ssp245,fgoals-g3
112,2062,73.61972263526019,ssp245,fgoals-g3
113,2063,73.62560347948573,ssp245,fgoals-g3
114,2064,74.04201221012197,ssp245,fgoals-g3
115,2065,74.15342107411216,ssp245,fgoals-g3
116,2066,74.34085556224761,ssp245,fgoals-g3
117,2067,73.39412685074257,ssp245,fgoals-g3
118,2068,74.4125117736069,ssp245,fgoals-g3
119,2069,75.39585389306983,ssp245,fgoals-g3
120,2070,74.74514550832966,ssp245,fgoals-g3
121,2071,74.54228583364682,ssp245,fgoals-g3
122,2072,75.28728944462088,ssp245,fgoals-g3
123,2073,74.93429897286323,ssp245,fgoals-g3
124,2074,75.7180335648574,ssp245,fgoals-g3
125,2075,75.01490829471213,ssp245,fgoals-g3
126,2076,74.34676669501415,ssp245,fgoals-g3
127,2077,75.60524928102922,ssp245,fgoals-g3
128,2078,76.34559805038344,ssp245,fgoals-g3
129,2079,73.95324631506814,ssp245,fgoals-g3
130,2080,74.85565093969569,ssp245,fgoals-g3
131,2081,74.36198578757325,ssp245,fgoals-g3
132,2082,76.27098857018197,ssp245,fgoals-g3
133,2083,74.10722262877017,ssp245,fgoals-g3
134,2084,75.42778704508997,ssp245,fgoals-g3
135,2085,75.20564554570669,ssp245,fgoals-g3
136,2086,75.51524064875814,ssp245,fgoals-g3
137,2087,75.88420597463832,ssp245,fgoals-g3
138,2088,73.65482804826911,ssp245,fgoals-g3
139,2089,74.77225673210664,ssp245,fgoals-g3
140,2090,74.39645866272505,ssp245,fgoals-g3
141,2091,75.68825484485946,ssp245,fgoals-g3
142,2092,75.90543660965032,ssp245,fgoals-g3
143,2093,74.93833221180326,ssp245,fgoals-g3
144,2094,75.02382260359504,ssp245,fgoals-g3
145,2095,73.52661325693535,ssp245,fgoals-g3
146,2096,77.34192486226723,ssp245,fgoals-g3
147,2097,74.69689151184919,ssp245,fgoals-g3
148,2098,73.70052657891802,ssp245,fgoals-g3
149,2099,75.50167951409661,ssp245,fgoals-g3
150,2100,76.78420081435559,ssp245,fgoals-g3
0,1950,,hist,nclimgrid
1,1951,69.6687327722503,hist,nclimgrid
2,1952,71.5632948095251,hist,nclimgrid
3,1953,71.17999374425591,hist,nclimgrid
4,1954,71.11628870965909,hist,nclimgrid
5,1955,70.86783914705337,hist,nclimgrid
6,1956,70.75448973310763,hist,nclimgrid
7,1957,70.62719222454785,hist,nclimgrid
8,1958,70.32109801439874,hist,nclimgrid
9,1959,71.41930439971621,hist,nclimgrid
10,1960,70.83115531909037,hist,nclimgrid
11,1961,71.16360420549086,hist,nclimgrid
12,1962,69.72274443740226,hist,nclimgrid
13,1963,70.54560879223439,hist,nclimgrid
14,1964,70.17994382602765,hist,nclimgrid
15,1965,69.27991484226725,hist,nclimgrid
16,1966,70.43370604847135,hist,nclimgrid
17,1967,69.63793302431799,hist,nclimgrid
18,1968,69.7451348217228,hist,nclimgrid
19,1969,70.43755820858706,hist,nclimgrid
20,1970,71.27876886019725,hist,nclimgrid
21,1971,70.43956341836743,hist,nclimgrid
22,1972,69.83301212046564,hist,nclimgrid
23,1973,70.8232245544967,hist,nclimgrid
24,1974,70.15239198983592,hist,nclimgrid
25,1975,70.04973993624702,hist,nclimgrid
26,1976,69.68765998125397,hist,nclimgrid
27,1977,71.22558114938211,hist,nclimgrid
28,1978,70.550314629063,hist,nclimgrid
29,1979,69.82725761719544,hist,nclimgrid
30,1980,71.38667488779907,hist,nclimgrid
31,1981,71.0195167456759,hist,nclimgrid
32,1982,69.62390845748081,hist,nclimgrid
33,1983,71.28908370179462,hist,nclimgrid
34,1984,70.84279427974153,hist,nclimgrid
35,1985,70.12764323416155,hist,nclimgrid
36,1986,70.97527751085211,hist,nclimgrid
37,1987,70.93018028235409,hist,nclimgrid
38,1988,72.41701111016413,hist,nclimgrid
39,1989,70.42051660324121,hist,nclimgrid
40,1990,71.04514788398932,hist,nclimgrid
41,1991,71.21195967677848,hist,nclimgrid
42,1992,68.56801427574635,hist,nclimgrid
43,1993,69.2917329054601,hist,nclimgrid
44,1994,71.33330448052587,hist,nclimgrid
45,1995,70.95803150022007,hist,nclimgrid
46,1996,71.09942000142938,hist,nclimgrid
47,1997,70.24183098533436,hist,nclimgrid
48,1998,71.61488237458023,hist,nclimgrid
49,1999,70.94527665965119,hist,nclimgrid
50,2000,71.3845822877072,hist,nclimgrid
51,2001,71.82979467239865,hist,nclimgrid
52,2002,72.33731388708331,hist,nclimgrid
53,2003,71.97127811647957,hist,nclimgrid
54,2004,69.46433405157575,hist,nclimgrid
55,2005,71.71371422133599,hist,nclimgrid
56,2006,72.70060148965278,hist,nclimgrid
57,2007,72.3003578983954,hist,nclimgrid
58,2008,71.05336524075466,hist,nclimgrid
59,2009,69.99771712204155,hist,nclimgrid
60,2010,72.08113490296952,hist,nclimgrid
61,2011,72.58996674141758,hist,nclimgrid
62,2012,72.87703227319959,hist,nclimgrid
63,2013,71.68078321050373,hist,nclimgrid
64,2014,70.81219518735244,hist,nclimgrid
65,2015,71.87631070108581,hist,nclimgrid
66,2016,72.57744487591555,hist,nclimgrid
67,2017,71.86104473261292,hist,nclimgrid
68,2018,72.572418202146,hist,nclimgrid
69,2019,71.41872356918381,hist,nclimgrid
70,2020,,hist,nclimgrid
71,2021,,hist,nclimgrid
72,2022,,hist,nclimgrid
73,2023,,hist,nclimgrid
74,2024,,hist,nclimgrid
75,2025,,hist,nclimgrid
76,2026,,hist,nclimgrid
77,2027,,hist,nclimgrid
78,2028,,hist,nclimgrid
79,2029,,hist,nclimgrid
80,2030,,hist,nclimgrid
81,2031,,hist,nclimgrid
82,2032,,hist,nclimgrid
83,2033,,hist,nclimgrid
84,2034,,hist,nclimgrid
85,2035,,hist,nclimgrid
86,2036,,hist,nclimgrid
87,2037,,hist,nclimgrid
88,2038,,hist,nclimgrid
89,2039,,hist,nclimgrid
90,2040,,hist,nclimgrid
91,2041,,hist,nclimgrid
92,2042,,hist,nclimgrid
93,2043,,hist,nclimgrid
94,2044,,hist,nclimgrid
95,2045,,hist,nclimgrid
96,2046,,hist,nclimgrid
97,2047,,hist,nclimgrid
98,2048,,hist,nclimgrid
99,2049,,hist,nclimgrid
100,2050,,hist,nclimgrid
101,2051,,hist,nclimgrid
102,2052,,hist,nclimgrid
103,2053,,hist,nclimgrid
104,2054,,hist,nclimgrid
105,2055,,hist,nclimgrid
106,2056,,hist,nclimgrid
107,2057,,hist,nclimgrid
108,2058,,hist,nclimgrid
109,2059,,hist,nclimgrid
110,2060,,hist,nclimgrid
111,2061,,hist,nclimgrid
112,2062,,hist,nclimgrid
113,2063,,hist,nclimgrid
114,2064,,hist,nclimgrid
115,2065,,hist,nclimgrid
116,2066,,hist,nclimgrid
117,2067,,hist,nclimgrid
118,2068,,hist,nclimgrid
119,2069,,hist,nclimgrid
120,2070,,hist,nclimgrid
121,2071,,hist,nclimgrid
122,2072,,hist,nclimgrid
123,2073,,hist,nclimgrid
124,2074,,hist,nclimgrid
125,2075,,hist,nclimgrid
126,2076,,hist,nclimgrid
127,2077,,hist,nclimgrid
128,2078,,hist,nclimgrid
129,2079,,hist,nclimgrid
130,2080,,hist,nclimgrid
131,2081,,hist,nclimgrid
132,2082,,hist,nclimgrid
133,2083,,hist,nclimgrid
134,2084,,hist,nclimgrid
135,2085,,hist,nclimgrid
136,2086,,hist,nclimgrid
137,2087,,hist,nclimgrid
138,2088,,hist,nclimgrid
139,2089,,hist,nclimgrid
140,2090,,hist,nclimgrid
141,2091,,hist,nclimgrid
142,2092,,hist,nclimgrid
143,2093,,hist,nclimgrid
144,2094,,hist,nclimgrid
145,2095,,hist,nclimgrid
146,2096,,hist,nclimgrid
147,2097,,hist,nclimgrid
148,2098,,hist,nclimgrid
149,2099,,hist,nclimgrid
150,2100,,hist,nclimgrid
0,1950,70.52393592434505,ssp245,mpi-esm1-2-lr
1,1951,70.65628056934666,ssp245,mpi-esm1-2-lr
2,1952,70.39344291571936,ssp245,mpi-esm1-2-lr
3,1953,70.01748649088273,ssp245,mpi-esm1-2-lr
4,1954,69.85526818362682,ssp245,mpi-esm1-2-lr
5,1955,69.97845672343321,ssp245,mpi-esm1-2-lr
6,1956,71.90428246717678,ssp245,mpi-esm1-2-lr
7,1957,70.0595060002197,ssp245,mpi-esm1-2-lr
8,1958,72.03296078473184,ssp245,mpi-esm1-2-lr
9,1959,70.07126569408705,ssp245,mpi-esm1-2-lr
10,1960,69.44022617888051,ssp245,mpi-esm1-2-lr
11,1961,70.36080853823849,ssp245,mpi-esm1-2-lr
12,1962,69.67362856025215,ssp245,mpi-esm1-2-lr
13,1963,70.85673497049979,ssp245,mpi-esm1-2-lr
14,1964,68.99010479745328,ssp245,mpi-esm1-2-lr
15,1965,69.3421442565436,ssp245,mpi-esm1-2-lr
16,1966,68.3384243510335,ssp245,mpi-esm1-2-lr
17,1967,70.78257223097708,ssp245,mpi-esm1-2-lr
18,1968,71.013940587985,ssp245,mpi-esm1-2-lr
19,1969,68.90934228328348,ssp245,mpi-esm1-2-lr
20,1970,68.71108785964445,ssp245,mpi-esm1-2-lr
21,1971,71.47401974966343,ssp245,mpi-esm1-2-lr
22,1972,69.4241399379785,ssp245,mpi-esm1-2-lr
23,1973,69.17730076782908,ssp245,mpi-esm1-2-lr
24,1974,69.05250851043226,ssp245,mpi-esm1-2-lr
25,1975,70.56882692569549,ssp245,mpi-esm1-2-lr
26,1976,69.95411775860256,ssp245,mpi-esm1-2-lr
27,1977,70.56546473645913,ssp245,mpi-esm1-2-lr
28,1978,73.87542509878696,ssp245,mpi-esm1-2-lr
29,1979,70.62141538935323,ssp245,mpi-esm1-2-lr
30,1980,71.28264580290103,ssp245,mpi-esm1-2-lr
31,1981,70.99494661395201,ssp245,mpi-esm1-2-lr
32,1982,72.19217277781965,ssp245,mpi-esm1-2-lr
33,1983,68.66017957309208,ssp245,mpi-esm1-2-lr
34,1984,69.75427278214835,ssp245,mpi-esm1-2-lr
35,1985,72.53681803627924,ssp245,mpi-esm1-2-lr
36,1986,70.10686725229594,ssp245,mpi-esm1-2-lr
37,1987,72.38585328166329,ssp245,mpi-esm1-2-lr
38,1988,71.82240761058245,ssp245,mpi-esm1-2-lr
39,1989,72.2423831646231,ssp245,mpi-esm1-2-lr
40,1990,71.86965554080713,ssp245,mpi-esm1-2-lr
41,1991,70.95154369541986,ssp245,mpi-esm1-2-lr
42,1992,69.33912422008999,ssp245,mpi-esm1-2-lr
43,1993,69.53422136776389,ssp245,mpi-esm1-2-lr
44,1994,72.13730435199464,ssp245,mpi-esm1-2-lr
45,1995,72.28714677826535,ssp245,mpi-esm1-2-lr
46,1996,71.33343775351204,ssp245,mpi-esm1-2-lr
47,1997,71.3971732557234,ssp245,mpi-esm1-2-lr
48,1998,70.35398729545383,ssp245,mpi-esm1-2-lr
49,1999,71.44474003485308,ssp245,mpi-esm1-2-lr
50,2000,71.07862156230019,ssp245,mpi-esm1-2-lr
51,2001,71.79439217225197,ssp245,mpi-esm1-2-lr
52,2002,73.68085893065556,ssp245,mpi-esm1-2-lr
53,2003,70.81306260919423,ssp245,mpi-esm1-2-lr
54,2004,72.67455123656445,ssp245,mpi-esm1-2-lr
55,2005,73.53964985802934,ssp245,mpi-esm1-2-lr
56,2006,74.5000661338157,ssp245,mpi-esm1-2-lr
57,2007,72.91216565723647,ssp245,mpi-esm1-2-lr
58,2008,72.38533108892267,ssp245,mpi-esm1-2-lr
59,2009,72.59089842608189,ssp245,mpi-esm1-2-lr
60,2010,74.7585058331544,ssp245,mpi-esm1-2-lr
61,2011,71.56456201601799,ssp245,mpi-esm1-2-lr
62,2012,72.16757704090665,ssp245,mpi-esm1-2-lr
63,2013,71.00483560857758,ssp245,mpi-esm1-2-lr
64,2014,72.42042025043143,ssp245,mpi-esm1-2-lr
65,2015,74.6134195837944,ssp245,mpi-esm1-2-lr
66,2016,73.21697243364416,ssp245,mpi-esm1-2-lr
67,2017,72.52754740751514,ssp245,mpi-esm1-2-lr
68,2018,72.47397622013546,ssp245,mpi-esm1-2-lr
69,2019,71.56754284282373,ssp245,mpi-esm1-2-lr
70,2020,72.0323506993238,ssp245,mpi-esm1-2-lr
71,2021,71.17173786054384,ssp245,mpi-esm1-2-lr
72,2022,72.99495842856584,ssp245,mpi-esm1-2-lr
73,2023,71.82897723444694,ssp245,mpi-esm1-2-lr
74,2024,72.49004182639378,ssp245,mpi-esm1-2-lr
75,2025,72.76512981272407,ssp245,mpi-esm1-2-lr
76,2026,73.35966214284748,ssp245,mpi-esm1-2-lr
77,2027,73.47137980571847,ssp245,mpi-esm1-2-lr
78,2028,73.1662317876164,ssp245,mpi-esm1-2-lr
79,2029,72.20056947913642,ssp245,mpi-esm1-2-lr
80,2030,74.18544133963299,ssp245,mpi-esm1-2-lr
81,2031,73.77946468534621,ssp245,mpi-esm1-2-lr
82,2032,72.99847197319072,ssp245,mpi-esm1-2-lr
83,2033,74.04825345393128,ssp245,mpi-esm1-2-lr
84,2034,73.78406992184794,ssp245,mpi-esm1-2-lr
85,2035,74.75461481138905,ssp245,mpi-esm1-2-lr
86,2036,75.51152278861834,ssp245,mpi-esm1-2-lr
87,2037,74.11540337072334,ssp245,mpi-esm1-2-lr
88,2038,75.5965650143585,ssp245,mpi-esm1-2-lr
89,2039,76.015151212147,ssp245,mpi-esm1-2-lr
90,2040,74.93746561054154,ssp245,mpi-esm1-2-lr
91,2041,74.09548668285612,ssp245,mpi-esm1-2-lr
92,2042,72.97616230122502,ssp245,mpi-esm1-2-lr
93,2043,74.89125475310007,ssp245,mpi-esm1-2-lr
94,2044,73.57791905320282,ssp245,mpi-esm1-2-lr
95,2045,73.97097096169074,ssp245,mpi-esm1-2-lr
96,2046,74.67273537204585,ssp245,mpi-esm1-2-lr
97,2047,75.40586910826325,ssp245,mpi-esm1-2-lr
98,2048,73.25541518645868,ssp245,mpi-esm1-2-lr
99,2049,75.61752339087795,ssp245,mpi-esm1-2-lr
100,2050,74.72377519616508,ssp245,mpi-esm1-2-lr
101,2051,75.28133021054558,ssp245,mpi-esm1-2-lr
102,2052,74.34935792374792,ssp245,mpi-esm1-2-lr
103,2053,74.11656200383523,ssp245,mpi-esm1-2-lr
104,2054,76.02371688304329,ssp245,mpi-esm1-2-lr
105,2055,74.89044367182018,ssp245,mpi-esm1-2-lr
106,2056,76.9757226752721,ssp245,mpi-esm1-2-lr
107,2057,75.05172198387999,ssp245,mpi-esm1-2-lr
108,2058,74.86222302814346,ssp245,mpi-esm1-2-lr
109,2059,75.70895442940073,ssp245,mpi-esm1-2-lr
110,2060,76.39190213116348,ssp245,mpi-esm1-2-lr
111,2061,76.90739638713714,ssp245,mpi-esm1-2-lr
112,2062,76.52899874857191,ssp245,mpi-esm1-2-lr
113,2063,75.44333817939453,ssp245,mpi-esm1-2-lr
114,2064,76.40699988554773,ssp245,mpi-esm1-2-lr
115,2065,74.40790641318998,ssp245,mpi-esm1-2-lr
116,2066,75.20148477952038,ssp245,mpi-esm1-2-lr
117,2067,75.63812166177622,ssp245,mpi-esm1-2-lr
118,2068,75.09260133678852,ssp245,mpi-esm1-2-lr
119,2069,74.23809198560907,ssp245,mpi-esm1-2-lr
120,2070,76.63131085941868,ssp245,mpi-esm1-2-lr
121,2071,74.71090582846799,ssp245,mpi-esm1-2-lr
122,2072,75.54251982055045,ssp245,mpi-esm1-2-lr
123,2073,77.68673786136793,ssp245,mpi-esm1-2-lr
124,2074,77.72476263691532,ssp245,mpi-esm1-2-lr
125,2075,74.5321154040184,ssp245,mpi-esm1-2-lr
126,2076,77.48201471305526,ssp245,mpi-esm1-2-lr
127,2077,77.42844432345824,ssp245,mpi-esm1-2-lr
128,2078,75.77791898930529,ssp245,mpi-esm1-2-lr
129,2079,78.39744670336285,ssp245,mpi-esm1-2-lr
130,2080,77.06363916153212,ssp245,mpi-esm1-2-lr
131,2081,75.97671115301353,ssp245,mpi-esm1-2-lr
132,2082,74.11586920203717,ssp245,mpi-esm1-2-lr
133,2083,74.53840468713071,ssp245,mpi-esm1-2-lr
134,2084,75.2800644408987,ssp245,mpi-esm1-2-lr
135,2085,76.24438301806907,ssp245,mpi-esm1-2-lr
136,2086,77.90485212645875,ssp245,mpi-esm1-2-lr
137,2087,75.68893236120876,ssp245,mpi-esm1-2-lr
138,2088,76.31760187613733,ssp245,mpi-esm1-2-lr
139,2089,74.23626283660697,ssp245,mpi-esm1-2-lr
140,2090,78.46525960440906,ssp245,mpi-esm1-2-lr
141,2091,76.19742668496947,ssp245,mpi-esm1-2-lr
142,2092,75.89192329972953,ssp245,mpi-esm1-2-lr
143,2093,76.34761991019131,ssp245,mpi-esm1-2-lr
144,2094,76.99647901483017,ssp245,mpi-esm1-2-lr
145,2095,76.83662185982256,ssp245,mpi-esm1-2-lr
146,2096,76.65694866505316,ssp245,mpi-esm1-2-lr
147,2097,75.48459786928575,ssp245,mpi-esm1-2-lr
148,2098,76.24071433790193,ssp245,mpi-esm1-2-lr
149,2099,76.10489480042837,ssp245,mpi-esm1-2-lr
150,2100,77.8921838088729,ssp245,mpi-esm1-2-lr
0,1950,69.34858309250333,ssp245,inm-cm5-0
1,1951,69.2109277136401,ssp245,inm-cm5-0
2,1952,69.64743331625805,ssp245,inm-cm5-0
3,1953,70.59917553219991,ssp245,inm-cm5-0
4,1954,71.31963744953931,ssp245,inm-cm5-0
5,1955,71.60706890844004,ssp245,inm-cm5-0
6,1956,69.29191182723764,ssp245,inm-cm5-0
7,1957,70.45897867839247,ssp245,inm-cm5-0
8,1958,70.57558667541704,ssp245,inm-cm5-0
9,1959,70.56787134630423,ssp245,inm-cm5-0
10,1960,71.69071531804674,ssp245,inm-cm5-0
11,1961,70.78093879101054,ssp245,inm-cm5-0
12,1962,71.05029109810039,ssp245,inm-cm5-0
13,1963,71.58941086028022,ssp245,inm-cm5-0
14,1964,71.01744985054907,ssp245,inm-cm5-0
15,1965,70.46312491515538,ssp245,inm-cm5-0
16,1966,71.08947202015021,ssp245,inm-cm5-0
17,1967,71.11217016835883,ssp245,inm-cm5-0
18,1968,68.51512603425674,ssp245,inm-cm5-0
19,1969,70.53890148878507,ssp245,inm-cm5-0
20,1970,69.79527460333007,ssp245,inm-cm5-0
21,1971,71.13345418060392,ssp245,inm-cm5-0
22,1972,70.64081406784553,ssp245,inm-cm5-0
23,1973,69.97864342633558,ssp245,inm-cm5-0
24,1974,69.96996802816783,ssp245,inm-cm5-0
25,1975,72.13299578252371,ssp245,inm-cm5-0
26,1976,69.2144657227,ssp245,inm-cm5-0
27,1977,70.80518718415024,ssp245,inm-cm5-0
28,1978,71.27416766978969,ssp245,inm-cm5-0
29,1979,69.93295388912358,ssp245,inm-cm5-0
30,1980,71.26934296184807,ssp245,inm-cm5-0
31,1981,71.66102428288745,ssp245,inm-cm5-0
32,1982,69.9153837856747,ssp245,inm-cm5-0
33,1983,65.8994465946527,ssp245,inm-cm5-0
34,1984,69.8161098783686,ssp245,inm-cm5-0
35,1985,70.25387324130632,ssp245,inm-cm5-0
36,1986,69.73104771435806,ssp245,inm-cm5-0
37,1987,70.98154569059118,ssp245,inm-cm5-0
38,1988,70.09259399938139,ssp245,inm-cm5-0
39,1989,71.28559950725963,ssp245,inm-cm5-0
40,1990,70.48384376346037,ssp245,inm-cm5-0
41,1991,71.3541322965574,ssp245,inm-cm5-0
42,1992,69.57697534300485,ssp245,inm-cm5-0
43,1993,69.8171248993829,ssp245,inm-cm5-0
44,1994,70.45718636155019,ssp245,inm-cm5-0
45,1995,70.96502164816904,ssp245,inm-cm5-0
46,1996,71.06302956620608,ssp245,inm-cm5-0
47,1997,73.30530760943834,ssp245,inm-cm5-0
48,1998,70.87736533232412,ssp245,inm-cm5-0
49,1999,72.8181796908152,ssp245,inm-cm5-0
50,2000,72.5297293243465,ssp245,inm-cm5-0
51,2001,71.05874351531423,ssp245,inm-cm5-0
52,2002,72.6532027447622,ssp245,inm-cm5-0
53,2003,70.214374188862,ssp245,inm-cm5-0
54,2004,71.15006121711616,ssp245,inm-cm5-0
55,2005,70.75512329566804,ssp245,inm-cm5-0
56,2006,71.75320263771805,ssp245,inm-cm5-0
57,2007,72.0049566132889,ssp245,inm-cm5-0
58,2008,72.16966654615673,ssp245,inm-cm5-0
59,2009,72.33172390185538,ssp245,inm-cm5-0
60,2010,71.97446561551658,ssp245,inm-cm5-0
61,2011,70.8044527385149,ssp245,inm-cm5-0
62,2012,70.35251751111836,ssp245,inm-cm5-0
63,2013,72.05975482814449,ssp245,inm-cm5-0
64,2014,71.05078951357923,ssp245,inm-cm5-0
65,2015,72.61589430845953,ssp245,inm-cm5-0
66,2016,72.38481397116612,ssp245,inm-cm5-0
67,2017,71.98146242597228,ssp245,inm-cm5-0
68,2018,72.76881109439816,ssp245,inm-cm5-0
69,2019,73.6833221423973,ssp245,inm-cm5-0
70,2020,71.33706786783767,ssp245,inm-cm5-0
71,2021,74.00961061692524,ssp245,inm-cm5-0
72,2022,72.39541051801274,ssp245,inm-cm5-0
73,2023,72.67321082581105,ssp245,inm-cm5-0
74,2024,72.1497085204604,ssp245,inm-cm5-0
75,2025,73.25835236972438,ssp245,inm-cm5-0
76,2026,71.90557940462419,ssp245,inm-cm5-0
77,2027,73.7984939175955,ssp245,inm-cm5-0
78,2028,73.9396432592139,ssp245,inm-cm5-0
79,2029,73.0603441280697,ssp245,inm-cm5-0
80,2030,72.06293061488175,ssp245,inm-cm5-0
81,2031,73.59731976337525,ssp245,inm-cm5-0
82,2032,72.54514264355599,ssp245,inm-cm5-0
83,2033,74.53728096414041,ssp245,inm-cm5-0
84,2034,74.26658920990373,ssp245,inm-cm5-0
85,2035,73.86187155706793,ssp245,inm-cm5-0
86,2036,75.3314317585333,ssp245,inm-cm5-0
87,2037,75.25293618136469,ssp245,inm-cm5-0
88,2038,73.42886627094033,ssp245,inm-cm5-0
89,2039,75.32099513451189,ssp245,inm-cm5-0
90,2040,74.24685735531412,ssp245,inm-cm5-0
91,2041,75.04974870880703,ssp245,inm-cm5-0
92,2042,73.76778577409179,ssp245,inm-cm5-0
93,2043,71.97360126242346,ssp245,inm-cm5-0
94,2044,75.44496653461347,ssp245,inm-cm5-0
95,2045,72.08804357227575,ssp245,inm-cm5-0
96,2046,73.3517000317066,ssp245,inm-cm5-0
97,2047,74.31467937571084,ssp245,inm-cm5-0
98,2048,75.70704305408304,ssp245,inm-cm5-0
99,2049,74.3445901109737,ssp245,inm-cm5-0
100,2050,74.6568737467221,ssp245,inm-cm5-0
101,2051,75.62956775809783,ssp245,inm-cm5-0
102,2052,74.73290150391078,ssp245,inm-cm5-0
103,2053,72.59903116282571,ssp245,inm-cm5-0
104,2054,75.44566014056353,ssp245,inm-cm5-0
105,2055,75.87959826661577,ssp245,inm-cm5-0
106,2056,73.47143678591193,ssp245,inm-cm5-0
107,2057,73.42411305962176,ssp245,inm-cm5-0
108,2058,74.99863078365495,ssp245,inm-cm5-0
109,2059,73.84077347977357,ssp245,inm-cm5-0
110,2060,73.6086308619871,ssp245,inm-cm5-0
111,2061,74.20116240691601,ssp245,inm-cm5-0
112,2062,76.28328318276122,ssp245,inm-cm5-0
113,2063,74.52297999935924,ssp245,inm-cm5-0
114,2064,75.5896764598136,ssp245,inm-cm5-0
115,2065,74.00814281912338,ssp245,inm-cm5-0
116,2066,75.21362240259626,ssp245,inm-cm5-0
117,2067,76.7038252779516,ssp245,inm-cm5-0
118,2068,75.34404627063576,ssp245,inm-cm5-0
119,2069,76.31417830960328,ssp245,inm-cm5-0
120,2070,75.71511074326216,ssp245,inm-cm5-0
121,2071,75.23981440164147,ssp245,inm-cm5-0
122,2072,75.1600253810057,ssp245,inm-cm5-0
123,2073,73.98759549911394,ssp245,inm-cm5-0
124,2074,75.86639529677582,ssp245,inm-cm5-0
125,2075,73.48882723608821,ssp245,inm-cm5-0
126,2076,75.66396702376264,ssp245,inm-cm5-0
127,2077,76.36467458250927,ssp245,inm-cm5-0
128,2078,76.62393445379017,ssp245,inm-cm5-0
129,2079,75.3048231665846,ssp245,inm-cm5-0
130,2080,77.25522241010789,ssp245,inm-cm5-0
131,2081,74.02878390971134,ssp245,inm-cm5-0
132,2082,74.84934230110463,ssp245,inm-cm5-0
133,2083,75.40222597032452,ssp245,inm-cm5-0
134,2084,75.66636510413664,ssp245,inm-cm5-0
135,2085,75.51381364133572,ssp245,inm-cm5-0
136,2086,75.43196034733347,ssp245,inm-cm5-0
137,2087,75.9718718920734,ssp245,inm-cm5-0
138,2088,75.72555899329858,ssp245,inm-cm5-0
139,2089,76.11512030540516,ssp245,inm-cm5-0
140,2090,78.46194887460581,ssp245,inm-cm5-0
141,2091,76.85307263888853,ssp245,inm-cm5-0
142,2092,75.24536819665914,ssp245,inm-cm5-0
143,2093,75.57812480194289,ssp245,inm-cm5-0
144,2094,76.1691933076579,ssp245,inm-cm5-0
145,2095,77.6118322433169,ssp245,inm-cm5-0
146,2096,74.86019427459618,ssp245,inm-cm5-0
147,2097,77.17389749840397,ssp245,inm-cm5-0
148,2098,74.31680036236641,ssp245,inm-cm5-0
149,2099,77.06008664723181,ssp245,inm-cm5-0
150,2100,75.80773612354407,ssp245,inm-cm5-0
0,1950,70.67163184803849,ssp245,mpi-esm1-2-hr
1,1951,69.83835869609821,ssp245,mpi-esm1-2-hr
2,1952,70.89813868162227,ssp245,mpi-esm1-2-hr
3,1953,68.9908382044016,ssp245,mpi-esm1-2-hr
4,1954,71.22740511475315,ssp245,mpi-esm1-2-hr
5,1955,69.94157334943283,ssp245,mpi-esm1-2-hr
6,1956,70.55173658607966,ssp245,mpi-esm1-2-hr
7,1957,72.3245707415518,ssp245,mpi-esm1-2-hr
8,1958,69.14210405329477,ssp245,mpi-esm1-2-hr
9,1959,69.13291874553856,ssp245,mpi-esm1-2-hr
10,1960,70.88076648276497,ssp245,mpi-esm1-2-hr
11,1961,70.71844787746106,ssp245,mpi-esm1-2-hr
12,1962,70.9787975936847,ssp245,mpi-esm1-2-hr
13,1963,69.37727820420805,ssp245,mpi-esm1-2-hr
14,1964,69.68504247521416,ssp245,mpi-esm1-2-hr
15,1965,69.75555532941146,ssp245,mpi-esm1-2-hr
16,1966,71.72720612227066,ssp245,mpi-esm1-2-hr
17,1967,71.8441315084335,ssp245,mpi-esm1-2-hr
18,1968,70.84439857972434,ssp245,mpi-esm1-2-hr
19,1969,70.97474140731369,ssp245,mpi-esm1-2-hr
20,1970,69.40100467692109,ssp245,mpi-esm1-2-hr
21,1971,71.95045630620298,ssp245,mpi-esm1-2-hr
22,1972,70.70691067610612,ssp245,mpi-esm1-2-hr
23,1973,71.07030451061173,ssp245,mpi-esm1-2-hr
24,1974,70.91091658206183,ssp245,mpi-esm1-2-hr
25,1975,69.69538261445844,ssp245,mpi-esm1-2-hr
26,1976,69.71372926169593,ssp245,mpi-esm1-2-hr
27,1977,69.90336355501191,ssp245,mpi-esm1-2-hr
28,1978,69.88589333810297,ssp245,mpi-esm1-2-hr
29,1979,70.04982686881803,ssp245,mpi-esm1-2-hr
30,1980,71.75038958107095,ssp245,mpi-esm1-2-hr
31,1981,71.71758223019522,ssp245,mpi-esm1-2-hr
32,1982,70.48918573106941,ssp245,mpi-esm1-2-hr
33,1983,69.35587045311325,ssp245,mpi-esm1-2-hr
34,1984,70.42696713071264,ssp245,mpi-esm1-2-hr
35,1985,72.24406526940761,ssp245,mpi-esm1-2-hr
36,1986,70.285593731976,ssp245,mpi-esm1-2-hr
37,1987,70.45639917015129,ssp245,mpi-esm1-2-hr
38,1988,72.04699756759193,ssp245,mpi-esm1-2-hr
39,1989,71.31364608308766,ssp245,mpi-esm1-2-hr
40,1990,71.43565615283457,ssp245,mpi-esm1-2-hr
41,1991,71.2702506583363,ssp245,mpi-esm1-2-hr
42,1992,69.6795442869391,ssp245,mpi-esm1-2-hr
43,1993,69.32747001919584,ssp245,mpi-esm1-2-hr
44,1994,69.09251149309063,ssp245,mpi-esm1-2-hr
45,1995,69.63523369208121,ssp245,mpi-esm1-2-hr
46,1996,73.32701192110046,ssp245,mpi-esm1-2-hr
47,1997,72.70249323935761,ssp245,mpi-esm1-2-hr
48,1998,70.94578883876991,ssp245,mpi-esm1-2-hr
49,1999,71.04586834531167,ssp245,mpi-esm1-2-hr
50,2000,70.10993659714607,ssp245,mpi-esm1-2-hr
51,2001,71.40229167405968,ssp245,mpi-esm1-2-hr
52,2002,72.5184132615124,ssp245,mpi-esm1-2-hr
53,2003,73.30490910997993,ssp245,mpi-esm1-2-hr
54,2004,73.63219778517012,ssp245,mpi-esm1-2-hr
55,2005,72.65330235506917,ssp245,mpi-esm1-2-hr
56,2006,71.91806815275974,ssp245,mpi-esm1-2-hr
57,2007,71.34668972804505,ssp245,mpi-esm1-2-hr
58,2008,74.13299343516934,ssp245,mpi-esm1-2-hr
59,2009,74.1221381314301,ssp245,mpi-esm1-2-hr
60,2010,72.36500969010521,ssp245,mpi-esm1-2-hr
61,2011,71.2245158523544,ssp245,mpi-esm1-2-hr
62,2012,72.28457196355933,ssp245,mpi-esm1-2-hr
63,2013,71.5680474850979,ssp245,mpi-esm1-2-hr
64,2014,71.78454757777861,ssp245,mpi-esm1-2-hr
65,2015,73.71483271581202,ssp245,mpi-esm1-2-hr
66,2016,71.65533827419246,ssp245,mpi-esm1-2-hr
67,2017,72.91012477507797,ssp245,mpi-esm1-2-hr
68,2018,72.3961986447517,ssp245,mpi-esm1-2-hr
69,2019,73.30396703762405,ssp245,mpi-esm1-2-hr
70,2020,72.56815911646386,ssp245,mpi-esm1-2-hr
71,2021,73.37886903513687,ssp245,mpi-esm1-2-hr
72,2022,72.3528414125534,ssp245,mpi-esm1-2-hr
73,2023,74.27579845001557,ssp245,mpi-esm1-2-hr
74,2024,72.30123707520505,ssp245,mpi-esm1-2-hr
75,2025,72.9368726061126,ssp245,mpi-esm1-2-hr
76,2026,75.13421024513764,ssp245,mpi-esm1-2-hr
77,2027,76.31393186124697,ssp245,mpi-esm1-2-hr
78,2028,73.63667859644892,ssp245,mpi-esm1-2-hr
79,2029,73.44374157689018,ssp245,mpi-esm1-2-hr
80,2030,71.8025787711368,ssp245,mpi-esm1-2-hr
81,2031,72.54455184243344,ssp245,mpi-esm1-2-hr
82,2032,74.245972036046,ssp245,mpi-esm1-2-hr
83,2033,76.43077202146843,ssp245,mpi-esm1-2-hr
84,2034,72.30402258036715,ssp245,mpi-esm1-2-hr
85,2035,73.66421077780554,ssp245,mpi-esm1-2-hr
86,2036,74.66742641366402,ssp245,mpi-esm1-2-hr
87,2037,73.18802394319324,ssp245,mpi-esm1-2-hr
88,2038,73.29779938125812,ssp245,mpi-esm1-2-hr
89,2039,73.09611097241122,ssp245,mpi-esm1-2-hr
90,2040,76.033403123393,ssp245,mpi-esm1-2-hr
91,2041,71.87150897247177,ssp245,mpi-esm1-2-hr
92,2042,74.5129717435336,ssp245,mpi-esm1-2-hr
93,2043,74.55109486144653,ssp245,mpi-esm1-2-hr
94,2044,74.24340301231453,ssp245,mpi-esm1-2-hr
95,2045,74.018759169225,ssp245,mpi-esm1-2-hr
96,2046,74.96015096717963,ssp245,mpi-esm1-2-hr
97,2047,72.75365248195112,ssp245,mpi-esm1-2-hr
98,2048,73.86031066998407,ssp245,mpi-esm1-2-hr
99,2049,74.41573896850521,ssp245,mpi-esm1-2-hr
100,2050,76.63855327807664,ssp245,mpi-esm1-2-hr
101,2051,73.86378927547689,ssp245,mpi-esm1-2-hr
102,2052,75.92791225009204,ssp245,mpi-esm1-2-hr
103,2053,74.45193565067828,ssp245,mpi-esm1-2-hr
104,2054,74.63713787942392,ssp245,mpi-esm1-2-hr
105,2055,74.77552476051825,ssp245,mpi-esm1-2-hr
106,2056,75.01513858384953,ssp245,mpi-esm1-2-hr
107,2057,76.3767618690522,ssp245,mpi-esm1-2-hr
108,2058,74.85235994760235,ssp245,mpi-esm1-2-hr
109,2059,74.76856640021337,ssp245,mpi-esm1-2-hr
110,2060,77.90395964187756,ssp245,mpi-esm1-2-hr
111,2061,75.09042372327819,ssp245,mpi-esm1-2-hr
112,2062,74.29942586308319,ssp245,mpi-esm1-2-hr
113,2063,72.50184429983136,ssp245,mpi-esm1-2-hr
114,2064,74.55204877435318,ssp245,mpi-esm1-2-hr
115,2065,74.63652616372698,ssp245,mpi-esm1-2-hr
116,2066,76.62946552653726,ssp245,mpi-esm1-2-hr
117,2067,75.93908288832498,ssp245,mpi-esm1-2-hr
118,2068,75.04392697853432,ssp245,mpi-esm1-2-hr
119,2069,77.76144879336378,ssp245,mpi-esm1-2-hr
120,2070,75.64844326920637,ssp245,mpi-esm1-2-hr
121,2071,74.0220417307643,ssp245,mpi-esm1-2-hr
122,2072,76.67671605627635,ssp245,mpi-esm1-2-hr
123,2073,73.5946441271091,ssp245,mpi-esm1-2-hr
124,2074,75.53548804429833,ssp245,mpi-esm1-2-hr
125,2075,76.46339171016787,ssp245,mpi-esm1-2-hr
126,2076,74.56599675031464,ssp245,mpi-esm1-2-hr
127,2077,74.5071280034978,ssp245,mpi-esm1-2-hr
128,2078,75.7836553275968,ssp245,mpi-esm1-2-hr
129,2079,75.8278182580131,ssp245,mpi-esm1-2-hr
130,2080,75.01599546953152,ssp245,mpi-esm1-2-hr
131,2081,75.71886378978459,ssp245,mpi-esm1-2-hr
132,2082,75.19096376364415,ssp245,mpi-esm1-2-hr
133,2083,77.08692250087266,ssp245,mpi-esm1-2-hr
134,2084,77.26937346111005,ssp245,mpi-esm1-2-hr
135,2085,76.3076801633901,ssp245,mpi-esm1-2-hr
136,2086,78.49381893381019,ssp245,mpi-esm1-2-hr
137,2087,75.27635346143015,ssp245,mpi-esm1-2-hr
138,2088,77.19703498009,ssp245,mpi-esm1-2-hr
139,2089,75.61329475960478,ssp245,mpi-esm1-2-hr
140,2090,74.18571746669154,ssp245,mpi-esm1-2-hr
141,2091,78.75934826153411,ssp245,mpi-esm1-2-hr
142,2092,78.66762967652078,ssp245,mpi-esm1-2-hr
143,2093,75.84930662493626,ssp245,mpi-esm1-2-hr
144,2094,73.62974608323755,ssp245,mpi-esm1-2-hr
145,2095,77.04838545060652,ssp245,mpi-esm1-2-hr
146,2096,77.3075290477517,ssp245,mpi-esm1-2-hr
147,2097,76.91043581469782,ssp245,mpi-esm1-2-hr
148,2098,76.5835152921982,ssp245,mpi-esm1-2-hr
149,2099,78.51708954424065,ssp245,mpi-esm1-2-hr
150,2100,76.38792489270992,ssp245,mpi-esm1-2-hr
0,1950,70.0392395093363,ssp245,canesm5
1,1951,69.80915708283437,ssp245,canesm5
2,1952,69.82579903827194,ssp245,canesm5
3,1953,71.76610244568967,ssp245,canesm5
4,1954,71.28012941657202,ssp245,canesm5
5,1955,70.32543422714085,ssp245,canesm5
6,1956,69.77175084852628,ssp245,canesm5
7,1957,69.79598372366908,ssp245,canesm5
8,1958,72.57942239242547,ssp245,canesm5
9,1959,69.06523587620241,ssp245,canesm5
10,1960,68.28009157497355,ssp245,canesm5
11,1961,68.42960861146652,ssp245,canesm5
12,1962,70.8675301237252,ssp245,canesm5
13,1963,70.14760263841762,ssp245,canesm5
14,1964,68.09157925801433,ssp245,canesm5
15,1965,69.22460391758646,ssp245,canesm5
16,1966,68.9890451800516,ssp245,canesm5
17,1967,69.09113741140763,ssp245,canesm5
18,1968,71.28462555255584,ssp245,canesm5
19,1969,70.83609563540963,ssp245,canesm5
20,1970,70.30249487265367,ssp245,canesm5
21,1971,71.18122136443726,ssp245,canesm5
22,1972,68.38649104212519,ssp245,canesm5
23,1973,69.28496640336022,ssp245,canesm5
24,1974,70.51112990243608,ssp245,canesm5
25,1975,69.84918745294142,ssp245,canesm5
26,1976,69.4023871718422,ssp245,canesm5
27,1977,71.0451719015517,ssp245,canesm5
28,1978,70.03289728110958,ssp245,canesm5
29,1979,72.61342113093711,ssp245,canesm5
30,1980,70.0434528004403,ssp245,canesm5
31,1981,70.12984779129323,ssp245,canesm5
32,1982,69.90243566632334,ssp245,canesm5
33,1983,69.63748801297028,ssp245,canesm5
34,1984,70.81237689488867,ssp245,canesm5
35,1985,70.75673782335741,ssp245,canesm5
36,1986,72.49085933599302,ssp245,canesm5
37,1987,70.54197581817819,ssp245,canesm5
38,1988,71.84721060539015,ssp245,canesm5
39,1989,71.66543648328869,ssp245,canesm5
40,1990,71.30190199694559,ssp245,canesm5
41,1991,70.52800037757999,ssp245,canesm5
42,1992,69.98929145591687,ssp245,canesm5
43,1993,70.62684570966856,ssp245,canesm5
44,1994,71.93675005767092,ssp245,canesm5
45,1995,73.22316341249463,ssp245,canesm5
46,1996,71.32242839178744,ssp245,canesm5
47,1997,72.48604167064553,ssp245,canesm5
48,1998,71.39482447451802,ssp245,canesm5
49,1999,72.24074851440587,ssp245,canesm5
50,2000,73.3395754233019,ssp245,canesm5
51,2001,71.89550491462556,ssp245,canesm5
52,2002,73.76055447631252,ssp245,canesm5
53,2003,71.56117045515043,ssp245,canesm5
54,2004,73.92150482426936,ssp245,canesm5
55,2005,72.25919778812512,ssp245,canesm5
56,2006,73.21784886125637,ssp245,canesm5
57,2007,73.49063530894357,ssp245,canesm5
58,2008,72.42256479883231,ssp245,canesm5
59,2009,74.04681364174371,ssp245,canesm5
60,2010,72.34330091286783,ssp245,canesm5
61,2011,73.83638048158788,ssp245,canesm5
62,2012,73.6322571480846,ssp245,canesm5
63,2013,72.49575440263895,ssp245,canesm5
64,2014,74.05605825303431,ssp245,canesm5
65,2015,74.37138249398662,ssp245,canesm5
66,2016,75.05855936092566,ssp245,canesm5
67,2017,74.16140920988987,ssp245,canesm5
68,2018,77.427674724698,ssp245,canesm5
69,2019,75.33063603607971,ssp245,canesm5
70,2020,74.03050559112323,ssp245,canesm5
71,2021,75.00838367356937,ssp245,canesm5
72,2022,74.63637123651394,ssp245,canesm5
73,2023,75.55901019430205,ssp245,canesm5
74,2024,74.41703410646221,ssp245,canesm5
75,2025,74.20073187491482,ssp245,canesm5
76,2026,75.32066066182746,ssp245,canesm5
77,2027,76.58540546054809,ssp245,canesm5
78,2028,75.63239716751774,ssp245,canesm5
79,2029,76.97761386759846,ssp245,canesm5
80,2030,77.49031599046769,ssp245,canesm5
81,2031,76.72755351636155,ssp245,canesm5
82,2032,76.29372732324796,ssp245,canesm5
83,2033,76.39007872543841,ssp245,canesm5
84,2034,75.77338295141588,ssp245,canesm5
85,2035,75.84255732808975,ssp245,canesm5
86,2036,77.34910827381707,ssp245,canesm5
87,2037,76.1027050651264,ssp245,canesm5
88,2038,76.87871261216645,ssp245,canesm5
89,2039,77.40679006656019,ssp245,canesm5
90,2040,76.83996473282977,ssp245,canesm5
91,2041,77.82961185129746,ssp245,canesm5
92,2042,77.18594880480286,ssp245,canesm5
93,2043,77.77482780245258,ssp245,canesm5
94,2044,77.63520335326373,ssp245,canesm5
95,2045,76.5664647084361,ssp245,canesm5
96,2046,77.86029824660142,ssp245,canesm5
97,2047,78.79479685989953,ssp245,canesm5
98,2048,77.84434427499733,ssp245,canesm5
99,2049,77.59794694989183,ssp245,canesm5
100,2050,79.492924973841,ssp245,canesm5
101,2051,78.69179686516547,ssp245,canesm5
102,2052,76.62733211430864,ssp245,canesm5
103,2053,78.37621644514152,ssp245,canesm5
104,2054,80.00333853451835,ssp245,canesm5
105,2055,78.32427991825563,ssp245,canesm5
106,2056,78.2805231015256,ssp245,canesm5
107,2057,77.77756763086079,ssp245,canesm5
108,2058,79.30610821564315,ssp245,canesm5
109,2059,77.50497300721634,ssp245,canesm5
110,2060,78.63330225542515,ssp245,canesm5
111,2061,79.62219502071407,ssp245,canesm5
112,2062,79.98467385267757,ssp245,canesm5
113,2063,78.10637570637292,ssp245,canesm5
114,2064,79.79569045643498,ssp245,canesm5
115,2065,78.75462042844022,ssp245,canesm5
116,2066,78.02573538571468,ssp245,canesm5
117,2067,78.30867582855758,ssp245,canesm5
118,2068,78.23699969058713,ssp245,canesm5
119,2069,78.8681690927845,ssp245,canesm5
120,2070,79.30426599929154,ssp245,canesm5
121,2071,78.8621041121964,ssp245,canesm5
122,2072,80.68019399703402,ssp245,canesm5
123,2073,79.38659503214565,ssp245,canesm5
124,2074,79.97034419921007,ssp245,canesm5
125,2075,79.4099938398136,ssp245,canesm5
126,2076,79.22932385708337,ssp245,canesm5
127,2077,78.8577365138782,ssp245,canesm5
128,2078,79.71382752423635,ssp245,canesm5
129,2079,79.04000251531211,ssp245,canesm5
130,2080,79.80659268686567,ssp245,canesm5
131,2081,79.39385705279811,ssp245,canesm5
132,2082,78.87619335183618,ssp245,canesm5
133,2083,79.17713783459705,ssp245,canesm5
134,2084,79.2521724998059,ssp245,canesm5
135,2085,78.72743426793474,ssp245,canesm5
136,2086,81.24389946012039,ssp245,canesm5
137,2087,79.85123141757143,ssp245,canesm5
138,2088,80.57273105420556,ssp245,canesm5
139,2089,79.35536701193229,ssp245,canesm5
140,2090,79.3152037660731,ssp245,canesm5
141,2091,81.4735241983183,ssp245,canesm5
142,2092,80.81418979876332,ssp245,canesm5
143,2093,80.90585499179684,ssp245,canesm5
144,2094,79.84261968187045,ssp245,canesm5
145,2095,78.79862852001526,ssp245,canesm5
146,2096,80.99892009132817,ssp245,canesm5
147,2097,83.2762903264755,ssp245,canesm5
148,2098,79.44335877212976,ssp245,canesm5
149,2099,80.5977039822933,ssp245,canesm5
150,2100,79.49957531387905,ssp245,canesm5
0,1950,71.13856379447732,ssp245,access-cm2
1,1951,69.16631862273567,ssp245,access-cm2
2,1952,70.30681102576472,ssp245,access-cm2
3,1953,69.71455849017518,ssp245,access-cm2
4,1954,71.45898568710172,ssp245,access-cm2
5,1955,69.89945670386216,ssp245,access-cm2
6,1956,72.53182964988508,ssp245,access-cm2
7,1957,71.1549632886831,ssp245,access-cm2
8,1958,70.52405962661418,ssp245,access-cm2
9,1959,70.21335994206527,ssp245,access-cm2
10,1960,70.44323920001494,ssp245,access-cm2
11,1961,70.80493978053876,ssp245,access-cm2
12,1962,71.17506938250793,ssp245,access-cm2
13,1963,69.69208838052799,ssp245,access-cm2
14,1964,70.29166451793378,ssp245,access-cm2
15,1965,69.17874674997216,ssp245,access-cm2
16,1966,68.93394198113604,ssp245,access-cm2
17,1967,70.84104840690742,ssp245,access-cm2
18,1968,69.80371302104031,ssp245,access-cm2
19,1969,71.02300154962968,ssp245,access-cm2
20,1970,70.02700578410345,ssp245,access-cm2
21,1971,68.99937782279201,ssp245,access-cm2
22,1972,69.29982932246931,ssp245,access-cm2
23,1973,70.18027930838814,ssp245,access-cm2
24,1974,69.08048814507697,ssp245,access-cm2
25,1975,69.92222839763781,ssp245,access-cm2
26,1976,69.61524709222618,ssp245,access-cm2
27,1977,70.0545953404352,ssp245,access-cm2
28,1978,72.14456789688177,ssp245,access-cm2
29,1979,71.4765509647769,ssp245,access-cm2
30,1980,70.56508579165785,ssp245,access-cm2
31,1981,71.20621682608767,ssp245,access-cm2
32,1982,69.94687012906728,ssp245,access-cm2
33,1983,70.28870288363875,ssp245,access-cm2
34,1984,71.96155675257201,ssp245,access-cm2
35,1985,71.14264385904974,ssp245,access-cm2
36,1986,70.6452982108774,ssp245,access-cm2
37,1987,69.82420621980955,ssp245,access-cm2
38,1988,70.65837191109046,ssp245,access-cm2
39,1989,71.51472857765421,ssp245,access-cm2
40,1990,72.0044122513691,ssp245,access-cm2
41,1991,70.23753808533385,ssp245,access-cm2
42,1992,69.95879680509874,ssp245,access-cm2
43,1993,70.54812556418182,ssp245,access-cm2
44,1994,70.11562507408166,ssp245,access-cm2
45,1995,69.9057224226023,ssp245,access-cm2
46,1996,70.72588937184129,ssp245,access-cm2
47,1997,72.49270382185132,ssp245,access-cm2
48,1998,71.37468866283373,ssp245,access-cm2
49,1999,71.37338483520504,ssp245,access-cm2
50,2000,72.82394960796934,ssp245,access-cm2
51,2001,73.40923193414525,ssp245,access-cm2
52,2002,72.35757637377978,ssp245,access-cm2
53,2003,72.57456131130385,ssp245,access-cm2
54,2004,72.11283613815426,ssp245,access-cm2
55,2005,71.60917782714213,ssp245,access-cm2
56,2006,73.22373348344517,ssp245,access-cm2
57,2007,73.03215444311249,ssp245,access-cm2
58,2008,71.38178688102909,ssp245,access-cm2
59,2009,73.15276443251696,ssp245,access-cm2
60,2010,72.78100362444569,ssp245,access-cm2
61,2011,71.53974279129163,ssp245,access-cm2
62,2012,73.91157542179434,ssp245,access-cm2
63,2013,75.52531314891979,ssp245,access-cm2
64,2014,73.199393482961,ssp245,access-cm2
65,2015,73.35807951074352,ssp245,access-cm2
66,2016,75.05038989327262,ssp245,access-cm2
67,2017,73.15710361962735,ssp245,access-cm2
68,2018,73.57268601617942,ssp245,access-cm2
69,2019,72.4455918078246,ssp245,access-cm2
70,2020,74.08431551562212,ssp245,access-cm2
71,2021,76.12584313127464,ssp245,access-cm2
72,2022,74.83418790409027,ssp245,access-cm2
73,2023,73.50553066078366,ssp245,access-cm2
74,2024,73.21450996072593,ssp245,access-cm2
75,2025,73.97896124665961,ssp245,access-cm2
76,2026,73.36155154915258,ssp245,access-cm2
77,2027,75.71940752070432,ssp245,access-cm2
78,2028,73.96777933390261,ssp245,access-cm2
79,2029,77.58947358840769,ssp245,access-cm2
80,2030,74.96468032742835,ssp245,access-cm2
81,2031,74.31572234594343,ssp245,access-cm2
82,2032,76.00081797853156,ssp245,access-cm2
83,2033,75.1004124665278,ssp245,access-cm2
84,2034,74.0699412286054,ssp245,access-cm2
85,2035,76.27046679656073,ssp245,access-cm2
86,2036,77.54056034889776,ssp245,access-cm2
87,2037,74.42824538787657,ssp245,access-cm2
88,2038,75.27552003809117,ssp245,access-cm2
89,2039,76.29756979606967,ssp245,access-cm2
90,2040,76.99260711853685,ssp245,access-cm2
91,2041,76.69535948825687,ssp245,access-cm2
92,2042,77.60657760233585,ssp245,access-cm2
93,2043,76.30328171593865,ssp245,access-cm2
94,2044,77.31466386111153,ssp245,access-cm2
95,2045,77.62652562462092,ssp245,access-cm2
96,2046,76.98536205027757,ssp245,access-cm2
97,2047,77.9698120442562,ssp245,access-cm2
98,2048,77.3543909500688,ssp245,access-cm2
99,2049,77.78629652224686,ssp245,access-cm2
100,2050,77.5478026282764,ssp245,access-cm2
101,2051,79.85110323967604,ssp245,access-cm2
102,2052,77.48381824739133,ssp245,access-cm2
103,2053,78.84382339809316,ssp245,access-cm2
104,2054,77.83193067385362,ssp245,access-cm2
105,2055,78.21992347897465,ssp245,access-cm2
106,2056,78.99942860966867,ssp245,access-cm2
107,2057,78.70692771580971,ssp245,access-cm2
108,2058,77.57520750119873,ssp245,access-cm2
109,2059,78.17421754024132,ssp245,access-cm2
110,2060,77.85604647629437,ssp245,access-cm2
111,2061,77.83086691554291,ssp245,access-cm2
112,2062,77.97691924877228,ssp245,access-cm2
113,2063,78.4105895390316,ssp245,access-cm2
114,2064,76.6123048340986,ssp245,access-cm2
115,2065,76.32683585098499,ssp245,access-cm2
116,2066,78.63999237240392,ssp245,access-cm2
117,2067,78.49581593664054,ssp245,access-cm2
118,2068,79.54121970642863,ssp245,access-cm2
119,2069,77.42823123695942,ssp245,access-cm2
120,2070,78.39723994001373,ssp245,access-cm2
121,2071,79.53135554805104,ssp245,access-cm2
122,2072,78.93305001843244,ssp245,access-cm2
123,2073,80.05979280059408,ssp245,access-cm2
124,2074,79.37425643897944,ssp245,access-cm2
125,2075,80.59104135007493,ssp245,access-cm2
126,2076,79.93508581024385,ssp245,access-cm2
127,2077,78.9868357669643,ssp245,access-cm2
128,2078,80.38862199507118,ssp245,access-cm2
129,2079,79.0583973961706,ssp245,access-cm2
130,2080,80.4159928104791,ssp245,access-cm2
131,2081,79.60397464650512,ssp245,access-cm2
132,2082,80.04348410538141,ssp245,access-cm2
133,2083,79.51253038272428,ssp245,access-cm2
134,2084,80.29582783690988,ssp245,access-cm2
135,2085,80.38505792577172,ssp245,access-cm2
136,2086,79.36251530447153,ssp245,access-cm2
137,2087,78.08789735938996,ssp245,access-cm2
138,2088,81.01127947541215,ssp245,access-cm2
139,2089,80.70455766790917,ssp245,access-cm2
140,2090,78.85932971011744,ssp245,access-cm2
141,2091,79.56638974758484,ssp245,access-cm2
142,2092,82.12123469725918,ssp245,access-cm2
143,2093,79.87484388102449,ssp245,access-cm2
144,2094,80.9479678010559,ssp245,access-cm2
145,2095,80.02720444206507,ssp245,access-cm2
146,2096,81.58691846503507,ssp245,access-cm2
147,2097,80.41794501615533,ssp245,access-cm2
148,2098,79.57790121308697,ssp245,access-cm2
149,2099,78.92820725804256,ssp245,access-cm2
150,2100,81.45833120685562,ssp245,access-cm2
0,1950,73.01227449405222,ssp245,noresm2-lm
1,1951,70.80280360456624,ssp245,noresm2-lm
2,1952,70.59470358554648,ssp245,noresm2-lm
3,1953,71.31511887758919,ssp245,noresm2-lm
4,1954,69.4954343572881,ssp245,noresm2-lm
5,1955,70.08875627096246,ssp245,noresm2-lm
6,1956,71.48211837962394,ssp245,noresm2-lm
7,1957,71.16803502664955,ssp245,noresm2-lm
8,1958,69.71611750607839,ssp245,noresm2-lm
9,1959,70.4382022446006,ssp245,noresm2-lm
10,1960,72.20542686543548,ssp245,noresm2-lm
11,1961,71.10091848011861,ssp245,noresm2-lm
12,1962,67.76454436465188,ssp245,noresm2-lm
13,1963,72.11082566382612,ssp245,noresm2-lm
14,1964,68.56078058001467,ssp245,noresm2-lm
15,1965,70.92645874672925,ssp245,noresm2-lm
16,1966,70.25015462483523,ssp245,noresm2-lm
17,1967,69.72949950388488,ssp245,noresm2-lm
18,1968,68.99782736000653,ssp245,noresm2-lm
19,1969,69.9938019494331,ssp245,noresm2-lm
20,1970,70.61756324713383,ssp245,noresm2-lm
21,1971,69.72073826850988,ssp245,noresm2-lm
22,1972,70.9536632077752,ssp245,noresm2-lm
23,1973,69.79636595685086,ssp245,noresm2-lm
24,1974,70.45921278596109,ssp245,noresm2-lm
25,1975,71.46240531147778,ssp245,noresm2-lm
26,1976,68.41421003813845,ssp245,noresm2-lm
27,1977,69.8146902831506,ssp245,noresm2-lm
28,1978,70.27292086835902,ssp245,noresm2-lm
29,1979,71.26978226146127,ssp245,noresm2-lm
30,1980,68.99510318755807,ssp245,noresm2-lm
31,1981,72.42681955958898,ssp245,noresm2-lm
32,1982,69.68881085845146,ssp245,noresm2-lm
33,1983,69.99722606664837,ssp245,noresm2-lm
34,1984,69.93445685529856,ssp245,noresm2-lm
35,1985,71.40976280104225,ssp245,noresm2-lm
36,1986,70.33051292518971,ssp245,noresm2-lm
37,1987,70.73721657761934,ssp245,noresm2-lm
38,1988,70.9508481790982,ssp245,noresm2-lm
39,1989,69.9620790200275,ssp245,noresm2-lm
40,1990,70.84686812817966,ssp245,noresm2-lm
41,1991,70.34055542309808,ssp245,noresm2-lm
42,1992,71.84917837297685,ssp245,noresm2-lm
43,1993,71.08833178543019,ssp245,noresm2-lm
44,1994,72.51270135941525,ssp245,noresm2-lm
45,1995,71.80114341298086,ssp245,noresm2-lm
46,1996,70.82664439586478,ssp245,noresm2-lm
47,1997,70.8403416083894,ssp245,noresm2-lm
48,1998,69.75778033157229,ssp245,noresm2-lm
49,1999,73.11410313083645,ssp245,noresm2-lm
50,2000,72.23836865703515,ssp245,noresm2-lm
51,2001,73.39612191588526,ssp245,noresm2-lm
52,2002,71.05018609292152,ssp245,noresm2-lm
53,2003,72.48249223966954,ssp245,noresm2-lm
54,2004,72.13856606996089,ssp245,noresm2-lm
55,2005,71.83888743849913,ssp245,noresm2-lm
56,2006,71.64299412628492,ssp245,noresm2-lm
57,2007,71.8446489967093,ssp245,noresm2-lm
58,2008,71.91472018428954,ssp245,noresm2-lm
59,2009,72.2312122965121,ssp245,noresm2-lm
60,2010,71.0557827038738,ssp245,noresm2-lm
61,2011,73.95906709125998,ssp245,noresm2-lm
62,2012,74.15401026723346,ssp245,noresm2-lm
63,2013,74.80063936229891,ssp245,noresm2-lm
64,2014,73.05280533878825,ssp245,noresm2-lm
65,2015,72.55938462878026,ssp245,noresm2-lm
66,2016,74.7957381617974,ssp245,noresm2-lm
67,2017,74.01080852674693,ssp245,noresm2-lm
68,2018,73.1840275313239,ssp245,noresm2-lm
69,2019,73.75485554877834,ssp245,noresm2-lm
70,2020,73.59923070563389,ssp245,noresm2-lm
71,2021,72.77886255660228,ssp245,noresm2-lm
72,2022,73.36998691771302,ssp245,noresm2-lm
73,2023,74.71455049096318,ssp245,noresm2-lm
74,2024,75.60632397166135,ssp245,noresm2-lm
75,2025,74.64168318977057,ssp245,noresm2-lm
76,2026,74.4698153247303,ssp245,noresm2-lm
77,2027,75.89433630804416,ssp245,noresm2-lm
78,2028,74.87894860921087,ssp245,noresm2-lm
79,2029,74.06321918606679,ssp245,noresm2-lm
80,2030,75.08390911051454,ssp245,noresm2-lm
81,2031,73.13421023751016,ssp245,noresm2-lm
82,2032,73.32611666626458,ssp245,noresm2-lm
83,2033,74.91150969274204,ssp245,noresm2-lm
84,2034,73.7881065705135,ssp245,noresm2-lm
85,2035,72.45448947085764,ssp245,noresm2-lm
86,2036,74.19025868244275,ssp245,noresm2-lm
87,2037,74.74693678582233,ssp245,noresm2-lm
88,2038,74.39681457876536,ssp245,noresm2-lm
89,2039,73.61837577509064,ssp245,noresm2-lm
90,2040,76.05972748142207,ssp245,noresm2-lm
91,2041,77.04967519972574,ssp245,noresm2-lm
92,2042,75.48776149487591,ssp245,noresm2-lm
93,2043,73.6083656668249,ssp245,noresm2-lm
94,2044,74.00091398849912,ssp245,noresm2-lm
95,2045,76.84020625416065,ssp245,noresm2-lm
96,2046,75.82532341924733,ssp245,noresm2-lm
97,2047,74.85098098769018,ssp245,noresm2-lm
98,2048,75.86030714130838,ssp245,noresm2-lm
99,2049,75.6093224740716,ssp245,noresm2-lm
100,2050,75.97781007428065,ssp245,noresm2-lm
101,2051,77.96614450190906,ssp245,noresm2-lm
102,2052,74.23622341141805,ssp245,noresm2-lm
103,2053,75.98260679089145,ssp245,noresm2-lm
104,2054,77.21525163635987,ssp245,noresm2-lm
105,2055,75.04734668639077,ssp245,noresm2-lm
106,2056,74.84405020182061,ssp245,noresm2-lm
107,2057,75.30334164829196,ssp245,noresm2-lm
108,2058,75.41387830311756,ssp245,noresm2-lm
109,2059,74.82058475644538,ssp245,noresm2-lm
110,2060,76.36161872140039,ssp245,noresm2-lm
111,2061,75.69766677188015,ssp245,noresm2-lm
112,2062,75.8511677243434,ssp245,noresm2-lm
113,2063,78.58906475812043,ssp245,noresm2-lm
114,2064,75.18270572471621,ssp245,noresm2-lm
115,2065,76.49704624443915,ssp245,noresm2-lm
116,2066,75.62466003581325,ssp245,noresm2-lm
117,2067,76.16542813214024,ssp245,noresm2-lm
118,2068,77.7241380649098,ssp245,noresm2-lm
119,2069,77.7027017682569,ssp245,noresm2-lm
120,2070,77.07900860292645,ssp245,noresm2-lm
121,2071,75.6928421987305,ssp245,noresm2-lm
122,2072,74.88534588860614,ssp245,noresm2-lm
123,2073,76.23302352049559,ssp245,noresm2-lm
124,2074,76.35214232784436,ssp245,noresm2-lm
125,2075,74.92543892070042,ssp245,noresm2-lm
126,2076,76.64758743455893,ssp245,noresm2-lm
127,2077,78.06424645965689,ssp245,noresm2-lm
128,2078,77.21798572434044,ssp245,noresm2-lm
129,2079,78.14454103126678,ssp245,noresm2-lm
130,2080,77.45078213432934,ssp245,noresm2-lm
131,2081,75.47076717238876,ssp245,noresm2-lm
132,2082,76.02475878894812,ssp245,noresm2-lm
133,2083,78.5388198564074,ssp245,noresm2-lm
134,2084,77.01272387655234,ssp245,noresm2-lm
135,2085,76.79075701050166,ssp245,noresm2-lm
136,2086,78.19841480103497,ssp245,noresm2-lm
137,2087,77.10187125544643,ssp245,noresm2-lm
138,2088,78.7700641923855,ssp245,noresm2-lm
139,2089,76.00585921482362,ssp245,noresm2-lm
140,2090,77.59772813436017,ssp245,noresm2-lm
141,2091,76.890800831011,ssp245,noresm2-lm
142,2092,77.40635126867525,ssp245,noresm2-lm
143,2093,76.94024103396147,ssp245,noresm2-lm
144,2094,76.92643084309547,ssp245,noresm2-lm
145,2095,77.78001340679316,ssp245,noresm2-lm
146,2096,77.2220826131395,ssp245,noresm2-lm
147,2097,78.3674800550085,ssp245,noresm2-lm
148,2098,77.36732120220815,ssp245,noresm2-lm
149,2099,79.7321946929174,ssp245,noresm2-lm
150,2100,76.54370949178671,ssp245,noresm2-lm
0,1950,70.18958204711952,ssp245,bcc-csm2-mr
1,1951,70.42534145200315,ssp245,bcc-csm2-mr
2,1952,70.03627043025327,ssp245,bcc-csm2-mr
3,1953,70.68466993977209,ssp245,bcc-csm2-mr
4,1954,70.38413126381063,ssp245,bcc-csm2-mr
5,1955,70.39917809987034,ssp245,bcc-csm2-mr
6,1956,70.02345867978767,ssp245,bcc-csm2-mr
7,1957,69.74504972074985,ssp245,bcc-csm2-mr
8,1958,70.39621997894976,ssp245,bcc-csm2-mr
9,1959,69.01979241631238,ssp245,bcc-csm2-mr
10,1960,69.48892605420984,ssp245,bcc-csm2-mr
11,1961,70.01039864141933,ssp245,bcc-csm2-mr
12,1962,69.77227824872905,ssp245,bcc-csm2-mr
13,1963,71.80998768092341,ssp245,bcc-csm2-mr
14,1964,68.78467662623689,ssp245,bcc-csm2-mr
15,1965,69.46695308327409,ssp245,bcc-csm2-mr
16,1966,69.18838615513984,ssp245,bcc-csm2-mr
17,1967,71.58600418563887,ssp245,bcc-csm2-mr
18,1968,70.22727744032154,ssp245,bcc-csm2-mr
19,1969,71.51411750801022,ssp245,bcc-csm2-mr
20,1970,71.43659875448711,ssp245,bcc-csm2-mr
21,1971,72.10546821740492,ssp245,bcc-csm2-mr
22,1972,69.53645960301935,ssp245,bcc-csm2-mr
23,1973,70.71659016371346,ssp245,bcc-csm2-mr
24,1974,69.50084629320929,ssp245,bcc-csm2-mr
25,1975,69.03192042265341,ssp245,bcc-csm2-mr
26,1976,69.96870620587538,ssp245,bcc-csm2-mr
27,1977,71.11413740638592,ssp245,bcc-csm2-mr
28,1978,70.40413148085243,ssp245,bcc-csm2-mr
29,1979,70.09644135224906,ssp245,bcc-csm2-mr
30,1980,69.74815746067299,ssp245,bcc-csm2-mr
31,1981,70.988971014042,ssp245,bcc-csm2-mr
32,1982,69.27647663763365,ssp245,bcc-csm2-mr
33,1983,70.23750259000876,ssp245,bcc-csm2-mr
34,1984,71.51556715823097,ssp245,bcc-csm2-mr
35,1985,70.66803000475163,ssp245,bcc-csm2-mr
36,1986,71.37662179992958,ssp245,bcc-csm2-mr
37,1987,68.83313969553376,ssp245,bcc-csm2-mr
38,1988,71.5078860679327,ssp245,bcc-csm2-mr
39,1989,71.86030448073343,ssp245,bcc-csm2-mr
40,1990,72.06490148998809,ssp245,bcc-csm2-mr
41,1991,71.75270747302632,ssp245,bcc-csm2-mr
42,1992,69.13730181545608,ssp245,bcc-csm2-mr
43,1993,70.52029043617544,ssp245,bcc-csm2-mr
44,1994,71.43652217105964,ssp245,bcc-csm2-mr
45,1995,71.83311441828312,ssp245,bcc-csm2-mr
46,1996,72.67680280631357,ssp245,bcc-csm2-mr
47,1997,70.5497953368835,ssp245,bcc-csm2-mr
48,1998,71.73269576316886,ssp245,bcc-csm2-mr
49,1999,71.5793793634136,ssp245,bcc-csm2-mr
50,2000,72.84738899491553,ssp245,bcc-csm2-mr
51,2001,71.9096609657534,ssp245,bcc-csm2-mr
52,2002,71.81987845688016,ssp245,bcc-csm2-mr
53,2003,72.16546785269911,ssp245,bcc-csm2-mr
54,2004,72.51175586811739,ssp245,bcc-csm2-mr
55,2005,72.99546746728147,ssp245,bcc-csm2-mr
56,2006,72.70369317390029,ssp245,bcc-csm2-mr
57,2007,70.75447680332536,ssp245,bcc-csm2-mr
58,2008,73.50340840560192,ssp245,bcc-csm2-mr
59,2009,71.4263287555292,ssp245,bcc-csm2-mr
60,2010,73.70860031085564,ssp245,bcc-csm2-mr
61,2011,72.8441930659167,ssp245,bcc-csm2-mr
62,2012,72.38141905087126,ssp245,bcc-csm2-mr
63,2013,73.23770256946962,ssp245,bcc-csm2-mr
64,2014,72.12021285525579,ssp245,bcc-csm2-mr
65,2015,72.43999082423963,ssp245,bcc-csm2-mr
66,2016,72.84010022221479,ssp245,bcc-csm2-mr
67,2017,72.30717745902464,ssp245,bcc-csm2-mr
68,2018,73.779808613531,ssp245,bcc-csm2-mr
69,2019,72.68536495403342,ssp245,bcc-csm2-mr
70,2020,73.186901809314,ssp245,bcc-csm2-mr
71,2021,73.83244516122414,ssp245,bcc-csm2-mr
72,2022,73.36373544641583,ssp245,bcc-csm2-mr
73,2023,73.98303195078103,ssp245,bcc-csm2-mr
74,2024,73.71906908314877,ssp245,bcc-csm2-mr
75,2025,74.20394696099744,ssp245,bcc-csm2-mr
76,2026,73.8635542072085,ssp245,bcc-csm2-mr
77,2027,74.66158562033509,ssp245,bcc-csm2-mr
78,2028,74.72862207846661,ssp245,bcc-csm2-mr
79,2029,74.50475973659283,ssp245,bcc-csm2-mr
80,2030,74.15306977856987,ssp245,bcc-csm2-mr
81,2031,73.67808509161851,ssp245,bcc-csm2-mr
82,2032,73.54894763425449,ssp245,bcc-csm2-mr
83,2033,72.48387726265237,ssp245,bcc-csm2-mr
84,2034,73.52010070790233,ssp245,bcc-csm2-mr
85,2035,75.62487990150048,ssp245,bcc-csm2-mr
86,2036,74.15864981040323,ssp245,bcc-csm2-mr
87,2037,73.09217106179177,ssp245,bcc-csm2-mr
88,2038,73.00078628559037,ssp245,bcc-csm2-mr
89,2039,75.0424393443062,ssp245,bcc-csm2-mr
90,2040,73.0704467010713,ssp245,bcc-csm2-mr
91,2041,74.4315283942049,ssp245,bcc-csm2-mr
92,2042,74.10787111879245,ssp245,bcc-csm2-mr
93,2043,75.75242148948303,ssp245,bcc-csm2-mr
94,2044,74.64313157057647,ssp245,bcc-csm2-mr
95,2045,74.09253442192582,ssp245,bcc-csm2-mr
96,2046,75.20778480299748,ssp245,bcc-csm2-mr
97,2047,76.45801875163097,ssp245,bcc-csm2-mr
98,2048,76.76395710562086,ssp245,bcc-csm2-mr
99,2049,76.00809674943763,ssp245,bcc-csm2-mr
100,2050,75.63619961842416,ssp245,bcc-csm2-mr
101,2051,75.09506061385399,ssp245,bcc-csm2-mr
102,2052,75.53037130718573,ssp245,bcc-csm2-mr
103,2053,76.3203185427963,ssp245,bcc-csm2-mr
104,2054,76.48139808063065,ssp245,bcc-csm2-mr
105,2055,75.97903553478565,ssp245,bcc-csm2-mr
106,2056,75.18320133313446,ssp245,bcc-csm2-mr
107,2057,77.07690653606966,ssp245,bcc-csm2-mr
108,2058,78.10750828587015,ssp245,bcc-csm2-mr
109,2059,75.12848801627607,ssp245,bcc-csm2-mr
110,2060,78.33616306999711,ssp245,bcc-csm2-mr
111,2061,76.45161270225756,ssp245,bcc-csm2-mr
112,2062,77.23668160915908,ssp245,bcc-csm2-mr
113,2063,76.58489964188865,ssp245,bcc-csm2-mr
114,2064,77.72242577069723,ssp245,bcc-csm2-mr
115,2065,76.71725953147087,ssp245,bcc-csm2-mr
116,2066,77.3380561323975,ssp245,bcc-csm2-mr
117,2067,76.78995871816664,ssp245,bcc-csm2-mr
118,2068,77.49937345690081,ssp245,bcc-csm2-mr
119,2069,77.39480515502076,ssp245,bcc-csm2-mr
120,2070,78.3353332809662,ssp245,bcc-csm2-mr
121,2071,77.34567206265142,ssp245,bcc-csm2-mr
122,2072,78.04818931864554,ssp245,bcc-csm2-mr
123,2073,74.58975775368481,ssp245,bcc-csm2-mr
124,2074,76.79216896491712,ssp245,bcc-csm2-mr
125,2075,76.15118677309232,ssp245,bcc-csm2-mr
126,2076,77.4955284187193,ssp245,bcc-csm2-mr
127,2077,77.28814864544611,ssp245,bcc-csm2-mr
128,2078,78.11162551636703,ssp245,bcc-csm2-mr
129,2079,76.16587361752872,ssp245,bcc-csm2-mr
130,2080,77.13732745833744,ssp245,bcc-csm2-mr
131,2081,77.38878954843501,ssp245,bcc-csm2-mr
132,2082,77.07525274321048,ssp245,bcc-csm2-mr
133,2083,76.86104416984105,ssp245,bcc-csm2-mr
134,2084,77.37645508733476,ssp245,bcc-csm2-mr
135,2085,77.09720525555959,ssp245,bcc-csm2-mr
136,2086,77.5795099805928,ssp245,bcc-csm2-mr
137,2087,79.28214050266125,ssp245,bcc-csm2-mr
138,2088,76.63276447668315,ssp245,bcc-csm2-mr
139,2089,77.79498951435956,ssp245,bcc-csm2-mr
140,2090,78.73230315494072,ssp245,bcc-csm2-mr
141,2091,78.24753020531412,ssp245,bcc-csm2-mr
142,2092,77.47635077318041,ssp245,bcc-csm2-mr
143,2093,78.85823542026007,ssp245,bcc-csm2-mr
144,2094,77.25295390907716,ssp245,bcc-csm2-mr
145,2095,78.34062951514413,ssp245,bcc-csm2-mr
146,2096,78.4093518653449,ssp245,bcc-csm2-mr
147,2097,78.71570493020964,ssp245,bcc-csm2-mr
148,2098,77.9288988456109,ssp245,bcc-csm2-mr
149,2099,78.96772510447067,ssp245,bcc-csm2-mr
150,2100,77.06538640845963,ssp245,bcc-csm2-mr
0,1950,69.16915973389371,ssp245,access-esm1-5
1,1951,71.0803810887842,ssp245,access-esm1-5
2,1952,68.78053501551315,ssp245,access-esm1-5
3,1953,72.22682435091772,ssp245,access-esm1-5
4,1954,69.90750664478921,ssp245,access-esm1-5
5,1955,70.53782016246365,ssp245,access-esm1-5
6,1956,71.88013772392274,ssp245,access-esm1-5
7,1957,68.73592276797834,ssp245,access-esm1-5
8,1958,70.86634231601545,ssp245,access-esm1-5
9,1959,69.1650276648148,ssp245,access-esm1-5
10,1960,70.94966614660709,ssp245,access-esm1-5
11,1961,69.58620298037569,ssp245,access-esm1-5
12,1962,69.63465816791575,ssp245,access-esm1-5
13,1963,68.15013193991236,ssp245,access-esm1-5
14,1964,70.46897896435533,ssp245,access-esm1-5
15,1965,69.32366716857472,ssp245,access-esm1-5
16,1966,69.12850346781447,ssp245,access-esm1-5
17,1967,71.15179377466768,ssp245,access-esm1-5
18,1968,70.10980672610718,ssp245,access-esm1-5
19,1969,70.16038866904147,ssp245,access-esm1-5
20,1970,68.39389247071391,ssp245,access-esm1-5
21,1971,70.17095380808249,ssp245,access-esm1-5
22,1972,71.11350115277403,ssp245,access-esm1-5
23,1973,68.87496584951843,ssp245,access-esm1-5
24,1974,69.39638283285257,ssp245,access-esm1-5
25,1975,70.40701133758198,ssp245,access-esm1-5
26,1976,70.41846130786087,ssp245,access-esm1-5
27,1977,71.67733068938543,ssp245,access-esm1-5
28,1978,71.01428474803608,ssp245,access-esm1-5
29,1979,70.42913947164848,ssp245,access-esm1-5
30,1980,69.8861995483533,ssp245,access-esm1-5
31,1981,70.54101428949917,ssp245,access-esm1-5
32,1982,69.51755755576582,ssp245,access-esm1-5
33,1983,71.07609182999782,ssp245,access-esm1-5
34,1984,69.50815384171096,ssp245,access-esm1-5
35,1985,72.29325958975944,ssp245,access-esm1-5
36,1986,69.4120041830007,ssp245,access-esm1-5
37,1987,70.78693348264967,ssp245,access-esm1-5
38,1988,70.33129214353592,ssp245,access-esm1-5
39,1989,70.37335884800791,ssp245,access-esm1-5
40,1990,70.98161473557643,ssp245,access-esm1-5
41,1991,71.95868630581698,ssp245,access-esm1-5
42,1992,69.22191896333122,ssp245,access-esm1-5
43,1993,70.49021800365459,ssp245,access-esm1-5
44,1994,72.70563094653728,ssp245,access-esm1-5
45,1995,71.91224887031495,ssp245,access-esm1-5
46,1996,71.64651223253091,ssp245,access-esm1-5
47,1997,72.5562211367647,ssp245,access-esm1-5
48,1998,73.6283057993771,ssp245,access-esm1-5
49,1999,72.61072436312269,ssp245,access-esm1-5
50,2000,71.78129305950301,ssp245,access-esm1-5
51,2001,72.26383754166328,ssp245,access-esm1-5
52,2002,71.3092766187661,ssp245,access-esm1-5
53,2003,73.81390913488573,ssp245,access-esm1-5
54,2004,73.92817182274177,ssp245,access-esm1-5
55,2005,71.88127706850729,ssp245,access-esm1-5
56,2006,74.89967271151572,ssp245,access-esm1-5
57,2007,72.58091463261957,ssp245,access-esm1-5
58,2008,73.60385983898685,ssp245,access-esm1-5
59,2009,72.98829480097098,ssp245,access-esm1-5
60,2010,73.30533399259284,ssp245,access-esm1-5
61,2011,72.33666456223577,ssp245,access-esm1-5
62,2012,73.921259507653,ssp245,access-esm1-5
63,2013,71.8403821081596,ssp245,access-esm1-5
64,2014,72.80451142397214,ssp245,access-esm1-5
65,2015,74.76118535397731,ssp245,access-esm1-5
66,2016,73.84299907323016,ssp245,access-esm1-5
67,2017,73.74285830813085,ssp245,access-esm1-5
68,2018,75.24556463381651,ssp245,access-esm1-5
69,2019,75.89993908987795,ssp245,access-esm1-5
70,2020,73.14478900409934,ssp245,access-esm1-5
71,2021,76.97464348417496,ssp245,access-esm1-5
72,2022,73.27522379184342,ssp245,access-esm1-5
73,2023,75.41183136922803,ssp245,access-esm1-5
74,2024,74.20637057166984,ssp245,access-esm1-5
75,2025,75.79977357132145,ssp245,access-esm1-5
76,2026,75.68064848044511,ssp245,access-esm1-5
77,2027,76.47337579524476,ssp245,access-esm1-5
78,2028,73.78221539083873,ssp245,access-esm1-5
79,2029,75.70005834011553,ssp245,access-esm1-5
80,2030,75.81520825243518,ssp245,access-esm1-5
81,2031,75.5223941807957,ssp245,access-esm1-5
82,2032,74.20485705636561,ssp245,access-esm1-5
83,2033,75.89111794997876,ssp245,access-esm1-5
84,2034,75.99741500220601,ssp245,access-esm1-5
85,2035,76.69358521812688,ssp245,access-esm1-5
86,2036,76.23358167820875,ssp245,access-esm1-5
87,2037,74.65131574376156,ssp245,access-esm1-5
88,2038,76.15375664932837,ssp245,access-esm1-5
89,2039,73.98605289303609,ssp245,access-esm1-5
90,2040,74.54087036064527,ssp245,access-esm1-5
91,2041,75.99831148615945,ssp245,access-esm1-5
92,2042,76.61149833527475,ssp245,access-esm1-5
93,2043,75.45263661510936,ssp245,access-esm1-5
94,2044,78.59942302559477,ssp245,access-esm1-5
95,2045,78.2424298368103,ssp245,access-esm1-5
96,2046,76.96212054790558,ssp245,access-esm1-5
97,2047,75.4874724289134,ssp245,access-esm1-5
98,2048,75.4458639497819,ssp245,access-esm1-5
99,2049,75.19061281514445,ssp245,access-esm1-5
100,2050,77.39125085345889,ssp245,access-esm1-5
101,2051,78.18505360555314,ssp245,access-esm1-5
102,2052,77.61918618210628,ssp245,access-esm1-5
103,2053,75.90046491230882,ssp245,access-esm1-5
104,2054,75.96726525705812,ssp245,access-esm1-5
105,2055,76.61467506677704,ssp245,access-esm1-5
106,2056,76.60027120047477,ssp245,access-esm1-5
107,2057,77.04536991614245,ssp245,access-esm1-5
108,2058,79.23314519574416,ssp245,access-esm1-5
109,2059,77.96455864971207,ssp245,access-esm1-5
110,2060,79.87320068118424,ssp245,access-esm1-5
111,2061,78.20249195426392,ssp245,access-esm1-5
112,2062,78.8410145306307,ssp245,access-esm1-5
113,2063,77.42279775531905,ssp245,access-esm1-5
114,2064,77.14666587633249,ssp245,access-esm1-5
115,2065,75.63688033519628,ssp245,access-esm1-5
116,2066,77.27644115162973,ssp245,access-esm1-5
117,2067,78.29008852773384,ssp245,access-esm1-5
118,2068,77.03959672138924,ssp245,access-esm1-5
119,2069,76.4229113732249,ssp245,access-esm1-5
120,2070,75.66863922421298,ssp245,access-esm1-5
121,2071,76.37610723040648,ssp245,access-esm1-5
122,2072,78.76664275467179,ssp245,access-esm1-5
123,2073,77.64418004558064,ssp245,access-esm1-5
124,2074,76.05650931631537,ssp245,access-esm1-5
125,2075,79.3856499338415,ssp245,access-esm1-5
126,2076,76.83331583063865,ssp245,access-esm1-5
127,2077,76.98443041472432,ssp245,access-esm1-5
128,2078,77.92491501809026,ssp245,access-esm1-5
129,2079,77.14359312742724,ssp245,access-esm1-5
130,2080,76.58192049525312,ssp245,access-esm1-5
131,2081,78.49134183322722,ssp245,access-esm1-5
132,2082,78.55836336947979,ssp245,access-esm1-5
133,2083,80.32740848248592,ssp245,access-esm1-5
134,2084,77.48872098516819,ssp245,access-esm1-5
135,2085,77.67836168030479,ssp245,access-esm1-5
136,2086,75.85617087952102,ssp245,access-esm1-5
137,2087,79.78706484410458,ssp245,access-esm1-5
138,2088,80.1117686223674,ssp245,access-esm1-5
139,2089,78.7266470812794,ssp245,access-esm1-5
140,2090,77.5676709174727,ssp245,access-esm1-5
141,2091,79.25175863845813,ssp245,access-esm1-5
142,2092,78.08981067042184,ssp245,access-esm1-5
143,2093,78.12670317666264,ssp245,access-esm1-5
144,2094,79.665419720348,ssp245,access-esm1-5
145,2095,77.45776034644668,ssp245,access-esm1-5
146,2096,77.52460569218667,ssp245,access-esm1-5
147,2097,77.85733752056797,ssp245,access-esm1-5
148,2098,78.37410807822798,ssp245,access-esm1-5
149,2099,80.49551827926086,ssp245,access-esm1-5
150,2100,76.99595979933316,ssp245,access-esm1-5
0,1950,70.22552665056172,ssp245,mri-esm2-0
1,1951,71.27308974183168,ssp245,mri-esm2-0
2,1952,70.27353065949679,ssp245,mri-esm2-0
3,1953,72.19431663719956,ssp245,mri-esm2-0
4,1954,70.67205920560251,ssp245,mri-esm2-0
5,1955,70.12440898159672,ssp245,mri-esm2-0
6,1956,71.85399797023767,ssp245,mri-esm2-0
7,1957,72.17434670280316,ssp245,mri-esm2-0
8,1958,71.8187886683246,ssp245,mri-esm2-0
9,1959,69.10690599659348,ssp245,mri-esm2-0
10,1960,70.35203926744632,ssp245,mri-esm2-0
11,1961,70.87059910038563,ssp245,mri-esm2-0
12,1962,69.8203151612092,ssp245,mri-esm2-0
13,1963,70.34042918590036,ssp245,mri-esm2-0
14,1964,70.21244669270891,ssp245,mri-esm2-0
15,1965,68.79025365011219,ssp245,mri-esm2-0
16,1966,70.27057390217786,ssp245,mri-esm2-0
17,1967,70.49986216795078,ssp245,mri-esm2-0
18,1968,70.68721697988275,ssp245,mri-esm2-0
19,1969,70.37220183899863,ssp245,mri-esm2-0
20,1970,69.97558035873371,ssp245,mri-esm2-0
21,1971,69.94881814337545,ssp245,mri-esm2-0
22,1972,70.46242418391108,ssp245,mri-esm2-0
23,1973,70.79777518443791,ssp245,mri-esm2-0
24,1974,68.77822081501935,ssp245,mri-esm2-0
25,1975,69.33686909858895,ssp245,mri-esm2-0
26,1976,69.83189123983344,ssp245,mri-esm2-0
27,1977,71.84530156616229,ssp245,mri-esm2-0
28,1978,70.3127384256943,ssp245,mri-esm2-0
29,1979,70.25736935693438,ssp245,mri-esm2-0
30,1980,69.81154395521547,ssp245,mri-esm2-0
31,1981,70.66646071261039,ssp245,mri-esm2-0
32,1982,70.24537663033153,ssp245,mri-esm2-0
33,1983,70.58514103285924,ssp245,mri-esm2-0
34,1984,70.67855500945244,ssp245,mri-esm2-0
35,1985,70.82623161581235,ssp245,mri-esm2-0
36,1986,71.35038996333293,ssp245,mri-esm2-0
37,1987,70.39512906195635,ssp245,mri-esm2-0
38,1988,70.90724010515736,ssp245,mri-esm2-0
39,1989,70.95477888763133,ssp245,mri-esm2-0
40,1990,71.03039152582282,ssp245,mri-esm2-0
41,1991,69.7475609237339,ssp245,mri-esm2-0
42,1992,69.60874931715446,ssp245,mri-esm2-0
43,1993,70.87435781396867,ssp245,mri-esm2-0
44,1994,70.87632781526648,ssp245,mri-esm2-0
45,1995,71.9542034670319,ssp245,mri-esm2-0
46,1996,72.39161957515618,ssp245,mri-esm2-0
47,1997,70.7753261716078,ssp245,mri-esm2-0
48,1998,70.68350983976967,ssp245,mri-esm2-0
49,1999,71.00347539308534,ssp245,mri-esm2-0
50,2000,70.54968348085237,ssp245,mri-esm2-0
51,2001,72.10063003874275,ssp245,mri-esm2-0
52,2002,73.39364080475633,ssp245,mri-esm2-0
53,2003,72.30430458283858,ssp245,mri-esm2-0
54,2004,71.91132912467967,ssp245,mri-esm2-0
55,2005,71.70882694874408,ssp245,mri-esm2-0
56,2006,71.33267304605917,ssp245,mri-esm2-0
57,2007,72.0506617370719,ssp245,mri-esm2-0
58,2008,70.65275535007704,ssp245,mri-esm2-0
59,2009,71.80757235264657,ssp245,mri-esm2-0
60,2010,73.6025711790487,ssp245,mri-esm2-0
61,2011,74.5476738514559,ssp245,mri-esm2-0
62,2012,71.95084933770639,ssp245,mri-esm2-0
63,2013,72.38284081910211,ssp245,mri-esm2-0
64,2014,74.46189349241428,ssp245,mri-esm2-0
65,2015,73.06033666771857,ssp245,mri-esm2-0
66,2016,74.30652318636375,ssp245,mri-esm2-0
67,2017,73.86188843309255,ssp245,mri-esm2-0
68,2018,74.12745935088017,ssp245,mri-esm2-0
69,2019,74.87904969198495,ssp245,mri-esm2-0
70,2020,74.85052277500661,ssp245,mri-esm2-0
71,2021,74.62897134783687,ssp245,mri-esm2-0
72,2022,74.11060363243163,ssp245,mri-esm2-0
73,2023,73.810266904726,ssp245,mri-esm2-0
74,2024,74.223807707962,ssp245,mri-esm2-0
75,2025,75.90656367140645,ssp245,mri-esm2-0
76,2026,74.46775056552107,ssp245,mri-esm2-0
77,2027,74.0852015560351,ssp245,mri-esm2-0
78,2028,73.9364018442139,ssp245,mri-esm2-0
79,2029,74.77746122448933,ssp245,mri-esm2-0
80,2030,74.977936460275,ssp245,mri-esm2-0
81,2031,73.79391162585956,ssp245,mri-esm2-0
82,2032,73.7561209108093,ssp245,mri-esm2-0
83,2033,75.04817480697298,ssp245,mri-esm2-0
84,2034,75.95748459484481,ssp245,mri-esm2-0
85,2035,74.27882538969145,ssp245,mri-esm2-0
86,2036,75.62971099800501,ssp245,mri-esm2-0
87,2037,74.7353402611991,ssp245,mri-esm2-0
88,2038,74.48455077467254,ssp245,mri-esm2-0
89,2039,75.39347029603039,ssp245,mri-esm2-0
90,2040,74.94770132945689,ssp245,mri-esm2-0
91,2041,75.47158515852041,ssp245,mri-esm2-0
92,2042,75.18910763943192,ssp245,mri-esm2-0
93,2043,74.99775014057133,ssp245,mri-esm2-0
94,2044,74.90343493107999,ssp245,mri-esm2-0
95,2045,74.77104774778823,ssp245,mri-esm2-0
96,2046,74.61320460177961,ssp245,mri-esm2-0
97,2047,74.6024512090995,ssp245,mri-esm2-0
98,2048,75.75950195861465,ssp245,mri-esm2-0
99,2049,76.04993660608854,ssp245,mri-esm2-0
100,2050,76.50428848583927,ssp245,mri-esm2-0
101,2051,75.11412199954339,ssp245,mri-esm2-0
102,2052,76.07359967128693,ssp245,mri-esm2-0
103,2053,75.99779409369265,ssp245,mri-esm2-0
104,2054,75.55287002800567,ssp245,mri-esm2-0
105,2055,76.49103287874156,ssp245,mri-esm2-0
106,2056,76.59843952786318,ssp245,mri-esm2-0
107,2057,76.68153798975717,ssp245,mri-esm2-0
108,2058,77.33252185865108,ssp245,mri-esm2-0
109,2059,75.85605252237663,ssp245,mri-esm2-0
110,2060,76.75375998340988,ssp245,mri-esm2-0
111,2061,76.56888229355947,ssp245,mri-esm2-0
112,2062,76.04000343830097,ssp245,mri-esm2-0
113,2063,77.10665621201493,ssp245,mri-esm2-0
114,2064,76.8037634036496,ssp245,mri-esm2-0
115,2065,76.11743272994832,ssp245,mri-esm2-0
116,2066,76.03203560761112,ssp245,mri-esm2-0
117,2067,77.60482081331097,ssp245,mri-esm2-0
118,2068,76.18553494492527,ssp245,mri-esm2-0
119,2069,76.82718547567181,ssp245,mri-esm2-0
120,2070,76.47232948403972,ssp245,mri-esm2-0
121,2071,75.985844458158,ssp245,mri-esm2-0
122,2072,75.82167301233969,ssp245,mri-esm2-0
123,2073,74.92150326984522,ssp245,mri-esm2-0
124,2074,77.28522494929994,ssp245,mri-esm2-0
125,2075,76.1710967650248,ssp245,mri-esm2-0
126,2076,76.86396569539836,ssp245,mri-esm2-0
127,2077,78.073705778721,ssp245,mri-esm2-0
128,2078,77.25887993209815,ssp245,mri-esm2-0
129,2079,77.05291845925785,ssp245,mri-esm2-0
130,2080,76.45380075178383,ssp245,mri-esm2-0
131,2081,75.46213613194404,ssp245,mri-esm2-0
132,2082,76.00120832919437,ssp245,mri-esm2-0
133,2083,75.75903222718043,ssp245,mri-esm2-0
134,2084,77.30468793576945,ssp245,mri-esm2-0
135,2085,77.46158750887355,ssp245,mri-esm2-0
136,2086,78.27160920155288,ssp245,mri-esm2-0
137,2087,76.3911654854856,ssp245,mri-esm2-0
138,2088,75.86189221225963,ssp245,mri-esm2-0
139,2089,75.8742840349553,ssp245,mri-esm2-0
140,2090,77.25952693000218,ssp245,mri-esm2-0
141,2091,76.7812186283746,ssp245,mri-esm2-0
142,2092,77.29654240921607,ssp245,mri-esm2-0
143,2093,76.1452420923444,ssp245,mri-esm2-0
144,2094,77.38422818566538,ssp245,mri-esm2-0
145,2095,76.87105943858394,ssp245,mri-esm2-0
146,2096,76.17683720924563,ssp245,mri-esm2-0
147,2097,76.64100822174954,ssp245,mri-esm2-0
148,2098,76.80863481438922,ssp245,mri-esm2-0
149,2099,76.93027768537414,ssp245,mri-esm2-0
150,2100,77.2900849254466,ssp245,mri-esm2-0
0,1950,71.35387790801344,ssp245,ipsl-cm6a-lr
1,1951,70.0974324444017,ssp245,ipsl-cm6a-lr
2,1952,70.38885276145584,ssp245,ipsl-cm6a-lr
3,1953,71.32108344758961,ssp245,ipsl-cm6a-lr
4,1954,71.73016307708303,ssp245,ipsl-cm6a-lr
5,1955,69.92933876327531,ssp245,ipsl-cm6a-lr
6,1956,69.96054893283772,ssp245,ipsl-cm6a-lr
7,1957,69.22783285846465,ssp245,ipsl-cm6a-lr
8,1958,69.94197016481183,ssp245,ipsl-cm6a-lr
9,1959,70.6422408276686,ssp245,ipsl-cm6a-lr
10,1960,71.11829364453078,ssp245,ipsl-cm6a-lr
11,1961,69.41039967837486,ssp245,ipsl-cm6a-lr
12,1962,70.96594689526923,ssp245,ipsl-cm6a-lr
13,1963,69.6990867807713,ssp245,ipsl-cm6a-lr
14,1964,69.59147914830822,ssp245,ipsl-cm6a-lr
15,1965,70.53402245462455,ssp245,ipsl-cm6a-lr
16,1966,70.45040424032096,ssp245,ipsl-cm6a-lr
17,1967,69.91578423056637,ssp245,ipsl-cm6a-lr
18,1968,69.71339707731184,ssp245,ipsl-cm6a-lr
19,1969,69.01720620703937,ssp245,ipsl-cm6a-lr
20,1970,70.02962894478745,ssp245,ipsl-cm6a-lr
21,1971,71.04881137766047,ssp245,ipsl-cm6a-lr
22,1972,69.07907583425529,ssp245,ipsl-cm6a-lr
23,1973,69.87161243786477,ssp245,ipsl-cm6a-lr
24,1974,69.03461777019822,ssp245,ipsl-cm6a-lr
25,1975,70.17188792152676,ssp245,ipsl-cm6a-lr
26,1976,70.02121953298443,ssp245,ipsl-cm6a-lr
27,1977,71.88048818622711,ssp245,ipsl-cm6a-lr
28,1978,70.59667634214044,ssp245,ipsl-cm6a-lr
29,1979,71.76131042688492,ssp245,ipsl-cm6a-lr
30,1980,69.3017947866317,ssp245,ipsl-cm6a-lr
31,1981,69.90661469800243,ssp245,ipsl-cm6a-lr
32,1982,70.17343030213387,ssp245,ipsl-cm6a-lr
33,1983,68.89096511739181,ssp245,ipsl-cm6a-lr
34,1984,71.35021442254418,ssp245,ipsl-cm6a-lr
35,1985,70.64581872863977,ssp245,ipsl-cm6a-lr
36,1986,71.92721450038941,ssp245,ipsl-cm6a-lr
37,1987,71.48351014027484,ssp245,ipsl-cm6a-lr
38,1988,72.01943907747723,ssp245,ipsl-cm6a-lr
39,1989,72.35944963095875,ssp245,ipsl-cm6a-lr
40,1990,72.4667761760383,ssp245,ipsl-cm6a-lr
41,1991,69.79095291892101,ssp245,ipsl-cm6a-lr
42,1992,71.31042757514183,ssp245,ipsl-cm6a-lr
43,1993,69.79922242267587,ssp245,ipsl-cm6a-lr
44,1994,70.76396891224505,ssp245,ipsl-cm6a-lr
45,1995,70.65279611621322,ssp245,ipsl-cm6a-lr
46,1996,70.56247951663862,ssp245,ipsl-cm6a-lr
47,1997,72.63621585862525,ssp245,ipsl-cm6a-lr
48,1998,72.32047672543818,ssp245,ipsl-cm6a-lr
49,1999,72.6678830527869,ssp245,ipsl-cm6a-lr
50,2000,70.94658409770153,ssp245,ipsl-cm6a-lr
51,2001,72.87689963462665,ssp245,ipsl-cm6a-lr
52,2002,71.36342513139876,ssp245,ipsl-cm6a-lr
53,2003,71.41367423983779,ssp245,ipsl-cm6a-lr
54,2004,72.02038147788873,ssp245,ipsl-cm6a-lr
55,2005,72.88687435382764,ssp245,ipsl-cm6a-lr
56,2006,71.75788828325881,ssp245,ipsl-cm6a-lr
57,2007,74.93615861145452,ssp245,ipsl-cm6a-lr
58,2008,71.81104599607215,ssp245,ipsl-cm6a-lr
59,2009,72.23969197637598,ssp245,ipsl-cm6a-lr
60,2010,73.8680613070278,ssp245,ipsl-cm6a-lr
61,2011,72.64760944234965,ssp245,ipsl-cm6a-lr
62,2012,73.21045528373091,ssp245,ipsl-cm6a-lr
63,2013,74.72237135862783,ssp245,ipsl-cm6a-lr
64,2014,73.91171506961065,ssp245,ipsl-cm6a-lr
65,2015,75.10828766503982,ssp245,ipsl-cm6a-lr
66,2016,73.71956803011308,ssp245,ipsl-cm6a-lr
67,2017,73.55587877446925,ssp245,ipsl-cm6a-lr
68,2018,73.69043009636546,ssp245,ipsl-cm6a-lr
69,2019,74.31427882104013,ssp245,ipsl-cm6a-lr
70,2020,73.96667441482612,ssp245,ipsl-cm6a-lr
71,2021,72.72909147896097,ssp245,ipsl-cm6a-lr
72,2022,72.11042040838048,ssp245,ipsl-cm6a-lr
73,2023,72.77002958324589,ssp245,ipsl-cm6a-lr
74,2024,75.46102145962811,ssp245,ipsl-cm6a-lr
75,2025,73.3465796101568,ssp245,ipsl-cm6a-lr
76,2026,74.2551440119023,ssp245,ipsl-cm6a-lr
77,2027,74.99756915112211,ssp245,ipsl-cm6a-lr
78,2028,73.48636603269819,ssp245,ipsl-cm6a-lr
79,2029,74.52502666027456,ssp245,ipsl-cm6a-lr
80,2030,74.61426417291062,ssp245,ipsl-cm6a-lr
81,2031,74.27563029069135,ssp245,ipsl-cm6a-lr
82,2032,74.49254051853194,ssp245,ipsl-cm6a-lr
83,2033,74.30845144759434,ssp245,ipsl-cm6a-lr
84,2034,75.61280678501033,ssp245,ipsl-cm6a-lr
85,2035,74.4115860290457,ssp245,ipsl-cm6a-lr
86,2036,74.67093963555698,ssp245,ipsl-cm6a-lr
87,2037,75.63763904925905,ssp245,ipsl-cm6a-lr
88,2038,74.87237822187195,ssp245,ipsl-cm6a-lr
89,2039,75.95193049129826,ssp245,ipsl-cm6a-lr
90,2040,75.85098019626346,ssp245,ipsl-cm6a-lr
91,2041,75.92526138529337,ssp245,ipsl-cm6a-lr
92,2042,75.84977687582186,ssp245,ipsl-cm6a-lr
93,2043,75.48023363685866,ssp245,ipsl-cm6a-lr
94,2044,74.55308351559813,ssp245,ipsl-cm6a-lr
95,2045,75.85864158827266,ssp245,ipsl-cm6a-lr
96,2046,76.78784847357677,ssp245,ipsl-cm6a-lr
97,2047,77.37905820798834,ssp245,ipsl-cm6a-lr
98,2048,77.13723107554776,ssp245,ipsl-cm6a-lr
99,2049,75.80215266070054,ssp245,ipsl-cm6a-lr
100,2050,76.59723024743191,ssp245,ipsl-cm6a-lr
101,2051,76.39678012883374,ssp245,ipsl-cm6a-lr
102,2052,76.23033445901362,ssp245,ipsl-cm6a-lr
103,2053,75.82146754898622,ssp245,ipsl-cm6a-lr
104,2054,76.25030075751977,ssp245,ipsl-cm6a-lr
105,2055,76.09090610594154,ssp245,ipsl-cm6a-lr
106,2056,76.23561955111033,ssp245,ipsl-cm6a-lr
107,2057,76.7359442815872,ssp245,ipsl-cm6a-lr
108,2058,78.00284896882818,ssp245,ipsl-cm6a-lr
109,2059,76.12142111197122,ssp245,ipsl-cm6a-lr
110,2060,76.53877976685055,ssp245,ipsl-cm6a-lr
111,2061,76.03775669755422,ssp245,ipsl-cm6a-lr
112,2062,77.22773350766097,ssp245,ipsl-cm6a-lr
113,2063,77.30183811973421,ssp245,ipsl-cm6a-lr
114,2064,77.60006092709476,ssp245,ipsl-cm6a-lr
115,2065,76.05120709050541,ssp245,ipsl-cm6a-lr
116,2066,77.0423718752478,ssp245,ipsl-cm6a-lr
117,2067,78.0275031525363,ssp245,ipsl-cm6a-lr
118,2068,77.08055193760528,ssp245,ipsl-cm6a-lr
119,2069,78.50401570221376,ssp245,ipsl-cm6a-lr
120,2070,79.55981283177961,ssp245,ipsl-cm6a-lr
121,2071,77.70063604320357,ssp245,ipsl-cm6a-lr
122,2072,76.43932610784186,ssp245,ipsl-cm6a-lr
123,2073,77.00806510218649,ssp245,ipsl-cm6a-lr
124,2074,77.56374973919125,ssp245,ipsl-cm6a-lr
125,2075,77.24551306422153,ssp245,ipsl-cm6a-lr
126,2076,77.1832322346976,ssp245,ipsl-cm6a-lr
127,2077,78.56966820225479,ssp245,ipsl-cm6a-lr
128,2078,77.51116314801867,ssp245,ipsl-cm6a-lr
129,2079,77.96461551187924,ssp245,ipsl-cm6a-lr
130,2080,78.13109738675617,ssp245,ipsl-cm6a-lr
131,2081,77.38002169090109,ssp245,ipsl-cm6a-lr
132,2082,79.05241370217573,ssp245,ipsl-cm6a-lr
133,2083,78.86751769191847,ssp245,ipsl-cm6a-lr
134,2084,78.43663204682116,ssp245,ipsl-cm6a-lr
135,2085,77.45685864852086,ssp245,ipsl-cm6a-lr
136,2086,79.10485019915232,ssp245,ipsl-cm6a-lr
137,2087,79.84802666152997,ssp245,ipsl-cm6a-lr
138,2088,78.07271977248541,ssp245,ipsl-cm6a-lr
139,2089,79.29293468651697,ssp245,ipsl-cm6a-lr
140,2090,79.09178299348703,ssp245,ipsl-cm6a-lr
141,2091,77.5492544676167,ssp245,ipsl-cm6a-lr
142,2092,78.30403006938943,ssp245,ipsl-cm6a-lr
143,2093,79.87292450791838,ssp245,ipsl-cm6a-lr
144,2094,79.103065662062,ssp245,ipsl-cm6a-lr
145,2095,80.20570616139901,ssp245,ipsl-cm6a-lr
146,2096,78.83682458348112,ssp245,ipsl-cm6a-lr
147,2097,78.76107765947066,ssp245,ipsl-cm6a-lr
148,2098,79.2577819634091,ssp245,ipsl-cm6a-lr
149,2099,78.50601099425668,ssp245,ipsl-cm6a-lr
150,2100,80.47648000507527,ssp245,ipsl-cm6a-lr
0,1950,69.73014470523255,ssp245,gfdl-esm4
1,1951,71.84402751352867,ssp245,gfdl-esm4
2,1952,71.13987328591357,ssp245,gfdl-esm4
3,1953,69.62502963951555,ssp245,gfdl-esm4
4,1954,70.31403252055641,ssp245,gfdl-esm4
5,1955,72.13923664840948,ssp245,gfdl-esm4
6,1956,70.71938067541798,ssp245,gfdl-esm4
7,1957,73.2298278216812,ssp245,gfdl-esm4
8,1958,70.81410304281708,ssp245,gfdl-esm4
9,1959,70.25582056282745,ssp245,gfdl-esm4
10,1960,70.64020850113953,ssp245,gfdl-esm4
11,1961,70.00656927965507,ssp245,gfdl-esm4
12,1962,68.90596444227364,ssp245,gfdl-esm4
13,1963,70.40634297371358,ssp245,gfdl-esm4
14,1964,70.31881743162577,ssp245,gfdl-esm4
15,1965,70.58666036084423,ssp245,gfdl-esm4
16,1966,70.32477166741441,ssp245,gfdl-esm4
17,1967,68.95157445465941,ssp245,gfdl-esm4
18,1968,69.02955040198125,ssp245,gfdl-esm4
19,1969,70.52035085080405,ssp245,gfdl-esm4
20,1970,69.74970745142866,ssp245,gfdl-esm4
21,1971,70.61995252187091,ssp245,gfdl-esm4
22,1972,69.91762494448898,ssp245,gfdl-esm4
23,1973,71.96374422448135,ssp245,gfdl-esm4
24,1974,71.24863633101305,ssp245,gfdl-esm4
25,1975,70.2074078594758,ssp245,gfdl-esm4
26,1976,70.31278482647343,ssp245,gfdl-esm4
27,1977,70.36058173713825,ssp245,gfdl-esm4
28,1978,71.01282261064361,ssp245,gfdl-esm4
29,1979,69.91669811062148,ssp245,gfdl-esm4
30,1980,72.16706670612689,ssp245,gfdl-esm4
31,1981,69.92334025529195,ssp245,gfdl-esm4
32,1982,70.89440975019923,ssp245,gfdl-esm4
33,1983,69.72257580272782,ssp245,gfdl-esm4
34,1984,70.44597546148455,ssp245,gfdl-esm4
35,1985,70.03430654636983,ssp245,gfdl-esm4
36,1986,70.58367655001537,ssp245,gfdl-esm4
37,1987,69.95741816220642,ssp245,gfdl-esm4
38,1988,69.96300042316076,ssp245,gfdl-esm4
39,1989,70.04228110553899,ssp245,gfdl-esm4
40,1990,71.20202133891851,ssp245,gfdl-esm4
41,1991,72.16126797068114,ssp245,gfdl-esm4
42,1992,70.28270746328597,ssp245,gfdl-esm4
43,1993,70.10880582692391,ssp245,gfdl-esm4
44,1994,70.35311631229025,ssp245,gfdl-esm4
45,1995,71.75784286257453,ssp245,gfdl-esm4
46,1996,71.1557204687453,ssp245,gfdl-esm4
47,1997,69.92249879784951,ssp245,gfdl-esm4
48,1998,70.9455084245122,ssp245,gfdl-esm4
49,1999,71.9020592253262,ssp245,gfdl-esm4
50,2000,72.58651167479273,ssp245,gfdl-esm4
51,2001,71.92366552395174,ssp245,gfdl-esm4
52,2002,72.73263470425827,ssp245,gfdl-esm4
53,2003,71.53097076039647,ssp245,gfdl-esm4
54,2004,72.82073448996182,ssp245,gfdl-esm4
55,2005,72.6643384835833,ssp245,gfdl-esm4
56,2006,72.35495032216674,ssp245,gfdl-esm4
57,2007,71.29076574652541,ssp245,gfdl-esm4
58,2008,72.91595161157828,ssp245,gfdl-esm4
59,2009,71.67255866020035,ssp245,gfdl-esm4
60,2010,72.03324253888574,ssp245,gfdl-esm4
61,2011,72.48002695828434,ssp245,gfdl-esm4
62,2012,71.47337959215142,ssp245,gfdl-esm4
63,2013,73.19060025870684,ssp245,gfdl-esm4
64,2014,73.2296613208196,ssp245,gfdl-esm4
65,2015,73.39208685025807,ssp245,gfdl-esm4
66,2016,72.7203394350831,ssp245,gfdl-esm4
67,2017,73.20871050121363,ssp245,gfdl-esm4
68,2018,72.95135693686417,ssp245,gfdl-esm4
69,2019,73.23414787773095,ssp245,gfdl-esm4
70,2020,72.66280710418569,ssp245,gfdl-esm4
71,2021,75.1651498512068,ssp245,gfdl-esm4
72,2022,73.31929217869107,ssp245,gfdl-esm4
73,2023,73.39459530357277,ssp245,gfdl-esm4
74,2024,73.84927175341771,ssp245,gfdl-esm4
75,2025,73.89614075748325,ssp245,gfdl-esm4
76,2026,73.49463817322042,ssp245,gfdl-esm4
77,2027,73.97125796002697,ssp245,gfdl-esm4
78,2028,73.66848928061437,ssp245,gfdl-esm4
79,2029,73.09628151360502,ssp245,gfdl-esm4
80,2030,72.1847334986629,ssp245,gfdl-esm4
81,2031,74.10996119826457,ssp245,gfdl-esm4
82,2032,72.76972703588551,ssp245,gfdl-esm4
83,2033,75.32021021286691,ssp245,gfdl-esm4
84,2034,73.91272663784314,ssp245,gfdl-esm4
85,2035,73.19652635540486,ssp245,gfdl-esm4
86,2036,75.20736886551323,ssp245,gfdl-esm4
87,2037,74.83443052754419,ssp245,gfdl-esm4
88,2038,74.04028259969488,ssp245,gfdl-esm4
89,2039,73.71801222854963,ssp245,gfdl-esm4
90,2040,74.50671728866651,ssp245,gfdl-esm4
91,2041,74.5783014119626,ssp245,gfdl-esm4
92,2042,75.72276678501906,ssp245,gfdl-esm4
93,2043,73.43632643197114,ssp245,gfdl-esm4
94,2044,74.10711320127557,ssp245,gfdl-esm4
95,2045,74.74555938376687,ssp245,gfdl-esm4
96,2046,74.81628435663539,ssp245,gfdl-esm4
97,2047,73.96512374680606,ssp245,gfdl-esm4
98,2048,73.35173783019094,ssp245,gfdl-esm4
99,2049,74.63098747156229,ssp245,gfdl-esm4
100,2050,73.94110035085055,ssp245,gfdl-esm4
101,2051,74.24322702956844,ssp245,gfdl-esm4
102,2052,72.7134385563298,ssp245,gfdl-esm4
103,2053,73.43809027753628,ssp245,gfdl-esm4
104,2054,73.40552670388637,ssp245,gfdl-esm4
105,2055,73.24353980656922,ssp245,gfdl-esm4
106,2056,73.97543546863822,ssp245,gfdl-esm4
107,2057,75.96068783790928,ssp245,gfdl-esm4
108,2058,75.51270093286449,ssp245,gfdl-esm4
109,2059,76.52274879169599,ssp245,gfdl-esm4
110,2060,74.8540889903206,ssp245,gfdl-esm4
111,2061,74.85874674826353,ssp245,gfdl-esm4
112,2062,74.79005222388506,ssp245,gfdl-esm4
113,2063,74.7113314654533,ssp245,gfdl-esm4
114,2064,73.95873761521315,ssp245,gfdl-esm4
115,2065,74.5568262999597,ssp245,gfdl-esm4
116,2066,75.69710874008257,ssp245,gfdl-esm4
117,2067,75.08136032237887,ssp245,gfdl-esm4
118,2068,73.91952714960063,ssp245,gfdl-esm4
119,2069,74.24672890899873,ssp245,gfdl-esm4
120,2070,73.46349171754356,ssp245,gfdl-esm4
121,2071,75.33104862630127,ssp245,gfdl-esm4
122,2072,75.74903333725929,ssp245,gfdl-esm4
123,2073,75.1551055748543,ssp245,gfdl-esm4
124,2074,76.43172862714017,ssp245,gfdl-esm4
125,2075,75.71728042500308,ssp245,gfdl-esm4
126,2076,75.97404295880351,ssp245,gfdl-esm4
127,2077,74.45090938080673,ssp245,gfdl-esm4
128,2078,76.07604045093818,ssp245,gfdl-esm4
129,2079,75.62746895843695,ssp245,gfdl-esm4
130,2080,75.95271816807413,ssp245,gfdl-esm4
131,2081,75.95328156370158,ssp245,gfdl-esm4
132,2082,74.41683061045471,ssp245,gfdl-esm4
133,2083,76.06042197304994,ssp245,gfdl-esm4
134,2084,75.33822090710284,ssp245,gfdl-esm4
135,2085,75.01341628484104,ssp245,gfdl-esm4
136,2086,76.45807143320692,ssp245,gfdl-esm4
137,2087,77.13281360976812,ssp245,gfdl-esm4
138,2088,75.51564169999531,ssp245,gfdl-esm4
139,2089,75.27399587239836,ssp245,gfdl-esm4
140,2090,76.82859858931278,ssp245,gfdl-esm4
141,2091,75.8921069996422,ssp245,gfdl-esm4
142,2092,74.00833005488299,ssp245,gfdl-esm4
143,2093,77.0820013314313,ssp245,gfdl-esm4
144,2094,76.33880501036741,ssp245,gfdl-esm4
145,2095,75.56787757529011,ssp245,gfdl-esm4
146,2096,75.1628976086879,ssp245,gfdl-esm4
147,2097,76.71823563181263,ssp245,gfdl-esm4
148,2098,75.65794925769032,ssp245,gfdl-esm4
149,2099,76.47882180042922,ssp245,gfdl-esm4
150,2100,76.36763426440918,ssp245,gfdl-esm4
0,1950,71.06831265153613,ssp245,noresm2-mm
1,1951,71.47550880801491,ssp245,noresm2-mm
2,1952,71.07449443492033,ssp245,noresm2-mm
3,1953,70.5972305909891,ssp245,noresm2-mm
4,1954,70.15182132066194,ssp245,noresm2-mm
5,1955,70.50357646989404,ssp245,noresm2-mm
6,1956,72.18644458505392,ssp245,noresm2-mm
7,1957,70.29785224619128,ssp245,noresm2-mm
8,1958,69.71280897029457,ssp245,noresm2-mm
9,1959,71.18176144416827,ssp245,noresm2-mm
10,1960,70.2849415179835,ssp245,noresm2-mm
11,1961,72.81566149731306,ssp245,noresm2-mm
12,1962,71.71765086271684,ssp245,noresm2-mm
13,1963,71.32161101659841,ssp245,noresm2-mm
14,1964,70.2639944338984,ssp245,noresm2-mm
15,1965,69.53330965617359,ssp245,noresm2-mm
16,1966,69.50360613329002,ssp245,noresm2-mm
17,1967,69.5403339923879,ssp245,noresm2-mm
18,1968,68.33596036820558,ssp245,noresm2-mm
19,1969,69.9078960942928,ssp245,noresm2-mm
20,1970,69.65897961090297,ssp245,noresm2-mm
21,1971,68.59025928374749,ssp245,noresm2-mm
22,1972,69.22879437417261,ssp245,noresm2-mm
23,1973,69.8865765289831,ssp245,noresm2-mm
24,1974,69.17996900080576,ssp245,noresm2-mm
25,1975,69.59868736144001,ssp245,noresm2-mm
26,1976,71.77307658932519,ssp245,noresm2-mm
27,1977,69.8353066970845,ssp245,noresm2-mm
28,1978,71.39573128211707,ssp245,noresm2-mm
29,1979,71.19220262069877,ssp245,noresm2-mm
30,1980,69.95398476490149,ssp245,noresm2-mm
31,1981,71.10221250918113,ssp245,noresm2-mm
32,1982,69.88529537786843,ssp245,noresm2-mm
33,1983,69.87702284702743,ssp245,noresm2-mm
34,1984,68.69554516877088,ssp245,noresm2-mm
35,1985,70.46883492686113,ssp245,noresm2-mm
36,1986,71.00307767053219,ssp245,noresm2-mm
37,1987,72.52176252625743,ssp245,noresm2-mm
38,1988,71.39423703823812,ssp245,noresm2-mm
39,1989,70.73903920567159,ssp245,noresm2-mm
40,1990,70.67222391010394,ssp245,noresm2-mm
41,1991,71.36435594275673,ssp245,noresm2-mm
42,1992,70.63235567108995,ssp245,noresm2-mm
43,1993,71.39619670820765,ssp245,noresm2-mm
44,1994,70.49614847588418,ssp245,noresm2-mm
45,1995,71.0498727434493,ssp245,noresm2-mm
46,1996,69.86072423108581,ssp245,noresm2-mm
47,1997,71.63931956703675,ssp245,noresm2-mm
48,1998,71.5462226157579,ssp245,noresm2-mm
49,1999,72.14090797654684,ssp245,noresm2-mm
50,2000,72.96792404102148,ssp245,noresm2-mm
51,2001,70.81599224632082,ssp245,noresm2-mm
52,2002,72.81801390372006,ssp245,noresm2-mm
53,2003,71.68037593486795,ssp245,noresm2-mm
54,2004,72.08285883934803,ssp245,noresm2-mm
55,2005,72.35716465549858,ssp245,noresm2-mm
56,2006,73.07003339181998,ssp245,noresm2-mm
57,2007,72.91375832105327,ssp245,noresm2-mm
58,2008,71.91766835635799,ssp245,noresm2-mm
59,2009,73.51872807150399,ssp245,noresm2-mm
60,2010,72.5135425660017,ssp245,noresm2-mm
61,2011,72.48092589174114,ssp245,noresm2-mm
62,2012,74.1746193878897,ssp245,noresm2-mm
63,2013,72.93999955339088,ssp245,noresm2-mm
64,2014,73.33291273939209,ssp245,noresm2-mm
65,2015,71.82076398761885,ssp245,noresm2-mm
66,2016,73.87137108790698,ssp245,noresm2-mm
67,2017,73.98420519662216,ssp245,noresm2-mm
68,2018,73.99663352779349,ssp245,noresm2-mm
69,2019,73.51240215664119,ssp245,noresm2-mm
70,2020,73.69375504231814,ssp245,noresm2-mm
71,2021,72.86940936444009,ssp245,noresm2-mm
72,2022,74.13567602830477,ssp245,noresm2-mm
73,2023,73.40047457175321,ssp245,noresm2-mm
74,2024,75.1372697379032,ssp245,noresm2-mm
75,2025,74.49701619488039,ssp245,noresm2-mm
76,2026,73.59076070844257,ssp245,noresm2-mm
77,2027,71.44487301324997,ssp245,noresm2-mm
78,2028,73.72877569266325,ssp245,noresm2-mm
79,2029,74.19097654951455,ssp245,noresm2-mm
80,2030,73.38432226559328,ssp245,noresm2-mm
81,2031,75.3657204135347,ssp245,noresm2-mm
82,2032,74.59173300289481,ssp245,noresm2-mm
83,2033,74.72874114433814,ssp245,noresm2-mm
84,2034,75.43231932822717,ssp245,noresm2-mm
85,2035,74.70505552208652,ssp245,noresm2-mm
86,2036,73.6838800981765,ssp245,noresm2-mm
87,2037,72.58458446621295,ssp245,noresm2-mm
88,2038,75.39220672853159,ssp245,noresm2-mm
89,2039,75.35591543634634,ssp245,noresm2-mm
90,2040,75.47331077297345,ssp245,noresm2-mm
91,2041,75.2372617270043,ssp245,noresm2-mm
92,2042,74.90250920001554,ssp245,noresm2-mm
93,2043,75.26713735191693,ssp245,noresm2-mm
94,2044,74.95062749656455,ssp245,noresm2-mm
95,2045,74.7415428442639,ssp245,noresm2-mm
96,2046,75.25307852676173,ssp245,noresm2-mm
97,2047,77.15914233816932,ssp245,noresm2-mm
98,2048,76.31111246014544,ssp245,noresm2-mm
99,2049,75.58145412263717,ssp245,noresm2-mm
100,2050,77.16387520783069,ssp245,noresm2-mm
101,2051,77.14780354051103,ssp245,noresm2-mm
102,2052,75.9390540126588,ssp245,noresm2-mm
103,2053,75.24739453842157,ssp245,noresm2-mm
104,2054,75.54065790964368,ssp245,noresm2-mm
105,2055,76.56457541275861,ssp245,noresm2-mm
106,2056,76.69499619673934,ssp245,noresm2-mm
107,2057,78.29236339235646,ssp245,noresm2-mm
108,2058,74.6798798641163,ssp245,noresm2-mm
109,2059,75.39920532639043,ssp245,noresm2-mm
110,2060,75.80530276575547,ssp245,noresm2-mm
111,2061,76.87270086531935,ssp245,noresm2-mm
112,2062,76.52359488118172,ssp245,noresm2-mm
113,2063,76.11461944727307,ssp245,noresm2-mm
114,2064,75.16609244881352,ssp245,noresm2-mm
115,2065,77.03577136816149,ssp245,noresm2-mm
116,2066,76.37192122451413,ssp245,noresm2-mm
117,2067,76.55966937007368,ssp245,noresm2-mm
118,2068,77.391828384591,ssp245,noresm2-mm
119,2069,76.74181853208424,ssp245,noresm2-mm
120,2070,76.52530622337179,ssp245,noresm2-mm
121,2071,77.82710235700382,ssp245,noresm2-mm
122,2072,76.94196810203066,ssp245,noresm2-mm
123,2073,77.73338964664543,ssp245,noresm2-mm
124,2074,76.68741831299499,ssp245,noresm2-mm
125,2075,76.34194377812953,ssp245,noresm2-mm
126,2076,76.20735109802777,ssp245,noresm2-mm
127,2077,77.12474894946972,ssp245,noresm2-mm
128,2078,76.04006001077508,ssp245,noresm2-mm
129,2079,76.14812151312611,ssp245,noresm2-mm
130,2080,76.93778867859359,ssp245,noresm2-mm
131,2081,77.29731548279523,ssp245,noresm2-mm
132,2082,77.19152726621078,ssp245,noresm2-mm
133,2083,76.44104489986123,ssp245,noresm2-mm
134,2084,76.1903975712015,ssp245,noresm2-mm
135,2085,77.39737112081204,ssp245,noresm2-mm
136,2086,77.56912209174635,ssp245,noresm2-mm
137,2087,77.17069250356006,ssp245,noresm2-mm
138,2088,77.94675643832088,ssp245,noresm2-mm
139,2089,75.42550143059248,ssp245,noresm2-mm
140,2090,77.64725001359128,ssp245,noresm2-mm
141,2091,77.97008567633851,ssp245,noresm2-mm
142,2092,75.98527805240954,ssp245,noresm2-mm
143,2093,76.37255450749949,ssp245,noresm2-mm
144,2094,77.43792993525551,ssp245,noresm2-mm
145,2095,76.92957643910107,ssp245,noresm2-mm
146,2096,77.31489017432769,ssp245,noresm2-mm
147,2097,78.30114568667065,ssp245,noresm2-mm
148,2098,76.91090219055816,ssp245,noresm2-mm
149,2099,77.07394167117992,ssp245,noresm2-mm
150,2100,78.75964635952708,ssp245,noresm2-mm
