,year,avg_jja_temp_f,scenario,model
0,1950,70.21364111852931,ssp370,bcc-csm2-mr
1,1951,70.44645962612464,ssp370,bcc-csm2-mr
2,1952,70.0566842428156,ssp370,bcc-csm2-mr
3,1953,70.7028273303957,ssp370,bcc-csm2-mr
4,1954,70.40115481206706,ssp370,bcc-csm2-mr
5,1955,70.41583072393314,ssp370,bcc-csm2-mr
6,1956,70.03829689320096,ssp370,bcc-csm2-mr
7,1957,69.75835422249277,ssp370,bcc-csm2-mr
8,1958,70.40811666976003,ssp370,bcc-csm2-mr
9,1959,69.03066263125943,ssp370,bcc-csm2-mr
10,1960,69.49735429357686,ssp370,bcc-csm2-mr
11,1961,70.01788339048024,ssp370,bcc-csm2-mr
12,1962,69.77897228708214,ssp370,bcc-csm2-mr
13,1963,71.81591974974879,ssp370,bcc-csm2-mr
14,1964,68.79020063608591,ssp370,bcc-csm2-mr
15,1965,69.47180886100148,ssp370,bcc-csm2-mr
16,1966,69.19276822479003,ssp370,bcc-csm2-mr
17,1967,71.58983449719372,ssp370,bcc-csm2-mr
18,1968,70.2309061893611,ssp370,bcc-csm2-mr
19,1969,71.51748026081225,ssp370,bcc-csm2-mr
20,1970,71.43796758016582,ssp370,bcc-csm2-mr
21,1971,72.10663587019043,ssp370,bcc-csm2-mr
22,1972,69.5374085509658,ssp370,bcc-csm2-mr
23,1973,70.71731724467664,ssp370,bcc-csm2-mr
24,1974,69.50134804269146,ssp370,bcc-csm2-mr
25,1975,69.03234228402232,ssp370,bcc-csm2-mr
26,1976,69.96884864127327,ssp370,bcc-csm2-mr
27,1977,71.1141360253356,ssp370,bcc-csm2-mr
28,1978,70.40400571508577,ssp370,bcc-csm2-mr
29,1979,70.09615763814848,ssp370,bcc-csm2-mr
30,1980,69.74623371528189,ssp370,bcc-csm2-mr
31,1981,70.9869102660992,ssp370,bcc-csm2-mr
32,1982,69.27424535337072,ssp370,bcc-csm2-mr
33,1983,70.23508948360073,ssp370,bcc-csm2-mr
34,1984,71.51304443415667,ssp370,bcc-csm2-mr
35,1985,70.66519403887307,ssp370,bcc-csm2-mr
36,1986,71.37372765458463,ssp370,bcc-csm2-mr
37,1987,68.8299291218403,ssp370,bcc-csm2-mr
38,1988,71.50456836287353,ssp370,bcc-csm2-mr
39,1989,71.85665691402292,ssp370,bcc-csm2-mr
40,1990,72.05793845217705,ssp370,bcc-csm2-mr
41,1991,71.74560162226155,ssp370,bcc-csm2-mr
42,1992,69.12940510494235,ssp370,bcc-csm2-mr
43,1993,70.51200605129544,ssp370,bcc-csm2-mr
44,1994,71.4272243808237,ssp370,bcc-csm2-mr
45,1995,71.8233651920741,ssp370,bcc-csm2-mr
46,1996,72.66596652555256,ssp370,bcc-csm2-mr
47,1997,70.53799107615372,ssp370,bcc-csm2-mr
48,1998,71.71911395692425,ssp370,bcc-csm2-mr
49,1999,71.56440218673465,ssp370,bcc-csm2-mr
50,2000,72.8277767033489,ssp370,bcc-csm2-mr
51,2001,71.888793176401,ssp370,bcc-csm2-mr
52,2002,71.79534435559312,ssp370,bcc-csm2-mr
53,2003,72.13883588641202,ssp370,bcc-csm2-mr
54,2004,72.48205073638401,ssp370,bcc-csm2-mr
55,2005,72.9625229852413,ssp370,bcc-csm2-mr
56,2006,72.66634412709854,ssp370,bcc-csm2-mr
57,2007,70.71330983267947,ssp370,bcc-csm2-mr
58,2008,73.45726313985452,ssp370,bcc-csm2-mr
59,2009,71.3771440450233,ssp370,bcc-csm2-mr
60,2010,73.66391899877021,ssp370,bcc-csm2-mr
61,2011,72.79324876302168,ssp370,bcc-csm2-mr
62,2012,72.32872014572727,ssp370,bcc-csm2-mr
63,2013,73.17835777433514,ssp370,bcc-csm2-mr
64,2014,72.05931937938496,ssp370,bcc-csm2-mr
65,2015,72.2849682952106,ssp370,bcc-csm2-mr
66,2016,71.94172384629807,ssp370,bcc-csm2-mr
67,2017,72.11322329461356,ssp370,bcc-csm2-mr
68,2018,71.41588763412969,ssp370,bcc-csm2-mr
69,2019,72.0912519840954,ssp370,bcc-csm2-mr
70,2020,72.2229376416952,ssp370,bcc-csm2-mr
71,2021,73.90115872587964,ssp370,bcc-csm2-mr
72,2022,74.0606950967679,ssp370,bcc-csm2-mr
73,2023,73.37877882653602,ssp370,bcc-csm2-mr
74,2024,72.59949672426417,ssp370,bcc-csm2-mr
75,2025,73.84889323519636,ssp370,bcc-csm2-mr
76,2026,73.96839327683288,ssp370,bcc-csm2-mr
77,2027,75.1730571882279,ssp370,bcc-csm2-mr
78,2028,75.00397745280151,ssp370,bcc-csm2-mr
79,2029,73.43731682101297,ssp370,bcc-csm2-mr
80,2030,73.34074532422116,ssp370,bcc-csm2-mr
81,2031,73.5842679695545,ssp370,bcc-csm2-mr
82,2032,73.31998159457689,ssp370,bcc-csm2-mr
83,2033,73.30293845826995,ssp370,bcc-csm2-mr
84,2034,72.42331230368514,ssp370,bcc-csm2-mr
85,2035,74.14465384471774,ssp370,bcc-csm2-mr
86,2036,74.03250444664003,ssp370,bcc-csm2-mr
87,2037,74.49425169353795,ssp370,bcc-csm2-mr
88,2038,75.31724292857855,ssp370,bcc-csm2-mr
89,2039,75.78276536163125,ssp370,bcc-csm2-mr
90,2040,77.36255338757172,ssp370,bcc-csm2-mr
91,2041,73.67259501769209,ssp370,bcc-csm2-mr
92,2042,76.48815467687909,ssp370,bcc-csm2-mr
93,2043,75.28692504371924,ssp370,bcc-csm2-mr
94,2044,75.37980300996877,ssp370,bcc-csm2-mr
95,2045,76.55856871731241,ssp370,bcc-csm2-mr
96,2046,75.98377888717695,ssp370,bcc-csm2-mr
97,2047,75.34278206470456,ssp370,bcc-csm2-mr
98,2048,76.74316308513167,ssp370,bcc-csm2-mr
99,2049,76.54135478895697,ssp370,bcc-csm2-mr
100,2050,75.777733302936,ssp370,bcc-csm2-mr
101,2051,76.70079934880336,ssp370,bcc-csm2-mr
102,2052,76.18761988032865,ssp370,bcc-csm2-mr
103,2053,76.77345737902263,ssp370,bcc-csm2-mr
104,2054,75.58678380300913,ssp370,bcc-csm2-mr
105,2055,76.10755194386573,ssp370,bcc-csm2-mr
106,2056,76.60353376153276,ssp370,bcc-csm2-mr
107,2057,75.69938036965317,ssp370,bcc-csm2-mr
108,2058,75.09049780869626,ssp370,bcc-csm2-mr
109,2059,75.6993962476931,ssp370,bcc-csm2-mr
110,2060,76.79007300443125,ssp370,bcc-csm2-mr
111,2061,76.2568259576322,ssp370,bcc-csm2-mr
112,2062,77.55405163112937,ssp370,bcc-csm2-mr
113,2063,77.44356744199928,ssp370,bcc-csm2-mr
114,2064,78.25188213405686,ssp370,bcc-csm2-mr
115,2065,78.18863160823965,ssp370,bcc-csm2-mr
116,2066,78.78836664182732,ssp370,bcc-csm2-mr
117,2067,77.82326109894896,ssp370,bcc-csm2-mr
118,2068,77.93499795216816,ssp370,bcc-csm2-mr
119,2069,78.75665369321165,ssp370,bcc-csm2-mr
120,2070,79.29428867807982,ssp370,bcc-csm2-mr
121,2071,79.8613346545984,ssp370,bcc-csm2-mr
122,2072,77.94764849828469,ssp370,bcc-csm2-mr
123,2073,79.70803235490897,ssp370,bcc-csm2-mr
124,2074,79.28906870906668,ssp370,bcc-csm2-mr
125,2075,80.34823062540728,ssp370,bcc-csm2-mr
126,2076,79.68013487748823,ssp370,bcc-csm2-mr
127,2077,81.11760259272327,ssp370,bcc-csm2-mr
128,2078,79.67899092359843,ssp370,bcc-csm2-mr
129,2079,79.71775201587742,ssp370,bcc-csm2-mr
130,2080,80.73436268773077,ssp370,bcc-csm2-mr
131,2081,81.33557599746854,ssp370,bcc-csm2-mr
132,2082,80.54091533760405,ssp370,bcc-csm2-mr
133,2083,81.11235302843305,ssp370,bcc-csm2-mr
134,2084,81.88460973302755,ssp370,bcc-csm2-mr
135,2085,81.39818586643693,ssp370,bcc-csm2-mr
136,2086,82.49791786414053,ssp370,bcc-csm2-mr
137,2087,81.4477687030992,ssp370,bcc-csm2-mr
138,2088,82.01692279224504,ssp370,bcc-csm2-mr
139,2089,80.84473531719613,ssp370,bcc-csm2-mr
140,2090,82.0181568784786,ssp370,bcc-csm2-mr
141,2091,80.84222819900019,ssp370,bcc-csm2-mr
142,2092,83.93106358124155,ssp370,bcc-csm2-mr
143,2093,81.09009568668075,ssp370,bcc-csm2-mr
144,2094,81.12496006164935,ssp370,bcc-csm2-mr
145,2095,82.06102866929625,ssp370,bcc-csm2-mr
146,2096,83.9021289108938,ssp370,bcc-csm2-mr
147,2097,82.58927360705563,ssp370,bcc-csm2-mr
148,2098,83.71390581825922,ssp370,bcc-csm2-mr
149,2099,82.95155938020167,ssp370,bcc-csm2-mr
150,2100,82.71778978272374,ssp370,bcc-csm2-mr
0,1950,70.96330654195468,ssp370,miroc6
1,1951,71.3517124369598,ssp370,miroc6
2,1952,70.04482487667306,ssp370,miroc6
3,1953,70.85706884159768,ssp370,miroc6
4,1954,70.26660885311374,ssp370,miroc6
5,1955,70.41495122067985,ssp370,miroc6
6,1956,71.15781621529024,ssp370,miroc6
7,1957,70.41358312922647,ssp370,miroc6
8,1958,71.4845458625933,ssp370,miroc6
9,1959,69.47515487876285,ssp370,miroc6
10,1960,70.08094762535275,ssp370,miroc6
11,1961,70.35273539446074,ssp370,miroc6
12,1962,71.18778671541598,ssp370,miroc6
13,1963,71.07898814387782,ssp370,miroc6
14,1964,70.11968035756848,ssp370,miroc6
15,1965,71.53717388641785,ssp370,miroc6
16,1966,70.08174997634723,ssp370,miroc6
17,1967,70.67631620654647,ssp370,miroc6
18,1968,69.69283373178006,ssp370,miroc6
19,1969,71.26135297366228,ssp370,miroc6
20,1970,68.87526137824149,ssp370,miroc6
21,1971,70.23010077643103,ssp370,miroc6
22,1972,71.25546161823635,ssp370,miroc6
23,1973,68.55524530023816,ssp370,miroc6
24,1974,70.95933176524747,ssp370,miroc6
25,1975,69.66913074715809,ssp370,miroc6
26,1976,70.29257189018246,ssp370,miroc6
27,1977,71.27617268878076,ssp370,miroc6
28,1978,70.04903000053669,ssp370,miroc6
29,1979,72.20878318334184,ssp370,miroc6
30,1980,70.88881354718637,ssp370,miroc6
31,1981,71.84675269532592,ssp370,miroc6
32,1982,69.1964673420693,ssp370,miroc6
33,1983,69.70647347985151,ssp370,miroc6
34,1984,69.829146046766,ssp370,miroc6
35,1985,70.56730127358479,ssp370,miroc6
36,1986,71.36300517988639,ssp370,miroc6
37,1987,69.98567273414864,ssp370,miroc6
38,1988,70.45764510041724,ssp370,miroc6
39,1989,70.4534091695966,ssp370,miroc6
40,1990,71.10690982923653,ssp370,miroc6
41,1991,70.5780265657094,ssp370,miroc6
42,1992,69.61522147896224,ssp370,miroc6
43,1993,70.05639370096341,ssp370,miroc6
44,1994,70.29235205416362,ssp370,miroc6
45,1995,71.90481290769796,ssp370,miroc6
46,1996,72.39190141741142,ssp370,miroc6
47,1997,70.30589501454683,ssp370,miroc6
48,1998,70.2098235289146,ssp370,miroc6
49,1999,71.17424417110634,ssp370,miroc6
50,2000,71.92847957719523,ssp370,miroc6
51,2001,71.52672293252364,ssp370,miroc6
52,2002,73.40268204047804,ssp370,miroc6
53,2003,71.78248558727047,ssp370,miroc6
54,2004,71.90982520401096,ssp370,miroc6
55,2005,73.51637256276113,ssp370,miroc6
56,2006,71.95291854442156,ssp370,miroc6
57,2007,71.37915956596515,ssp370,miroc6
58,2008,72.710337663664,ssp370,miroc6
59,2009,72.82756808550732,ssp370,miroc6
60,2010,72.18114778194106,ssp370,miroc6
61,2011,72.68212872700983,ssp370,miroc6
62,2012,71.9945595052344,ssp370,miroc6
63,2013,73.59696298080385,ssp370,miroc6
64,2014,73.32161709716505,ssp370,miroc6
65,2015,72.23495002274665,ssp370,miroc6
66,2016,73.18587168943608,ssp370,miroc6
67,2017,73.64392361352353,ssp370,miroc6
68,2018,73.32403464859927,ssp370,miroc6
69,2019,72.82527205473453,ssp370,miroc6
70,2020,72.80441779116516,ssp370,miroc6
71,2021,73.19498905246957,ssp370,miroc6
72,2022,72.57487121819085,ssp370,miroc6
73,2023,72.66741906448696,ssp370,miroc6
74,2024,74.43267149935059,ssp370,miroc6
75,2025,73.39173114381076,ssp370,miroc6
76,2026,72.13186142289871,ssp370,miroc6
77,2027,73.84860275837045,ssp370,miroc6
78,2028,75.40848254872579,ssp370,miroc6
79,2029,73.87362586213004,ssp370,miroc6
80,2030,73.34383019725269,ssp370,miroc6
81,2031,74.11388706617647,ssp370,miroc6
82,2032,73.48822896268223,ssp370,miroc6
83,2033,72.053651509196,ssp370,miroc6
84,2034,73.65870058531384,ssp370,miroc6
85,2035,74.07153504648026,ssp370,miroc6
86,2036,73.56382090074636,ssp370,miroc6
87,2037,74.27195624133248,ssp370,miroc6
88,2038,75.55022754402489,ssp370,miroc6
89,2039,75.13122685590193,ssp370,miroc6
90,2040,75.8834817108102,ssp370,miroc6
91,2041,76.14502248316083,ssp370,miroc6
92,2042,76.04467560599744,ssp370,miroc6
93,2043,74.13064983350237,ssp370,miroc6
94,2044,75.29402013354704,ssp370,miroc6
95,2045,74.18975642265657,ssp370,miroc6
96,2046,76.35455315466224,ssp370,miroc6
97,2047,75.6575017255001,ssp370,miroc6
98,2048,75.95962457932957,ssp370,miroc6
99,2049,74.47904016387727,ssp370,miroc6
100,2050,75.25635321716388,ssp370,miroc6
101,2051,74.9297426377572,ssp370,miroc6
102,2052,74.97378415643705,ssp370,miroc6
103,2053,76.97376828381535,ssp370,miroc6
104,2054,75.87010296393693,ssp370,miroc6
105,2055,75.11025655298816,ssp370,miroc6
106,2056,76.02909089095812,ssp370,miroc6
107,2057,75.06121592561962,ssp370,miroc6
108,2058,77.3647648634247,ssp370,miroc6
109,2059,76.58713376803692,ssp370,miroc6
110,2060,76.01233877215888,ssp370,miroc6
111,2061,76.36088632309662,ssp370,miroc6
112,2062,76.68998137797895,ssp370,miroc6
113,2063,75.55101668125288,ssp370,miroc6
114,2064,77.06733808796115,ssp370,miroc6
115,2065,77.51327023740045,ssp370,miroc6
116,2066,77.16586570852688,ssp370,miroc6
117,2067,78.15998635919672,ssp370,miroc6
118,2068,77.6548434564778,ssp370,miroc6
119,2069,77.49571802789858,ssp370,miroc6
120,2070,78.0194144296701,ssp370,miroc6
121,2071,78.6556329758154,ssp370,miroc6
122,2072,78.0304416019222,ssp370,miroc6
123,2073,78.80044315938721,ssp370,miroc6
124,2074,77.16088487842771,ssp370,miroc6
125,2075,78.28950826702962,ssp370,miroc6
126,2076,77.16089471805203,ssp370,miroc6
127,2077,78.2446458401221,ssp370,miroc6
128,2078,75.19429538719476,ssp370,miroc6
129,2079,76.98033989457019,ssp370,miroc6
130,2080,77.69966683004549,ssp370,miroc6
131,2081,77.76804036993339,ssp370,miroc6
132,2082,76.85962692453901,ssp370,miroc6
133,2083,77.73585957393365,ssp370,miroc6
134,2084,77.52330246992967,ssp370,miroc6
135,2085,77.51234997780185,ssp370,miroc6
136,2086,77.37792473279029,ssp370,miroc6
137,2087,77.61460835676374,ssp370,miroc6
138,2088,79.98103154799519,ssp370,miroc6
139,2089,79.93158088596736,ssp370,miroc6
140,2090,80.55514602913627,ssp370,miroc6
141,2091,79.3484045024288,ssp370,miroc6
142,2092,79.32244116101788,ssp370,miroc6
143,2093,79.69970776791787,ssp370,miroc6
144,2094,79.8894798280994,ssp370,miroc6
145,2095,77.20397370926929,ssp370,miroc6
146,2096,79.48294719496731,ssp370,miroc6
147,2097,80.4114264228531,ssp370,miroc6
148,2098,79.58664547444155,ssp370,miroc6
149,2099,79.48320020853009,ssp370,miroc6
150,2100,80.37083694040857,ssp370,miroc6
0,1950,73.01238422228315,ssp370,noresm2-lm
1,1951,70.80039549578096,ssp370,noresm2-lm
2,1952,70.58799925691689,ssp370,noresm2-lm
3,1953,71.30755105754331,ssp370,noresm2-lm
4,1954,69.48567894925056,ssp370,noresm2-lm
5,1955,70.07838491329076,ssp370,noresm2-lm
6,1956,71.46977842380872,ssp370,noresm2-lm
7,1957,71.15622325016888,ssp370,noresm2-lm
8,1958,69.70265965209168,ssp370,noresm2-lm
9,1959,70.42282627343371,ssp370,noresm2-lm
10,1960,72.20394037458442,ssp370,noresm2-lm
11,1961,71.0986065021127,ssp370,noresm2-lm
12,1962,67.76226593431467,ssp370,noresm2-lm
13,1963,72.10790658440702,ssp370,noresm2-lm
14,1964,68.55758594590843,ssp370,noresm2-lm
15,1965,70.92281934785449,ssp370,noresm2-lm
16,1966,70.24630452110226,ssp370,noresm2-lm
17,1967,69.7254280257701,ssp370,noresm2-lm
18,1968,68.9940410107701,ssp370,noresm2-lm
19,1969,69.98984195110492,ssp370,noresm2-lm
20,1970,70.62035975935352,ssp370,noresm2-lm
21,1971,69.72338715353861,ssp370,noresm2-lm
22,1972,70.95617880917078,ssp370,noresm2-lm
23,1973,69.7988338765046,ssp370,noresm2-lm
24,1974,70.46168222356279,ssp370,noresm2-lm
25,1975,71.46497394922521,ssp370,noresm2-lm
26,1976,68.4168143835682,ssp370,noresm2-lm
27,1977,69.81761471100452,ssp370,noresm2-lm
28,1978,70.27560449934602,ssp370,noresm2-lm
29,1979,71.27270230001271,ssp370,noresm2-lm
30,1980,68.99757499083084,ssp370,noresm2-lm
31,1981,72.42937478672086,ssp370,noresm2-lm
32,1982,69.69145362247812,ssp370,noresm2-lm
33,1983,70.00002995370228,ssp370,noresm2-lm
34,1984,69.93708619590419,ssp370,noresm2-lm
35,1985,71.41244032322801,ssp370,noresm2-lm
36,1986,70.33342732209086,ssp370,noresm2-lm
37,1987,70.74013831841056,ssp370,noresm2-lm
38,1988,70.95404041174655,ssp370,noresm2-lm
39,1989,69.96491726843661,ssp370,noresm2-lm
40,1990,70.84735763870255,ssp370,noresm2-lm
41,1991,70.34093974369242,ssp370,noresm2-lm
42,1992,71.84969706771717,ssp370,noresm2-lm
43,1993,71.08881221659563,ssp370,noresm2-lm
44,1994,72.51315028640406,ssp370,noresm2-lm
45,1995,71.80161395156998,ssp370,noresm2-lm
46,1996,70.82710996394476,ssp370,noresm2-lm
47,1997,70.84103407547471,ssp370,noresm2-lm
48,1998,69.75823227115977,ssp370,noresm2-lm
49,1999,73.11492282164463,ssp370,noresm2-lm
50,2000,72.23927564313136,ssp370,noresm2-lm
51,2001,73.39573444986397,ssp370,noresm2-lm
52,2002,71.0500319745213,ssp370,noresm2-lm
53,2003,72.48195152002769,ssp370,noresm2-lm
54,2004,72.13870879631857,ssp370,noresm2-lm
55,2005,71.83975803832162,ssp370,noresm2-lm
56,2006,71.64098112311748,ssp370,noresm2-lm
57,2007,71.84485828143077,ssp370,noresm2-lm
58,2008,71.91583187046568,ssp370,noresm2-lm
59,2009,72.23061201110933,ssp370,noresm2-lm
60,2010,71.06606292211899,ssp370,noresm2-lm
61,2011,73.96829627681089,ssp370,noresm2-lm
62,2012,74.15917726632586,ssp370,noresm2-lm
63,2013,74.80538487567568,ssp370,noresm2-lm
64,2014,73.06251531450884,ssp370,noresm2-lm
65,2015,73.2960040044708,ssp370,noresm2-lm
66,2016,72.65090589851083,ssp370,noresm2-lm
67,2017,73.43572552971203,ssp370,noresm2-lm
68,2018,72.48386558829247,ssp370,noresm2-lm
69,2019,72.81934337266318,ssp370,noresm2-lm
70,2020,74.2068250442509,ssp370,noresm2-lm
71,2021,74.67151298348313,ssp370,noresm2-lm
72,2022,73.20310085781767,ssp370,noresm2-lm
73,2023,73.92931312190869,ssp370,noresm2-lm
74,2024,76.00781234874978,ssp370,noresm2-lm
75,2025,75.02581581694439,ssp370,noresm2-lm
76,2026,73.56612894322957,ssp370,noresm2-lm
77,2027,73.35946966029859,ssp370,noresm2-lm
78,2028,73.40365512484615,ssp370,noresm2-lm
79,2029,74.24963539859887,ssp370,noresm2-lm
80,2030,74.96646579188928,ssp370,noresm2-lm
81,2031,73.86461972436678,ssp370,noresm2-lm
82,2032,74.40989132648275,ssp370,noresm2-lm
83,2033,73.38737343731378,ssp370,noresm2-lm
84,2034,73.50815428029493,ssp370,noresm2-lm
85,2035,76.89930508840804,ssp370,noresm2-lm
86,2036,75.21872554650668,ssp370,noresm2-lm
87,2037,74.44402826114481,ssp370,noresm2-lm
88,2038,75.96536294155118,ssp370,noresm2-lm
89,2039,75.40993185833437,ssp370,noresm2-lm
90,2040,75.04514125664814,ssp370,noresm2-lm
91,2041,75.47940067990605,ssp370,noresm2-lm
92,2042,74.34516064710512,ssp370,noresm2-lm
93,2043,72.76561609050175,ssp370,noresm2-lm
94,2044,77.33702965188093,ssp370,noresm2-lm
95,2045,76.72640941054632,ssp370,noresm2-lm
96,2046,76.64208415945568,ssp370,noresm2-lm
97,2047,75.54990107814143,ssp370,noresm2-lm
98,2048,75.3939212802528,ssp370,noresm2-lm
99,2049,74.72225293442784,ssp370,noresm2-lm
100,2050,75.13628376906493,ssp370,noresm2-lm
101,2051,77.17609022531194,ssp370,noresm2-lm
102,2052,77.74961522855584,ssp370,noresm2-lm
103,2053,75.73171845706749,ssp370,noresm2-lm
104,2054,75.04822990674793,ssp370,noresm2-lm
105,2055,76.29775517622362,ssp370,noresm2-lm
106,2056,75.28164151814981,ssp370,noresm2-lm
107,2057,77.5830551555658,ssp370,noresm2-lm
108,2058,76.61630404725975,ssp370,noresm2-lm
109,2059,77.90028568491968,ssp370,noresm2-lm
110,2060,77.13208723722795,ssp370,noresm2-lm
111,2061,75.36950842555949,ssp370,noresm2-lm
112,2062,75.32665752343033,ssp370,noresm2-lm
113,2063,77.88157672867911,ssp370,noresm2-lm
114,2064,78.31188060184175,ssp370,noresm2-lm
115,2065,76.1180503476661,ssp370,noresm2-lm
116,2066,76.22198583051768,ssp370,noresm2-lm
117,2067,77.66249012385276,ssp370,noresm2-lm
118,2068,79.18958580902346,ssp370,noresm2-lm
119,2069,75.97194885710061,ssp370,noresm2-lm
120,2070,76.03834957060327,ssp370,noresm2-lm
121,2071,76.13819542843447,ssp370,noresm2-lm
122,2072,79.07728270019868,ssp370,noresm2-lm
123,2073,78.38267709617492,ssp370,noresm2-lm
124,2074,78.22346746591874,ssp370,noresm2-lm
125,2075,79.23886346182816,ssp370,noresm2-lm
126,2076,77.17869249646174,ssp370,noresm2-lm
127,2077,77.87860237415154,ssp370,noresm2-lm
128,2078,77.23668538520853,ssp370,noresm2-lm
129,2079,79.1722917890419,ssp370,noresm2-lm
130,2080,78.53236562685807,ssp370,noresm2-lm
131,2081,78.31723278063487,ssp370,noresm2-lm
132,2082,79.23313234884871,ssp370,noresm2-lm
133,2083,77.86275208758971,ssp370,noresm2-lm
134,2084,77.47721466078553,ssp370,noresm2-lm
135,2085,80.52419867373746,ssp370,noresm2-lm
136,2086,80.18630798026837,ssp370,noresm2-lm
137,2087,80.00336205328503,ssp370,noresm2-lm
138,2088,79.37968427422565,ssp370,noresm2-lm
139,2089,79.43745537231624,ssp370,noresm2-lm
140,2090,80.85935550444879,ssp370,noresm2-lm
141,2091,80.23163962188286,ssp370,noresm2-lm
142,2092,79.20575500600918,ssp370,noresm2-lm
143,2093,79.75737341032497,ssp370,noresm2-lm
144,2094,80.45287671788806,ssp370,noresm2-lm
145,2095,79.70273029087186,ssp370,noresm2-lm
146,2096,79.91878683444246,ssp370,noresm2-lm
147,2097,79.64995200278689,ssp370,noresm2-lm
148,2098,81.85545405094618,ssp370,noresm2-lm
149,2099,81.45280825859041,ssp370,noresm2-lm
150,2100,81.36142644611375,ssp370,noresm2-lm
0,1950,71.34893394744834,ssp370,ec-earth3
1,1951,70.1038213529319,ssp370,ec-earth3
2,1952,69.40711148183374,ssp370,ec-earth3
3,1953,71.3205001185085,ssp370,ec-earth3
4,1954,70.0342064526507,ssp370,ec-earth3
5,1955,71.4279752491412,ssp370,ec-earth3
6,1956,70.49238804608405,ssp370,ec-earth3
7,1957,70.95783763081674,ssp370,ec-earth3
8,1958,70.58140914808257,ssp370,ec-earth3
9,1959,72.29034666533683,ssp370,ec-earth3
10,1960,71.33628352988478,ssp370,ec-earth3
11,1961,71.49435663223292,ssp370,ec-earth3
12,1962,70.52633559826079,ssp370,ec-earth3
13,1963,70.38101357452015,ssp370,ec-earth3
14,1964,68.93868440402923,ssp370,ec-earth3
15,1965,68.73179817711484,ssp370,ec-earth3
16,1966,71.6725110995037,ssp370,ec-earth3
17,1967,69.59065767083204,ssp370,ec-earth3
18,1968,70.94757997993416,ssp370,ec-earth3
19,1969,68.88489243048176,ssp370,ec-earth3
20,1970,70.58975468171928,ssp370,ec-earth3
21,1971,69.46910804927646,ssp370,ec-earth3
22,1972,70.07092358010809,ssp370,ec-earth3
23,1973,71.37983813953453,ssp370,ec-earth3
24,1974,69.2679365035853,ssp370,ec-earth3
25,1975,71.78325774749322,ssp370,ec-earth3
26,1976,70.55500600507119,ssp370,ec-earth3
27,1977,69.89516414868274,ssp370,ec-earth3
28,1978,71.33150293119469,ssp370,ec-earth3
29,1979,70.55831094797821,ssp370,ec-earth3
30,1980,69.52074518473151,ssp370,ec-earth3
31,1981,69.55089304559233,ssp370,ec-earth3
32,1982,69.83178568249707,ssp370,ec-earth3
33,1983,68.92562337569254,ssp370,ec-earth3
34,1984,69.45102098423055,ssp370,ec-earth3
35,1985,71.43031958191888,ssp370,ec-earth3
36,1986,71.37113490485397,ssp370,ec-earth3
37,1987,70.14224254961245,ssp370,ec-earth3
38,1988,71.27654716909102,ssp370,ec-earth3
39,1989,71.12683367255326,ssp370,ec-earth3
40,1990,72.92467149287855,ssp370,ec-earth3
41,1991,70.23507424992755,ssp370,ec-earth3
42,1992,68.86319986119736,ssp370,ec-earth3
43,1993,68.97281483021257,ssp370,ec-earth3
44,1994,69.71385468104106,ssp370,ec-earth3
45,1995,71.64233397203026,ssp370,ec-earth3
46,1996,72.98779376093691,ssp370,ec-earth3
47,1997,71.32309106997509,ssp370,ec-earth3
48,1998,72.59156892573,ssp370,ec-earth3
49,1999,71.68550313801968,ssp370,ec-earth3
50,2000,72.88872960763548,ssp370,ec-earth3
51,2001,70.27269500158314,ssp370,ec-earth3
52,2002,71.79872331960354,ssp370,ec-earth3
53,2003,73.53137881137775,ssp370,ec-earth3
54,2004,73.97958961243677,ssp370,ec-earth3
55,2005,73.6500447335327,ssp370,ec-earth3
56,2006,72.97974361674324,ssp370,ec-earth3
57,2007,72.93450283460739,ssp370,ec-earth3
58,2008,73.70839720968411,ssp370,ec-earth3
59,2009,72.25390388537738,ssp370,ec-earth3
60,2010,72.7896129196377,ssp370,ec-earth3
61,2011,71.30853394350682,ssp370,ec-earth3
62,2012,73.39188909570849,ssp370,ec-earth3
63,2013,74.14017754974752,ssp370,ec-earth3
64,2014,76.19461232196895,ssp370,ec-earth3
65,2015,73.86607900235384,ssp370,ec-earth3
66,2016,74.25675139267777,ssp370,ec-earth3
67,2017,74.66663047670936,ssp370,ec-earth3
68,2018,73.13047211721702,ssp370,ec-earth3
69,2019,72.55625702675734,ssp370,ec-earth3
70,2020,74.27718439776878,ssp370,ec-earth3
71,2021,75.35771733249528,ssp370,ec-earth3
72,2022,72.07735683654815,ssp370,ec-earth3
73,2023,78.14408489954232,ssp370,ec-earth3
74,2024,75.48344452996413,ssp370,ec-earth3
75,2025,74.92565079821291,ssp370,ec-earth3
76,2026,75.54544113116633,ssp370,ec-earth3
77,2027,75.08458524009019,ssp370,ec-earth3
78,2028,74.91808431233716,ssp370,ec-earth3
79,2029,76.09190889967502,ssp370,ec-earth3
80,2030,75.90378650429568,ssp370,ec-earth3
81,2031,76.8923864153386,ssp370,ec-earth3
82,2032,75.44828798192023,ssp370,ec-earth3
83,2033,73.71858666075526,ssp370,ec-earth3
84,2034,76.38138539168985,ssp370,ec-earth3
85,2035,76.12337241154626,ssp370,ec-earth3
86,2036,75.27935372846702,ssp370,ec-earth3
87,2037,74.85702821712106,ssp370,ec-earth3
88,2038,75.54031044345162,ssp370,ec-earth3
89,2039,75.27557589317415,ssp370,ec-earth3
90,2040,76.65352025297283,ssp370,ec-earth3
91,2041,75.13709968652233,ssp370,ec-earth3
92,2042,76.41968707905241,ssp370,ec-earth3
93,2043,74.69480553067321,ssp370,ec-earth3
94,2044,77.32284126867835,ssp370,ec-earth3
95,2045,75.90754971474763,ssp370,ec-earth3
96,2046,77.41893261400976,ssp370,ec-earth3
97,2047,77.1873267713582,ssp370,ec-earth3
98,2048,76.86429647343071,ssp370,ec-earth3
99,2049,76.24066158598094,ssp370,ec-earth3
100,2050,78.20649289757033,ssp370,ec-earth3
101,2051,77.70045928559742,ssp370,ec-earth3
102,2052,76.42718216535259,ssp370,ec-earth3
103,2053,77.39154815381788,ssp370,ec-earth3
104,2054,77.56921038098459,ssp370,ec-earth3
105,2055,77.81616795797915,ssp370,ec-earth3
106,2056,79.03145139601938,ssp370,ec-earth3
107,2057,77.86963809890995,ssp370,ec-earth3
108,2058,77.79255450625088,ssp370,ec-earth3
109,2059,82.09308989393449,ssp370,ec-earth3
110,2060,78.30183398513452,ssp370,ec-earth3
111,2061,76.72953087514966,ssp370,ec-earth3
112,2062,76.7191222713324,ssp370,ec-earth3
113,2063,80.78150205524855,ssp370,ec-earth3
114,2064,78.53684488334639,ssp370,ec-earth3
115,2065,79.23170839769148,ssp370,ec-earth3
116,2066,77.64125159349409,ssp370,ec-earth3
117,2067,77.06597239112475,ssp370,ec-earth3
118,2068,79.60892259292127,ssp370,ec-earth3
119,2069,81.16256088114014,ssp370,ec-earth3
120,2070,78.51780786078697,ssp370,ec-earth3
121,2071,79.22872702775693,ssp370,ec-earth3
122,2072,78.99286171900407,ssp370,ec-earth3
123,2073,78.76203221481286,ssp370,ec-earth3
124,2074,78.82942945262324,ssp370,ec-earth3
125,2075,79.78470158515252,ssp370,ec-earth3
126,2076,79.93059313198398,ssp370,ec-earth3
127,2077,79.21346079234132,ssp370,ec-earth3
128,2078,80.09588733404848,ssp370,ec-earth3
129,2079,82.20143584814089,ssp370,ec-earth3
130,2080,79.62969591613383,ssp370,ec-earth3
131,2081,81.52838462191163,ssp370,ec-earth3
132,2082,80.91348515897549,ssp370,ec-earth3
133,2083,80.70390824147496,ssp370,ec-earth3
134,2084,82.41651681543885,ssp370,ec-earth3
135,2085,80.89851692962274,ssp370,ec-earth3
136,2086,81.94215873450794,ssp370,ec-earth3
137,2087,79.80185911974503,ssp370,ec-earth3
138,2088,83.0753052959168,ssp370,ec-earth3
139,2089,81.49231470686236,ssp370,ec-earth3
140,2090,84.46199023756834,ssp370,ec-earth3
141,2091,82.36984699116944,ssp370,ec-earth3
142,2092,81.89320214373625,ssp370,ec-earth3
143,2093,82.24136327512849,ssp370,ec-earth3
144,2094,83.46963486156108,ssp370,ec-earth3
145,2095,84.27588050420192,ssp370,ec-earth3
146,2096,83.04611374353095,ssp370,ec-earth3
147,2097,85.38840036304849,ssp370,ec-earth3
148,2098,86.66044037261094,ssp370,ec-earth3
149,2099,83.91206729630296,ssp370,ec-earth3
150,2100,84.77235393191921,ssp370,ec-earth3
0,1950,,hist,nclimgrid
1,1951,69.6687327722503,hist,nclimgrid
2,1952,71.5632948095251,hist,nclimgrid
3,1953,71.17999374425591,hist,nclimgrid
4,1954,71.11628870965909,hist,nclimgrid
5,1955,70.86783914705337,hist,nclimgrid
6,1956,70.75448973310763,hist,nclimgrid
7,1957,70.62719222454785,hist,nclimgrid
8,1958,70.32109801439874,hist,nclimgrid
9,1959,71.41930439971621,hist,nclimgrid
10,1960,70.83115531909037,hist,nclimgrid
11,1961,71.16360420549086,hist,nclimgrid
12,1962,69.72274443740226,hist,nclimgrid
13,1963,70.54560879223439,hist,nclimgrid
14,1964,70.17994382602765,hist,nclimgrid
15,1965,69.27991484226725,hist,nclimgrid
16,1966,70.43370604847135,hist,nclimgrid
17,1967,69.63793302431799,hist,nclimgrid
18,1968,69.7451348217228,hist,nclimgrid
19,1969,70.43755820858706,hist,nclimgrid
20,1970,71.27876886019725,hist,nclimgrid
21,1971,70.43956341836743,hist,nclimgrid
22,1972,69.83301212046564,hist,nclimgrid
23,1973,70.8232245544967,hist,nclimgrid
24,1974,70.15239198983592,hist,nclimgrid
25,1975,70.04973993624702,hist,nclimgrid
26,1976,69.68765998125397,hist,nclimgrid
27,1977,71.22558114938211,hist,nclimgrid
28,1978,70.550314629063,hist,nclimgrid
29,1979,69.82725761719544,hist,nclimgrid
30,1980,71.38667488779907,hist,nclimgrid
31,1981,71.0195167456759,hist,nclimgrid
32,1982,69.62390845748081,hist,nclimgrid
33,1983,71.28908370179462,hist,nclimgrid
34,1984,70.84279427974153,hist,nclimgrid
35,1985,70.12764323416155,hist,nclimgrid
36,1986,70.97527751085211,hist,nclimgrid
37,1987,70.93018028235409,hist,nclimgrid
38,1988,72.41701111016413,hist,nclimgrid
39,1989,70.42051660324121,hist,nclimgrid
40,1990,71.04514788398932,hist,nclimgrid
41,1991,71.21195967677848,hist,nclimgrid
42,1992,68.56801427574635,hist,nclimgrid
43,1993,69.2917329054601,hist,nclimgrid
44,1994,71.33330448052587,hist,nclimgrid
45,1995,70.95803150022007,hist,nclimgrid
46,1996,71.09942000142938,hist,nclimgrid
47,1997,70.24183098533436,hist,nclimgrid
48,1998,71.61488237458023,hist,nclimgrid
49,1999,70.94527665965119,hist,nclimgrid
50,2000,71.3845822877072,hist,nclimgrid
51,2001,71.82979467239865,hist,nclimgrid
52,2002,72.33731388708331,hist,nclimgrid
53,2003,71.97127811647957,hist,nclimgrid
54,2004,69.46433405157575,hist,nclimgrid
55,2005,71.71371422133599,hist,nclimgrid
56,2006,72.70060148965278,hist,nclimgrid
57,2007,72.3003578983954,hist,nclimgrid
58,2008,71.05336524075466,hist,nclimgrid
59,2009,69.99771712204155,hist,nclimgrid
60,2010,72.08113490296952,hist,nclimgrid
61,2011,72.58996674141758,hist,nclimgrid
62,2012,72.87703227319959,hist,nclimgrid
63,2013,71.68078321050373,hist,nclimgrid
64,2014,70.81219518735244,hist,nclimgrid
65,2015,71.87631070108581,hist,nclimgrid
66,2016,72.57744487591555,hist,nclimgrid
67,2017,71.86104473261292,hist,nclimgrid
68,2018,72.572418202146,hist,nclimgrid
69,2019,71.41872356918381,hist,nclimgrid
70,2020,,hist,nclimgrid
71,2021,,hist,nclimgrid
72,2022,,hist,nclimgrid
73,2023,,hist,nclimgrid
74,2024,,hist,nclimgrid
75,2025,,hist,nclimgrid
76,2026,,hist,nclimgrid
77,2027,,hist,nclimgrid
78,2028,,hist,nclimgrid
79,2029,,hist,nclimgrid
80,2030,,hist,nclimgrid
81,2031,,hist,nclimgrid
82,2032,,hist,nclimgrid
83,2033,,hist,nclimgrid
84,2034,,hist,nclimgrid
85,2035,,hist,nclimgrid
86,2036,,hist,nclimgrid
87,2037,,hist,nclimgrid
88,2038,,hist,nclimgrid
89,2039,,hist,nclimgrid
90,2040,,hist,nclimgrid
91,2041,,hist,nclimgrid
92,2042,,hist,nclimgrid
93,2043,,hist,nclimgrid
94,2044,,hist,nclimgrid
95,2045,,hist,nclimgrid
96,2046,,hist,nclimgrid
97,2047,,hist,nclimgrid
98,2048,,hist,nclimgrid
99,2049,,hist,nclimgrid
100,2050,,hist,nclimgrid
101,2051,,hist,nclimgrid
102,2052,,hist,nclimgrid
103,2053,,hist,nclimgrid
104,2054,,hist,nclimgrid
105,2055,,hist,nclimgrid
106,2056,,hist,nclimgrid
107,2057,,hist,nclimgrid
108,2058,,hist,nclimgrid
109,2059,,hist,nclimgrid
110,2060,,hist,nclimgrid
111,2061,,hist,nclimgrid
112,2062,,hist,nclimgrid
113,2063,,hist,nclimgrid
114,2064,,hist,nclimgrid
115,2065,,hist,nclimgrid
116,2066,,hist,nclimgrid
117,2067,,hist,nclimgrid
118,2068,,hist,nclimgrid
119,2069,,hist,nclimgrid
120,2070,,hist,nclimgrid
121,2071,,hist,nclimgrid
122,2072,,hist,nclimgrid
123,2073,,hist,nclimgrid
124,2074,,hist,nclimgrid
125,2075,,hist,nclimgrid
126,2076,,hist,nclimgrid
127,2077,,hist,nclimgrid
128,2078,,hist,nclimgrid
129,2079,,hist,nclimgrid
130,2080,,hist,nclimgrid
131,2081,,hist,nclimgrid
132,2082,,hist,nclimgrid
133,2083,,hist,nclimgrid
134,2084,,hist,nclimgrid
135,2085,,hist,nclimgrid
136,2086,,hist,nclimgrid
137,2087,,hist,nclimgrid
138,2088,,hist,nclimgrid
139,2089,,hist,nclimgrid
140,2090,,hist,nclimgrid
141,2091,,hist,nclimgrid
142,2092,,hist,nclimgrid
143,2093,,hist,nclimgrid
144,2094,,hist,nclimgrid
145,2095,,hist,nclimgrid
146,2096,,hist,nclimgrid
147,2097,,hist,nclimgrid
148,2098,,hist,nclimgrid
149,2099,,hist,nclimgrid
150,2100,,hist,nclimgrid
0,1950,69.15428481476687,ssp370,access-esm1-5
1,1951,71.06586085862996,ssp370,access-esm1-5
2,1952,68.76983751973096,ssp370,access-esm1-5
3,1953,72.21739917926863,ssp370,access-esm1-5
4,1954,69.8991325689289,ssp370,access-esm1-5
5,1955,70.53047987112933,ssp370,access-esm1-5
6,1956,71.87356438454934,ssp370,access-esm1-5
7,1957,68.72955978021726,ssp370,access-esm1-5
8,1958,70.86126632705539,ssp370,access-esm1-5
9,1959,69.16011417558434,ssp370,access-esm1-5
10,1960,70.95279335795851,ssp370,access-esm1-5
11,1961,69.59010185744432,ssp370,access-esm1-5
12,1962,69.63841493713258,ssp370,access-esm1-5
13,1963,68.15387067514227,ssp370,access-esm1-5
14,1964,70.4733183319328,ssp370,access-esm1-5
15,1965,69.32872017843705,ssp370,access-esm1-5
16,1966,69.1334030988798,ssp370,access-esm1-5
17,1967,71.15656794846149,ssp370,access-esm1-5
18,1968,70.11418369346082,ssp370,access-esm1-5
19,1969,70.16547998751292,ssp370,access-esm1-5
20,1970,68.40189372162892,ssp370,access-esm1-5
21,1971,70.17836880999592,ssp370,access-esm1-5
22,1972,71.1213726037574,ssp370,access-esm1-5
23,1973,68.88276906307782,ssp370,access-esm1-5
24,1974,69.40380885725783,ssp370,access-esm1-5
25,1975,70.41510731251296,ssp370,access-esm1-5
26,1976,70.42613601269174,ssp370,access-esm1-5
27,1977,71.6849486054093,ssp370,access-esm1-5
28,1978,71.02184618383255,ssp370,access-esm1-5
29,1979,70.43645380616633,ssp370,access-esm1-5
30,1980,69.8915971894702,ssp370,access-esm1-5
31,1981,70.54621798655381,ssp370,access-esm1-5
32,1982,69.52299716912984,ssp370,access-esm1-5
33,1983,71.08108784350779,ssp370,access-esm1-5
34,1984,69.51314734382916,ssp370,access-esm1-5
35,1985,72.29817352332878,ssp370,access-esm1-5
36,1986,69.41716416827876,ssp370,access-esm1-5
37,1987,70.79198561339543,ssp370,access-esm1-5
38,1988,70.33624794949134,ssp370,access-esm1-5
39,1989,70.37840671952598,ssp370,access-esm1-5
40,1990,70.98129259982333,ssp370,access-esm1-5
41,1991,71.95860103931051,ssp370,access-esm1-5
42,1992,69.22159529225975,ssp370,access-esm1-5
43,1993,70.48953614907164,ssp370,access-esm1-5
44,1994,72.7055395238957,ssp370,access-esm1-5
45,1995,71.91144687883451,ssp370,access-esm1-5
46,1996,71.6455488955542,ssp370,access-esm1-5
47,1997,72.55528454796722,ssp370,access-esm1-5
48,1998,73.62677891052476,ssp370,access-esm1-5
49,1999,72.60965936151263,ssp370,access-esm1-5
50,2000,71.77297353894598,ssp370,access-esm1-5
51,2001,72.2556834442604,ssp370,access-esm1-5
52,2002,71.3015267158124,ssp370,access-esm1-5
53,2003,73.80518167016494,ssp370,access-esm1-5
54,2004,73.91903674567448,ssp370,access-esm1-5
55,2005,71.87168312524057,ssp370,access-esm1-5
56,2006,74.88885357336353,ssp370,access-esm1-5
57,2007,72.57071059969672,ssp370,access-esm1-5
58,2008,73.59585963564318,ssp370,access-esm1-5
59,2009,72.97509338108844,ssp370,access-esm1-5
60,2010,73.29475967331005,ssp370,access-esm1-5
61,2011,72.32370954482334,ssp370,access-esm1-5
62,2012,73.90921397193097,ssp370,access-esm1-5
63,2013,71.82596637234158,ssp370,access-esm1-5
64,2014,72.7908086144792,ssp370,access-esm1-5
65,2015,73.17798544860887,ssp370,access-esm1-5
66,2016,74.16414658765754,ssp370,access-esm1-5
67,2017,74.2836030503138,ssp370,access-esm1-5
68,2018,75.11307265587232,ssp370,access-esm1-5
69,2019,74.44272847567878,ssp370,access-esm1-5
70,2020,75.0703405305127,ssp370,access-esm1-5
71,2021,73.78846436699786,ssp370,access-esm1-5
72,2022,75.79581394969166,ssp370,access-esm1-5
73,2023,73.93574670517492,ssp370,access-esm1-5
74,2024,76.03443459647765,ssp370,access-esm1-5
75,2025,74.59653089736378,ssp370,access-esm1-5
76,2026,73.93009984301524,ssp370,access-esm1-5
77,2027,74.06247747499518,ssp370,access-esm1-5
78,2028,74.43438894634745,ssp370,access-esm1-5
79,2029,74.47053009995453,ssp370,access-esm1-5
80,2030,77.06911635515415,ssp370,access-esm1-5
81,2031,73.91569898578605,ssp370,access-esm1-5
82,2032,75.63802459001545,ssp370,access-esm1-5
83,2033,74.61782405202261,ssp370,access-esm1-5
84,2034,77.21415803053362,ssp370,access-esm1-5
85,2035,74.80234245505711,ssp370,access-esm1-5
86,2036,75.70676411508765,ssp370,access-esm1-5
87,2037,73.90579862364243,ssp370,access-esm1-5
88,2038,76.91986290512153,ssp370,access-esm1-5
89,2039,76.61514533524331,ssp370,access-esm1-5
90,2040,76.0954487035449,ssp370,access-esm1-5
91,2041,75.11704033423003,ssp370,access-esm1-5
92,2042,73.06709722743389,ssp370,access-esm1-5
93,2043,75.33804619910858,ssp370,access-esm1-5
94,2044,75.19683745821011,ssp370,access-esm1-5
95,2045,75.94840140918029,ssp370,access-esm1-5
96,2046,76.34876203597861,ssp370,access-esm1-5
97,2047,76.22954914178773,ssp370,access-esm1-5
98,2048,76.27298077766662,ssp370,access-esm1-5
99,2049,77.19352386870374,ssp370,access-esm1-5
100,2050,77.04600077914284,ssp370,access-esm1-5
101,2051,78.25567229908798,ssp370,access-esm1-5
102,2052,76.86900463976413,ssp370,access-esm1-5
103,2053,78.87991895974413,ssp370,access-esm1-5
104,2054,75.07301715489564,ssp370,access-esm1-5
105,2055,76.47289046990004,ssp370,access-esm1-5
106,2056,77.31178984864182,ssp370,access-esm1-5
107,2057,74.86512059783053,ssp370,access-esm1-5
108,2058,76.77250950876278,ssp370,access-esm1-5
109,2059,77.58456515357565,ssp370,access-esm1-5
110,2060,76.70375255182717,ssp370,access-esm1-5
111,2061,77.27754494996132,ssp370,access-esm1-5
112,2062,76.25393505043809,ssp370,access-esm1-5
113,2063,76.40063116230439,ssp370,access-esm1-5
114,2064,77.99611910503683,ssp370,access-esm1-5
115,2065,77.97163751150434,ssp370,access-esm1-5
116,2066,76.32874261292426,ssp370,access-esm1-5
117,2067,78.58300277818356,ssp370,access-esm1-5
118,2068,79.74310859844131,ssp370,access-esm1-5
119,2069,79.78949832410244,ssp370,access-esm1-5
120,2070,78.80901980389608,ssp370,access-esm1-5
121,2071,78.77813315947391,ssp370,access-esm1-5
122,2072,78.97976049102569,ssp370,access-esm1-5
123,2073,78.56801276137676,ssp370,access-esm1-5
124,2074,77.90230361899158,ssp370,access-esm1-5
125,2075,78.8251373614608,ssp370,access-esm1-5
126,2076,80.001532084643,ssp370,access-esm1-5
127,2077,79.52156745616742,ssp370,access-esm1-5
128,2078,79.06709480200256,ssp370,access-esm1-5
129,2079,79.49848331655458,ssp370,access-esm1-5
130,2080,80.27301723639214,ssp370,access-esm1-5
131,2081,79.57171878047839,ssp370,access-esm1-5
132,2082,80.4107636130737,ssp370,access-esm1-5
133,2083,79.38714144673514,ssp370,access-esm1-5
134,2084,79.11663679214762,ssp370,access-esm1-5
135,2085,81.29382006475997,ssp370,access-esm1-5
136,2086,80.01713476690013,ssp370,access-esm1-5
137,2087,81.04859176737715,ssp370,access-esm1-5
138,2088,80.21087154168677,ssp370,access-esm1-5
139,2089,81.3677727466129,ssp370,access-esm1-5
140,2090,81.97445140314292,ssp370,access-esm1-5
141,2091,82.8042510994071,ssp370,access-esm1-5
142,2092,81.68226201073527,ssp370,access-esm1-5
143,2093,80.89845304320833,ssp370,access-esm1-5
144,2094,81.1257161920307,ssp370,access-esm1-5
145,2095,80.82476282912702,ssp370,access-esm1-5
146,2096,84.08567746504455,ssp370,access-esm1-5
147,2097,82.59795944026929,ssp370,access-esm1-5
148,2098,81.21879801495689,ssp370,access-esm1-5
149,2099,81.54758898547841,ssp370,access-esm1-5
150,2100,80.53142781286532,ssp370,access-esm1-5
0,1950,70.52287698302615,ssp370,mpi-esm1-2-lr
1,1951,70.6558800091335,ssp370,mpi-esm1-2-lr
2,1952,70.39325324040051,ssp370,mpi-esm1-2-lr
3,1953,70.01764419565413,ssp370,mpi-esm1-2-lr
4,1954,69.85720045044617,ssp370,mpi-esm1-2-lr
5,1955,69.97988663914379,ssp370,mpi-esm1-2-lr
6,1956,71.90682985433777,ssp370,mpi-esm1-2-lr
7,1957,70.06272451311146,ssp370,mpi-esm1-2-lr
8,1958,72.03635093024651,ssp370,mpi-esm1-2-lr
9,1959,70.07537495787626,ssp370,mpi-esm1-2-lr
10,1960,69.44248471515482,ssp370,mpi-esm1-2-lr
11,1961,70.36412555632093,ssp370,mpi-esm1-2-lr
12,1962,69.67749568211869,ssp370,mpi-esm1-2-lr
13,1963,70.8602953573886,ssp370,mpi-esm1-2-lr
14,1964,68.99481889141178,ssp370,mpi-esm1-2-lr
15,1965,69.34700128199287,ssp370,mpi-esm1-2-lr
16,1966,68.34330205780277,ssp370,mpi-esm1-2-lr
17,1967,70.78726366680782,ssp370,mpi-esm1-2-lr
18,1968,71.0187164403634,ssp370,mpi-esm1-2-lr
19,1969,68.91462457262944,ssp370,mpi-esm1-2-lr
20,1970,68.71370898796687,ssp370,mpi-esm1-2-lr
21,1971,71.47635911671686,ssp370,mpi-esm1-2-lr
22,1972,69.4267026937945,ssp370,mpi-esm1-2-lr
23,1973,69.18029472823206,ssp370,mpi-esm1-2-lr
24,1974,69.05590674741167,ssp370,mpi-esm1-2-lr
25,1975,70.57209097458008,ssp370,mpi-esm1-2-lr
26,1976,69.95746004240354,ssp370,mpi-esm1-2-lr
27,1977,70.56846016015562,ssp370,mpi-esm1-2-lr
28,1978,73.8781605678668,ssp370,mpi-esm1-2-lr
29,1979,70.62469917888409,ssp370,mpi-esm1-2-lr
30,1980,71.28270051180223,ssp370,mpi-esm1-2-lr
31,1981,70.99503244753778,ssp370,mpi-esm1-2-lr
32,1982,72.19233993166564,ssp370,mpi-esm1-2-lr
33,1983,68.66049171221745,ssp370,mpi-esm1-2-lr
34,1984,69.75481314408927,ssp370,mpi-esm1-2-lr
35,1985,72.5370067441196,ssp370,mpi-esm1-2-lr
36,1986,70.10752850975058,ssp370,mpi-esm1-2-lr
37,1987,72.38640710011565,ssp370,mpi-esm1-2-lr
38,1988,71.82314464538652,ssp370,mpi-esm1-2-lr
39,1989,72.24299408464475,ssp370,mpi-esm1-2-lr
40,1990,71.86639004772029,ssp370,mpi-esm1-2-lr
41,1991,70.94839386302094,ssp370,mpi-esm1-2-lr
42,1992,69.33646601622425,ssp370,mpi-esm1-2-lr
43,1993,69.53169009169261,ssp370,mpi-esm1-2-lr
44,1994,72.13458755459384,ssp370,mpi-esm1-2-lr
45,1995,72.28424553255122,ssp370,mpi-esm1-2-lr
46,1996,71.33055268661218,ssp370,mpi-esm1-2-lr
47,1997,71.39419453065847,ssp370,mpi-esm1-2-lr
48,1998,70.35188627310801,ssp370,mpi-esm1-2-lr
49,1999,71.44234123463059,ssp370,mpi-esm1-2-lr
50,2000,71.07572943757829,ssp370,mpi-esm1-2-lr
51,2001,71.79390636120924,ssp370,mpi-esm1-2-lr
52,2002,73.67979676363647,ssp370,mpi-esm1-2-lr
53,2003,70.81260453065633,ssp370,mpi-esm1-2-lr
54,2004,72.67420913011735,ssp370,mpi-esm1-2-lr
55,2005,73.53693586482929,ssp370,mpi-esm1-2-lr
56,2006,74.49623372869404,ssp370,mpi-esm1-2-lr
57,2007,72.91127396381154,ssp370,mpi-esm1-2-lr
58,2008,72.38348341225513,ssp370,mpi-esm1-2-lr
59,2009,72.5963631708888,ssp370,mpi-esm1-2-lr
60,2010,74.75929848017049,ssp370,mpi-esm1-2-lr
61,2011,71.56880968591392,ssp370,mpi-esm1-2-lr
62,2012,72.17028149505666,ssp370,mpi-esm1-2-lr
63,2013,71.01481943577619,ssp370,mpi-esm1-2-lr
64,2014,72.42221239373482,ssp370,mpi-esm1-2-lr
65,2015,73.28697184231719,ssp370,mpi-esm1-2-lr
66,2016,71.91134959860503,ssp370,mpi-esm1-2-lr
67,2017,73.16533170593335,ssp370,mpi-esm1-2-lr
68,2018,71.86557924246004,ssp370,mpi-esm1-2-lr
69,2019,70.79165938818846,ssp370,mpi-esm1-2-lr
70,2020,72.94097720292231,ssp370,mpi-esm1-2-lr
71,2021,72.59650763520595,ssp370,mpi-esm1-2-lr
72,2022,70.64501407690018,ssp370,mpi-esm1-2-lr
73,2023,74.13350805600489,ssp370,mpi-esm1-2-lr
74,2024,71.34498234831521,ssp370,mpi-esm1-2-lr
75,2025,73.92961193398094,ssp370,mpi-esm1-2-lr
76,2026,72.4905276661429,ssp370,mpi-esm1-2-lr
77,2027,73.31893324107983,ssp370,mpi-esm1-2-lr
78,2028,71.21745812488292,ssp370,mpi-esm1-2-lr
79,2029,72.64178682981586,ssp370,mpi-esm1-2-lr
80,2030,74.56110867503364,ssp370,mpi-esm1-2-lr
81,2031,74.36661202570303,ssp370,mpi-esm1-2-lr
82,2032,74.02287168237535,ssp370,mpi-esm1-2-lr
83,2033,74.48593393384425,ssp370,mpi-esm1-2-lr
84,2034,74.94608259085945,ssp370,mpi-esm1-2-lr
85,2035,74.79760474685959,ssp370,mpi-esm1-2-lr
86,2036,74.45322178360581,ssp370,mpi-esm1-2-lr
87,2037,74.20031341570548,ssp370,mpi-esm1-2-lr
88,2038,76.70547229948873,ssp370,mpi-esm1-2-lr
89,2039,73.39708925783026,ssp370,mpi-esm1-2-lr
90,2040,75.80591563744647,ssp370,mpi-esm1-2-lr
91,2041,75.06778612666508,ssp370,mpi-esm1-2-lr
92,2042,73.39673892474131,ssp370,mpi-esm1-2-lr
93,2043,73.22640436485852,ssp370,mpi-esm1-2-lr
94,2044,73.52122837805389,ssp370,mpi-esm1-2-lr
95,2045,73.21673099478186,ssp370,mpi-esm1-2-lr
96,2046,74.58736940180178,ssp370,mpi-esm1-2-lr
97,2047,76.42100538246169,ssp370,mpi-esm1-2-lr
98,2048,75.9360067800446,ssp370,mpi-esm1-2-lr
99,2049,74.48663707575228,ssp370,mpi-esm1-2-lr
100,2050,77.01580561288077,ssp370,mpi-esm1-2-lr
101,2051,73.75651780521228,ssp370,mpi-esm1-2-lr
102,2052,75.95241476334306,ssp370,mpi-esm1-2-lr
103,2053,75.70199943630274,ssp370,mpi-esm1-2-lr
104,2054,76.56090719518176,ssp370,mpi-esm1-2-lr
105,2055,75.10632253178348,ssp370,mpi-esm1-2-lr
106,2056,74.49459044547471,ssp370,mpi-esm1-2-lr
107,2057,76.3008730950312,ssp370,mpi-esm1-2-lr
108,2058,75.73719555789351,ssp370,mpi-esm1-2-lr
109,2059,78.41668165889713,ssp370,mpi-esm1-2-lr
110,2060,77.68044696274923,ssp370,mpi-esm1-2-lr
111,2061,76.41064151801895,ssp370,mpi-esm1-2-lr
112,2062,75.81143081717627,ssp370,mpi-esm1-2-lr
113,2063,77.04584775862757,ssp370,mpi-esm1-2-lr
114,2064,78.06237436271832,ssp370,mpi-esm1-2-lr
115,2065,77.43217980375769,ssp370,mpi-esm1-2-lr
116,2066,79.23203670990532,ssp370,mpi-esm1-2-lr
117,2067,78.54933582248654,ssp370,mpi-esm1-2-lr
118,2068,77.82511365160403,ssp370,mpi-esm1-2-lr
119,2069,76.72131498805078,ssp370,mpi-esm1-2-lr
120,2070,76.77952917244883,ssp370,mpi-esm1-2-lr
121,2071,77.61320902772144,ssp370,mpi-esm1-2-lr
122,2072,79.3046222870939,ssp370,mpi-esm1-2-lr
123,2073,77.62351035453894,ssp370,mpi-esm1-2-lr
124,2074,76.29230388143958,ssp370,mpi-esm1-2-lr
125,2075,78.49723912585081,ssp370,mpi-esm1-2-lr
126,2076,80.39746694872238,ssp370,mpi-esm1-2-lr
127,2077,78.15615156133393,ssp370,mpi-esm1-2-lr
128,2078,78.7736817424434,ssp370,mpi-esm1-2-lr
129,2079,79.41146212756443,ssp370,mpi-esm1-2-lr
130,2080,79.54024846891431,ssp370,mpi-esm1-2-lr
131,2081,80.03776600153468,ssp370,mpi-esm1-2-lr
132,2082,80.10342417619187,ssp370,mpi-esm1-2-lr
133,2083,80.77230344116059,ssp370,mpi-esm1-2-lr
134,2084,81.67801100879767,ssp370,mpi-esm1-2-lr
135,2085,80.76788033242474,ssp370,mpi-esm1-2-lr
136,2086,79.25489215344453,ssp370,mpi-esm1-2-lr
137,2087,80.2004196342242,ssp370,mpi-esm1-2-lr
138,2088,80.50862818493982,ssp370,mpi-esm1-2-lr
139,2089,80.75747490839592,ssp370,mpi-esm1-2-lr
140,2090,78.9589951968158,ssp370,mpi-esm1-2-lr
141,2091,80.28326140545535,ssp370,mpi-esm1-2-lr
142,2092,80.21521085762527,ssp370,mpi-esm1-2-lr
143,2093,83.12552463108565,ssp370,mpi-esm1-2-lr
144,2094,80.35544903317836,ssp370,mpi-esm1-2-lr
145,2095,81.62495578729971,ssp370,mpi-esm1-2-lr
146,2096,81.04673865216368,ssp370,mpi-esm1-2-lr
147,2097,80.28207343011063,ssp370,mpi-esm1-2-lr
148,2098,81.61998112283544,ssp370,mpi-esm1-2-lr
149,2099,85.27000055907138,ssp370,mpi-esm1-2-lr
150,2100,83.51637380054109,ssp370,mpi-esm1-2-lr
0,1950,71.06408153533322,ssp370,inm-cm4-8
1,1951,69.81774355863544,ssp370,inm-cm4-8
2,1952,70.13269990238338,ssp370,inm-cm4-8
3,1953,70.76954220110375,ssp370,inm-cm4-8
4,1954,70.25725569120775,ssp370,inm-cm4-8
5,1955,69.74016241558388,ssp370,inm-cm4-8
6,1956,70.05757581985769,ssp370,inm-cm4-8
7,1957,70.84834181228864,ssp370,inm-cm4-8
8,1958,70.79223814270593,ssp370,inm-cm4-8
9,1959,69.4643774383828,ssp370,inm-cm4-8
10,1960,69.28390689716849,ssp370,inm-cm4-8
11,1961,71.16763708930787,ssp370,inm-cm4-8
12,1962,70.01939971237857,ssp370,inm-cm4-8
13,1963,69.67983479530335,ssp370,inm-cm4-8
14,1964,71.1783451303226,ssp370,inm-cm4-8
15,1965,71.22037951402258,ssp370,inm-cm4-8
16,1966,70.28702909792241,ssp370,inm-cm4-8
17,1967,71.07882717930025,ssp370,inm-cm4-8
18,1968,69.01062075945607,ssp370,inm-cm4-8
19,1969,71.61290146633918,ssp370,inm-cm4-8
20,1970,72.23684658854111,ssp370,inm-cm4-8
21,1971,69.67162993158384,ssp370,inm-cm4-8
22,1972,69.86625587042278,ssp370,inm-cm4-8
23,1973,72.16180972020848,ssp370,inm-cm4-8
24,1974,69.30802583610294,ssp370,inm-cm4-8
25,1975,69.68406177865755,ssp370,inm-cm4-8
26,1976,70.21857753173946,ssp370,inm-cm4-8
27,1977,70.74045547460464,ssp370,inm-cm4-8
28,1978,70.33545811424167,ssp370,inm-cm4-8
29,1979,70.22946517206742,ssp370,inm-cm4-8
30,1980,71.92095069579516,ssp370,inm-cm4-8
31,1981,71.4074918075291,ssp370,inm-cm4-8
32,1982,70.55197174852051,ssp370,inm-cm4-8
33,1983,68.69848314884045,ssp370,inm-cm4-8
34,1984,70.03483485329316,ssp370,inm-cm4-8
35,1985,69.73467991671865,ssp370,inm-cm4-8
36,1986,70.43685721753884,ssp370,inm-cm4-8
37,1987,71.62697345133215,ssp370,inm-cm4-8
38,1988,71.4112421396213,ssp370,inm-cm4-8
39,1989,73.21132438909335,ssp370,inm-cm4-8
40,1990,70.70602604183988,ssp370,inm-cm4-8
41,1991,72.4609320341611,ssp370,inm-cm4-8
42,1992,69.53750986648876,ssp370,inm-cm4-8
43,1993,69.76319954996373,ssp370,inm-cm4-8
44,1994,70.50449730055324,ssp370,inm-cm4-8
45,1995,71.71261791457702,ssp370,inm-cm4-8
46,1996,72.30613133904346,ssp370,inm-cm4-8
47,1997,71.76838292329792,ssp370,inm-cm4-8
48,1998,71.52292662577591,ssp370,inm-cm4-8
49,1999,70.48143100964384,ssp370,inm-cm4-8
50,2000,71.83339350165757,ssp370,inm-cm4-8
51,2001,71.60308361668486,ssp370,inm-cm4-8
52,2002,71.94458400660974,ssp370,inm-cm4-8
53,2003,73.56682772706723,ssp370,inm-cm4-8
54,2004,72.43507717960553,ssp370,inm-cm4-8
55,2005,73.20219864589963,ssp370,inm-cm4-8
56,2006,70.75744237518619,ssp370,inm-cm4-8
57,2007,73.93968749833176,ssp370,inm-cm4-8
58,2008,71.2302600526144,ssp370,inm-cm4-8
59,2009,69.75348183793209,ssp370,inm-cm4-8
60,2010,71.4070198132576,ssp370,inm-cm4-8
61,2011,72.7714953879674,ssp370,inm-cm4-8
62,2012,71.99010954030487,ssp370,inm-cm4-8
63,2013,73.69164125398264,ssp370,inm-cm4-8
64,2014,72.28467224122453,ssp370,inm-cm4-8
65,2015,71.31671797896767,ssp370,inm-cm4-8
66,2016,71.28147212629897,ssp370,inm-cm4-8
67,2017,71.78557603588612,ssp370,inm-cm4-8
68,2018,70.41217172996771,ssp370,inm-cm4-8
69,2019,70.98811326722054,ssp370,inm-cm4-8
70,2020,75.08590292768679,ssp370,inm-cm4-8
71,2021,71.58592806568103,ssp370,inm-cm4-8
72,2022,73.6039332862538,ssp370,inm-cm4-8
73,2023,73.40958891234753,ssp370,inm-cm4-8
74,2024,71.96268971271,ssp370,inm-cm4-8
75,2025,72.88952801226343,ssp370,inm-cm4-8
76,2026,72.92723156565314,ssp370,inm-cm4-8
77,2027,72.39887515632991,ssp370,inm-cm4-8
78,2028,71.18437747223464,ssp370,inm-cm4-8
79,2029,73.16983276162749,ssp370,inm-cm4-8
80,2030,74.18138474317983,ssp370,inm-cm4-8
81,2031,74.1996573105733,ssp370,inm-cm4-8
82,2032,74.0994643281576,ssp370,inm-cm4-8
83,2033,73.59849166637754,ssp370,inm-cm4-8
84,2034,74.9154633663245,ssp370,inm-cm4-8
85,2035,73.52979460995464,ssp370,inm-cm4-8
86,2036,74.58626925458907,ssp370,inm-cm4-8
87,2037,72.61599926601752,ssp370,inm-cm4-8
88,2038,71.98941962716678,ssp370,inm-cm4-8
89,2039,72.55394920807866,ssp370,inm-cm4-8
90,2040,72.98597607955419,ssp370,inm-cm4-8
91,2041,74.59707401088838,ssp370,inm-cm4-8
92,2042,74.75973784227521,ssp370,inm-cm4-8
93,2043,73.39582615758911,ssp370,inm-cm4-8
94,2044,72.75144991940464,ssp370,inm-cm4-8
95,2045,74.44316257485087,ssp370,inm-cm4-8
96,2046,76.3810667557408,ssp370,inm-cm4-8
97,2047,74.59944805417142,ssp370,inm-cm4-8
98,2048,74.58592901084245,ssp370,inm-cm4-8
99,2049,75.75127534695793,ssp370,inm-cm4-8
100,2050,74.94848880242198,ssp370,inm-cm4-8
101,2051,76.41165458871315,ssp370,inm-cm4-8
102,2052,76.34157080581326,ssp370,inm-cm4-8
103,2053,77.82490501777424,ssp370,inm-cm4-8
104,2054,77.06722576712872,ssp370,inm-cm4-8
105,2055,75.39275292849887,ssp370,inm-cm4-8
106,2056,74.45710267044059,ssp370,inm-cm4-8
107,2057,75.40511012857964,ssp370,inm-cm4-8
108,2058,76.18460265619943,ssp370,inm-cm4-8
109,2059,76.85078463071353,ssp370,inm-cm4-8
110,2060,76.85933356073468,ssp370,inm-cm4-8
111,2061,78.52575336063316,ssp370,inm-cm4-8
112,2062,74.49549754515326,ssp370,inm-cm4-8
113,2063,76.74253452376996,ssp370,inm-cm4-8
114,2064,76.86175141492764,ssp370,inm-cm4-8
115,2065,77.33606585782701,ssp370,inm-cm4-8
116,2066,74.14005972300991,ssp370,inm-cm4-8
117,2067,76.79378833927758,ssp370,inm-cm4-8
118,2068,75.42838713115007,ssp370,inm-cm4-8
119,2069,75.77747048552503,ssp370,inm-cm4-8
120,2070,75.11973887927628,ssp370,inm-cm4-8
121,2071,78.37545371342972,ssp370,inm-cm4-8
122,2072,76.66560560347247,ssp370,inm-cm4-8
123,2073,77.27271179961942,ssp370,inm-cm4-8
124,2074,76.59992710298022,ssp370,inm-cm4-8
125,2075,75.45658330663451,ssp370,inm-cm4-8
126,2076,78.55258676485714,ssp370,inm-cm4-8
127,2077,78.77026306542305,ssp370,inm-cm4-8
128,2078,78.62435583404879,ssp370,inm-cm4-8
129,2079,79.03129532271001,ssp370,inm-cm4-8
130,2080,78.81203190732595,ssp370,inm-cm4-8
131,2081,78.27666323793873,ssp370,inm-cm4-8
132,2082,78.3020763251974,ssp370,inm-cm4-8
133,2083,78.10306988227104,ssp370,inm-cm4-8
134,2084,81.43786994635278,ssp370,inm-cm4-8
135,2085,77.52603075171331,ssp370,inm-cm4-8
136,2086,76.74596005944696,ssp370,inm-cm4-8
137,2087,77.76511526468828,ssp370,inm-cm4-8
138,2088,81.61208413747747,ssp370,inm-cm4-8
139,2089,79.73644727574545,ssp370,inm-cm4-8
140,2090,77.86570069688254,ssp370,inm-cm4-8
141,2091,79.4141426383223,ssp370,inm-cm4-8
142,2092,77.4514078852457,ssp370,inm-cm4-8
143,2093,79.75873374927056,ssp370,inm-cm4-8
144,2094,78.92391440166104,ssp370,inm-cm4-8
145,2095,78.7823816543932,ssp370,inm-cm4-8
146,2096,78.77426930660711,ssp370,inm-cm4-8
147,2097,78.72180852568938,ssp370,inm-cm4-8
148,2098,79.92872843889015,ssp370,inm-cm4-8
149,2099,79.53195392948516,ssp370,inm-cm4-8
150,2100,77.4091584494682,ssp370,inm-cm4-8
0,1950,70.10396502429923,ssp370,fgoals-g3
1,1951,69.70374684817857,ssp370,fgoals-g3
2,1952,71.90478253579498,ssp370,fgoals-g3
3,1953,70.1594414920639,ssp370,fgoals-g3
4,1954,69.87065536970513,ssp370,fgoals-g3
5,1955,70.78707499592143,ssp370,fgoals-g3
6,1956,70.92570486702917,ssp370,fgoals-g3
7,1957,70.97342765036456,ssp370,fgoals-g3
8,1958,69.30067742996934,ssp370,fgoals-g3
9,1959,70.87058810439444,ssp370,fgoals-g3
10,1960,71.28924861338905,ssp370,fgoals-g3
11,1961,71.83169484539098,ssp370,fgoals-g3
12,1962,70.18539910221294,ssp370,fgoals-g3
13,1963,71.68871180386867,ssp370,fgoals-g3
14,1964,71.10491136339925,ssp370,fgoals-g3
15,1965,67.63175071800977,ssp370,fgoals-g3
16,1966,71.42313030250695,ssp370,fgoals-g3
17,1967,69.93949749568556,ssp370,fgoals-g3
18,1968,69.9954294790984,ssp370,fgoals-g3
19,1969,69.83299895334117,ssp370,fgoals-g3
20,1970,70.01255763453946,ssp370,fgoals-g3
21,1971,68.8797928012239,ssp370,fgoals-g3
22,1972,70.09229229962554,ssp370,fgoals-g3
23,1973,70.36993925847018,ssp370,fgoals-g3
24,1974,71.81293317788385,ssp370,fgoals-g3
25,1975,70.91060385458694,ssp370,fgoals-g3
26,1976,70.74294144535337,ssp370,fgoals-g3
27,1977,70.90022950181863,ssp370,fgoals-g3
28,1978,69.74546050901161,ssp370,fgoals-g3
29,1979,70.7880323374202,ssp370,fgoals-g3
30,1980,70.62579971988227,ssp370,fgoals-g3
31,1981,72.00323733588569,ssp370,fgoals-g3
32,1982,70.78130749367159,ssp370,fgoals-g3
33,1983,69.93250272901476,ssp370,fgoals-g3
34,1984,69.72143852623142,ssp370,fgoals-g3
35,1985,69.34557695757918,ssp370,fgoals-g3
36,1986,69.54662539325544,ssp370,fgoals-g3
37,1987,68.86764317153882,ssp370,fgoals-g3
38,1988,70.10491436312641,ssp370,fgoals-g3
39,1989,72.19998632660338,ssp370,fgoals-g3
40,1990,72.84831119742317,ssp370,fgoals-g3
41,1991,69.82939637599611,ssp370,fgoals-g3
42,1992,69.16456891943871,ssp370,fgoals-g3
43,1993,70.55704994381387,ssp370,fgoals-g3
44,1994,71.01107514905871,ssp370,fgoals-g3
45,1995,70.01682669824581,ssp370,fgoals-g3
46,1996,70.60335196768722,ssp370,fgoals-g3
47,1997,71.9225845021854,ssp370,fgoals-g3
48,1998,71.93506153047626,ssp370,fgoals-g3
49,1999,70.8106793405173,ssp370,fgoals-g3
50,2000,72.5839306964868,ssp370,fgoals-g3
51,2001,72.10209573630465,ssp370,fgoals-g3
52,2002,70.88837251417232,ssp370,fgoals-g3
53,2003,70.68980559954028,ssp370,fgoals-g3
54,2004,71.80099014092653,ssp370,fgoals-g3
55,2005,72.44580285045258,ssp370,fgoals-g3
56,2006,72.47830045966133,ssp370,fgoals-g3
57,2007,72.02724704074849,ssp370,fgoals-g3
58,2008,72.98040541683415,ssp370,fgoals-g3
59,2009,73.11328480278648,ssp370,fgoals-g3
60,2010,74.02139780108907,ssp370,fgoals-g3
61,2011,73.32236106715625,ssp370,fgoals-g3
62,2012,72.18261754887227,ssp370,fgoals-g3
63,2013,72.23833817278481,ssp370,fgoals-g3
64,2014,72.88768640144544,ssp370,fgoals-g3
65,2015,73.19262995796889,ssp370,fgoals-g3
66,2016,72.795613305647,ssp370,fgoals-g3
67,2017,73.59199229216048,ssp370,fgoals-g3
68,2018,72.59207795985898,ssp370,fgoals-g3
69,2019,70.68590820196852,ssp370,fgoals-g3
70,2020,72.77502178909967,ssp370,fgoals-g3
71,2021,74.10375105448136,ssp370,fgoals-g3
72,2022,73.98859454948165,ssp370,fgoals-g3
73,2023,73.26088234277174,ssp370,fgoals-g3
74,2024,74.61009090270171,ssp370,fgoals-g3
75,2025,71.76423442773003,ssp370,fgoals-g3
76,2026,73.21068776594758,ssp370,fgoals-g3
77,2027,72.84752175543015,ssp370,fgoals-g3
78,2028,73.49413613739532,ssp370,fgoals-g3
79,2029,72.8572666861536,ssp370,fgoals-g3
80,2030,73.81537703271322,ssp370,fgoals-g3
81,2031,73.02774078857135,ssp370,fgoals-g3
82,2032,72.13126278630286,ssp370,fgoals-g3
83,2033,74.0356951179028,ssp370,fgoals-g3
84,2034,75.70876666364501,ssp370,fgoals-g3
85,2035,73.62943487005771,ssp370,fgoals-g3
86,2036,72.51850084569006,ssp370,fgoals-g3
87,2037,73.13079396606341,ssp370,fgoals-g3
88,2038,72.93436783926683,ssp370,fgoals-g3
89,2039,73.51777716804432,ssp370,fgoals-g3
90,2040,74.84260481651111,ssp370,fgoals-g3
91,2041,73.30404609571906,ssp370,fgoals-g3
92,2042,74.29741209684101,ssp370,fgoals-g3
93,2043,74.37631255221974,ssp370,fgoals-g3
94,2044,74.72926813810247,ssp370,fgoals-g3
95,2045,74.26715708590625,ssp370,fgoals-g3
96,2046,74.30140337519545,ssp370,fgoals-g3
97,2047,75.6784331503411,ssp370,fgoals-g3
98,2048,75.75538511654833,ssp370,fgoals-g3
99,2049,75.33390095961377,ssp370,fgoals-g3
100,2050,74.81341507424354,ssp370,fgoals-g3
101,2051,74.88951189968647,ssp370,fgoals-g3
102,2052,76.1200634081743,ssp370,fgoals-g3
103,2053,75.7778866721229,ssp370,fgoals-g3
104,2054,74.22921636491652,ssp370,fgoals-g3
105,2055,74.80921605826993,ssp370,fgoals-g3
106,2056,75.17251353040534,ssp370,fgoals-g3
107,2057,74.9992416344104,ssp370,fgoals-g3
108,2058,75.22978902007405,ssp370,fgoals-g3
109,2059,73.38335280293546,ssp370,fgoals-g3
110,2060,74.91011623968569,ssp370,fgoals-g3
111,2061,75.3434580509065,ssp370,fgoals-g3
112,2062,75.83909215229309,ssp370,fgoals-g3
113,2063,76.3187435791764,ssp370,fgoals-g3
114,2064,75.00208212022962,ssp370,fgoals-g3
115,2065,75.23462433797613,ssp370,fgoals-g3
116,2066,76.24952400776051,ssp370,fgoals-g3
117,2067,74.7308552842785,ssp370,fgoals-g3
118,2068,76.75837547496323,ssp370,fgoals-g3
119,2069,77.49971888366261,ssp370,fgoals-g3
120,2070,75.80780186068739,ssp370,fgoals-g3
121,2071,75.7361434203167,ssp370,fgoals-g3
122,2072,76.98877197936733,ssp370,fgoals-g3
123,2073,76.23013631273965,ssp370,fgoals-g3
124,2074,77.59716530703263,ssp370,fgoals-g3
125,2075,76.08727436520306,ssp370,fgoals-g3
126,2076,75.83888874278588,ssp370,fgoals-g3
127,2077,75.73710822040037,ssp370,fgoals-g3
128,2078,75.48619238269089,ssp370,fgoals-g3
129,2079,74.77598502998298,ssp370,fgoals-g3
130,2080,77.25299330822742,ssp370,fgoals-g3
131,2081,77.01087376863562,ssp370,fgoals-g3
132,2082,76.46763708659321,ssp370,fgoals-g3
133,2083,76.74834793417546,ssp370,fgoals-g3
134,2084,76.43481915309566,ssp370,fgoals-g3
135,2085,77.92248631436424,ssp370,fgoals-g3
136,2086,78.21176468259895,ssp370,fgoals-g3
137,2087,77.06498239138067,ssp370,fgoals-g3
138,2088,77.23642225120226,ssp370,fgoals-g3
139,2089,77.15799076934026,ssp370,fgoals-g3
140,2090,77.29063796618546,ssp370,fgoals-g3
141,2091,77.84376658296043,ssp370,fgoals-g3
142,2092,77.6206921037212,ssp370,fgoals-g3
143,2093,78.42029707131476,ssp370,fgoals-g3
144,2094,76.40913149288814,ssp370,fgoals-g3
145,2095,78.50176875738873,ssp370,fgoals-g3
146,2096,77.40616689164523,ssp370,fgoals-g3
147,2097,79.17521058276203,ssp370,fgoals-g3
148,2098,77.3987262465393,ssp370,fgoals-g3
149,2099,76.75524824549434,ssp370,fgoals-g3
150,2100,78.13940823667345,ssp370,fgoals-g3
0,1950,69.35363454993215,ssp370,inm-cm5-0
1,1951,69.21487142077417,ssp370,inm-cm5-0
2,1952,69.65005990240023,ssp370,inm-cm5-0
3,1953,70.6026040520629,ssp370,inm-cm5-0
4,1954,71.32345981641332,ssp370,inm-cm5-0
5,1955,71.61059853695991,ssp370,inm-cm5-0
6,1956,69.2964778928152,ssp370,inm-cm5-0
7,1957,70.4634937285823,ssp370,inm-cm5-0
8,1958,70.57997629101493,ssp370,inm-cm5-0
9,1959,70.57287452331474,ssp370,inm-cm5-0
10,1960,71.69235539396708,ssp370,inm-cm5-0
11,1961,70.78303354434412,ssp370,inm-cm5-0
12,1962,71.05218067120018,ssp370,inm-cm5-0
13,1963,71.5914092833262,ssp370,inm-cm5-0
14,1964,71.01921224030906,ssp370,inm-cm5-0
15,1965,70.46534146343173,ssp370,inm-cm5-0
16,1966,71.09160265544894,ssp370,inm-cm5-0
17,1967,71.1143085366117,ssp370,inm-cm5-0
18,1968,68.51724876237881,ssp370,inm-cm5-0
19,1969,70.54098048930163,ssp370,inm-cm5-0
20,1970,69.79533303788895,ssp370,inm-cm5-0
21,1971,71.13337171939438,ssp370,inm-cm5-0
22,1972,70.64092496145584,ssp370,inm-cm5-0
23,1973,69.97848731789107,ssp370,inm-cm5-0
24,1974,69.96993742459998,ssp370,inm-cm5-0
25,1975,72.133107056061,ssp370,inm-cm5-0
26,1976,69.21467426106263,ssp370,inm-cm5-0
27,1977,70.80528112587115,ssp370,inm-cm5-0
28,1978,71.27453414234976,ssp370,inm-cm5-0
29,1979,69.933184106284,ssp370,inm-cm5-0
30,1980,71.26842086425684,ssp370,inm-cm5-0
31,1981,71.6597705871233,ssp370,inm-cm5-0
32,1982,69.91448906494594,ssp370,inm-cm5-0
33,1983,65.89899953989314,ssp370,inm-cm5-0
34,1984,69.81516270228028,ssp370,inm-cm5-0
35,1985,70.25279153171081,ssp370,inm-cm5-0
36,1986,69.7299680027757,ssp370,inm-cm5-0
37,1987,70.98030639874071,ssp370,inm-cm5-0
38,1988,70.09197250299752,ssp370,inm-cm5-0
39,1989,71.28469470727833,ssp370,inm-cm5-0
40,1990,70.48232730665431,ssp370,inm-cm5-0
41,1991,71.35233456815826,ssp370,inm-cm5-0
42,1992,69.57612940157168,ssp370,inm-cm5-0
43,1993,69.81666849308093,ssp370,inm-cm5-0
44,1994,70.45575301176468,ssp370,inm-cm5-0
45,1995,70.96371058987052,ssp370,inm-cm5-0
46,1996,71.06225889688547,ssp370,inm-cm5-0
47,1997,73.3040383268214,ssp370,inm-cm5-0
48,1998,70.8771268165199,ssp370,inm-cm5-0
49,1999,72.81861977913923,ssp370,inm-cm5-0
50,2000,72.54034013278597,ssp370,inm-cm5-0
51,2001,71.07004024767576,ssp370,inm-cm5-0
52,2002,72.66130540371867,ssp370,inm-cm5-0
53,2003,70.2285514628283,ssp370,inm-cm5-0
54,2004,71.163158203526,ssp370,inm-cm5-0
55,2005,70.77109534854154,ssp370,inm-cm5-0
56,2006,71.76857216207836,ssp370,inm-cm5-0
57,2007,72.01791481892296,ssp370,inm-cm5-0
58,2008,72.18626468354624,ssp370,inm-cm5-0
59,2009,72.34636640157998,ssp370,inm-cm5-0
60,2010,72.01565181931083,ssp370,inm-cm5-0
61,2011,70.85025379888073,ssp370,inm-cm5-0
62,2012,70.41407574118114,ssp370,inm-cm5-0
63,2013,72.1060475095282,ssp370,inm-cm5-0
64,2014,71.1069374161352,ssp370,inm-cm5-0
65,2015,73.14083159472764,ssp370,inm-cm5-0
66,2016,73.4689489013592,ssp370,inm-cm5-0
67,2017,71.99524803910052,ssp370,inm-cm5-0
68,2018,72.41485215079103,ssp370,inm-cm5-0
69,2019,71.08904901794821,ssp370,inm-cm5-0
70,2020,70.61794347240834,ssp370,inm-cm5-0
71,2021,75.00526970823333,ssp370,inm-cm5-0
72,2022,72.34988985599806,ssp370,inm-cm5-0
73,2023,72.1246922824891,ssp370,inm-cm5-0
74,2024,72.89919367263288,ssp370,inm-cm5-0
75,2025,71.64390016987288,ssp370,inm-cm5-0
76,2026,73.91270328749187,ssp370,inm-cm5-0
77,2027,72.17550752278102,ssp370,inm-cm5-0
78,2028,75.55687536044188,ssp370,inm-cm5-0
79,2029,73.08909455780562,ssp370,inm-cm5-0
80,2030,74.01368694628076,ssp370,inm-cm5-0
81,2031,73.64641552212535,ssp370,inm-cm5-0
82,2032,74.04607628408009,ssp370,inm-cm5-0
83,2033,75.3795971723861,ssp370,inm-cm5-0
84,2034,74.32997670155002,ssp370,inm-cm5-0
85,2035,73.7225223409811,ssp370,inm-cm5-0
86,2036,74.75575804007408,ssp370,inm-cm5-0
87,2037,74.40895841579409,ssp370,inm-cm5-0
88,2038,74.70084287875153,ssp370,inm-cm5-0
89,2039,75.71411645971793,ssp370,inm-cm5-0
90,2040,76.56530150765276,ssp370,inm-cm5-0
91,2041,76.20512272900477,ssp370,inm-cm5-0
92,2042,74.2049624812175,ssp370,inm-cm5-0
93,2043,74.9461206155197,ssp370,inm-cm5-0
94,2044,73.9803737211168,ssp370,inm-cm5-0
95,2045,74.66506553443556,ssp370,inm-cm5-0
96,2046,74.32730898623092,ssp370,inm-cm5-0
97,2047,75.24371938351673,ssp370,inm-cm5-0
98,2048,74.83413245477396,ssp370,inm-cm5-0
99,2049,75.13053690869968,ssp370,inm-cm5-0
100,2050,74.0479003220778,ssp370,inm-cm5-0
101,2051,75.30145258968858,ssp370,inm-cm5-0
102,2052,73.28234401197024,ssp370,inm-cm5-0
103,2053,75.99028807448376,ssp370,inm-cm5-0
104,2054,74.6644034402201,ssp370,inm-cm5-0
105,2055,74.79775829277644,ssp370,inm-cm5-0
106,2056,76.8964644780997,ssp370,inm-cm5-0
107,2057,75.87403523950194,ssp370,inm-cm5-0
108,2058,74.1882130869501,ssp370,inm-cm5-0
109,2059,76.62406171076591,ssp370,inm-cm5-0
110,2060,77.36469268933807,ssp370,inm-cm5-0
111,2061,75.50147319616333,ssp370,inm-cm5-0
112,2062,75.77712140277788,ssp370,inm-cm5-0
113,2063,74.14813936920034,ssp370,inm-cm5-0
114,2064,74.62483415917309,ssp370,inm-cm5-0
115,2065,75.44888666279797,ssp370,inm-cm5-0
116,2066,76.79059770935298,ssp370,inm-cm5-0
117,2067,75.19990034148726,ssp370,inm-cm5-0
118,2068,75.93038803531365,ssp370,inm-cm5-0
119,2069,76.17637958184443,ssp370,inm-cm5-0
120,2070,77.62051853936863,ssp370,inm-cm5-0
121,2071,77.03248275940513,ssp370,inm-cm5-0
122,2072,78.08987309917474,ssp370,inm-cm5-0
123,2073,78.1725920187138,ssp370,inm-cm5-0
124,2074,77.9127246890596,ssp370,inm-cm5-0
125,2075,76.49929558923264,ssp370,inm-cm5-0
126,2076,78.61937566525764,ssp370,inm-cm5-0
127,2077,77.68300848486868,ssp370,inm-cm5-0
128,2078,77.65670077719223,ssp370,inm-cm5-0
129,2079,77.77817813744761,ssp370,inm-cm5-0
130,2080,76.2691485737825,ssp370,inm-cm5-0
131,2081,80.0413853616742,ssp370,inm-cm5-0
132,2082,77.12850967209009,ssp370,inm-cm5-0
133,2083,79.51712528463082,ssp370,inm-cm5-0
134,2084,77.15482778100134,ssp370,inm-cm5-0
135,2085,76.87279055821962,ssp370,inm-cm5-0
136,2086,78.26793999895384,ssp370,inm-cm5-0
137,2087,77.78542432396422,ssp370,inm-cm5-0
138,2088,80.7179259769555,ssp370,inm-cm5-0
139,2089,78.58742064671029,ssp370,inm-cm5-0
140,2090,79.70535677184299,ssp370,inm-cm5-0
141,2091,77.60638289102408,ssp370,inm-cm5-0
142,2092,79.97313751889156,ssp370,inm-cm5-0
143,2093,79.82317984543391,ssp370,inm-cm5-0
144,2094,81.33961525795009,ssp370,inm-cm5-0
145,2095,78.0362542021611,ssp370,inm-cm5-0
146,2096,78.84987535343151,ssp370,inm-cm5-0
147,2097,79.10853799335717,ssp370,inm-cm5-0
148,2098,79.47515020875419,ssp370,inm-cm5-0
149,2099,79.78443701154805,ssp370,inm-cm5-0
150,2100,80.18871293805655,ssp370,inm-cm5-0
0,1950,70.68053311557944,ssp370,mpi-esm1-2-hr
1,1951,69.84619077756557,ssp370,mpi-esm1-2-hr
2,1952,70.90691048070082,ssp370,mpi-esm1-2-hr
3,1953,69.0005848312031,ssp370,mpi-esm1-2-hr
4,1954,71.23776167160749,ssp370,mpi-esm1-2-hr
5,1955,69.95141523425538,ssp370,mpi-esm1-2-hr
6,1956,70.5616546183387,ssp370,mpi-esm1-2-hr
7,1957,72.33476031150917,ssp370,mpi-esm1-2-hr
8,1958,69.15227234059275,ssp370,mpi-esm1-2-hr
9,1959,69.14332238010296,ssp370,mpi-esm1-2-hr
10,1960,70.88343732653222,ssp370,mpi-esm1-2-hr
11,1961,70.72148092983666,ssp370,mpi-esm1-2-hr
12,1962,70.98213626584077,ssp370,mpi-esm1-2-hr
13,1963,69.38048141021646,ssp370,mpi-esm1-2-hr
14,1964,69.68801515232092,ssp370,mpi-esm1-2-hr
15,1965,69.7590601407846,ssp370,mpi-esm1-2-hr
16,1966,71.73070423122189,ssp370,mpi-esm1-2-hr
17,1967,71.84770275398182,ssp370,mpi-esm1-2-hr
18,1968,70.84770639170983,ssp370,mpi-esm1-2-hr
19,1969,70.97782500142121,ssp370,mpi-esm1-2-hr
20,1970,69.39903375494386,ssp370,mpi-esm1-2-hr
21,1971,71.94875827459185,ssp370,mpi-esm1-2-hr
22,1972,70.7048809819438,ssp370,mpi-esm1-2-hr
23,1973,71.06855404675241,ssp370,mpi-esm1-2-hr
24,1974,70.90915520161771,ssp370,mpi-esm1-2-hr
25,1975,69.69375228427488,ssp370,mpi-esm1-2-hr
26,1976,69.71217073481922,ssp370,mpi-esm1-2-hr
27,1977,69.9018269555642,ssp370,mpi-esm1-2-hr
28,1978,69.88425538853522,ssp370,mpi-esm1-2-hr
29,1979,70.04822809932213,ssp370,mpi-esm1-2-hr
30,1980,71.74757336364081,ssp370,mpi-esm1-2-hr
31,1981,71.71441963990458,ssp370,mpi-esm1-2-hr
32,1982,70.4858320303155,ssp370,mpi-esm1-2-hr
33,1983,69.35280533265073,ssp370,mpi-esm1-2-hr
34,1984,70.42369507371872,ssp370,mpi-esm1-2-hr
35,1985,72.24101839976808,ssp370,mpi-esm1-2-hr
36,1986,70.2827845602803,ssp370,mpi-esm1-2-hr
37,1987,70.4533353334582,ssp370,mpi-esm1-2-hr
38,1988,72.04394750125354,ssp370,mpi-esm1-2-hr
39,1989,71.3107354772891,ssp370,mpi-esm1-2-hr
40,1990,71.43237642175261,ssp370,mpi-esm1-2-hr
41,1991,71.26687229071314,ssp370,mpi-esm1-2-hr
42,1992,69.67617701155942,ssp370,mpi-esm1-2-hr
43,1993,69.3244521653671,ssp370,mpi-esm1-2-hr
44,1994,69.08888239047452,ssp370,mpi-esm1-2-hr
45,1995,69.6320282783731,ssp370,mpi-esm1-2-hr
46,1996,73.32416258672579,ssp370,mpi-esm1-2-hr
47,1997,72.69989904155345,ssp370,mpi-esm1-2-hr
48,1998,70.94280270368658,ssp370,mpi-esm1-2-hr
49,1999,71.04323961508682,ssp370,mpi-esm1-2-hr
50,2000,70.10259188367237,ssp370,mpi-esm1-2-hr
51,2001,71.39680219398073,ssp370,mpi-esm1-2-hr
52,2002,72.51444824196271,ssp370,mpi-esm1-2-hr
53,2003,73.29994215225516,ssp370,mpi-esm1-2-hr
54,2004,73.62791722815007,ssp370,mpi-esm1-2-hr
55,2005,72.64715651809558,ssp370,mpi-esm1-2-hr
56,2006,71.91398883232212,ssp370,mpi-esm1-2-hr
57,2007,71.34065860925624,ssp370,mpi-esm1-2-hr
58,2008,74.13078089246643,ssp370,mpi-esm1-2-hr
59,2009,74.11996379990795,ssp370,mpi-esm1-2-hr
60,2010,72.36104305697398,ssp370,mpi-esm1-2-hr
61,2011,71.21608444751527,ssp370,mpi-esm1-2-hr
62,2012,72.27829262615215,ssp370,mpi-esm1-2-hr
63,2013,71.56214909674453,ssp370,mpi-esm1-2-hr
64,2014,71.78214406571891,ssp370,mpi-esm1-2-hr
65,2015,72.94310947264741,ssp370,mpi-esm1-2-hr
66,2016,74.58653550750687,ssp370,mpi-esm1-2-hr
67,2017,72.09559392476294,ssp370,mpi-esm1-2-hr
68,2018,72.24755237555202,ssp370,mpi-esm1-2-hr
69,2019,73.17554418152645,ssp370,mpi-esm1-2-hr
70,2020,72.83192277484508,ssp370,mpi-esm1-2-hr
71,2021,74.89880124285729,ssp370,mpi-esm1-2-hr
72,2022,72.6945788425742,ssp370,mpi-esm1-2-hr
73,2023,73.58501761423108,ssp370,mpi-esm1-2-hr
74,2024,74.38975621337278,ssp370,mpi-esm1-2-hr
75,2025,72.52026169823148,ssp370,mpi-esm1-2-hr
76,2026,73.49699242834375,ssp370,mpi-esm1-2-hr
77,2027,73.56884841268611,ssp370,mpi-esm1-2-hr
78,2028,74.7514469552293,ssp370,mpi-esm1-2-hr
79,2029,73.63235886112828,ssp370,mpi-esm1-2-hr
80,2030,72.76959302548042,ssp370,mpi-esm1-2-hr
81,2031,73.95589710193839,ssp370,mpi-esm1-2-hr
82,2032,74.21457149894009,ssp370,mpi-esm1-2-hr
83,2033,73.60739678929659,ssp370,mpi-esm1-2-hr
84,2034,73.92769436640334,ssp370,mpi-esm1-2-hr
85,2035,73.63572647050957,ssp370,mpi-esm1-2-hr
86,2036,74.82762687159358,ssp370,mpi-esm1-2-hr
87,2037,73.7419469900803,ssp370,mpi-esm1-2-hr
88,2038,74.94314461250656,ssp370,mpi-esm1-2-hr
89,2039,73.82279765317094,ssp370,mpi-esm1-2-hr
90,2040,75.83899173969125,ssp370,mpi-esm1-2-hr
91,2041,74.47288846056918,ssp370,mpi-esm1-2-hr
92,2042,76.74715000614468,ssp370,mpi-esm1-2-hr
93,2043,73.85161074333895,ssp370,mpi-esm1-2-hr
94,2044,75.57715110797439,ssp370,mpi-esm1-2-hr
95,2045,77.137467673477,ssp370,mpi-esm1-2-hr
96,2046,75.99821679832854,ssp370,mpi-esm1-2-hr
97,2047,75.33094705141535,ssp370,mpi-esm1-2-hr
98,2048,74.74569469564742,ssp370,mpi-esm1-2-hr
99,2049,75.8296359046946,ssp370,mpi-esm1-2-hr
100,2050,74.67949347556609,ssp370,mpi-esm1-2-hr
101,2051,76.67696080365185,ssp370,mpi-esm1-2-hr
102,2052,75.70617671799204,ssp370,mpi-esm1-2-hr
103,2053,77.92653086923923,ssp370,mpi-esm1-2-hr
104,2054,76.74554762187667,ssp370,mpi-esm1-2-hr
105,2055,75.33308994264439,ssp370,mpi-esm1-2-hr
106,2056,74.87862500672834,ssp370,mpi-esm1-2-hr
107,2057,74.72504885307335,ssp370,mpi-esm1-2-hr
108,2058,75.96252075082552,ssp370,mpi-esm1-2-hr
109,2059,75.35599092169562,ssp370,mpi-esm1-2-hr
110,2060,76.85102881193626,ssp370,mpi-esm1-2-hr
111,2061,76.89010206684284,ssp370,mpi-esm1-2-hr
112,2062,77.10418721539885,ssp370,mpi-esm1-2-hr
113,2063,77.35670324192128,ssp370,mpi-esm1-2-hr
114,2064,77.45125470416947,ssp370,mpi-esm1-2-hr
115,2065,75.22020028563983,ssp370,mpi-esm1-2-hr
116,2066,77.78522310951013,ssp370,mpi-esm1-2-hr
117,2067,76.03107703861801,ssp370,mpi-esm1-2-hr
118,2068,78.60957122392422,ssp370,mpi-esm1-2-hr
119,2069,78.35489462548956,ssp370,mpi-esm1-2-hr
120,2070,77.8962293753103,ssp370,mpi-esm1-2-hr
121,2071,78.72472316203273,ssp370,mpi-esm1-2-hr
122,2072,76.95023637769921,ssp370,mpi-esm1-2-hr
123,2073,76.91241341233103,ssp370,mpi-esm1-2-hr
124,2074,77.32126313718176,ssp370,mpi-esm1-2-hr
125,2075,77.40368528720646,ssp370,mpi-esm1-2-hr
126,2076,77.15506183493756,ssp370,mpi-esm1-2-hr
127,2077,77.61406499503313,ssp370,mpi-esm1-2-hr
128,2078,78.37910198258608,ssp370,mpi-esm1-2-hr
129,2079,75.68118616399714,ssp370,mpi-esm1-2-hr
130,2080,76.3204969974008,ssp370,mpi-esm1-2-hr
131,2081,76.65749761139666,ssp370,mpi-esm1-2-hr
132,2082,77.43925511699497,ssp370,mpi-esm1-2-hr
133,2083,77.48233279019583,ssp370,mpi-esm1-2-hr
134,2084,78.68757536353019,ssp370,mpi-esm1-2-hr
135,2085,78.55107403380194,ssp370,mpi-esm1-2-hr
136,2086,79.41334420913697,ssp370,mpi-esm1-2-hr
137,2087,80.588530658024,ssp370,mpi-esm1-2-hr
138,2088,78.94897318346409,ssp370,mpi-esm1-2-hr
139,2089,79.42093055059308,ssp370,mpi-esm1-2-hr
140,2090,80.01826582789464,ssp370,mpi-esm1-2-hr
141,2091,82.79976730273209,ssp370,mpi-esm1-2-hr
142,2092,80.01045866109108,ssp370,mpi-esm1-2-hr
143,2093,78.55607451151111,ssp370,mpi-esm1-2-hr
144,2094,78.90697595920133,ssp370,mpi-esm1-2-hr
145,2095,79.74872754785669,ssp370,mpi-esm1-2-hr
146,2096,80.65328382919164,ssp370,mpi-esm1-2-hr
147,2097,81.02107079273678,ssp370,mpi-esm1-2-hr
148,2098,79.10932674896492,ssp370,mpi-esm1-2-hr
149,2099,81.02833270650339,ssp370,mpi-esm1-2-hr
150,2100,81.14545399744397,ssp370,mpi-esm1-2-hr
0,1950,69.76510685813817,ssp370,gfdl-esm4
1,1951,71.87965908313589,ssp370,gfdl-esm4
2,1952,71.17113038848541,ssp370,gfdl-esm4
3,1953,69.65318742819609,ssp370,gfdl-esm4
4,1954,70.34109087296868,ssp370,gfdl-esm4
5,1955,72.16505993562208,ssp370,gfdl-esm4
6,1956,70.74391441067115,ssp370,gfdl-esm4
7,1957,73.25004559393554,ssp370,gfdl-esm4
8,1958,70.83598269092315,ssp370,gfdl-esm4
9,1959,70.27577607321047,ssp370,gfdl-esm4
10,1960,70.64965406250286,ssp370,gfdl-esm4
11,1961,70.01474886941004,ssp370,gfdl-esm4
12,1962,68.91376101432989,ssp370,gfdl-esm4
13,1963,70.41352960775609,ssp370,gfdl-esm4
14,1964,70.32518341625509,ssp370,gfdl-esm4
15,1965,70.59191539373815,ssp370,gfdl-esm4
16,1966,70.33012898300582,ssp370,gfdl-esm4
17,1967,68.95745815887548,ssp370,gfdl-esm4
18,1968,69.03549237231783,ssp370,gfdl-esm4
19,1969,70.52521658350278,ssp370,gfdl-esm4
20,1970,69.74810989705263,ssp370,gfdl-esm4
21,1971,70.61819132642292,ssp370,gfdl-esm4
22,1972,69.91578098012353,ssp370,gfdl-esm4
23,1973,71.9615218474765,ssp370,gfdl-esm4
24,1974,71.24647487497681,ssp370,gfdl-esm4
25,1975,70.20533784395917,ssp370,gfdl-esm4
26,1976,70.31076710626117,ssp370,gfdl-esm4
27,1977,70.3584071829974,ssp370,gfdl-esm4
28,1978,71.01055815345983,ssp370,gfdl-esm4
29,1979,69.91468586791194,ssp370,gfdl-esm4
30,1980,72.16292371296943,ssp370,gfdl-esm4
31,1981,69.91910292523688,ssp370,gfdl-esm4
32,1982,70.89023099915792,ssp370,gfdl-esm4
33,1983,69.71821138461017,ssp370,gfdl-esm4
34,1984,70.44175930605,ssp370,gfdl-esm4
35,1985,70.03008376597151,ssp370,gfdl-esm4
36,1986,70.57920957015524,ssp370,gfdl-esm4
37,1987,69.95306742381194,ssp370,gfdl-esm4
38,1988,69.95840284777589,ssp370,gfdl-esm4
39,1989,70.0377081892015,ssp370,gfdl-esm4
40,1990,71.1955937483849,ssp370,gfdl-esm4
41,1991,72.15500478563254,ssp370,gfdl-esm4
42,1992,70.27565143675666,ssp370,gfdl-esm4
43,1993,70.10160386089387,ssp370,gfdl-esm4
44,1994,70.34586478345167,ssp370,gfdl-esm4
45,1995,71.75053510999115,ssp370,gfdl-esm4
46,1996,71.14864605521161,ssp370,gfdl-esm4
47,1997,69.91524787090921,ssp370,gfdl-esm4
48,1998,70.9378521547013,ssp370,gfdl-esm4
49,1999,71.89392510718504,ssp370,gfdl-esm4
50,2000,72.57657284197929,ssp370,gfdl-esm4
51,2001,71.91295109995104,ssp370,gfdl-esm4
52,2002,72.72104827918605,ssp370,gfdl-esm4
53,2003,71.52089023792634,ssp370,gfdl-esm4
54,2004,72.80996887493556,ssp370,gfdl-esm4
55,2005,72.6527971205846,ssp370,gfdl-esm4
56,2006,72.34299958928165,ssp370,gfdl-esm4
57,2007,71.27930616114286,ssp370,gfdl-esm4
58,2008,72.90216831906525,ssp370,gfdl-esm4
59,2009,71.66011812780235,ssp370,gfdl-esm4
60,2010,72.03050752515492,ssp370,gfdl-esm4
61,2011,72.471244755208,ssp370,gfdl-esm4
62,2012,71.46468535936148,ssp370,gfdl-esm4
63,2013,73.18063276181071,ssp370,gfdl-esm4
64,2014,73.22035302893336,ssp370,gfdl-esm4
65,2015,73.62059718247495,ssp370,gfdl-esm4
66,2016,72.73696675012572,ssp370,gfdl-esm4
67,2017,72.509526982837,ssp370,gfdl-esm4
68,2018,72.81489533576043,ssp370,gfdl-esm4
69,2019,73.3471408196776,ssp370,gfdl-esm4
70,2020,72.06252780030509,ssp370,gfdl-esm4
71,2021,72.25139186097005,ssp370,gfdl-esm4
72,2022,73.04591967757145,ssp370,gfdl-esm4
73,2023,73.57986454422219,ssp370,gfdl-esm4
74,2024,72.63161807862085,ssp370,gfdl-esm4
75,2025,73.9979438247531,ssp370,gfdl-esm4
76,2026,73.62652865895033,ssp370,gfdl-esm4
77,2027,73.12317392558074,ssp370,gfdl-esm4
78,2028,73.84293461849016,ssp370,gfdl-esm4
79,2029,72.43528010550062,ssp370,gfdl-esm4
80,2030,73.39173584432855,ssp370,gfdl-esm4
81,2031,73.08160122830833,ssp370,gfdl-esm4
82,2032,73.31912612509338,ssp370,gfdl-esm4
83,2033,73.34894230678663,ssp370,gfdl-esm4
84,2034,73.73948778112852,ssp370,gfdl-esm4
85,2035,73.12369927865055,ssp370,gfdl-esm4
86,2036,73.18903608646343,ssp370,gfdl-esm4
87,2037,73.2753606696438,ssp370,gfdl-esm4
88,2038,74.87666180685949,ssp370,gfdl-esm4
89,2039,74.27998435295756,ssp370,gfdl-esm4
90,2040,73.97164088493254,ssp370,gfdl-esm4
91,2041,74.51094947622622,ssp370,gfdl-esm4
92,2042,73.84291531615673,ssp370,gfdl-esm4
93,2043,74.40804088079382,ssp370,gfdl-esm4
94,2044,75.8515867001046,ssp370,gfdl-esm4
95,2045,74.08176921807068,ssp370,gfdl-esm4
96,2046,74.73848508699218,ssp370,gfdl-esm4
97,2047,74.77191864109743,ssp370,gfdl-esm4
98,2048,75.81005663984446,ssp370,gfdl-esm4
99,2049,75.17315779621383,ssp370,gfdl-esm4
100,2050,75.24463173012713,ssp370,gfdl-esm4
101,2051,74.67832696428799,ssp370,gfdl-esm4
102,2052,75.53487980120816,ssp370,gfdl-esm4
103,2053,73.13825024502088,ssp370,gfdl-esm4
104,2054,75.22999235250448,ssp370,gfdl-esm4
105,2055,75.22850214312547,ssp370,gfdl-esm4
106,2056,75.93898887672619,ssp370,gfdl-esm4
107,2057,75.72847586960636,ssp370,gfdl-esm4
108,2058,77.58443078943702,ssp370,gfdl-esm4
109,2059,74.25259719786148,ssp370,gfdl-esm4
110,2060,76.80948363783538,ssp370,gfdl-esm4
111,2061,76.49850746156373,ssp370,gfdl-esm4
112,2062,77.21234578535291,ssp370,gfdl-esm4
113,2063,77.05357801561667,ssp370,gfdl-esm4
114,2064,75.63559078306395,ssp370,gfdl-esm4
115,2065,76.82377210414795,ssp370,gfdl-esm4
116,2066,77.63494560408789,ssp370,gfdl-esm4
117,2067,77.60300902571514,ssp370,gfdl-esm4
118,2068,77.43414352713232,ssp370,gfdl-esm4
119,2069,78.07775528947421,ssp370,gfdl-esm4
120,2070,79.18503373794307,ssp370,gfdl-esm4
121,2071,79.60123753670719,ssp370,gfdl-esm4
122,2072,77.25212859658014,ssp370,gfdl-esm4
123,2073,76.22850543281886,ssp370,gfdl-esm4
124,2074,77.17337834274741,ssp370,gfdl-esm4
125,2075,77.2942368355673,ssp370,gfdl-esm4
126,2076,79.23235566662179,ssp370,gfdl-esm4
127,2077,77.94009243321145,ssp370,gfdl-esm4
128,2078,76.56109595804627,ssp370,gfdl-esm4
129,2079,77.81580682612066,ssp370,gfdl-esm4
130,2080,77.1707979610122,ssp370,gfdl-esm4
131,2081,77.89184460198695,ssp370,gfdl-esm4
132,2082,78.23304594939091,ssp370,gfdl-esm4
133,2083,79.08259864785472,ssp370,gfdl-esm4
134,2084,79.77587515698448,ssp370,gfdl-esm4
135,2085,78.14469207039117,ssp370,gfdl-esm4
136,2086,79.47472690211974,ssp370,gfdl-esm4
137,2087,77.19740030344992,ssp370,gfdl-esm4
138,2088,78.45930779227893,ssp370,gfdl-esm4
139,2089,79.37850973293827,ssp370,gfdl-esm4
140,2090,78.22993739044705,ssp370,gfdl-esm4
141,2091,79.33046613456537,ssp370,gfdl-esm4
142,2092,81.80146846881927,ssp370,gfdl-esm4
143,2093,79.86673175263401,ssp370,gfdl-esm4
144,2094,78.54124202273093,ssp370,gfdl-esm4
145,2095,79.70087994601842,ssp370,gfdl-esm4
146,2096,78.93685925326234,ssp370,gfdl-esm4
147,2097,79.45258250449405,ssp370,gfdl-esm4
148,2098,78.96158484826525,ssp370,gfdl-esm4
149,2099,79.15309965007889,ssp370,gfdl-esm4
150,2100,80.34304302009916,ssp370,gfdl-esm4
0,1950,70.0382688435422,ssp370,canesm5
1,1951,69.80884954336014,ssp370,canesm5
2,1952,69.82727128229618,ssp370,canesm5
3,1953,71.76628928371856,ssp370,canesm5
4,1954,71.2808641637862,ssp370,canesm5
5,1955,70.32645468259969,ssp370,canesm5
6,1956,69.77250650196001,ssp370,canesm5
7,1957,69.79726910712856,ssp370,canesm5
8,1958,72.58116503485172,ssp370,canesm5
9,1959,69.06743421944603,ssp370,canesm5
10,1960,68.28058427257473,ssp370,canesm5
11,1961,68.43030535804087,ssp370,canesm5
12,1962,70.86832061030698,ssp370,canesm5
13,1963,70.14906062134463,ssp370,canesm5
14,1964,68.0926844309056,ssp370,canesm5
15,1965,69.22558124289338,ssp370,canesm5
16,1966,68.99037377457185,ssp370,canesm5
17,1967,69.09234481241343,ssp370,canesm5
18,1968,71.28590020614483,ssp370,canesm5
19,1969,70.83789169704424,ssp370,canesm5
20,1970,70.30249885900534,ssp370,canesm5
21,1971,71.18100175076823,ssp370,canesm5
22,1972,68.3860014069761,ssp370,canesm5
23,1973,69.28458554500969,ssp370,canesm5
24,1974,70.51094332344702,ssp370,canesm5
25,1975,69.84912316590899,ssp370,canesm5
26,1976,69.40226160150348,ssp370,canesm5
27,1977,71.04492123802783,ssp370,canesm5
28,1978,70.03277966268945,ssp370,canesm5
29,1979,72.613061226686,ssp370,canesm5
30,1980,70.04211010297823,ssp370,canesm5
31,1981,70.12820536278916,ssp370,canesm5
32,1982,69.90107598283083,ssp370,canesm5
33,1983,69.6361312183162,ssp370,canesm5
34,1984,70.81067273429056,ssp370,canesm5
35,1985,70.75518818444236,ssp370,canesm5
36,1986,72.48934962858146,ssp370,canesm5
37,1987,70.54035180481577,ssp370,canesm5
38,1988,71.84555656728133,ssp370,canesm5
39,1989,71.66381593008211,ssp370,canesm5
40,1990,71.30046502354978,ssp370,canesm5
41,1991,70.52696853692089,ssp370,canesm5
42,1992,69.98820291289427,ssp370,canesm5
43,1993,70.62529816381576,ssp370,canesm5
44,1994,71.93529795433781,ssp370,canesm5
45,1995,73.22167735665045,ssp370,canesm5
46,1996,71.32135951072503,ssp370,canesm5
47,1997,72.48506619101606,ssp370,canesm5
48,1998,71.39411152153039,ssp370,canesm5
49,1999,72.24051835520089,ssp370,canesm5
50,2000,73.34209109741445,ssp370,canesm5
51,2001,71.90067441638483,ssp370,canesm5
52,2002,73.76565356283452,ssp370,canesm5
53,2003,71.56405427578694,ssp370,canesm5
54,2004,73.92775816950127,ssp370,canesm5
55,2005,72.26601579643767,ssp370,canesm5
56,2006,73.22268557887855,ssp370,canesm5
57,2007,73.49807771382694,ssp370,canesm5
58,2008,72.429912342215,ssp370,canesm5
59,2009,74.0595703252901,ssp370,canesm5
60,2010,72.3523458643327,ssp370,canesm5
61,2011,73.85143281983821,ssp370,canesm5
62,2012,73.64606643615419,ssp370,canesm5
63,2013,72.51004417907144,ssp370,canesm5
64,2014,74.07342800332187,ssp370,canesm5
65,2015,74.55449834062468,ssp370,canesm5
66,2016,76.94926584580176,ssp370,canesm5
67,2017,74.40373626112006,ssp370,canesm5
68,2018,73.14192268896595,ssp370,canesm5
69,2019,74.23305804075295,ssp370,canesm5
70,2020,74.67022790037619,ssp370,canesm5
71,2021,76.8702071529926,ssp370,canesm5
72,2022,74.57335340903995,ssp370,canesm5
73,2023,75.87154625224447,ssp370,canesm5
74,2024,77.67432495320558,ssp370,canesm5
75,2025,75.02174417798292,ssp370,canesm5
76,2026,75.29189478265452,ssp370,canesm5
77,2027,75.93608451817633,ssp370,canesm5
78,2028,75.51180079106692,ssp370,canesm5
79,2029,76.95537515251256,ssp370,canesm5
80,2030,77.038825756715,ssp370,canesm5
81,2031,76.59585196986096,ssp370,canesm5
82,2032,77.05133142486913,ssp370,canesm5
83,2033,75.55710114530322,ssp370,canesm5
84,2034,77.38772051163295,ssp370,canesm5
85,2035,77.68158839934364,ssp370,canesm5
86,2036,75.70128450952288,ssp370,canesm5
87,2037,78.2410023435528,ssp370,canesm5
88,2038,78.50549304278123,ssp370,canesm5
89,2039,77.67977089780679,ssp370,canesm5
90,2040,79.42514491659003,ssp370,canesm5
91,2041,77.91416869777629,ssp370,canesm5
92,2042,78.03065646621081,ssp370,canesm5
93,2043,77.39122157941625,ssp370,canesm5
94,2044,78.93167607684337,ssp370,canesm5
95,2045,78.85461873795602,ssp370,canesm5
96,2046,78.58154430438715,ssp370,canesm5
97,2047,77.73133768877919,ssp370,canesm5
98,2048,78.06541846233148,ssp370,canesm5
99,2049,78.50443672506206,ssp370,canesm5
100,2050,77.95404130294094,ssp370,canesm5
101,2051,77.64437701639491,ssp370,canesm5
102,2052,79.8638730792153,ssp370,canesm5
103,2053,79.89677004982785,ssp370,canesm5
104,2054,78.8469817123637,ssp370,canesm5
105,2055,80.73574179634737,ssp370,canesm5
106,2056,80.03021671912957,ssp370,canesm5
107,2057,80.20550977750396,ssp370,canesm5
108,2058,80.52222798191865,ssp370,canesm5
109,2059,79.68298054210125,ssp370,canesm5
110,2060,81.17204834848842,ssp370,canesm5
111,2061,80.46150563487544,ssp370,canesm5
112,2062,82.53467039109697,ssp370,canesm5
113,2063,81.50567376770196,ssp370,canesm5
114,2064,81.97064847292889,ssp370,canesm5
115,2065,80.62562999786194,ssp370,canesm5
116,2066,80.98476364495924,ssp370,canesm5
117,2067,79.42037214348825,ssp370,canesm5
118,2068,80.68938628518642,ssp370,canesm5
119,2069,81.5769495651952,ssp370,canesm5
120,2070,81.25995447562521,ssp370,canesm5
121,2071,80.81920094681652,ssp370,canesm5
122,2072,82.21605184541156,ssp370,canesm5
123,2073,80.53316123898612,ssp370,canesm5
124,2074,82.20005168227492,ssp370,canesm5
125,2075,82.09162116003584,ssp370,canesm5
126,2076,82.8999194639252,ssp370,canesm5
127,2077,82.90034129512244,ssp370,canesm5
128,2078,83.31711288593469,ssp370,canesm5
129,2079,83.17687384777712,ssp370,canesm5
130,2080,84.45033563999979,ssp370,canesm5
131,2081,82.86131127430589,ssp370,canesm5
132,2082,85.43643694516349,ssp370,canesm5
133,2083,83.10510559012111,ssp370,canesm5
134,2084,83.38615069414728,ssp370,canesm5
135,2085,83.83773134023998,ssp370,canesm5
136,2086,83.79156255955073,ssp370,canesm5
137,2087,84.01121044044207,ssp370,canesm5
138,2088,86.70134501650186,ssp370,canesm5
139,2089,84.49108468256522,ssp370,canesm5
140,2090,85.91450252267762,ssp370,canesm5
141,2091,83.86411296316108,ssp370,canesm5
142,2092,84.01232024505765,ssp370,canesm5
143,2093,86.00548511003976,ssp370,canesm5
144,2094,84.48559946397917,ssp370,canesm5
145,2095,86.07610579084579,ssp370,canesm5
146,2096,86.47812785520892,ssp370,canesm5
147,2097,84.04048455120662,ssp370,canesm5
148,2098,85.10896816212502,ssp370,canesm5
149,2099,86.07202435508876,ssp370,canesm5
150,2100,84.59010688634504,ssp370,canesm5
0,1950,71.09123855581254,ssp370,access-cm2
1,1951,69.12809023030191,ssp370,access-cm2
2,1952,70.26866470429363,ssp370,access-cm2
3,1953,69.67951248170559,ssp370,access-cm2
4,1954,71.42645605489572,ssp370,access-cm2
5,1955,69.87075178523851,ssp370,access-cm2
6,1956,72.5054949854769,ssp370,access-cm2
7,1957,71.12913180164071,ssp370,access-cm2
8,1958,70.50175443790042,ssp370,access-cm2
9,1959,70.19255348726816,ssp370,access-cm2
10,1960,70.43674020328771,ssp370,access-cm2
11,1961,70.79985108756708,ssp370,access-cm2
12,1962,71.1711790144388,ssp370,access-cm2
13,1963,69.68828866238297,ssp370,access-cm2
14,1964,70.28958356905271,ssp370,access-cm2
15,1965,69.17629591977501,ssp370,access-cm2
16,1966,68.9316054674391,ssp370,access-cm2
17,1967,70.84028556780798,ssp370,access-cm2
18,1968,69.80225736485984,ssp370,access-cm2
19,1969,71.02243447226938,ssp370,access-cm2
20,1970,70.03325069351587,ssp370,access-cm2
21,1971,69.00549718264054,ssp370,access-cm2
22,1972,69.30612426921844,ssp370,access-cm2
23,1973,70.18662129858767,ssp370,access-cm2
24,1974,69.08621687662884,ssp370,access-cm2
25,1975,69.92850461284579,ssp370,access-cm2
26,1976,69.62157737595719,ssp370,access-cm2
27,1977,70.06076563373242,ssp370,access-cm2
28,1978,72.15066778551167,ssp370,access-cm2
29,1979,71.48258383465965,ssp370,access-cm2
30,1980,70.57131409500604,ssp370,access-cm2
31,1981,71.21236575540513,ssp370,access-cm2
32,1982,69.95349837569108,ssp370,access-cm2
33,1983,70.29487566110127,ssp370,access-cm2
34,1984,71.96769319029974,ssp370,access-cm2
35,1985,71.14844325658981,ssp370,access-cm2
36,1986,70.65127701472713,ssp370,access-cm2
37,1987,69.83004090723318,ssp370,access-cm2
38,1988,70.66430007699739,ssp370,access-cm2
39,1989,71.52061361200452,ssp370,access-cm2
40,1990,72.01043063336462,ssp370,access-cm2
41,1991,70.24311828272269,ssp370,access-cm2
42,1992,69.96463505473093,ssp370,access-cm2
43,1993,70.55377394460433,ssp370,access-cm2
44,1994,70.12133528300919,ssp370,access-cm2
45,1995,69.91154493798655,ssp370,access-cm2
46,1996,70.73197093375997,ssp370,access-cm2
47,1997,72.49848624280219,ssp370,access-cm2
48,1998,71.38101176734003,ssp370,access-cm2
49,1999,71.37984496212106,ssp370,access-cm2
50,2000,72.83250531933916,ssp370,access-cm2
51,2001,73.41772952528055,ssp370,access-cm2
52,2002,72.3675148741275,ssp370,access-cm2
53,2003,72.58546291142943,ssp370,access-cm2
54,2004,72.12608997979412,ssp370,access-cm2
55,2005,71.62173181866186,ssp370,access-cm2
56,2006,73.23885086823027,ssp370,access-cm2
57,2007,73.04966654826534,ssp370,access-cm2
58,2008,71.39882014304548,ssp370,access-cm2
59,2009,73.17180682759277,ssp370,access-cm2
60,2010,72.7985776299343,ssp370,access-cm2
61,2011,71.56231652013831,ssp370,access-cm2
62,2012,73.93694235299603,ssp370,access-cm2
63,2013,75.55502091901612,ssp370,access-cm2
64,2014,73.2333599338257,ssp370,access-cm2
65,2015,73.27310725684818,ssp370,access-cm2
66,2016,74.20111048528439,ssp370,access-cm2
67,2017,74.59913093265088,ssp370,access-cm2
68,2018,75.29182322825282,ssp370,access-cm2
69,2019,73.21633322496552,ssp370,access-cm2
70,2020,73.86289445279263,ssp370,access-cm2
71,2021,74.52263599870312,ssp370,access-cm2
72,2022,74.01140546245676,ssp370,access-cm2
73,2023,72.5157008328329,ssp370,access-cm2
74,2024,73.3333526486248,ssp370,access-cm2
75,2025,77.13811254478105,ssp370,access-cm2
76,2026,73.96714677163321,ssp370,access-cm2
77,2027,74.8919177014633,ssp370,access-cm2
78,2028,74.89803517224546,ssp370,access-cm2
79,2029,77.40655762741594,ssp370,access-cm2
80,2030,75.45025213260136,ssp370,access-cm2
81,2031,76.44267805994717,ssp370,access-cm2
82,2032,74.36190792892852,ssp370,access-cm2
83,2033,76.58607836702342,ssp370,access-cm2
84,2034,76.76570049684784,ssp370,access-cm2
85,2035,76.17053822020502,ssp370,access-cm2
86,2036,77.5519967629184,ssp370,access-cm2
87,2037,75.88784974057877,ssp370,access-cm2
88,2038,77.1422672718346,ssp370,access-cm2
89,2039,76.91824313547096,ssp370,access-cm2
90,2040,77.19819641066066,ssp370,access-cm2
91,2041,76.60404497193962,ssp370,access-cm2
92,2042,77.41715373073087,ssp370,access-cm2
93,2043,76.86132679265631,ssp370,access-cm2
94,2044,77.59909645258038,ssp370,access-cm2
95,2045,76.62969218610587,ssp370,access-cm2
96,2046,77.9818971282163,ssp370,access-cm2
97,2047,77.73019082423137,ssp370,access-cm2
98,2048,77.31739748942623,ssp370,access-cm2
99,2049,76.3332021224482,ssp370,access-cm2
100,2050,77.50210361442362,ssp370,access-cm2
101,2051,78.7020729453313,ssp370,access-cm2
102,2052,78.78676877117489,ssp370,access-cm2
103,2053,78.49320121346,ssp370,access-cm2
104,2054,79.31474998648473,ssp370,access-cm2
105,2055,79.20937600203933,ssp370,access-cm2
106,2056,77.68814367783739,ssp370,access-cm2
107,2057,78.00005730410822,ssp370,access-cm2
108,2058,79.35403396702212,ssp370,access-cm2
109,2059,77.47035630410846,ssp370,access-cm2
110,2060,77.18602889484454,ssp370,access-cm2
111,2061,77.32975538353611,ssp370,access-cm2
112,2062,79.17834779925467,ssp370,access-cm2
113,2063,77.81340589505683,ssp370,access-cm2
114,2064,79.03670785925239,ssp370,access-cm2
115,2065,78.83222170999626,ssp370,access-cm2
116,2066,79.1237909602687,ssp370,access-cm2
117,2067,80.46638172785215,ssp370,access-cm2
118,2068,80.77928329000851,ssp370,access-cm2
119,2069,80.85177010890813,ssp370,access-cm2
120,2070,79.75759854434425,ssp370,access-cm2
121,2071,81.24672974427473,ssp370,access-cm2
122,2072,82.39425807727038,ssp370,access-cm2
123,2073,79.65197504691184,ssp370,access-cm2
124,2074,80.89028750520109,ssp370,access-cm2
125,2075,81.47815430117396,ssp370,access-cm2
126,2076,80.54294898875963,ssp370,access-cm2
127,2077,80.78735232243041,ssp370,access-cm2
128,2078,83.35116645021326,ssp370,access-cm2
129,2079,80.38145067458632,ssp370,access-cm2
130,2080,81.41502525525628,ssp370,access-cm2
131,2081,82.26745783617967,ssp370,access-cm2
132,2082,82.49445074187707,ssp370,access-cm2
133,2083,82.34106432477174,ssp370,access-cm2
134,2084,84.27042530354574,ssp370,access-cm2
135,2085,82.1537934164936,ssp370,access-cm2
136,2086,83.19184059015492,ssp370,access-cm2
137,2087,83.48141686353188,ssp370,access-cm2
138,2088,83.47507975552016,ssp370,access-cm2
139,2089,85.3245827740009,ssp370,access-cm2
140,2090,83.2651608797659,ssp370,access-cm2
141,2091,82.24188588126654,ssp370,access-cm2
142,2092,84.68631909243074,ssp370,access-cm2
143,2093,83.34257213413488,ssp370,access-cm2
144,2094,82.37432224114293,ssp370,access-cm2
145,2095,84.5247979187665,ssp370,access-cm2
146,2096,84.88822869873842,ssp370,access-cm2
147,2097,84.12081677944991,ssp370,access-cm2
148,2098,84.81035914719725,ssp370,access-cm2
149,2099,84.65108065452553,ssp370,access-cm2
150,2100,83.67388274895619,ssp370,access-cm2
0,1950,71.37433270866102,ssp370,ipsl-cm6a-lr
1,1951,70.11386478767122,ssp370,ipsl-cm6a-lr
2,1952,70.39971698103838,ssp370,ipsl-cm6a-lr
3,1953,71.3298789459295,ssp370,ipsl-cm6a-lr
4,1954,71.73505392858125,ssp370,ipsl-cm6a-lr
5,1955,69.93231455700277,ssp370,ipsl-cm6a-lr
6,1956,69.96085875186373,ssp370,ipsl-cm6a-lr
7,1957,69.22578319536115,ssp370,ipsl-cm6a-lr
8,1958,69.93780808999682,ssp370,ipsl-cm6a-lr
9,1959,70.636691347964,ssp370,ipsl-cm6a-lr
10,1960,71.11898880430589,ssp370,ipsl-cm6a-lr
11,1961,69.40975645827866,ssp370,ipsl-cm6a-lr
12,1962,70.96464181288319,ssp370,ipsl-cm6a-lr
13,1963,69.6965898592395,ssp370,ipsl-cm6a-lr
14,1964,69.58845039002283,ssp370,ipsl-cm6a-lr
15,1965,70.53097675479599,ssp370,ipsl-cm6a-lr
16,1966,70.44664177143119,ssp370,ipsl-cm6a-lr
17,1967,69.91177916503317,ssp370,ipsl-cm6a-lr
18,1968,69.70917428977874,ssp370,ipsl-cm6a-lr
19,1969,69.01311225580909,ssp370,ipsl-cm6a-lr
20,1970,70.02833783057062,ssp370,ipsl-cm6a-lr
21,1971,71.04802838201843,ssp370,ipsl-cm6a-lr
22,1972,69.07782821070509,ssp370,ipsl-cm6a-lr
23,1973,69.87086661487766,ssp370,ipsl-cm6a-lr
24,1974,69.03371466080016,ssp370,ipsl-cm6a-lr
25,1975,70.17152888850403,ssp370,ipsl-cm6a-lr
26,1976,70.02047276973336,ssp370,ipsl-cm6a-lr
27,1977,71.88016965066335,ssp370,ipsl-cm6a-lr
28,1978,70.59663504511188,ssp370,ipsl-cm6a-lr
29,1979,71.76174679139477,ssp370,ipsl-cm6a-lr
30,1980,69.29941398129941,ssp370,ipsl-cm6a-lr
31,1981,69.90489145983288,ssp370,ipsl-cm6a-lr
32,1982,70.17154279678536,ssp370,ipsl-cm6a-lr
33,1983,68.88908609446474,ssp370,ipsl-cm6a-lr
34,1984,71.3496920065379,ssp370,ipsl-cm6a-lr
35,1985,70.64530802445127,ssp370,ipsl-cm6a-lr
36,1986,71.92690709696988,ssp370,ipsl-cm6a-lr
37,1987,71.48317976297314,ssp370,ipsl-cm6a-lr
38,1988,72.01958935478294,ssp370,ipsl-cm6a-lr
39,1989,72.35946246853747,ssp370,ipsl-cm6a-lr
40,1990,72.46285591797877,ssp370,ipsl-cm6a-lr
41,1991,69.78675244055874,ssp370,ipsl-cm6a-lr
42,1992,71.30535788986282,ssp370,ipsl-cm6a-lr
43,1993,69.79508646608987,ssp370,ipsl-cm6a-lr
44,1994,70.75977823426616,ssp370,ipsl-cm6a-lr
45,1995,70.64925949934978,ssp370,ipsl-cm6a-lr
46,1996,70.55976994834975,ssp370,ipsl-cm6a-lr
47,1997,72.63379018699058,ssp370,ipsl-cm6a-lr
48,1998,72.31898083227983,ssp370,ipsl-cm6a-lr
49,1999,72.66688020107695,ssp370,ipsl-cm6a-lr
50,2000,70.9433642128581,ssp370,ipsl-cm6a-lr
51,2001,72.87319955425782,ssp370,ipsl-cm6a-lr
52,2002,71.36099918285417,ssp370,ipsl-cm6a-lr
53,2003,71.41235568900188,ssp370,ipsl-cm6a-lr
54,2004,72.0188113640744,ssp370,ipsl-cm6a-lr
55,2005,72.88645846055324,ssp370,ipsl-cm6a-lr
56,2006,71.7610541626712,ssp370,ipsl-cm6a-lr
57,2007,74.93277551258393,ssp370,ipsl-cm6a-lr
58,2008,71.81810270127437,ssp370,ipsl-cm6a-lr
59,2009,72.24419368754309,ssp370,ipsl-cm6a-lr
60,2010,73.86456092314845,ssp370,ipsl-cm6a-lr
61,2011,72.66652053913985,ssp370,ipsl-cm6a-lr
62,2012,73.2212219657148,ssp370,ipsl-cm6a-lr
63,2013,74.72627340685476,ssp370,ipsl-cm6a-lr
64,2014,73.93445782586112,ssp370,ipsl-cm6a-lr
65,2015,74.4532271306623,ssp370,ipsl-cm6a-lr
66,2016,72.47597991051913,ssp370,ipsl-cm6a-lr
67,2017,73.32698694021013,ssp370,ipsl-cm6a-lr
68,2018,73.83843839917213,ssp370,ipsl-cm6a-lr
69,2019,72.6606225855402,ssp370,ipsl-cm6a-lr
70,2020,72.61198137298182,ssp370,ipsl-cm6a-lr
71,2021,74.12417514968833,ssp370,ipsl-cm6a-lr
72,2022,74.79309962675704,ssp370,ipsl-cm6a-lr
73,2023,72.24768392496331,ssp370,ipsl-cm6a-lr
74,2024,73.64036136376926,ssp370,ipsl-cm6a-lr
75,2025,74.40324557084023,ssp370,ipsl-cm6a-lr
76,2026,74.76951488573943,ssp370,ipsl-cm6a-lr
77,2027,75.27838342606223,ssp370,ipsl-cm6a-lr
78,2028,73.98691661341168,ssp370,ipsl-cm6a-lr
79,2029,75.05744372618595,ssp370,ipsl-cm6a-lr
80,2030,74.59486131862607,ssp370,ipsl-cm6a-lr
81,2031,74.00221723695141,ssp370,ipsl-cm6a-lr
82,2032,73.80360912381295,ssp370,ipsl-cm6a-lr
83,2033,75.17519960962184,ssp370,ipsl-cm6a-lr
84,2034,73.96134678402797,ssp370,ipsl-cm6a-lr
85,2035,73.97029524473534,ssp370,ipsl-cm6a-lr
86,2036,75.1741036561484,ssp370,ipsl-cm6a-lr
87,2037,74.45397743523505,ssp370,ipsl-cm6a-lr
88,2038,74.4973921906736,ssp370,ipsl-cm6a-lr
89,2039,75.29634708942646,ssp370,ipsl-cm6a-lr
90,2040,75.75379758451234,ssp370,ipsl-cm6a-lr
91,2041,75.46757315470322,ssp370,ipsl-cm6a-lr
92,2042,76.82701662648617,ssp370,ipsl-cm6a-lr
93,2043,75.96739340850874,ssp370,ipsl-cm6a-lr
94,2044,75.1746401320135,ssp370,ipsl-cm6a-lr
95,2045,76.11348603033565,ssp370,ipsl-cm6a-lr
96,2046,76.1255379583864,ssp370,ipsl-cm6a-lr
97,2047,77.02834294684581,ssp370,ipsl-cm6a-lr
98,2048,77.78932987824332,ssp370,ipsl-cm6a-lr
99,2049,76.64459715127497,ssp370,ipsl-cm6a-lr
100,2050,74.82682900001802,ssp370,ipsl-cm6a-lr
101,2051,77.53324523557923,ssp370,ipsl-cm6a-lr
102,2052,74.9405449508738,ssp370,ipsl-cm6a-lr
103,2053,76.6568028980663,ssp370,ipsl-cm6a-lr
104,2054,76.64539336346725,ssp370,ipsl-cm6a-lr
105,2055,76.39297042284713,ssp370,ipsl-cm6a-lr
106,2056,77.78405986239629,ssp370,ipsl-cm6a-lr
107,2057,76.54230829346236,ssp370,ipsl-cm6a-lr
108,2058,76.82848155671898,ssp370,ipsl-cm6a-lr
109,2059,79.02905784352482,ssp370,ipsl-cm6a-lr
110,2060,78.93570055374077,ssp370,ipsl-cm6a-lr
111,2061,76.79785472097664,ssp370,ipsl-cm6a-lr
112,2062,77.46060721433452,ssp370,ipsl-cm6a-lr
113,2063,78.66201160365178,ssp370,ipsl-cm6a-lr
114,2064,77.42802943598487,ssp370,ipsl-cm6a-lr
115,2065,78.99779964201558,ssp370,ipsl-cm6a-lr
116,2066,78.11500314667458,ssp370,ipsl-cm6a-lr
117,2067,79.97810837798399,ssp370,ipsl-cm6a-lr
118,2068,79.54380206306084,ssp370,ipsl-cm6a-lr
119,2069,77.59125374678284,ssp370,ipsl-cm6a-lr
120,2070,79.54223726515984,ssp370,ipsl-cm6a-lr
121,2071,79.30157103472733,ssp370,ipsl-cm6a-lr
122,2072,79.76911903039048,ssp370,ipsl-cm6a-lr
123,2073,79.88169036766747,ssp370,ipsl-cm6a-lr
124,2074,80.62446256992766,ssp370,ipsl-cm6a-lr
125,2075,80.15730194544592,ssp370,ipsl-cm6a-lr
126,2076,80.2974719750162,ssp370,ipsl-cm6a-lr
127,2077,79.53808011570655,ssp370,ipsl-cm6a-lr
128,2078,80.19699804167024,ssp370,ipsl-cm6a-lr
129,2079,80.70833771760665,ssp370,ipsl-cm6a-lr
130,2080,83.21559017500215,ssp370,ipsl-cm6a-lr
131,2081,81.37911083292867,ssp370,ipsl-cm6a-lr
132,2082,79.29286611747756,ssp370,ipsl-cm6a-lr
133,2083,80.12399750614829,ssp370,ipsl-cm6a-lr
134,2084,81.21523037083274,ssp370,ipsl-cm6a-lr
135,2085,79.81001345578869,ssp370,ipsl-cm6a-lr
136,2086,82.1894669388599,ssp370,ipsl-cm6a-lr
137,2087,80.65423700515568,ssp370,ipsl-cm6a-lr
138,2088,82.7496301762713,ssp370,ipsl-cm6a-lr
139,2089,81.27793190799481,ssp370,ipsl-cm6a-lr
140,2090,81.84187578511379,ssp370,ipsl-cm6a-lr
141,2091,83.2444272810394,ssp370,ipsl-cm6a-lr
142,2092,81.64401366950675,ssp370,ipsl-cm6a-lr
143,2093,80.10656015035545,ssp370,ipsl-cm6a-lr
144,2094,82.2007401704203,ssp370,ipsl-cm6a-lr
145,2095,83.81806731617026,ssp370,ipsl-cm6a-lr
146,2096,84.67048974118009,ssp370,ipsl-cm6a-lr
147,2097,84.76225774525649,ssp370,ipsl-cm6a-lr
148,2098,83.55845961128439,ssp370,ipsl-cm6a-lr
149,2099,83.50480605395009,ssp370,ipsl-cm6a-lr
150,2100,84.20038324125682,ssp370,ipsl-cm6a-lr
0,1950,70.22899234562553,ssp370,mri-esm2-0
1,1951,71.27603492798026,ssp370,mri-esm2-0
2,1952,70.27443840954517,ssp370,mri-esm2-0
3,1953,72.19418121319197,ssp370,mri-esm2-0
4,1954,70.6716216205024,ssp370,mri-esm2-0
5,1955,70.12203065911805,ssp370,mri-esm2-0
6,1956,71.84998007392117,ssp370,mri-esm2-0
7,1957,72.17089450817919,ssp370,mri-esm2-0
8,1958,71.81513681559217,ssp370,mri-esm2-0
9,1959,69.10174929206502,ssp370,mri-esm2-0
10,1960,70.35362964588619,ssp370,mri-esm2-0
11,1961,70.87175087287056,ssp370,mri-esm2-0
12,1962,69.82097943458552,ssp370,mri-esm2-0
13,1963,70.34070669983376,ssp370,mri-esm2-0
14,1964,70.2125893268623,ssp370,mri-esm2-0
15,1965,68.7899013213402,ssp370,mri-esm2-0
16,1966,70.26995931940858,ssp370,mri-esm2-0
17,1967,70.49933987894211,ssp370,mri-esm2-0
18,1968,70.6867109990042,ssp370,mri-esm2-0
19,1969,70.37130008440587,ssp370,mri-esm2-0
20,1970,69.97838660662056,ssp370,mri-esm2-0
21,1971,69.95158259358018,ssp370,mri-esm2-0
22,1972,70.4648682746736,ssp370,mri-esm2-0
23,1973,70.80037451575629,ssp370,mri-esm2-0
24,1974,68.78058062786184,ssp370,mri-esm2-0
25,1975,69.33919175584356,ssp370,mri-esm2-0
26,1976,69.83412977757567,ssp370,mri-esm2-0
27,1977,71.84781252904243,ssp370,mri-esm2-0
28,1978,70.31514761102291,ssp370,mri-esm2-0
29,1979,70.25995587462198,ssp370,mri-esm2-0
30,1980,69.81246928439047,ssp370,mri-esm2-0
31,1981,70.66757310013172,ssp370,mri-esm2-0
32,1982,70.24632950612269,ssp370,mri-esm2-0
33,1983,70.58634186236311,ssp370,mri-esm2-0
34,1984,70.67964751563144,ssp370,mri-esm2-0
35,1985,70.82723047216165,ssp370,mri-esm2-0
36,1986,71.35153975897244,ssp370,mri-esm2-0
37,1987,70.39623350762506,ssp370,mri-esm2-0
38,1988,70.90863063307643,ssp370,mri-esm2-0
39,1989,70.9557715026735,ssp370,mri-esm2-0
40,1990,71.02602009825678,ssp370,mri-esm2-0
41,1991,69.74217280638392,ssp370,mri-esm2-0
42,1992,69.6031539537756,ssp370,mri-esm2-0
43,1993,70.86962814105787,ssp370,mri-esm2-0
44,1994,70.87224822729374,ssp370,mri-esm2-0
45,1995,71.95005747651665,ssp370,mri-esm2-0
46,1996,72.38728567386242,ssp370,mri-esm2-0
47,1997,70.76990970569435,ssp370,mri-esm2-0
48,1998,70.67790842595882,ssp370,mri-esm2-0
49,1999,70.99774997450493,ssp370,mri-esm2-0
50,2000,70.53921090246922,ssp370,mri-esm2-0
51,2001,72.09145302420502,ssp370,mri-esm2-0
52,2002,73.3829801057559,ssp370,mri-esm2-0
53,2003,72.29410238482458,ssp370,mri-esm2-0
54,2004,71.89930293264212,ssp370,mri-esm2-0
55,2005,71.69410806637096,ssp370,mri-esm2-0
56,2006,71.31886188859737,ssp370,mri-esm2-0
57,2007,72.03662209684175,ssp370,mri-esm2-0
58,2008,70.64035429038526,ssp370,mri-esm2-0
59,2009,71.79046994808401,ssp370,mri-esm2-0
60,2010,73.58258162459879,ssp370,mri-esm2-0
61,2011,74.5230931038589,ssp370,mri-esm2-0
62,2012,71.94715344602103,ssp370,mri-esm2-0
63,2013,72.36665021319475,ssp370,mri-esm2-0
64,2014,74.4342814270784,ssp370,mri-esm2-0
65,2015,73.69186432746264,ssp370,mri-esm2-0
66,2016,73.1475265769555,ssp370,mri-esm2-0
67,2017,72.2122027042153,ssp370,mri-esm2-0
68,2018,72.95603538119643,ssp370,mri-esm2-0
69,2019,73.40031866145495,ssp370,mri-esm2-0
70,2020,75.32949079330423,ssp370,mri-esm2-0
71,2021,72.52640278981052,ssp370,mri-esm2-0
72,2022,72.80010590520855,ssp370,mri-esm2-0
73,2023,74.20984067578311,ssp370,mri-esm2-0
74,2024,75.00178683132324,ssp370,mri-esm2-0
75,2025,73.8077490245642,ssp370,mri-esm2-0
76,2026,74.132864430101,ssp370,mri-esm2-0
77,2027,74.42948739496705,ssp370,mri-esm2-0
78,2028,75.25555274392177,ssp370,mri-esm2-0
79,2029,75.14881499744213,ssp370,mri-esm2-0
80,2030,73.62807971653156,ssp370,mri-esm2-0
81,2031,74.22276567917116,ssp370,mri-esm2-0
82,2032,74.17526864598565,ssp370,mri-esm2-0
83,2033,74.37954152695242,ssp370,mri-esm2-0
84,2034,74.54067036227787,ssp370,mri-esm2-0
85,2035,75.20587088190987,ssp370,mri-esm2-0
86,2036,73.775538216877,ssp370,mri-esm2-0
87,2037,74.66592715854783,ssp370,mri-esm2-0
88,2038,74.65754442368815,ssp370,mri-esm2-0
89,2039,75.44225902628136,ssp370,mri-esm2-0
90,2040,75.98302057940651,ssp370,mri-esm2-0
91,2041,75.41334537130481,ssp370,mri-esm2-0
92,2042,75.92954420638111,ssp370,mri-esm2-0
93,2043,74.85159404522054,ssp370,mri-esm2-0
94,2044,76.1228650408351,ssp370,mri-esm2-0
95,2045,76.5809716973525,ssp370,mri-esm2-0
96,2046,75.15573642524578,ssp370,mri-esm2-0
97,2047,76.18333061621561,ssp370,mri-esm2-0
98,2048,75.49428706602133,ssp370,mri-esm2-0
99,2049,75.38228339055523,ssp370,mri-esm2-0
100,2050,74.65947103063509,ssp370,mri-esm2-0
101,2051,76.45311496531212,ssp370,mri-esm2-0
102,2052,76.39670785504424,ssp370,mri-esm2-0
103,2053,76.73509163633526,ssp370,mri-esm2-0
104,2054,75.46636167756562,ssp370,mri-esm2-0
105,2055,76.6286975144282,ssp370,mri-esm2-0
106,2056,75.70404580042765,ssp370,mri-esm2-0
107,2057,75.24469106666645,ssp370,mri-esm2-0
108,2058,76.16339334586678,ssp370,mri-esm2-0
109,2059,76.8566797467538,ssp370,mri-esm2-0
110,2060,76.36893581033044,ssp370,mri-esm2-0
111,2061,76.42968531636117,ssp370,mri-esm2-0
112,2062,75.8030482829076,ssp370,mri-esm2-0
113,2063,78.37587073529265,ssp370,mri-esm2-0
114,2064,78.1948713445424,ssp370,mri-esm2-0
115,2065,77.59753726831642,ssp370,mri-esm2-0
116,2066,78.98623383025681,ssp370,mri-esm2-0
117,2067,77.81912488372105,ssp370,mri-esm2-0
118,2068,77.2193054519002,ssp370,mri-esm2-0
119,2069,76.58188151528626,ssp370,mri-esm2-0
120,2070,77.09873976459492,ssp370,mri-esm2-0
121,2071,77.76460872817502,ssp370,mri-esm2-0
122,2072,78.21452133463939,ssp370,mri-esm2-0
123,2073,77.49816771778093,ssp370,mri-esm2-0
124,2074,77.28667448551447,ssp370,mri-esm2-0
125,2075,77.94555058351136,ssp370,mri-esm2-0
126,2076,76.35565113639935,ssp370,mri-esm2-0
127,2077,76.94384697857667,ssp370,mri-esm2-0
128,2078,77.06590670380952,ssp370,mri-esm2-0
129,2079,78.09179081061434,ssp370,mri-esm2-0
130,2080,78.64664438891849,ssp370,mri-esm2-0
131,2081,77.66885362455398,ssp370,mri-esm2-0
132,2082,77.56114787557873,ssp370,mri-esm2-0
133,2083,78.30719785065197,ssp370,mri-esm2-0
134,2084,78.40293463307003,ssp370,mri-esm2-0
135,2085,79.76613562604278,ssp370,mri-esm2-0
136,2086,77.6215773024161,ssp370,mri-esm2-0
137,2087,78.01485465154765,ssp370,mri-esm2-0
138,2088,79.42452245213984,ssp370,mri-esm2-0
139,2089,78.97980654694064,ssp370,mri-esm2-0
140,2090,79.26564575328649,ssp370,mri-esm2-0
141,2091,78.49591036274063,ssp370,mri-esm2-0
142,2092,80.53731870827767,ssp370,mri-esm2-0
143,2093,78.3266128652486,ssp370,mri-esm2-0
144,2094,78.98717511535509,ssp370,mri-esm2-0
145,2095,79.6424372413905,ssp370,mri-esm2-0
146,2096,79.92471235835738,ssp370,mri-esm2-0
147,2097,78.7219808074864,ssp370,mri-esm2-0
148,2098,77.78592054034851,ssp370,mri-esm2-0
149,2099,79.21160286134722,ssp370,mri-esm2-0
150,2100,79.14822731455224,ssp370,mri-esm2-0
0,1950,71.0663140478405,ssp370,noresm2-mm
1,1951,71.47124724556095,ssp370,noresm2-mm
2,1952,71.06998032595169,ssp370,noresm2-mm
3,1953,70.59186730021119,ssp370,noresm2-mm
4,1954,70.14504484300595,ssp370,noresm2-mm
5,1955,70.4971368648843,ssp370,noresm2-mm
6,1956,72.18021654914148,ssp370,noresm2-mm
7,1957,70.29011459947422,ssp370,noresm2-mm
8,1958,69.70487975526763,ssp370,noresm2-mm
9,1959,71.17401695615263,ssp370,noresm2-mm
10,1960,70.28582915537882,ssp370,noresm2-mm
11,1961,72.81618706053347,ssp370,noresm2-mm
12,1962,71.71804193115763,ssp370,noresm2-mm
13,1963,71.3222274986798,ssp370,noresm2-mm
14,1964,70.264292244542,ssp370,noresm2-mm
15,1965,69.53387692917444,ssp370,noresm2-mm
16,1966,69.5040546289743,ssp370,noresm2-mm
17,1967,69.54090573399277,ssp370,noresm2-mm
18,1968,68.33685716391913,ssp370,noresm2-mm
19,1969,69.90799289561497,ssp370,noresm2-mm
20,1970,69.66324998469915,ssp370,noresm2-mm
21,1971,68.59469515719574,ssp370,noresm2-mm
22,1972,69.23339721896171,ssp370,noresm2-mm
23,1973,69.89113391844228,ssp370,noresm2-mm
24,1974,69.18444518589406,ssp370,noresm2-mm
25,1975,69.60326862129729,ssp370,noresm2-mm
26,1976,71.7776026762334,ssp370,noresm2-mm
27,1977,69.8402950795127,ssp370,noresm2-mm
28,1978,71.39972975026444,ssp370,noresm2-mm
29,1979,71.19671267371174,ssp370,noresm2-mm
30,1980,69.95860930947441,ssp370,noresm2-mm
31,1981,71.10649223618307,ssp370,noresm2-mm
32,1982,69.89005502438381,ssp370,noresm2-mm
33,1983,69.8817074944822,ssp370,noresm2-mm
34,1984,68.69986668395316,ssp370,noresm2-mm
35,1985,70.47299765404519,ssp370,noresm2-mm
36,1986,71.00763156053105,ssp370,noresm2-mm
37,1987,72.52580988150105,ssp370,noresm2-mm
38,1988,71.39875871309478,ssp370,noresm2-mm
39,1989,70.74371196978468,ssp370,noresm2-mm
40,1990,70.67612170615531,ssp370,noresm2-mm
41,1991,71.3685722915075,ssp370,noresm2-mm
42,1992,70.63668942979608,ssp370,noresm2-mm
43,1993,71.39969973926124,ssp370,noresm2-mm
44,1994,70.50039171867293,ssp370,noresm2-mm
45,1995,71.05400106395815,ssp370,noresm2-mm
46,1996,69.86425021869339,ssp370,noresm2-mm
47,1997,71.64344718421842,ssp370,noresm2-mm
48,1998,71.54921548347953,ssp370,noresm2-mm
49,1999,72.14425656203609,ssp370,noresm2-mm
50,2000,72.96149580430178,ssp370,noresm2-mm
51,2001,70.81077443366307,ssp370,noresm2-mm
52,2002,72.81113114227252,ssp370,noresm2-mm
53,2003,71.67536752179781,ssp370,noresm2-mm
54,2004,72.07717155010445,ssp370,noresm2-mm
55,2005,72.35030605174019,ssp370,noresm2-mm
56,2006,73.06185408898773,ssp370,noresm2-mm
57,2007,72.90640816780032,ssp370,noresm2-mm
58,2008,71.91152871712916,ssp370,noresm2-mm
59,2009,73.51035055242392,ssp370,noresm2-mm
60,2010,72.49929173516402,ssp370,noresm2-mm
61,2011,72.46281934096561,ssp370,noresm2-mm
62,2012,74.15833117824285,ssp370,noresm2-mm
63,2013,72.9212428554024,ssp370,noresm2-mm
64,2014,73.31324723427844,ssp370,noresm2-mm
65,2015,74.92162401063247,ssp370,noresm2-mm
66,2016,74.48297615108355,ssp370,noresm2-mm
67,2017,73.46475690383768,ssp370,noresm2-mm
68,2018,73.59192072091693,ssp370,noresm2-mm
69,2019,73.65172058735152,ssp370,noresm2-mm
70,2020,73.36910413479924,ssp370,noresm2-mm
71,2021,73.87606766038395,ssp370,noresm2-mm
72,2022,74.26736499727393,ssp370,noresm2-mm
73,2023,72.42762197579253,ssp370,noresm2-mm
74,2024,73.62982339997573,ssp370,noresm2-mm
75,2025,74.28193590337027,ssp370,noresm2-mm
76,2026,71.87999542188976,ssp370,noresm2-mm
77,2027,72.49972034854476,ssp370,noresm2-mm
78,2028,73.20369759877634,ssp370,noresm2-mm
79,2029,72.60774948694774,ssp370,noresm2-mm
80,2030,73.40175202389896,ssp370,noresm2-mm
81,2031,73.98372224791558,ssp370,noresm2-mm
82,2032,73.01776990456625,ssp370,noresm2-mm
83,2033,74.27926781084805,ssp370,noresm2-mm
84,2034,74.6730821035224,ssp370,noresm2-mm
85,2035,75.21017885583069,ssp370,noresm2-mm
86,2036,74.62316477976599,ssp370,noresm2-mm
87,2037,76.48160219127857,ssp370,noresm2-mm
88,2038,74.70034173757513,ssp370,noresm2-mm
89,2039,75.59719153341581,ssp370,noresm2-mm
90,2040,74.30888783007534,ssp370,noresm2-mm
91,2041,75.2791731154332,ssp370,noresm2-mm
92,2042,74.31641538465028,ssp370,noresm2-mm
93,2043,74.9548479113143,ssp370,noresm2-mm
94,2044,76.63859084437873,ssp370,noresm2-mm
95,2045,76.37484136369366,ssp370,noresm2-mm
96,2046,74.6446521828735,ssp370,noresm2-mm
97,2047,74.86164049627867,ssp370,noresm2-mm
98,2048,77.00300049143797,ssp370,noresm2-mm
99,2049,77.02292117974744,ssp370,noresm2-mm
100,2050,76.00393575008853,ssp370,noresm2-mm
101,2051,76.28972039700099,ssp370,noresm2-mm
102,2052,75.26085243193015,ssp370,noresm2-mm
103,2053,77.34842631738822,ssp370,noresm2-mm
104,2054,76.13281408455093,ssp370,noresm2-mm
105,2055,75.45939517159458,ssp370,noresm2-mm
106,2056,76.25287240801235,ssp370,noresm2-mm
107,2057,77.23414557039126,ssp370,noresm2-mm
108,2058,77.28752847863915,ssp370,noresm2-mm
109,2059,77.948367094116,ssp370,noresm2-mm
110,2060,75.68108624033155,ssp370,noresm2-mm
111,2061,78.30125871898339,ssp370,noresm2-mm
112,2062,76.9802032886429,ssp370,noresm2-mm
113,2063,78.21415280010798,ssp370,noresm2-mm
114,2064,77.49489804666904,ssp370,noresm2-mm
115,2065,76.73603013693109,ssp370,noresm2-mm
116,2066,77.19658409767595,ssp370,noresm2-mm
117,2067,79.03950431184924,ssp370,noresm2-mm
118,2068,78.15808840078459,ssp370,noresm2-mm
119,2069,79.42994727475559,ssp370,noresm2-mm
120,2070,77.56815984540813,ssp370,noresm2-mm
121,2071,78.80709526077041,ssp370,noresm2-mm
122,2072,77.28586780229561,ssp370,noresm2-mm
123,2073,77.79865272863744,ssp370,noresm2-mm
124,2074,78.66900942484652,ssp370,noresm2-mm
125,2075,78.07356818950214,ssp370,noresm2-mm
126,2076,76.13125498737293,ssp370,noresm2-mm
127,2077,79.29556300144796,ssp370,noresm2-mm
128,2078,78.83510667410091,ssp370,noresm2-mm
129,2079,77.42827177154744,ssp370,noresm2-mm
130,2080,78.81174476951848,ssp370,noresm2-mm
131,2081,79.82243986752465,ssp370,noresm2-mm
132,2082,79.98106198121849,ssp370,noresm2-mm
133,2083,79.50599605174935,ssp370,noresm2-mm
134,2084,79.63473772096587,ssp370,noresm2-mm
135,2085,80.62942724174555,ssp370,noresm2-mm
136,2086,79.30184503364812,ssp370,noresm2-mm
137,2087,80.10338433534857,ssp370,noresm2-mm
138,2088,80.88023599112772,ssp370,noresm2-mm
139,2089,78.19557460736345,ssp370,noresm2-mm
140,2090,80.34230029066579,ssp370,noresm2-mm
141,2091,80.3490150689504,ssp370,noresm2-mm
142,2092,80.01036862318807,ssp370,noresm2-mm
143,2093,80.73882134662698,ssp370,noresm2-mm
144,2094,80.3435880835213,ssp370,noresm2-mm
145,2095,82.19445833505584,ssp370,noresm2-mm
146,2096,80.90964238695273,ssp370,noresm2-mm
147,2097,80.53565352753188,ssp370,noresm2-mm
148,2098,82.37162838030589,ssp370,noresm2-mm
149,2099,80.39443088962932,ssp370,noresm2-mm
150,2100,81.7471799911045,ssp370,noresm2-mm
